cip_year,source_page,department,project_type,project_name,project_id,address_location,previous_appropriations,project_total,project_description,project_justification,year_2008,year_2009,year_2010,year_2011,year_2012,year_2013,year_2014,year_2015,year_2016,year_2017,year_2018,year_2019,start_year,end_year,computed_total,residual,validation_label
2008,75,Airports,Airports,Annual Allocation - Brown Field,31-001.1,Council District: 8; Community Plan: Otay Mesa,,1800000,"This annual allocation provides for capital improvements at Brown Field. The improvements are financed by the Airports Enterprise Fund, which may receive State and federal grants. Individual projects are recommended to the City Council based on the Master Plan for the airport and on the availability of funding. These improvements will not be impacted by the Brown Field Development Project.","This project may be used to provide matching local funds for capital improvement projects, which are supported by State and federal grants that require local financial participation, and to provide permanent public improvements for which no State and federal grant funding is available.",,1800000,,,,,,,,,,,2009,2009,1800000,0,
2008,76,Airports,Airports,Annual Allocation - Montgomery Field,31-001.0,Council District: 6; Community Plan: Kearny Mesa,,600000,"This annual allocation provides for capital improvements at Montgomery Field. The improvements are financed by the Airports Enterprise Fund, which may receive State and federal grants. Individual projects are recommended to the City Council based on the Master Plan for the airport and on the availability of funding.","This project may be used to provide matching local funds for capital improvement projects, which are supported by State and federal grants that require local financial participation, and to provide permanent public improvements for which no State and federal grant funding is available.",,600000,,,,,,,,,,,2009,2009,600000,0,
2008,77,Airports,Airports,Brown Field Airport Airfield Electrical System Upgrades Phase I,31-300.0,Council District: 8; Community Plan: Otay Mesa,1735381,1735381,This project provides for the design and construction of electrical system upgrades at the Brown Field Airport Airfield.,This project enhances airport safety.,0,0,0,0,0,0,0,0,0,0,0,0,,,1735381,0,
2008,78,Airports,Airports,Montgomery Field Airport Northwest Heliport,31-313.0,Council District: 6; Community Plan: Kearny Mesa,557674,1103760,This project provides for redesign of the heliport to address all environmental constraints which delayed the construction of the heliport under the previous design. The current design agreement with P&D (DMJM) will be amended to provide the additional design services. This heliport will meet the needs of airport users.,"Constructing the heliport will result in redefining helicopter flight patterns, reducing noise and flight over residential areas to the south of the airport.",0,0,273043,273043,0,0,0,0,0,0,0,0,2010,2011,1103760,0,
2008,81,City Comptroller,Communications,Enterprise Resource Planning System Core Project,92-000.0,Council District: Citywide; Community Plan: Citywide,21300000,29500000,This project provides for replacement of legacy software systems currently in use by City departments under the Office of the Chief Financial Officer (CFO) and Business and Support Services. The Enterprise Resource Planning (ERP) System will be used by all City departments for day-to-day business operations and human resource needs and is expected to support the City's information technology (IT) needs for the next 15 years.,"As identified in the Audit Committee's recommendation (Kroll Report), the major software systems being used by the departments under the Office of the Chief Financial Officer (CFO) and Business and Support Services no longer meet the City's requirements for responsible financial management, efficient human resources management, and IT operational efficiency. This includes the following major systems: AMRIS (General Ledger), ALVA (Financial Reporting), APIS (Accounts Payable), ARIS (Accounts Receivable), FMIS (Budgeting and Financial Management), FAMIS (Fixed Assest Management), OPIS (Purchasing), CAPPS (Payroll), and PATS (Applicant Tracking).",0,6825624,1374376,0,0,0,0,0,0,0,0,0,2009,2010,29500000,0,
2008,83,City Planning and Community Investment,Centre City Development Corporation,Annual Allocation - Downtown Parking Projects,39-803.0,"Council District: 2, 8; Community Plan: Centre City",,1500000,"This annual allocation provides funding to implement and facilitate projects and programs to maximize the use of existing parking resources. Parking management projects and programs include design and implementation of a ""Wayfinding"" program throughout downtown to place directional signs in the Downtown San Diego area, implementation of residential parking permits, and payment of debt service. These funds have also been pledged for the payment of 6th Avenue and Market Street, and 6th Avenue and K Street parking facilities.","The Redevelopment Plan of the Centre City Redevelopment Area calls for the elimination of blight in Centre City. The Redevelopment Plan was adopted on May 11, 1992 by Council Ordinance O-17767. The Parking Meter Revenue Allocation Policy (Council Policy 100-18) was adopted on March 4, 1997 and the Comprehensive Downtown Parking Plan was adopted on December 2, 1997.",,1500000,,,,,,,,,,,2009,2009,1500000,0,
2008,84,City Planning and Community Investment,Economic Development,Border Infrastructure Study (SB 207),39-235.0,Council District: 8; Community Plan: Otay Mesa,100000,200000,The project provides for a vision and an implementation strategy for infrastructure development in Otay Mesa. This is the first phase in establishing a Border Development Zone (a 30-year designation) as authorized by State legislation (SB 207). The study will identify the needed public infrastructure to enhance economic development along the U.S./Mexico border.,The study will identify the public infrastructure needed to support future industrial development in Otay Mesa. This is the first and necessary step in creating an infrastructure financing plan.,0,0,100000,0,0,0,0,0,0,0,0,0,2010,2010,200000,0,
2008,85,City Planning and Community Investment,Economic Development,City Heights/University Avenue - Streetscape Improvements,39-210.0,Council District: 3; Community Plan: Mid-City,1077495,1677495,"This project provides for public improvements along University Avenue in City Heights to improve deteriorated infrastructure, provide visual enhancements, and support commercial revitalization.",Individual projects are important components of the Mid-City Commercial Revitalization Program and the City Heights Redevelopment Plan.,0,0,600000,0,0,0,0,0,0,0,0,0,2010,2010,1677495,0,
2008,86,City Planning and Community Investment,Economic Development,Ray Street Improvements,39-084.0,Council District: 3; Community Plan: Greater North Park,125000,125000,"This project provides for sidewalk, curb and gutter replacement, trees, enhanced paving, street furniture, and identity signage on one block of Ray Street from University Avenue to North Park Way in the North Park Community.","This one-block area of Ray Street lies within the boundaries of the North Park Main Street Business Improvement District and the North Park Redevelopment Project Area. Due to the activism of the business owners on the street, this blighted area is being enhanced with facade improvements, a monthly gallery event and leasehold turnover consistent with the art-oriented theme of this small district. This project will add enhancements in the public right-of-way.",0,0,0,0,0,0,0,0,0,0,0,0,,,125000,0,
2008,87,City Planning and Community Investment,Facilities - Eng,Chollas Creek South Branch Phase One Implementation,37-446.0,"Council District: 4, 8; Community Plan: Mid-City, Barrio Logan, Southeastern San Diego",1262644,41656644,"This project provides for the Chollas Creek Enhancement Program, which builds upon long-standing City Council adopted policies to create a greater level of design guidance for future development related to wetland and upland restoration, channel reconstruction, trail systems and landscaping design, public art, an educational component and interpretive program, as well as long-term funding of improvements to the creek. The Enhancement Program identifies eight segments of the creek with recommendations and proposed projects for each segment.",The Chollas Creek Enhancement Program began in the 1970s with the identification of the creek's potential and guidelines being added to several community plans. The adoption of the Chollas Creek Enhancement Program in 2002 puts various guidelines from the below mentioned community plans into one document for better coordinated implementation. Long-term funding proposals relate to the six phases identified by the Enhancement Program with implementation to occur pursuant to funding availability.,0,394000,4000000,4000000,4000000,4000000,4000000,4000000,4000000,4000000,4000000,4000000,2009,2019,41656644,0,
2008,88,City Planning and Community Investment,Facilities - Eng,Multiple Species Conservation Program - Property Acquisition,37-443.0,Council District: Citywide; Community Plan: Citywide,14261050,14761050,This project provides for acquiring property in support of the Multiple Species Conservation Program (MSCP).,"The Multiple Species Conservation Program Implementing Agreement, Section 10(a), Take Authorization of the Endangered Species Act, mandates a statutory responsibility on the part of the City to assemble the MSCP preserve. This responsibility includes public land acquisition to be used for wildlife habitat.",0,0,500000,0,0,0,0,0,0,0,0,0,2010,2010,14761050,0,
2008,89,City Planning and Community Investment,Other Parks,Torrey Pines City Park General Development Plan,29-965.0,Council District: 1; Community Plan: University,500000,500000,"This project provides for the preparation of a General Development Plan for the 447.0 gross acre park located on North Torrey Pines Road. The General Development Plan will incorporate the Glider Port Leasehold and will provide guidance for the development and protection of the Park's beautiful and historic nature. Amenities may include passive use areas, access road and parking lot, children's play area, pedestrian/bicycle paths connecting to beach access, accessibility improvements, signage, site furnishings, and miscellaneous landscaping. Construction may be a component of this project and may begin once design is completed.","This project is required pursuant to a Settlement Agreement between the City and the Coastal Law Enforcement Action Network for violations resulting from unapproved on-site grading activities by the Lessee. Additionally, the park site is located in a community deficient in parks and recreational facilities per the City Progress Guide and General Plan Guidelines.",0,0,0,0,0,0,0,0,0,0,0,0,,,500000,0,
2008,93,Engineering & Capital Projects,Bikeways,54th Street and Euclid Avenue Bike Lanes and Route,58-179.0,"Council District: 4, 7; Community Plan: Southeastern San Diego, College Area",130000,130000,This project provides for the installation of Class II Bike Lanes on 54th Street between Trojan and Euclid Avenues and for Class III Bike Route signage and pavement markings along Euclid Avenue between 54th Street and Market Street.,This project will close a gap in bicycle routes between the College Area and Southeastern San Diego and its neighborhoods.,0,0,0,0,0,0,0,0,0,0,0,0,,,130000,0,
2008,94,Engineering & Capital Projects,Bikeways,Bayshore Bikeway,58-140.0,Council District: 8; Community Plan: Otay Mesa/Nestor,4658774,5195274,This project provides for constructing a Class I bikeway from the northern end of 13th Street to Main Street at the Interstate 5 interchange at the southeast corner of San Diego Bay.,This project completes the missing segment of the planned bike path around San Diego Bay from Point Loma to Coronado.,0,0,536500,0,0,0,0,0,0,0,0,0,2010,2010,5195274,0,
2008,95,Engineering & Capital Projects,Bikeways,Bicycle Safety and Commuting Education Program,58-167.0,Council District: Citywide; Community Plan: Citywide,1365994,1365994,"This project provides for a Bicycle Safety and Commuting Education Program. This program reaches out to school children, teachers, parents, law enforcement personnel, and others through school workshops and hands-on training. This project is funded by SANDAG.",This project is needed to continue the Bicycle Safety and Commuting Education Program for another year.,0,0,0,0,0,0,0,0,0,0,0,0,,,1365994,0,
2008,96,Engineering & Capital Projects,Bikeways,Camino del Rio North Bike Lanes,58-164.0,Council District: 6; Community Plan: Mission Valley,86000,416000,This project provides for the widening of Camino Del Rio North from State Route 15 crossing to Mission City Parkway to accommodate new bike lanes.,This project is needed to complete the missing bike lane segment on Camino Del Rio North.,0,0,330000,0,0,0,0,0,0,0,0,0,2010,2010,416000,0,
2008,97,Engineering & Capital Projects,Bikeways,City Bicycle Master Plan,58-153.0,Council District: Citywide; Community Plan: Citywide,125000,275000,"This project provides for documenting existing conditions and making recommendations for future bicycle facilities. It is an essential reference tool for updating community plan, and for use in reviewing development proposals and street improvement plans.","To facilitate grant fund appliations, a new Master Plan is required to update the existing 2002 Biclycle Master Plan.",0,150000,0,0,0,0,0,0,0,0,0,0,2009,2009,275000,0,
2008,98,Engineering & Capital Projects,Bikeways,Coastal Rail Trail,58-162.0,"Council District: 1; Community Plan: Torrey Pines, University",929038,22016138,"This project provides for a bikeway route between the San Diego-Del Mar city limit and Gilman Drive, generally in the existing San Diego Northern Railway right-of-way.","This project is part of a larger multi-jurisdictional project, which proposes a bikeway along the coast in the cities of Oceanside, Encinitas, Solana Beach, Carlsbad, Del Mar, and San Diego. It is intended to provide regional connectivity for both commuting bicylists and recreational activities.",0,0,2087100,19000000,0,0,0,0,0,0,0,0,2010,2011,22016138,0,
2008,99,Engineering & Capital Projects,Bikeways,Friars Road to Pacific Highway Bike Path,58-150.0,"Council District: 6; Community Plan: Linda Vista, Mission Valley",103121,728121,This project provides for designing and constructing a Class I bike path connecting Friars Road to Pacific Highway.,This project will provide shortcut access between the one-way Class II eastbound bike paths on Friars Road to a one-way Class II bike path northbound on the Pacific Highway bridge.,0,0,625000,0,0,0,0,0,0,0,0,0,2010,2010,728121,0,
2008,100,Engineering & Capital Projects,Bikeways,Kearny Villa Road Bike Lane Improvements,58-198.0,Council District: 6; Community Plan: Kearny Mesa,300000,300000,This project provides for the resurfacing and repair of damaged bicycle lanes on Kearny Villa Road between Miramar Way and State Route 163.,"The deteriorating asphalt in the bicycle lane causes bicyclists to ride close to the main travel lanes, where there are high volumes of high-speed traffic. This project will replace the existing bicycle lane with a newer, blue-colored asphalt that will be more durable and more visible.",0,0,0,0,0,0,0,0,0,0,0,0,,,300000,0,
2008,101,Engineering & Capital Projects,Bikeways,Minor Bicycle Facilities,58-204.0,Council District: Citywide; Community Plan: Citywide,,15000,This annual allocation provides for the installation of signage and pavement markings for Class II bike lanes or Class III bike routes at various locations throughout the City on an as-needed basis.,"Minor bicycle projects are too low-cost to compete for regional grant funding and rely on City funding for installation. This project will provide a funding source for small, low-cost bicycle projects.",,15000,,,,,,,,,,,2009,2009,15000,0,
2008,102,Engineering & Capital Projects,Bikeways,Mission Trails Bike Path Study,58-160.0,"Council District: 7; Community Plan: Mission Trails Regional Park, Navajo",100000,100000,"This project provides for a feasibility study of a Class I bike path between Zion Avenue and City Limits/City of Santee along the San Diego River. The feasibility study will devise several alternative alignments for the bike path, analyze the cost, determine environmental impacts, solicit community input, and consider other factors associated with each alternative.",This bike path is needed for the continuity of the bikeway system along the San Diego River in accordance with Navajo Community Plan.,0,0,0,0,0,0,0,0,0,0,0,0,,,100000,0,
2008,103,Engineering & Capital Projects,Bikeways,Ocean Beach Bike Path/Hotel Circle North Bikeway Design,58-156.0,"Council District: 2, 6; Community Plan: Mission Valley, Ocean Beach",2550000,2550000,"This project provides for Class I bike path to connect the existing Ocean Beach bike path (at its easterly end) to Hotel Circle North, along the south side of the San Diego River.",This bike path is needed as a critical connection for bicyclists in this area in accordance with the Mission Valley Community Plan.,0,0,0,0,0,0,0,0,0,0,0,0,,,2550000,0,
2008,104,Engineering & Capital Projects,Bikeways,Poway Road - Class I Bicycle Lane,58-089.0,Council District: 5; Community Plan: Sabre Springs,1293000,1293000,"This project provides for the construction of a Class I bicycle path (combined pedestrian and bicycle travel) easterly along the south side of Poway Road from the I-15 Poway Road interchange to Sabre Springs Parkway, approximately 1,950 feet in length. This project replaces the existing Class II bikeway located within the shoulder of Poway Road.","The Sabre Springs Community Plan encourges the development of a system of bikeways within the community, tying into the regional bicycle network.",0,0,0,0,0,0,0,0,0,0,0,0,,,1293000,0,
2008,105,Engineering & Capital Projects,Bikeways,Rose Creek Bikeway,58-147.0,"Council District: 2, 6; Community Plan: Mission Bay Park, Pacific Beach",1800000,5100000,This project provides for designing and constructing a pedestrian/bicycle bridge across Rose Creek and a paved Class I bike path to connect the westerly end of the new bridge to Pacific Beach Drive.,This project will close a gap in the existing network of bike paths and lanes in Mission Bay Park. The project will allow pedestrians and bicyclists to circumvent a much longer existing route along Grand Avenue.,0,0,3300000,0,0,0,0,0,0,0,0,0,2010,2010,5100000,0,
2008,106,Engineering & Capital Projects,Bikeways,Safety in Traffic Education Program (STEP),58-202.0,Council District: Citywide; Community Plan: Citywide,20000,20000,"This project provides for development of a public education campaign to promote safe use of streets by motorists, pedestrians, and bicyclists.","This project will result in a guide for a multi-media ad campaign to raise public awareness of the interactions of motorists, pedestrians, and bicyclists on City streets. Various aspects of the public education campaign will target specific elements of the traveling public. Additional funding will be required for campaign implementation.",0,0,0,0,0,0,0,0,0,0,0,0,,,20000,0,
2008,107,Engineering & Capital Projects,Bikeways,San Diego River Bike Path - Mission Trails to Mission Bay,52-781.0,"Council District: 6, 7; Community Plan: Mission Valley, Navajo",75000,75000,This project provides for various bikeway projects along the San Diego River Bike Path between Mission Trails Park and MIssion Bay.,"This project will provide an alternate to Old Town, Ocean Beach, Friars Road and Mission Gorge Road for bicyclists and pedestrians along the San Diego River and Navajo Community Plan.",0,0,0,0,0,0,0,0,0,0,0,0,,,75000,0,
2008,108,Engineering & Capital Projects,Bikeways,San Diego River Bike Path - Mission Valley,58-144.0,Council District: 6; Community Plan: Mission Valley,201500,201500,This project provides for various bikeway projects in the Mission Valley community.,"This project will provide various, as-needed bikeways for bicyclists and pedestrians for the Mission Valley Community.",0,0,0,0,0,0,0,0,0,0,0,0,,,201500,0,
2008,109,Engineering & Capital Projects,Bikeways,San Diego River Multi-Use Bicycle and Pedestrian Path,58-191.0,Council District: 6; Community Plan: Mission Valley,107999,827999,"This project provides for a Class I bicycle and pedestrian path under State Route 163 from Hazard Center Drive to Fashion Valley Mall on the north side of the San Diego River. The project includes a paved bicycle and pedestrian path, grading, fill, striping, signage, bollards, and lighting for the path including the State Route 163 undercrossing.",This project is part of the Bicycle Master Plan to guide the development and the creation of a firm foundation for a bicycle-friendly environment to serve bicyclists and pedestrians throughout the City. These improvements will benefit the community by increasing the mobility and safety through the enhancement of the bicycle path environment.,0,320000,400000,0,0,0,0,0,0,0,0,0,2009,2010,827999,0,
2008,110,Engineering & Capital Projects,Bikeways,State Route 15 Bikeway,58-127.0,Council District: 3; Community Plan: Mid-City,843868,1003868,This project provides for the construction of a Class I bikeway along State Route 15 from Landis Street to Adams Avenue.,This project provides the needed bikeway/bike path parallel with State Route 15 from Landis Street to Adams Avenue.,0,40000,120000,0,0,0,0,0,0,0,0,0,2009,2010,1003868,0,
2008,111,Engineering & Capital Projects,Bikeways,State Route 56 Bike Interchanges,58-171.0,"Council District: 1; Community Plan: Rancho Penasquitos, Pacific Highlands Ranch, Del Mar Mesa, Torrey Highlands, Black Mountain Ranch",1200000,11277000,"This project will provide for a bicycle path interchange and community connection points at Black Mtn. Rd., Cam. Del Sur, Rancho Del Sol Wy, and Torey Meadows Dr along State Route 56.",Bicyclists and pedestrians traveling the SR-56 bicycle path and needing to cross through the interchange areas have to contend with high volumes of conflicting vehicular traffic. This project will expedite the movements along the bicycle path through and connecting to the interchange areas.,0,1750000,7191432,605168,0,0,530400,0,0,0,0,0,2009,2014,11277000,0,
2008,112,Engineering & Capital Projects,Bikeways,Taylor Street - Bikeway,58-203.0,Council District: 2; Community Plan: Old San Diego,250000,250000,"This project provides for the replacement of a bicycle lane on Taylor Street between Presidio Drive and Hotel Circle South, adjacent to Presidio Park.","Erosion has caused the cliffside at this location to destabilize. Temporary barriers are in place to prevent additional rockslide onto Taylor Street; however, these barriers have eliminated the bicycle lane. This project will re-establish the bike lane.",0,0,0,0,0,0,0,0,0,0,0,0,,,250000,0,
2008,113,Engineering & Capital Projects,Bikeways,Traffic Safety and Education Program,58-201.0,Council District: Citywide; Community Plan: Citywide,50000,50000,"This project provides for 100 classes in bicycle safety, specifically tailored for commuters.",This project builds on the City's Smart Cycling and Bike to Work commuter education programs. The classes will focus on bicycle safety and route selection and can include components relative to specific employment locations. The project's ultimate goal is to increase bicycling as a viable commuting option.,0,0,0,0,0,0,0,0,0,0,0,0,,,50000,0,
2008,114,Engineering & Capital Projects,Bikeways,University Avenue at Alabama Street Bicycle and Pedestrian Safety Improvements,58-196.0,Council District: 3; Community Plan: Greater North Park,120000,120000,"This project provides for the restriping of University Avenue from east of Florida Street to the west side of Mississippi Street, including the two intersections of University Avenue at Alabama Street to provide a center refuge median and wider travel lanes to improve bicycle and pedestrian safety.","This project will provide for the removal of parking on both sides of the street and eliminate left turns in and out of both intersections of University Avenue and Alabama Street. In addition, the project will provide center refuge median and wider travel lanes to improve bicycle and pedestrian safety.",0,0,0,0,0,0,0,0,0,0,0,0,,,120000,0,
2008,115,Engineering & Capital Projects,Bikeways,Vista Sorrento Parkway Bike Lanes,58-157.0,"Council District: 1, 5; Community Plan: Mira Mesa, Torrey Pines",607500,607500,This project provides for the construction of bike lanes on Vista Sorrento Parkway between Sorrento Valley Boulevard and Lusk Boulevard by widening the existing roadway.,"Bicyclists along this section of Vista Sorrento Parkway currently must contend with heavy volumes and high speeds from vehicular traffic in common lanes. The proposed bike lanes will provide a separate venue for bicyclists to use, which is in accordance with the Torrey Pines and Mira Mesa Community Plans.",0,0,0,0,0,0,0,0,0,0,0,0,,,607500,0,
2008,116,Engineering & Capital Projects,Economic Development,El Cajon Boulevard Commercial Revitalization - Interstate 805 to 54th Street,39-209.0,"Council District: 3, 7; Community Plan: Greater North Park, Mid-City",2284087,2821279,"This project provides for streetscape improvements, which include sidewalk replacement, curb and gutter replacement, and the installation of street lights, along El Cajon Boulevard from Interstate 805 east to 54th Street.",The El Cajon Boulevard revitalization project has been a part of the Mid-City Commercial Revitalization Program as a Community Development Block Grant and TransNet funded activity. This project will continue the approved design along additional commercial blocks. The El Cajon Boulevard Maintenance Assessment District (MAD) Assessment Engineer's Report also identifies lighting as an improvement within the project area.,0,50000,487192,0,0,0,0,0,0,0,0,0,2009,2010,2821279,0,
2008,117,Engineering & Capital Projects,Economic Development,El Cajon Boulevard Median Improvements,39-234.0,Council District: 7; Community Plan: College Area,2060920,2220920,"This project provides for median improvements on El Cajon Boulevard. Phase I provides for landscape improvements on El Cajon Boulevard between 54th Street and 73rd Street (the City boundary with La Mesa). It will replace substandard curbs and asphalt-surfaced raised medians with new curbs and color stamped concrete. Phase II will install landscaping and irrigation. Enhancements may include street trees, shrubs, ground covers, automatic irrigation, enriched paving, signage and art work. The project also includes provisions for the installation of community area signs within the medians and a new traffic signal at the intersection of El Cajon Boulevard and Dayton Street.","Streetscape and landscape improvements on El Cajon Boulevard have been part of the commercial revitalization efforts of property owners, the business district and the City for more than ten years. The College Area Business Improvement District has adopted a Master Plan for their area that includes signage, public artwork, street trees, sidewalk replacements, enhanced paving, lighting and landscaping.",0,160000,0,0,0,0,0,0,0,0,0,0,2009,2009,2220920,0,
2008,118,Engineering & Capital Projects,Economic Development,North Park/University Avenue - Streetscape Improvements,39-207.0,Council District: 3; Community Plan: Greater North Park,2306500,2306500,This project provides for neighborhood identification signage and public improvements along University Avenue and adjacent streets in North Park.,"Public improvement and neighborhood identification are an important part of the revitalization project, which is a continuing effort to improve the economic base of the North Park community. This project will extend the existing demonstration block concept east and west of the completed phases at 30th Street and University Avenue.",0,0,0,0,0,0,0,0,0,0,0,0,,,2306500,0,
2008,119,Engineering & Capital Projects,Economic Development,Washington/Goldfinch Improvements,39-216.0,Council District: 2; Community Plan: Uptown,1700500,1800500,"This project provides for streetscape improvements on Washington Street between San Diego Avenue and Front Street, and on Goldfinch Street between University Avenue and Fort Stockton Drive.",The Mission Hills Community adopted the Washington Street Beautification Master Plan in Fiscal Year 1997. Streetscape improvements are being installed to revitalize the Mission Hills Business District.,0,100000,0,0,0,0,0,0,0,0,0,0,2009,2009,1800500,0,
2008,120,Engineering & Capital Projects,Facilities,Annual Allocation - ADA Improvements,37-064.0,Council District: Citywide; Community Plan: Citywide,,10960979,This project provides for City facilities improvements related to the Americans with Disability Act (ADA). Funding ADA obligation's is one of the Mayor's eight significant areas.,City facilities improvements related to ADA will allow greater access to City facilities for citizens with disabilities.,,10960979,,,,,,,,,,,2009,2009,10960979,0,
2008,121,Engineering & Capital Projects,Facilities - Eng,Annual Allocation - Undergrounding of City Utilities,37-028.0,Council District: Citywide; Community Plan: Citywide,,60000000,"This annual allocation provides for additional underground conversion projects to augment the California Public Utilities Commission (CPUC) Rule 20A projects as well as provides for the necessary administrative expenses, conversion of City-owned street lighting, and resurfacing of roadways associated with the undergrounding of utilities.","The CPUC mandates that local utility companies allocate funding for undergrounding of utilities at the direction of the local municipality. San Diego Gas and Electric, Pacific Bell and the cable television companies spend several million dollars annually to underground overhead facilities. The City must provide the utility companies with a priority listing of projects, aid coordination, establish underground utility districts and give informational support. Construction costs for undergrounding are paid by utility companies in accordance with Public Utilities Commission Decisions 73078, 820118 and Case 8209. If not provided with administrative support, millions of dollars of utility company construction money could go unused. Additional underground conversion projects are funded through the City Undergrounding Surcharge Fund. This fund is used solely for the undergrounding of utilities and cannot be used for other purposes.",,60000000,,,,,,,,,,,2009,2009,60000000,0,
2008,122,Engineering & Capital Projects,Facilities - Eng,City Administration Building Fire Protection and Life Safety Improvement,37-900.0,Council District: 2; Community Plan: Centre City,1198000,6198000,"This project provides for the installation of a fire sprinkler system and for upgrading the existing fire alarm system at the City Administration Building located at 202 C Street in Centre City. One component of the project is asbestos spot abatement. All work will be performed during non-working hours allowing the facility to remain occupied and operational during construction. Phase I provided for the installation of fire sprinklers on the 10th, 14th, and 15th floors. Phase II provided for the installation of eight-inch stand pipes and eight-inch basement lateral. Phase III provided for the installation of sprinklers in the remaining basement and on the 11th and 13th floors and a fire alarm system in the basement and on the 10th, 11th, and 13th floors. Included in Phase III was abatement of amosite ceiling tile on the 11th floor. Phase IV will provide for the installation of sprinklers and alarm system for the 1st through the 9th, and 12th floors. Spot asbestos abatement is not required on the 6th and 7th floors due to prior asbestos abatement.",This facility currently does not comply with Council Ordinance O-17172 requiring sprinkler retrofitting for high-rise buildings.,0,0,5000000,0,0,0,0,0,0,0,0,0,2010,2010,6198000,0,
2008,123,Engineering & Capital Projects,Facilities - Eng,Martin Luther King Junior Community Park - Recreation Center Roof Replacement,29-914.0,Council District: 4; Community Plan: Southeastern San Diego,0,180328,"This project provides for the replacement of approximately 11,000 square feet of asphalt concrete shingle roof at the Martin Luther King Junior Community Park Recreation Center.","This project provides for the necessary roof replacement to prevent further water damage, during inclimate weather, to the Martin Luther King Junior Community Park Recreation Center.",0,61000,119328,0,0,0,0,0,0,0,0,0,2009,2010,180328,0,
2008,124,Engineering & Capital Projects,Storm Drains/Flood Control,Famosa Slough Salt Marsh Restoration,12-152.0,Council District: 2; Community Plan: Peninsula,242000,288000,This project provides for 0.64 acres of tidal salt marsh habitat and associated upland buffer as mitigation for impacts to 0.1 acres of coastal salt marsh by the Sorrento West channel clearing project resulting from the El Nino storms of 1997. The mitigation site is located on the tidal channel that is north of West Point Loma Boulevard. The high area adjacent to an access road will be graded to the elevation of the existing salt marsh habitat and will be planted with salt marsh plant species.,"The 0.64 acre mitigation project in Famosa Slough is required by the Army Corps of Engineers, Coastal Commission, and California Department of Fish and Game permits and agreements. The Famosa Slough was chosen as the mitigation site because opportunities for coastal salt marsh mitigation in the Los Penasquitos Lagoon have been exhausted. This option utilizes an available, City-owned site within the Coastal Zone and is consistent with the 1993 Famosa Slough Enhancement Plan.",0,24000,22000,0,0,0,0,0,0,0,0,0,2009,2010,288000,0,
2008,125,Engineering & Capital Projects,Storm Drains/Flood Control,La Jolla Ecological Reserve Area of Special Biological Significance,12-160.0,Council District: 1; Community Plan: La Jolla,920000,920000,This project provides for diversion systems for the 17 storm drain system outfalls that discharge directly into the La Jolla Ecological Reserve Area of Special Biological Significance (ASBS 29).,This project will address the stringent storm drain discharge water quality standards requried by the California Ocean Plan's Areas of Special Biological Significance requirements in the La Jolla Shores area.,0,0,0,0,0,0,0,0,0,0,0,0,,,920000,0,
2008,126,Engineering & Capital Projects,Storm Drains/Flood Control,Storm Station N Improvements,12-127.0,Council District: 2; Community Plan: Mission Beach,1885666,2070666,This project provides for eliminating the submerged outfall and for relocating and/or modifying the existing control system at the storm water pumping station at Santa Clara Point in Mission Beach.,"This station has not operated reliably. This project will improve the reliability of the pump station, thus preventing potential flooding of City streets.",0,0,185000,0,0,0,0,0,0,0,0,0,2010,2010,2070666,0,
2008,127,Engineering & Capital Projects,Storm Drains/Flood Control,Talbot Street Slope,13-501.0,Council District: 2; Community Plan: Peninsula,460000,1316000,This project provides for the stabilization of the slope adjacent to Talbot Street at Martinez Street.,The winter storms of 2004 and 2005 eroded the steep slope adjacent to Talbot Street and threatened the houses at the top of the slope. This project is eligible for Federal Highways Adminstration (FHWA) reimbursement.,0,856000,0,0,0,0,0,0,0,0,0,0,2009,2009,1316000,0,
2008,128,Engineering & Capital Projects,Storm Drains/Flood Control,Tia Juana River Valley Channel Study,12-151.0,Council District: 8; Community Plan: Tia Juana River Valley,40000,40000,This project provides for the feasibility study relating to the Tia Juana River Valley pilot channel and to eliminate ponding in the channel.,"The study will investigate the feasibility of various improvements in the Tia Juana River Valley pilot channel, which will provide better accessibility to both pedestrians and equestrians. In addition, this study will examine the elimination of ponding in the channel.",0,0,0,0,0,0,0,0,0,0,0,0,,,40000,0,
2008,129,Engineering & Capital Projects,Storm Water Program,Beach Area Sewage Interception/Low Flow Storm Drain Diversion,12-124.0,"Council District: 1, 2; Community Plan: La Jolla, Pacific Beach",6468247,6468247,"This project provides for the beach area interception and diversion of sewer spills and storm drain low-flows. Federal grants are available for 55 percent of the construction costs for Phase II, which has 10 sites and Phase III, which has 11 sites. Sewer funds are available as City match for the construction of Phase II and the design and construction of Phase III.","This project provides for returning dry weather sewer overflows and low flow storm runoff to the sewer, preventing pollution in the beach areas.",0,0,0,0,0,0,0,0,0,0,0,0,,,6468247,0,
2008,130,Engineering & Capital Projects,Streets and Bridges,Laurel Street (Cabrillo) Bridge over Highway 163 - Structural Retrofit,53-061.0,Council District: 3; Community Plan: Balboa Park,420000,470000,"This project provides for the maintenance, rehabilitation, and seismic retrofitting of the Laurel Street (Cabrillo) Bridge over Highway 163.",This bridge has been identified by Caltrans as requiring maintenance and rehabilitation and is also seismically deficient.,0,50000,0,0,0,0,0,0,0,0,0,0,2009,2009,470000,0,
2008,131,Engineering & Capital Projects,Streets and Bridges,"34th and 35th at Madison Avenue - Curb, Gutter and Sidewalk (CD3 Sidewalk)",52-774.0,"Council District: 3; Community Plan: Mid-City, Uptown",60000,1260000,"This project provides for the reconstruction of the curb, gutter and sidewalk on 34th and 35th Streets from Adams Avenue to Madison Avenue, and on Madison Avenue from Felton Street to 35th Street.",This project is required in order to mitigate drainage problems and reduce flooding.,0,120000,480000,600000,0,0,0,0,0,0,0,0,2009,2011,1260000,0,
2008,132,Engineering & Capital Projects,Streets and Bridges,38th Street Improvements,52-782.0,Council District: 3; Community Plan: Mid-City,100000,3655246,"This project provides full street improvements on 38th Street from Dwight Street north to terminus. Improvements will include curb, gutter, driveways, sidewalk, pedestrian ramps, pavement, drainage facilities, angled on-street parking, etc. The improvements will comply with current local, state and federal safety and accessibility codes and regulations.",This portion of the road is currently unimproved. Street improvements are needed to comply with the City's design guides for the improvement of public right of way.,0,0,500000,3055246,0,0,0,0,0,0,0,0,2010,2011,3655246,0,
2008,133,Engineering & Capital Projects,Streets and Bridges,43rd Street and Logan/National Avenue Intersection,52-409.0,Council District: 4; Community Plan: Southeastern San Diego,3955511,11377886,"This project provides for realigning the intersection at 43rd Street and National Avenue. This project will make necessary traffic enhancements to handle the increased daily traffic associated with the residential, industrial and commercial development of the State Route 252 Corridor (approximately 66 acres).","This project is a major component in the development of the State Route 252 Corridor within the Southcrest Project. The street currently handles approximately 12,000 weekday trips. Once development on the corridor is complete, the number of trips will increase significantly. The Southeastern San Diego Community Plan recommends improvement to four lanes to handle the current capacity.",0,7422375,0,0,0,0,0,0,0,0,0,0,2009,2009,11377886,0,
2008,134,Engineering & Capital Projects,Streets and Bridges,62nd to 65th Street Channel Improvements,52-778.0,Council District: 4; Community Plan: Southeastern San Diego,75000,75000,This project will provides for the installation of an upgraded fence along the existing drainage channel between 62nd and 65th Streets.,This project is required in order to prevent unauthorized access to the drainage channel.,0,0,0,0,0,0,0,0,0,0,0,0,,,75000,0,
2008,135,Engineering & Capital Projects,Streets and Bridges,Aldine Drive and Fairmount Avenue - Slope Restoration,52-592.0,Council District: 3; Community Plan: Mid-City,584789,2409789,"This project provides for the evaluation, design and construction of slope stability improvements for two slope areas. The first area is Fairmount Avenue slope north of Meade Avenue and south of Aldine Drive. The second area is the Aldine Drive south slope between Fairmount Avenue and Adams Avenue.",The slope on the east side of Fairmount Avenue and south side of Aldine Drive is eroding and failing in some locations due to heavy winter rains.,0,1825000,0,0,0,0,0,0,0,0,0,0,2009,2009,2409789,0,
2008,136,Engineering & Capital Projects,Streets and Bridges,Alvarado Canyon Road Realignment,52-713.0,Council District: 7; Community Plan: Navajo,460000,4650000,"This project provides for the realignment of Alvarado Canyon Road from 380 feet east of the Fairmount Avenue and Camino Del Rio North intersection to the Fairmount Avenue and Mission Gorge Road intersection. Improvements for this two-lane collector street will include a structure over the existing concrete drainage channel, removal of some existing pavement, re-grading of affected private parcels and traffic signal modifications.","This project will improve the traffic flow at the Interstate 8, Fairmount Avenue and Mission Gorge Road interchange.",0,100000,0,4090000,0,0,0,0,0,0,0,0,2009,2011,4650000,0,
2008,137,Engineering & Capital Projects,Streets and Bridges,Annual Allocation - Bridge Rehabilitation - Citywide,52-519.0,Council District: Citywide; Community Plan: Citywide,,100000,This annual allocation provides for the City's match to grant funding for miscellaneous bridge rehabilitation projects.,This project maintains an ongoing program to promote safety within the public right-of-way. Funding is provided on an as-needed basis.,,100000,,,,,,,,,,,2009,2009,100000,0,
2008,138,Engineering & Capital Projects,Streets and Bridges,Annual Allocation - Debt Service for TransNet Commercial Paper Funded Projects,52-683.0,Council District: Citywide; Community Plan: Citywide,,142188,This annual allocation provides for debt service on TransNet Commercial Paper funded projects.,Debt service payments for TransNet Commercial Paper issuances are required annually.,,142188,,,,,,,,,,,2009,2009,142188,0,
2008,139,Engineering & Capital Projects,Streets and Bridges,Annual Allocation - Median Installation,52-808.0,Council District: Citywide; Community Plan: Citywide,,300000,This annual allocation provides for the installation of medians citywide.,This project provides median installation for safety improvement or left-turn movements.,,300000,,,,,,,,,,,2009,2009,300000,0,
2008,140,Engineering & Capital Projects,Streets and Bridges,Annual Allocation - Preliminary Engineering for Congestion Relief Projects,59-023.0,Council District: Citywide; Community Plan: Citywide,,1175956,"This annual allocation provides funding for the planning and preliminary design work for potential future transportation projects submitted by City Council, , City departments, constituents, and other agencies.","This project funds required work by City staff to evaluate, plan and perform preliminary design as requested.",,1175956,,,,,,,,,,,2009,2009,1175956,0,
2008,141,Engineering & Capital Projects,Streets and Bridges,Annual Allocation - Sidewalks - Citywide,52-715.0,Council District: Citywide; Community Plan: Citywide,,350000,This annual allocation provides for the construction of sidewalks at locations where none exist in order to provide safe routes for pedestrians and to provide access routes for school children.,There are streets that are lacking sidewalks for various reasons. This project provides permanent sidewalks along streets in areas where children are required to walk to school and contributes to the City's ongoing efforts to promote safety in the public right-of-way.,,350000,,,,,,,,,,,2009,2009,350000,0,
2008,142,Engineering & Capital Projects,Streets and Bridges,Annual Allocation - Transporation Grant Matches,59-021.0,Council District: Citywide; Community Plan: Citywide,,935000,This annual allocation provides funding for matching fund obligations for various types of transportation grants. Grants may require City matching funds as a condition of approval.,"In order to qualify for future additional grant funds, the city may be required to ensure that matching funds are available.",,935000,,,,,,,,,,,2009,2009,935000,0,
2008,143,Engineering & Capital Projects,Streets and Bridges,Azalea Park Roadway Improvements and Neighborhood Identification,39-086.0,Council District: 3; Community Plan: Mid-City,302432,562432,"This project provides for the construction of new vehicular and pedestrian improvements, including raised medians, sidewalks and curb ramps, enhanced crosswalks and curb-extensions, (which are to be funded by Development Impact Fees), neighborhood identification signs (which are to be funded by Community Development Block Grants), and seating areas. This project is part of a community revitalization effort outlined in the Azalea Park-Hollywood Park Revitalization Action Program. The specific locations of this portion of the project are the intersections of Poplar Street and Fairmount Avenue and Poplar Street and Tulip Street.","These improvements will benefit the community by increasing safety, improving the flow of traffic, enhancing pedestrian access, and promoting community identification.",0,50000,210000,0,0,0,0,0,0,0,0,0,2009,2010,562432,0,
2008,144,Engineering & Capital Projects,Streets and Bridges,Balboa Avenue Corridor Improvements,52-274.0,"Council District: 6; Community Plan: Kearny Mesa, Clairemont Mesa",3147011,3147011,"This project provides for improvements to the former State Route 274, which is Balboa Avenue. This project is divided into two phases. Phase I begins at Interstate 5 and ends at Interstate 805. Phase II begins at Interstate 805 and ends at Interstate 15. Improvements to both phases consist of roadway widening, construction of new curbs, gutters, and sidewalks, reconstruction of existing sidewalks and medians, installation of a new traffic signal(s), modification of existing traffic signals, and new bicycle routes.",This project is funded by a state contribution agreement as part of the relinquishment of State Route 274 to the City of San Diego.,0,0,0,0,0,0,0,0,0,0,0,0,,,3147011,0,
2008,145,Engineering & Capital Projects,Streets and Bridges,Bird Rock Coastal Traffic Flow Improvements,52-717.0,Council District: 1; Community Plan: La Jolla,5583039,5583039,This project provides traffic calming measures to reduce speed and improve safety and walkability on La Jolla Boulevard. The project includes three modern roundabouts on La Jolla Boulevard and three mini roundabouts on connecting residential streets. La Jolla Boulevard will be reduced from four to two lanes. The project also includes 20 additional traffic calming measures on connecting residential streets.,"This project will reduce traffic speed and improve traffic flow and safety on La Jolla Boulevard. The project also reduces speed and minimizes traffic on surrounding area streets. This project is in accordance with the La Jolla Public Facilities Financing Plan, Project T-13.",0,0,0,0,0,0,0,0,0,0,0,0,,,5583039,0,
2008,146,Engineering & Capital Projects,Streets and Bridges,Bridge Preventative Maintenance Assessment Program,53-062.0,Council District: Citywide; Community Plan: Citywide,252000,252000,"This project provides for the development of bridge preventive maintenance assessments. It will provide an evaluation of 318 existing vehicular bridges, analyze current industry practices, and determine the cost benefits of program implementation.",Bridges identified in this assessment will be considered for participation in a future preventive maintenance construction contract.,0,0,0,0,0,0,0,0,0,0,0,0,,,252000,0,
2008,147,Engineering & Capital Projects,Streets and Bridges,"Camino del Sur - Carmel Mountain Road to 1,600 Feet North of Park Village Road",52-653.0,"Council District: 1; Community Plan: Rancho Penasquitos, Torrey Highlands",8290367,10625000,"This project provides for the construction of Camino del Sur (formerly Camino Ruiz) as a four-lane major street with Class II bicycle lanes from Carmel Mountain Road to 1,600 feet north of Park Village Road.",Camino del Sur is the major street connecting the southwest corner of Rancho Penasquitos to the future Carmel Mountain Road extension and to State Route 56.,0,1509633,825000,0,0,0,0,0,0,0,0,0,2009,2010,10625000,0,
2008,148,Engineering & Capital Projects,Streets and Bridges,Camino del Sur - Widen to Six Lanes Northerly of State Route 56,52-725.0,Council District: 1; Community Plan: Torrey Highlands,9715000,13364810,This project provides for the construction of Camino del Sur between State Route 56 and Carmel Valley Road as a two-lane interim roadway (40-foot paved width) within the right-of-way for a future six-lane facility. Additional lanes may be required in the immediate vicinity of the interchange. This project will be constructed by the developer who will be reimbursed.,This project will accommodate the increase in vehicular traffic caused by development in the area and is funded by development within Torrey Highlands.,0,3649810,0,0,0,0,0,0,0,0,0,0,2009,2009,13364810,0,
2008,149,Engineering & Capital Projects,Streets and Bridges,"Camino del Sur, San Dieguito Road to Carmel Valley Road - Street Improvements",52-403.0,"Council District: 1; Community Plan: Torrey Highlands, Black Mountain Ranch",21997448,27327448,"This project provides for reimbursement to a developer for the design and construction of Camino del Sur between San Dieguito Road south to Carmel Valley Road as a two-lane interim facility within a six-lane right-of way. It also provides a wildlife undercrossing, traffic signals and intersection widening at San Dieguito Road, B Street and Carmel Valley Road. A second phase of the project will construct two additional lanes on Camino del Sur from San Dieguito Road southward to Carmel Valley Road and modify the traffic signals accordingly. The developer will advance funding for this project and be reimbursed.","This project is in accordance with the Black Mountain Ranch Public Facilities Financing Plan, Projects T-9 and T-10, and the Torrey Highlands Public Facilities Financing Plan, Project T-2.4.",0,5330000,0,0,0,0,0,0,0,0,0,0,2009,2009,27327448,0,
2008,150,Engineering & Capital Projects,Streets and Bridges,Camino Ruiz - Gold Coast Drive to Jade Coast and Miralani Drive to Miramar Road,52-389.0,Council District: 5; Community Plan: Mira Mesa,23151,7800000,"This project provides for widening Camino Ruiz from Gold Coast Drive to the east leg of Jade Coast Road and from the northern most boundaries of Miralani Business Park to Miramar Road, widening Camino Ruiz to a modified six-lane major street/primary arterial. The project includes Class II bike lanes between Mira Mesa Boulevard and Gold Coast Drive and within the project limits. See Project Number 10 in the Mira Mesa Public Facilities Financing Plan.",Widening this portion of Camino Ruiz will accommodate increased vehicular traffic generated by the Mira Mesa Community.,0,0,0,50000,976849,6750000,0,0,0,0,0,0,2011,2013,7800000,0,
2008,151,Engineering & Capital Projects,Streets and Bridges,"Camino Ruiz, Santaluz to Camino del Norte - Street Improvements",52-401.0,Council District: 1; Community Plan: Black Mountain Ranch,14966670,14966670,This project provides for reimbursement to a developer for the design and construction of Camino Ruiz between Santaluz and Camino del Norte.,"This project is in accordance with the Black Mountain Ranch Public Facilities Financing Plan, Project T-5.",0,0,0,0,0,0,0,0,0,0,0,0,,,14966670,0,
2008,152,Engineering & Capital Projects,Streets and Bridges,"Camino Ruiz, Santaluz to Resort Street - Wildlife Crossing",52-402.0,Council District: 1; Community Plan: Black Mountain Ranch,5193235,5193235,This project provides for reimbursement to a developer for the design and construction of wildlife crossings along Camino Ruiz between Santaluz and Resort Street.,"This project is in accordance with the Black Mountain Ranch Public Facilities Financing Plan, Project T-7.",0,0,0,0,0,0,0,0,0,0,0,0,,,5193235,0,
2008,153,Engineering & Capital Projects,Streets and Bridges,Carmel Mountain Road - Interstate 5 Interchange,52-424.0,Council District: 1; Community Plan: Carmel Valley,17800000,17800000,This project provides for a diamond interchange at Interstate 5 and Carmel Mountain Road. The design and construction will be completed by Caltrans. The project will be City-funded by Council-approved agreement.,This interchange is needed to accommodate the increase in vehicular traffic created by development in the communities of Carmel Valley and Sorrento Hills. See Project Number 16 in the Carmel Valley Public Facilities Financing Plan.,0,0,0,0,0,0,0,0,0,0,0,0,,,17800000,0,
2008,154,Engineering & Capital Projects,Streets and Bridges,Carmel Mountain Road - Neighborhood 10 Boundary to Del Mar Mesa Road,52-411.0,Council District: 1; Community Plan: Del Mar Mesa,5387000,7187000,"This project provides for the construction of Carmel Mountain Road as a two lane collector street from the Carmel Valley Neighborhood easterly boundary to Little McGonigle Ranch Road (formerly Del Mar Mesa Road). The 4,050 linear feet of half-width road (FBA funded) which traverses open space will be 40-foot/62-foot. Also included as part of this project is a wildlife crossing under Carmel Mountain Road. The remainder (sub-divider funded) will be both 40-foot/62-foot and 50-foot/72-foot and will include left-turn lanes at intersections and major driveways as needed. A multi-use trail will be constructed as part of this project along the entire project length.",This project is required to accommodate the additional traffic generated as a result of development in Del Mar Mesa.,0,900000,900000,0,0,0,0,0,0,0,0,0,2009,2010,7187000,0,
2008,155,Engineering & Capital Projects,Streets and Bridges,Carmel Valley Road - 300 Feet East of Portofino Drive to Del Mar,52-517.0,Council District: 1; Community Plan: Torrey Pines,8849641,9044641,"This project provides for improving Carmel Valley Road to a modified two-lane collector street from 300 feet east of Portofino Drive to the Del Mar city limits. The improvements include construction of curb, gutter, sidewalks and drainage improvements as well as construction of a Class II bicycle lane on both sides of Carmel Valley Road.",This project will improve traffic flow and turning movements on this roadway and provide bike paths on Carmel Valley Road.,0,120000,25000,25000,25000,0,0,0,0,0,0,0,2009,2012,9044641,0,
2008,156,Engineering & Capital Projects,Streets and Bridges,Carmel Valley Road - Four/Six lanes southerly of Street A,52-733.0,"Council District: 1; Community Plan: Pacific Highlands Ranch, Torrey Highlands",1528115,4628115,"This project provides for the design and construction of Carmel Valley Road from the Camino Santa Fe Interchange to Pacific Highlands Ranch Parkway as a six-lane facility within a 146 foot right-of-way transitioning to a four lane facility within a 122 foot right-of-way (4,000 linear feet). The expanded right-of-way will permit widening of up to 24 additional feet for a future transit oriented facility. In the interim, these two lanes shall be landscaped and incorporated into the center median improvements. See Project T-4.2 and Torrey Highlands Public Facilities Financing Plan Project T-4.5.","Due to anticipated traffic volumes on Carmel Valley Road, the portion between SR-56 and Del Mar Heights Road will be constructed as a six lane facility, in two phases, as required by the Transportation Phasing Plan.",0,1300000,0,0,0,0,1800000,0,0,0,0,0,2009,2014,4628115,0,
2008,157,Engineering & Capital Projects,Streets and Bridges,Carmel Valley Road - Street A to Neighborhood Parkway,52-747.0,Council District: 1; Community Plan: Pacific Highlands Ranch,4368800,11768800,"This project provides for design and construction of Carmel Valley Road from Street ""A"" to the Neighborhood Parkway as a four-lane facility within a 122 foot right-of-way that can accomodate six lanes in the future. The two internal lanes will be left unimproved for future expansion to accomodate six lanes of traffic or another transit oriented facility. In the interim, these two lanes shall be landscaped and incorporated into the center median improvements. This section of Carmel Valley Road includes the pedestrian undercrossing at the Neighborhood Parkway. See Project T-4.3 in the Pacific Highlands Ranch Public Facilities Financing Plan. This project will be built by the developer who will be reimbursed.","Due to anticipated traffic volumes on Carmel Valley Road, the section between Street ""A"" and Neighborhood Parkway will be constructed as a four-lane facility that can be expanded to six lanes in the future.",0,6900000,500000,0,0,0,0,0,0,0,0,0,2009,2010,11768800,0,
2008,158,Engineering & Capital Projects,Streets and Bridges,Carmel Valley Road - Via Albutura to Camino Del Sur,52-466.0,Council District: 1; Community Plan: Torrey Highlands,8500000,8500000,This project provides for widening Carmel Valley Road between via Albutura and Camino Ruiz into a four-lane street. This project will be built by the developer who will be reimbursed.,"This project is in accordance with the Torrey Highlands Public Facilities Financing Plan, Project T-4.3.",0,0,0,0,0,0,0,0,0,0,0,0,,,8500000,0,
2008,159,Engineering & Capital Projects,Streets and Bridges,Carroll Canyon Road - Interstate 15 to Maya Linda Road,52-421.0,Council District: 5; Community Plan: Mira Mesa,78373,328373,This project provides for widening the south side of Carroll Canyon Road from Interstate 15 to 150 feet east of Maya Linda Road in order to provide a right-turn lane with a Class II bike lane. See Project Number 7A in the Mira Mesa Public Facilities Financing Plan.,Traffic volumes will require an exclusive right-turn lane to southbound Interstate 15.,0,0,250000,0,0,0,0,0,0,0,0,0,2010,2010,328373,0,
2008,160,Engineering & Capital Projects,Streets and Bridges,Carroll Canyon Road - Sorrento Valley Road to Scranton Road,52-392.0,Council District: 5; Community Plan: Mira Mesa,7608000,19608000,"This project provides for a modified four-lane collector street from Sorrento Valley Road, under Interstate 805 to Scranton Road as part of a joint project with Caltrans. Carroll Canyon Road will include Class II bike lanes and direct access ramps onto I-805 from Carroll Canyon Road to the I-5 interchange.","Carroll Canyon Road is necessary in accordance with the community plan and the average daily trip forecast is 25,000 a year.",0,0,12000000,0,0,0,0,0,0,0,0,0,2010,2010,19608000,0,
2008,161,Engineering & Capital Projects,Streets and Bridges,Cherokee Street Improvements,52-773.0,"Council District: 3; Community Plan: Mid-City, Uptown",30000,1358470,"This project provides for the reconstruction of the curb, gutter, and sidewalk on Cherokee Street from Monroe Avenue to East Mountain View.",This project is required in order to mitigate drainage problems and reduce flooding.,0,70000,305000,375000,578470,0,0,0,0,0,0,0,2009,2012,1358470,0,
2008,162,Engineering & Capital Projects,Streets and Bridges,Clairemont Mesa Boulevard/SR-163 Improvements,52-745.0,Council District: 6; Community Plan: Kearny Mesa,10000000,19000000,This project provides for improving Clairemont Mesa Boulevard/State Route 163 to six-lane prime arterial standards. Phase I of the project consists of bridge widening and ramp realignment on the eastern side of the interchange. Phase II consists of ramp realignment on the western side. The interchange will be re-configured to eliminate existing loop on-ramps. The ramps will be re-configured to intersect Clairemont Mesa Boulevard at standard signalized intersections. High-occupancy vehicle/bus bypass lanes will be incorporated on the on-ramps and preemption for emergency vehicles and bus priority will be included on the traffic signals.,"These improvements will eliminate existing pedestrian/bike high-speed crossings and all vehicle, bike and pedestrian moves will be controlled, thus improving safety. Transit movement through the interchange area will be greatly enhanced.",0,1000000,8000000,0,0,0,0,0,0,0,0,0,2009,2010,19000000,0,
2008,163,Engineering & Capital Projects,Streets and Bridges,Del Mar Heights Road - Four to Six Lanes,52-739.0,Council District: 1; Community Plan: Pacific Highlands Ranch,10700000,10700000,This project provides for construction of Del Mar Heights Road from Old Carmel Valley Road to the new alignment of Carmel Valley Road as a modified five-lane roadway within a 122 foot right-of-way for a future six-lane facility. The project includes an eastbound third lane as the roadway approaches Carmel Valley Road. This project includes the bridge crossing over the open space corridor. This is the second phase of the project and will provide local access to the central area of development. The developer will advance funding for this project and be reimbursed from the Pacific Highlands Ranch Facilities Benefit Assessment under the terms of a reimbursement agreement.,This facility is required to accommodate traffic being generated by new development in Pacific Highlands Ranch as well as by existing sub-regional traffic needs.,0,0,0,0,0,0,0,0,0,0,0,0,,,10700000,0,
2008,164,Engineering & Capital Projects,Streets and Bridges,Del Mar Heights Road Median - Mango Drive to City Limits,52-686.0,Council District: 1; Community Plan: Torrey Pines,455000,2455000,"This project provides for raised center decorative concrete medians on Del Mar Heights Road, between Mango Drive and the San Diego upper city limits . The future landscaping area is to be covered with landscape fabric and mulch above top soil, and irrigation sleeves under the vehicular area.",Construction of the median is required to control turning movements and reduce traffic conflicts.,0,0,2000000,0,0,0,0,0,0,0,0,0,2010,2010,2455000,0,
2008,165,Engineering & Capital Projects,Streets and Bridges,Del Mar Heights Road North of Neighborhood #4 Park and School,52-478.0,Council District: 1; Community Plan: Carmel Valley,845250,845250,This project provides for reimbursing the developer for constructing the half-width improvement of Del Mar Heights Road north of the proposed site of the neighborhood park to a six-lane major arterial with Class II bike lanes.,The developer is required to build this road and will be reimbursed from Facilities Benefit Assessment funding by agreement. See Project Number 27 in the Carmel Valley Public Facilities Financing Plan.,0,0,0,0,0,0,0,0,0,0,0,0,,,845250,0,
2008,166,Engineering & Capital Projects,Streets and Bridges,Del Mar Mesa Road - Carmel Country Road to Carmel Mountain Road,52-712.0,Council District: 1; Community Plan: Del Mar Mesa,9405000,9405000,This project provides for the construction of Del Mar Mesa Road as a two lane rural residential road from Carmel Country Road to the future Carmel Mountain Road. The improvements also include a 16-inch water line and a multi-use trail. This roadway will provide access to the east until other road improvements are in place. This project was formerly named Shaw Ridge Road. This project will be constructed by three developers under three separate reimbursement agreements.,This project is required to accommodate the additional traffic generated as a result of development in Del Mar Mesa. See Project Number 43-3 in the Del Mar Mesa Public Facilities Financing Plan.,0,0,0,0,0,0,0,0,0,0,0,0,,,9405000,0,
2008,167,Engineering & Capital Projects,Streets and Bridges,Del Sol Boulevard - Central,52-492.0,Council District: 8; Community Plan: Otay Mesa,2500000,6500000,"This project provides for construction of the central section of Del Sol Boulevard from the eastern boundary of Palm Ridge through the Multiple Species Conservation Program (MSCP) open space, and along the frontage of the proposed community park, elementary and middle school site. The roadway will consist of 800 linear feet of a two-lane collector and 2,000 linear feet of a four-lane collector street. See companion projects T-4.1 and T-4.2 in the Otay Mesa Public Facilities Financing Plan.","The transportation element of the Otay Mesa Community Plan suggests that an integrated transportation network will provide mobility and accessibility for the residents and business travelers to, from and through the community.",0,4000000,0,0,0,0,0,0,0,0,0,0,2009,2009,6500000,0,
2008,168,Engineering & Capital Projects,Streets and Bridges,Division Street - Interstate 5 to 43rd Street,52-347.0,Council District: 8; Community Plan: Southeastern San Diego,278436,1478436,"This project provides for widening Division Street to a modified four-lane roadway from Interstate 5 to 43rd Street. The project has been split into two phases. Phase I provides for signal additions, drainage rehabilitation, and smaller scope street improvements. Phase II provides for widening the street. There will be further study of the feasibility of extending this project further east. This project description is preliminary. The total funding needs of the project will be determined once a final scope of work is established.",The City is required to widen Division Street to mitigate the deletion of State Route 252 as part of an agreement with the City of National City. The widening of Division Street will provide increased capacity and improve traffic flow in the same corridor.,0,0,1200000,0,0,0,0,0,0,0,0,0,2010,2010,1478436,0,
2008,169,Engineering & Capital Projects,Streets and Bridges,East San Rafael Street Deceleration Lane,52-378.0,Council District: 1; Community Plan: Carmel Valley,770000,770000,This project provides a right-hand deceleration lane to East San Raphael Drive into the San Raphael Development from El Camino Real.,This project is desired by the community to address safety concerns. See Project 21A-32 in the Carmel Valley Public Facilities Financing Plan.,0,0,0,0,0,0,0,0,0,0,0,0,,,770000,0,
2008,170,Engineering & Capital Projects,Streets and Bridges,Eastgate Mall - Miramar Road to San Diego Gas and Electric (SDG&E) Easement,52-417.0,Council District: 1; Community Plan: University,1000000,3852500,"This project provides for widening Eastgate Mall to a four-lane collector street between Miramar Road and the San Diego Gas and Electric (SDG&E) easement. In addition, this project provides for Class II bicycle lanes. This project description is preliminary and the amounts shown below only reflect the funding currently programmed. The total funding needs of the project will be determined once a final scope of work is established.",These improvements will enhance traffic flow at this location. See project Number 34 in the North University City Public Facilities Financing Plan.,0,450000,2402500,0,0,0,0,0,0,0,0,0,2009,2010,3852500,0,
2008,171,Engineering & Capital Projects,Streets and Bridges,El Camino Real - San Dieguito Road to Via de la Valle,52-479.0,"Council District: 1; Community Plan: Subarea II Future Urbanizing Area, Fairbanks Ranch Country Club",14000690,20300000,This project provides for reconstruction and widening of the existing two-lane bridge to a four-lane bridge. It provides for widening the existing two-lane roadway to a modified four-lane major road and includes improvements on eastbound Via de la Valle as far as northbound El Camino Real.,The Fairbanks Ranch Country Club and Via de la Valle Precise Plans identify El Camino Real as a four-lane major road.,0,300000,300000,500000,5199310,0,0,0,0,0,0,0,2009,2012,20300000,0,
2008,172,Engineering & Capital Projects,Streets and Bridges,El Camino Real Widening,52-767.0,Council District: 1; Community Plan: Pacific Highlands Ranch,100000,100000,"This project provides for completion of the construction of the existing El Camino Real between Half Mile Drive and San Dieguito Road as a 4-lane major street within the existing, graded right of way. The estimated cost includes environmental analysis and alignment studies for the entire length of El Camino Real (Half Mile Drive to Via de la Valle). The developer will advance funding for this project and be reimbursed.","This project is required in order to accommodate the additional traffic generated as a result of development in the surrounding communities, including Pacific Highlands Ranch, as well as the existing sub-regional traffic needs.",0,0,0,0,0,0,0,0,0,0,0,0,,,100000,0,
2008,173,Engineering & Capital Projects,Streets and Bridges,Euclid Avenue Corridor Improvements,52-743.0,"Council District: 3, 7; Community Plan: Mid-City, Southeastern San Diego",227469,2593469,"This project provides improvements on Euclid Avenue from 300 feet north of Redwood Street to El Cajon Boulevard and will include curb, gutter, sidewalk, curb ramps, landscaping, roadway restoration, striping, and traffic calming installations.","Euclid Avenue carries a traffic volume in excess of its design capacity, resulting in significant congestion, which impacts neighboring properties. Traffic speed, volume, and deficiency in pedestrian infrastructure compromise pedestrian safety.",0,116000,2250000,0,0,0,0,0,0,0,0,0,2009,2010,2593469,0,
2008,174,Engineering & Capital Projects,Streets and Bridges,Euclid Avenue Improvements - Home Avenue to Thorn Street,52-699.0,"Council District: 3, 4, 7; Community Plan: Mid-City",1087240,1087240,"This project provides for the completion of street improvements recommended in the Euclid Avenue Revitalization Program and the Mid-City Community Plan. Improvements will extend from Home Avenue to Thorn Street and will include curb, gutter, sidewalk, landscaping, paving, and traffic calming installations. See also CIP 52-743.0, Euclid Avenue Corridor Improvements.","Euclid Avenue carries a traffic volume in excess of its design capacity, resulting in significant congestion, which impacts neighboring properties. Traffic speed, volume, and a deficiency in pedestrian infrastructure compromise pedestrian safety.",0,0,0,0,0,0,0,0,0,0,0,0,,,1087240,0,
2008,175,Engineering & Capital Projects,Streets and Bridges,First Avenue Bridge over Maple Canyon - Rehabilitation,52-554.0,Council District: 3; Community Plan: Uptown,9460868,9760868,"This project provides for seismic retrofit to the abutments, expansion joints and bracing of the First Avenue bridge and for replacement of corroded rivets. Miscellaneous painting is required to prevent rusting.","This bridge needs extensive hardware restoration and replacement, miscellaneous painting, and seismic upgrades to prevent collapse during a catastrophic earthquake.",0,300000,0,0,0,0,0,0,0,0,0,0,2009,2009,9760868,0,
2008,176,Engineering & Capital Projects,Streets and Bridges,Genesee Avenue - Interstate 5 to Campus Point Drive,52-373.0,Council District: 1; Community Plan: University,7216220,7216220,"This project provides for widening Genesee Avenue to a modified six-lane primary arterial from Interstate 5 to Campus Point Drive. The total project length is approximately 2,500 feet with Class II bicycle lanes. A separate project (CIP 52-372.0) is scheduled to redesign the freeway interchange and widen Genesee Avenue at Interstate 5.",This project is needed to improve traffic flow and is included in the Council-approved North University City Community Financing Plan and Facilities Benefit Assessment Document. See Project Number 3 in the North University City Public Facilities Financing Plan.,0,0,0,0,0,0,0,0,0,0,0,0,,,7216220,0,
2008,177,Engineering & Capital Projects,Streets and Bridges,Genesee Avenue - Interstate 5 to Eastgate Mall,52-594.0,Council District: 1; Community Plan: University,327750,327750,This project provides for a median closure at Fez Street and dual left-turn lanes in the southbound direction at the Eastgate Mall intersection. See Project Number G in the North University City Public Facilities Financing Plan.,This project will improve traffic circulation in the University community.,0,0,0,0,0,0,0,0,0,0,0,0,,,327750,0,
2008,178,Engineering & Capital Projects,Streets and Bridges,Genesee Avenue - Nobel Drive to State Route 52,52-458.0,Council District: 1; Community Plan: University,1948600,24301700,"This project provides for widening Genesee Avenue from Nobel Drive to State Route 52 to a modified six-lane major street north of Decoro Street and a modified six-lane primary arterial south of Decoro Street. The project includes a right-turn lane, eastbound to southbound, at the Genesee Avenue/Nobel Drive intersection; additional left turn lane, including a traffic signal at State Route 52 interchange; and Class II bicycle lanes.",This project is needed to increase the capacity of this facility. See Project Number A in the North University City Public Facilities Financing Plan.,0,0,0,2675000,1777000,10700000,7201100,0,0,0,0,0,2011,2014,24301700,0,
2008,179,Engineering & Capital Projects,Streets and Bridges,Genesee Avenue - Widen Interstate 5 Crossing,52-372.0,Council District: 1; Community Plan: University,9700000,390000000,"This project provides for widening Genesee Avenue to six lanes plus dual turn lanes with a 26-foot median (800 feet on each side of overcrossing); replacing the existing Genesee Avenue overcrossing with a higher, wider (124-foot) structure; and replacing the existing Voigt Drive bridge on the University of California San Diego campus with a longer, wider (60-foot) structure. The project also includes modification of existing ramps and auxiliary lanes on both sides of the freeway. The project scope has been increased to include Interstate 5 Corridor (freeway) improvements, which will be constructed with regional funds. A separate project (CIP 52-373.0) is scheduled for widening Genesee Avenue from Interstate 5 to Campus Point Drive.",This project is needed to improve traffic flow. It is included in the Council-approved North University City Public Facilities Financing Plan as Project Number 24.,0,0,380300000,0,0,0,0,0,0,0,0,0,2010,2010,390000000,0,
2008,180,Engineering & Capital Projects,Streets and Bridges,Georgia Street Bridge/University Avenue Separation Replacement,52-555.0,Council District: 3; Community Plan: Greater North Park,1504613,8963613,"This project provides for replacing the bridge, the adjacent retaining walls, and the corresponding guardrails along the bridge walls.",This bridge has severe spalling due to age and has severe height limitations which need to be corrected. Trucks continue to hit the low arches of the bridge. The retaining walls on either side are an integral part of the bridge and also need restoration or replacement. The guardrails of the bridge and adjacent walls are deteriorating.,0,671000,0,0,6788000,0,0,0,0,0,0,0,2009,2012,8963613,0,
2008,181,Engineering & Capital Projects,Streets and Bridges,Hollister Street Widening,52-810.0,Council District: 8; Community Plan: Otay Mesa/Nestor,0,1975000,"This project provides for improvements to the west side of the 900 block of Hollister Street. Improvements include new curb, gutter, sidewalk, and asphalt pavement.","This project addresses the need for adequate drainage, pedestrian accessibility, and traffic calming.",0,200000,175000,625000,0,975000,0,0,0,0,0,0,2009,2013,1975000,0,
2008,182,Engineering & Capital Projects,Streets and Bridges,Interstate 5/State Route 56 North Freeway Connectors,52-311.0,Council District: 1; Community Plan: Carmel Valley,3236622,9937298,This project provides for the preparation of a project report and environmental document (PR/ED) for northerly connections of the Interstate 5 and State Route 56 freeways. The improvements include the westerly State Route 56 to northerly Interstate 5 and the southerly Interstate 5 to easterly State Route 56 connections.,"State Route 56 opened to traffic in July 2004 and provides a new east/west connection between Interstates 5 and 15. This will introduce a significantly new volume of traffic to the Interstate 5 corridor in Carmel Valley, some of which will need to go to or from the north. This project will provide the improvements necessary to make these moves most efficiently and avoid the heavy use of local streets.",0,0,6120676,580000,0,0,0,0,0,0,0,0,2010,2011,9937298,0,
2008,183,Engineering & Capital Projects,Streets and Bridges,Jackson Drive Median Replacement,52-760.0,Council District: 7; Community Plan: Navajo,20000,20000,This project provides removal of the existing asphalt paved medians and replacement with new decorative stamped concrete medians.,The existing asphalt cover is deteriorated. This project will substantially upgrade the appearance of the medians.,0,0,0,0,0,0,0,0,0,0,0,0,,,20000,0,
2008,184,Engineering & Capital Projects,Streets and Bridges,La Jolla Mesa Drive Sidewalk,52-780.0,Council District: 1; Community Plan: La Jolla,115000,115000,"This project provides for the construction of a curb, gutter, and sidewalk on the east side of La Jolla Mesa south of Deer Hill Court.",This project is required in order to provide safer pedestrian access.,0,0,0,0,0,0,0,0,0,0,0,0,,,115000,0,
2008,185,Engineering & Capital Projects,Streets and Bridges,La Jolla Parking Structure Design,52-718.0,Council District: 1; Community Plan: La Jolla,50000,50000,This project provides for the design of a parking structure in the La Jolla community.,This project will assist with parking concerns in the La Jolla community.,0,0,0,0,0,0,0,0,0,0,0,0,,,50000,0,
2008,186,Engineering & Capital Projects,Streets and Bridges,La Jolla Village Drive and Regents Road,52-595.0,Council District: 1; Community Plan: University,980000,980000,This project provides for a southbound-to-westbound right-turn lane at the La Jolla Village Drive/Regents Road intersection. A Class II bike lane is included for southbound bicyclists. An additional right-of-way will be acquired from the University of California San Diego at no cost.,This project is needed to improve traffic flow at this intersection per the North University Public Facilities Financing Plan - Project 41.,0,0,0,0,0,0,0,0,0,0,0,0,,,980000,0,
2008,187,Engineering & Capital Projects,Streets and Bridges,La Jolla Village Drive/Interstate 805 Interchange Ramps,52-485.0,Council District: 1; Community Plan: University,23974536,23974536,"This project converts the existing La Jolla Village Drive/Interstate 805 full cloverleaf interchange configuration to a partial cloverleaf configuration, including widening the overpass structure and approaches to provide three through lanes with an auxiliary lane in each direction. The project also provides for widening La Jolla Village Drive to eight lanes and constructing three lanes to the southbound on-ramp. Bike lanes will be included.",This project is needed to improve traffic circulation and safety in the University community per the North University City Public Facilities Financing Plan - Project C.,0,0,0,0,0,0,0,0,0,0,0,0,,,23974536,0,
2008,188,Engineering & Capital Projects,Streets and Bridges,Linda Vista Road at Genesee Avenue,52-754.0,Council District: 6; Community Plan: Linda Vista,53000,753000,This project provides for lengthening the Genesee Avenue westbound left-turn lanes to 300 feet of vehicle storage and re-striping Genesee Avenue to provide an exclusive eastbound right-turn lane. It will also widen Linda Vista Road to provide an exclusive northbound right-turn lane.,This project will improve the traffic flow through the intersection.,0,70000,0,280000,350000,0,0,0,0,0,0,0,2009,2012,753000,0,
2008,189,Engineering & Capital Projects,Streets and Bridges,Little McGonigle Ranch Road - Del Mar Mesa Road to State Route 56,52-723.0,Council District: 1; Community Plan: Del Mar Mesa,7125000,7125000,"This project provides construction of Little McGonigle Ranch Road and will be completed in two phases. Phase I provides for the construction of Little McGonigle Ranch Road (formerly Camino Santa Fe) (45'/65') from the northerly terminus of Carmel Mountain Road at Del Vino Court, northwesterly to the easterly terminus of Del Mar Mesa Road. The project includes a multi-use trail adjacent to the roadway. Phase II provides for the construction of Little McGonigle Ranch Road (40'/62') from Del Mar Mesa Road to State Route 56. The project will include a 100-foot bridge. A multi-use trail will also be constructed adjacent to the roadway.",This project is required to accommodate additional traffic in Del Mar Mesa and will provide access from Del Mar Mesa to adjoining communities.,0,0,0,0,0,0,0,0,0,0,0,0,,,7125000,0,
2008,190,Engineering & Capital Projects,Streets and Bridges,Mira Sorrento Place - Scranton Road to Vista Sorrento Parkway,52-676.0,Council District: 5; Community Plan: Mira Mesa,12693123,12873123,This project provides for widening and extending Mira Sorrento Place to a four-lane collector street between Scranton Road and Vista Sorrento Parkway. It includes widening the Mira Sorrento Place/Scranton Road intersection.,This project is needed to improve traffic flow and is included in the Council-approved Mira Mesa Community Financing Plan and Facilities Benefit Assessment Document. See Project Number 56 in the Mira Mesa Public Facilities Financing Plan.,0,60000,60000,60000,0,0,0,0,0,0,0,0,2009,2011,12873123,0,
2008,191,Engineering & Capital Projects,Streets and Bridges,Miramar Road - Interstate 805 Easterly Ramps to 300 Feet East of Eastgate Mall,52-679.0,Council District: 1; Community Plan: University,7150000,7650000,This project provides for widening Miramar Road to eight lanes from the Interstate 805 easterly on and off-ramps to 300 feet east of Eastgate Mall. It includes dual left-turn lanes at Eastgate Mall.,"This project is needed to improve traffic flow, and is included in the Council-approved North University City Community Plan and Facilities Benefit Assessment Document per the North University City Public Facilities Financing Plan - Project 50.",0,500000,0,0,0,0,0,0,0,0,0,0,2009,2009,7650000,0,
2008,192,Engineering & Capital Projects,Streets and Bridges,Mission City Parkway Bridge over San Diego River,53-053.0,Council District: 6; Community Plan: Mission Valley,2951259,10221756,"This project provides for a new two-lane bridge extending Mission City Parkway from the intersection of Camino Del Rio North to the north over the San Diego River. Mission City Parkway would connect to Fenton Parkway, which was constructed by a developer as part of the Mission City Development. This project also provides for an additional entrance to QUALCOMM Stadium. This project description is preliminary and the amounts shown below only reflect the funding currently programmed. The total funding needs of the project will be determined once a final scope of work is established.","The bridge is part of the approved Mission City Plan and is being constructed from funding provided by H. G. Fenton as part of the settlement with the City implementing the Mission City Development, specifically for the construction of the bridge and roadway.",0,0,7270497,0,0,0,0,0,0,0,0,0,2010,2010,10221756,0,
2008,193,Engineering & Capital Projects,Streets and Bridges,MTS Station Improvement Project,52-737.0,Council District: 4; Community Plan: Southeastern San Diego,310000,310000,"This project provides for improvements to various trolley stations including aesthetics and pedestrian access enhancements such as landscaping, irrigation, sidewalks, and related work. The trolley stations identified as potential sites are located at 47th Street, Euclid Avenue and Encanto/62nd Street.",This project will enhance and beautify trolley stations.,0,0,0,0,0,0,0,0,0,0,0,0,,,310000,0,
2008,194,Engineering & Capital Projects,Streets and Bridges,Napa Street Traffic Improvements,52-430.0,Council District: 6; Community Plan: Linda Vista,655740,5760000,This project provides for improved traffic flow at the Napa Street/Linda Vista Road intersection. The project scope is now unidentified pending the completion of the feasibility study. This project description is preliminary and the amounts shown below only reflect the funding currently programmed. The total funding needs of the project will be determined once a final scope of work is established.,"Napa Street is classified as a major street in the Linda Vista Community Plan. Current traffic volumes in excess of 19,000 average daily trips are beyond the desirable capacity of the existing facility. The proposed design would eliminate congestion.",0,0,1400000,3704260,0,0,0,0,0,0,0,0,2010,2011,5760000,0,
2008,195,Engineering & Capital Projects,Streets and Bridges,National Avenue - State Route 15 to 43rd Street,52-436.0,"Council District: 4, 8; Community Plan: Southeastern San Diego",1456003,6614003,"This project provides for improvements on National Avenue. Phase I provides for improving drainage systems at 36th Street and National Avenue and at 37th Street. Phase II provides for widening National Avenue to a modified four-lane major street from State Route 15 to 43rd Street, which utilizes a 60/80 street width. This project does not include widening the bridge over South Chollas Creek.","National Avenue is classified as a major street in the Southeastern San Diego Community Plan. Current traffic volumes in excess of 13,500 average daily trips are beyond the desirable capacity of the existing facility, which is striped for two traffic lanes. Improvement of this facility to accommodate four traffic lanes is required to assure efficient movement of traffic.",0,0,5158000,0,0,0,0,0,0,0,0,0,2010,2010,6614003,0,
2008,196,Engineering & Capital Projects,Streets and Bridges,Normal Street Median Improvements,52-769.0,Council District: 3; Community Plan: Uptown,228250,293250,"This project provides for improvements to traffic circulation in order to prevent illegal u-turns, and enhance pedestrian safety. New landscaped medians will include aesthetic enhancements that provide for the creation of additional parking spaces.",This project will improve traffic circulation and provide additional parking spaces.,0,65000,0,0,0,0,0,0,0,0,0,0,2009,2009,293250,0,
2008,197,Engineering & Capital Projects,Streets and Bridges,North Harbor Drive Bridge over Navy Estuary,53-038.1,Council District: 2; Community Plan: Peninsula,17629332,17629332,"This project provides for the seismic retrofit of the North Harbor Drive Bridge, which will consist of stabilizing the existing piers and joining the paired piers together at the waterline to increase support during seismic events.",The North Harbor Drive Bridge over Navy Estuary has been identified as a seismically deficient bridge by Caltrans.,0,0,0,0,0,0,0,0,0,0,0,0,,,17629332,0,
2008,198,Engineering & Capital Projects,Streets and Bridges,North Torrey Pines Road - Genesee Avenue to Torrey Pines Science Park,52-616.0,Council District: 1; Community Plan: University,1236250,4247000,"This project provides for median curb, gutter, drainage and landscaping improvements, from 600 feet north of Genesee Avenue to the northern boundary of the Torrey Pines Science Park subdivision.",This project will improve safety and drainage on North Torrey Pines Road per the North University City Public Facilities Financing Plan - Project D.,0,0,3010750,0,0,0,0,0,0,0,0,0,2010,2010,4247000,0,
2008,199,Engineering & Capital Projects,Streets and Bridges,North Torrey Pines Road Bridge over Los Penasquitos Creek,53-050.0,Council District: 1; Community Plan: Torrey Pines,12961000,13482000,"This project provides for demolishing and reconstructing the North Torrey Pines Road Bridge over Los Penasquitos Creek and for transitionally widening both road approaches from approximately 770 feet south of the bridge to 1,100 feet north of the bridge.",This project is needed to replace the structurally deficient and functionally obsolete bridge.,0,496000,25000,0,0,0,0,0,0,0,0,0,2009,2010,13482000,0,
2008,200,Engineering & Capital Projects,Streets and Bridges,Ocean Front Walk Reconstruction - San Fernando Place to Ventura Place,52-671.0,Council District: 2; Community Plan: Mission Beach,590000,4027000,"This project provides for the removal and replacement of the existing pile cap, parapet wall, lights, and walkway along Ocean Front Walk between San Fernando Place and Ventura Place to their original 1925 appearance, in accordance with the Secretary of the Interior Standard for the Treatment of Historic Properties.","These structures are significant to the history of San Diego. They were constructed in 1925 to protect and complement the John D. Spreckels Amusement Center, now named Belmont Park. Extensive patching of spalled concrete and asphalt overlay of the walkway have robbed these structures of their character. Patching is no longer an option to restore and preserve these structures.",0,0,3437000,0,0,0,0,0,0,0,0,0,2010,2010,4027000,0,
2008,201,Engineering & Capital Projects,Streets and Bridges,Ocean View Hills Parkway Improvements,52-681.0,Council District: 8; Community Plan: Otay Mesa,15598237,15598237,"This project provides for reimbursing the developer for the City's share of the design and construction of Ocean View Hills Parkway (Phases II and III) from Dennery Road to Otay Mesa Road. The project includes approximately 5,200 lineal feet of a four-lane major street and 4,900 lineal feet of a six-lane major street per the Otay Mesa Public Facilities Financing Plan - Projects T 2.1, T 2.2, and T 2.3.","The transportation element of the Otay Mesa Community Plan suggests that an integrated transportation network will provide mobility, accessibility and safety for the residences and businesses traveling to, from and through the community.",0,0,0,0,0,0,0,0,0,0,0,0,,,15598237,0,
2008,202,Engineering & Capital Projects,Streets and Bridges,Old Otay Mesa Road - Westerly,52-642.0,Council District: 8; Community Plan: Otay Mesa,850000,3250000,"This project provides for design and construction of Old Otay Mesa Road from the intersection of B Street, as shown on the Remington Hills Tentative Map, easterly to the intersection with Otay Mesa Road (Town Center Drive Extension South), per the Otay Mesa Public Facilities Financing Plan - Project T-50.2. This project includes approximately 2,400 lineal feet of a two-lane collector street.","The transportation element of the Otay Mesa Community Plan suggests that an integrated transportation network will provide mobility, accessibility and safety for persons traveling to, from and through the community. This project is being funded with Facilities Benefit Assessment Fees funding because there is either no project fronting this roadway or the projects fronting the roadway are also public facility projects, e.g., school, park. Should the adjacent properties be developed, these properties shall reimburse the Facilities Benefit Assessment Fees Fund for the actual cost of the project as a condition of approval of their developments.",0,2400000,0,0,0,0,0,0,0,0,0,0,2009,2009,3250000,0,
2008,203,Engineering & Capital Projects,Streets and Bridges,Old Otay Mesa Road Sidewalk,52-775.0,Council District: 8; Community Plan: Otay Mesa,0,200000,"This project provides for an asphalt sidewalk, berm and retaining walls from Hawkin Drive to 1,100 feet west of Crescent Bay Drive on Old Otay Mesa Road.",This project is required in order to provide a safe and effective route for pedestrian traffic.,0,200000,0,0,0,0,0,0,0,0,0,0,2009,2009,200000,0,
2008,204,Engineering & Capital Projects,Streets and Bridges,Otay Truck Route Widening Phase III & IV,52-682.1,Council District: 8; Community Plan: Otay Mesa,1048747,9385000,This project provides for construction of an additional lane along the existing Otay Truck Route from Drucker Lane to the Port of Entry in order to allow for emergency vehicle access (phase III) and extend the truck route from La Meda to Brittania (phase IV).,The additional lane is needed for safety reasons.,0,2386253,4700000,1250000,0,0,0,0,0,0,0,0,2009,2011,9385000,0,
2008,205,Engineering & Capital Projects,Streets and Bridges,Palm Avenue Roadway Improvements,52-764.0,Council District: 8; Community Plan: Otay Mesa/Nestor,165000,4685000,"This project provides for vehicular and traffic safety improvements on Palm Avenue from Beyer Way to Interstate 805. The improvements include installation of raised center medians, turn pockets, traffic signals, a pedestrian refuge area, crosswalks, landscaping, striping and signage. Subsequent phases of this project may include further analysis of the pedestrian and streetscape aspects of the project area.",These improvements will benefit the community by increasing the safety and flow of traffic.,0,419000,4101000,0,0,0,0,0,0,0,0,0,2009,2010,4685000,0,
2008,206,Engineering & Capital Projects,Streets and Bridges,Palm Avenue/Interstate 805 Interchange,52-640.0,"Council District: 8; Community Plan: Otay Mesa, Otay Mesa/Nestor",9458886,13862886,"This project provides for improving the Palm Avenue/Interstate 805 interchange in three phases. The first phase has been completed. The second phase consists of repairs to the bridge approaches and abutments; bridge widening to the south; installation of sidewalk and signal; restriping; and signage modifications. The third stage consists of bridge widening to the north, relocation of north bound on and off-ramp, and widening of the two on-ramps. All three phases of the project provide improvements per the Otay Mesa Public Facilities Financing Plan - Projects T1.1, 1.2, 1.3, and 1.4.",This project is required to accommodate the additional traffic generated as a result of development in the Otay Mesa Community. Improvements to this interchange will also help to reduce traffic volumes on State Route 905.,0,1729000,0,2675000,0,0,0,0,0,0,0,0,2009,2011,13862886,0,
2008,207,Engineering & Capital Projects,Streets and Bridges,Pershing Drive/Redwood Street Intersection,52-696.0,Council District: 3; Community Plan: Greater North Park,274484,1174484,"This project provides for a permanent roundabout improvement of the intersection of Pershing Drive and Redwood Street. This project originally proposed to reconfigure the intersection to a ""T"" configuration. The Community and Council District preferred a roundabout. An interim striping plan was implemented. The City was awarded a $150,000 State Community-Based Transportation Planing Grant for preliminary engineering activities.",The re-configuration of this intersection will improve traffic control and safety.,0,900000,0,0,0,0,0,0,0,0,0,0,2009,2009,1174484,0,
2008,208,Engineering & Capital Projects,Streets and Bridges,Potomac Street Improvements,52-777.0,Council District: 4; Community Plan: Skyline/Paradise Hills,380000,380000,This project provides for installation of a concrete sidewalk with curb and gutter on Potomac Street along the west side of the road adjacent to the Paradise Hills Community Park.,"The surrounding streets to the Paradise Hills Community Park, Potomac Street and Paradise Valley Road, have existing sidewalk except for the segment in front of the park site. The concrete sidewalk will improve pedestrian access to the park.",0,0,0,0,0,0,0,0,0,0,0,0,,,380000,0,
2008,209,Engineering & Capital Projects,Streets and Bridges,Prospect Street/Silverado Street Roundabout,52-776.0,Council District: 1; Community Plan: La Jolla,150000,920000,This project provides for intersection improvements at Prospect Street and Silverado Street.,The arrangement of the existing intersection does not meet current geometric standards. This makes effective traffic circulation and pedestrian usage difficult. This project will address these issues through the installation of a roundabout or similar improvement.,0,770000,0,0,0,0,0,0,0,0,0,0,2009,2009,920000,0,
2008,210,Engineering & Capital Projects,Streets and Bridges,Rancho Bernardo Street and Sidewalk Improvements,52-700.0,Council District: 5; Community Plan: Rancho Bernardo,213000,358800,"This project provides for improvements to streets and sidewalks throughout Rancho Bernardo the community, as needed. Other improvements may include installation of landscaping and irrigation systems and construction of retaining and sound walls.",This project provides funding for needed street and sidewalk improvements.,0,80000,65800,0,0,0,0,0,0,0,0,0,2009,2010,358800,0,
2008,211,Engineering & Capital Projects,Streets and Bridges,Regents Road - Executive Drive to Genesee Avenue,52-680.0,Council District: 1; Community Plan: University,5681220,6781220,"This project provides for widening Regents Road to a modified four-lane major street from Genesee Avenue to Executive Drive, relocation of the Genesee Avenue/Regents Road intersection to the east, and bike lanes. This project description is preliminary and the amounts shown below only reflect the funding currently programmed. The total funding needs of the project will be determined once a final scope of work is established.",This project is needed to improve traffic flow and is included in the Council-approved North University City Community Financing Plan - Project 13 and Facilities Benefit Assessment Document.,0,0,1100000,0,0,0,0,0,0,0,0,0,2010,2010,6781220,0,
2008,212,Engineering & Capital Projects,Streets and Bridges,Regents Road Bridge,53-044.0,Council District: 1; Community Plan: University,5912799,46610000,"This project provides for an 870-foot bridge spanning the AT&SF Railroad and a portion of the flood plain. Additionally, this project provides for a four-lane major street with Class II bike lanes on Regents Road from the AT&SF railroad bridge to 100 feet north of Lahitte Court as well as widening the existing half width street to a four-lane major street from 100 feet north of Lahitte Court to Governor Drive, including Class II bike lanes. The project includes the Limited Roadway Changes, which are the widening of westbound Governor Drive to provide an additional left-turn lane to southbound and a right-turn lane to northbound Regents Road. The project also provides for widening of the southbound portion of Regents Road at the State Route 52 eastbound entrance ramp an additional left-turn lane for traffic entering the eastbound ramp an additional right-turn lane from the park access to the ramp, and the widening of the southbound portion of Genesee Avenue at the State Route 52 eastbound ramp to provide an additional left-turn lane for traffic entering the eastbound ramp. In addition, the project provides recreational improvements in the canyon, which include limiting noise to the greatest extent possible, traffic calming, walkability, profile/light penetration structure design, habitat restoration, recreational improvements for pedestrians, and bike access trails.",This project will complete Regents Road and provide continuous access to northern communities. This project is included in the Council-approved North University City Financing Plan and Facilities Benefit Assessment Plan - Project NUC-18.,0,10700000,29997201,0,0,0,0,0,0,0,0,0,2009,2010,46610000,0,
2008,213,Engineering & Capital Projects,Streets and Bridges,Reo Drive Streetscape,39-233.0,Council District: 4; Community Plan: Skyline/Paradise Hills,2101338,2101338,"This project provides for a vision and implementation strategy for rehabilitating an older commercial strip development on Reo Drive between Albemarle Street and Cumberland Street in the heart of Paradise Hills. Phase I added crosswalks, pop-outs, and surface improvements on Reo Drive between Albemarle Street and Cumberland Drive. Phase II will widen Reo Drive from 60 to 80 feet, including diagonal parking, and surface improvements between Albemarle Street and Cumberland Drive.",Revitalization of this strip will encourage commercial opportunities in this underserved community.,0,0,0,0,0,0,0,0,0,0,0,0,,,2101338,0,
2008,214,Engineering & Capital Projects,Streets and Bridges,Rosecrans Street Corridor Improvements,52-209.0,"Council District: 2; Community Plan: Midway/Pacific Highway Corridor, Peninsula",2392639,2392639,"This project provides for improvements to the former State Route 209, which includes all or parts of Camino del Rio West, Rosecrans Street, Canon Street, Catalina Boulevard, and Cabrillo Memorial Drive. Camino del Rio West will be widened from an existing six-lane major street between Sports Arena Boulevard and Interstate 5 to an eight-lane primary arterial. Other improvements consist of upgrading the sidewalk facilities, including installation of pedestrian ramps and traffic signal modifications, and construction of turn pocket and signal modifications on Rosecrans at Midway.",This project is funded with State cooperative agreement funding as part of the relinquishment of State Route 209 to the City of San Diego.,0,0,0,0,0,0,0,0,0,0,0,0,,,2392639,0,
2008,215,Engineering & Capital Projects,Streets and Bridges,Saturn Boulevard - Palm Avenue to Coronado Avenue,52-553.0,Council District: 8; Community Plan: Otay Mesa/Nestor,315223,1431178,"This project provides for widening the west side of Saturn Boulevard to a four-lane collector street from Palm Avenue to Coronado Avenue. Improvements include construction of concrete curb, gutter, sidewalk, drainage facilities, asphalt concrete pavement, and landscaping as necessary.",This project is needed to widen the existing southbound traffic lanes to a four-lane collector and to standardize the street width to accommodate the increase in traffic volume.,0,0,1115955,0,0,0,0,0,0,0,0,0,2010,2010,1431178,0,
2008,216,Engineering & Capital Projects,Streets and Bridges,Scripps Ranch Boulevard - Carroll Canyon Road to Aviary Drive,52-357.0,Council District: 5; Community Plan: Scripps Miramar Ranch,1500000,1500000,This project provides for constructing a fourteen-foot landscaped center median with left-turn pockets and additional pavement in the unimproved median area from Carroll Canyon Road to Aviary Drive. The street will be striped to include bike lanes and parking on both sides.,The general community plan is currently being amended to reflect Scripps Ranch Boulevard as a two-lane connector road. This project will complete this section of roadway per the Scripps Miramar Ranch Public Facilities Financing Plan - Project 34-1.,0,0,0,0,0,0,0,0,0,0,0,0,,,1500000,0,
2008,217,Engineering & Capital Projects,Streets and Bridges,Scripps Ranch/Mira Mesa Boulevard Medians,52-358.0,Council District: 5; Community Plan: Scripps Miramar Ranch,1077994,1098994,"This project provides for median improvements, including landscaping, on Scripps Ranch Boulevard between Hibert Street and Mira Mesa Boulevard and on Mira Mesa Boulevard from Interstate 15 to Scripps Ranch Boulevard. Bike lanes will also be added along Mira Mesa Boulevard.",This portion of Scripps Ranch Boulevard and Mira Mesa Boulevard is classified as a four-lane major street. The median improvement will improve vehicle access and operations per the Scripps Miramar Ranch Public Facilities Financing Plan - Project 34-2A.,0,0,21000,0,0,0,0,0,0,0,0,0,2010,2010,1098994,0,
2008,218,Engineering & Capital Projects,Streets and Bridges,Sea World Drive Widening and Interstate 5 Interchange Improvements,52-706.0,"Council District: 2, 6; Community Plan: Mission Bay Park",1000000,17424775,"This project provides for interchange improvements at Interstate 5 and Sea World Drive. Improvements include vehicle queue within the northbound and southbound on-ramps, additional eastbound and northbound approach lanes to the freeway, and signal coordination along Sea World Drive between Friars Road and Interstate 5. In addition, when funding is identified, Sea World Drive will be widened to six lanes between Sea World Way and Interstate 5.",Widening Sea World Drive to six lanes and improving the Sea World Drive/Interstate 5 interchange are necessary to meet existing and forecasted traffic volumes.,0,1000000,2284955,0,0,0,13139820,0,0,0,0,0,2009,2014,17424775,0,
2008,219,Engineering & Capital Projects,Streets and Bridges,Shirley Ann Place Sidewalks and Lighting,39-087.0,Council District: 3; Community Plan: Greater North Park,78000,78000,"This project provides for installation of four pedestrian-oriented street lights, construction of pop-outs and reconstruction of sidewalks within the Shirley Ann Place Historical District in the University Heights Community. The comprehensive program that was developed by Shirley Ann Place residents and City staff relate to improving the character and visual quality of the street.","Recommendations made by the Shirley Ann Place Historic Designation and Revitalization Committee were developed in recognition of the need for lighting improvements, community identifying landmarks and pedestrian safety.",0,0,0,0,0,0,0,0,0,0,0,0,,,78000,0,
2008,220,Engineering & Capital Projects,Streets and Bridges,Shoal Creek Pedestrian Bridge,54-012.0,Council District: 5; Community Plan: Carmel Mountain Ranch,899920,5154920,This project provides for construction of a pedestrian bridge along Shoal Creek Drive to facilitate crossing Ted Williams Parkway. This phase of the project includes design and environmental studies.,The intersection is in close proximity to Shoal Creek Elementary School and has a high volume of children crossing Ted Williams Parkway. This project will increase pedestrian safety and was requested by City Council and the community.,0,255000,4000000,0,0,0,0,0,0,0,0,0,2009,2010,5154920,0,
2008,221,Engineering & Capital Projects,Streets and Bridges,Skyline at Cardiff Improvements,52-779.0,Council District: 4; Community Plan: Skyline/Paradise Hills,25000,25000,This project provides for a pop-out on the northwest corner of Skyline and Cardiff.,This project is required in order to provide traffic calming and safer pedestrian crossing.,0,0,0,0,0,0,0,0,0,0,0,0,,,25000,0,
2008,222,Engineering & Capital Projects,Streets and Bridges,Skyline Drive Median & Parkway Improvements,52-763.0,Council District: 4; Community Plan: Skyline/Paradise Hills,140000,1415000,"This project provides for improvements along Skyline Drive from Sears Avenue to 58th Street. These improvements include landscaped medians, trees, pavement enhancements, street lights, bus stops, pedestrian crossing improvements, traffic calming, and community signs.",This project will provide for median and parkway improvements along Skyline Drive.,0,1275000,0,0,0,0,0,0,0,0,0,0,2009,2009,1415000,0,
2008,223,Engineering & Capital Projects,Streets and Bridges,Soledad Mountain Road Emergency Repair,52-805.0,Council District: 2; Community Plan: Pacific Beach,7500000,7500000,"This project provides for the reconstruction of Soledad Mountain Road. On October 3, 2007, a landslide occured on Mt. Soledad and destroyed a large section of the 5700 block of Soledad Mountain Road and Desert View Drive Alley.","Soledad Mountain Road is classified as a 4-lane major street with approximately 8,470 average daily traffic volume. The road is heavily utilized as a through access to and from La Jolla.",0,0,0,0,0,0,0,0,0,0,0,0,,,7500000,0,
2008,224,Engineering & Capital Projects,Streets and Bridges,Sorrento Valley Road & Interstate 5 Interchange,52-765.0,Council District: 1; Community Plan: Torrey Pines,1939000,52333000,This project provides for a new freeway interchange to address traffic congestion. The project will be constructed in coordination with Caltrans and FHWA. Land acquistion is required.,Traffic is at Level of Service I and is severly impacted by stoppage for trains at the Coaster Station.,0,3394000,10000000,37000000,0,0,0,0,0,0,0,0,2009,2011,52333000,0,
2008,225,Engineering & Capital Projects,Streets and Bridges,Sports Arena Boulevard - Rosecrans Street to Midway Drive,52-503.0,Council District: 2; Community Plan: Midway/Pacific Highway Corridor,378641,378641,"This project provides for modifying the intersection of Sports Arena Boulevard, Rosecrans Street and Camino del Rio West and widening Sports Arena Boulevard to a six-lane major street between Midway Drive and Rosecrans Street by modifying the median and restriping the street. This project description is preliminary and the amounts shown below only reflect the funding currently programmed. The total funding needs of the project will be determined, once a final scope of work is established.","The eastbound traffic on Sports Arena Boulevard will be able to continue eastbound through the intersection of Sports Arena Boulevard/Rosecrans Street/Camino del Rio. Widening Sports Arena Boulevard will improve the traffic circulation. The average number of daily trips forecast for this segment of Sports Arena Boulevard is 50,000.",0,0,0,0,0,0,0,0,0,0,0,0,,,378641,0,
2008,226,Engineering & Capital Projects,Streets and Bridges,Spring Canyon Road between Scripps Ranch Boulevard and Pomerado Road,52-307.0,Council District: 5; Community Plan: Scripps Miramar Ranch,35000,785000,This project provides for the installation of traffic signals at three locations and the construction of raised medians at a number of intersections to reduce cut-through traffic on local collector streets. The project includes interconnection of the traffic signals in the segment. Specific locations will be determined by a traffic study which is included in this scope of work.,The traffic signals will allow pedestrians to cross at controlled intersections. The raised medians at the three intersections will provide additional control of the traffic movements. The additional raised medians at specific intersections will reduce cut-through traffic on local collector streets. Interconnecting the traffic signals will be an effective means of controlling traffic speeds without sacrificing roadway capacity.,0,750000,0,0,0,0,0,0,0,0,0,0,2009,2009,785000,0,
2008,227,Engineering & Capital Projects,Streets and Bridges,Spruce Street Pedestrian Bridge Emergency Repair,54-013.0,Council District: 2; Community Plan: Uptown,78818,78818,This project provides for the repair of suspension cables and bridge towers to extend the service life of the bridge.,"The Spruce Street Bridge is a historic suspension bridge that was constructed in 1913. In 1986, restoration work was done to help maintain the structural integrity of the bridge. Currently, the aged Spruce Street Bridge has experienced continued deterioration, which affects service life and overall safety.",0,0,0,0,0,0,0,0,0,0,0,0,,,78818,0,
2008,228,Engineering & Capital Projects,Streets and Bridges,State Route 163 and Friars Road,52-455.0,Council District: 6; Community Plan: Mission Valley,4213936,52165584,"This project provides for construction of a new southbound State Route 163 to westbound Friars Road off-ramp, widening of the Friars Road overcrossing structure to eight lanes extending to Frazee Road, construction of a third westbound lane on Friars Road to Fashion Valley Road, the addition of an exclusive right-turn lane on southbound Frazee Road to westbound Friars Road, other modifications to the existing on and off-ramps, and improvements to the existing State Route 163 southbound travel lanes to improve the weaving problems. This project also includes an auxiliary lane on southbound State Route 163 from Genesee Avenue to westbound Interstate 8, which requires major structural work to widen the bridge over the San Diego River. Additionally, over 5,300 feet of retaining walls will need to be constructed along State Route 163 and Friars Road, including one that is over 30 feet high.",This project will alleviate some of the severe traffic delays along Friars Road due to new development in Mission Valley and the backup that occurs on the existing southbound off-ramp because of the weaving situation with the southbound on-ramp.,0,5000000,4951648,38000000,0,0,0,0,0,0,0,0,2009,2011,52165584,0,
2008,230,Engineering & Capital Projects,Streets and Bridges,State Route 56/Interstate 15 Interchange Improvements,52-771.0,Council District: 1; Community Plan: Pacific Highlands Ranch,1160000,1160000,This project provides for the design and construction of the missing loop ramp in the southeast quadrant of SR-56 at I-15 in Rancho Penasquitos for eastbound to northbound movements to eliminate the need for making left turns at the existing traffic signal. It will also widen the southbound to westbound ramp and the eastbound to southbound ramp per the Pacific Highlands Ranch Public Facilities Financing Plan - T-1.6 and the Black Mountain Ranch Public Facilities Financing Plan - Project T-56.,"This facility is required to accommodate the additional traffic generated as a result of development in the I-15 Corridor, with Pacific Highlands Ranch contributing its fair share based on percentage of increased traffic.",0,0,0,0,0,0,0,0,0,0,0,0,,,1160000,0,
2008,231,Engineering & Capital Projects,Streets and Bridges,State Route 905,52-697.0,Council District: 8; Community Plan: Otay Mesa,4387500,4387500,This project provides the debt service for TransNet funding used for the City's contribution to the State Route 905 project.,"From Fiscal Year 2003 through Fiscal Year 2007, the two Facilities Benefit Assessments within the State Route 905 Corridor and the Otay Mesa community planning area will reimburse the TransNet funding utilized in prior fiscal years.",0,0,0,0,0,0,0,0,0,0,0,0,,,4387500,0,
2008,232,Engineering & Capital Projects,Streets and Bridges,Streamview Drive Improvement - 54th Street to College Avenue,52-588.0,Council District: 7; Community Plan: Mid-City,237000,2107000,"This project provides for street improvements on Streamview Drive (from 54th Street to College Avenue) to reduce excessive speeds, increase safety and enhance visual impacts.","A study is required to determine solutions to several problems on Streamview Drive. Design solutions and construction, predicated on the study, will address these problems.",0,430000,200000,1240000,0,0,0,0,0,0,0,0,2009,2011,2107000,0,
2008,233,Engineering & Capital Projects,Streets and Bridges,Thorn Street Median Improvements,52-406.0,Council District: 3; Community Plan: Greater North Park,221200,431200,This project provides for the construction of a landscaped median along Thorn Street between 33rd Street and Felton Street in Greater North Park.,This project provides for traffic calming.,0,0,210000,0,0,0,0,0,0,0,0,0,2010,2010,431200,0,
2008,234,Engineering & Capital Projects,Streets and Bridges,Torrey Pines Road - Slope Reconstruction,52-674.0,Council District: 1; Community Plan: La Jolla,326220,1256220,This project provides for reconstructing a 350-foot section of earthen slope along the south side of Torrey Pines Road between Lookout Drive and Roseland Drive.,The existing slope is eroding. This project will eliminate the possibility of soil slough landing in the travel lane of a primary arterial street.,0,0,930000,0,0,0,0,0,0,0,0,0,2010,2010,1256220,0,
2008,235,Engineering & Capital Projects,Streets and Bridges,University Avenue Mobility Project,52-766.0,Council District: 3; Community Plan: Greater North Park,200000,9200000,"This project provides for multi-modal improvements along University Avenue from Florida Street to Boundary Street. The project includes the installation of landscaped and painted medians, restriping of University Avenue, and installation of pedestrian pop-outs. Additional improvements include the removal of an old traffic signal and installation of two new traffic signals, three enhanced pedestrian crossings with in-pavement flashers, 110 pedestrian countdown signal heads, eastbound and westbound transit/right-turn only lanes, and new bicycle racks.","This project will significantly improve safety and mobility along the corridor for pedestrians, bicyclists, transit, and automobile traffic.",0,500000,1700000,800000,6000000,0,0,0,0,0,0,0,2009,2012,9200000,0,
2008,236,Engineering & Capital Projects,Streets and Bridges,University Avenue Sidewalk from 54th St to 68th St,52-761.0,Council District: 7; Community Plan: Mid-City,500000,3000000,"This project provides for the installation of approximately 16,000 feet of new concrete sidewalk on both sides of University Avenue from 54th Street to 68th Street.",The existing sidewalk has settled and cracked necessitating replacement in order to provide safe pedestrian access. Portions of University Avenue within the limits of this project are without sidewalks. New sidewalk will be constructed in these areas.,0,0,2500000,0,0,0,0,0,0,0,0,0,2010,2010,3000000,0,
2008,237,Engineering & Capital Projects,Streets and Bridges,University Avenue Street Lights from 54th Street to 68th Street,52-762.0,Council District: 7; Community Plan: Mid-City,500000,500000,This project provides for the installation of approximately 47 additional street lights on both sides of University Avenue from 54th Street to 68th Street.,The existing street lighting within the project limits does not meet the current City standard for transit corridor lighting requirements.,0,0,0,0,0,0,0,0,0,0,0,0,,,500000,0,
2008,238,Engineering & Capital Projects,Streets and Bridges,Village Loop Road - Carmel Valley Road East to Property Line,52-770.0,Council District: 1; Community Plan: Pacific Highlands Ranch,2880000,3212800,"This project provides for construction of Village Loop Drive, from the intersection of Del Mar Heights Road and Carmel Valley Road easterly to the property line (approximately 2,000 linear feet), as a four-lane collector roadway within a 108 foot right-of-way route providing access to the high school site and the core residential areas.","This project is dependent upon the development of the high school, community park, and core residential area including the village area of the community.",0,0,332800,0,0,0,0,0,0,0,0,0,2010,2010,3212800,0,
2008,239,Engineering & Capital Projects,Streets and Bridges,West Mission Bay Drive Bridge over Mission Bay Channel Seismic Retrofit,53-055.0,Council District: 2; Community Plan: Mission Bay Park,9822491,9822491,This project provides for the seismic retrofit which will consist of stabilizing the existing piers and joining the paired piers together at the waterline to increase support during seismic event.,The West Mission Bay Drive Bridge over Misssion Bay Channel has been identified as a seismically deficient bridge by Caltrans.,0,0,0,0,0,0,0,0,0,0,0,0,,,9822491,0,
2008,240,Engineering & Capital Projects,Streets and Bridges,West Mission Bay Drive Bridge over San Diego River,52-643.0,"Council District: 2; Community Plan: Midway/Pacific Highway Corridor, Mission Bay Park, Peninsula",3574000,62317000,This project provides for replacing the existing four-lane West Mission Bay Drive bridge with a six-lane bridge.,A six-lane facility is needed to accommodate both the existing and the projected future traffic volumes. It was determined that a bridge replacement was more cost effective than widening the existing bridge.,0,100000,100000,100000,2600000,200000,55643000,0,0,0,0,0,2009,2014,62317000,0,
2008,241,Engineering & Capital Projects,Traffic Control,25th Street Renaissance Project,62-332.0,Council District: 3; Community Plan: Greater Golden Hill,0,850000,"This project provides for the construction of pedestrian amenities, traffic calming, streetscape improvements and parking along 25th Street from Highway 94 to Balboa Park. The focus of the improvements is between Broadway and B Street.",This project will provide traffic calming and improve pedestrian safety.,0,200000,650000,0,0,0,0,0,0,0,0,0,2009,2010,850000,0,
2008,242,Engineering & Capital Projects,Traffic Control,Annual Allocation - Guard Rails,68-006.0,Council District: Citywide; Community Plan: Citywide,0,200000,This annual allocation provides for installing new and replacing old guard rails along streets where needed.,The City maintains an ongoing program to promote safety within the public right-of-way. Analysis of accident patterns at a particular location will occasionally show that some minor improvements in the area will help to reduce the number and/or severity of accidents. This annual allocation provides the flexibility necessary for timely initiation of such improvements.,0,200000,0,0,0,0,0,0,0,0,0,0,2009,2009,200000,0,
2008,243,Engineering & Capital Projects,Traffic Control,Annual Allocation - School Traffic Safety Improvements,68-017.0,Council District: Citywide; Community Plan: Citywide,,329900,"This annual allocation provides for development of preferred, safe routes to school through the installation of traffic signals, based on deficiency assessments. The Engineering and Capital Projects Department maintains a list of candidate locations in order of priority, which will be used to select locations for funding every year. This allocation can also be used to match State or federal grants for the purpose of installing traffic control devices at school locations.",,,329900,,,,,,,,,,,2009,2009,329900,0,
2008,244,Engineering & Capital Projects,Traffic Control,Annual Allocation - Street Lights - Citywide,52-293.0,Council District: Citywide; Community Plan: Citywide,,617460,This annual allocation provides for installing City-owned safety street lights where needed.,"Additional street lights will increase the level of lighting for motorists, bicyclists and pedestrians on public streets. Transit users are especially reliant on adequate street lighting. Street lights are required at all intersections. Mid-block street light spacing has been reduced in recent years from 800 feet to 150 feet within one-quarter mile of transit stops and to 300 feet in other areas. Previous funding has not kept pace with requests for additional street lights. Streets in census tracts in which the crime rate is 1.5 times greater than the citywide average for two or more consecutive years receive priority funding.",,617460,,,,,,,,,,,2009,2009,617460,0,
2008,245,Engineering & Capital Projects,Traffic Control,Annual Allocation - Traffic Control/Calming Measures,61-001.0,Council District: Citywide; Community Plan: Citywide,,791414,"This annual allocation provides for installing traffic control measures at locations to be identified in ""Smart Growth"" areas on an as-needed basis where sudden changes in the character of traffic, such as increased volumes and new route patterns, make it necessary to provide positive traffic control measures on an accelerated time schedule and respond to a variety of traffic concerns in residential neighborhoods, ranging from speeding motorists and shortcutting traffic to pedestrian safety and education. Solutions used include the construction of flashing beacons and geometric design features such as road humps and traffic islands.","This annual allocation is needed to mitigate many of the traffic problems that exist today on residential streets such as speeding, shortcutting traffic, and pedestrian safety, and to react to sudden changes in traffic characteristics.",,791414,,,,,,,,,,,2009,2009,791414,0,
2008,246,Engineering & Capital Projects,Traffic Control,Annual Allocation - Traffic Signal Interconnect Projects,62-331.0,Council District: Citywide; Community Plan: Citywide,,100000,This annual allocation provides for installing traffic signal interconnect systems citywide to increase central communication.,This project provides for traffic signal coordination and interconnection citywide.,,100000,,,,,,,,,,,2009,2009,100000,0,
2008,247,Engineering & Capital Projects,Traffic Control,Annual Allocation - Traffic Signals - Citywide,68-010.0,Council District: Citywide; Community Plan: Citywide,,471635,This annual allocation provides for installing traffic signals at high-priority locations and the City's share of the costs of traffic signals undertaken in cooperation with others.,"The City maintains an inventory of candidate intersections which are periodically surveyed for significant changes in operating conditions. Installing traffic signals in select intersection provides for the orderly movement of traffic, increased traffic handling capacity, reduced frequency of accidents, and for improved traffic flow. Signals also permit vehicles and pedestrians from a minor street to enter or cross continuous traffic on the major street. Cost-sharing opportunities arise at intersections with a State highway, a County road, or a street that is the responsibility of another city. The criteria for installing traffic signals are governed by Council Policy 200-6.",,471635,,,,,,,,,,,2009,2009,471635,0,
2008,248,Engineering & Capital Projects,Traffic Control,Annual Allocation - Traffic Signals - Cooperative Projects,68-001.0,Council District: Citywide; Community Plan: Citywide,,200000,This annual allocation provides for the City's share of the cost of traffic signal improvements undertaken in cooperation with others.,"It is often beneficial for the City to share in the cost of traffic signal improvements undertaken in cooperation with other parties. The most common situation involves the intersection of a City street with a State highway, County road, or street that is the responsibility of another city. This project provides the flexibility necessary for timely initiation of these improvements.",,200000,,,,,,,,,,,2009,2009,200000,0,
2008,249,Engineering & Capital Projects,Traffic Control,Annual Allocation - Traffic Signals - Modifications/Modernization,68-011.0,Council District: Citywide; Community Plan: Citywide,,1372189,"This annual allocation provides for upgrading existing traffic signals as necessary to improve traffic flow and promote safety. Improvements may include conversion from post-mounted to mast-arm-mounted indicators, addition of pedestrian signals, and additional phases to accommodate separate turning moves.","The City maintains an ongoing program to promote safety within the public right-of-way. Analysis of accident patterns at a particular location often shows that some minor improvement would help to reduce the number and/or severity of accidents. Increasing traffic volumes and changing traffic patterns typically reduce the effectiveness and efficiency of existing traffic signal controls at certain intersections, warranting upgrades.",,1372189,,,,,,,,,,,2009,2009,1372189,0,
2008,250,Engineering & Capital Projects,Traffic Control,"Ash Street at 2nd, 3rd, 7th, and 9th Avenues",62-210.0,Council District: 2; Community Plan: Centre City,20000,120000,"This project provides for modifying existing traffic signals on Ash Street at the instersections of Second, Third, Seventh, and Ninth Avenues.",The traffic signals at these intersections meet the Criteria for Installation requirements per Council Policy 200-06.,0,0,100000,0,0,0,0,0,0,0,0,0,2010,2010,120000,0,
2008,251,Engineering & Capital Projects,Traffic Control,Del Mar Heights Road Traffic Signal Interconnect,62-328.0,"Council District: 1; Community Plan: Carmel Valley, Torrey Pines",184500,184500,"This project provides for the installation of traffic signal interconnect systems on Del Mar Heights Road from Mango Drive to Carmel Canyon Road, El Camino Real from Half Mile Drive to High Bluff Drive, and Carmel Country Road from Del Mar Heights Road to Townsgate Drive. The system will provide central communication to 16 traffic signals, improving traffic control.","This project will accommodate the need to centrally control heavily-traveled arterials and provide constant surveillance for efficient traffic signal operation and maintenance. The benefits include reduced stops, delays, fuel consumption and emissions.",0,0,0,0,0,0,0,0,0,0,0,0,,,184500,0,
2008,252,Engineering & Capital Projects,Traffic Control,Navajo Road Traffic Signal Interconnect,62-329.0,Council District: 7; Community Plan: Navajo,51000,51000,This project provides for traffic signal communication between seven traffic signals on Navajo Road from Park Ridge Boulevard to Lake Murray Boulevard. Wireless interconnect systems will be used in order to avoid street trenching.,"This project will accommodate the need to centrally control heavily-traveled arterials and provide constant surveillance for efficient traffic signal operation and maintenance. The benefits include reduced stops, delays, fuel consumption and emissions.",0,0,0,0,0,0,0,0,0,0,0,0,,,51000,0,
2008,253,Engineering & Capital Projects,Traffic Control,Pacific Highlands Ranch Traffic Signals,68-020.0,Council District: 1; Community Plan: Pacific Highlands Ranch,2400000,2400000,This project provides for installing up to 16 different traffic signals within the Pacific Highland Ranch Community.,These signals will be installed as a part of the traffic control system for the Pacific Highlands Ranch community. They are needed to accommodate the increase in traffic generated by this community.,0,0,0,0,0,0,0,0,0,0,0,0,,,2400000,0,
2008,254,Engineering & Capital Projects,Traffic Control,Safe Routes to School - Central Elementary School,62-267.0,Council District: 3; Community Plan: Mid-City,435000,435000,This project provides for pedestrian improvements in the vicinity of Central Elementary School. Proposed improvements include curb extensions and enhanced paved crosswalks.,Improvements in the vicinity of Central Elementary School will provide traffic calming elements to reduce traffic.,0,0,0,0,0,0,0,0,0,0,0,0,,,435000,0,
2008,255,Engineering & Capital Projects,Traffic Control,Safe Routes to School Program - Willow Elementary School,62-266.0,Council District: 8; Community Plan: San Ysidro,500000,650000,"This project provides for improved pedestrian safety around Willow Elementary School. The scope includes the construction of new sidewalks, retaining walls, curb ramps, curb extensions, an enhanced school entry crosswalk, and solar flashing beacon crossing equipment.","The area surrounding Willow Elementary School has high automobile, bicycle, and pedestrian injury rates. This project will provide a safer walking environment for both students and members of the community.",0,150000,0,0,0,0,0,0,0,0,0,0,2009,2009,650000,0,
2008,256,Engineering & Capital Projects,Traffic Control,Traffic Signals - Modifications/Modernization - Development Impact Fee Funded,62-290.0,Council District: Citywide; Community Plan: Citywide,100954,100954,"This project provides for upgrading existing traffic signals as necessary to improve traffic flow and promote safety. Improvements may include the addition of mast-arm-mounted signal heads, the addition of pedestrian signals, and the modification of medians to accommodate separate turning lanes.",Increasing traffic volumes and changing traffic patterns typically reduce the effectiveness and efficiency of traffic signal controls at certain intersections. This project funds modification to traffic signals in various urbanized communities for improved traffic control.,0,0,0,0,0,0,0,0,0,0,0,0,,,100954,0,
2008,257,Engineering & Capital Projects,Traffic Control,Via Capri Traffic Calming Project,62-333.0,Council District: 1; Community Plan: La Jolla,0,100000,"This project provides for the construction of curb pop-outs on Via Capri at Hidden Valley Road and a traffic circle on Via Capri at Senn Way. This project will include excavation, tree removal, and installation of new curb, gutter, sidewalk, pavement, and landscaping.",This project will increase the level of safety in the community of La Jolla by reducing automobile traffic speed.,0,100000,0,0,0,0,0,0,0,0,0,0,2009,2009,100000,0,
2008,265,Environmental Services,Energy Program,Citywide Energy Improvements,37-041.0,Council District: Citywide; Community Plan: Citywide,450000,1550000,"This project provides for energy efficiency improvements in City facilities. Projects typically address lighting, air conditioning, chiller, pumping and fan systems. Newer, more efficient technologies greatly reduce energy consumption.","Energy efficiency improvements repay capital costs in one to nine years, depending upon the project. The energy savings continue each year thereafter. Energy audits are performed in a variety of City owned facilities to identify opportunities for energy savings.",0,500000,200000,200000,200000,0,0,0,0,0,0,0,2009,2012,1550000,0,
2008,266,Environmental Services,Enviro. Protection,Underground Hazardous Materials Storage Tanks,33-084.0,Council District: Citywide; Community Plan: Citywide,,0,"This project provides for implementing the Citywide Underground Hazardous Materials Storage Tank Master Plan. The Master Plan addresses the removal, installation, closure, site assessment and mitigation, replacement, testing, and rehabilitation of the 69 City-owned underground storage tanks (USTs). Site assessment and mitigation activities related to 32 unauthorized releases are ongoing to maintain regulatory compliance, eligibility for State reimbursement, protection of groundwater and public health and safety. In addition, 12 USTs are required to have Phase II Enhanced Vapor Recovery (EVR) systems in place by April 2009 per the State of California.","The State Underground Storage of Hazardous Substances Law (Sher Bill AB 1362) and SB989 established guidelines and regulations for the design, installation, rehabilitation, testing and maintenance, triennial integrity testing of secondary containment components, and monthly facility inspections by a ""Designated UST Operator."" Non-compliance with UST laws or site assessment and mitigation (SA/M) requirements may make the City ineligible for reimbursement of an estimated $4.0 million in current and future SA/M costs as well as liable for civil penalties of up to $25,000 per day per site.",,0,,,,,,,,,,,,,0,0,
2008,268,Environmental Services,Facilities,Environmental Services Facilities Improvement,37-074.0,Council District: 6; Community Plan: Kearny Mesa,0,298524,"This project provides for needed facility improvements for the Environmental Services Department. Facilities include the Ridgehaven building, Miramar Operations Station, and facilities at the Miramar Landfill.","The Ridgehaven Facility is scheduled for a heating, ventilation and air conditioning (HVAC) system replacement. No capital upgrades are required at this time for the Miramar Operations Station or facilities at the Miramar Landfill.",0,122194,176330,0,0,0,0,0,0,0,0,0,2009,2010,298524,0,
2008,269,Environmental Services,Refuse Disposal,Annual Allocation - Groundwater Monitoring Network,32-017.0,Council District: Citywide; Community Plan: Citywide,,250000,"This annual allocation provides for minor improvements to existing Groundwater Monitoring Networks at all closed and operating landfills managed by the City. Such improvements may include new facilities to monitor groundwater, preparation of reports necessary to modify the groundwater monitoring programs, or potential groundwater mitigation measures.","This project provides the flexibility necessary to respond to operational issues and possible changes in the Groundwater Monitoring Program required by Title 23, Chapter 15, Article 5 of the California Code of Regulations.",,250000,,,,,,,,,,,2009,2009,250000,0,
2008,270,Environmental Services,Refuse Disposal,Annual Allocation - Minor Landfill Requirements,37-004.0,Council District: Citywide; Community Plan: Citywide,,250000,"This annual allocation provides for minor improvements to existing sanitary landfills to comply with operating permits and regulatory requirements. Such improvements may include fencing, access roads, drains, small structures, and environmental protection projects.",This project provides the flexibility for timely initiation of minor improvements and construction needed to meet operational and regulatory requirements.,,250000,,,,,,,,,,,2009,2009,250000,0,
2008,271,Environmental Services,Refuse Disposal,Arizona Landfill - Closure,32-011.0,Council District: 3; Community Plan: Balboa Park,1158542,1673542,This project provides for modifications to the existing landfill gas collection system at the Arizona Landfill to enhance operations and maintain regulatory compliance.,Federal and State waste disposal legislation require proper environmental safeguards to control landfill gas.,0,60000,60000,60000,65000,65000,65000,70000,70000,0,0,0,2009,2016,1673542,0,
2008,272,Environmental Services,Refuse Disposal,Future Waste Management Disposal and Processing Facilities,37-254.0,Council District: Citywide; Community Plan: Citywide,9649697,74806797,"This project provides for the development and construction of solid waste disposal and processing options, which may include a new landfill and transfer facility. Strategic planning, potential land acquisition, design, construction, environmental review and potential purchase of mitigation property are all within the scope of the project.","The City must continue to have adequate disposal or processing facilities for the solid waste it generates each year. Technology to recover and/or convert portions of refuse material into an energy base is being explored and developed. However, it appears that there will always be a need for landfilling part of the generated waste stream and residue from other solid waste disposal facilities.",0,1750000,43450000,5100000,3785700,3785700,3785700,1750000,1750000,0,0,0,2009,2016,74806797,0,
2008,273,Environmental Services,Refuse Disposal,Miramar Landfill Greenery Expansion,37-057.0,Council District: None; Community Plan: No Community Planning Area,0,200000,"This project provides for the expansion of the existing Miramar greenery operation currently located at the Miramar Landfill. The expansion of curbside greens collection to additional neighborhoods in the City will increase the tonnage coming into the facility, requiring additional acreage and equipment.",Expansion of curbside greens collection will increase the diversion of solid waste required by the State of California. The current facility is operating at maximum capacity. A larger facility is required to process the increased tonnage expected as a result of expanded curbside pickup.,0,200000,0,0,0,0,0,0,0,0,0,0,2009,2009,200000,0,
2008,274,Environmental Services,Refuse Disposal,South Chollas Landfill - Gas Upgrades,32-018.0,Council District: 4; Community Plan: Mid-City,570000,1911000,This project provides for modifying the existing landfill gas collection system to enhance operations and maintain regulatory compliance.,Federal and State waste disposal legislation require proper environmental safeguards to control landfill gas.,0,1040000,40000,40000,43000,43000,43000,46000,46000,0,0,0,2009,2016,1911000,0,
2008,275,Environmental Services,Refuse Disposal,South Miramar Landfill Slopes,32-024.0,Council District: None; Community Plan: No Community Planning Area,10000,3010000,"This project provides cover material, grading, drainage, and site improvements at the inactive South Miramar Landfill.",This project is required in order to maintain compliance with various State and federal regulatory requirements.,0,1500000,1500000,0,0,0,0,0,0,0,0,0,2009,2010,3010000,0,
2008,276,Environmental Services,Refuse Disposal,Unclassified Disposal/Burn Site Closures,32-010.0,Council District: Citywide; Community Plan: Citywide,199705,1622705,This project provides for preliminary assessments and remediation of various burn sites and unclassified disposal sites. These sites have been identified as potential health or environmental risks.,Assessments are required to determine potential impacts to public health and the environment. Sites that are determined to pose potential impacts must be remediated to prevent any impacts.,0,155000,170000,170000,170000,185000,185000,185000,203000,0,0,0,2009,2016,1622705,0,
2008,277,Environmental Services,Refuse Disposal,West Miramar Phase II - Landfill Gas System,32-014.0,Council District: None; Community Plan: No Community Planning Area,400000,3060000,This project provides for a landfill gas collection system for the West Miramar Phase II Landfill.,This improvement is required in order to maintain compliance with various State and federal regulatory requirements.,0,480000,480000,1700000,0,0,0,0,0,0,0,0,2009,2011,3060000,0,
2008,278,Environmental Services,Refuse Disposal,West Miramar Refuse Disposal Facility - Phase II,37-056.0,Council District: None; Community Plan: No Community Planning Area,51049764,53449764,"This project provides for continuing development of the West Miramar Landfill, located southwest of Marine Corps Air Station Miramar. The facility will accommodate over 35 million cubic yards of refuse fill on 807 acres. Phase II will develop the second half of the facility, including design and construction of entry roads and drainage systems, excavation, federally-mandated liner systems, and stockpiling and spreading of earthen materials. This project also includes development of the General Development Plan elements for the entire site.",These improvements are required in order to ensure compliance with conditions set forth in the operations permit issued by the California Integrated Waste Management Board and the Regional Water Quality Control Board.,0,300000,300000,300000,300000,300000,300000,300000,300000,0,0,0,2009,2016,53449764,0,
2008,281,Fire-Rescue,Fire,Fire Station 1 Rehabilitation,33-093.0,Council District: 2; Community Plan: Centre City,2017116,2017116,"This project provides for the design and construction of modifications to rehabilitate Fire Station 1 which include different floor layouts, new electrical plans, ventilation and exhaust extraction system, new roll up doors, modified asbestos abatement plans to include only portions to be disturbed as part of other improvements, modified mechanical/ventilation system designed for the new configuration, kitchen area remodel and a new accessible restroom. On March 27, 2007, the City Council approved (R-302472 and 302473) a cooperation agreement with the Redevelopment Agency for funding improvements and authorize the expenditure of funds needed to rehabilitate Fire Station 1 in an amount not to exceed $1.5 million.",This 29-year-old fire station is in need of repair and renovation in order to maintain a safe and livable facility.,0,0,0,0,0,0,0,0,0,0,0,0,,,2017116,0,
2008,282,Fire-Rescue,Fire,Fire Station 17 - Mid-City,33-080.0,Council District: 3; Community Plan: Mid-City,33624,5320888,"This project provides for reconstructing the 50-year-old fire station at 4206 Chamoune Avenue in the Mid-City area. The station will accommodate up to ten personnel, two fire apparatus and one paramedic unit. This is one of 12 projects included in the Fire and Life Safety Services Facility Improvement Program approved by the Mayor and City Council on February 27, 2001 per Council Resolution R-294609 and amended by the Mayor and City Council on April 16, 2002 per Council Ordinance O-19054.","This is the sixth busiest engine company in the United States. The present station, which has been in continuous service for the last 35 years, is in a state of deterioration.",0,0,5287264,0,0,0,0,0,0,0,0,0,2010,2010,5320888,0,
2008,283,Fire-Rescue,Fire,Fire Station 22 - Point Loma Reconstruction,33-102.0,Council District: 2; Community Plan: Peninsula,508161,4467494,"This project provides for the expansion of Fire Station 22, located at 1055 Catalina Boulevard in Point Loma. This is one of 12 projects included in the Fire and Life Safety Services Facility Improvement Program approved by the Mayor and City Council on February 27, 2001 per Council Resolution R-294609 and amended by the Mayor and City Council on April 16, 2002 per Council Ordinance O-19054.",The existing fire station was built in the early 1940s and is now too small to accommodate new fire engines.,0,0,3959333,0,0,0,0,0,0,0,0,0,2010,2010,4467494,0,
2008,284,Fire-Rescue,Fire,Fire Station 45 - Mission Valley,33-090.0,Council District: 6; Community Plan: Mission Valley,978692,10638000,"This project provides for a new station in Mission Valley (formerly named Fire Station 2). The station will accommodate up to 17 personnel, two engines, one aerial truck, two hazardous material apparatus, one paramedic ambulance and one Battalion Chief vehicle. In addition, this project provides for a mini-park adjacent to Fire Station 45. This is one of 12 projects included in the Fire and Life Safety Services Facility Improvement Program approved by the Mayor and City Council on February 27, 2001 per Council Resolution R-294609 and amended by the Mayor and City Council on April 16, 2002 per Council Ordinance O-19054.",A fire station is needed to serve the Mission Valley community. This project is consistent with City Council policy to meet response time guidelines.,0,0,6336653,3322655,0,0,0,0,0,0,0,0,2010,2011,10638000,0,
2008,285,Fire-Rescue,Fire,Fire Station 47 - Pacific Highlands Ranch,33-105.0,"Council District: 1; Community Plan: Pacific Highlands Ranch, Del Mar Mesa, Black Mountain Ranch",9174000,9195000,"This project provides for a 10,500 square foot fire station to serve the Pacific Highlands Ranch community. This station will have an engine and an aerial ladder truck. The project budget and funding reflect the Pacific Highlands Ranch Public Facilities Financing Plan for Fiscal Year 2006 as approved by the Mayor and City Council on December 7, 2004, per Resolution R-299980.",This is the second of three fire stations required to provide fire protection to the North City Planned Urbanizing Area.,0,21000,0,0,0,0,0,0,0,0,0,0,2009,2009,9195000,0,
2008,286,Fire-Rescue,Fire,Fire Station 5 - Hillcrest,33-104.0,Council District: 3; Community Plan: Uptown,141923,9086663,"This project provides for an approximate 10,200 square foot fire station located at 3902 9th Avenue. The existing fire station will be demolished and replaced by a new, modern fire station. This station will house a crew of eight and one Battalion Chief. It will accommodate one engine, one aerial truck, and one Battalion Chief vehicle. This is one of 12 projects included in the Fire and Life Safety Services Facility Improvement Program approved by the Mayor and City Council on February 27, 2001 per Council Resolution R-294609 and amended by the Mayor and City Council on April 16, 2002 per Council Ordinance O-19054.",The current station is 48 years old. The water and sewer service to the existing station is deteriorating and requires immediate repairs. The station is too small to accommodate a new style fire engine and the larger type of aerial ladder truck.,0,0,5766101,3178639,0,0,0,0,0,0,0,0,2010,2011,9086663,0,
2008,287,Fire-Rescue,Fire,Fire Station Major Component Replacement and Rehabilitation,33-098.0,Council District: Citywide; Community Plan: Citywide,161684,1892148,"This project provides for the replacement and/or rehabilitation of major structural and construction components in older fire facilities throughout the City. Included are electrical service upgrades, heating, ventilating and air-conditioning (HVAC), roofs, dormitory remodels, kitchen remodels, driveway and parking paving, exterior finishes and miscellaneous renovations. This is one of 12 projects included in the Fire and Life Safety Services Facility Improvement Program approved by the Mayor and City Council on February 27, 2001 per Council Resolution R-294609 and amended by the Mayor and City Council on April 16, 2002 per Council Ordinance O-19054.","The San Diego Fire-Rescue Department currently maintains 50 fire facilities. Over half of these facilities have been in service for more than 25 years. Many of the major components have exceeded their expected service life and must be replaced. The needs of modern technology and a diversified workforce also require changes in fire facility configuration, HVAC systems distribution and energy capacity.",0,0,1730464,0,0,0,0,0,0,0,0,0,2010,2010,1892148,0,
2008,288,Fire-Rescue,Fire,Otay Mesa and Otay Mesa/Nestor Fire Station,33-086.0,"Council District: 8; Community Plan: Otay Mesa, Otay Mesa/Nestor",1885000,10250000,"This project provides for an approximate 11,000 square foot fire station to serve the Otay Mesa and Otay Mesa/Nestor Communities. The fire station or facility will be located near the intersection of Palm Avenue and Del Sol Boulevard and will serve the community in addition to Fire Station 6 located at 693 Twining Avenue. The fire station or facility will accommodate two fire apparatus and a paramedic ambulance.",A second fire station is needed to serve the Otay Mesa Community and is consistent with City Council policy to provide five minute response times to all residential areas. Funding is included in the Otay Mesa Public Facilities Financing Plan.,0,0,8365000,0,0,0,0,0,0,0,0,0,2010,2010,10250000,0,
2008,289,Fire-Rescue,Fire,Paradise Hills/South Bay Terrace Fire Station,33-091.0,Council District: 4; Community Plan: Skyline/Paradise Hills,83935,9884548,This project provides for a new station in the Paradise Hills area to serve the Paradise Hills/South Bay Terrace area of San Diego.,This station is needed to serve the Paradise Hills/South Bay Terrace community and is consistent with City Council policy to provide five-minute response times to all residential areas.,0,0,6265388,3535225,0,0,0,0,0,0,0,0,2010,2011,9884548,0,
2008,290,Fire-Rescue,Fire,Skyline North Fire Stations,33-089.0,Council District: 4; Community Plan: Skyline/Paradise Hills,866176,9123325,"This project provides for an additional station to be located at 7180 Skyline Drive to better serve the growing community of Skyline/Paradise Hills. This is one of 12 projects included in the Fire and Life Safety Services Facility Improvement Program approved by the City Council on February 27, 2001 per Council Resolution R-294609 and amended by the City Council on April 16, 2002 per Council Ordinance O-19054.",An additional fire station is needed in this area to meet response time guidelines in this growing community.,0,0,4346002,3911147,0,0,0,0,0,0,0,0,2010,2011,9123325,0,
2008,291,Fire-Rescue,Lifeguard Services,Children's Pool - Lifeguard Station and Restroom Improvements,29-494.0,Council District: 1; Community Plan: La Jolla,215586,3900147,"This project provides for a new lifeguard station and family restroom at the Children's Pool in La Jolla. This is one of ten lifeguard projects included in the Fire and Life Safety Services Facility Improvement Program approved by the City Council on April 16, 2002, per Council Resolution R-296359 and Ordinance O-19054.",The existing structure is deteriorating and does not meet the current or future needs of Lifeguard Services.,0,0,1984414,1700147,0,0,0,0,0,0,0,0,2010,2011,3900147,0,
2008,292,Fire-Rescue,Lifeguard Services,La Jolla Cove Lifeguard Station,33-505.0,Council District: 1; Community Plan: La Jolla,206212,950000,"This project provides for the La Jolla Cove Lifeguard Station, located at 100 Coast Boulevard, which will be a year-round facility replacing the current station. The structure will include an observation tower, first aid room, and locker room/restroom areas for males and females. This project will also provide for an accessible ramp for the motlanding from the City right-of-way. This is one of ten lifeguard projects included in the Fire and Life Safety Services Facility Improvement Program approved by the City Council on April 16, 2002, per Council Resolution R-296359 and Ordinance O-19054.",The existing facility consists of a station constructed in the 1950s and an observation tower added in 1980. It is inadequate to accommodate staff or provide adequate water safety protection.,0,0,743788,0,0,0,0,0,0,0,0,0,2010,2010,950000,0,
2008,293,Fire-Rescue,Lifeguard Services,La Jolla Shores Lifeguard Station,33-503.0,Council District: 1; Community Plan: La Jolla,289843,2901000,"This project provides for the La Jolla Shores Lifeguard Station located at 8100 Camino del Oro, which will be a year-round facility replacing the current station. The structure will include an observation tower, first aid room, reception area, kitchen, locker room/restroom areas for males and females, and a separate facility for rescue vehicles and emergency equipment. This is one of ten lifeguard projects included in the Fire and Life Safety Services Facility Improvement Program approved by the Mayor and City Council on April 16, 2002, per Council Resolution R-296359 and Ordinance O-19054.",The existing facility was built in 1981 and is inadequate to accommodate current and future staff and to allow for adequate water safety protection to the public.,0,0,2611157,0,0,0,0,0,0,0,0,0,2010,2010,2901000,0,
2008,294,Fire-Rescue,Lifeguard Services,Lifeguard Headquarters and Boating Safety Unit Dock,33-508.0,Council District: 2; Community Plan: Mission Bay Park,2715000,9400000,"This project provides for construction of the Lifeguard Headquarters Boating Safety Unit Dock located at 2581 Quivira Court. The replacement facility will house lifeguards, mechanics, 24-hour, administrative, and training staff, and will provide an operation yard and storage for the rescue fleet. Construction of this lifeguard facility will occur in two phases. This is one of ten lifeguard projects included in the Fire and Life Safety Services Facility Improvement Program approved by the City Council on April 16, 2002, per Council Resolution R-296359 and Ordinance O-19054.","The existing facility and dock were constructed in 1956. They are inadequate to accommodate staff and equipment. During the January 2005 storms, the dock was damaged making it necessary for the Department to rent space at Driscol Pier to accommodate the boating equipment.",0,0,6685000,0,0,0,0,0,0,0,0,0,2010,2010,9400000,0,
2008,295,Fire-Rescue,Lifeguard Services,Mission Beach Lifeguard Station,33-507.0,Council District: 2; Community Plan: Mission Bay Park,94904,864400,"This project provides for remodeling the existing Mission Beach Station located at 3141 Oceanfront Walk. This is one of ten lifeguard projects included in the Fire and Life Safety Services Facility Improvement Program approved by the Mayor and City Council on April 16, 2002 per Council Resolution R-296359 and Ordinance O-19054.",The existing facility consists of a station constructed in 1974 and does not accommodate changing workforce demographics.,0,0,769496,0,0,0,0,0,0,0,0,0,2010,2010,864400,0,
2008,296,Fire-Rescue,Lifeguard Services,North Pacific Beach Lifeguard Station,33-502.0,Council District: 2; Community Plan: Pacific Beach,149000,3000000,"This project provides for the North Pacific Beach Lifeguard Station to be located at the foot of Diamond Street, which will be a year-round facility replacing the current station seasonal towers. The structure will include an observation tower, first aid room, reception area, kitchen, locker room and restroom areas for males and females, and a rescue vehicle and emergency equipment facility. This is one of ten lifeguard projects included in the Fire and Life Safety Services Facility Improvement Program approved by the Mayor and City Council on April 16, 2002 per Council Resolution R-296359 and Ordinance O-19054.",The current facility (a mobile storage unit) is inadequate to accommodate staff or provide adequate water safety protection to the public.,0,0,2851000,0,0,0,0,0,0,0,0,0,2010,2010,3000000,0,
2008,297,Fire-Rescue,Lifeguard Services,Pacific Beach Lifeguard Tower and Grand Avenue Restroom,29-473.0,Council District: 2; Community Plan: Pacific Beach,4807666,4807666,"This project provides for the design of a permanent lifeguard tower, restroom and changing room facility, demolishing the existing 1968 combination structure, and constructing replacement facilities, separately, on the Pacific Beach oceanfront at the foot of Grand Avenue. This project has been consolidated with CIP 33-501.0, South Pacific Beach Lifeguard Station. This is one of ten lifeguard projects included in the Fire and Life Safety Services Facility Improvement Project approved by the Mayor and City Council on April 16, 2002 per Council Resolution R-296359 and Ordinance O-19054.","This combination facility was constructed at the foot of Grand Avenue in Pacific Beach in 1968 and is deteriorated, undersized, and not compliant with the Americans with Disabilities Act. The garage is not large enough to fit modern lifeguard vehicles.",0,0,0,0,0,0,0,0,0,0,0,0,,,4807666,0,
2008,298,Fire-Rescue,Lifeguard Services,South Mission Beach Lifeguard Station,33-504.0,Council District: 2; Community Plan: Mission Beach,219936,3199995,"This project provides for the South Mission Beach Station located at 700 North Jetty Road, which will be a year-round facility replacing the current station. The structure will include an observation tower, first aid room, reception area, kitchen, locker room and restroom areas for males and females, and a rescue vehicle and emergency equipment facility. This is one of ten lifeguard projects included in the Fire and Life Safety Services Facility Improvement Program approved by the Mayor and City Council on April 16, 2002 per Council Resolution R-296359 and Ordinance O-19054.",The existing facility was constructed in 1974 and was intended to be a temporary lifeguard station. It is inadequate to accommodate staff or to provide adequate water safety protection.,0,0,2980059,0,0,0,0,0,0,0,0,0,2010,2010,3199995,0,
2008,303,General Services,Facilities,Annual Allocation - City Facilities Improvements,37-068.0,Council District: Citywide; Community Plan: Citywide,,31800000,"This annual allocation provides for capital improvements at all City facilities. Potential improvements include roof; heating, ventilation, and air conditioning; and elevator replacements.",Several City owned facilities are aged and in need of repair. High priority repairs will be completed with this project. Funding for this annual allocation will ensure the facilities remain safe.,,31800000,,,,,,,,,,,2009,2009,31800000,0,
2008,304,General Services,Streets and Bridges,Resurfacing of City Streets,59-001.0,Council District: Citywide; Community Plan: Citywide,,45437544,This annual allocation provides for street resurfacing.,Resurfacing of City streets is necessary to maintain the streets in serviceable condition and prevent deterioration of the roadway.,,45437544,,,,,,,,,,,2009,2009,45437544,0,
2008,305,General Services,Streets and Bridges,Sidewalks - Replacement and Reconstruction,59-002.0,Council District: Citywide; Community Plan: Citywide,,7500000,This annual allocation provides for sidewalk reconstruction and replacement.,Replacement of sidewalks is necessary to prevent deterioration of public walkways.,,7500000,,,,,,,,,,,2009,2009,7500000,0,
2008,306,General Services,Traffic Control,Traffic Signals - Replace Obsolete Controllers,63-002.0,Council District: Citywide; Community Plan: Citywide,,75000,This annual allocation provides for replacing obsolete and/or out-of-production traffic signal controller units.,"Present day requirements for coordinated signal operation, protected left turns, and emergency vehicle preemption are increasingly difficult or impossible to incorporate into some older controller units now in service. Older units function with moving parts and electrical contacts, both of which are subject to wear. Maintenance costs are increasing and parts are becoming difficult to find. The new controllers are solid-state, less costly to maintain, and more adaptable to today's needs.",,75000,,,,,,,,,,,2009,2009,75000,0,
2008,309,Library,Library,Balboa Branch Library (Clairemont Mesa),35-102.0,Council District: 6; Community Plan: Clairemont Mesa,296907,7252000,"This project provides for a new 15,000 square-foot branch library on the current site to replace the existing facility at 4255 Mount Abernathy. This project is part of the 21st Century Library System/Library Department Facility Improvements Program.","The existing undersized facility provides inadequate library services to the community. There are no meeting room facilities, no computer lab, nor adequate seating and collection space.",0,0,0,6955093,0,0,0,0,0,0,0,0,2011,2011,7252000,0,
2008,310,Library,Library,Kensington-Normal Heights Library,35-065.0,Council District: 3; Community Plan: Mid-City,25000,2496530,"This project provides for a 2,000 square-foot expansion of the existing building at 4121 Adams Avenue.",The Kensington/Normal Heights Branch Library is the smallest branch in the Library System. The community has expressed a desire for the library to remain at the same location.,0,0,0,2471530,0,0,0,0,0,0,0,0,2011,2011,2496530,0,
2008,311,Library,Library,Logan Heights Branch Library,35-101.0,Council District: 8; Community Plan: Southeastern San Diego,13102403,13702403,"This project provides for a new 25,000 square foot library at 28th Street and Ocean View Boulevard to serve the Logan Heights Community between the elementary school and the Memorial Charter Middle School. This project was awarded a grant under the State Library Bond Act.","The Logan Heights Branch Library, located at 811 South 28th Street in the heart of Logan Heights, was built in 1927 and serves a community of 28,883. The 3,967 square foot building has no meeting rooms or a computer lab for its residents and work spaces for staff are very constrained. Updating the existing telecommunications infrastructure is not feasible in the existing facility due to its age and inadequate size. In addition, there is no on-site parking.",0,600000,0,0,0,0,0,0,0,0,0,0,2009,2009,13702403,0,
2008,313,Library,Library,Mission Hills Branch Library,35-096.0,Council District: 3; Community Plan: Uptown,2991500,9947000,"This project provides for a 15,000 square-foot library at a site adjacent to the Florence Elementary School, on a block bounded by Front Street, Washington Street, Albatross Street and University Avenue. This project will serve the Mission Hills and Hillcrest neighborhoods and is part of the 21st Century Library System/Library Department Facility Improvements Program.","The current facility is too small to provide adequate library services to the community. There are no meeting room facilities, no computer lab, nor adequate seating space.",0,0,0,6955500,0,0,0,0,0,0,0,0,2011,2011,9947000,0,
2008,314,Library,Library,North Park Branch Library,35-104.0,Council District: 3; Community Plan: Greater North Park,515307,14078598,"This project provides for a new 25,000 square-foot library at an unspecified site to replace the existing facility at 3795 31st Street. This project is part of the 21st Century Library System/Library Department Facility Improvements Program.","The existing facility is too small to provide adequate library services to the community. There are no meeting room facilities, no computer lab, nor adequate seating and collection space.",0,0,0,13563291,0,0,0,0,0,0,0,0,2011,2011,14078598,0,
2008,315,Library,Library,Ocean Beach Branch Library,35-100.0,Council District: 2; Community Plan: Ocean Beach,2243360,10108220,"This project provides for a 15,000 square-foot library using the current site and adjacent property to serve the Ocean Beach community. This project is part of the 21st Century Library System/Library Department Facility Improvements Program.","The current facility, originally built in 1927, is too small to provide adequate library services to the community. There are no meeting room facilities, no computer lab, nor adequate seating space.",0,0,0,7864860,0,0,0,0,0,0,0,0,2011,2011,10108220,0,
2008,317,Library,Library,Paradise Hills Branch Library,35-106.0,Council District: 4; Community Plan: Skyline/Paradise Hills,73085,8939533,"This project provides for a new 15,000 square-foot library at an unspecified site to replace the existing facility located at 5922 Rancho Hills Drive. This project is part of the 21st Century Library System/Library Department Facility Improvements Program.","The existing facility is too small to provide adequate library services to the community. There are no meeting room facilities, no computer lab, nor adequate seating and collection space.",0,0,0,8866448,0,0,0,0,0,0,0,0,2011,2011,8939533,0,
2008,318,Library,Library,Rancho Bernardo Library,35-114.0,Council District: 5; Community Plan: Rancho Bernardo,37018,3504700,"This project provides for a 2,500 square-foot expansion to the existing branch library at 17110 Bernardo Center Drive. This project is part of the 21st Century Library System/Library Department Facility Improvements Program.",The existing facility does not have a computer lab and additional seating and collection space would enhance service to the community.,0,0,0,3467682,0,0,0,0,0,0,0,0,2011,2011,3504700,0,
2008,319,Library,Library,San Carlos Branch Library Expansion,35-088.0,Council District: 7; Community Plan: Navajo,735195,9261777,"This project provides for the acquisition of a lot adjoining the existing branch library located at 7265 Jackson Drive and building a new 25,000 square-foot library. This project is part of the 21st Century Library System/Library Department Facility Improvements Program.","The existing library is too small to provide adequate library services. It does not have a computer lab and the meeting room, public seating and collection space are inadequate.",0,0,0,8526582,0,0,0,0,0,0,0,0,2011,2011,9261777,0,
2008,320,Library,Library,San Diego Main Library,35-082.0,Council District: 2; Community Plan: Centre City,75870803,184900000,"This project provides for the design and construction of a new main library of approximately 500,000 square-feet, with approximately 250 underground parking spaces dedicated to library patrons. It will be large enough to accommodate library needs for 20 years and contain expansion space to accommodate growth for another 30 years. The expansion space will be leased as office space until required for library purposes. The lobby will open into a courtyard, which will contain an outdoor cafe, and there will be a 350-seat auditorium adjacent to the lobby. The top floor will house special collections and provide public amenities including an airy reading room, a 400-seat multi-purpose room, an art gallery, a small public meeting room, and a series of open terraces.","The existing library is too small to provide adequate library and informational services to the region, and cannot support the technological and programmatic needs of the future.",0,0,109029197,0,0,0,0,0,0,0,0,0,2010,2010,184900000,0,
2008,322,Library,Library,San Ysidro Branch Library,35-093.0,Council District: 8; Community Plan: San Ysidro,316000,14686000,"This project provides for a 15,000 square-foot facility to serve the San Ysidro Community. Discussions are currently underway with the Redevelopment Agency of the City of San Diego to build the new library as part of a redevelopment project currently planned along San Ysidro Boulevard.","The existing library, built in 1924 and remodeled in 1983, is only 4,089 square feet. It contains no meeting rooms or computer lab, no on-site parking, and no separation of the children's area and quiet study areas.",0,0,1629100,12740900,0,0,0,0,0,0,0,0,2010,2011,14686000,0,
2008,323,Library,Library,Scripps Ranch Branch Library,35-112.0,Council District: 5; Community Plan: Scripps Miramar Ranch,35600,1126000,This project provides for an expansion of the Scripps Ranch Branch Library parking lot located at 10301 Scripps Lake Drive. This project is part of the 21st Century Library System/Library Department Facility Improvements Program.,The current facility is fully occupied and the current parking lot does not have the capacity to serve the needs of the community.,0,0,0,1090400,0,0,0,0,0,0,0,0,2011,2011,1126000,0,
2008,324,Library,Library,Skyline Hills Branch Library,35-107.0,Council District: 4; Community Plan: Skyline/Paradise Hills,5504252,11619000,"This project provides for a 15,000 square-foot library expansion to the existing facility located at 480 South Meadowbrook Drive. This project is part of the 21st Century Library System/Library Department Facility Improvements Program.","The existing facility is too small to provide adequate library services to the community. There are no meeting room facilities or computer lab, and limited collection space and patron seating.",0,0,0,6114748,0,0,0,0,0,0,0,0,2011,2011,11619000,0,
2008,327,Metropolitan Wastewater,Sewer - Metropolitan,Annual Allocation - Clean Water Program Pooled Contingencies,46-502.0,Council District: Citywide; Community Plan: Citywide,,136225,This annual allocation provides for Capital Improvements Program (CIP) contingency needs for Metropolitan Sewer projects.,This project will provide better CIP budget control. Project contingency needs (except annual allocation projects) will be met by this annual allocation.,,136225,,,,,,,,,,,2009,2009,136225,0,
2008,328,Metropolitan Wastewater,Sewer - Metropolitan,Annual Allocation - Metro Biosolids Center,42-913.0,Council District: 7; Community Plan: No Community Planning Area,,674918,This annual allocation provides for minor renovation or replacement of facilities at the Metro Biosolids Center treatment plant and associated facilities.,"The Metro Biosolids Center became operational in 1999. Since the start-up period, several projects will be required within this facility to enhance or maintain operation. This annual allocation will be considered an enhancement to the facility and does not include operation and maintenance.",,674918,,,,,,,,,,,2009,2009,674918,0,
2008,329,Metropolitan Wastewater,Sewer - Metropolitan,Annual Allocation - Metro Operations Center,45-956.0,Council District: 6; Community Plan: Kearny Mesa,,129075,This annual allocation provides for minor renovations or upgrades to the Metropolitan Operations Center (MOC) facilities.,"This annual allocation provides for renovation/upgrades to the various facilities that comprise the MOC. The MOC facilities are used to house Metropolitan Wastewater Department (MWWD) employees, as well as warehouse/storage space for MWWD assets and vehicles.",,129075,,,,,,,,,,,2009,2009,129075,0,
2008,330,Metropolitan Wastewater,Sewer - Metropolitan,Annual Allocation - Metropolitan Sewer Pooled Contingencies,46-501.0,Council District: Citywide; Community Plan: Citywide,,81095,This annual allocation provides for Capital Improvements Program (CIP) project pooled contingency needs for Metropolitan Sewer Fund projects.,This project will provide better CIP budget control. Project contingency needs (except annual allocation projects) will be met by this annual allocation.,,81095,,,,,,,,,,,2009,2009,81095,0,
2008,331,Metropolitan Wastewater,Sewer - Metropolitan,Annual Allocation - Metropolitan System Pump Stations,41-926.0,"Council District: 2, 8; Community Plan: Midway/Pacific Highway Corridor, Barrio Logan",,6500000,"This annual allocation provides for comprehensive upgrades, design modifications, and major renovations or replacement of major equipment, such as pumps, valves, tanks, controls, odor control systems, etc. at Metropolitan System Pump Stations. The allocation also provides for the addition of an office/shop/storage building.",These improvements will allow the pump stations to be run more efficiently and increase the reliability of the Metropolitan Wastewater System.,,6500000,,,,,,,,,,,2009,2009,6500000,0,
2008,332,Metropolitan Wastewater,Sewer - Metropolitan,Annual Allocation - North City Water Reclamation Plant,42-926.0,Council District: 1; Community Plan: University,,473741,This annual allocation provides for minor renovation or replacement of facilities at the North City Water Reclamation Plant (NCWRP) and associated facilities.,"The NCWRP became operational in mid-1997. Since the start-up period, several projects will be required within this facility to enhance or maintain operation.",,473741,,,,,,,,,,,2009,2009,473741,0,
2008,333,Metropolitan Wastewater,Sewer - Metropolitan,Annual Allocation - Point Loma Treatment Plant/Related Facilities,46-119.0,Council District: 2; Community Plan: Peninsula,,772335,"This annual allocation provides for minor renovation or replacement of facilities at the Point Loma treatment plant, pump stations, and associated facilities.",Various facilities require replacement due to increasing wastewater flows and higher required levels of treatment.,,772335,,,,,,,,,,,2009,2009,772335,0,
2008,334,Metropolitan Wastewater,Sewer - Metropolitan,Annual Allocation - South Bay Water Reclamation Plant,45-932.0,Council District: 8; Community Plan: Tia Juana River Valley,,168730,"This annual allocation provides for minor renovation or replacement of facilities at the South Bay Water Reclamation Plant, pump station, and associated facilities.",Various facilities require replacement or modification due to changing and improved technology.,,168730,,,,,,,,,,,2009,2009,168730,0,
2008,335,Metropolitan Wastewater,Sewer - Metropolitan,Bond Issuance CIP Reserve,45-922.0,Council District: Citywide; Community Plan: No Community Planning Area,5000000,5000000,This project provides an emergency reserve for Metropolitan Wastewater Department capital improvement projects.,This reserve is required to comply with the stipulation from Bond Counsel.,0,0,0,0,0,0,0,0,0,0,0,0,,,5000000,0,
2008,336,Metropolitan Wastewater,Sewer - Metropolitan,Environmental Monitoring and Technical Services Lab Esplanade and Stream Line,45-965.0,Council District: 2; Community Plan: Peninsula,2434253,2434253,This project provides for design and construction of an esplanade (park) within an approximately 1.25 acre parcel located between the existing Metropolitan Wastewater Department laboratory and adjacent boat channel as well as under-grounding approximately 600 feet of an above ground stream line situated along the boat channel.,"A new 40,000 square foot ocean monitoring laboratory was recently constructed and is now in operation. As a condition of our use of the site, MWWD is required to fund a portion of the esplanade improvements along our frontage. Also, to gain future unobstructed access to the boat channel, the existing stream line must be undergrounded.",0,0,0,0,0,0,0,0,0,0,0,0,,,2434253,0,
2008,337,Metropolitan Wastewater,Sewer - Metropolitan,MBC Biosolids Storage Silos,45-984.0,Council District: None; Community Plan: No Community Planning Area,1657760,9040762,This project provides for two additional biosolid storage silos (numbers 9 and 10).,"When a silo is out of service, silo storage capacity is frequently exceeded. In order to accommodate such events and to restore adequate silo capacity, it is essential to build two more storage silos.",0,0,3736712,2928756,717534,0,0,0,0,0,0,0,2010,2012,9040762,0,
2008,338,Metropolitan Wastewater,Sewer - Metropolitan,MBC Centrate Collection Upgrades,45-982.0,Council District: 7; Community Plan: No Community Planning Area,532200,2219495,This project provides for converting the existing foul air ducting into dual-use headers for centrate and foul air collection and will increase the size of the existing centrate collection headers.,This project replaces the foul air header ducts at the centrifuges to a material that will handle both centrate and foul air. These improvements will provide a bypass pipeline for the centrate flow during additional improvements. The additional improvements will upgrade the undersized centrate collection headers for future larger centrate flows and prevent on-going centrate backups into the foul-air duct headers and damage to the centrifuges.,0,1687295,0,0,0,0,0,0,0,0,0,0,2009,2009,2219495,0,
2008,339,Metropolitan Wastewater,Sewer - Metropolitan,MBC Dewatering Centrifuges Replacement,45-983.0,Council District: 7; Community Plan: No Community Planning Area,0,4498375,This project provides for the replacement of four existing dewatering centrifuges with four larger capacity units to handle larger future biosolids flows.,"This project will increase the production capacity of the dewatering centrifuges to accommodate plant shutdowns for maintenance and construction, to accommodate future flows, and to address diverse types of constraining operational factors that limit current capacity. To achieve the required capacity, the existing dewatering centrifuge units must be replaced with larger units.",0,158995,267155,1718662,1448263,561351,343949,0,0,0,0,0,2009,2014,4498375,0,
2008,340,Metropolitan Wastewater,Sewer - Metropolitan,MBC Odor Control Facility Upgrades,45-989.0,Council District: 7; Community Plan: No Community Planning Area,1442680,5407826,This project provides for upgrading the odor control yystem fans and ducting to reduce system headlosses and improve overall foul air collection efficiency at the various process areas. Access platforms will also be installed at monitoring instruments and damper locations.,"Several areas at the Metro Biosolids Center (MBC) have been identified to cause significant odor problems due to foul air collection deficiencies because of insufficient fan capacity and high headlosses, including poorly located foul air collection registers. Installing access platforms at the monitoring instruments and air volume control dampers will provide safe and timely access for operation and maintenance needs.",0,0,0,0,3965146,0,0,0,0,0,0,0,2012,2012,5407826,0,
2008,341,Metropolitan Wastewater,Sewer - Metropolitan,MBC Standby Centrifuge Feed Facilities,45-981.0,Council District: 7; Community Plan: No Community Planning Area,354120,1667183,This project provides for the addition of two standby centrifuge feed pumps and two standby polymer feed pumps. One set (consisting of a sludge pump and a polymer pump) will be dedicated to each of the two sets of 4-unit dewatering centrifuges to provide the true standby redundancy capability that was intended by the initial design.,"Due to the high frequency of repairs and maintenance on these centrifuges, the standby centifuge set is called to duty for significant amounts of time. During these times the sludge and chemical feed pumps are no longer available. Therefore, the failure of a sludge or polymer feed pump in a normal duty set gravely hampers biosolids production.",0,0,1071325,241738,0,0,0,0,0,0,0,0,2010,2011,1667183,0,
2008,342,Metropolitan Wastewater,Sewer - Metropolitan,Metro Facilities Control System Upgrade,45-966.0,Council District: Citywide; Community Plan: Citywide,5656426,13044908,"This project provides for replacement and upgrade of existing control systems at various Metropolitan Wastewater treatment and pump station facilities. These include the Metro Biosolids Center, North City Water Reclamation Plant, Point Loma Treatment Plant, and South Bay Water Reclamation Plant.",This project is needed to provide replacement of existing control systems at various facilities. The existing control systems are microprocessor/computer-based. The life cycle of these systems is seven to ten years. The control systems at these facilities entered the life cycle replacement phase in Fiscal Year 2007. Replacement will also provide an upgrade in technology. The change in technology will provide the facilities with greater control system capabilities and are essential for future facility expansion.,0,2306407,3548232,0,0,0,0,923955,609888,0,0,0,2009,2016,13044908,0,
2008,343,Metropolitan Wastewater,Sewer - Metropolitan,NCWRP - EDR Upgrade,45-992.0,Council District: 1; Community Plan: University,0,1435111,"This project provides for the upgrade of the electro dialysis reversal (EDR) equipment at the North City Water Reclamation Plant including piping, pumps and a chemical feed system.","The EDR was constructed to be a temporary facility with no enclosure. As a result, the EDR's cartridge filters, pumps, piping, and other associated equipment are currently open to the environment and are prone to ultraviolet light attack and a high salinity environment.",0,476513,479299,479299,0,0,0,0,0,0,0,0,2009,2011,1435111,0,
2008,344,Metropolitan Wastewater,Sewer - Metropolitan,NCWRP Sludge Pump Station Upgrade,41-942.0,Council District: 1; Community Plan: University,20800,453440,This project provides for correction of a vibration problem at the North City Water Reclamation Plant (NCWRP) Sludge Pump Station.,"Excessive vibration of the pump and flywheel contribute to wear and tear of equipment. The vibration also generates tremendous heat. The excessive vibration and heat can cause premature failure of equipment, impact operational efficiency and have structural impacts at the facility.",0,216320,108160,108160,0,0,0,0,0,0,0,0,2009,2011,453440,0,
2008,345,Metropolitan Wastewater,Sewer - Metropolitan,Point Loma - Grit Processing Improvements,45-943.0,Council District: 2; Community Plan: Peninsula,5035022,42531047,This project provides for upgrading the existing grit removal process at the Point Loma Wastewater Treatment Plant. The revised project scope includes grit agitation blowers enclosed in a sound dampening facility and the associated air piping.,The Point Loma Wastewater Treatment Plant has six aerated grit removal tanks. Grit removal from influent flows was found to be more efficient when the two south grit tanks were not used. The plant is not achieving desirable grit removal because the existing grit processing equipment is unable to extract fine sand or silt. The grit accumulated downstream of the grit tanks reduces the efficiency of processing equipment and minimizes the biosolid treatment in the digesters.,0,3204342,13383466,13383466,7524751,0,0,0,0,0,0,0,2009,2012,42531047,0,
2008,346,Metropolitan Wastewater,Sewer - Metropolitan,Point Loma - South Access Road Protection Project,45-960.0,Council District: 2; Community Plan: Peninsula,351698,3940575,"This project provides for continued access to the Point Loma Wastewater Treatment Plant and investigates, and may implement, options to mitigate erosion at two sea coves adjacent to the plant's access road.",The treatment plant has only one access road as granted by the federal government and this project is needed to ensure continued access.,0,0,0,0,0,0,0,0,0,0,371079,3217798,2018,2019,3940575,0,
2008,347,Metropolitan Wastewater,Sewer - Metropolitan,Pump Station 2 Onsite Standby Power,45-915.0,Council District: 2; Community Plan: Midway/Pacific Highway Corridor,4551481,8992481,This project provides for the replacement of two of the existing on-site substation transformers to 10 million volt-amp (MVA) capacity and replacement of existing two engine pumps with two 3-megawatt engine generators. This will provide the station with four 50 percent utility feeds to comply with Environmental Protection Agency (EPA) power requirements.,"The current utility power system does not meet the required EPA power requirements. Two of the existing utility feeds are only rated at 5 MVA with the third rated at 10 MVA. All feeds are limited to two pumps, except during emergency conditions, which provide less than 50 percent of the possible demand. By upgrading the two 5 MVA feeds to 10 MVA and installing a fourth 10 MVA feed, the station will have four 50 percent feeds which will comply with the EPA required two 100 percent feeds. This will also enhance station reliability by allowing any pump to be powered by the engine generators instead of pumps #4 and #5 as currently configured.",0,0,0,4441000,0,0,0,0,0,0,0,0,2011,2011,8992481,0,
2008,348,Metropolitan Wastewater,Sewer - Metropolitan,SBWRP Demineralization Facility Phases 1&2,42-930.0,Council District: 8; Community Plan: Tia Juana River Valley,114400,26168499,This project provides for demineralization of reclaimed water. Phase I will construct a demineralization facility to provide 7.5 million gallons a day (mgd) of reclaimed water for conveyance to the users. Phase II will expand the facility to provide 15 mgd of reclaimed water.,The majority of reclaimed water is used for irrigation. Too high a level of total dissolved solids (TDS) in the reclaimed water can affect agronomic conditions. Demineralization will reduce the level of TDS in the reclaimed water.,0,508439,1079869,8042778,5736806,753658,877393,3937024,5118132,0,0,0,2009,2016,26168499,0,
2008,349,Metropolitan Wastewater,Sewer - Metropolitan,"South Metro Sewer Rehabilitation, Phase 3B",45-961.0,"Council District: 8; Community Plan: Barrio Logan, Centre City",157506,9065501,This project provides for the rehabilitation of existing sections of the South Metro Interceptor (SMI) that have been discovered and scoped as part of the South Metro Downtown Tunnel Rehabilitation project. The sections of the SMI to be repaired include force main and gravity sections between Pump Station #1 and Pump Station #2.,Sections of the South Metro Interceptor have deteriorated significantly due to the corrosive effects of sewer gases over 40 years.,0,0,0,0,0,176265,8731730,0,0,0,0,0,2013,2014,9065501,0,
2008,350,Metropolitan Wastewater,Sewer - Metropolitan,Wet Weather Storage Facility - Phase 1,45-940.0,"Council District: 1, 2; Community Plan: Citywide",2710860,90056946,"This project provides a seven million gallon storage facility to intercept peak wet-weather flows generated in the Metropolitan Sewage System, including live stream discharge.","The facility will reduce the risk of potential wet weather overflows, which may be caused by the capacity limitation of the existing collection system during rainfall events.",0,0,269967,400000,4384641,62210,3982508,13666436,35542252,18445606,9159312,1433154,2010,2019,90056946,0,
2008,351,Metropolitan Wastewater,Sewer - Municipal,Annual Allocation - Accelerated Projects,46-206.0,Council District: Citywide; Community Plan: Citywide,,224973,This annual allocation provides for the accelerated construction of the Municipal Sewer System.,This annual allocation provides for the replacement of sewer mains that are in imminent danger of failing.,,224973,,,,,,,,,,,2009,2009,224973,0,
2008,352,Metropolitan Wastewater,Sewer - Municipal,Annual Allocation - CIP Contingencies,46-193.0,Council District: Citywide; Community Plan: Citywide,,458709,This annual allocation provides for Capital Improvements Program (CIP) contingency needs for Municipal Sewer projects.,This project will provide better CIP budget control. Project contingency needs (except annual allocation projects) will be met by this annual allocation.,,458709,,,,,,,,,,,2009,2009,458709,0,
2008,353,Metropolitan Wastewater,Sewer - Municipal,Annual Allocation - Developer Projects,45-975.0,Council District: Citywide; Community Plan: Citywide,,562432,This annual allocation provides for the City's share of costs to upgrade sewers at new developments at various locations within the City.,"This annual allocation provides for the upgrading of sewers that are required of new developments in which the City of San Diego will share in financing, design and construction. The City funds the cost related to existing conditions and the developer pays for upgrades to capacity to accommodate their flows.",,562432,,,,,,,,,,,2009,2009,562432,0,
2008,354,Metropolitan Wastewater,Sewer - Municipal,Annual Allocation - MWWD Trunk Sewers,40-933.0,Council District: Citywide; Community Plan: Citywide,,3374592,"This annual allocation provides for the replacement of trunk sewers and sewer mains at various locations, including canyons, within the City.","This annual allocation provides for the upgrading of trunk sewers, which are approaching maximum capacity, to improve the level of service to the residents of San Diego and to comply with regulatory agencies by reducing the impact of sewer spills.",,3374592,,,,,,,,,,,2009,2009,3374592,0,
2008,355,Metropolitan Wastewater,Sewer - Municipal,Annual Allocation - Pipeline Rehabilitation,46-050.0,Council District: Citywide; Community Plan: Citywide,,31496192,This annual allocation provides for the rehabilitation and repair of sewers and manholes at various locations within the City.,"This annual allocation provides for the extension of the useful life of sewers and manholes, improvements in the level of service to the residents of San Diego, and compliance with regulatory agencies' standards by reducing the impact of sewer spills.",,31496192,,,,,,,,,,,2009,2009,31496192,0,
2008,356,Metropolitan Wastewater,Sewer - Municipal,"Annual Allocation - Pump Stations 64, 65, Penasquitos and East Mission Gorge",41-927.0,"Council District: 1, 7; Community Plan: Mission Trails Regional Park, Navajo, University",,2100000,"This annual allocation provides for the comprehensive upgrades, design modifications, and major renovations or replacement of major equipment, such as pumps, valves, tanks, controls, and odor control systems at the pump stations.",These improvements will allow the pump stations to run more efficiently and increase the reliability of the Municipal Wastewater System.,,2100000,,,,,,,,,,,2009,2009,2100000,0,
2008,357,Metropolitan Wastewater,Sewer - Municipal,Annual Allocation - Sewer Main Replacements,44-001.0,Council District: Citywide; Community Plan: Citywide,,25871872,This annual allocation provides for the replacement of sewer mains at various locations within the City.,This annual allocation provides for the replacement of sewer mains that are in a deteriorated condition or are undersized.,,25871872,,,,,,,,,,,2009,2009,25871872,0,
2008,358,Metropolitan Wastewater,Sewer - Municipal,Annual Allocation - Trunk Sewer Rehabilitations,46-194.0,Council District: Citywide; Community Plan: Citywide,,3507155,This annual allocation provides for the replacement of trunk sewer portions at various locations within the City.,This annual allocation provides for the replacement of portions of trunk sewers that are in deteriorated condition and/or undersized.,,3507155,,,,,,,,,,,2009,2009,3507155,0,
2008,359,Metropolitan Wastewater,Sewer - Municipal,Annual Allocation - Unscheduled Projects,46-505.0,Council District: Citywide; Community Plan: Citywide,,1124864,This annual allocation provides for repair and replacement of sewers in need of emergency or unscheduled repairs.,This annual allocation provides for emergency repairs and replacement of sewer pipeline to avoid failures of the Municipal Sewer System.,,1124864,,,,,,,,,,,2009,2009,1124864,0,
2008,360,Metropolitan Wastewater,Sewer - Municipal,Balboa Avenue Trunk Sewer,46-196.6,Council District: 6; Community Plan: Clairemont Mesa,892489,4976919,This project provides for the replacement and upgrade of the Balboa Trunk Sewer.,This project will upgrade the existing 15-inch diameter pipe to 18-inch and 24-inch diameter pipes.,0,0,72253,4012177,0,0,0,0,0,0,0,0,2010,2011,4976919,0,
2008,361,Metropolitan Wastewater,Sewer - Municipal,East Mission Gorge Force Main Rehabilitations,46-169.0,Council District: 7; Community Plan: Mission Trails Regional Park,771080,6376198,This project provides for the rehabilitation of various sections of the East Mission Gorge force main due to deterioration of the pipeline concrete lining from sulfuric acid build up. Additional assessment is planned in Fiscal Year 2009 for refined scope.,This project provides for the rehabilitation of the force main in order to prevent breakage of the force main and prevent potential sewage spills.,0,329600,3275518,2000000,0,0,0,0,0,0,0,0,2009,2011,6376198,0,
2008,362,Metropolitan Wastewater,Sewer - Municipal,East Point Loma Trunk Sewer,46-195.6,Council District: 2; Community Plan: Peninsula,530000,11730000,"This project provides for the replacement of the existing 27-inch and 30-inch vitrified clay trunk sewer pipe with 36-inch and 39-inch pipe beneath Cushing Road between Barnett and Nimitz, including the 848 feet of new 8-inch, 10-inch and 15-inch sewer pipe.",This project provides for the replacement of a trunk sewer with a larger trunk sewer to accommodate additional flow in the future.,0,2200000,9000000,0,0,0,0,0,0,0,0,0,2009,2010,11730000,0,
2008,363,Metropolitan Wastewater,Sewer - Municipal,Harbor Drive Trunk Sewer Replacement,46-205.0,"Council District: 2, 8; Community Plan: Centre City",872186,14897158,"This project provides for upgrading and replacing existing portions of Harbor Drive trunk sewer with 15-inch, 18-inch, 48-inch, and 54-inch pipelines.","The existing trunk sewer has a portion constructed of techite pipeline, which has been prone to structural failure.",0,112486,112486,1000000,12800000,0,0,0,0,0,0,0,2009,2012,14897158,0,
2008,364,Metropolitan Wastewater,Sewer - Municipal,Lake Murray Trunk Sewer - In Canyon,46-197.9,Council District: 7; Community Plan: Navajo,1303305,15061084,This project provides for the replacement of three miles of existing trunk sewer and installation of maintenance access pathways.,This project provides for the upsizing of the trunk sewer to meet buildout capacity.,0,0,13757779,0,0,0,0,0,0,0,0,0,2010,2010,15061084,0,
2008,365,Metropolitan Wastewater,Sewer - Municipal,Miramar Road Trunk Sewer,46-195.8,"Council District: 7; Community Plan: Mira Mesa, University",5150567,5173965,This project provides for the replacement and upgrade of the Miramar Trunk Sewer.,"This project provides for upgrading the existing 15-inch diameter pipe to 18-inch diameter pipe in order to accommodate the flow from the Marine Corps Air Station, Miramar.",0,23398,0,0,0,0,0,0,0,0,0,0,2009,2009,5173965,0,
2008,366,Metropolitan Wastewater,Sewer - Municipal,Montezuma Trunk Sewer,46-196.9,Council District: 7; Community Plan: College Area,662774,3274200,"This project provides for the replacement and upgrade of a portion of the Montezuma Trunk Sewer. The project involves the relocation of approximately 1,610 feet of pipe at Camino Del Rio South and Fairmount Avenue.","A portion of this trunk sewer will be upgraded with a larger pipe to eliminate constrictions and have more capacity, while removing pipe from CALTRANS Row.",0,0,47292,2564134,0,0,0,0,0,0,0,0,2010,2011,3274200,0,
2008,367,Metropolitan Wastewater,Sewer - Municipal,Otay Mesa Trunk Sewer,40-930.0,Council District: 8; Community Plan: Otay Mesa,14334449,20334449,"In order to provide adequate sewage capacity and accommodate future growth in the Otay Mesa community, the City of San Diego and developers have entered into cooperative agreements to design and construct the Otay Mesa Trunk Sewer project. This is a multi-phased, major trunk sewer system to serve the Otay Mesa area as described in the 2004 Otay Mesa Sewer Master Plan and Alignment Study. The project constructs all sewer pipes 18-inches and larger and upgrades the existing pump station 23T. Phase 2A1 constructs 2,634 feet of 42-inch pipe in Old Otay Mesa Road. Phase 2A2 constructs a continuation of the pipe for another 4,282 feet. Phase 2B1 constructs a continuation of the pipe for another 6,180 feet to connect to the San Ysidro Trunk Sewer",The project will provide service for the future wastewater flows in the Otay Mesa Area.,0,0,6000000,0,0,0,0,0,0,0,0,0,2010,2010,20334449,0,
2008,368,Metropolitan Wastewater,Sewer - Municipal,Pump Station 84 Upgrade and Pump Station 62 Abandonment,41-939.0,"Council District: 1, 5; Community Plan: Rancho Bernardo, Rancho Penasquitos",54080,1903192,"This project provides for the possible elimination of Sewer Pump Station 62 through the installation of various pipelines and the upsizing of Sewer Pump Station 84, or upgrades to both pump stations depending on the most feasible option.",This project is needed to optimize the sewage system and possibly to eliminate Sewer Pump Station 62.,0,0,0,1849112,0,0,0,0,0,0,0,0,2011,2011,1903192,0,
2008,369,Metropolitan Wastewater,Sewer - Municipal,Pump Station Upgrades,41-929.0,Council District: Citywide; Community Plan: Citywide,5593137,19639091,"This project provides for the upgrade of 23 pump stations, divided into four groups, located throughout San Diego. The upgrades involve providing new and backup pumps and motors, new control panels, new generators, redundant force mains, underground storage tanks, and miscellaneous civil work.","This project will provide for the upgrading of deteriorated pump stations, improvement of the level of service to the residents of San Diego, and compliance with regulatory agencies by reducing the impact of sewer spills.",0,5577076,5367627,3101251,0,0,0,0,0,0,0,0,2009,2011,19639091,0,
2008,370,Metropolitan Wastewater,Sewer - Municipal,Sewer Pump Station 41 Rehabilitation,46-602.0,"Council District: 2, 6; Community Plan: Mission Bay Park",1540724,9078768,"This project provides for constructing a new pump station, emergency overflow storage structure, 2,200 linear feet of primary and secondary force main to be located in the right-of-way. The project includes the abandonment of the original pump station and existing force main currently located within the recreational space of Mission Bay Park.",The existing pump station and force main were built in 1953 and have exceeded their service life. The project's goal is to restore and improve the reliability of the pump station and bring it up to current standards and regulations. This project is mandated by the Environmental Protection Agency.,0,5137176,984026,1416842,0,0,0,0,0,0,0,0,2009,2011,9078768,0,
2008,371,Metropolitan Wastewater,Sewer - Municipal,South Mission Valley Trunk Sewer,40-931.0,Council District: 6; Community Plan: Mission Valley,1552064,10552064,"This project provides for Phase I replacement of the existing trunk sewer in Mission Valley and installing a larger trunk along approximately 3,500 feet of Taylor Street.",This project will increase the flow capacity of the South Mission Valley Trunk Sewer.,0,3500000,5500000,0,0,0,0,0,0,0,0,0,2009,2010,10552064,0,
2008,372,Metropolitan Wastewater,Sewer - Municipal,USIU Trunk Sewer,46-197.6,Council District: 7; Community Plan: Scripps Miramar Ranch,2602040,13257766,"This project provides for the replacement of the existing 2.2-mile trunk sewer and installation of maintenance access pathways and a junction structure at the United States International University. The trunk sewer starts on the west side of Interstate 15, proceeds east through Horse Ranch Canyon, and continues east on the edge of Pomerado Road to 400 feet east of Avenida Magnifica.",This project will provide for the rehabilitation of the trunk sewer to meet buildout capacity.,0,23397,72253,6927442,3632634,0,0,0,0,0,0,0,2009,2012,13257766,0,
2008,373,Office of the CIO,Communications,Public Safety Communications Project,37-508.0,Council District: Citywide; Community Plan: Citywide,16620646,33177128,"This project provides for replacing the City's wireless communications infrastructure including the City's microwave network, 800 MHZ radio network, Mobile Data Terminal System, public safety dispatch systems, Police and Fire-Rescue Computer Aided Dispatch, and prime and remote site facilities used to support these networks and systems.","The City's current wireless communications infrastructure was placed in service as part of the original Public Safety Communications Project in the early 1990s. These critical public networks are now reaching the end of the useful life cycle, and the City has developed a Wireless Communications Long Range Plan to provide for replacing these networks. Without this infrastructure replacement, Police and Fire-Rescue would not be able to provide the level of response needed for their critical life saving missions.",0,3341763,3359838,2980256,2980256,3894369,0,0,0,0,0,0,2009,2013,33177128,0,
2008,375,Park & Recreation,Balboa Park,Balboa Park Improvements,21-865.0,Council District: 3; Community Plan: Balboa Park,423507,423507,This project provides for permanent public capital improvements and deferred maintenance of existing facilities in Balboa Park in accordance with Ordinance 0-19113 and Municipal Code section 22.0229.,"Balboa Park, as well as open spaces and coastal beaches, helps define the City's identity, enriches quality of life and serves as a visitor attraction that strengthens the local economy. This regional treasure is threatened by increasing use and a backlog of needed improvements. This project provides funding for some of these improvements.",0,0,0,0,0,0,0,0,0,0,0,0,,,423507,0,
2008,376,Park & Recreation,Balboa Park,Balboa Park - Florida Canyon Evaluation and Repair of Broken Storm Drain,21-876.0,Council District: 3; Community Plan: Balboa Park,0,1000000,"This project provides for evaluation, design, and construction to repair a damaged storm drain that leads from Park Boulevard and the San Diego Zoo Parking Lot into the Florida Canyon creek bed.",The damaged storm drain has caused a large erosion gully that fully spans the entire length of Florida Canyon from Park Boulevard east to the creek bed. This project will repair the storm drain to prevent further erosion and allow a north-south trail access to continue through the west side of Florida Canyon.,0,1000000,0,0,0,0,0,0,0,0,0,0,2009,2009,1000000,0,
2008,377,Park & Recreation,Balboa Park,Balboa Park - Marston Point Evaluation and Repair of Collapsed Storm Drain,21-877.0,Council District: 3; Community Plan: Balboa Park,0,50000,"This project provides for evaluation, design and construction to repair a damaged storm drain in the Marston Point parking lot area.",The damaged storm drain causes a portion of the Marston Point parking lot area to flood and remain under water for several days after rain events. This project will repair the damaged storm drain to prevent future flooding.,0,50000,0,0,0,0,0,0,0,0,0,0,2009,2009,50000,0,
2008,378,Park & Recreation,Balboa Park,Balboa Park - Morley Field Evaluation and Repair of Collapsed Storm Drain,21-875.0,Council District: 3; Community Plan: Balboa Park,0,50000,"This project provides for evaluation, design and construction to repair a damaged storm drain in the western tennis court area of Morley Field.",The damaged storm drain causes heavy debris flow after rain events into the parking lot of the off-leash dog park. This project is needed to repair the damaged storm drain to prevent future debris flow.,0,50000,0,0,0,0,0,0,0,0,0,0,2009,2009,50000,0,
2008,379,Park & Recreation,Balboa Park,Balboa Park - Myrtle Way Pergola,21-870.0,Council District: 3; Community Plan: Balboa Park,50000,600000,This project provides for reconstruction of the Myrtle Way Pergola in Balboa Park.,The pergola collapsed in 2005. This project will reconstruct the pergola and reopen it to the public.,0,350000,200000,0,0,0,0,0,0,0,0,0,2009,2010,600000,0,
2008,380,Park & Recreation,Balboa Park,Balboa Park Historical/Cultural Projects,21-855.0,Council District: 3; Community Plan: Balboa Park,8651320,8651320,"This project provides for Balboa Park historical and cultural projects, including reconstruction of the West Arcade; construction of the Veterans Memorial Garden; and improvements to the Museum of Art front facade, Casa del Prado east and south facades, and the California Tower.",The Historical and Cultural Resources Preservation Opportunity Grant Program provides State funding to restore several Balboa Park facilities and construct a Veterans Memorial Garden in the park.,0,0,0,0,0,0,0,0,0,0,0,0,,,8651320,0,
2008,382,Park & Recreation,Economic Development,North Ocean Beach - Streetscape Enhancement,39-220.0,Council District: 2; Community Plan: Ocean Beach,885000,1385000,"This project provides for streetscape improvements such as street trees, ornamental lighting, sidewalk repairs, bicycle facilities and signage. The first phase of improvements is focused on the area at and adjacent to the intersection of Sunset Cliffs Boulevard and West Point Loma Boulevard, one of the main entries into the Ocean Beach Community. Part of the North Ocean Beach Master Plan calls for widening Sunset Cliffs Boulevard, which is under CIP 52-698.0, Sunset Cliffs Boulevard Improvements, published under the Engineering and Capital Projects Department.","The North Ocean Beach entryway has been identified as a location for streetscape improvements by Council District 2 and by the community. The goals are to increase safety and security, enhance the community image, and contribute positively to the commercial revitalization of the affected area.",0,0,500000,0,0,0,0,0,0,0,0,0,2010,2010,1385000,0,
2008,383,Park & Recreation,Economic Development,Switzer Canyon/30th Street Bridge Enhancement Program,39-011.0,Council District: 3; Community Plan: Greater North Park,68586,298586,"This project provides for bridge landscaping, hardscape, tree planting, signage, sidewalk, median, design of traffic calming devices, and pedestrian safety features for the Switzer Canyon/30th Street Bridge.",This project provides for a variety of improvements within the boundaries of the North Park Maintenance Assessment District (MAD).,0,5000,180000,5000,5000,5000,5000,5000,5000,5000,5000,5000,2009,2019,298586,0,
2008,384,Park & Recreation,Economic Development,Talmadge Streetscape and Lighting Improvements,39-010.0,Council District: 3; Community Plan: Mid-City,633050,1458616,"This project provides for improvements within the Talmadge Maintenance Assessment District (MAD) including historic metal gate restoration and replacement; landscaping of the existing traffic circle located at 49th Street and Lorraine Drive; lighting improvements; and new signage, sidewalk, curb, and gutter upgrades. The MAD is divided into two zones (east and west). Ornamental lighting improvements are planned for Zone 1 (east). Upgrades and improvements to the existing lighting infrastructure are planned for Zone 2 (west).",This project provides for a variety of improvements within the boundaries of the Talmadge MAD which will provide visual neighborhood enhancements and support commercial revitalization.,0,375566,150000,150000,150000,0,0,0,0,0,0,0,2009,2012,1458616,0,
2008,385,Park & Recreation,Facilities - Eng,North Park Lighting Improvement Project,39-092.0,Council District: 3; Community Plan: Greater North Park,337860,386340,This project provides for the installation of approximately 150 street lights within the boundaries of the North Park Maintenance Assessment District (MAD).,The North Park MAD was formed in 1996. The Assessment Engineer's report calls for the addition of approximately 150 new mid-block street lights and streetscape improvements.,0,0,48480,0,0,0,0,0,0,0,0,0,2010,2010,386340,0,
2008,386,Park & Recreation,Golf Course,Balboa Park Golf Course - Clubhouse and Parking Lot,21-843.0,Council District: 3; Community Plan: Balboa Park,504010,8038130,"This project provides for a master plan, design, and construction of a new clubhouse and a parking lot at the Balboa Park Golf Course.",Currently the clubhouse is inadequate and there is insufficient parking available to serve users of the golf course.,0,0,0,0,0,634120,400000,6500000,0,0,0,0,2013,2015,8038130,0,
2008,387,Park & Recreation,Golf Course,Balboa Park Golf Course - Irrigation System - Upgrades,25-019.0,Council District: 3; Community Plan: Balboa Park,1800000,1800000,This project provides for a new irrigation system for the 18-hole golf course at Balboa Park.,"This project provides for replacement of the existing, antiquated, deteriorated, and inefficient irrigation system.",0,0,0,0,0,0,0,0,0,0,0,0,,,1800000,0,
2008,388,Park & Recreation,Golf Course,Balboa Park Golf Course: Concrete Step and Hand Railing Replacement,25-008.0,Council District: 3; Community Plan: Balboa Park,100000,250000,This project provides for replacement of wooden steps with concrete steps and hand railings on the 18-hole golf course at Balboa Park.,"Replacement of existing, worn wooden steps with concrete steps and hand rails is needed for safety precautions.",0,150000,0,0,0,0,0,0,0,0,0,0,2009,2009,250000,0,
2008,389,Park & Recreation,Golf Course,Mission Bay Course Golf Course - New Irrigation System,25-017.0,Council District: 6; Community Plan: Mission Bay Park,100000,100000,This project provides for a new irrigation system for the Mission Bay Golf Course and Practice Center.,"This project provides for replacement of the existing, antiquated, deteriorated, and inefficient irrigation system.",0,0,0,0,0,0,0,0,0,0,0,0,,,100000,0,
2008,390,Park & Recreation,Golf Course,Mission Bay Golf Course and Practice Center - Existing Building Improvements,25-015.0,Council District: 6; Community Plan: Mission Bay Park,400000,400000,"This project provides upgrades to the existing, antiquated building for Americans with Disabilities Act requirements, deferred building maintenance, tenant improvements, and code upgrades at the Mission Bay Golf Course Practice Center.","These improvements are necesssary to comply with current codes, address maintenance needs, and increase the viability of identifying potential future lessees.",0,0,0,0,0,0,0,0,0,0,0,0,,,400000,0,
2008,391,Park & Recreation,Golf Course,Mission Bay Golf Course and Practice Center - New Landscaping,25-014.0,Council District: 6; Community Plan: Mission Bay Park,100000,100000,This project provides for new landscaping at the Mission Bay Golf Course and Practice Center.,This project provides for new landscaping to augment the existing landscaping and to replace aged and dying plant material.,0,0,0,0,0,0,0,0,0,0,0,0,,,100000,0,
2008,392,Park & Recreation,Golf Course,Mission Bay Golf Course and Practice Center - New Practice Area Upgrade,25-016.0,Council District: 6; Community Plan: Mission Bay Park,400000,400000,"This project provides for the demolition of existing, dilapidated miniature golf facilities (phase I) and the construction of additional practice areas at the Mission Bay Golf Course (phase II).","The proposed area is in a state of disrepair, does not meet current code requirements and poses a potential safety hazard.",0,0,0,0,0,0,0,0,0,0,0,0,,,400000,0,
2008,393,Park & Recreation,Golf Course,Torrey Pines Golf Course - Irrigation & Fence Upgrades,25-020.0,Council District: 1; Community Plan: Torrey Pines,250000,250000,This project provides for improvements to the existing irrigation system and the perimeter fence at the maintenance area and along Torrey Pines Golf Course.,The irrigation system and the fencing surrounding Torrey Pines Golf Course are in need of maintenance prior to the U.S. Open being held in June of 2008.,0,0,0,0,0,0,0,0,0,0,0,0,,,250000,0,
2008,394,Park & Recreation,Golf Course,Torrey Pines Golf Course - North Course Reconstruction of Eighteen Holes,25-005.0,Council District: 1; Community Plan: University,2600000,2600000,This project provides for course improvements at the Torrey Pines Municipal Golf Course (North Course). Other improvements include construction of a new wash rack facility and a sand storage bin.,This project provides needed reconstruction and improvements of 18 golf course holes.,0,0,0,0,0,0,0,0,0,0,0,0,,,2600000,0,
2008,395,Park & Recreation,Golf Course,Torrey Pines Golf Course Clubhouse and Parking Lot,25-009.0,Council District: 1; Community Plan: University,4500000,14000000,"This project provides for the construction of a new 27,000 square foot clubhouse facility at Torrey Pines Golf Course, including a golf shop and associated office space, City administration offices, food and beverage services, restrooms, storage areas, utility rooms, and a cart barn. The surrounding improvements include reconfiguration of existing parking and addition of new parking areas, a bag drop area, a pedestrian plaza and courtyard, walkways, practice putting greens, cart staging areas, seat and screen walls, landscaping, and demolition of the existing clubhouse.",The existing clubhouse and parking lot are inadequate to address the long-term facility needs.,0,0,1500000,1000000,1000000,1000000,1000000,1000000,1000000,1000000,1000000,0,2010,2018,14000000,0,
2008,396,Park & Recreation,Mission Bay,Annual Allocation - Mission Bay Improvements,22-965.0,"Council District: 2, 6; Community Plan: Mission Bay Park",,76802,This annual allocation provides for permanent public capital improvements and deferred maintenance of existing facilities in Mission Bay Park pursuant to the Mission Bay Park Master Plan and in accordance with Ordinance 0-19113 and Municipal Code section 22.0229.,"Mission Bay Park, as well as other regional parks, open spaces and coastal beaches, helps define the City's identity, enriches quality of life and serves as a visitor attraction that strengthens the local economy. This regional treasure is threatened by increasing use and a backlog of needed improvements. This project provides funding for some of these improvements",,76802,,,,,,,,,,,2009,2009,76802,0,
2008,397,Park & Recreation,Mission Bay,Fiesta Island Infrastructure Improvements,22-960.0,Council District: 6; Community Plan: Mission Bay Park,3117273,253117273,"This project provides for design and construction of recreational improvements at Fiesta Island consistent with the general development plan and Mission Bay Park Master Plan, including an expanded causeway that has been identified as a high priority, turfed multi-purpose areas, parking lots, playgrounds, comfort stations, walkways, a personal watercraft launching and service area, relocation of the sand area, south beach jetty, coastal landscaping, and additional utilities infrastructure.",This project provides infrastructure necessary to support future recreational facilities.,0,0,25000000,25000000,25000000,25000000,25000000,25000000,25000000,25000000,25000000,25000000,2010,2019,253117273,0,
2008,398,Park & Recreation,Mission Bay,Mariner's Point Road Curbs and Parking Lot - Improvements,22-968.0,Council District: 2; Community Plan: Mission Bay Park,0,400000,This project provides for the design and construction of roadway curbs and a new parking lot on Mariner's Point Road.,"These improvements will provide additional parking, stabilize the existing roadway edge, and reduce maintenance requirements.",0,400000,0,0,0,0,0,0,0,0,0,0,2009,2009,400000,0,
2008,399,Park & Recreation,Mission Bay,Mission Bay - Fiesta Island General Development Plan,22-959.0,Council District: 6; Community Plan: Mission Bay Park,420000,420000,This project provides for the refinement and design development of the general development plan for Fiesta Island as proposed in the Mission Bay Park Master Plan Update.,"General development plan refinement and design development will provide the next necessary step, prior to preparation of construction documents, for Fiesta Island development, which will implement the recommendations of the Mission Bay Master Plan Update.",0,0,0,0,0,0,0,0,0,0,0,0,,,420000,0,
2008,400,Park & Recreation,Mission Bay,Mission Bay Park Drinking Fountains - Replacement,22-969.0,"Council District: 2, 6; Community Plan: Mission Bay Park",0,150000,This project provides for the replacement of existing drinking fountains at various locations throughout Mission Bay Park.,These improvements are necessary to comply with federal and State safety and accessibility guidelines.,0,150000,0,0,0,0,0,0,0,0,0,0,2009,2009,150000,0,
2008,401,Park & Recreation,Mission Bay,Mission Point/Bayside Walk Security Lighting - Upgrade,22-970.0,Council District: 2; Community Plan: Mission Bay Park,0,275000,"This project provides for the design, construction, and/or replacement of existing security lighting bollards located on approximately 2 miles of the Bayside Walk between Fanuel Street and Mission point.","The bollards, which are over 15 years old, are deteriorated and inefficient.",0,275000,0,0,0,0,0,0,0,0,0,0,2009,2009,275000,0,
2008,402,Park & Recreation,Mission Bay,North Crown Point Gazebo - Replacement,22-972.0,Council District: 2; Community Plan: Mission Bay Park,75000,394000,"This project provides for the demolition of the existing gazebo, the design and construction of a new gazebo, and upgrades to the existing associated paths of travel at North Crown Point.",The existing gazebo has termite damage and the wood frame has been partially removed. Site improvements are necessary to comply with federal and State safety and accessibility guidelines.,0,265000,54000,0,0,0,0,0,0,0,0,0,2009,2010,394000,0,
2008,403,Park & Recreation,Mission Bay,North Tecolote Children's Play Area - Replacement,22-973.0,Council District: 6; Community Plan: Mission Bay Park,750000,750000,"This project provides for the design and construction of upgrades to, or the replacement of, the existing children's play area and associated paths of travel at the North Tecolote Children's Play Area.",These improvements are necessary to comply with federal and State safety and accessibility guidelines.,0,0,0,0,0,0,0,0,0,0,0,0,,,750000,0,
2008,404,Park & Recreation,Mission Bay,Sunset Point Parking Lot - Security Lighting,22-976.0,Council District: 2; Community Plan: Mission Bay Park,0,150000,This project provides for the design and construction of security lighting for the Sunset Point parking lot.,These improvements will provide opportunities to expand park use and prevent crime by providing security lighting.,0,150000,0,0,0,0,0,0,0,0,0,0,2009,2009,150000,0,
2008,405,Park & Recreation,Mission Bay,Vacation Isle North Cove Parking Lot - Security Lighting,22-977.0,Council District: 2; Community Plan: Mission Bay Park,0,150000,This project provides for the design and construction of security lighting for the North Cove parking lot.,These improvements will provide opportunities to expand park use and prevent crime by providing security lighting.,0,150000,0,0,0,0,0,0,0,0,0,0,2009,2009,150000,0,
2008,406,Park & Recreation,Mission Bay,Vacation Isle North Cove Road Improvements,22-978.0,Council District: 2; Community Plan: Mission Bay Park,0,150000,This project provides for the design and construction of drainage and curb improvements to North Cove Road.,These improvements are necessary to address access and maintenance needs.,0,150000,0,0,0,0,0,0,0,0,0,0,2009,2009,150000,0,
2008,407,Park & Recreation,Mission Bay,Vacation Isle Northeast Parking Lot Security Lighting,22-979.0,Council District: 2; Community Plan: Mission Bay Park,0,150000,This project provides for the design and construction of security lighting for the Vacation Isle Northeast parking lot.,These improvements will provide opportunities to expand park use and prevent crime by providing security lighting.,0,150000,0,0,0,0,0,0,0,0,0,0,2009,2009,150000,0,
2008,408,Park & Recreation,Mission Bay,West Bonita Cove Children's Play Area Upgrades,22-980.0,Council District: 2; Community Plan: Mission Bay Park,0,200000,This project provides for the design and construction of upgrades to the existing children's play area and associated paths of travel at West Bonita Cove.,These improvements are necessary to comply with federal and State safety and accessibility guidelines.,0,200000,0,0,0,0,0,0,0,0,0,0,2009,2009,200000,0,
2008,409,Park & Recreation,Mission Bay,West Ski Island - Shoreline Stabilization,22-966.0,Council District: 2; Community Plan: Mission Bay Park,0,2500000,This project provides for the design and construction of shoreline stabilization at West Ski Island.,"These improvements are necessary to prevent shoreline erosion and water pollution, and reduce potential safety hazards and maintenance requirements.",0,500000,2000000,0,0,0,0,0,0,0,0,0,2009,2010,2500000,0,
2008,410,Park & Recreation,Other Parks,252 Corridor Park Improvements - Phase II,29-970.0,Council District: 8; Community Plan: Southeastern San Diego,1600000,1600000,"This project provides for design and construction of an approximately 5.8 gross acre, 2.0 useable acre, neighborhood park in the Southcrest Neighborhood of the Southeastern Community Plan Area. Improvements may include picnic shelters, children's play area, hardcourts, walkways, fencing, amphitheater, open turf areas, security lighting, and site furnishings.",This project will contribute to satisfying population-based park acreage requirements set forth in the City's Progress Guide and General Plan.,0,0,0,0,0,0,0,0,0,0,0,0,,,1600000,0,
2008,411,Park & Recreation,Other Parks,39th Street/Ward Canyon Park Development,29-702.0,Council District: 3; Community Plan: Mid-City,1927708,1927708,"This project provides for the development of an approximately 5 acre park at 39th Street and Ward Canyon. Park amenities include in phase I will be an open turf play area, children's play area, picnic and seating facilities, and a basketball court. Phase II provides for a comfort station and the purchase of additional land adjacent to the park. Future phases will include the development of approximately two acres of City owned property and a community center.",This project will contribute to satisfying the population-based park acreage requirements set forth in the City of San Diego's Progress Guide and General Plan.,0,0,0,0,0,0,0,0,0,0,0,0,,,1927708,0,
2008,412,Park & Recreation,Other Parks,Angier Elementary School - Joint Use Improvements,29-901.0,Council District: 6; Community Plan: Serra Mesa,1730000,2230000,"This project provides for the design and construction of approximately 3.95 acres at Angier Elementary School for joint use facilities to supplement existing park acreage in the Serra Mesa Community. Improvements may include turfed multi-purpose sports fields, multi-purpose courts, walkways, landscaping, a comfort station, and accessibility upgrades.",This project will contribute to satisfying the population-based park acreage requirements set forth in the City's Progress Guide and General Plan.,0,0,500000,0,0,0,0,0,0,0,0,0,2010,2010,2230000,0,
2008,413,Park & Recreation,Other Parks,Annual Allocation-Park and Recreation Grant Match Funding,20-013.0,Council District: Citywide; Community Plan: Citywide,,446955,"This annual allocation provides for matching fund requirements and other unfunded needs for projects funded with alternative financing, which includes grants and private donations.",Grant match funding greatly enhances the Park and Recreation Department's ability to secure grants and donations to provide funding for projects.,,446955,,,,,,,,,,,2009,2009,446955,0,
2008,414,Park & Recreation,Other Parks,Azalea Neighborhood Park - Expansion,29-968.0,Council District: 3; Community Plan: Mid-City,585000,585000,"This project provides for acquisition, design, and construction of an approximately 0.35 acre parcel of unimproved property contiguous with the northeast corner of the existing neighborhood park, in the City Heights area of the Mid City Community, to expand the useable park acreage. Improvements may include multi-purpose turf areas, seating, walkways, landscaping, and security lighting consistent with a revised General Development Plan for the park.",This project will contribute to satisfying population-based park acreage requirements set forth in the City's Progress Guide and General Plan in a community currently deficient per General Plan Guidelines.,0,0,0,0,0,0,0,0,0,0,0,0,,,585000,0,
2008,415,Park & Recreation,Other Parks,Azalea Neighborhood Park Recreation Center - Improvements,29-969.0,Council District: 3; Community Plan: Mid-City,0,1834713,"This project provides for replacement of the existing 1,790 square foot recreation center at Azalea Park with a 5,000 square foot building to expand programmed uses for the City Heights area of the Mid-City Communities consistent with a revised General Development Plan for the park.",This project will contribute to satisfying population-based park and recreation requirements set forth in the City's Progress Guide and General Plan in a community currently deficient per General Plan Guidelines.,0,141713,1693000,0,0,0,0,0,0,0,0,0,2009,2010,1834713,0,
2008,416,Park & Recreation,Other Parks,Beyer Community Park,29-852.0,"Council District: 8; Community Plan: Otay Mesa, San Ysidro",1962000,14962000,"This project provides for the acquisition, design, and construction of approximately 12.6 useable acres, out of approximately 43 total acres, for a community and neighborhood park on Beyer Boulevard.","This project will contribute to satisfying the population-based park acreage requirements set forth in the City's Progress Guide and General Plan, and population-based needs for a neighborhood park in San Ysidro and a community park in Otay Mesa.",0,0,13000000,0,0,0,0,0,0,0,0,0,2010,2010,14962000,0,
2008,417,Park & Recreation,Other Parks,Black Mountain Ranch Community Park - Acquisition and Development,29-427.0,"Council District: 1; Community Plan: Torrey Highlands, Black Mountain Ranch",10332094,17550000,"This project provides for the acquisition, design and construction of a 30 useable-acre community park serving the Black Mountain Ranch and Torrey Highlands communities. Phase I includes the construction of 13 acres, including the athletic fields and a parking lot. Phase II will complete the remaining 17 acres and its associated amenities. The project costs are dependent upon all developments within the Black Mountain Ranch and Torrey Highlands communities providing their fair share toward the costs of the park.",This project will contribute to satisfying the population-based park acreage requirements set forth in the City's Progress Guide and General Plan.,0,450000,-450000,7217906,0,0,0,0,0,0,0,0,2009,2011,17550000,0,
2008,418,Park & Recreation,Other Parks,Cabrillo Heights Neighborhood Park - Improvements,29-902.0,Council District: 6; Community Plan: Serra Mesa,678000,843000,"This project provides for improvements at Cabrillo Heights Neighborhood Park. Phase I improvements may consist of development of an off-leash dog area on a 0.32 acre portion of the park; paving of approximately 700 feet of the road located along the north property line; tree planting or landscape buffering along the entire 1,200-foot length of the north road; ballfield area furnishings, including benches and drinking fountains; and accessibility upgrades. Phase II improvements may include a group picnic shelter.",This project will contribute to satisfying the population-based park acreage requirements set forth in the City's Progress Guide and General Plan.,0,0,165000,0,0,0,0,0,0,0,0,0,2010,2010,843000,0,
2008,419,Park & Recreation,Other Parks,Canyonside Community Park Sportsfield Lighting Upgrade,29-938.0,Council District: 1; Community Plan: Rancho Penasquitos,345000,345000,"Conversion of existing, outdated, luminaries to energy efficient luminaries at fields 6, 7, 8, and 9.",This project is a high priority in the needs list of various park improvements in the Community of Rancho Penasquitos.,0,0,0,0,0,0,0,0,0,0,0,0,,,345000,0,
2008,420,Park & Recreation,Other Parks,Carmel Grove Mini-Park - Play Area Upgrade,29-689.0,"Council District: 1; Community Plan: Carmel Valley, Clairemont Mesa",75288,467467,"This project provides for the upgrade and replacement of playground equipment at the Carmel Grove Mini-Park to meet State and federal safety and accessibility requirements. The total estimated project cost of $467,467 includes an unfunded amount of $39,467.",This project will provide a play area that is fully compliant with State and federal safety and accessibility regulations.,0,352712,39467,0,0,0,0,0,0,0,0,0,2009,2010,467467,0,
2008,421,Park & Recreation,Other Parks,Carmel Valley Community Park South - Neighborhood #8A,29-764.0,"Council District: 1; Community Plan: Carmel Valley, Torrey Hills",9561965,9769948,"This project provides for developing a 15 useable acre community park in the Torrey Hills and Carmel Valley Neighborhoods, south of State Route 56, located in Carmel Valley Neighborhood 8A.",This project will contribute to satisfying the population-based park acreage requirements of the City's Progress Guide and General Plan.,0,207983,0,0,0,0,0,0,0,0,0,0,2009,2009,9769948,0,
2008,422,Park & Recreation,Other Parks,Carmel Valley Community Park South - Recreation Building,29-407.0,"Council District: 1; Community Plan: Carmel Valley, Torrey Pines",5647000,5800000,"This project provides for a 16,347 square foot recreation building to serve the Torrey Hills and Carmel Valley Neighborhoods, south of State Route 56, located in Carmel Valley Community Park South Neigborhood 8A.",This project will contribute to satisfying the population-based park acreage requirements of the City's Progress Guide and General Plan.,0,153000,0,0,0,0,0,0,0,0,0,0,2009,2009,5800000,0,
2008,423,Park & Recreation,Other Parks,Carmel Valley Multi-use Trail - Neighborhood 10,52-660.0,Council District: 1; Community Plan: Carmel Valley,580000,620600,This project provides for a multi-use trail connection from Del Mar Mesa to Neighborhood 10 Precise Plan.,This project will contribute to satisfying the population-based park acreage requirements set forth in the City's Progress Guide and General Plan.,0,40600,0,0,0,0,0,0,0,0,0,0,2009,2009,620600,0,
2008,424,Park & Recreation,Other Parks,Carmel Valley Neighborhood Park - Neighborhood #8,29-482.0,Council District: 1; Community Plan: Carmel Valley,2750000,3100000,"This project provides for acquiring and developing a 4 useable acre neighborhood park in Carmel Valley. Amenities may include a play area, picnic facilities, open turf area, and landscaping. Frontage road improvement will be provided by another project.",This project will contribute to satisfying the population-based park acreage requirements set forth in the City of San Diego's Progress Guide and General Plan.,0,0,350000,0,0,0,0,0,0,0,0,0,2010,2010,3100000,0,
2008,425,Park & Recreation,Other Parks,Carmel Valley Skate Park,29-887.0,Council District: 1; Community Plan: Carmel Valley,3000000,3210000,"This project provides for the design and construction of a 33,000 square foot skate park in Carmel Valley, which will include a 15,000 square foot skating surface area, a concessions and restroom building, lighting for night-time use, and landscaping. The skate park is proposed to be located on City-owned land.",This project will contribute to satisfying the population-based park acreage requirements set forth in the City's Progress Guide and General Plan.,0,210000,0,0,0,0,0,0,0,0,0,0,2009,2009,3210000,0,
2008,426,Park & Recreation,Other Parks,Carson Elementary School - Joint Use Improvements,29-514.0,Council District: 6; Community Plan: Linda Vista,749662,749662,This project provides for the improvement of approximately 1.8 acres of existing fields at Carson Elementary School for joint use purposes. The improvements may include turfing for multi-use ball fields and back stops.,This project will contribute to satisfying the population-based park acreage requirements set forth in the City's Progress Guide and General Plan.,0,0,0,0,0,0,0,0,0,0,0,0,,,749662,0,
2008,427,Park & Recreation,Other Parks,Central Avenue Mini Park-Acquisition and Development,29-002.0,Council District: 3; Community Plan: Mid-City,540000,832000,"This project provides for the acquisition of an approximately 16,000 square foot parcel, remaining from the construction of the Interstate 15 freeway through Mid-City at the corner of Central Avenue and Landis Street, to be developed as a mini park. Amenities may include an open turf area, children's play area, skate park, seating areas, walkways, and security lighting.",This project will contribute to satisfying the population-based park acreage requirements set forth in the City's Progress Guide and General Plan.,0,0,292000,0,0,0,0,0,0,0,0,0,2010,2010,832000,0,
2008,428,Park & Recreation,Other Parks,Coastal Bluff Erosion and Access,29-913.0,Council District: Citywide; Community Plan: Citywide,582933,3285335,"This project provides partial funding for coastal infrastructure improvements at 71 sites, from Sunset Cliffs Park to Torrey Pines State Beach, that were identified and prioritized in a 2003 Coastal Erosion Assessment Survey. High priority sites are those that present potential public hazards.",This project is needed to provide funding for improvements to coastal erosion sites that present potential public hazards.,0,0,459879,426947,226947,226947,226947,226947,226947,226947,226947,226947,2010,2019,3285335,0,
2008,429,Park & Recreation,Other Parks,Crest Canyon Resource Management Plan,29-975.0,"Council District: 1; Community Plan: Carmel Valley, Torrey Pines",0,75000,"This project provides for the completion of an existing biology report, a literature review, data collection, and formulation of Area Specific Management Directives to manage the Multiple Species Conservation Program (MSCP) covered species within Crest Canyon.",This project will provide a management framework for sensitive resources within the plan area.,0,75000,0,0,0,0,0,0,0,0,0,0,2009,2009,75000,0,
2008,430,Park & Recreation,Other Parks,Del Mar Mesa Central Multi-Use Trail,52-709.0,Council District: 1; Community Plan: Del Mar Mesa,161000,161000,"This project provides for the construction of a four-foot wide multi-use trail one mile long extending easterly from the northerly section of Carmel Mountain Road through the Lorenz Parcel, then southerly into Penasquitos Canyon.",This project provides additional recreational opportunities in Del Mar Mesa.,0,0,0,0,0,0,0,0,0,0,0,0,,,161000,0,
2008,431,Park & Recreation,Other Parks,Del Mar Mesa Eastern Multi-Use Trail,52-710.0,Council District: 1; Community Plan: Del Mar Mesa,229300,229300,"This project provides for the construction of an unimproved multi-use trail, 8,000 feet long extending easterly from the end of Street ""Z"" to the San Diego Gas and Electric easement. The trail will continue southerly within the easement into Penasquitos Canyon.",This project provides additional recreational opportunities in Del Mar Mesa.,0,0,0,0,0,0,0,0,0,0,0,0,,,229300,0,
2008,432,Park & Recreation,Other Parks,Del Mar Mesa Multiple Species Conservation Program Land Acquisition,29-617.0,Council District: 1; Community Plan: Del Mar Mesa,2124000,2124000,This project provides for land acquisition in the Del Mar Mesa community planning area for the Multiple Species Conservation Program (MSCP).,"The MSCP Implementing Agreement, Section 10(a), Take Authorization of the Endangered Species Act, mandates a statutory responsibility on the part of the City to assemble the MSCP preserve. This responsibility includes acquisition of public land to be used for wildlife habitat.",0,0,0,0,0,0,0,0,0,0,0,0,,,2124000,0,
2008,433,Park & Recreation,Other Parks,Del Mar Mesa Neighborhood Park,29-533.0,Council District: 1; Community Plan: Del Mar Mesa,3400000,3750000,"This project provides for the acquisition, design and construction of a 4 useable acre park to serve the Del Mar Mesa population. Amenities may include a comfort station, turf, and active and passive play areas.",This project will contribute to satisfying the population-based park requirements set forth in the City's Progress Guide and General Plan.,0,0,350000,0,0,0,0,0,0,0,0,0,2010,2010,3750000,0,
2008,434,Park & Recreation,Other Parks,Del Mar Mesa Northern Hiking/Equestrian Trail,52-711.0,Council District: 1; Community Plan: Del Mar Mesa,386000,386000,"This project provides for an eight-foot wide hiking and equestrian trail, 8,000 feet long, extending northerly from the Carmel Mountain Road and Del Mar Mesa Road intersection area, then westerly in the developable area along open space. The trail will continue to the westerly end of Del Mar Mesa Road. This project also includes improvements to a 1,000-foot long existing trail that extends northerly into Carmel Valley Neighborhood 8.",This project provides additional recreational opportunities in Del Mar Mesa.,0,0,0,0,0,0,0,0,0,0,0,0,,,386000,0,
2008,435,Park & Recreation,Other Parks,Del Mar Mesa Southern Multi-Use Trail,52-708.0,Council District: 1; Community Plan: Del Mar Mesa,110300,260300,"This project provides for a surfaced eight-foot wide multi-use trail, 2,000 feet long, extending southerly from the end of Del Mar Mesa Road, crossing the ""Bougainvillea"" entry road. The trail will branch westerly to connect to the wildlife crossing under Carmel Country Road, and easterly to connect to the Shaw Valley and Neighborhood 10 trails in Carmel Valley.",This project provides additional recreational opportunities.,0,0,150000,0,0,0,0,0,0,0,0,0,2010,2010,260300,0,
2008,436,Park & Recreation,Other Parks,Del Sur Neighborhood Park North (Black Mountain Neighborhood Park North),29-688.0,Council District: 1; Community Plan: Black Mountain Ranch,0,3700000,This project provides for the acquisition and development of a 5 useable acre neighborhood park adjacent to a proposed elementary school site. This project includes the cost of half-width street improvements for the local roadway adjacent to the project.,This project will contribute to satisfying the population-based park acreage requirements set forth in the City's Progress Guide and General Plan.,0,3700000,0,0,0,0,0,0,0,0,0,0,2009,2009,3700000,0,
2008,437,Park & Recreation,Other Parks,Dennery Ranch Neighborhood Park - Acquisition and Construction,29-408.0,Council District: 8; Community Plan: Otay Mesa,45,9202001,"This project provides for acquisition, design, and construction of an 11 useable acre park site in the Otay Mesa Community Plan and the Dennery Ranch Precise Plan area. The park may include a multi-purpose court, restroom, children's play area, picnic area and facilities, open turf area, staging area, and trail with connectivity to the Otay Valley Regional Park.",This project will contribute to satisfying the population-based park acreage requirements set forth in the City's Progress Guide and General Plan.,0,2000956,0,4000000,3201000,0,0,0,0,0,0,0,2009,2012,9202001,0,
2008,438,Park & Recreation,Other Parks,Dingeman Elementary School - Spring Canyon Neighborhood Park Improvements,29-907.0,Council District: 5; Community Plan: Miramar Ranch North,115890,115890,This project provides for the improvement of the fields at Spring Canyon Neighborhood Park.,Improvements are in accordance with the recommendations of the Miramar Ranch North Planning Committee.,0,0,0,0,0,0,0,0,0,0,0,0,,,115890,0,
2008,439,Park & Recreation,Other Parks,Encanto Community Park Concession Stand Expansion at Verna Quinn Fields,29-953.0,Council District: 4; Community Plan: Southeastern San Diego,0,155000,This project provides for the design and construction of the expansion of the existing concession stand at Verna Quinn Fields and all associated accessibility and drainage improvements required to comply with all State and federal accessibilitly guidelines and City standards.,This project provides for recreational and other facilities in a community deficient in parks and recreation facilities per the City Progress Guide and General Plan Guidelines.,0,155000,0,0,0,0,0,0,0,0,0,0,2009,2009,155000,0,
2008,440,Park & Recreation,Other Parks,Fairbrook Neighborhood Park - Acquisition,29-717.0,Council District: 5; Community Plan: Scripps Miramar Ranch,420000,420000,This project provides for land acquisition of approximately 3 useable acres for a neighborhood park south of Pomerado Road in the Scripps Miramar Ranch area.,This project will contribute to satisfying the population-based park acreage requirements set forth in the City's Progress Guide and General Plan.,0,0,0,0,0,0,0,0,0,0,0,0,,,420000,0,
2008,441,Park & Recreation,Other Parks,Fairbrook Neighborhood Park - Development,29-761.0,Council District: 5; Community Plan: Scripps Miramar Ranch,1821000,2400000,"This project provides for development of an approximately 3 useable acre neighborhood park south of Pomerado Road in the Scripps Miramar Ranch area, adjacent half-width street improvements, and utilities to serve the park.",This project will contribute to satisfying the population-based park acreage requirements set forth in the City's Progress Guide and General Plan.,0,0,579000,0,0,0,0,0,0,0,0,0,2010,2010,2400000,0,
2008,442,Park & Recreation,Other Parks,Florida Canyon Drainage and Trail Improvements and Exotic Plant Removal,29-944.0,Council District: 3; Community Plan: Balboa Park,357000,357000,This project provides for Florida Canyon drainage and trail improvements and exotic plant removal.,This project will provide erosion prevention in Florida Canyon by removing the exotic plant material and improving the drainage. This project will also improve existing trails within the canyon.,0,0,0,0,0,0,0,0,0,0,0,0,,,357000,0,
2008,443,Park & Recreation,Other Parks,Gonzales Canyon Neighborhood Park - Acquisition and Development,29-534.0,Council District: 1; Community Plan: Pacific Highlands Ranch,1244000,5800000,"This project provides for the acquisition, design and construction of a 5 useable acre neighborhood park adjacent to an elementary school in the Gonzales Canyon area of Pacific Highlands Ranch.",This project will contribute to satisfying the population-based park acreage requirements set forth in the City's Progress Guide and General Plan.,0,0,4556000,0,0,0,0,0,0,0,0,0,2010,2010,5800000,0,
2008,444,Park & Recreation,Other Parks,Gonzales Canyon Resource Management Plan,29-974.0,Council District: 1; Community Plan: Pacific Highlands Ranch,0,200000,"This project provides for the completion of an existing biology report, a literature review, data collection, and formulation of Area Specific Management Directives to manage the Multiple Species Conservation Program (MSCP) covered species within Gonzales Canyon.",This project will provide a management framework for sensitive resources within the plan area.,0,200000,0,0,0,0,0,0,0,0,0,0,2009,2009,200000,0,
2008,445,Park & Recreation,Other Parks,Hidden Trails Neighborhood Park Acquisition and Development,29-535.0,Council District: 8; Community Plan: Otay Mesa,200000,3100000,"This project provides for the acquisition, design and construction of a 4 useable acre neighborhood park serving the Otay Mesa community. Amenities may include an open turfed area and children's play area, as well as off-site improvements to serve the park.",This project will contribute to satisfying the population-based park acreage requirements set forth in the City's Progress Guide and General Plan.,0,0,2900000,0,0,0,0,0,0,0,0,0,2010,2010,3100000,0,
2008,446,Park & Recreation,Other Parks,"Hilltop Community Park - Development, Phases I, II & III",29-282.1,Council District: 1; Community Plan: Rancho Penasquitos,5398169,6470672,"This project provides for the development of a community park in Rancho Penasquitos on approximately 34 acres, of which approximately 14 are useable-acres. Phase I comprised approximately 12 acres of improvements including a recreation building, basketball courts, open play areas, picnic areas, a comfort station, and utilities. Phase II will provide for the development of the remaining two acres and will potentially include additional parking, children's play area, open grass area, irrigation system, picnic area, security lighting, concrete walkways, and shade structures. Phase III will include a soccer and roller hockey arena.",This project will contribute to satisfying the population-based park acreage requirements set forth in the City's Progress Guide and General Plan.,0,621889,0,450614,0,0,0,0,0,0,0,0,2009,2011,6470672,0,
2008,447,Park & Recreation,Other Parks,Home Avenue Neighborhood Park - Development,29-865.0,Council District: 4; Community Plan: Mid-City,600000,3050000,"This project provides for the design and construction of a new 6 acre neighborhood park with approximately 2 useable acres, enhancements to Chollas Creek, and associated traffic improvements on Home Avenue for pedestrian crossing.",This project will contribute to satisfying the population-based park acreage requirements set forth in the City's Progress Guide and General Plan.,0,50000,2400000,0,0,0,0,0,0,0,0,0,2009,2010,3050000,0,
2008,448,Park & Recreation,Other Parks,Hourglass Field Community Park - Field House,29-738.0,Council District: 5; Community Plan: Mira Mesa,3669501,3669501,"This project provides for a joint use field house including a gymnasium, shower and locker facilities, multi-purpose rooms, and meeting rooms at Hourglass Field Community Park.",This project will contribute to satisfying the population-based park acreage requirements set forth in the City's Progress Guide and General Plan.,0,0,0,0,0,0,0,0,0,0,0,0,,,3669501,0,
2008,449,Park & Recreation,Other Parks,Hourglass Field House Parking Areas,29-918.0,Council District: 5; Community Plan: Mira Mesa,1330000,1330000,"This project provides for reimbursing the San Diego College District for building and providing parking areas for the public that visit the Hourglass Field House, a joint-use facility with Mira Mesa City College.",This project will contribute to satisfying the population-based park acreage requirements set forth in the City's Progress Guide and General Plan.,0,0,0,0,0,0,0,0,0,0,0,0,,,1330000,0,
2008,450,Park & Recreation,Other Parks,Joint Use Improvements - Citywide,29-889.0,Council District: Citywide; Community Plan: Citywide,737705,2410000,"This project provides for design and construction of miscellaneous improvements on joint use facilities throughout the City, such as replacement and upgrades to turf, irrigation, fencing, and disabled access.","This project will provide necessary improvements which have been identified through the joint use agreement renewal process, derived from individual, on-site inspections and cost estimates, in order to upgrade the joint use facilities to meet current codes, regulations and standards, and to endure another 25 years of use pursuant to the terms of the joint use agreements.",0,0,1672295,0,0,0,0,0,0,0,0,0,2010,2010,2410000,0,
2008,451,Park & Recreation,Other Parks,Kumeyaay Lakes Berm Restoration and Dredging,29-671.0,Council District: 7; Community Plan: Mission Trails Regional Park,160000,10000000,This project provides for the dredging of two lakes and reconstruction of a lake berm within the Kumeyaay Lake system at Mission Trails Regional Park.,"A berm that surrounds the lakes was breached during the 1995-96 rainy season. Since that time, the San Diego River's flow has been redirected through the Kumeyaay Lakes, to the detriment of the lakes. Impacts include sedimentation of the lakes, the introduction of exotic invasive aquatic plants and the decline of an adjacent state wetland mitigation site through which the river once flowed.",0,0,9840000,0,0,0,0,0,0,0,0,0,2010,2010,10000000,0,
2008,452,Park & Recreation,Other Parks,La Jolla Valley Bike Path,29-904.0,Council District: 1; Community Plan: Black Mountain Ranch,638000,638000,"This project provides for construction of 1.7 miles of 8 feet wide, asphalt bike path along the south side of La Jolla Valley, between Carmel Valley Road and Camino Del Sur, within the area of Black Mountain Ranch to be dedicated for public use. Completion of connections will require design and construction of approximately 4,000 feet of paved path from the northwest and southwest extensions of paved roads within the Santa Luz Development to connect to Carmel Valley Road northwest, and Camino del Sur southeast. This project is to be completed under the terms of development agreement, extraordinary benefits.",Trail and bike access is a requirement of the Subarea plan for Black Mountain Ranch.,0,0,0,0,0,0,0,0,0,0,0,0,,,638000,0,
2008,453,Park & Recreation,Other Parks,La Jolla Valley Trail,29-536.0,"Council District: 1; Community Plan: Carmel Mountain Ranch, Black Mountain Ranch",385000,385000,"This project provides for the design and construction of a 3.6 mile multi-use unpaved trail, meeting City trail standards, within the open space to be granted to the City by the Black Mountain Ranch community. The trail will extend from the City limits to Black Mountain Park.",The trail is required by the Black Mountain Ranch Development Agreement under terms of extraordinary benefits.,0,0,0,0,0,0,0,0,0,0,0,0,,,385000,0,
2008,454,Park & Recreation,Other Parks,La Jolla Valley Trail - North Loop,29-538.0,Council District: 1; Community Plan: Black Mountain Ranch,638000,638000,"This project provides for the design and construction of a 6.6 mile multi-use trail, meeting City standards, located along the northern and western City boundary and southerly to the La Jolla Valley Trail.",The trail is required by the Black Mountain Ranch Development Agreement under terms of extraordinary benefits.,0,0,0,0,0,0,0,0,0,0,0,0,,,638000,0,
2008,455,Park & Recreation,Other Parks,La Mirada Elementary School - Joint Use Improvements,29-657.0,Council District: 8; Community Plan: San Ysidro,1241595,1241595,"This project provides for the turfing of approximately 2 acres in Phase I and 1.7 acres in Phase II of undeveloped fields at La Miranda Elementary School. Improvements include a running track, a softball field, an accessible ramp to San Ysidro Activity Center, and relocation of the existing school garden for joint-use purposes.",This project will contribute to satisfying the population-based park acreage requirements set forth in the City's Progress Guide and General Plan.,0,0,0,0,0,0,0,0,0,0,0,0,,,1241595,0,
2008,456,Park & Recreation,Other Parks,Language Academy/Montezuma Elementary School - JU Improvements,29-941.0,Council District: 7; Community Plan: College Area,0,1399000,"This project provides for design and construction of approximately 1.37 acres at the Language Academy (formerly Montezuma Elementary School) for joint use facilities to supplement existing park acreage in the College Area Community. Improvements may include artificially-turfed multi-purpose sports fields, multi-purpose courts, walkways, landscaping and Americans with Disability Act (ADA)/accessibility upgrades.",This project will contribute to satisfying population-based park acreage requirements set forth in the City's Progress Guide and General Plan in a community currently deficient per General Plan Guidelines.,0,668000,731000,0,0,0,0,0,0,0,0,0,2009,2010,1399000,0,
2008,457,Park & Recreation,Other Parks,Marshall Elementary School - Joint Use Improvements,29-973.0,Council District: 7; Community Plan: Mid-City,0,734000,"This project provides for design and construction of approximately 1.46 acres of Marshall Elementary School for joint use facilities to supplement existing park acreage in the City Heights area of the Mid-City Communities. Improvements may include turfed multi-purpose sports fields, multi-purpose courts, walkways, landscaping, and Americans with Disability Act (ADA)/accessibility upgrades.",This project will contribute to satisfying population-based park acreage requirements set forth in the City's Progress Guide and General Plan in a community currently deficient per General Plan Guidelines.,0,35000,699000,0,0,0,0,0,0,0,0,0,2009,2010,734000,0,
2008,458,Park & Recreation,Other Parks,Martin Luther King Jr. Community Park - Play Area Upgrades,29-951.0,Council District: 4; Community Plan: Southeastern San Diego,0,500000,This project provides for upgrades of the play ground area and access walkway at Martin Luther King Jr. Community Park to be in compliance with State and federal safety and accessibility guidelines.,This project will provide a play area which is fully compliant with current State safety regulations and State and federal accessibiity guidelines.,0,500000,0,0,0,0,0,0,0,0,0,0,2009,2009,500000,0,
2008,459,Park & Recreation,Other Parks,McAuliffe Community Park - Development,29-727.0,Council District: 5; Community Plan: Mira Mesa,1096530,4203814,"This project provides for design and construction of park improvements on approximately 3.0 useable acres at McAuliffe Community Park, located at the west end of Winterwood Lane in the Mira Mesa Community Plan area. Improvements may consist of open turf area, parking areas, picnic facilities, a children's play area, trails and walkways, interpretive overlooks, security lighting, comfort station, and a skate park.",This project will contribute to satisfying the population-based park acreage requirements set forth in the City's Progress Guide and General Plan.,0,2301157,806127,0,0,0,0,0,0,0,0,0,2009,2010,4203814,0,
2008,460,Park & Recreation,Other Parks,Memorial Community Park - Miscellaneous Pool Improvements,29-893.0,Council District: 8; Community Plan: Southeastern San Diego,322037,338500,This project provides for the demolition of an existing pool and the design and construction of a new pool.,This project will address deterioration of the existing pool decking and piping due to age.,0,0,16463,0,0,0,0,0,0,0,0,0,2010,2010,338500,0,
2008,461,Park & Recreation,Other Parks,Mira Mesa Community Park - Expansion (Carroll Neighborhood Park - Development),29-757.0,Council District: 5; Community Plan: Mira Mesa,9000000,21200000,"This project provides for developing approximately 11 useable acres of the former Carroll School parksite across the street from Mira Mesa Community Park. Amenities include a comfort station and ballfields. The Mira Mesa Community Park will also be upgraded to include a pool complex, improved recreation center, and skate plaza. The street between the two sites will include parking and street calming. This project will be phased as funding becomes available. Phase I includes the ballfields and street calming. Phase II includes the pool complex and skate plaza. Phase III includes recreation center improvements.",This project will contribute to satisfying the population-based park acreage requirements set forth in the City of San Diego's Progress Guide and General Plan.,0,5000000,3600000,3600000,0,0,0,0,0,0,0,0,2009,2011,21200000,0,
2008,462,Park & Recreation,Other Parks,Mira Mesa Parks - Tree Replacement,29-690.0,Council District: 5; Community Plan: Mira Mesa,56000,56000,This project provides for replacement of trees in parks in the Mira Mesa Community.,It was necessary to remove a number of diseased red gum eucalyptus trees from parts of the Mira Mesa community. This project provides for replacement of these trees.,0,0,0,0,0,0,0,0,0,0,0,0,,,56000,0,
2008,463,Park & Recreation,Other Parks,Mission Beach - Boardwalk Widening,52-533.0,"Council District: 2; Community Plan: Mission Beach, Pacific Beach",2001107,4754107,"This project increases public accesibility of the beach areas in Pacific and Mission Beach. Phase I of this project completed the widening of 1.34 miles of boardwalk along Oceanfront Walk and Ocean Boulevard from Ventura Place to Santa Rita Place. This included widening of the existing concrete boardwalk by nine feet and the creation of a three foot wide landscape buffer zone immediately to the east of, and adjacent to, the boardwalk. Phase II, which is complete, included a safety study. Phase III provides for the acquisition of the right-of-way at Santa Rita Place and from Pacific Beach Drive to Oliver Avenue. Phase IV will complete the widening from Santa Rita Place to Thomas Avenue.",This project will enhance public access to this section of beach.,0,0,2753000,0,0,0,0,0,0,0,0,0,2010,2010,4754107,0,
2008,464,Park & Recreation,Other Parks,Mission Beach Bulkhead Preservation,52-719.0,"Council District: 2; Community Plan: Mission Beach, Pacific Beach",892225,9169725,"This project provides for preserving the life of the historic Mission Beach bulkhead from Balboa Court to Pacific Beach Drive. The project includes replacing the concrete deck, restoring the wall backfill, and replacing the parapet.",This project will preserve the life of the 1928 bulkhead.,0,149500,8128000,0,0,0,0,0,0,0,0,0,2009,2010,9169725,0,
2008,465,Park & Recreation,Other Parks,Mission Trails Regional Park Cowles Mountain Trail Rehabilitation,29-966.0,"Council District: 7; Community Plan: Navajo, Tierrasanta",0,400000,"This project provides for design, engineering, construction, and installation of structures and the rehabilitation and installation of appropriate material to re-establish approximately 2,000 linear feet of existing trail. This project is to supplement existing and increased recreational activity of hikers and the increase of sensitive resource impacts caused by hikers leaving the official trail. When completed, this trail rehabilitation will improve safety, improve maintenance, and reduce or eliminate loss of sensitive natural resources due to visitor use and erosion. Improvements will include minimal pruning and hand crew installation of materials. No grading will be done; however, some hand tool manipulation of existing soils may occur. This project will also provide funding to improve existing Americans with Disabilities Act (ADA) facilities at the trailhead at Golfcrest Drive and Navajo Road. The remainder of this trail is not ADA accessible.",This project will contribute to implementing the recreational element of the Mission Trails Regional Park Master Plan.,0,400000,0,0,0,0,0,0,0,0,0,0,2009,2009,400000,0,
2008,466,Park & Recreation,Other Parks,Mission Trails Regional Park Master Plan Update and Natural Resource Mgmt Plan,29-943.0,"Council District: 7; Community Plan: Navajo, Tierrasanta",148000,620000,This project provides for an update to the 1985 Mission Trail Regional Park (MTRP) Master Development Plan to identify completed capital projects and to guide future development and preservation within the park. A Natural Resource Management Plan will also be prepared and incorporated into the master plan document to provide City park rangers with information and tools to manage the Park's sensitive resources.,"MTRP faces numerous challenges and issues due to the high number of vistorsand the Park's location within a densely populated area. Ezxtensive recreational use, illegal off-road vehicle activity, erosion, urban runoff, and invasive non-native plants are potential threats to the continued health of the Park's natural Resources. The MTRP Natural Resource Management Plan is a part of the implementation task of the City of San Diego's Multiple Species Conservation Program (MSCP). The MSCP was officially adopted on March 18, 1997, with the United States Fish and Wildlife Service and the California Department of Fish and Game approving the plan on July 17, 1997.",0,0,472000,0,0,0,0,0,0,0,0,0,2010,2010,620000,0,
2008,467,Park & Recreation,Other Parks,Mission Trails Regional Park Trail Realignments,29-967.0,"Council District: 7; Community Plan: Navajo, Tierrasanta",0,300000,"This project provides for design, engineering and construction of approximately 5,000 linear feet of new (realignment) trail and rehabilitation of approximately 3,500 linear feet of existing trail. This is to supplement existing and increased recreational activity of all visitor user groups (hikers, bikes, equestrian) and to stabilize and protect sensitive habitat and natural resources currently impacted by poor trail alignment. Improvements will include vegetation pruning and trimming, as well as hand crew manipulation of soils for ""best location"" of trails that will meet City Trail Standards (safety, sustainability). Locations of these trail realignments have been roughly engineered on-site but will require environmental review and approval. No grading is anticipated. No trails in this area are Americans with Disabilities Act ADA) accessible and this realignment would not provide ADA opportunities due to lack of access.",This project will contribute to implementing the recreational element of the Mission Trails Regional Park Master Plan.,0,300000,0,0,0,0,0,0,0,0,0,0,2009,2009,300000,0,
2008,468,Park & Recreation,Other Parks,Montgomery Academy - Joint Use Improvements,29-954.0,Council District: 6; Community Plan: Linda Vista,0,1330000,"This project provides for the construction of approximately 3.0 acres of joint use play fields at the Montgomery Academy and associated Americans with Disabilities Act (ADA) improvements to comply with all State and federal accessibility guidelines and City standards. Phase I amenities may include a turfed multi-purpose sports field, security lighting, decomposed granite running track, accessibility improvements, signage and site furnishings, and miscellaneous landscaping. Phase II amenities may include picnic shelters and site furnishings, accent plantings, and enhanced gateway treatments.",This project provides for joint use recreational facilities in a community deficient in parks and recreational facilities per the City's Progress Guide and General Plan Guidelines.,0,909000,421000,0,0,0,0,0,0,0,0,0,2009,2010,1330000,0,
2008,469,Park & Recreation,Other Parks,Montgomery-Waller Community Park Sports Field Lighting and Parking Improvements,29-866.0,Council District: 8; Community Plan: Otay Mesa/Nestor,790000,790000,"This project provides for lighting and parking improvements at the Montgomery-Waller Community Park. Phase I of this project provides for the addition of lighting to the existing multi-purpose softball, soccer, and football field; Phase II will develop additional parking for the park.",This project will meet the community needs for a lighted multi-purpose ball field.,0,0,0,0,0,0,0,0,0,0,0,0,,,790000,0,
2008,470,Park & Recreation,Other Parks,North Chollas Community Park - Improvements,29-667.0,Council District: 4; Community Plan: Mid-City,3296033,29640000,"This project provides for the design and development of North Chollas Community Park, located on College Grove Drive midway between 54th Street and College Avenue. Phase I improvements consist of a sports field, parking area, access road, tot lot, and comfort station with concession area. Future phases may include additional sports and multi-purpose fields, a play area, basketball courts, picnic areas, additional parking areas, creek enhancement, trails, a gymnasium, and a dog off-leash area.",This project will provide a park and athletic facility to serve the greater community. The surrounding area is not currently served by a community park and the region is deficient in sports facilities and open park areas based on General Plan Guidelines.,0,0,26343967,0,0,0,0,0,0,0,0,0,2010,2010,29640000,0,
2008,471,Park & Recreation,Other Parks,North Park Mini-Park and Streetscape Improvements,29-897.0,Council District: 3; Community Plan: Greater North Park,2550000,3870000,"This project provides for the design and construction of an approximately 0.50 useable acre, urban mini-park to be located behind the recently renovated North Park Theatre. The project may include public art, plaza areas, specialty/enhanced paving areas for performances and events, an amphitheater or audience seating area, a gazebo/shade structure, a water feature, unique site furniture, walkways, seat walls, security and decorative lighting, and landscape and irrigation. This project also provides for the design and construction of approximately 1,800 linear feet of streetscape which may include enhanced street/pedestrian paving and walkways, street trees with tree grates, landscaping, irrigation, unique street furniture including benches and trash receptacles, security and decorative lighting, pedestrian ramps, curbs and gutters.",This project provides for recreational and other facilities in a community deficient in parks and recreational facilities per the City's Progress Guide and General Plan Guidelines.,0,0,1320000,0,0,0,0,0,0,0,0,0,2010,2010,3870000,0,
2008,472,Park & Recreation,Other Parks,Ocean Beach Fishing Pier Preservation,29-675.0,Council District: 2; Community Plan: Ocean Beach,205000,205000,"This project provides for a comprehensive preservation effort to prolong the overall life of the historic Ocean Beach Fishing Pier. Phase I includes completion of a structural survey to determine the stability of the pier. Phase II, which includes upgrade and restoration efforts to extend the life of the pier, will be done in a separate project.","The structural survey required inspecting the pier above and below the waterline to determine its stability and provided engineering recommendations for pier improvements. The pier, built in 1965, requires upgrades and restoration to extend and preserve its useful life.",0,0,0,0,0,0,0,0,0,0,0,0,,,205000,0,
2008,473,Park & Recreation,Other Parks,Old Mission Dam Preservation,20-100.3,Council District: 7; Community Plan: Mission Trails Regional Park,1302527,1302527,This project provides for dredging behind the Old Mission Dam for the purpose of removing silt buildup.,This project will protect the structural integrity of the historic dam and improve water quality.,0,0,0,0,0,0,0,0,0,0,0,0,,,1302527,0,
2008,474,Park & Recreation,Other Parks,Open Space Improvements,29-910.0,Council District: Citywide; Community Plan: Citywide,1100000,2000000,"This project provides for developing public facilities within the City's resource-based open space parks. Improvements may include rehabilitation of Cowles Mountain Trail, drainage improvements within Tecolote Open Space, San Diego River improvements, Arizona Landfill reclamation test plot, and North Chollas Open Space enhancement.",This project is needed to provide funding to preserve and enhance the City's open space areas.,0,0,900000,0,0,0,0,0,0,0,0,0,2010,2010,2000000,0,
2008,475,Park & Recreation,Other Parks,Otay Valley Athletic Complex,29-550.0,Council District: 8; Community Plan: Otay Mesa/Nestor,200000,22000000,"This project provides for an approximately 14 useable acre athletic complex in Otay Valley. Amenities may include a recreation center, athletic fields, a comfort station, parking areas, and other improvements to be determined.",This project will construct community identified recreational facilities in an area deficient in population-based parks.,0,0,21800000,0,0,0,0,0,0,0,0,0,2010,2010,22000000,0,
2008,476,Park & Recreation,Other Parks,Otay Valley Regional Park-Beyer Way Equestrian & Regional Staging Area & Trail,29-942.0,Council District: 8; Community Plan: Otay Mesa,200000,2750000,"This project provides for design of the regional staging area in Otay Valley Regional Park and will include grading, drainage, utiltities, restroom, security lights, interpretive kiosk, horse corals, a project sign, drinking fountain, and trails for hiking, biking, and equestrian users.","This project will provide equestrian, hiking, and biking access to the Otay Valley Regional Park.",0,0,2550000,0,0,0,0,0,0,0,0,0,2010,2010,2750000,0,
2008,477,Park & Recreation,Other Parks,Pacific Breezes Community Park (Ocean View Hills Community Park),29-541.0,Council District: 8; Community Plan: Otay Mesa,11770000,11770000,"This project provides for the acquisition, design and construction of the Pacific Breezes Community Park. This park will be 15 acres with an additional 5 acres of joint-use with the adjacent Ocean View Hills Elementary School. Amenities may include tennis courts, lighted ballfields, a comfort station, a children's play area, and other improvements. A recreation center and pool complex are also scheduled to be developed at this site as separate future projects.",This project will contribute to satisfying the population-based park acreage requirements set forth in the City of San Diego's Progress Guide and General Plan.,0,0,0,0,0,0,0,0,0,0,0,0,,,11770000,0,
2008,478,Park & Recreation,Other Parks,Pacific Highlands Ranch Community Park Acquisition and Development,29-543.0,Council District: 1; Community Plan: Pacific Highlands Ranch,1000000,16932000,"This project provides for the acquisition, design and construction of a 20 useable acre community park to serve the residents of Pacific Highlands Ranch and Del Mar Mesa communities. The proposed location, in Pacific Highlands Ranch, is immediately east and adjacent to the proposed senior high/middle school.",This project will contribute to satisfying the population-based park acreage requirements set forth in the City's Progress Guide and General Plan.,0,0,0,0,0,0,0,0,15932000,0,0,0,2016,2016,16932000,0,
2008,479,Park & Recreation,Other Parks,Pacific Highlands Ranch Hiking and Biking Trails,29-928.0,Council District: 1; Community Plan: Pacific Highlands Ranch,1785000,5075000,"This project provides for the design and construction of approximately 80,000 linear feet (15 miles) of hiking, equestrian and biking trails built to City Trail Standards to be located throughout the community in accordance with the Pacific Highlands Ranch Subarea Plan. The trail system will provide access into the multiple habitat planning area of McGonigle Canyon; provide pathways along Del Mar Heights Road, Little McGonigle Ranch Road, Pacific Highlands Ranch Parkway, Lopelia Meadows Place, Old Carmel Valley Road crossing under State Route-56, and Carmel Valley Road; and provide access into the Rancho Penasquitos Community.",This project will contribute to satisfying the population-based park acreage requirements set forth in the City's Progress Guide and General Plan.,0,0,0,0,0,0,0,0,686800,2603200,0,0,2016,2017,5075000,0,
2008,480,Park & Recreation,Other Parks,Park de la Cruz/38th Street Canyon and Future Phases,29-684.0,Council District: 3; Community Plan: Mid-City,2212166,2212166,"This project provides for an approximately 7.16 total useable acre park as a result of the Interstate 15 freeway expansion. Phase I improvements are complete and include a children's play area, a play field, paved walkways, landscaping, and site furnishings on 5.16 acres. Phase II of the project will provide for the design and construction of 2.0 acres of passive park facilities in the 38th Street canyon area of the park. Future phases will include a monument sign, community identification theme element/art, bollards, additional parking on south 38th Street, curb, gutter and sidewalk, and various park amenities. The improvements will comply with current local, State and federal safety and accessibility codes and regulations.",This project is in conformance with the City's Progress Guide and General Plan guidelines for population-based park acreage and implements the Mid-City Communities Plan recommendations.,0,0,0,0,0,0,0,0,0,0,0,0,,,2212166,0,
2008,481,Park & Recreation,Other Parks,Public Roads Supporting Park Access,29-692.0,Council District: Citywide; Community Plan: Citywide,,100000,This annual allocation provides funding for public roads (citywide) that support park access.,This project is needed to provide funding for public roads (citywide) that support park access.,,100000,,,,,,,,,,,2009,2009,100000,0,
2008,482,Park & Recreation,Other Parks,"Rancho Encantada Bicycle, Pedestrian, and Equestrian Trail System",29-611.0,Council District: 7; Community Plan: Rancho Encantada,1103000,1103000,"This project provides for design and construction of approximately 6.5 miles of hiking and riding trails to be located throughout the community in accordance with the precise plan. The trail system will consist of a network of paved (8,000 linear feet), improved multi-purpose (13,000 linear feet), and unpaved (14,000 linear feet) trails and will provide access into the Multiple Species Conservation Program preserve area of Sycamore Canyon.","The system of trails has been incorporated as an integral component of the Rancho Encantada Precise Plan and provides linkage to existing, adjacent trail systems.",0,0,0,0,0,0,0,0,0,0,0,0,,,1103000,0,
2008,483,Park & Recreation,Other Parks,Rancho Encantada Park - Neighborhood No. 1,29-610.0,Council District: 7; Community Plan: Rancho Encantada,2800000,6000000,This project provides for acquisition and development of an 8 acre neighborhood park.,This project will contribute to satisfying the population-based park acreage requirements set forth in the City of San Diego's Progress Guide and General Plan.,0,3200000,0,0,0,0,0,0,0,0,0,0,2009,2009,6000000,0,
2008,484,Park & Recreation,Other Parks,Rancho Encantada Park - Neighborhood No. 2,29-612.0,Council District: 7; Community Plan: Rancho Encantada,3900000,3900000,This project provides for acquisition and development of approximately 6 acres for a neighborhood park to include active and passive uses.,This park will exceed the requirements of the population-based park acreage requirements set forth in the Rancho Encantada Precise Plan and the City of San Diego's Progress Guide and General Plan.,0,0,0,0,0,0,0,0,0,0,0,0,,,3900000,0,
2008,485,Park & Recreation,Other Parks,Rancho Penasquitos Parks - Playground Upgrades,29-864.0,Council District: 1; Community Plan: Rancho Penasquitos,300000,2450000,This project provides for upgrades to the play area and replacement of playground equipment at Rancho Penasquitos Park. New playground equipment will comply with State and federal safety and accessibility requirements.,This project will provide for play area upgrades and replacement of playground equipment to meet current State and federal safety and accessibility requirements.,0,900000,900000,350000,0,0,0,0,0,0,0,0,2009,2011,2450000,0,
2008,486,Park & Recreation,Other Parks,Regional Park Improvements,29-909.0,Council District: Citywide; Community Plan: Citywide,,41803,"This annual allocation provides funding for permanent public capital improvements, planning, deferred maintenance, and land acquisitions for San Diego regional parks in accordance with Ordinance O-19113 and Municipal Code section 22.0229.","San Diego's regional park system contains recreation resources unique to the City. Parks such as Balboa Park, Mission Bay Park, Mission Trails Regional Park, Otay River Valley Park, and San Diego River Park, as well as open spaces and coastal beaches, help define the City's identity, enrich the quality of life for residents, and serve as visitor attractions that strengthen the local economy. These regional treasures are threatened by increasing use and a backlog of needed improvements.",,41803,,,,,,,,,,,2009,2009,41803,0,
2008,487,Park & Recreation,Other Parks,Riviera Del Sol Neighborhood Park - Acquisition and Development,29-651.0,Council District: 8; Community Plan: Otay Mesa,1450000,3550000,This project provides for land acquisition and development of a 4.9 useable acre neighborhood park at a site located in the Riviera del Sol subdivision.,This project contributes to satisfying the population-based park acreage requirements set forth in the City of San Diego's Progress Guide and General Plan.,0,2100000,0,0,0,0,0,0,0,0,0,0,2009,2009,3550000,0,
2008,488,Park & Recreation,Other Parks,Roosevelt Junior High School - Joint Use Improvements,29-896.0,Council District: 3; Community Plan: Uptown,400000,1000000,"This project provides for the design and construction of joint-use athletic fields at Roosevelt Junior High School. Phase I of the project provides for 1.8 useable acres of joint-use and decomposed granite path surrounding the field area. Future phases will provide an additional 1.9 useable acres of joint-use artificial turf, joint-use parking, a comfort station, overhead shade structures, and other amenities.",This project will contribute to satisfying the population-based park acreage requirements set forth in the City's Progress Guide and General Plan.,0,0,600000,0,0,0,0,0,0,0,0,0,2010,2010,1000000,0,
2008,489,Park & Recreation,Other Parks,San Diego River Park Master Plan,29-666.0,"Council District: 2, 6, 7; Community Plan: Linda Vista, Midway/Pacific Highway Corridor, Mission Bay Park, Mission Beach, Mission Valley, Navajo, Ocean Beach, Tierrasanta, East Elliott",1632000,1682000,"This project provides for the development of a Master Plan, including preparation of an environmental document and an economic analysis, for approximately 17 miles of the San Diego River within the City of San Diego.","This project will provide a policy document to guide development, preservation, enhancement and recreation along the river over the next 20 years.",0,50000,0,0,0,0,0,0,0,0,0,0,2009,2009,1682000,0,
2008,490,Park & Recreation,Other Parks,Sefton Field Neighborhood Park (San Diego River Improvements),29-911.0,"Council District: 2, 6; Community Plan: Mission Valley, Navajo",500000,1000000,"This project provides design and construction of improvements to enhance the 11 acre site currently maintained by the Presidio Little League. The improvements may include walkways, an entry monument, picnic areas, paved parking lots and roadways, landscaping, and irrigation upgrades for the existing athletic fields.",This project will preserve and enhance the areas along the San Diego River as set forth in the City's Progress Guide and General Plan.,0,0,500000,0,0,0,0,0,0,0,0,0,2010,2010,1000000,0,
2008,491,Park & Recreation,Other Parks,Sunset Cliffs Natural Park - Drainage Study,29-871.0,Council District: 2; Community Plan: Peninsula,305000,395000,"This project provides for a study to identify and analyze drainage and erosion issues at Sunset Cliffs National Park, recommend solutions, and provide environmental review of the recommendations.",Drainage and erosion improvements to the park are recommended in the Peninsula Community Plan and the draft Sunset Cliffs Natural Park Master Plan.,0,0,90000,0,0,0,0,0,0,0,0,0,2010,2010,395000,0,
2008,492,Park & Recreation,Other Parks,Sunshine Berardini Fields Development,29-890.0,Council District: 4; Community Plan: Mid-City,260000,14510000,"This project provides for a general development plan and design and development of the Sunshine Berardini Fields. The proposed improvements may include a comfort station, playground area, picnic area and amenities, landscaping, security and sport lighting, accessible parking and walkway, pedestrian bridge, ball field upgrades, and habitat restorations as part of the Chollas Creek Enhancement Program.",This project contributes to satisying the population-based park acreage requirement set forth in the City's Progress Guide and General Plan.,0,0,9109200,5140800,0,0,0,0,0,0,0,0,2010,2011,14510000,0,
2008,493,Park & Recreation,Other Parks,Taylor Street Slope Reconstruction,29-905.0,Council District: 3; Community Plan: Old San Diego,1226848,1226848,This project provides for the reconstruction of a failed slope at the northeastern end of Presidio Park along Taylor Street.,This project is needed to stabilize the slope to prevent further deterioration and damage to Taylor Street. State and federal grants have been authorized for this project and will reimburse the General Fund upon completion of construction.,0,0,0,0,0,0,0,0,0,0,0,0,,,1226848,0,
2008,494,Park & Recreation,Other Parks,Tecolote Canyon Natural Park Resource Management Plan,29-796.0,"Council District: 6; Community Plan: Linda Vista, Clairemont Mesa",101000,101000,"This project provides baseline environmental and cultural resource data upon which to base a natural resource management plan for Tecolote Canyon National Park, including Multiple Species Conservation Program (MSCP) management directives.",This project will provide a baseline environmental study to manage and maintain the MSCP area.,0,0,0,0,0,0,0,0,0,0,0,0,,,101000,0,
2008,495,Park & Recreation,Other Parks,Teralta Neighborhood Park - Development,29-685.0,Council District: 3; Community Plan: Mid-City,1567992,1567992,"This project provides for the development of a 5 acre park that includes a children's play area, basketball courts, paved walkways, landscaping, and site furnishings. Phase I, the construction of the park, including a bike path and lighting, is complete. Phase II of the project will include the addition of a comfort station to the park and the development of Central Avenue as a pedestrian and bicycle corridor from the park to University Avenue (History Lane).",The approved general development plan for Teralta Park includes a comfort station to serve park users. History Lane will contribute to the north/south bike route through the Mid-City Communities. Children's Mall will contribute toward the community goal of establishing Polk Avenue as a pedestrian corridor.,0,0,0,0,0,0,0,0,0,0,0,0,,,1567992,0,
2008,496,Park & Recreation,Other Parks,Torrey Del Mar Neighborhood Park,29-546.0,Council District: 1; Community Plan: Torrey Highlands,5550000,5550000,"This project provides for the acquisition, design and construction of a 5 useable acre neighborhood park to serve the northern area of the Torrey Highlands community, including half-width street improvements.",This project will contribute to satisfying the population-based park acreage requirements set forth in the City of San Diego's Progress Guide and General Plan.,0,0,0,0,0,0,0,0,0,0,0,0,,,5550000,0,
2008,497,Park & Recreation,Other Parks,Torrey Highlands Neighborhood Park,29-547.0,Council District: 1; Community Plan: Torrey Highlands,4920089,6675000,"This project provides for the acquisition, design and construction of a 5 useable acre neighborhood park in Torrey Highlands adjacent to a proposed elementary school, including half-width street improvements and a comfort station.",This project will contribute to satisfying the population-based park acreage requirements set forth in the City's Progress Guide and General Plan.,0,840000,914911,0,0,0,0,0,0,0,0,0,2009,2010,6675000,0,
2008,498,Park & Recreation,Other Parks,Torrey Highlands Trail System,29-548.0,"Council District: 1; Community Plan: Pacific Highlands Ranch, Torrey Highlands",800000,1000000,"This project provides for the design and construction of over 6.5 miles of bicycle, pedestrian and equestrian trails throughout the Pacific Highlands Ranch Subdivision. The trail system, which will meet City standards, will consist of paved, improved, multi-purpose, and unpaved trails providing access from Black Mountain Park to Penasquitos Canyon and Torrey Pines Lagoon, including a footbridge at the bottom of McGonigle Canyon.",The trail system is a critical component of the Torrey Highlands Community Plan.,0,0,200000,0,0,0,0,0,0,0,0,0,2010,2010,1000000,0,
2008,499,Park & Recreation,Other Parks,Treena Mesa Joint Use Sports Field,29-932.0,Council District: 5; Community Plan: Scripps Miramar Ranch,0,3500000,This project provides for the design and construction of 7.0 acres of lighted multi-sports fields at a location west of Treena Street on San Diego Unified School District-owned property. This project will require a joint-use agreement between the City of San Diego and the San Diego Unified School District.,This project will contribute to satisfying the population-based park acreage requirements set forth in the City's Progress Guide and General Plan.,0,3500000,0,0,0,0,0,0,0,0,0,0,2009,2009,3500000,0,
2008,500,Park & Recreation,Other Parks,Vista Terrace Park Tot Lot Upgrades,29-916.0,Council District: 8; Community Plan: San Ysidro,0,431617,"This project provides for upgrades to the Vista Terrace Park playground area and path of travel, in compliance with State and federal safety and accessibility guidelines, and City standards.",This project will provide a play area which is fully compliant with current State safety regulations and State and federal accessibility guidelines.,0,381617,50000,0,0,0,0,0,0,0,0,0,2009,2010,431617,0,
2008,501,Park & Recreation,Other Parks,Wegeforth Elementary School - Joint Use Improvements,29-903.0,Council District: 6; Community Plan: Serra Mesa,1992000,2286000,"This project provides for the design and construction of approximately 4.0 acres at Wegeforth Elementary School for joint-use facilities to supplement existing park acreage in the Serra Mesa Community. Phase I joint-use improvements may include turfed multi-purpose sports fields, multi-purpose courts, walkways, landscaping, and accessibility upgrades. Phase II improvements may include a comfort station.",This project will contribute to satisfying the population-based park acreage requirements set forth in the City's Progress Guide and General Plan.,0,0,294000,0,0,0,0,0,0,0,0,0,2010,2010,2286000,0,
2008,502,Park & Recreation,Other Parks,West Lewis and Falcon Streets - Mini-Park,29-886.0,Council District: 2; Community Plan: Uptown,450000,630000,"This project provides for design and construction of a 0.35 acre mini-park within the West Lewis and Falcon Streets rights-of-way. Amenities may include walkways, landscaping, seating areas, and public art.",This project will contribute to satisfying the population-based park acreage requirements set forth in the City's Progress Guide and General Plan.,0,0,180000,0,0,0,0,0,0,0,0,0,2010,2010,630000,0,
2008,503,Park & Recreation,Other Parks,West Maple Canyon Mini-Park,29-891.0,Council District: 2; Community Plan: Uptown,375000,575000,"This project provides for the design and construction of a 0.25 acre mini-park to be located within the dedicated portion of the Maple Canyon Open Space. Amenities may include walkways, landscaping, seating areas, and public art.",This project will contribute to satisfying the population-based park acreage requirements set forth in the City's Progress Guide and General Plan.,0,0,200000,0,0,0,0,0,0,0,0,0,2010,2010,575000,0,
2008,504,Park & Recreation,Other Parks,Wightman Street Park,29-925.0,Council District: 7; Community Plan: Mid-City,686000,3049000,This project provides for the design and development of Wightman Street Neighborhood Park on 0.9 acres of parkland. The park development will also include the implementaton of the Chollas Creek Enhancement Program for Auburn Creek located on site.,This project will contribute to satisfying the population-based park acreage requirements set forth in the City's Progress Guide and General Plan.,0,0,2363000,0,0,0,0,0,0,0,0,0,2010,2010,3049000,0,
2008,505,Park & Recreation,Other Parks,Windansea Improvements,29-680.0,Council District: 1; Community Plan: La Jolla,650000,925000,"This project provides for beach access and parking lot improvements, and protection of cliffs and beaches through storm drain erosion control at Windansea Beach. The improvements will be completed in phases as funding becomes available. Phase I includes the construction of three sets of stairs. Phase II includes parking lot and drainage improvements. Future phases may be necessary to address the protection of cliffs and beaches through storm drain erosion control.","This project will provide stairs to the beach, coastal bluff stability, improve storm water protection through upgrades to the existing storm drain systems, and parking lot improvements.",0,0,275000,0,0,0,0,0,0,0,0,0,2010,2010,925000,0,
2008,506,Park & Recreation,Storm Drains/Flood Control,"San Diego River Dredging, Qualcomm Way to State Route 163 - Phase One",12-157.0,Council District: 6; Community Plan: Mission Valley,425000,425000,"This project provides for the first phase of dredging within the San Diego River between Qualcomm Way and State Route 163. The first phase will remove a small island of sediment located at the Murray Creek outfall near the western end of Hazard Center Drive. Other phases of dredging within the project area may be required in the future, pending funding identification.",This project will protect adjacent property from potential flooding during rain events.,0,0,0,0,0,0,0,0,0,0,0,0,,,425000,0,
2008,517,Police,Police,Police and Fire Training Facility (Regional Public Safety Training Institute),36-064.0,Council District: 2; Community Plan: Peninsula,505000,42505000,"This project provides for a regional police and fire training facility (Regional Public Safety Training Institute [RPSTI]) in the Camp Nimitz area of the former Naval Training Center, as well as for a regional emergency vehicle operations course, which will be located at a site yet to be identified. Currently, law enforcement training takes place at Miramar College and Fire-Rescue training takes place in the aging existing buildings at Camp Nimitz. The Naval Training Center reuse plan, approved by the Navy and City Council, set aside 24.7 acres for this purpose. The City Council has also approved a Joint Powers Authority between the City of San Diego, County of San Diego, and San Diego Community College District for the development, financing and administration of the RPSTI. The City's projected share of the total cost of the project will be funded jointly by the San Diego Fire-Rescue and Police Departments.","The expansion of the campus at Miramar College would require the relocation of law enforcement training to the Camp Nimitz site. Construction of a regional state-of-the-art facility will satisfy current Peace Officer Standards and Training, State Fire Marshal's Office, and Standards for Corrections Training requirements and allow for consistent training of all emergency responders countywide. RPSTI will also provide a venue for training private security and State and other government agencies.",0,0,42000000,0,0,0,0,0,0,0,0,0,2010,2010,42505000,0,
2008,519,QUALCOMM Stadium,QUALCOMM Stadium,Annual Allocation - QUALCOMM Stadium Improvements,34-200.0,Council District: 6; Community Plan: Mission Valley,,750000,"This annual allocation provides for needed improvements at QUALCOMM Stadium, including the electrical system, parking lot, and working press area.","As the stadium ages, regular upgrades and renovations are required for various components of the facility.",,750000,,,,,,,,,,,2009,2009,750000,0,
2008,523,Real Estate Assets,Airports,Annual Allocation - Brown Field,31-300.0,Council District: 8; Community Plan: Otay Mesa,0,7500000,"This annual allocation provides for capital improvements at Brown Field. The improvements are financed by the Airports Enterprise Fund, which may receive federal and State grants. Individual projects are recommended to the City Council based on the Master Plan for the airport and on the availability of funding. These projects will not be impacted by the Brown Field development project.","This project may be used to provide matching local funds for capital improvement projects which are supported by State or federal grants and require local financial participation, and to provide permanent public improvements for which no State and/or federal grant funding is available.",1500000,1000000,1000000,1000000,1000000,1000000,1000000,0,0,0,0,0,2008,2014,7500000,0,
2008,524,Real Estate Assets,Airports,Annual Allocation - Montgomery Field,31-001.0,Council District: 6; Community Plan: Kearny Mesa,,300000,"This annual allocation provides for capital improvements at Montgomery Field. The improvements are financed by the Airports Enterprise Fund, which may receive federal and State grants. Individual projects are recommended to the City Council based on the Master Plan for the airport and on the availability of funding.","This project may be used to provide matching local funds for capital improvement projects which are supported by State or federal grants and require local financial participation, and to provide permanent public improvements for which no State or federal grant funding is available.",300000,,,,,,,,,,,,2009,2009,1000000,700000,edited
2008,525,Real Estate Assets,Airports,Montgomery Field - Heliport Relocation,31-313.0,Council District: 6; Community Plan: Kearny Mesa,457674,457674,"This project provides for relocating a heliport at Montgomery Field Airport. It includes the associated facilities to fully support a heliport such as lighting, ground ingress/egress and parking for helicopters.","Relocating the heliport will result in redefining helicopter flight patterns, reducing noise and flight over residential areas to the south of the airport.",0,0,0,0,0,0,0,0,0,0,0,0,,,457674,0,
2008,526,Real Estate Assets,QUALCOMM Stadium,Annual Allocation - QUALCOMM Stadium Improvements,34-200.0,Council District: 6; Community Plan: Mission Valley,,750000,"This annual allocation provides for needed improvements at QUALCOMM Stadium, including the electrical system, parking lot, and working press area.","As the stadium ages, regular upgrades and renovations are required for various components.",750000,,,,,,,,,,,,2009,2009,500000,-250000,edited
2008,527,Storm Water,Storm Drains/Flood Control,Annual Allocation - Emergency Drainage Projects,13-005.0,Council District: Citywide; Community Plan: Citywide,,12205000,This annual allocation provides for reconstructing or replacing failed drainage facilties citywide by use of an as-needed construction contract.,Drainage facilities are found to be in deteriorated condition periodically. An annual as-needed construction contract allows the City to be responsive to unanticipated reconstruction work that is beyond the capabilities of City forces.,,12205000,,,,,,,,,,,2009,2009,12205000,0,
2008,528,Storm Water,Storm Drains/Flood Control,Ransom Street and Darwin Way Storm Drain,11-302.0,Council District: 8; Community Plan: Otay Mesa/Nestor,192000,1142000,"This project provides for a replacement storm drain pipe at Darwin Way and Ransom Street. Approximately 1,200 feet of 42-inch corrugated metal pipe will be replaced with reinforced concrete pipe.",The existing corrugated metal pipe under Darwin Way and Ransom Street is badly corroded and has created sinkholes on Ransom Street. Replacement is needed to prevent flooding of the streets.,0,0,950000,0,0,0,0,0,0,0,0,0,2010,2010,1142000,0,
2008,529,Storm Water,Storm Water Program,Rose and Tecolote Creeks Water Quality Improvements,32-050.0,"Council District: 1, 2, 6, 7; Community Plan: Linda Vista, Pacific Beach, University, Clairemont Mesa",2170000,2170000,"This project provides for improvements to the water quality in the Rose and Tecolote Creek watersheds. Utilizing existing storm water monitoring data, best managemet practices (BMPs) will be developed to address pollutants of concern within these watersheds. BMPs are structural controls, such as vegetated swales and strips, infiltration basins, wet ponds, constructed wetlands, and filtration systems. Initially, entire watersheds will be evaluated to identify potential areas for water quality enhancement. These areas will then be prioritized and a few locations will be selected for implementation of structural controls, including baseline and post-construction water quality monitoring. The City completed the construction of the first BMP in Fiscal Year 2006 and a baffle-box was installed in the Tecolote Creek sub-watershed. A second BMP includes a right-of-way landscape infiltration project in the Clairemont Mesa community in the Tecolote Creek sub-watershed.",This project addresses pollutants of concern within the Rose and Tecolote Creek watersheds.,0,0,0,0,0,0,0,0,0,0,0,0,,,2170000,0,
2008,531,Water,Municipal Water,Alvarado Water Treatment Plant -Upgrade and Expansion,73-261.3,"Council District: 7; Community Plan: Mission Trails Regional Park, Navajo",72809853,156533077,"This project increases the treatment capacity of the Alvarado Water Treatment Plant from 150 million gallons of water per day (mgd) to 200 mgd and upgrades the existing treatment plant facilities to replace aged equipment to comply with new drinking water regulations. This project is split into multiple construction projects and will be phase funded. The major project components consist of the construction of two new sedimentation basins, the rehabilitation of existing 1950's-era sedimentation basins, the rehabilitation of the mechanical equipment and controls on the filters, ozone generation, and treatment facilities. Various site and landscaping improvements will also be made.","The Safe Drinking Water Act, Environmental Protection Agency regulations, and a Department of Public Health Compliance Order dictate the need to upgrade the treatment plant process and equipment. Anticipated future demands within the Alvarado Water Service Area also require the plant to be expanded to 200 mgd, allowing for better utilization of the raw water storage in the San Vicente and El Capitan Reservoirs.",0,36927440,39875184,3858677,522226,2518789,20908,0,0,0,0,0,2009,2014,156533077,0,
2008,532,Water,Municipal Water,Annual Allocation - CIP Contingencies,73-331.0,Council District: Citywide; Community Plan: Citywide,,7000000,This annual allocation provides for the Water Department's Municipal Water Capital Improvements Program contingency needs.,"To provide better project budget control, project contingency needs (except for annual allocation projects) will be met by this annual allocation.",,7000000,,,,,,,,,,,2009,2009,7000000,0,
2008,533,Water,Municipal Water,Annual Allocation - Dams and Reservoirs,74-925.0,Council District: Citywide; Community Plan: Citywide,,250000,"This annual allocation provides for rehabilitating and reconstructing improvement projects at reservoirs and dams. Projects include resurfacing access roads, reconstructing berms, installing lighting around dams, and sandblasting and shotcreting all exposed surfaces of the dams.","The rehabilitation and reconstruction of access roads and the upgrading of berms, lighting, and all exposed surfaces of the dams are necessary to maintain access to and safety in the dam area. The State required improvements will also serve to satisfy a portion of the Division of Safety of Dams.",,250000,,,,,,,,,,,2009,2009,250000,0,
2008,534,Water,Municipal Water,Annual Allocation - Freeway Relocation,73-024.0,Council District: Citywide; Community Plan: Citywide,,2994197,This annual allocation provides funding to relocate water lines in conflict with the State Department of Transportation highway construction zones.,Waterline relocation is necessitated by the State Department of Transportation's effort to expand the State Highway System. Relocation projects are accomplished in conjunction with highway projects scheduled by the State Department of Transportation.,,2994197,,,,,,,,,,,2009,2009,2994197,0,
2008,535,Water,Municipal Water,Annual Allocation - Meter Boxes,73-361.0,Council District: Citywide; Community Plan: Citywide,,500000,This annual allocation provides for the upgrade and replacement of water meter boxes.,Replacement and upgrades are necessary for the ongoing use of the water billing system.,,500000,,,,,,,,,,,2009,2009,500000,0,
2008,536,Water,Municipal Water,Annual Allocation - Pressure Reduction Facility Upgrades,73-900.0,Council District: Citywide; Community Plan: Citywide,,200000,"This annual allocation provides for replacing existing pressure reducing stations, or expanding pressure capacities to meet present and future water demands.",Increasing demands for water throughout the City dictate the need to better control water pressure throughout the City's system. This annual allocation will continue to fund the replacement and expansion of pressure reduction facilities.,,200000,,,,,,,,,,,2009,2009,200000,0,
2008,537,Water,Municipal Water,Annual Allocation - Seismic Upgrades,73-910.0,Council District: Citywide; Community Plan: Citywide,,344710,This annual allocation provides for seismic retrofits and upgrades to existing facilities to protect the water system in case of an earthquake.,Many existing facilities throughout the City have serious structural and seismic defects. This annual allocation provides funding to upgrade these facilities to meet current compliance requirements and guidelines. This project allows City crews the ability to rapidly restore water services to affected areas after a large earthquake.,,344710,,,,,,,,,,,2009,2009,344710,0,
2008,538,Water,Municipal Water,Annual Allocation - Water Main Replacements,73-083.0,Council District: Citywide; Community Plan: Citywide,,41600000,This annual allocation allows for the replacement of water mains at various locations throughout the City.,Water mains require replacement due to their deteriorated condition or size limitation. The existing cast-iron system is either approaching or has exceeded its expected life of 40 years. Breaks are now occurring at the rate of over 200 annually.,,41600000,,,,,,,,,,,2009,2009,41600000,0,
2008,539,Water,Municipal Water,Barrett Reservoir Outlet Tower Upgrade,73-317.0,Council District: None; Community Plan: No Community Planning Area,3988192,3988192,"This project provides for upgrades to the electrical and operating systems and the replacement of outlet tower ladders, valves and platforms to the Barrett Reservoir Outlet Tower.","The aging outlet tower components are in need of replacement for safety and ease of operation. The electrical and operating systems need to be upgraded to meet current standards and provide better control, safety and accessibility.",0,0,0,0,0,0,0,0,0,0,0,0,,,3988192,0,
2008,540,Water,Municipal Water,Groundwater Asset Development Program,75-932.0,Council District: Citywide; Community Plan: Citywide,8704530,97813870,"This project provides for investigation work related to legal, technical, regulatory, and water quality issues; and for the planning, design, and construction of groundwater facilities to increase the local water supply.","The City imports 90 percent of its water from the Colorado River and the State Water Project. The City has access to nine under-utilized groundwater assets that could be developed to supply new yield, seasonal storage or carryover storage.",0,2981094,11676854,15612745,14214200,2909854,5651300,19461703,10785283,5583753,146127,86427,2009,2019,97813870,0,
2008,541,Water,Municipal Water,Harbor Drive Pipeline,70-957.0,"Council District: 2, 8; Community Plan: Ocean Beach, Old San Diego, Peninsula, Centre City",155288,5146192,This project replaces 1.5 miles of water pipeline along Harbor Drive.,"These improvements are necessary to prevent water pipe breaks and to ensure a continuous water supply to the Ocean Beach, Fleetridge, Old San Diego, Centre City, and Peninsula community planning areas.",0,419801,18635,4441044,99330,12094,0,0,0,0,0,0,2009,2013,5146192,0,
2008,542,Water,Municipal Water,Miramar Pipeline Monitoring & Reinspection,70-910.7,Council District: 5; Community Plan: Mira Mesa,178497,1676828,"This project provides for monitoring and reinspection of 26,870 linear feet of existing 66""- 51"" diameter pre-stressed concrete cylinder pipe on Mira Mesa Boulevard from Pacific Heights Blvd eastward to the Miramar Water Treatment Plant. A pipeline condition assessment will be performed prior to initiating design.",These improvements are necessary to prevent water pipe breaks and to assure a continuous water supply to the Mira Mesa Community.,0,70097,1070189,275486,82559,0,0,0,0,0,0,0,2009,2012,1676828,0,
2008,543,Water,Municipal Water,Miramar Water Treatment Plant - Upgrade and Expansion,73-284.0,Council District: 5; Community Plan: Scripps Miramar Ranch,200803683,261220077,"This project provides for upgrades to and the expansion of the Miramar Water Treatment Plant, including construction of state-of-the-art filters, rapid mix and de-aeration facilities, cholorine and chemical facilities, four flocculation and sedimentation basins, an ozone structure with generation equipment, site paving, landscaping, and an administration building.","The Safe Drinking Water Act, mandated by the Environmental Protection Agency and the Department of Public Health, dictates the need to upgrade the existing treatment plant. Increasing demands on the plant by the rapidly growing North City area also necessitate its expansion.",0,44026817,12128981,4105918,113450,41228,0,0,0,0,0,0,2009,2013,261220077,0,
2008,544,Water,Municipal Water,Otay Second Pipeline Improvements,73-286.0,"Council District: 4, 8; Community Plan: Skyline/Paradise Hills, Southeastern San Diego",19044419,28971554,This project provides funding to evaluate the condition of existing pipelines and to make appropriate upgrades and replacements to the water pipeline south of State Route 94.,"This pipeline was originally installed in 1928 and has exceeded its useful life expectancy of 60 years. Breaks in the pipeline have revealed severe pipe corrosion in certain locations, requiring upgrades and replacement.",0,8617978,158864,85426,626226,80001,347609,11031,0,0,0,0,2009,2015,28971554,0,
2008,545,Water,Municipal Water,Otay Water Treatment Plant - Upgrade and Expansion,73-285.0,Council District: None; Community Plan: No Community Planning Area,26385963,56103359,This project provides for upgrading the treatment processes at the Otay Water Treatment Plant to comply with the Safe Drinking Water Act standards.,New standards required by the Safe Drinking Water Act dictate the need to upgrade the existing water treatment plant standards.,0,9308292,7453608,285633,36320,1872000,0,10509424,252119,0,0,0,2009,2016,56103359,0,
2008,546,Water,Municipal Water,Program Management,73-347.1,Council District: Citywide; Community Plan: Citywide,4160000,44160000,"This project provides for consultant activity related to the preparation and management of the Water Department's Capital Improvements Program, value engineering, and program management. This project also provides for specialized studies and activities related to water facility master plans, financing, organization and management structure, scheduling, engineering, cost estimation, bond funding, and project impacts on operations and maintenance.","These activities are required to plan and continue to keep the Water Department's Capital Improvements Program, which is in excess of $1.0 billion, in conformance with the Strategic Plan for Water Supply.",0,0,4000000,4000000,4000000,4000000,4000000,4000000,4000000,4000000,4000000,4000000,2010,2019,44160000,0,
2008,547,Water,Municipal Water,Rancho Bernardo Reservoir Rehabilitation,73-328.0,Council District: 5; Community Plan: Rancho Bernardo,9101770,9101770,This project rehabilitates the ten million gallon concrete reservoir to better meet operational needs and seismic codes.,This rehabilitation project will extend the service life of the existing reservoir and reduce the maintenance required to keep it in safe operating condition.,0,0,0,0,0,0,0,0,0,0,0,0,,,9101770,0,
2008,548,Water,Municipal Water,Rancho Penasquitos Pump Station,73-342.0,"Council District: 1, 5; Community Plan: Mira Mesa, Rancho Penasquitos",6497033,12815829,This project provides for the construction of a new water pump station in Rancho Penasquitos.,This plant is required to deliver treated water from the Miramar Water Treatment Plant to the service area of Rancho Bernando and most of Rancho Penasquitos and will include Black Mountain Ranch development. This delivery of Miramar Water Treatment Plant water will reduce dependency on imported filtered water and will support future development and growth.,0,5219831,1098965,0,0,0,0,0,0,0,0,0,2009,2010,12815829,0,
2008,549,Water,Municipal Water,San Diego 17 Flow Control Facility and Pump Station,73-314.0,"Council District: 3, 7; Community Plan: Mid-City, Navajo, College Area",1993165,19253574,This project provides for the installation of a new flow control facility and a water pump station at the Alvarado Water Treatment Plant to pump potable water into the County Water Authority's pipeline.,"This pump station will supply the Mid-City Pipeline project, serving the College Area and Mid-City communities.",0,11705514,5216953,302092,35850,0,0,0,0,0,0,0,2009,2012,19253574,0,
2008,550,Water,Municipal Water,South County Raw Water Reservoir Intertie Study,75-939.0,Council District: Citywide; Community Plan: Citywide,0,780000,"This study will coordinate the connection of four outlying reservoirs (Loveland, Murray, San Vicente, and El Capitan) to more efficiently operate our raw water reservoirs. The study will be performed in conjuction with the Secretary of the Interior and the Sweetwater Authority. These funds will be the City's share of a match to the Federal Funding.",This study will look for ways to improve the water supply reliability and operational efficiencies of the existing reservoirs.,0,780000,0,0,0,0,0,0,0,0,0,0,2009,2009,780000,0,
2008,551,Water,Municipal Water,Telemetry Control Systems - SCADA - Phase II,73-348.0,Council District: Citywide; Community Plan: Citywide,13364599,13364599,"This is phase II of a two-phase program to install a modern Supervisory Control and Data Acquisition (SCADA) system. The SCADA system monitors and controls all critical water distribution sites. Phase I included the central control and operations component, as well as Remote Control Panels (RCPs) at 42 of the water distribution sites. Due to additional work that had been identified, phase II was divided into five parts, phases IIa, IIb, IIc, IId, and IIe. Phase IIa included the installation of RCPs to control 60 additional water distribution sites. Phase IIb included remediation work at 36 existing sites. Phase IIc included installation of RCPs at 29 large meter sites. Phase IId included installation of RCPs at 72 sites, an operating efficiency assessment, a communication network upgrade, and intranet functionality for data acess. Phase IIe included the work identified in the Water Operations Optimization plan.","Although electronic monitoring systems are currently in operation, City crews have no ability to remotely control the water system, and crews must still personally visit various system locations to turn valves and control pumps manually in emergencies. With recent technological advances, new telemetry installations can provide versatility and flexibility. The new SCADA system will upgrade and centralize all telemetry controls into one location to facilitate the control, monitoring and tracking of data. Improved service and quick emergency control over the entire water system will be the ultimate result.",0,0,0,0,0,0,0,0,0,0,0,0,,,13364599,0,
2008,552,Water,Municipal Water,Torrey Pines Road/La Jolla Boulevard Water Main Replacement,70-953.0,Council District: 1; Community Plan: La Jolla,16056493,18064582,"This project provides for the replacement of approximately 31,496 linear feet of aged 16-inch cast iron pipe along Torrey Pines Road and La Jolla Boulevard.",This pipeline improvement project is necessary to prevent water pipe breaks and to ensure a continuous water supply to the La Jolla community.,0,0,0,92382,1802316,84618,28773,0,0,0,0,0,2011,2014,18064582,0,
2008,553,Water,Municipal Water,Water Department Security Upgrades,75-931.0,Council District: Citywide; Community Plan: Citywide,16414732,21095780,This project provides for the design and installation of miscellaneous security systems at various facilities.,"This project provides deterrence, detection and apprehension of unauthorized personnel.",0,1943966,746811,1990271,0,0,0,0,0,0,0,0,2009,2011,21095780,0,
2008,554,Water,Municipal Water,Water Flow Meter Installation,73-350.0,Council District: Citywide; Community Plan: Citywide,370903,634551,This project provides for the installation of flow meters throughout the water distribution system in order to monitor flows.,This project is necessary to provide adequate data for management of the distribution system.,0,0,0,0,0,0,0,0,122125,88633,52890,0,2016,2018,634551,0,
2008,555,Water,Reclaimed Water,Annual Allocation - CIP Contingencies - Reclaimed Water Distribution System/RWDS,70-942.0,Council District: Citywide; Community Plan: Citywide,,250000,This annual allocation provides for the Water Department's Reclaimed Water Capital Improvements Program project contingency needs.,"To provide better project budget control, reclaimed water project contingency needs (except for annual allocation projects) will be met by this annual allocation.",,250000,,,,,,,,,,,2009,2009,250000,0,
2008,556,Water,Reclaimed Water,Annual Allocation - Reclaimed Water Extension,70-949.0,Council District: 1; Community Plan: University,,500000,This annual allocation provides for pipeline extensions of the City's Recycled Water Distribution System.,This project provides recycled water to customer's served by the pipeline extensions.,,500000,,,,,,,,,,,2009,2009,500000,0,
2008,557,Water,Reclaimed Water,North City Reclamation System,70-954.0,Council District: 1; Community Plan: Rancho Penasquitos,46710974,61842264,"This project continues to expand service for recycled water produced at the North City Water Reclamation Treatment Plant. The expanded recycled water distribution system will ultimately increase total pipeline from 76 miles to approximately 114 miles. With the expansion, Olivenhain Water District, Santaluz, North Villages and Pacific Highlands Development will be some of the largest customers served. Grants provided through Proposition 13, and 50 and the Bureau of Reclamation (BOR) have been identified for this project.",Recycled water pipelines have been constructed by private developers or Caltrans. The City needs to construct the gaps to complete the system and start delivering recycled water. The City also needs to expand the distribution system to customers already retrofitted to use recycled water.,0,2229340,10757090,2144860,0,0,0,0,0,0,0,0,2009,2011,61842264,0,
