cip_year,project_type,source_page,department,project_name,start_year,end_year,address_location,previous_appropriations,project_total,project_description,project_justification,unidentified_funding,year_2012,year_2013,year_2014,year_2015,year_2016,year_2017
2011,Brown Field / AAA00002,115,Airports,,2012,2017,Council District: 8; Community Plan: Otay Mesa,2789500,11018687,"The Brown Field Airport annual allocation provides for the following projects: rehabilitation of Runway 8L/26R project, deferred maintenance projects, repaving of the North Parking lot and the remodeling of the terminal restrooms.","The repaving of the north parking lot will prevent future flooding. The remodel of the rest­ rooms will bring them up to current accessibility codes, and the rehabilitation design will bring the runway up to current design and Federal Aviation Administration (FAA) standards.",0,1371531,1371531,1371531,1371531,1371531,1371531
2011,Brown Field Electrical Upgrade / S00773,116,Airports,,2012,2012,Council District: 8; Community Plan: Otay Mesa,2724019,2748279,This project provides for the design and construction of electrical system upgrades at Brown Field Airport.,Brown Field's current electrical system has out lived its design life and needs to be replaced to meet current engineering standards and the Federal Aviation Administration (FAA) regulations; thus providing continued safe use of the airport.,0,24260,0,0,0,0,0
2011,Montgomery Field / AAA00001,117,Airports,,2012,2017,Council District: 6; Community Plan: Kearny Mesa,6884600,17663582,The Montgomery Field Airport (MYF) Annual allcoation will provide: Capital Improvement Projects (CIP): Rehabilitation design of the Montgomery Field Airport Runway 5/23 and Taxiway G. A con­ sultant will evaluate the deteriorated conditions of Runway 5/23 and Taxiway G and provide a rehabilitation design to bring Runway 5/23 and Taxiway G to current engineering and construction standards and in compli­ ance with Federal Aviation Administration (FAA) guideline and regulations. Deferred Maintenance Projects (DMP): Remove and Replace deteriorated pavement sections of Glenn Curtis Road.,"Runway 5/23 and Taxiway G have outlasted their design use and their deteriorated conditions may expose the airport users to unsafe conditions. The rehabilitation of Runway 5/23 and Taxiway G will pro­ vide continued safe usage to the airport users, which will ultimately diminish the possibility of aircraft accidents and City liability.",0,1796497,1796497,1796497,1796497,1796497,1796497
2011,Montgomery Field NW Heliport / S00679,118,Airports,,,,Council District: 6; Community Plan: Kearny Mesa,1564049,1564049,"This project, MYF NW Heliport, provides for redesign of the heliport to address all environmen­ tal constraints and complies with the U.S. Fish and Wildlife Service (U.S.F.W.S.), which delayed the construc­ tion of the heliport under the previous design. The heliport will meet the needs of airport users.","Constructing the heliport will result in redefining helicopter flight patterns, reducing noise and flights over residential areas to the south of the airport.",0,0,0,0,0,0,0
2011,OneSD Capital / S09999,120,Chief Financial Officer,Bldg - Operations Facility,,,Council District: Citywide; Community Plan: Citywide,38125000,38125000,"The OneSD project provides for the replacement of many legacy software systems currently in use by City departments with the business center of the Office of the Chief Financial Officer (CFO) and Busi­ ness and Support Services. The System will replace the following major systems: AMRIS (General Ledger), ALVA (Financial Reporting), APIS (Accounts Payable), ARIS (Accounts Receivable), FMIS (Budgeting and Financial Management), FAMIS (Fixed Asset Management), OPIS (Purchasing), CAPPS (Payroll), and PATS (Applicant Tracking). Additionally, this integrated application will be used by all City departments for day-to­ day business operations and human resource needs and is expected to support the City's information technology (IT) needs for the next 15 years.","Recommendations contained in the Kroll Report stated that due to their antiquated state, the City's major software systems require updating. The applications that support the departments under the Office of the Chief Financial Officer (CFO) and Business and Support Services no longer meet the requirements for responsible financial management, efficient human resources management, and IT operational efficiency.",0,0,0,0,0,0,0
2011,Supplier Relationship Management - SAP / S12021,122,Enterprise Resource Planning,Bldg - Other City Facility,2012,2012,Council District: Citywide; Community Plan: Citywide,0,900000,This project will implement the Supplier,This project will provide for the simplification and automation of the procure-to-pay process for the City's Purchasing and Contracting division.,0,900000,0,0,0,0,0
2011,Arizona Landfill Gas Utility / S00777,124,Environmental Services,Bldg - Other City Facility,,,Council District: 3; Community Plan: Balboa Park,2050000,2050000,This project provides for design and construction of improvements necessary to make beneficial use of the landfill gas currently being flared at this site.,This project will demonstrate the use of renewable energy resources and will reduce the amount of purchased energy required at park facilities in the vicinity.,0,0,0,0,0,0,0
2011,Citywide Energy Improvements / ABT00003,125,Environmental Services,Bldg - Other City Facility,,,Council District: 6; Community Plan: Kearny Mesa,9420105,9420105,"This project will provide for energy efficiency improvements in City facilities. Projects typically address lighting, air conditioning, chiller, pumping and fan systems, invertors and City owned solar systems. Newer, more efficient technologies greatly reduce energy consumption.","Energy efficiency improvements repay capital costs in one to nine years, depending upon the project. The energy savings continue each year thereafter. Energy audits are performed in a variety of City­ owned facilities to identify opportunities for energy savings.",0,0,0,0,0,0,0
2011,Energy Commission Energy Efficiency Facility Imp / ABT00004,126,Environmental Services,Bldg - Other City Facility,,,Council District: Citywide; Community Plan: Citywide,2306463,2306462,This project provides needed energy improvements to various City facilities.,This project will provide energy improvements at various City facilities located throughout the City of San Diego in all Council Districts.,0,0,0,0,0,0,0
2011,Environmental Services Facilities Improvements / ABT00005,127,Environmental Services,Bldg - Other City Facility,2012,2012,Council District: 6; Community Plan: Kearny Mesa,393219,508309,"This project provides for needed facility improvements for the Environmental Services Depart­ ment. Facilities include the Ridgehaven building, Miramar Operations Station, and facilities at the Miramar Landfill.",The Ridgehaven Facility is overdue for,0,115090,0,0,0,0,0
2011,Material Recovery Facility / S00817,128,Environmental Services,Bldg - Other City Facility,,,Council District: 5; Community Plan: Non City,5824809,5824809,"This project provides for a recycling facility designed to receive, process, transport and/or dis­ pose of municipal solid waste. The scope and magnitude of this project is under review and may change based on a variety of technical issues including adjustments to meet the state-mandated recycling goal.",The proposed facility will compliment the Curbside Recycling Program by recovering recycla­ bles from non-participants in other recycling programs. The facility is part of the effort to achieve the state­ mandated (AB 939) 50% recycling rate.,0,0,0,0,0,0,0
2011,Ridgehaven Backup Generator Project / S10133,129,Environmental Services,Bldg - Other City Facility,,,Council District: 6; Community Plan: Kearny Mesa,350000,350000,Installation of Emergency backup generator and associated equipment at Ridgehaven Court facility which will be used as Homeland Security alternate Emergency Operations Center. The Generator is purchased and on site waiting to be installed..,To serve the requirements of Homeland Security Emergency Operations.,0,0,0,0,0,0,0
2011,West Miramar Landfill - Phase 2 / S00774,130,Environmental Services,Bldg - Other City Facility,,,Council District: 5; Community Plan: Non City,3060000,3060000,This project provides for a landfill gas collection system for the West Miramar Phase II Landfill. Bio-degradation of buried waste produces landfill gas. The landfill gas collection system consists of a network of gas extraction wells connected by piping.,This improvement is required to maintain compliance with various State and federal regulatory requirements. It will also prevent code violations and enhance public health and safety.,0,0,0,0,0,0,0
2011,Chollas Landfill Photovoltaic / S00778,131,Environmental Services,,,,Council District: 4; Community Plan: Southeastern San Diego,5000,5000,This project provides for up to one megawatt of power generation from solar photovoltaic panels located at the South Chollas landfill.,This project will demonstrate the use of renewable and sustainable energy resources on a brownfield and will reduce the amount of energy consumed from the local utility company at the Chollas Oper- ations Yard.,0,0,0,0,0,0,0
2011,Environmental Services Operations Yard Improvement / AFA00003,132,Environmental Services,,,,Council District: 5; Community Plan: Mira Mesa,246050,701050,"This annual allocation provides for operational yard improvements necessary to support heavy equipment and other upgrades related to yard security, safety and stormwater runoff to the Environmental Ser- vices Operations Station (ESOS) Yard.","Operational yard improvements are required to support heavy equipment and other upgrades related to yard security, safety and stormwater runoff.",455000,0,0,0,0,0,0
2011,Groundwater Monitoring Network / AKC00001,133,Environmental Services,,2012,2016,Council District: Citywide; Community Plan: Citywide,815318,2205318,"This annual allocation provides for minor improvements to existing Groundwater Monitoring Networks at all closed and operating landfills managed by the City. Such improvements may include new facil­ ities to monitor groundwater, preparation of reports necessary to modify the groundwater monitoring programs, or potential groundwater mitigation measures.","This project provides the flexibility necessary to respond to operational issues and possible changes in the Groundwater Monitoring Program required by Title 23, Chapter 15, Article 5 of the California Code of Regulations.",0,270000,270000,270000,290000,290000,0
2011,Minor Improvements to Landfills / AFA00001,134,Environmental Services,,2012,2016,Council District: Citywide; Community Plan: Citywide,1549937,2939937,"This annual allocation provides for minor improvements to existing sanitary landfills to comply with operating permits and regulatory requirements. Such improvements may include fencing, access roads, drains, small structures, and environmental protection projects.",This project provides the flexibility for timely initiation of minor improvements and construc­ tion needed to meet operational and solid waste regulatory mandates such as drainage and grading improve­ ments.,0,270000,270000,270000,290000,290000,0
2011,Miramar Landfill Greenery Expansion / S00975,135,Environmental Services,,,,Council District: 5; Community Plan: Non City,397858,397858,"This project provides for the expansion of the existing Miramar Greenery currently located at the Miramar Landfill. The expansion of curbside greens collection to additional neighborhoods in the City will increase the tonnage coming into the facility, requiring additional acreage and equipment.",Expansion of curbside greens collection will increase the diversion of solid waste required by the State of California. A larger facility is required to process the increased tonnage expected as a result of expanded curbside pickup.,0,0,0,0,0,0,0
2011,Mission Bay Landfill Site / S00780,136,Environmental Services,,,,Council District: 2; Community Plan: Mission Bay Park,900000,900000,This project involves an assessment which will determine potential impacts the Mission Bay Landfill has on public health and the environment.,Previous assessment reports for this site were conducted in the 1980s. Newer methodologies and analysis will be used to provide a current assessment of potential impacts. Increased development of this area has resulted in increased public utilization of this landfill area.,0,0,0,0,0,0,0
2011,South Miramar Landfill / S00779,137,Environmental Services,,,,Council District: 5; Community Plan: Non City,3610000,3610000,"This project provides cover material, grading, drainage, and site improvements at the inactive South Miramar Landfill.",This project is required in order to maintain compliance with various State and federal regula- tory requirements.,0,0,0,0,0,0,0
2011,Unclassified Disposal Site Closure / S01084,138,Environmental Services,,,,Council District: Citywide; Community Plan: Citywide,3469605,3469605,This project provides for preliminary assessments and remediation of various burn sites and unclassified disposal sites. These sites have been identified as potential health or environmental risks.,Assessments are required to determine potential impacts to public health and the environment. Sites that are determined to pose potential hazards must be remediated to prevent any impact.,0,0,0,0,0,0,0
2011,Underground Tank Program / AFA00002,139,Environmental Services,,,,Council District: Citywide; Community Plan: Citywide,2172660,2172660,"This project provides for implementation of the Citywide Underground Hazardous Materials Storage Tank Master Plan. The plan addresses the removal, installation, closure, site assessment and mitigation, replacement, testing, and rehabilitation of the 69 City-owned underground storage tanks (USTs). Site assess­ ment and mitigation activities related to 26 unauthorized releases are ongoing to maintain regulatory compli­ ance, eligibility for State reimbursement, protection of groundwater and public health and safety.","The State Underground Storage of Hazardous Substances Law (Sher Bill AB 1362) and SB989 established guidelines and regulations for the design, installation, rehabilitation, testing and maintenance, and monthly facility inspections by a Designated UST Operator. Non-compliance with UST laws or site assessment and mitigation (SA/M) requirements may make the City ineligible for reimbursement of an estimated $4.0 mil­ lion in current and future SA/M costs as well as liable for civil penalties of up to $25,000 per day per site.",0,0,0,0,0,0,0
2011,West Miramar Landfill Liner Module E / S01075,140,Environmental Services,,,,Council District: 5; Community Plan: Non City,7240715,7240715,"This project provides for continuing development of the West Miramar Landfill, located south­ west of Marine Corps Air Station Miramar. The facility will accommodate over 35 million cubic yards of refuse fill on 807 acres. Phase II will develop the second half of the facility, including design and construction of entry roads and drainage systems, excavation, federally-mandated liner systems, and stockpiling and spreading of earthen materials.",These improvements are required in order to ensure compliance with conditions set forth in the operations permit issued by the California Integrated Waste Management Board and the Regional Water Qual­ ity Control Board.,0,0,0,0,0,0,0
2011,West Miramar Landfill Public Tipping Area / S00775,141,Environmental Services,,,,Council District: 5; Community Plan: Non City,200000,200000,This project provides for a convenient site for a public tipping area for the disposal of trash away from the active landfill.,This improvement will enhance public safety in the active landfill area by segregating public vehicles from heavy equipment operations.,0,0,0,0,0,0,0
2011,West Miramar Refuse Disposal Facility - Phase 2 / S01074,142,Environmental Services,,2012,2016,Council District: 5; Community Plan: Non City,38812334,40312334,"This project provides for continuing development of the West Miramar Landfill, located south­ west of Marine Corps Air Station Miramar. The facility will accommodate over 35 million cubic yards of refuse on 807 acres. Phase II will develop the second half of the facility, including design and construction of entry roads and drainage systems, excavation, federally-mandated liner systems, and stockpiling and spreading of earthen materials. This project also includes development of the General Development Plan elements for the entire site.",Improvements are required in order to ensure compliance with conditions set forth by the oper­ ations permit issued by the California Integrated Waste Management Board and the Regional Water Quality Control Board.,0,300000,300000,300000,300000,300000,0
2011,Arizona Street Landfill Closure and Modifications / S00682,143,Environmental Services,Landfills - Supporting Fac,2012,2016,Council District: 3; Community Plan: Balboa Park,1738542,5543543,This project provides for modifications to the existing landfill gas collection system and cover at the Arizona Landfill to enhance operations and maintain regulatory compliance.,Federal and State waste disposal legislation requires proper environmental safeguards to con- trol landfill gas.,0,1800000,1800000,65000,70000,70000,0
2011,Arizona Street Landfill Gas Upgrade - 3 / S00683,144,Environmental Services,Landfills - Supporting Fac,,,Council District: 3; Community Plan: Balboa Park,395629,395629,This project provides for modifications to the existing landfill gas collection system to enhance operations and maintain regulatory compliance. The project also provides for assessment and installation of an alternative energy generation project fueled by landfill gas.,Federal and State waste disposal legislation require proper environmental safeguards to control landfill gas.,0,0,0,0,0,0,0
2011,Environmental Services Operations Yard Improvement / S01085,145,Environmental Services,Landfills - Supporting Fac,,,Council District: 5; Community Plan: Mira Mesa,879628,879628,This project provides for improvements to the Environmental Services Operations Station (ESOS) Yard.,"This project provides for operational yard improvements necessary to support heavy equipment and other upgrades related to yard security, safety and stormwater runoff.",0,0,0,0,0,0,0
2011,Future Waste Mgmt Disposal & Processing Facilities / S01088,146,Environmental Services,Landfills - Supporting Fac,2012,2016,Council District: Citywide; Community Plan: Citywide,16346170,25096171,"This project provides for the development and construction of solid waste disposal and process­ ing facilities. Strategic planning, design, construction, environmental review and potential purchase of mitiga­ tion property are all within the scope of the project.",The City must continue to have adequate disposal or processing facilities for the solid waste it generates each year. Technology to recover and/or convert portions of refuse material is being explored and developed. It appears that there will always be a need for landfilling part of the generated waste stream and res­ idue from other solid waste disposal facilities.,0,1750000,1750000,1750000,1750000,1750000,0
2011,Miramar Fee Booth Modifications / S00681,147,Environmental Services,Landfills - Supporting Fac,,,Council District: 5; Community Plan: Non City,900000,900000,"This project provides for improvements to the Miramar Landfill entrance area, including fee booth upgrades, roadway resurfacing, landscaping, and signage.",This project will allow for more efficient customer service and will improve the appearance of the Miramar Landfill entrance.,0,0,0,0,0,0,0
2011,South Chollas Landfill / S00776,148,Environmental Services,Landfills - Supporting Fac,2012,2016,Council District: 4; Community Plan: Eastern Area (Mid-City),1690000,1911000,This project provides for modifying the existing landfill gas collection system to enhance opera- tions and maintain regulatory compliance.,Federal and State waste disposal legislation require proper environmental safeguards to control landfill gas.,0,43000,43000,43000,46000,46000,0
2011,South Chollas Landfill Improvements / S00684,149,Environmental Services,Landfills - Supporting Fac,2012,2016,Council District: 4; Community Plan: Eastern Area (Mid-City),4411702,11611702,"This project provides for cover material, grading, drainage, and site improvements at the inac- tive South Chollas Landfill.",This project is required to maintain compliance with various State and federal regulatory requirements and to avoid code violations.,0,1300000,1300000,1300000,1300000,2000000,0
2011,Fire Station No. 13 - La Jolla - ADA Improvements / S01091,152,Fire-Rescue,Bldg - Other City Facility,,,Council District: 1; Community Plan: La Jolla,24559,24559,This project provides for accessibility improvements to the facility which provides services to La Jolla residents and visitors to the community.,These improvements are necessary to meet Americans with Disabiliities Act (ADA) and Title 24 requirements.,0,0,0,0,0,0,0
2011,Fire Station Major Component Replacement Rehab / ABC00001,153,Fire-Rescue,Bldg - Pub Safety - Fire Fac,,,Council District: Citywide; Community Plan: Citywide,401015,401015,"This project provides for the replacement and/or rehabilitation of major structural and construc­ tion components in older fire facilities throughout the City. Included are electrical service upgrades, heating, ventilating and air-conditioning (HVAC), roofs, dormitory remodels, kitchen remodels, driveway and parking paving, exterior finishes and miscellaneous renovations. This is one of 12 projects included in the Fire-Rescue Facility Improvement Program approved by the Mayor and City Council on February 27, 2001 per Council Resolution R-294609 and amended by the Mayor and City Council on April 16, 2002 per Council Ordinance O­ 19054.","The San Diego Fire-Rescue Department currently maintains 50 fire facilities. Over half of these facilities have been in service for more than 25 years. Many of the major components have exceeded their expected service life and must be replaced. The needs of modern technology and a diversified workforce also require changes in fire facility configuration, HVAC systems distribution and energy capacity.",0,0,0,0,0,0,0
2011,Fire Station No. 01 - Downtown / S00786,154,Fire-Rescue,Bldg - Pub Safety - Fire Fac,,,Council District: 2; Community Plan: Centre City,517116,6317116,"This project provides for the design and construction of modifications to rehabilitate Fire Station 1 which include different floor layouts, new electrical plans, ventilation and exhaust extraction system, new roll up doors, modified asbestos abatement plans to include only portions to be disturbed as part of other improve­ ments, modified mechanical/ventilation system designed for the new configuration, kitchen area remodel and a new accessible restroom. On March 27, 2007, the City Council approved (R-302472 and 302473) a cooperation agreement with the Redevelopment Agency for funding improvements and authorize the",This 29-year-old fire station is in need of repair and renovation in order to maintain a safe and livable facility. Many of the major components have exceeded their expected service life. The needs of modern technology and a diversified workforce also require changes in fire facility configuration.,5800000,0,0,0,0,0,0
2011,Fire Station No. 05 - Hillcrest / S00788,155,Fire-Rescue,Bldg - Pub Safety - Fire Fac,,,Council District: 3; Community Plan: Uptown,891923,9070000,"This project provides for an approximate 10,500 square foot fire station located at 3902 9th Ave­ nue. The existing fire station will be demolished and replaced by a new, modern fire station. This station will house a crew of eight and one Battalion Chief. It will accommodate one engine, one aerial truck, and one Battal­ ion Chief vehicle. This is one of 12 projects included in the Fire-Rescue Facility Improvement Program approved by the Mayor and City Council on February 27, 2001 per Council Resolution R-294609 and amended by the Mayor and City Council on April 16, 2002 per Council Ordinance O-19054.",The current station is 48 years old. The water and sewer service to the existing station is deteri­ orating and requires immediate repairs. The station is too small to accommodate a new style fire engine and the larger type of aerial ladder truck. The current station is inadequate to serve future population growth.,8178077,0,0,0,0,0,0
2011,Fire Station No. 08 - Mission Hills / S10029,156,Fire-Rescue,Bldg - Pub Safety - Fire Fac,,,Council District: 2; Community Plan: Uptown,63500,183500,"This project provides for the design and construction of the facility's living quarters, which cur­ rently does not provide the full functionality of the fire station requirements.",The current facility does not provide sufficient space to allow full functions in the living quar­ ters. This station is located at 3974 Goldfinch Street and it serves Mission Hills and surrounding areas and is consistent with City Council Policy to provide 5 minute response times to all residential areas.,120000,0,0,0,0,0,0
2011,Fire Station No. 10 - College Remodel / S01031,157,Fire-Rescue,Bldg - Pub Safety - Fire Fac,,,Council District: 7; Community Plan: College Area,21822,21822,This project provides for the remodeling of Fire Station 10. This station is located at 4605 62nd Street and serves San Diego State University and surrounding ares.,This facility is sub-stadard and inadequate to accomodate staff and equipment and to serve the community efficiently. The last section to be remodeled will be the Battalion Chief Quarters and restroom areas.,0,0,0,0,0,0,0
2011,Fire Station No. 17 - Mid-City / S00783,158,Fire-Rescue,Bldg - Pub Safety - Fire Fac,,,Council District: 3; Community Plan: City Heights (Mid-City),783624,8720000,"This project provides for reconstructing the 50-year-old fire station at 4206 Chamoune Avenue in the Mid-City area. The station will accommodate up to ten personnel, two fire apparatus' and one paramedic unit. This is one of 12 projects included in the Fire Rescue Facility Improvement Program approved by the Mayor and City Council on February 27, 2001 per Council Resolution R-294609 and amended by the Mayor and City Council on April 16, 2002 per Council Ordinance O-19054.",Fire Station 17 is the sixth busiest engine company in the United States and is currently in a state of deterioration. Reconstruction of Fire Station 17 will allow for assignment of one additional fire crew to divide emergency response between two units.,7936376,0,0,0,0,0,0
2011,Fire Station No. 22 - Point Loma / S00787,159,Fire-Rescue,Bldg - Pub Safety - Fire Fac,,,Council District: 2; Community Plan: Peninsula,958161,5638000,"This project provides for the demolition of existing and reconstruction of a new station located at 1055 Catalina Boulevard in Point Loma. This is one of 12 projects included in the Fire Rescue Services Facil­ ity Improvement Program approved by the Mayor and City Council on February 27, 2001 per Council Resolu­ tion R-294609 and amended by the Mayor and City Council on April 16, 2002 per Council Ordinance O-19054.",The existing fire station was built in the early 1940's and is now too small to accommodate new fire engines. Many of the major components have exceeded their expected service life. The needs of modern technology and a diversified workforce also require changes in fire facility configuration.,4679839,0,0,0,0,0,0
2011,Fire Station No. 33 - Rancho Bernardo / S00789,160,Fire-Rescue,Bldg - Pub Safety - Fire Fac,,,Council District: 5; Community Plan: Rancho Bernardo,1150000,1150000,This station is located at 16966 Bernardo Center Drive at Rancho Bernardo Road. It serves the Rancho Bernardo and adjacent community areas. This project brought a major restructuring of an existing aging facility and was succesfully completed during Fiscal Year 2010.,The existing facility was old and inadequate to accomodate staff and equipment and to serve the community efficiently.,0,0,0,0,0,0,0
2011,Fire Station No. 38 - Mira Mesa Remodel / S10006,161,Fire-Rescue,Bldg - Pub Safety - Fire Fac,,,Council District: 1; Community Plan: Mira Mesa,650000,650000,This project provides for design and construction of approximately 500 square feet to expand the existing fire station to accommodate Emergency Medical Services (EMS) staff living quarters and increased operational needs,"The existing facility does not accomodate staff adequately. This project will provide for the housing of two medics, who are currently housed in a rented trailer/modular building.",0,0,0,0,0,0,0
2011,Fire Station No. 42 - Carmel Mountain Ranch / S00782,162,Fire-Rescue,Bldg - Pub Safety - Fire Fac,,,Council District: 5; Community Plan: Carmel Mountain Ranch,304051,304051,This project is for Fire Station 42 located in Carmel Mountain Ranch Community and serves both Carmel Mountain Ranch and Sabre Springs. It was constructed in 1988 and the construction materials used for the exterior of the fire station require replacement.,The original construction materials used for station siding is an inferior product and the exterior of the station has worn down compromising the structure of the building.,0,0,0,0,0,0,0
2011,Fire Station No. 45 - East Mission Valley / S00688,163,Fire-Rescue,Bldg - Pub Safety - Fire Fac,2012,2012,Council District: 6; Community Plan: Mission Valley,4138692,12016400,"This project provides for an updated fire station in Mission Valley. The station will accommo­ date up to 17 personnel, two engines, one aerial truck, two hazardous material apparatus, one paramedic ambu­ lance, and one Battalion Chief vehicle. This is one of 12 projects included in the Fire Rescue Facility Improvement Program approved by the Mayor and City Council on February 27, 2001 per Council Resolution R-294609 and amended by the Mayor and City Council on April 16, 2002 per Council Ordinance O-19054.",A fire station is needed to serve the Mission Valley community. This project is consistent with City Council policy to meet response time guidelines.,4877708,3000000,0,0,0,0,0
2011,Fire Station No. 47 - Pacific Highlands Ranch / S00689,164,Fire-Rescue,Bldg - Pub Safety - Fire Fac,,,Council District: 1; Community Plan: Pacific Highlands Ranch,9195000,9195000,"This project provides for a 10,500 square foot fire station to serve the Pacific Highlands Ranch community. This station has an engine and an aerial ladder truck. The project budget and funding reflect the Pacific Highlands Ranch Public Facilities Financing Plan for Fiscal Year 2006 as approved by the Mayor and City Council on December 7, 2004, per Resolution R-299980.",This is the second of three fire stations providing fire protection and emergency medical response in accordance with the requirements of the North City Planned Urbanizing Area.,0,0,0,0,0,0,0
2011,Fire Station No. 49 - Otay Mesa / S00784,165,Fire-Rescue,Bldg - Pub Safety - Fire Fac,2017,2017,"Council District: 8; Community Plan: Otay Mesa - Nestor, Otay Mesa",1885000,10250000,"This project provides for an approximate 11,000 square foot double-house fire station to serve the Otay Mesa and Otay Mesa/Nestor Communities. The fire station will be located across the intersection of Ocean View Hills Parkway and Sea Fire Point. and will serve the community in addition to Fire Station 6 located at 693 Twining Avenue. The fire station or facility will accommodate two fire apparatus and a para­ medic ambulance.",A second fire station is needed to serve the Otay Mesa Community and is consistent with City Council policy to provide five minute response times to all residential areas. Funding is included in the Otay Mesa Public Facilities Financing Plan.,0,0,0,0,0,0,8365000
2011,Fire Station No. 54 - Paradise Hills / S00785,166,Fire-Rescue,Bldg - Pub Safety - Fire Fac,,,Council District: 4; Community Plan: Skyline - Paradise Hills,83935,10295000,This project provides for a new station in the Paradise Hills area to serve the Paradise Hills/Sky­ line area of San Diego. The site for this project has not been identified.,This station is needed to serve the Paradise Hills/Skyline community and is consistent with City Council policy to provide five-minute response times to all residential areas.,10211065,0,0,0,0,0,0
2011,Fire Station No.32 - Skyline North / S00687,167,Fire-Rescue,Bldg - Pub Safety - Fire Fac,,,Council District: 4; Community Plan: Skyline - Paradise Hills,961176,9123325,"This project provides for an additional station to be located at 7180 Skyline Drive to better serve the growing community of Skyline/Paradise Hills. This is one of 12 projects included in the Fire Rescue Facil­ ity Improvement Program approved by the City Council on February 27, 2001 per Council Resolution R­ 294609 and amended by the City Council on April 16, 2002 per Council Ordinance O-19054. Designation for this fire station will be issued upon completion of the project.",An additional fire station is needed in this area to meet response time guidelines in this growing community.,8162149,0,0,0,0,0,0
2011,SDFD Station Alerting / L12002,168,Fire-Rescue,Bldg - Pub Safety - Fire Fac,2012,2012,Council District: Citywide; Community Plan: Citywide,0,3400000,This project will provide for the replacement of the Fire In-Station Alerting System at fire sta- tions Citywide. The current alerting system technology is 21 years old and is no longer in service forcing the department to rely upon a back-up system.,The current in-station alerting system is 21 year old and no longer in service.,1700000,1700000,0,0,0,0,0
2011,Children's Pool Lifeguard Station / S00644,169,Fire-Rescue,,,,Council District: 1; Community Plan: La Jolla,3250000,3250000,"This project provides for a new lifeguard station and family restroom at the Children's Pool in La Jolla. This is one of ten lifeguard projects included in the Fire-Rescue Facility Improvement Program approved by the City Council on April 16, 2002, per Council Resolution R-296359 and Ordinance O-19054.","The existing Lifeguard Tower structure has been condemned and does not meet the current or future needs of Lifeguard Services. The existing facility does not provide adequate safety to the employees, and can no longer keep up with the growing community of La Jolla and the larger number of visitors every year. The scope of this project is also to remodel the existing public restrooms facilities.",0,0,0,0,0,0,0
2011,La Jolla Cove Lifeguard Station / S00792,170,Fire-Rescue,,,,Council District: 1; Community Plan: La Jolla,914348,2100000,"This project provides for the La Jolla Cove Lifeguard Station, located at 1100 Coast Boulevard, which will be a year-round facility replacing the current station. The structure will include an observation tower, first aid room, and locker room/restroom areas for males and females. This project will also provide for an accessible ramp for the mid-landing. This is one of ten lifeguard projects included in the Fire Rescue Facility Improvement Program approved by the City Council on April 16, 2002, per Council Resolution R-296359 and Ordinance O-19054.",The existing facility consists of a station constructed in the 1950s and an observation tower added in 1980. It is inadequate to accommodate staff or provide adequate water safety protection.,1185652,0,0,0,0,0,0
2011,La Jolla Shores Lifeguard Station / S00790,171,Fire-Rescue,,,,Council District: 1; Community Plan: La Jolla,3840141,3840141,"This project provides for the La Jolla Shores Lifeguard Station located at 8100 Camino del Oro, which will be a year-round facility replacing the current station. The structure will include an observation tower, first aid room, reception area, kitchen, locker room/restroom areas for males and females, and a separate facility for rescue vehicles and emergency equipment. This is one of ten lifeguard projects included in the Fire-Rescue and Life Safety Services Facility Improvement Program approved by the Mayor and City Council on April 16, 2002, per Council Resolution R-296359 and Ordinance O-19054.",The existing facility was built in 1981 and is inadequate to accommodate current and future staff and to allow for adequate water safety protection to the public.,0,0,0,0,0,0,0
2011,Lifeguard Station Headquarters / S00794,172,Fire-Rescue,,,,Council District: 2; Community Plan: Mission Bay Park,2563500,12563500,"This project provides for construction of the Lifeguard Headquarters located at 2581 Quivira Court. The replacement facility will house lifeguards, mechanics, 24-hour, administrative, and training staff, and will provide an operation yard and storage for the rescue fleet. Construction of this lifeguard facility will occur in two phases. Phase I to replace the emergency dock has been completed. This is one of ten lifeguard projects included in the Fire Rescue Facility Improvement Program approved by the City Council on April 16, 2002, per Council Resolution R-296359 and Ordinance O-19054.",The existing facility was constructed in 1956 and is inadequate to accommodate staff and equipment. Many of the major components have exceeded their expected service life. The needs of modern technology and a diversified workforce also require changes in fire facility configuration.,10000000,0,0,0,0,0,0
2011,Lifeguard Tower/Grand Ave Restroom / S00641,173,Fire-Rescue,,,,Council District: 2; Community Plan: Pacific Beach,4732376,4732376,"This project provides for the design of a permanent lifeguard tower; restroom and changing room facility; demolition of the existing structure and construction of replacement facilities at the foot of Grand Avenue in Pacific Beach. This project has been consolidated with the South Pacific Beach Lifeguard Station. This is one of ten lifeguard projects included in the Fire Rescue Facility Improvement Project approved by the Mayor and City Council on April 16, 2002 per Council Resolution R-296359 and Ordinance O-19054.","These facilities which were constructed in 1968 are deteriorated, undersized, and do not meet the requirements under the Americans with Disabilities Act (ADA). The new facilities include new public rest­ rooms to address beach goers needs and ADA access.",0,0,0,0,0,0,0
2011,Mission Beach Lifeguard Station / S00793,174,Fire-Rescue,,,,Council District: 2; Community Plan: Mission Beach,864400,864400,"This project provides for remodeling the existing Mission Beach Station located at 3141 Ocean­ front Walk. This is one of ten lifeguard projects included in the Fire-Rescue Facility Improvement Program approved by the Mayor and City Council on April 16, 2002 per Council Resolution R-296359 and Ordinance O-19054.",The existing facility consists of a station constructed in 1974 and does not accommodate chang­ ing workforce demographics. This is the beach that historically gets the highest attendance within the City of San Diego and a remodeling is necessary to accomodate the large and growing community.,0,0,0,0,0,0,0
2011,North Pacific Beach Lifeguard Station / S10119,175,Fire-Rescue,,,,Council District: 2; Community Plan: Pacific Beach,1290000,5075444,"This project provides for the North Pacific Beach Lifeguard Station located at the foot of Chal­ cedony Street, which will be a year-round facility replacing the current seasonal station. The structure will include an observation tower, first aid room, reception area, kitchen, locker room/restroom areas for males and females, and a garage for rescue vehicles and emergency equipment.",Lifeguards are currently operating from a seasonal tower structure supported by a container­ type of facility where medical aids and other daily activities like food preparation take place back to back. The existing facilities do not provide restrooms for staff. North Pacific Beach has become a highly frequented beach over the years and new facilities will benefit both the public and the employees.,3785444,0,0,0,0,0,0
2011,Ocean Beach Lifeguard Station / S10121,176,Fire-Rescue,,,,Council District: 2; Community Plan: Ocean Beach,10000,4560000,"This project provides for the Ocean Beach Station located at 1950 Abbott Street. This will be a year-round facility replacing the current station. The structure will include an observation tower, first aid room, reception area, kitchen, locker room/restroom areas for males and females, and a garage for rescue vehicles and emergency equipment.","The existing facility consists of a station constructed in 1980. Since that time, the beach has become a very popular area for swimming and surfing. The existing station is inadequate to accommodate staff and equipment.",4550000,0,0,0,0,0,0
2011,South Mission Beach Lifeguard Station / S00791,177,Fire-Rescue,,,,Council District: 2; Community Plan: Mission Beach,369936,4600000,"The project provides for the South Mission Beach Station located at 700 North Jetty Road, which will be a year-round facility replacing the current station. The new structure will include an observation tower, first aid room, reception area, kitchen, locker room and restroom areas for males and females, and a res­ cue vehicle and emergency equipment facility. This is one of ten lifeguard projects included in the Fire-Rescue Facility Improvement Program approved by the Mayor and City Council on April 16, 2002 per Council Resolu­ tion R-296359 and Ordinance O-19054.",The existing facility was constructed in 1974 and was intended to be a temporary lifeguard sta­ tion. It is inadequate to accommodate staff or to provide adequate water safety protection.,4230064,0,0,0,0,0,0
2011,Balboa Branch Library / S00808,181,Library,,,,Council District: 6; Community Plan: Clairemont Mesa,746907,7702000,"This project provides for a new 15,000 square-foot branch library on the current site to replace the existing facility at 4255 Mount Abernathy. This project is part of the 21st Century Library System/Library Department Facility Improvements Program.","The existing undersized facility has no meeting room, computer lab, nor adequate seating to provide adequate library services to the community.",6955093,0,0,0,0,0,0
2011,Clairemont Branch Library ADA / S01041,182,Library,,,,Council District: 6; Community Plan: Clairemont Mesa,31547,31547,"This project provides the needed upgrades and Americans with Disabilities Act (ADA) improve- ments to the curb ramps, entrance ramps, entry doors and access from the parking lot.",These improvements are necessary to comply with ADA accessibility to the libraries.,0,0,0,0,0,0,0
2011,College Heights Branch Library / S00797,183,Library,,,,Council District: 7; Community Plan: College Area,72508,72508,"This project provides for a 15,000 square-foot library on property acquired in the College Area at the corner of Reservoir Drive and Montezuma Street, to serve the College and Rolando communities. This project is part of the Mayor's 21st Century Library System/Library Department Facility Improvements Pro­ gram.",The existing library is too small with no meeting room or computer lab to adequately serve the current and projected needs of the community.,0,0,0,0,0,0,0
2011,Kensington/Normal Heights Library / S00795,184,Library,,,,Council District: 3; Community Plan: Kensington - Talmadge (Mid-City),25000,2421530,"This project provides for a 2,000 square-foot expansion of the existing building at 4121 Adams Avenue. This project will benefit the Kensington/Normal Heights residents.",The Kensington/Normal Heights Branch Library is the smallest branch in the Library System. The community has expressed a desire for the library to remain at the same location.,2396530,0,0,0,0,0,0
2011,La Jolla/Riford Branch Library / S00803,185,Library,,,,Council District: 1; Community Plan: La Jolla,60000,60000,"This project provides for a 15,700 square-foot expansion of the La Jolla/Riford Library located at 7555 Draper Avenue on a lot adjoining the existing building. The Friends of the La Jolla Library have com­ mitments to fund this expansion.",The current library is too small to provide adequate space for library and computer services that are in high demand in this community.,0,0,0,0,0,0,0
2011,Library Collection Conversion to RFID / S12000,186,Library,,2012,2012,Council District: Citywide; Community Plan: Citywide,0,700000,Library collection conversion to RFID (Radio Frequency Identification).,"All Library materials that are checked out to the public are currently labeled with Barcodes. RFID technology offers enhanced security, ergonomic benefits, and lends itself better to automation and self service in libraries; all critical considerations for the Library. Barcodes were once the industry standard for labeling items, however increasingly libraries are adding RFID tags/signals. Increased efficiency and better cus­ tomer service are primary reasons for adopting RFID technology. RFID increases the speed of circulation as multiple items can be checked out/checked in simultaneously, rather than one by one as in barcode technology. Hand-held RFID readers can also assist staff in the stacks allowing for faster processing of holds, weeding the collection, and performing materials inventory tasks. RFID technology coupled with materials handling sys­ tems enhances the speed with which items are back on the shelf and available for check-out.",0,700000,0,0,0,0,0
2011,Logan Heights Branch Library / S00807,187,Library,,,,Council District: 8; Community Plan: Southeastern San Diego,2534012,2534012,"This project provides for a new 25,000 square-foot library at 28th Street and Ocean View Boule­ vard to serve the Logan Heights Community between the elementary school and the Memorial Charter Middle School. This project was awarded a grant under the State Library Bond Act.","The Logan Heights Branch Library, located at 811 South 28th Street in the heart of Logan Heights, was built in 1927 and serves a community of 28,883. The 3,967 square foot building has no meeting rooms or a computer lab for its residents and work spaces for staff are very constrained. Updating the existing telecommunications infrastructure is not feasible in the existing facility due to its age and inadequate size. In addition, there is no on-site parking.",0,0,0,0,0,0,0
2011,Mission Hills Branch Library / S00804,188,Library,,,,Council District: 3; Community Plan: Uptown,3161500,19216000,"This project provides for a 15,000 square-foot library at a site adjacent to the Florence Elemen­ tary School, on a block bounded by Front Street, Washington Street, Albatross Street and University Avenue. This project will serve the Mission Hills and Hillcrest neighborhoods and is part of the 21st Century Library System/Library Department Facility Improvements Program.","The existing facility has no meeting room, computer lab, nor adequate seating and collection space to provide adequate library services to the community.",16054500,0,0,0,0,0,0
2011,North Clairemont Branch Library / S01042,189,Library,,,,Council District: 6; Community Plan: Clairemont Mesa,21378,21377,"This project provides the needed upgrades and Americans with Disabilities Act (ADA) improve- ments to the curb ramps, entrances, door replacements and the access route from the parking lot to ensure acces- sibility.",These improvements are necessary to comply with ADA accessibility to the libraries.,0,0,0,0,0,0,0
2011,North Park Library / S00809,190,Library,,,,Council District: 3; Community Plan: Greater North Park,490307,490307,"This project provides for a new 25,000 square-foot library to replace the existing facility at 3795 31st Street. This project is part of the 21st Century Library System/Library Department Facility Improvements Program.","The existing facility has no meeting room, computer lab, nor adequate seating and collection space to provide adequate library services to the community.",0,0,0,0,0,0,0
2011,North Park Library / S00798,191,Library,,,,Council District: 3; Community Plan: Greater North Park,250000,13813291,"This project provides for a site feasibility study, land acquisition, planning, design, and construc­ tion for a new 25,000 square-foot library to replace the existing facility at 3795 31st Street. This project is part of the 21st Century Library System/Library Department Facility Improvements Program.","The existing facility does not have a computer lab or additional seating, a collection space would enhance service to the community.",13563291,0,0,0,0,0,0
2011,North University Community Branch Library / S00805,192,Library,,,,Council District: 1; Community Plan: University,7899288,7899288,"This project provides for a 15,000 square-foot library on a City-owned park site at Nobel Drive and Judicial Drive to serve the community in North University City. This project is part of the 21st Century Library System/Library Department Facility Improvements Program.","The closest library is the South University Community Library which is only 10,000 square feet and lacks a computer lab, additional seating and sufficient parking to serve the communitywith a population of over 50,000.",0,0,0,0,0,0,0
2011,Ocean Beach Branch Library / S00806,193,Library,,,,Council District: 2; Community Plan: Ocean Beach,146500,8011360,"This project provides for a 15,000 square-foot library using the current site and adjacent prop­ erty to serve the Ocean Beach community. This project is part of the 21st Century Library System/Library Department Facility Improvements Program.","The existing facility was originally built in 1927 and has no meeting room, computer lab, nor adequate seating and collection space to provide adequate library services to the community.",7864860,0,0,0,0,0,0
2011,Otay East Library / S10025,194,Library,,2013,2017,Council District: 8; Community Plan: Otay Mesa,885000,15885000,"This project provides for a 15,000 square foot branch library on a three acre site to serve the Otay Mesa/East Community.",This project will provide branch library service to the Otay Mesa/East Community for future development and population.,0,0,1100000,3200000,3500000,3600000,3600000
2011,Otay Mesa/Nestor Branch Library Expansion / S00691,195,Library,,,,"Council District: 8; Community Plan: Otay Mesa, Otay Mesa - Nestor",3293500,3293500,"This project provides for a 5,000 square-foot expansion to the existing 10,000 square-foot branch library, located at 3003 Coronado Avenue to provide more space to serve this growing community. This project also provides for improvements to the existing facility including replacement of the roof.",The Otay Mesa/East Branch Library expansion of the existing facility will minimize impacts on the neighboring community facilities and provide initial service to Otay Mesa/East community.,0,0,0,0,0,0,0
2011,Paradise Hills Library / S00810,196,Library,,,,Council District: 4; Community Plan: Skyline - Paradise Hills,73085,8939533,"This project provides for a new 15,000 square-foot library to replace the existing facility located at 5922 Rancho Hills Drive. This project is part of the 21st Century Library System/Library Department Facil­ ity Improvements Program.","The existing facility has no meeting room, computer lab, nor adequate seating and collection space to provide adequate library services to the community.",8866448,0,0,0,0,0,0
2011,Point Loma Branch Library / S00796,197,Library,,,,Council District: 2; Community Plan: Peninsula,10503839,10503839,"This project provides for a new 25,890-square-foot library on land adjacent to the existing facil­ ity that was acquired for this purpose. Plans call for raising the existing building to provide additional parking.",The existing facility was built in 1959 and is too small to adequately serve the current and pro­ jected needs of the community.,0,0,0,0,0,0,0
2011,Rancho Bernardo Library / S00812,198,Library,,,,Council District: 5; Community Plan: Rancho Bernardo,37018,3504700,"This project provides for a 2,500 square-foot expansion to the existing branch library at 17110 Bernardo Center Drive. This project is part of the 21st Century Library System/Library Department Facility Improvements Program.",The existing facility does not have a computer lab and additional seating and collection space would enhance service to the community.,3467682,0,0,0,0,0,0
2011,San Carlos Branch Library / S00800,199,Library,,,,Council District: 7; Community Plan: Navajo,748195,9274777,"This project provides for the acquisition of a lot adjoining the existing branch library located at 7265 Jackson Drive and building a new 25,000 square-foot library. This project is part of the 21st Century Library System/Library Department Facility Improvements Program.","The existing library is too small to provide adequate library services. It does not have a com­ puter lab and the meeting room, public seating and collection space is too small.",8526582,0,0,0,0,0,0
2011,San Diego New Central Library / S00799,200,Library,,2012,2012,Council District: 2; Community Plan: Centre City,152593908,185106000,"This project provides for the design and construction of a new Central Library of approximately 500,000 square feet, with approximately 250 underground parking spaces dedicated to library patrons. It will be large enough to accommodate library needs for 20 years and contain expansion space to accommodate growth for an additional 30 years. The expansion space will be leased for 40 years by San Diego Unified School Dis­ trict for a Charter High School. The lobby will be open to the courtyard, which will contain an outdoor café, and there will be a 350-seat auditorium adjacent to the lobby. The top floor will house special collections and pro­ vide public amenities including an airy reading room, a 400-seat multi-purpose room, an art gallery, a small public meeting room, and a series of open terraces.","The existing library is too small to provide adequate library and informational services to the library system and the region, and cannot support the technological and programmatic needs of the future.",0,32512092,0,0,0,0,0
2011,San Ysidro Branch Library / S00802,201,Library,,,,Council District: 8; Community Plan: San Ysidro,316000,12186000,"This project provides for a 15,000 square-foot facility to serve the San Ysidro Community. Dis­ cussions are currently underway with the Redevelopment Agency of the City of San Diego to build the new library as part of a redevelopment project currently planned along San Ysidro Boulevard.","The existing 4,089 square foot library was built in 1924 and was remodeled in 1983. It contains no meeting rooms or computer lab, no on-site parking, and no separation of the children's area and quiet study areas to serve the current and projected needs of the community.",11870000,0,0,0,0,0,0
2011,Scripps Miramar Library Parking / S01035,202,Library,,,,Council District: 5; Community Plan: Scripps Miramar Ranch,0,1113525,This project provides for an expansion of the Scripps Ranch Branch Library parking lot located at 10301 Scripps Lake Drive. This project is part of the 21st Century Library System/Library Department Facility Improvements Program.,When the current facility is fully occupied the current parking lot does not have the capacity to serve the needs of the community.,1113525,0,0,0,0,0,0
2011,Scripps Miramar Ranch Library / S00811,203,Library,,,,Council District: 5; Community Plan: Scripps Miramar Ranch,35600,1126000,This project provides for an expansion of the Scripps Ranch Branch Library parking lot located at 10301 Scripps Lake Drive. This project is part of the 21st Century Library System/Library Department Facility Improvements Program.,The current facility is fully occupied and the current parking lot does not have the capacity to serve the needs of the community.,1090400,0,0,0,0,0,0
2011,Scripps Ranch Library ADA / S01040,204,Library,,,,Council District: 5; Community Plan: Scripps Miramar Ranch,20041,20041,"This project provides the needed upgrades and Americans with Disabilities Act (ADA) improve- ments to the curb ramps, entrances, door replacements, and access route from parking lot to ensure accessibility under ADA.",These improvements are necessary to meet ADA and Title 24 requirements.,0,0,0,0,0,0,0
2011,Serra Mesa Branch Library / S00801,205,Library,,,,"Council District: 6; Community Plan: Kearny Mesa, Serra Mesa",9556806,9556806,"This project provides for a 15,000 square-foot library on City-owned property located on the 8900 block of Aero Drive to serve the Serra Mesa and Kearny Mesa communities. This project is part of the 21st Century Library System/Library Department Facility Improvements Program.","The existing library is too small to provide adequate library services to this community. It con­ tains no meeting room facilities and computer lab, inadequate parking, and no separation for the children's area and quiet study areas.",0,0,0,0,0,0,0
2011,Skyline Hills Library / S00692,206,Library,,,,Council District: 4; Community Plan: Skyline - Paradise Hills,4754252,16817715,"This project provides for a 15,000 square-foot library expansion to the existing facility located at 480 South Meadowbrook Drive. This project is part of the 21st Century Library System/Library Department Facility Improvements Program.","The existing facility is too small to provide adequate library services to the community. There are no meeting room facilities or computer lab, and limited collection space and patron seating.",12063463,0,0,0,0,0,0
2011,Skyline Hills Library ADA / S01043,207,Library,,,,Council District: 4; Community Plan: Skyline - Paradise Hills,54570,54570,"This project provides the needed upgrades and ADA compliance improvements to the curb ramps, entrances, door replacements and access route from the parking lot to ensure accessibility under the Americans with Disabilities Act (ADA).","These improvements are necessary to provide ADA accessibility to the libraries. The existing entry doors did not have electrical door openers, the ramps did not meet with the ADA specifications and requirements and the path from the parking lot also does not meet all of the current ADA requirements.",0,0,0,0,0,0,0
2011,University City Library ADA / S01044,208,Library,,,,Council District: 1; Community Plan: University,17389,17389,"This project provides the needed upgrades and ADA compliance improvements to the curb ramps, entrances, door replacements and access route from the parking lot to ensure accessibility compliance under the Americans with Disabilities Act.","These improvements are necessary to provide ADA accessibility to the libraries. The existing entry doors did not have electrical door openers, the ramps did not meet with the ADA specifications and requirements and the path from the parking lot which does not meet all current ADA requirements.",0,0,0,0,0,0,0
2011,University Heights Library / S00693,209,Library,,,,Council District: 3; Community Plan: Greater North Park,230625,230625,This project would provide for preliminary studies for site identification and design concepts to replace the existing facility located at 4193 Park Boulevard. The study was completed in Fiscal Year 2005.,"The existing facility is too small to provide adequate library services to the community. There are no meeting room facilities, no computer lab, inadequate seating, and limited collection space.",0,0,0,0,0,0,0
2011,City Heights Community Park Development Phase 3 / S00661,212,Park & Recreation,,,,Council District: 3; Community Plan: City Heights,155000,155000,"This project will provide for the design and construction of the Phase III development of City Heights Community Park. Improvements may include open play areas, picnic facilities, additional multi-pur- pose courts, lighting, landscaping and other amenities.",This project will provide for the development and expansion of City Heights Community Park. It will provide needed additional recreational facilities.,0,0,0,0,0,0,0
2011,Mid City Community Clinic / S01023,213,Park & Recreation,,,,Council District: 3; Community Plan: City Heights (Mid-City),10000,10000,This project provides for tenant improvements and renovations to the Mid-City Community Clinic.,This project will increase health care services to the community.,0,0,0,0,0,0,0
2011,Rancho Bernardo Recreation Center ADA / S01051,214,Park & Recreation,,,,Council District: 5; Community Plan: Rancho Bernardo,97380,97379,"This project provides for accessibility improvements to the facility to meet Americans with Dis­ abilities Act (ADA) and Title 24 requirements. Upgrades will include the replacement of sidewalks and curb ramps, repaving the existing parking lot and painting parking stalls for ADA parking requirements, and replac­ ing restroom doors and door handles, office doors and thresholds.",These improvements are necessary to meet Americans with Disabilities Act (ADA) and Title 24 requirements.,0,0,0,0,0,0,0
2011,Cliffridge Park Comfort Station ADA / S01045,215,Park & Recreation,Bldg - Other City Facility,,,Council District: 1; Community Plan: La Jolla,150000,150000,This project provides the needed upgrades for the Cliffridge Park comfort station to ensure accessibility under the Americans with Disabilities Act (ADA). Improvements will include an accessible path of travel in addition to new drinking fountains and exterior sinks which will conform to the disabled access requirements and will be mounted on the outside of the comfort station.,These improvements are necessary to provide Americans with Disabilities Act (ADA) accessi­ bility to the comfort station which does not meet all of the current Americans with Disabilities Act (ADA) requirements.,0,0,0,0,0,0,0
2011,Kids Copy-Tubman/Chavez Center / S01021,216,Park & Recreation,Bldg - Other City Facility,,,Council District: 4; Community Plan: Southeastern San Diego,4446,4446,"This project provides for the renovation upgrades to the Tubman/Chavez Center. This facility supports programs in education, health, business training, employment, arts and culture, computers and technol- ogy, as well as social recreational events for low to moderate income families.","This project provides for the renovation of the facility to address safety, accessibility and code requirements.",0,0,0,0,0,0,0
2011,Language Academy/Montezuma Elementary Joint Use / S00972,217,Park & Recreation,Bldg - Other City Facility,,,Council District: 7; Community Plan: College Area,1264837,1264838,"This project provides for design and construction of approximately 1.37 acres at the Language Academy (formerly Montezuma Elementary School) for joint use facilities to supplement existing park acreage in the College Area Community. Improvements may include artificially-turfed multi-purpose sports fields, multi-purpose courts, walkways, landscaping and Americans with Disabilities Act (ADA) accessibility upgrades.",This project will contribute to satisfying population-based park acreage requirements set forth in the City's General Plan.,0,0,0,0,0,0,0
2011,Mira Mesa ADA / S01039,218,Park & Recreation,Bldg - Other City Facility,,,Council District: 5; Community Plan: Mira Mesa,138675,138675,"This project provides for the upgrade of the recreational facility for Americans with Disabilities Act (ADA) standards, including replacing sidewalks and curb ramps, replacing restroom doors, office doors, thresholds, and door handles.",Accessibility upgrades are necessary to meet Americans with Disabilities Act (ADA) and Title 24 requirements.,0,0,0,0,0,0,0
2011,Montgomery Academy Joint Use Improvements / S00973,219,Park & Recreation,Bldg - Other City Facility,,,Council District: 6; Community Plan: Linda Vista,695000,695000,"This project provides for the construction of approximately three acres of joint use play fields at the Montgomery Academy and associated Americans with Disabilities Act (ADA) improvements to comply with all State and federal accessibility guidelines and City standards. Phase I amenities may include a turfed multi-purpose sports field, security lighting, decomposed granite running track, accessibility improvements, signage, site furnishings and miscellaneous landscaping. Phase II amenities may include picnic shelters, site furnishings, accent plantings and enhanced gateway treatments.","Development of this project is a Site Development Permit condition of the Pacific Ridge Apart­ ment Homes to satisfy population-based park acreage requirements in accordance with the City's General Plan standards for the anticipated population generated by the residential development. Additionally, it provides joint-use recreational facilities in a community deficient in population-based park and recreation facilities.",0,0,0,0,0,0,0
2011,Museum of Man Roof Replacement / S11101,220,Park & Recreation,Bldg - Other City Facility,,,Council District: 3; Community Plan: Balboa Park,1480976,1480976,"This project is intended to restore the integrity of the museum, stop the roof leakages, fix the museum ornamentation, restore the historic carports, protect the the public safety and minimize costly mainte­ nance. The scope of work includes the following: re-roof the Administration Building, re-roof the clay tile roof on the south side of the quadrangle (re-use existing tile), re-roof and partially reconstruct the carport between the north wing and the administration building (re-use existing tiles), re-roof the north wing of the main museum including the built-up roof, restore ornamentation, restore windows, repair and/or reseal tile domes, replace finial on western quadrangle entrance, and other miscellaneous restoration items including the replace­ ment of two curb ramps.","This project will restore the integrity of the museum, stop the roof leakages, fix the museum ornamentation, restore the historic carports, protect the public safety and minimize costly maintenance.",0,0,0,0,0,0,0
2011,North Crown Point Gazebo Replacement / S10020,221,Park & Recreation,Bldg - Other City Facility,,,Council District: 2; Community Plan: Mission Bay Park,295000,295000,"This project provides for the demolition of the four existing gazebos, the design and construction of a new picnic shelter area, including concrete pad, site furniture, and one or multiple shelters, and upgrades to the existing associated paths of travel at North Crown Point.",The existing gazebos have termite damage and the wood frames have been partially removed. Site improvements are necessary to comply with federal and State safety and accessibility guidelines.,0,0,0,0,0,0,0
2011,Ocean Beach Recreation Center ADA Improvements / S01094,222,Park & Recreation,Bldg - Other City Facility,,,Council District: 2; Community Plan: Ocean Beach,269338,269338,"This project provides for the upgrade of the recreational facility located at 4726 Santa Monica Boulevard to comply with Americans with Disabilities Act (ADA) standards, including replacing sidewalks and curb ramps, replacing restroom stall doors and door handles, repaving existing lots and repainting parking stalls for Americans with Disabilities Act (ADA) parking.",Accessibility upgrades are necessary to meet Americans with Disabilities Act (ADA) and Title 24 requirements.,0,0,0,0,0,0,0
2011,Colina Del Sol Pool ADA / S01047,223,Park & Recreation,Bldg - Parks - Recreation,,,Council District: 3; Community Plan: Eastern Area (Mid-City),0,0,This project provides for improvements to meet Americans with Disabilities Act requirements for the Colina del Sol Swimming Pool.,Improvements to the facility will enhance accessibility for all users.,0,0,0,0,0,0,0
2011,Memorial Pool ADA Improvements / S01049,224,Park & Recreation,Bldg - Parks - Recreation,,,Council District: 8; Community Plan: Southeastern San Diego,235436,235437,"This project provides for American with Disabilities Act (ADA) improvements to the pool com­ plex which include providing a path of travel from public transportation and parking lot to the main building and site amenities, improvements to interior and exterior women's and men's restrooms including dressing rooms, lavatories, toilets, urinals, showers, and to the spectator area.",These improvements are necessary to meet Americans with Disabilities Act (ADA) and Title 24 requirements.,0,0,0,0,0,0,0
2011,NTC Aquatic Center / S10000,225,Park & Recreation,Bldg - Parks - Recreation,,,Council District: 2; Community Plan: Peninsula,446726,446726,"This project will provide for the planning and design of a new aquatic facility center at Naval Training Center Park. The proposed facility will include, but will not be limited to, two competitive and recre­ ational pools, a leisure pool with water playground features, spectator seating deck, bath house facility, and associated site improvements.",This project will contribute to satisfying the recreation facility requirement set forth in the City's General Plan.,0,0,0,0,0,0,0
2011,South Clairemont Recreation Center ADA Kitchen Upg / S10134,226,Park & Recreation,Bldg - Parks - Recreation,,,Council District: 6; Community Plan: Clairemont Mesa,99000,99000,"This project will remove accessible barriers and bring the kitchen within the South Clairemont Recreation Center into compliance with the American's with Disabilities Act (ADA). The project includes the replacement of all kitchen cabinets, sink and plumbing, electrical components, counter tops and a pass through between the kitchen and the adjacent activity room. New flooring will be installed and the entire kitchen area repainted.","The project will remove accessible barriers and make the kitchen fully ADA compliant, enabling citizens with disabilities to utilize the kitchen facilities within the recreation center.",0,0,0,0,0,0,0
2011,Swanson Standley Pool ADA Improvements / S01050,227,Park & Recreation,Bldg - Parks - Recreation,,,Council District: 1; Community Plan: University,250905,250905,"This project provides for Americans with Disabilities Act (ADA) improvements to the Swanson Standley Pool and includes providing a path of travel from public transportation and parking lot to the main building. Site amenities include improvements to the spectator area and to the interior and exterior women's and men's restrooms which will include dressing rooms, lavatories, toilets, urinals, and showers.",These improvements are necessary to meet ADA and Title 24 requirements.,0,0,0,0,0,0,0
2011,ADA Mid City Community Gym / S01048,228,Park & Recreation,,,,Council District: 3; Community Plan: City Heights (Mid-City),267870,267870,"This project provides for upgrades to the Mid City Community Gym facility in accordance with the Americans with Disabilities Act (ADA) standards, including replacing sidewalks and curb ramps, replacing restroom doors, office doors, door handles, repaving existing lot and repainting parking stalls for Americans with Disabilities Act (ADA) parking.",Accessibility upgrades are necessary to meet Americans with Disabilities Act (ADA) and Title 24 requirements.,0,0,0,0,0,0,0
2011,Ballpark and Redevelopment Project Infrastructure / S01079,229,Park & Recreation,,,,Council District: 2; Community Plan: Centre City - East Village,35288900,35288900,"This project provides for a new open-air, multiple-use baseball facility in downtown San Diego with approximately 42,000 fixed seats and an Outfield Park, and for the associated infrastructure improvements. Infrastructure improvements include parking, new realigned and repaved roadways, relocation of utilities, storm drain improvements, and streetscape and landscape improvements. The ballpark site is bounded by 7th Avenue, J Street, 10th Avenue, and Harbor Drive. This project is part of a larger redevelopment effort.","On November 3, 1998, San Diego voters approved a proposition allowing the City to enter into an agreement with the San Diego Padres to redevelop the eastern area of downtown with a multiple-use ballpark as the anchor tenant. Subject to the provisions of this agreement, the City shall provide not more than $225,000,000 toward the construction of the Ballpark Project. The City's contribution will be made from the proceeds from a lease revenue bond type financing and cash.",0,0,0,0,0,0,0
2011,Chollas Creek Enhancement / S00686,230,Park & Recreation,,,,"Council District: 3, 4; Community Plan: Southeastern San Diego",1923799,1923799,"This project provides for the removal of concrete sections of the channel, the widening of the floodplain, and the creation and restoration of wetland and transitional upland habitats. These improvements will be designed to re-establish the natural structure, dynamics, and hydrologic functions within applicable creek segments and restore affected beneficial uses.","This project will implement portions of the Chollas Creek Enhancement Program, as adopted by the City Council on May 14, 2002, and will help achieve Municipal Storm Water Permit compliance through improved water quality in Chollas Creek.",0,0,0,0,0,0,0
2011,Famosa Slough Salt Marsh Creation / S00605,231,Park & Recreation,,,,Council District: 2; Community Plan: Peninsula,313000,313000,"The 0.64 acre mitigation project in Famosa Slough is required by the Army Corps of Engineers, Coastal Commission, and California Department of Fish and Game permits and agreements. The mitigation is a required component of the Storm Water Department's channel clearing efforts to prevent flooding in the Sor­ rento Valley area, and restoration of this site will enhance the functions and values of this important biological resource consistent with a variety of City policies and objectives.","The 0.64 acre mitigation project in Famosa Slough is required by the Army Corps of Engineers, Coastal Commission, and California Department of Fish and Game permits and agreements. The Famosa Slough was chosen as the mitigation site because opportunities for coastal salt marsh mitigation in the Los Penasquitos Lagoon have been exhausted. This option utilizes an available, City-owned site within the Coastal Zone and is consistent with the 1993 Famosa Slough Enhancement Plan.",0,0,0,0,0,0,0
2011,San Diego River Dredging-Qualcomm Way to SR163 / S00606,232,Park & Recreation,,,,Council District: 6; Community Plan: Mission Valley,425000,425000,This project provides for removal of a small island of sediment within the San Diego River near the Murray Creek outfall at the western end of Hazard Center Drive.,This project will protect adjacent property from potential flooding during rain events.,0,0,0,0,0,0,0
2011,Marston Point/Balboa Park Storm Drain Repair / S10085,233,Park & Recreation,,,,Council District: 3; Community Plan: Balboa Park,50000,50000,"This project provides for evaluation, design and construction to repair a damaged storm drain in the Marston Point parking lot area.",The damaged storm drain causes a portion of the Marston Point parking lot area to flood and remain under water for several days after rain events. This project will repair the damaged storm drain to pre- vent future flooding.,0,0,0,0,0,0,0
2011,Balboa Park Golf Course / AEA00002,234,Park & Recreation,,2012,2012,Council District: 3; Community Plan: Balboa Park,924930,1224929,This annual allocation provides for unexpected replacement of minor capital assets on an as­ needed basis at the City's Municipal Golf Course - Balboa Park which may include minor replacements of exist­ ing golf course building structures and golf course fairway and green systems.,This annual allocation will provide for a capital assets cost-avoidance program allowing for timely replacement of unanticipated failure of golf capital assets.,0,300000,0,0,0,0,0
2011,Balboa Park Golf Course Irrigation System / S00632,235,Park & Recreation,,,,Council District: 3; Community Plan: Balboa Park,4007332,4007332,This project provides for a new irrigation system for the 18-hole and 9-hole golf courses at Bal- boa Park.,"The existing irrigation system is antiquated, deteriorated, and inefficient.",0,0,0,0,0,0,0
2011,Balboa Park Golf Course Parking Lot & Improvements / S00614,236,Park & Recreation,,,,Council District: 3; Community Plan: Balboa Park,1138120,8038120,"This project provides for a master plan, design, and construction of a new clubhouse and a park- ing lot at the Balboa Park Golf Course.",Currently the clubhouse is inadequate and there is insufficient parking available to serve users of the golf course.,6900000,0,0,0,0,0,0
2011,Balboa Park Golf Course Step/Handrail Replacement / S00626,237,Park & Recreation,,,,Council District: 3; Community Plan: Balboa Park,250000,250000,This project provides for the replacement of existing wooden steps with concrete steps and the installation of hand railings on the 18-hole golf course at Balboa Park.,"Replacement of existing, worn wooden steps with concrete steps and hand rails is needed for safety precautions.",0,0,0,0,0,0,0
2011,Mission Bay Golf Course & Practice Cntr Landscape / S01089,238,Park & Recreation,,,,Council District: 6; Community Plan: Mission Bay Park,100000,100000,This project provides for new landscaping at the Mission Bay Golf Course and Practice Center.,Some areas of the existing landscape within Mission Bay Golf Course and Practice Center are aged and dying and in need of augmentation. This project is needed to address the impacted areas to provide a more uniform and healthy plant material.,0,0,0,0,0,0,0
2011,Mission Bay Golf Course Driving Range Upgrade / S10043,239,Park & Recreation,,,,Council District: 6; Community Plan: Mission Bay Park,1000000,1000000,"This project provides for upgrade of the existing driving range. Improvements include relocating light poles, replacing underground wiring, demolition of the existing Driving Range Building, and construction and relocation of a new Driving Range Building.",The existing driving range at Mission Bay Golf Course and Practice Center is outdated and in need of complete overhaul. This project will provide for upgrades needed to bring this facility up to acceptable golfing standards.,0,0,0,0,0,0,0
2011,Mission Bay Golf Course New Irrigation System / S00629,240,Park & Recreation,,,,"Council District: 2, 6; Community Plan: Mission Bay Park",100000,100000,This project provides for a new irrigation system for the Mission Bay Golf Course and practice center.,"This project provides for replacement of the existing, antiquated, deteriorated, and inefficient irrigation system.",0,0,0,0,0,0,0
2011,Mission Bay Golf Course New Practice Area Upgrade / S00628,241,Park & Recreation,,,,"Council District: 2, 6; Community Plan: Mission Bay Park",400000,400000,"This project provides for the demolition of existing, dilapidated miniature golf facilities (Phase I) and the construction of additional practice areas at the Mission Bay Golf Course (Phase II).","The proposed area is in a state of disrepair, does not meet current code requirements and poses a potential safety hazard.",0,0,0,0,0,0,0
2011,Mission Bay Golf Course Practice Cntr Bldg Improve / S01090,242,Park & Recreation,,,,"Council District: 2, 6; Community Plan: Mission Bay Park",400000,400000,"This project provides for the demolition of the existing, antiquated building and installation of temporary trailers at the Mission Bay Golf Course Practice Center. Design and construction of the new practice center, parking lot and clubhouse will be","These improvements are necesssary to comply with current codes, address maintenance needs, and increase the viability of identifying potential future lessees.",0,0,0,0,0,0,0
2011,Mission Bay Golf Course Renovation/Reconstruction / S11010,243,Park & Recreation,,2015,2016,Council District: 6; Community Plan: Mission Bay Park,460000,4000000,"This project provides for master planning, design and construction of Mission Bay Golf Course. Work will include renovation and reconstruction of the existing course and will consist of new landscaping and irrigation, upgraded electrical and lighting system, drainage improvements, installation of cart paths near tee boxes and improvements to the signage, fencing, and sand bunkers. Other relevant items of work for the overall improvements to the conditions of play will also be included.","This project is needed to provide the long awaited improvements to the 18-hole golf course. For example, the new computerized irrigation system will replace a system that is outdated, inefficient and wasteful and does not meet current or future water restriction requirements. These improvements will help bring the golf course to within industry standards for municipal golf courses. The actual design and construction costs will be determined upon completion and recommendation of the master plan.",0,0,0,0,540000,3000000,0
2011,Mission Bay Golf Course and Practice Center / AEA00003,244,Park & Recreation,,2012,2012,Council District: 6; Community Plan: Mission Bay Park,600000,900000,This annual allocation provides for the unexpected replacement of minor capital assets on an as- needed basis at the City's Municipal Golf Course - Mission Bay.,This annual allocation will provide a capital assets cost-avoidance program allowing for the timely replacement of unanticipated failure of golf capital assets.,0,300000,0,0,0,0,0
2011,Torrey Pines GC Clubhouse Starter Booth & Fence / S00631,245,Park & Recreation,,,,Council District: 1; Community Plan: University,84280,84280,This project will provide for the installation of a new fabricated starter booth and cart screen fencing.,The facilities are in need of improvements prior to the U.S. Open held in June of 2008.,0,0,0,0,0,0,0
2011,Torrey Pines Golf Course / AEA00001,246,Park & Recreation,,2012,2012,Council District: 1; Community Plan: University,670000,1770000,This annual allocation provides for the unexpected replacement of minor capital assets on an as- needed basis at the City's Municipal Golf Course - Torrey Pines.,This annual allocation will provide a capital assets cost-avoidance program allowing for the timely replacement of unanticipated failure of golf capital assets.,0,1100000,0,0,0,0,0
2011,Torrey Pines Golf Course Clubhouse Maintenance / S00630,247,Park & Recreation,,,,Council District: 1; Community Plan: University,650000,650000,"This project provides for improvements to the building exterior, decking areas, walkways and landscaping of the clubhouse.",The clubhouse is in need of maintenance prior to the U.S. Open being held in June of 2008.,0,0,0,0,0,0,0
2011,Torrey Pines Golf Course Irrigate & Fence Upgrades / S01065,248,Park & Recreation,,,,Council District: 1; Community Plan: University,250000,250000,This project provides for improvements to the existing irrigation system and the perimeter fence at the maintenance area and along Torrey Pines Golf Course.,"Irrigation improvements with advanced irrigation replacement heads and improved irrigation timing field computers will provide better watering coverage, improved efficiency and irrigation reliability.",0,0,0,0,0,0,0
2011,Torrey Pines Golf Course-Reconstruction 18 Holes / S01082,249,Park & Recreation,,,,Council District: 1; Community Plan: University,2197686,2197686,"This project provides for course improvements at the Torrey Pines Municipal Golf Course (North Course), which includes construction of a new wash rack facility and a sand storage bin.",This project provides needed reconstruction and improvements of an 18-hole golf course.,0,0,0,0,0,0,0
2011,Torrey Pines N & S Course Restroom Replacement / S00749,250,Park & Recreation,,,,Council District: 1; Community Plan: University,750000,750000,"This project provides for demolition of the existing restroom adjacent to the sixth hole on the North Course, and the existing restrooms immediately north of and between the fifth and second holes on the South Course. They will be replaced with new, modern restrooms.",Existing facilities are in need of replacement due to ongoing costly repairs.,0,0,0,0,0,0,0
2011,Torrey Pines North and South Course Golf Paths / S10045,251,Park & Recreation,,,,Council District: 1; Community Plan: University,800000,800000,This project provides for the replacement of damaged portions of the existing cart paths within Torrey Pines Golf Course. This project also provides for construction of the missing paths and reconstruction of portions of the paths that are too narrow for motorized carts.,"The original cart paths were constructed decades ago for use by manual golf carts. Today's golf courses including Torrey Pines Golf Course use motorized golf carts which are wider and heavier than their original counterparts. As a result of years of use, some portions of the existing cart paths within Torrey Pines Golf Course are cracked, severely worn out and otherwise damaged beyond repair. This project will remove and reconstruct the damaged portions of the cart paths. In addition, some portions of the existing cart paths are too narrow and need to be widened to accommodate today's golf carts. This project is needed to address these areas.",0,0,0,0,0,0,0
2011,Torrey Pines S Golf Course Restroom Improvements / S00627,252,Park & Recreation,,,,Council District: 1; Community Plan: University,178029,178028,This project provides for restroom improvements for the Torrey Pines South Golf Course.,This project provides needed reconstruction and improvements to existing restrooms.,0,0,0,0,0,0,0
2011,Black Mountain Ranch Community Park / S00639,253,Park & Recreation,,2013,2013,"Council District: 1; Community Plan: Black Mountain Ranch, Torrey Highlands",5810225,17895441,"This project provides for the acquisition, design and construction of a 30 useable-acre commu­ nity park serving the Black Mountain Ranch and Torrey Highlands communities. Phase I includes the construc­ tion of 13 acres, including the athletic fields and a parking lot. Phase II will complete the remaining 17 acres and its associated amenities. The project costs are dependent upon all developments within the Black Mountain Ranch and Torrey Highlands communities providing their fair share toward the costs of the park.",This project will contribute to satisfying the population-based park acreage requirements set forth in the City's General Plan and provide additional park acreage in a community that is deficient of park land. The community park will provide for additional recreational opportunities to the community.,200000,0,11885216,0,0,0,0
2011,Canyonside Community Park / S00637,254,Park & Recreation,,,,Council District: 1; Community Plan: Rancho Penasquitos,74000,74000,This project provides for upgrading existing lighting at Canyonside Community Park Sportsfield no. 1.,Additional lighting is needed to upgrade the lighting levels at Canyonside Community Park Sportsfield no. 1.,0,0,0,0,0,0,0
2011,Canyonside Community Park / S00768,255,Park & Recreation,,,,Council District: 1; Community Plan: Rancho Penasquitos,345000,345000,"This project provides for the conversion of existing, outdated, luminaries to energy efficient luminaries at Canyonside Community Park Sports fields 6 through 9.",Upgrading light levels to current safety standards would provide for better lumination of the sportsfields for recreational users.,0,0,0,0,0,0,0
2011,Carmel Valley Community Park South-Neighborhood8A / S00750,256,Park & Recreation,,,,"Council District: 1; Community Plan: Carmel Valley, Torrey Hills (Sorrento Hills)",9977841,9977841,"This project provides for developing a 15 useable acre community park in the Torrey Hills and Carmel Valley Neighborhoods south of State Route 56, located in Carmel Valley Neighborhood 8A.",This project will contribute to satisfying the population-based park acreage requirements of the City's General Plan.,0,0,0,0,0,0,0
2011,Carmel Valley Community Park South-Rec Bldg/OcnAir / S00635,257,Park & Recreation,,,,"Council District: 1; Community Plan: Carmel Valley, Torrey Hills (Sorrento Hills)",5800000,5800000,"This project provides for a 16,347 square foot recreation building to serve the Torrey Hills and Carmel Valley Neighborhoods south of State Route 56, located in Carmel Valley Community Park South Neighborhood 8A.",This project will contribute to satisfying the population-based park acreage requirements of the City's General Plan.,0,0,0,0,0,0,0
2011,Encanto Community Park Concession Expansion / S01056,258,Park & Recreation,,,,Council District: 4; Community Plan: Southeastern San Diego,4191,153299,This project provides for the design and construction of the expansion of the existing concession stand at Verna Quinn Fields and all associated accessibility and drainage improvements required to comply with all State and federal accessibility guidelines and City standards.,This project provides for required Americans with Disabilities Act (ADA) upgrades to an exist- ing facility.,149108,0,0,0,0,0,0
2011,Hilltop Community Park Development Phase 1 / S00634,259,Park & Recreation,,,,Council District: 1; Community Plan: Rancho Penasquitos,2186541,2186541,"This project provides for the development of a community park in Rancho Penasquitos on approximately 34 acres, of which approximately 14 are useable-acres. Phase I comprised approximately 12 acres of improvements including a recreation building, basketball courts, open play areas, picnic areas, a com­ fort station, and utilities. Phase II will provide for the development of the remaining two acres and will poten­ tially include additional parking, children's play area, open grass area, irrigation system, picnic area, security lighting, concrete walkways, and shade structures. Phase III will include a soccer and roller hockey arena.",This project will contribute to satisfying the population-based park acreage requirements set forth in the City's General Plan.,0,0,0,0,0,0,0
2011,Lake Murray Community Park Play Area Expansion / S11018,260,Park & Recreation,,,,Council District: 7; Community Plan: Navajo,62000,1150000,This project provides for American with Disabilities Act (ADA) upgrades and expansion of the children's play area and path of travel within the park. The project will include universal design and ramp con­ cepts in compliance with State and federal safety and accessibility guidelines.,This project is needed to upgrade existing site improvements and play area facilities to meet current State and federal safety and accessibility regulations.,1088000,0,0,0,0,0,0
2011,MLK Jr Community Park Rec Center Roof Repair / S00765,261,Park & Recreation,,,,Council District: 4; Community Plan: Southeastern San Diego,180328,180328,"This project provides for the replacement of approximately 11,000 square feet of asphalt con- crete shingle roof at the Martin Luther King Junior Community Park Recreation Center.",This project provides for the necessary roof replacement to prevent further water damage dur- ing inclimate weather.,0,0,0,0,0,0,0
2011,MLK Jr Play Area Upgrade / S00771,262,Park & Recreation,,,,Council District: 4; Community Plan: Southeastern San Diego,649000,649000,This project provides for upgrades of the play ground area and access walkway at Martin Luther King Jr. Community Park to comply with State and federal safety and accessibility guidelines.,This project will provide a play area which is fully compliant with current State safety regula­ tions and State and federal accessibiity guidelines.,0,0,0,0,0,0,0
2011,McAuliffe Community Park Development Phase 2 / S00664,263,Park & Recreation,,2014,2014,Council District: 5; Community Plan: Mira Mesa,3397687,4473436,"This project provides for design and construction of park improvements at McAuliffe Commu­ nity Park, located at the west end of Winterwood Lane in the Mira Mesa Community Plan area, formerly known as Winterwood Lane Community Park. Due to environmental constraints, this site will not provide adequate acreage to support community park activities. Approximately 12 of the total 25 undeveloped acres will be con­ veyed to the School District as a vernal pool habitat mitigation site in exchange for approximately six usable acres of School District-owned property adjacent to Salk Elementary School and Maddox Neighborhood park for the development of park and joint use facilities. The recreational uses and design of any remaining develop­ able acres (approximately 7.5 acres) on the McAuliffe park site will be determined through the community input process. Park improvements could include an open turf area, children's play area, scenic overlook, walk­ ways, off-leash dog area, comfort station, security lighting and landscaping.",This project provides population-based park acreage in accordance with the City's General Plan standards to accommodate the park and recreational needs of the residents of subdivisions within a 1.5 mile radius from the park.,0,0,0,1075749,0,0,0
2011,Memorial Skateboard Park / S00647,264,Park & Recreation,,,,Council District: 8; Community Plan: Southeastern San Diego,1258053,1258052,This project will provide an in-ground concrete skate park in the vicinity of Memorial Commu- nity Park.,This project will provide additional recreational opportunity for the community.,0,0,0,0,0,0,0
2011,Mira Mesa Community Park 3 (Hourglass) Development / S01003,265,Park & Recreation,,,,Council District: 5; Community Plan: Mira Mesa,3669501,3669501,"This project provides for a joint use field house including a gymnasium, shower locker facilities, multi-purpose rooms, and meeting rooms at Hourglass Field Community Park.",This project will contribute to satisfying the population-based park acreage requirements set forth in the City's General Plan.,0,0,0,0,0,0,0
2011,Nobel Athletic Area Development / S00663,266,Park & Recreation,,,,Council District: 1; Community Plan: University,12974506,12974506,"This project provides for developing approximately 24 additional acres of this community park located in the vicinity of the easterly extension of Nobel Drive and Interstate 805. Improvements will include sports fields, comfort station, 10,300 square-foot recreation center, play area, off-leash dog area, parking and passive areas.",This project will contribute to satisfying the population-based park acreage requirements set forth in the City's General Plan.,0,0,0,0,0,0,0
2011,Normal Heights Community Park Development / S00662,267,Park & Recreation,,,,Council District: 3; Community Plan: Normal Heights (Mid-City),192281,192281,"This project provides for the development of an approximately five acre park at 39th Street and Ward Canyon. Park amenities included in Phase I will be an open turf play area, children's play area, picnic and seating facilities, and a basketball court. Phase II provides for a comfort station and the purchase of additional land adjacent to the park. Future phases will include the development of approximately two acres of City owned property and a community center.",This project will provide the community with additional recreational opportunities as well as enhance the visual quality in an area that is park deficient.,0,0,0,0,0,0,0
2011,North Park Community Park Miscellanous Improvement / S01005,268,Park & Recreation,,,,Council District: 3; Community Plan: Greater North Park,33450,33450,"This project provides for paving hard court areas, fencing, tot lot, comfort station, Americans with Disabilities Act (ADA) Improvements, security lighting, landscaping, and other typical park amenities.",This project provides for additional recreational facilities in an area deficient in parkland per City standards.,0,0,0,0,0,0,0
2011,Pacific Beach Community Park Requirement / S00668,269,Park & Recreation,,,,Council District: 2; Community Plan: Pacific Beach,84653,84653,"This project provides for additional improvements at the Pacific Beach Recreation Center. Phase I improvements, now complete, included upgrades to the restrooms, drinking fountains, doors, hardware, and entrance ramps. Phase II improvements include accessibility upgrades throughout the park.",This project will provide upgrades in compliance with current State safety regulations and State and federal accessibility requirements.,0,0,0,0,0,0,0
2011,Pacific Breezes (Ocean View Hills) Community Park / S00649,270,Park & Recreation,,,,Council District: 8; Community Plan: Otay Mesa,11770000,11770000,"This project provides for the acquisition, design and construction of the Pacific Breezes Com­ munity Park. This park will be 15 acres with an additional five acres of joint-use with the adjacent Ocean View Hills Elementary School. Amenities may include lighted ball fields, a comfort station, a children's play area, picnic areas, and other improvements. A recreation center and pool complex are also",This project will provide the community with additional recreational opportunities and will enhance the visual quality of the area.,0,0,0,0,0,0,0
2011,Paradise Hills Community Park Picnic Shelter / S10023,271,Park & Recreation,,,,Council District: 4; Community Plan: Skyline - Paradise Hills,216000,216000,This project provides for a new picnic shelter near the skate park within Paradise Hills Commu­ nity Park. The Americans with Disabilities Act (ADA) accessible path of travel from the existing parking lot to the new picnic shelter will also be upgraded.,The picnic shelter was identified by the community as an amenity to add to the park by utilizing the telecom site access fee (Antenna Lease Revenue) funds when additional funds were available to supplement the telecom site access fee fund.,0,0,0,0,0,0,0
2011,Rancho Bernardo Community Park-Sports Field Lights / S11012,272,Park & Recreation,,,,Council District: 5; Community Plan: Rancho Bernardo,700000,700000,This project provides for the design and construction of lighting systems for sports fields #5 and #6 at the Rancho Bernardo Community Park.,This project is needed to expand the hours of facility use and its capacity to serve the commu- nity's residential growth.,0,0,0,0,0,0,0
2011,Serra Mesa Community Park / S00669,273,Park & Recreation,,,,Council District: 6; Community Plan: Serra Mesa,527900,527900,This project provides for the upgrade and replacement of playground equipment in two play areas.,This project will provide play areas that comply fully with new State safety regulations and State and federal accessibility requirements.,0,0,0,0,0,0,0
2011,Tierrasanta Community Park Sports Field Lighting / S11011,274,Park & Recreation,,,,Council District: 7; Community Plan: Tierrasanta,150000,300000,This project provides for the design and construction of a lighting system for the multi-purpose sports fields at the Tierrasanta Community Park.,This project is needed to expand the hours of facility use and its capacity to serve the commu­ nity's residential growth.,150000,0,0,0,0,0,0
2011,Carmel Grove Mini Park Play Area Upgrade / S00659,275,Park & Recreation,,,,Council District: 1; Community Plan: Carmel Valley,480858,480858,This project provides for the upgrade and replacement of playground equipment at the Carmel Grove Mini-Park.,This project is needed to upgrade existing site improvements of play area facilities to meet cur­ rent State and federal safety and accessbility regulations.,0,0,0,0,0,0,0
2011,City Heights Square Mini-Park / S01070,276,Park & Recreation,,,,Council District: 3; Community Plan: City Heights (Mid-City),930405,930405,"This project provides for the design and construction of an approximately 5,348 square foot (0.123 acre) public mini-park, in the City Heights area of the Mid City Community. Improvements will include amenities such as seating, walkways, picnic areas, landscaping, irrigation, and security lighting.",This project will contribute to satisfying population-based park acreage requirements set forth in the City's General Plan in a community currently deficient in population-based parks per General Plan guide­ lines.,0,0,0,0,0,0,0
2011,North Park Mini-Park and Streetscape Improvements / S10050,277,Park & Recreation,,,,Council District: 3; Community Plan: Greater North Park,250000,3710000,"This project provides for the design and construction of an approximately 0.50 useable acre, urban mini-park to be located behind the recently renovated North Park Theatre. The project may include pub­ lic art, plaza areas, specialty/enhanced paving areas for performances and events, an amphitheater or audience seating area, a gazebo/shade structure, a water feature, unique site furniture, walkways, seat walls, security and decorative lighting, and landscape and irrigation. This project also provides for the design and construction of approximately 1,800 linear feet of streetscape which may include enhanced street/pedestrian paving and walk­ ways, street trees with tree grates, landscaping, irrigation, unique street furniture including benches and trash receptacles, security and decorative lighting, pedestrian ramps, curbs and gutters.","The community is currently deficient in population-based park requirements set forth in the City's General Plan. This project will add population-based park acreage to the community, thus contributing to satisfying population-based park requirements. The project will also create an urban park/plaza and streetscape system for the benefit of pedestrians, automobiles and community members.",3460000,0,0,0,0,0,0
2011,Olive Street Park Acquisition and Development / S10051,278,Park & Recreation,,,,Council District: 2; Community Plan: Uptown,2201585,2201585,"This project provides for the acquisition, design, and construction of approximately 0.36 acre of unimproved property contiguous with the south end of the existing Olive Street Park. The project will expand useable park acreage in the Uptown Community. Improvements may include amenities, such as multi-purpose turf areas, a children's play area, seating, walkways, landscaping, and security lighting.",This project will contribute to satisfying population-based park acreage requirements set forth in the City's General Plan in a community currently deficient in population-based parks per General Plan guide­ lines.,0,0,0,0,0,0,0
2011,Valencia Park Acquisition and Development / S11103,279,Park & Recreation,,,,Council District: 4; Community Plan: Southeastern San Diego,224013,674013,"This project provides for the acquisition, design and construction of approximately 0.46 acres (composed of three separate parcels) of unimproved property. The project will expand useable park acreage in the Southeastern San Diego-Encanto Neighborhoods Community. Improvements will includes amenities such as multi-purpose turf areas, a children's play area, seating, walkways, landscaping, and security lighting.",This project will contribute to satisfying population-based park acreage requirements set forth in the City's General Plan in a community currently deficient in population-based parks per General Plan guide­ lines.,450000,0,0,0,0,0,0
2011,West Lewis and Falcon Streets Mini-Park / S00757,280,Park & Recreation,,,,Council District: 2; Community Plan: Uptown,450000,630000,"This project provides for design and construction of a 0.35 acre mini-park within the West Lewis and Falcon Streets rights-of-way. Amenities may include walkways, landscaping, seating areas, and public art.",This project will contribute to satisfying the population-based park acreage requirements set forth in the City's Progress Guide and General Plan.,180000,0,0,0,0,0,0
2011,West Maple Canyon Mini-Park / S00760,281,Park & Recreation,,,,Council District: 3; Community Plan: Uptown,375000,575000,"This project provides for the design and construction of a 0.25 acre mini-park to be located within the dedicated portion of the Maple Canyon Open Space. Amenities may include walkways, landscaping, seating areas, and public art.",This project will contribute to satisfying the population-based park acreage requirements set forth in the City's General Plan.,200000,0,0,0,0,0,0
2011,Windwood II Mini Park Play Area Upgrades / S11017,282,Park & Recreation,,,,Council District: 1; Community Plan: Carmel Valley,480858,523775,"This project provides for Americans with Disabilities Act upgrades and improvements to the children's play area and path of travel within the park to comply with State and federal safety and accessibility guidelines. This project includes an accessible on-street parking space, curb ramp, site furniture, and accessible play area equipment and surfacing.",This project is needed to upgrade existing site improvements and play area facilities to meet current federal and State safety and accessibility regulations.,42917,0,0,0,0,0,0
2011,Angier Elementary School Joint Use / S00762,283,Park & Recreation,,2013,2013,Council District: 6; Community Plan: Serra Mesa,1730000,2207000,"This project provides for the design and construction of 3.95 acres at Angier Elementary School for joint use facilities to supplement existing park acreage in the Serra Mesa Community. Improvements may include turfed multi-purpose sports fields, multi-purpose courts, walkways, landscaping, and accessibility upgrades.",This project will contribute to satisfying the population-based park acreage requirements set forth in the City's General Plan in an area that is park deficient. The project will provide multi-purpose sports fields and associated infrastructure that will provide the community with safer park conditions.,0,0,477000,0,0,0,0
2011,Balboa Park Arcade / AGF00002,284,Park & Recreation,,,,Council District: Citywide; Community Plan: Citywide,5918156,5918157,"This annual allocation provides for the reconstruction of historic structures in Balboa Park. Projects within this annual allocation include: reconstructing the historic West Arcade along the north side of El Prado between the Museum of Man and Museum of Art; restoring the historic ornamentation on the Museum of Man frontspiece and California Tower; restoring the historic ornamentation on the Museum of Art frontspiece and ten window surrounds; minor repairs to the reconstructed ornamentation on the Casa del Prado building and theater; construction of Phase 1 of the Veterans Memorial Garden on approximately one acre of park land adja­ cent to the Veterans Museum and Memorial Center; and conducting a study of the California Tower for seismic resistance, including construction documents, specifications, and cost estimates for construction.",This project will provide for the reconstruction of historic structures in Balboa Park which will enhance the structures and will increase park user experience.,0,0,0,0,0,0,0
2011,Balboa Park/Morley Field Evaluate & Repair Drain / S10087,285,Park & Recreation,,,,Council District: 3; Community Plan: Balboa Park,50000,50000,"This project provides for evaluation, design and construction to repair a damaged storm drain in the western tennis court area of Morley Field.",The damaged storm drain causes heavy debris flow after rain events into the parking lot of the off-leash dog park. This project is needed to repair the damaged storm drain to prevent future debris flow.,0,0,0,0,0,0,0
2011,Beyer Park Development / S00752,286,Park & Recreation,,,,"Council District: 8; Community Plan: Otay Mesa, San Ysidro",212000,13212000,"This project provides for the acquisition, design, and construction of approximately 12.6 useable acres, out of approximately 43 total acres, for a community and neighborhood park on Beyer Boulevard.",This project provides population-based park acreage in accordance with the City's General Plan standards to accommodate the park and recreational needs of the residents within the Otay Mesa and San Ysidro Communities.,13000000,0,0,0,0,0,0
2011,Birney Elementary School Joint Use / S00678,287,Park & Recreation,,,,Council District: 3; Community Plan: Uptown,1175114,1175114,This project will provide for improvements to the Birney Elementary School Joint Use Field.,The community has a deficit of population based park area according to the Citywide standards. This will add additional recreational area to an underserved community.,0,0,0,0,0,0,0
2011,Breen Park Site Development / S01004,288,Park & Recreation,,,,Council District: 5; Community Plan: Mira Mesa,3440000,3440000,This project provides for developing an approximately 10 acre neighborhood park for recre- ational purposes.,This project will contribute to satisfying the population-based park acreage requirements set forth in the City's General Plan in an area that is park deficient.,0,0,0,0,0,0,0
2011,Cabrillo Heights Neighborhood Park Improvements / S00763,289,Park & Recreation,,,,Council District: 6; Community Plan: Serra Mesa,678000,843000,"This project provides for improvements at Cabrillo Heights Neighborhood Park. Improvements will provide additional active and passive recreational opportunities. Proposed improvements may include: accessible tot lot play equipment, picnic shade structure, picnic tables, drinking fountains, half basketball court, ball field lighting, shade structures at bleachers and pre-fabricated restroom.",This project will contribute to satisfying the population-based park acreage requirements set forth in the City's General Plan. The project will enhance the quality of the Cabrillo Heights Neighborhood Park through a variety of improvements providing the community with a more pleasing park-like atmosphere.,165000,0,0,0,0,0,0
2011,Canyonside Community Park Improvements / S12004,290,Park & Recreation,,2012,2012,Council District: 1; Community Plan: Rancho Penasquitos,0,300000,"This project provides for miscellaneous improvements to serve park users, such as accessibility upgrades to the children's play area, drainage repair at the rear parking lot, and creation of a parking area in the northwest corner to accommodate overflow parking needs at the Canyonside Community Park.",This project will provide upgraded and additional recreation amenities to serve the residents of Rancho Penasquitos which is park-deficient by General Plan standards.,0,300000,0,0,0,0,0
2011,Carmel Mtn Ranch Community Pk Children's Play Area / S01072,291,Park & Recreation,,,,Council District: 1; Community Plan: Carmel Mountain Ranch,506512,506512,"This project provides for the upgrade and replacement of playground equipment at the Carmel Mountain Ranch Community Park, which includes Americans with Disibilities Act (ADA) upgrades such as new walkways, accessible parking spaces, and accessible walkways to existing picnic tables. The new play equipment and rubberized safety surfacing will meet current accessibility and safety standards.",This project will provide much needed playground improvements to meet current code require­ ments and provide safety for users of the park.,0,0,0,0,0,0,0
2011,Carmel Valley Skate Park / S00758,292,Park & Recreation,,,,Council District: 1; Community Plan: Carmel Valley,3210000,3210000,"This project provides for the design and construction of a 33,000 square foot skate park in Car­ mel Valley, which will include a 13,500 square foot skating surface area, a concessions and restroom building, lighting for night-time use, and landscaping. The skate park is proposed to be located on City-owned land.",This project provides additional park improvements within Carmel Valley which will increase the recreational activities available to the community.,0,0,0,0,0,0,0
2011,Carson Elementary School Joint Use / S00646,293,Park & Recreation,,,,Council District: 6; Community Plan: Linda Vista,754662,754662,This project provides for the improvement of approximately 1.8 acres of existing fields at Car­ son Elementary School for joint use purposes. The improvements include turfing for multi-use ball fields and back stops.,This project will contribute to satisfying the population-based park acreage requirements set forth in the City's General Plan.,0,0,0,0,0,0,0
2011,Central Avenue Mini Park Acquisition/Development / S00992,294,Park & Recreation,,,,Council District: 3; Community Plan: City Heights (Mid-City),840000,840000,"This project provides for the acquisition of an approximate 16,000 square foot parcel, remaining from the construction of the Interstate 15 freeway through Mid-City at the corner of Central Avenue and Landis Street, to be developed as a mini park. Amenities may include an open turf area, children's play area, skate park, seating areas, walkways, and security lighting.",This project will contribute to satisfying the population-based park acreage requirements set forth in the City's General Plan to serve residents in this park-deficient community.,0,0,0,0,0,0,0
2011,Chollas Lake Fishing Pier / S10019,295,Park & Recreation,,,,Council District: 4; Community Plan: Eastern Area (Mid-City),260000,260000,This project provides for the replacement of one new accessible fishing pier and the installation of a new accessible trail and improvements to the Lend-A-Rod Station and the new pier from the existing park­ ing lot at Chollas Lake Community Park. The park is located at 6350 College Grove Way in the Mid City-East­ ern Area.,The heavily used park currently does not have a convenient path from the parking lot to the lake for people with disabilities. This project will provide a convenient path and an accessible fishing pier out into the lake.,0,0,0,0,0,0,0
2011,Coastal Erosion and Access / AGF00006,296,Park & Recreation,,,,Council District: Citywide; Community Plan: Citywide,460744,3163146,"This project provides partial funding for coastal infrastructure improvements at 71 sites, from Sunset Cliffs Park to Torrey Pines State Beach, that were identified and prioritized in a 2003 Coastal Erosion Assessment Survey. High priority sites are those that present potential public hazards.",This project provides improvements to coastal erosion sites that present potential public haz­ ards.,2702402,0,0,0,0,0,0
2011,Crown Point Salt Marsh / S00623,297,Park & Recreation,,,,Council District: 2; Community Plan: Mission Bay Park,40000,40000,"This project provides for creating a salt marsh in the newly-constructed wetland habitat area of Crown Point adjacent to the Northern Wildlife Preserve. The project will entail some minor regrading, site preparation and planting of upland habitat in the recently created five-acre wetland habitat area on North Crown Point Shores.",This project is partial mitigation for the shoreline treatment project; remaining balance to be saved for future projects as outlined in the Natural Resource Management Plan adopted by Council in May 1990.,0,0,0,0,0,0,0
2011,Del Mar Mesa Acquisition / S00998,298,Park & Recreation,,,,Council District: 1; Community Plan: Del Mar Mesa,2047994,2047994,This project provides for land acquisition in the Del Mar Mesa community planning area for the Multiple Species Conservation Program (MSCP).,"The MSCP Implementing Agreement, Section 10(a), Take Authorization of the Endangered Species Act, mandates a statutory responsibility on the part of the City to assemble the MSCP preserve. This responsibility includes acquisition of public land to be used for wildlife habitat.",0,0,0,0,0,0,0
2011,Fiesta Island Causeway Parking Lot / S00622,299,Park & Recreation,,,,Council District: 6; Community Plan: Mission Bay Park,25000,25000,This project provides for the design and construction of all-weather surfacing and security light- ing in the existing dirt parking area on the north side of the causeway at the entrance to Fiesta Island off of East Mission Bay Drive.,"The existing undeveloped parking area becomes unusable for park users during and after inclement weather, and the area needs the added security of lighting.",0,0,0,0,0,0,0
2011,Fiesta Island Infrastructure Improvements / S00991,300,Park & Recreation,,,,Council District: 6; Community Plan: Mission Bay Park,3959888,253959888,"This project provides for design and construction of recreational improvements at Fiesta Island consistent with the general development plan and Mission Bay Park Master Plan, including an expanded cause­ way that has been identified as a high priority, turfed multi-purpose areas, parking lots, playgrounds, comfort stations, walkways, a personal watercraft launching and service area, relocation of the sand area, south beach jetty, coastal landscaping, and additional utilities infrastructure.",This project will provide infrastructure necessary to support future recreational facilities.,250000000,0,0,0,0,0,0
2011,Hickman Fields / S00751,301,Park & Recreation,,,,"Council District: 6; Community Plan: Kearny Mesa, Serra Mesa, Clairemont Mesa",1600000,1600000,"This project provides for preparation of a General Development Plan Amendment to enlarge the proposed recreation center and to include an aquatic complex, and to implement Phase I infrastructure improve­ ments, such as irrigation and parking lot upgrades, on a 44-acre athletic area to serve residents within the Kearny Mesa, Clairemont Mesa and Serra Mesa Communities. All Phase I improvements shall be in compli­ ance with federal, State and local accessibility guidelines and regulations.","This project provides park and recreational facilities to serve the needs of existing and proposed residents within the Kearny Mesa, Clairemont Mesa and Serra Mesa Communities in accordance with the City's General Plan Guidelines.",0,0,0,0,0,0,0
2011,Hourglass Field House Parking Areas / S00677,302,Park & Recreation,,,,Council District: 5; Community Plan: Mira Mesa,1330000,1330000,"This project provides for reimbursment to the San Diego Community College District for con­ structing parking areas for public use for visitors to the Hourglass Field House, a joint-use facility with San Diego Miramar College.",This project will contribute to satisfying the population-based park acreage requirements set forth in the City's General Plan.,0,0,0,0,0,0,0
2011,I-15 Cut & Cover/Teralta Neighborhood Park / S00658,303,Park & Recreation,,,,Council District: 3; Community Plan: City Heights (Mid-City),1567992,1567992,"This project provides for the development of a five acre park that includes a children's play area, basketball courts, paved walkways, landscaping, and site furnishings. Phase I, the construction of the park, including a bike path and lighting, is complete. Phase II of the project will include the addition of a comfort sta­ tion to the park and the development of Central Avenue as a pedestrian and bicycle corridor from the park to University Avenue (History Lane).",The approved general development plan for Teralta Park includes a comfort station to serve park users. History Lane will contribute to the north/south bike route through the Mid-City Communities. Children's Mall will contribute toward the community goal of establishing Polk Avenue as a pedestrian corridor.,0,0,0,0,0,0,0
2011,Inspiration Point Precise Plan / S00615,304,Park & Recreation,,,,Council District: 3; Community Plan: Balboa Park,414645,914645,This project provides for the completion of the Inspiration Point Precise Plan which will provide policy direction for future development of approximately 50 acres within this area of Balboa Park.,"Inspiration Point is one of the subareas within Balboa Park for which the 1989 Balboa Park Master Plan mandates a Precise Plan. A draft Precise Plan was prepared by the landscape architectural firm of the The Pekarek Group in 1998 with public input; however, it lacks an Historical Preservation Element required by the Historic Resources Board. Since that time, the Balboa Park Parking Study was completed which impacts the Precise Plan as drafted. To complete the Precise Plan, the document must incorporate both an Historical Preservation Element and the appproved Parking Study recommmendations, as well conduct an environmental reveiw prior to undergoing the approval process.",500000,0,0,0,0,0,0
2011,Joint Use Improvements - Citywide / AGF00003,305,Park & Recreation,,,,Council District: Citywide; Community Plan: Citywide,737705,737705,"This project provides for design and construction of miscellaneous improvements on existing joint use facilities throughout the City. The improvements include replacement and upgrades to turf, irrigation, fencing, and disabled access.","This project will provide necessary improvements per the joint use agreement renewal process. In order to upgrade the joint use facilities to meet current codes, regulations and standards, and to endure another 25 years of use pursuant to the terms of the joint use agreements, improvements have been identified by individual, on-site inspections and cost estimates.",0,0,0,0,0,0,0
2011,Kumeyaay Lake Riparian Restoration / S01008,306,Park & Recreation,,,,Council District: 7; Community Plan: Navajo,88929,88929,This project will restore riparian habitat at the Kumeyaay Lake Campground to enhance the campground use experience and provide wildlife habitat.,This project will enhance the camping experience for park users.,0,0,0,0,0,0,0
2011,Kumeyaay Lakes Berm Restoration and Dredging / S00655,307,Park & Recreation,,,,Council District: 7; Community Plan: Navajo,160000,10000000,This project provides for the dredging of two lakes and reconstruction of a lake berm within the Kumeyaay Lake system at Mission Trails Regional Park.,"A berm that surrounds the lakes was breached during the 1995-96 rainy season. Since that time, the San Diego River's flow has been redirected through the Kumeyaay Lakes, to the detriment of the lakes. Impacts include sedimentation of the lakes, the introduction of exotic invasive aquatic plants and the decline of an adjacent state wetland mitigation site through which the river once flowed. Dredging of the lakes to remove accumulated sediments and unwanted plant materials will restore the health and vitality of the lakes and the adjacent mitigation site, which depends upon a flowing water source.",9840000,0,0,0,0,0,0
2011,La Mirada Elementary School Joint Use Phase II / S00653,308,Park & Recreation,,,,Council District: 8; Community Plan: San Ysidro,164625,164625,"This project provides for the turfing of approximately two acres in Phase I and 1.7 acres in Phase II of undeveloped fields at La Mirada Elementary School. Improvements include a running track, a softball field, an accessible ramp to San Ysidro Activity Center, and relocation of the existing school garden for joint­ use purposes.",This project will contribute to satisfying the population-based park acreage requirements set forth in the City's General Plan.,0,0,0,0,0,0,0
2011,Linda Vista Community Park Picnic Area / S01068,309,Park & Recreation,,,,Council District: 6; Community Plan: Linda Vista,203000,203000,This project provides for a new picnic shelter for the users of the Linda Vista Community Park.,The picnic shelter was identified by the community as an amenity they wanted to add to the park. Park and Recreation staff secured a grant for partial funding.,0,0,0,0,0,0,0
2011,Marshall Elementary School Joint Use Improvements / S10080,310,Park & Recreation,,,,Council District: 7; Community Plan: City Heights (Mid-City),700000,700000,"This project provides for design and construction of approximately 1.46 acres of Marshall Ele­ mentary School for joint use facilities to supplement existing park acreage in the City Heights area of the Mid- City Communities. Improvements may include turfed multi-purpose sports fields, multi-purpose courts, walk­ ways, landscaping, and Americans with Disability Act (ADA)/accessibility upgrades.",This project will contribute to satisfying population-based park acreage requirements set forth in the City's General Plan to serve residents in this park-deficient community.,0,0,0,0,0,0,0
2011,McKinley Elementary School Joint Use Improvements / S12001,311,Park & Recreation,,2012,2012,Council District: 3; Community Plan: Greater North Park,0,1630000,"This project provides for design and construction of approximately 1.2 acres of joint use facili­ ties at McKinley Elementary School to supplement existing park acreage in the Greater North Park Community. Improvements will include natural or synthetic turfed multi-purpose sportsfields, multi-purpose courts, walk­ ways, landscaping and Americans with Disabilities Act (ADA)/accessibility upgrades.",This project will contribute to satisfying population-based park acreage requirements set forth in the General Plan to serve residents in this park-deficient community.,1523000,107000,0,0,0,0,0
2011,Memorial Pool Improvements / S00970,312,Park & Recreation,,,,Council District: 8; Community Plan: Southeastern San Diego,2500000,3000000,"This project provides for the demolition of an existing pool and the design and construction of a new pool. The existing 40 year old pool suffers from deferred maintenance, cracked decking, outdated mechan­ ical systems, and doesn't meet Americans with Disabilities Act (ADA) standards. It will be replaced with a larger pool that meets ADA standards.",This project will address deterioration of the existing pool decking and piping due to age.,500000,0,0,0,0,0,0
2011,Mission Bay Athletic Area Comfort Stn Modernize / S10021,313,Park & Recreation,,,,Council District: 2; Community Plan: Mission Bay Park,200000,400000,This project provides for the removal and replacement of the existing comfort station/concession stand at the Mission Bay Athletic Area. It will also provide an accessible path of travel from Grand Avenue to the comfort station and the center of the ball field complex.,These improvements are necessary to provide Americans with Disibility Act (ADA) accessibil­ ity to the comfort station and concession stand which are not currently accessible..,200000,0,0,0,0,0,0
2011,Mission Bay Improvements / AGF00004,314,Park & Recreation,,,,"Council District: 2, 6; Community Plan: Mission Bay Park",3483886,3483886,"This annual allocation provides for permanent public capital improvements and deferred mainte­ nance of existing facilities in accordance with City Charter, Article V, Section 55.2.","Mission Bay Park, as well as other regional parks, open spaces and coastal beaches, helps define the City's identity, enriches quality of life and serves as a visitor attraction that strengthens the local economy. This regional treasure is threatened by increasing use and a backlog of needed improvements.",0,0,0,0,0,0,0
2011,Mission Bay Park Eel Grass Mitigation / S00612,315,Park & Recreation,,,,Council District: 2; Community Plan: Mission Bay Park,626000,626000,This project provides for eel grass mitigation in Mission Bay.,This project is required to mitigate loss of eel grass in Mission Bay.,0,0,0,0,0,0,0
2011,Mission Bay Park Security Lights / S01013,316,Park & Recreation,,,,Council District: 2; Community Plan: Mission Bay Park,74516,74516,This project will provide security lighting at El Carmel within Mission Bay Park to enhance park user safety.,This project will provide securty enhancement for the users of Mission Bay Park.,0,0,0,0,0,0,0
2011,Mission Trails Regional Park Master Plan Update / S01014,317,Park & Recreation,,,,"Council District: 7; Community Plan: Navajo, Tierrasanta, Rancho Encantada, East Elliott",884829,884829,"This project provides for an update to the 1985 Mission Trails Regional Park (MTRP) Master Development Plan to identify completed capital projects and to guide future expansion, development and pres­ ervation of the park, as well as to provide an environmental document to determine potential impacts. A Natural Resource Management Plan will also be prepared and incorporated into the master plan document to provide park rangers with information and tools to manage the Park's sensitive resources.","MTRP faces numerous challenges and issues due to the high number of vistors and the Park's location within a densely populated area. Extensive recreational use, illegal off-road vehicle activity, erosion, urban runoff, and invasive non-native plants are potential threats to the continued health of the Park's natural resources. The MTRP Natural Resource Management Plan is a part of the implementation task of the City of San Diego's Multiple Species Conservation Program (MSCP). The MSCP was officially adopted on March 18, 1997; The United States Fish and Wildlife Service and the California Department of Fish and Game approved the plan on July 17, 1997.",0,0,0,0,0,0,0
2011,Mission Trails Regional Pk Equest Comfort Station / S01073,318,Park & Recreation,,,,Council District: 7; Community Plan: Navajo,509000,682000,This project provides for a comfort station/service building at the Mission Trails Regional Park Equestrian Staging Area.,The project will provide a needed comfort station at the Mission Trails Regional Park Eques­ trian Staging Area where one does not currently exist.,173000,0,0,0,0,0,0
2011,MissionTrails Regional Park Fire Restoration / S01011,319,Park & Recreation,,,,Council District: 7; Community Plan: Navajo,88143,88143,This project provides for the revegetation of native plants and erosion control in areas burned by the Cedar Fire of 2003.,This project will re-establish native habitat and enhance park user experiences.,0,0,0,0,0,0,0
2011,Ocean Beach CDC - N Ocean Beach Revitalization / S01057,320,Park & Recreation,,,,Council District: 2; Community Plan: Ocean Beach,603961,1103960,"This project provides for streetscape improvements such as hardscape plaza, street trees, orna­ mental lighting, landscaping, sidewalk repairs, bicycle facilities, signage, and Americans with Disabilities Act (ADA) improvements. The first phase of improvements is focused on the area at and adjacent to the intersection of Sunset Cliffs Boulevard and West Point Loma Boulevard, one of the main entries into the Ocean Beach com­ munity.","The North Ocean Beach entryway has been identified as a location for streetscape improve­ ments by Council District 2 and by the community. The goals are to increase safety and security, enhance the community image, and contribute positively to the commercial revitalization of the affected area.",500000,0,0,0,0,0,0
2011,Palisades Park Comfort Station Replacement / S10026,321,Park & Recreation,,,,Council District: 2; Community Plan: Pacific Beach,300000,345000,"This project provides for the removal and replacement of the existing comfort station at Pali­ sades Park at the foot of Law Street in Pacific Beach. Minor grading outside the limits of the building footprint is anticipated due to the improvement of the accessible path from the accessible parking to the comfort station. Major excavations will be carried out for the new retaining walls and building foundations. Because of the lim­ ited work areas, traffic control plans will be required during construction activities which will impact Ocean Boulevard.",These improvements are necessary to provide Americans with Disibilities Act (ADA) accessi­ bility to the comfort station which is not currently accessible and to provide an accessible path of travel from the public way to the new facility.,45000,0,0,0,0,0,0
2011,Park & Recreation Grant Match Funding / AGF00001,322,Park & Recreation,,,,Council District: Citywide; Community Plan: Citywide,431955,431955,"This annual allocation provides for matching fund requirements and other unfunded needs for projects funded with alternative financing, which includes grants and private donations.",Grant match funding greatly enhances the Park and Recreation Department's ability to secure grants and donations to provide funding for projects.,0,0,0,0,0,0,0
2011,Park De La Cruz Acquisition / S01006,323,Park & Recreation,,,,Council District: 3; Community Plan: City Heights (Mid-City),76653,76653,This project provides for the acquisition of additional land at Park de la Cruz which will bring the total park acreage to 9.74 acres.,The project provides for the landscaping and beautification of Park de la Cruz.,0,0,0,0,0,0,0
2011,Park De La Cruz/38th Street Development / S00657,324,Park & Recreation,,,,Council District: 3; Community Plan: City Heights (Mid-City),25000,25000,"This project provides for an approximately 7.16 total useable acre park as a result of the Inter­ state 15 freeway expansion. Phase I improvements are complete and include a children's play area, a playing field, paved walkways, landscaping, and site furnishings on 5.16 acres. Phase II of the project will provide for the design and construction of 2.0 acres of passive park facilities in the 38th Street canyon area of the park. Future phases will include a monument sign, community identification theme element/art, bollards, additional parking on south 38th Street, curb, gutter and sidewalk, and various park amenities. The improvements will comply with current local, State and federal safety and accessibility codes and regulations.",Additonal park acreage and associated infrastructure will provide the community with addi­ tional recreational opportunities and will increase the visual aesthetics of the area.,0,0,0,0,0,0,0
2011,Penasquitos Town Center Linear Park / S01010,325,Park & Recreation,,,,Council District: 1; Community Plan: Rancho Penasquitos,351000,351000,This project will provide for a linear park adjacent to the Rancho Penasquitos Library.,This project will be an enhancement for libary users and the general public.,0,0,0,0,0,0,0
2011,Presidio Park Master Plan / S00993,326,Park & Recreation,,,,Council District: 2; Community Plan: Old San Diego,25000,25000,"This project provides for preparation of a master plan to restore, enhance, and manage the archaeological and historical resources at Presidio Park. Phase I provided for consultant services to oversee a task force of selected professional archaeologists, geologists, and historians who studied the park site and devel­ oped a program that will become the basis for the master plan. Phase II completes the master plan effort.","This master plan will guide the restoration, enhancement, and management of the archaeologi­ cal and historical resources over a 20-year period.",0,0,0,0,0,0,0
2011,Public Roads Supporting Park Access / S00660,327,Park & Recreation,,,,Council District: Citywide; Community Plan: Citywide,50544,50544,This annual allocation provides funding for public roads (citywide) that support park access.,This project is needed to provide funding for public roads (citywide) that support park access.,0,0,0,0,0,0,0
2011,Rancho Penasquitos ADA Requirements / S00671,328,Park & Recreation,,,,Council District: 1; Community Plan: Rancho Penasquitos,906459,906459,This project provides for upgrades to the play area and replacement of playground equipment at Rancho Penasquitos Park.,This project will provide for play area upgrades and replacement of playground equipment to meet current State and federal safety and accessibility requirements.,0,0,0,0,0,0,0
2011,Rancho Penasquitos Skate Park / S12002,329,Park & Recreation,,2012,2012,Council District: 1; Community Plan: Rancho Penasquitos,0,320000,"This project provides for the replacement and upgrade of previously existing wooden skateboard ramps and structures, and installation of shade structures for park users.",This project will provide upgraded and additional recreation amenities to serve the residents of Rancho Penasquitos which is park-deficient by General Plan standards.,0,320000,0,0,0,0,0
2011,Rancho Penasquitos Towne Centre Park Improvements / S12003,330,Park & Recreation,,2012,2012,Council District: 1; Community Plan: Rancho Penasquitos,0,75000,"This project provides for the installation of miscellaneous amenities to serve dog off-leash users, such as a group shade structure and dog drinking fountains, at the Rancho Penasquitos Towne Centre Park.",This project will provide additional recreation amenities to serve the residents of Rancho Penasquitos which is park-deficient by General Plan standards.,0,75000,0,0,0,0,0
2011,Regional Park Improvements / AGF00005,331,Park & Recreation,,2012,2017,Council District: Citywide; Community Plan: Citywide,5685000,20466433,"This annual allocation provides funding for planning and implementation of permanent public capital improvements, including land acquisitions for San Diego regional parks in accordance with City Char­ ter, Article V, Section 55.2.","San Diego's regional park system contains recreation resources unique to the City. Parks such as Balboa Park, Mission Bay Park, Mission Trails Regional Park, Otay River Valley Park, and San Diego River Park, as well as open spaces and coastal beaches, help define the City's identity, enrich the quality of life for res­ idents, and serve as visitor attractions that strengthen the local economy. These regional treasures are threat­ ened by increasing use and a backlog of needed improvements.",0,2281433,2500000,2500000,2500000,2500000,2500000
2011,Roosevelt Middle School / S00761,332,Park & Recreation,,,,Council District: 3; Community Plan: Balboa Park,590000,1190000,"This project provides for the design and construction of joint-use athletic fields at Roosevelt Junior High School. Phase I of the project provides for 1.8 useable acres of joint-use and paved walking path surrounding the field area. Future phases will provide an additional 1.9 useable acres of joint-use artificial turf, joint-use parking, a comfort station, overhead shade structures, and other amenities.",This project will contribute to satisfying the population-based park acreage requirements set forth in the City's General Plan.,600000,0,0,0,0,0,0
2011,San Diego River Park Master Plan / S01001,333,Park & Recreation,,,,"Council District: 6, 7; Community Plan: Mission Valley, Navajo, Tierrasanta, East Elliott",1632000,1632000,"This project provides for the development of a Master Plan, including preparation of an environ­ mental document and an economic analysis for approximately 17 miles of the San Diego River within the City of San Diego.","This project will provide a policy document to guide development, preservation, enhancement and recreation along the river over the next 20 years.",0,0,0,0,0,0,0
2011,San Ysidro Athletic Area & Larsen Field Lighting / S11013,334,Park & Recreation,,,,Council District: 8; Community Plan: San Ysidro,750001,750000,This project provides for the design and construction of lighting systems for the two multi-pur­ pose sports fields at the San Ysidro Athletic Area/Larsen Field.,This project is needed to expand the hours of facility use and its capacity to serve the commu­ nity's residential growth.,0,0,0,0,0,0,0
2011,Sefton Field Improvements / S01012,335,Park & Recreation,,,,Council District: 6; Community Plan: Mission Valley,500000,1000000,"This project provides design and construction of improvements to enhance the 19.3 acre site cur­ rently maintained by the Presidio Little League. The improvements may include walkways, an entry monument, picnic areas, paved parking lots and roadways, landscaping, and irrigation upgrades for the existing athletic fields.",This project will contribute to satisfying population-based park acreage requirements set forth in the City's General Plan in a community currently deficient in population-based parks per General Plan Guide­ lines,500000,0,0,0,0,0,0
2011,Sewer Lateral Replacement for Balboa Park / S00619,336,Park & Recreation,,,,Council District: 3; Community Plan: Balboa Park,423507,423507,This project provides for permanent public capital improvements and deferred maintenance of existing facilities in Balboa Park in accordance with Ordinance 0-19113 and Municipal Code section 22.0229.,"Balboa Park, as well as open spaces and coastal beaches, helps define the City's identity, enriches quality of life and serves as a visitor attraction that strengthens the local economy. This regional trea­ sure is threatened by increasing use and a backlog of needed improvements.",0,0,0,0,0,0,0
2011,Sixth Avenue Playground Improvements / S00616,337,Park & Recreation,,,,Council District: 3; Community Plan: Balboa Park,120000,2000000,This project will replace an existing playground within Balboa Park's West Mesa along Sixth Avenue. It will include necessary improvements to comply with the American's with Disabilities Act.,The existing playground equipment has reached the end of its useful life and needs to be replaced. A majority of the existing playground is not accessible to people with disabilities. This project will bring the playground into conformance with current standards.,1880000,0,0,0,0,0,0
2011,Southcrest Trails (252 Corridor Pk Imp - Ph2) Park / S01071,338,Park & Recreation,,,,Council District: 8; Community Plan: Southeastern San Diego,1600000,1600000,"This project provides for design and construction of an approximate 5.8 gross acre, 2.0 usable acre, neighborhood park in the Southcrest Neighborhood of the Southeastern Community Plan Area. Improve­ ments may include picnic shelters, children's play area, hardcourts, walkways, fencing, amphitheater, open turf areas, security lighting, and site furnishings.",This project provides for additional park land in an extremely park deficient area.,0,0,0,0,0,0,0
2011,Sub Area II Recreational Feasibility Study / S00675,339,Park & Recreation,,,,Council District: 1; Community Plan: N Cty Future Urbanizing Area - Subarea 2,60000,60000,This project studied the feasibility of providing the community with additional recreational fields.,Proposed area for recreational fields was found to be infeasible due to environmental and cost concerns.,0,0,0,0,0,0,0
2011,Sunshine Berardini Fields / S00759,340,Park & Recreation,,,,Council District: 4; Community Plan: City Heights (Mid-City),84113,684113,"This project provides for a general development plan and design and development of the Sun­ shine Berardini Fields. The proposed improvements may include a comfort station, playground area, picnic area and amenities, landscaping, security and sports lighting, accessible parking and walkway, pedestrian bridge, ball field upgrades, and habitat restorations as part of the Chollas Creek Enhancement Program.",This project contributes to satisying the population-based park acreage requirement set forth in the City's General Plan.,600000,0,0,0,0,0,0
2011,Taylor Street Slope Reconstruction / S00676,341,Park & Recreation,,,,Council District: 2; Community Plan: Old San Diego,669958,669958,This project provides for the reconstruction of a failed slope at the northeastern end of Presidio Park along Taylor Street.,This project is needed to stabilize the slope to prevent further deterioration and damage to Tay- lor Street. State and federal grants have been authorized for this project and will reimburse the General Fund upon completion of construction.,0,0,0,0,0,0,0
2011,Tierrasanta Skate Park / S00997,342,Park & Recreation,,,,Council District: 7; Community Plan: Tierrasanta,25000,5000000,This project provides for the design and construction of a skateboard park within the Tierrasanta Community Planning Area at a location to be determined later.,This project provides for additional recreational opportunities in the community.,4975000,0,0,0,0,0,0
2011,Torrey Pines City Park General Development Plan / S01015,343,Park & Recreation,,,,Council District: 1; Community Plan: University,500000,500000,"This project provides for the preparation of a General Development Plan and associated environ­ mental review for 44.0 acres of the 447.0 gross acre park located off North Torrey Pines Road. The General Development Plan will incorporate the Glider Port Leasehold and will provide guidance for the development and protection of the park's sensitive habitat and historic attributes. Amenities may include passive use areas, viewing platforms, access road, public parking lot, trail, beach access and accessibility improvements, two new public comfort stations and park signage.","This project is required pursuant to a settlement agreement between the City and the Coastal Law Enforcement Action Network for violations resulting from unapproved on-site grading activities by the Lessee. Additionally, the park site is located in a community deficient in parks and recreational facilities per the City's General Plan.",0,0,0,0,0,0,0
2011,Treena Mesa Joint Use Sports Field / S00971,344,Park & Recreation,,,,Council District: 5; Community Plan: Scripps Miramar Ranch,3500000,3500000,This project provides for the design and construction of 7.0 acres of lighted multi-sports fields at a location west of Treena Street on San Diego Unified School District-owned property. This project will require a joint-use agreement between the City of San Diego and the San Diego Unified School District.,This project will contribute to satisfying the population-based park acreage requirements set forth in the City's General Plan.,0,0,0,0,0,0,0
2011,Vista Terrace Tot Lot Park / S00766,345,Park & Recreation,,,,Council District: 8; Community Plan: San Ysidro,451617,451617,This project provides for upgrades to the Vista Terrace Park playground area and path of travel.,This project will upgrade the existing play area to ensure compliance with current State safety regulations and State and federal accessibility guidelines.,0,0,0,0,0,0,0
2011,Wegeforth Elementary School Joint Use / S00764,346,Park & Recreation,,,,Council District: 8; Community Plan: Serra Mesa,1992000,1992000,"This project provides for the design and construction of approximately four acres at Wegeforth Elementary School for joint-use facilities to supplement existing park acreage in the Serra Mesa Community. Phase I joint-use improvements may include turfed multi-purpose sports fields, multi-purpose courts, walk­ ways, landscaping, and accessibility upgrades. Phase II improvements may include a comfort station.",This project will contribute to satisfying the population-based park acreage requirements set forth in the City's General Plan.,0,0,0,0,0,0,0
2011,Westview Park Shade Structure / S01066,347,Park & Recreation,,,,Council District: 5; Community Plan: Mira Mesa,50000,50000,This project provides for the installation of six triangular shade sails with a center flag pole and six pennant standards over the children's play area.,This project will increase the enjoyment of the play area by park users.,0,0,0,0,0,0,0
2011,Windansea Erosion Control Plan / S00656,348,Park & Recreation,,,,Council District: 1; Community Plan: La Jolla,650000,650000,"This project provides for beach access and parking lot improvements, and protection of cliffs and beaches through storm drain erosion control at Windansea Beach. The improvements will be completed in phases as funding becomes available. Phase I includes the construction of three sets of stairs. Phase II includes parking lot and drainage improvements. Future phases may be necessary to address the protection of cliffs and beaches through storm drain erosion control.","This project will provide stairs to the beach, coastal bluff stability, improve storm water protec­ tion through upgrades to the existing storm drain systems, and parking lot improvements.",0,0,0,0,0,0,0
2011,Azalea Neighborhood Park / S00756,349,Park & Recreation,,,,"Council District: 3; Community Plan: City Heights, City Heights (Mid-City)",163828,163828,"This project provides for the design and construction of an Americans with Disabilities Act (ADA) compliant picnic area, with picnic shelter, picnic tables and seats, barbecues, hot coal containers, and an accessible path of travel.",This project will provide accessible park facilities in a community deficient in parks and recre- ational facilities per the General Plan Guidelines.,0,0,0,0,0,0,0
2011,Camino Ruiz Neighborhood Park Improvements / S00665,350,Park & Recreation,,,,Council District: 5; Community Plan: Mira Mesa,6690885,6690885,"This project provides for development and construction of the Camino Ruiz Neighborhood Park. Phase I of this project is complete and provided for the development of an approximately ten useable-acre neighborhood park located south of Penasquitos Canyon at the intersection of Camino Ruiz and Calle Cristobal, including a comfort station, parking lot, and other park amenities. Phase II provides for the development of a multi-use trail from the park to Los Penasquitos Canyon Preserve. A trail head located within the park will pro­ vide an information kiosk for users since the trail will be located within the County's Multiple Species Conser­ vation Program (MSCP) and the City's Multiple Habitat Protection Area (MHPA).",This project will contribute to satisfying the population-based park acreage requirements set forth in the City's General Plan.,0,0,0,0,0,0,0
2011,Camino Ruiz Trail / S00666,351,Park & Recreation,,,,Council District: 5; Community Plan: Mira Mesa,49362,49361,This project provides for the development of a multi-use trail in conjunction with the Camino Ruiz Neighborhood Park which is located south of Penasquitos Canyon.,This project will provide additional recreational facilities for the community.,0,0,0,0,0,0,0
2011,Carmel Valley Neighborhood Park #8 / S00642,352,Park & Recreation,,,,Council District: 1; Community Plan: Carmel Valley,4960000,6139350,"This project provides for acquiring and developing a four useable acre neighborhood park in Carmel Valley. Amenities may include a play area, picnic facilities, open turf area, and landscaping. Frontage road improvement will be provided by another project.",This project will provide the community with additional recreational opportunities as well enhance the visual quality of the area.,1179350,0,0,0,0,0,0
2011,Cypress Canyon Neighborhood Park - Phase 2 / S10046,353,Park & Recreation,,,,Council District: 5; Community Plan: Scripps Miramar Ranch,2384466,2384466,This project provides for Phase II of the plan to develop a 12 useable acre neighborhood park. Approximately eight useable acres were developed in 1991 as part of Phase I. This phase calls for the develop­ ment of an additional four useable acres.,This project provides population-based park acreage in accordance with the City's General Plan standards to accommodate the park and recreational needs of the residents within the Cypress Canyon Subdivi­ sion.,0,0,0,0,0,0,0
2011,Dailard Neighborhood Park-Play Area Upgrades / S10028,354,Park & Recreation,,,,Council District: 7; Community Plan: Navajo,400000,400000,"This project provides for the design and construction of accessibility upgrades and improve- ments to the children's play area and to the park site, including accessible paths of travel to meet current acces- sibility standards.",This project is needed to upgrade existing site improvements and play area facilities to meet current federal and State safety and accessibility regulations.,0,0,0,0,0,0,0
2011,Del Mar Mesa Neighborhood Park / S00648,355,Park & Recreation,,,,Council District: 1; Community Plan: Del Mar Mesa,3400000,4150000,"This project provides for the acquisition, design and construction of a four useable acre neigh­ borhood park to serve the Del Mar Mesa population. Improvements will include turf for active and passive rec­ reation, a children's play area, and a prefabricated comfort station.",This project will contribute to satisfying the population-based park requirements set forth in the City's General Plan.,750000,0,0,0,0,0,0
2011,Del Mar Trails Park Play Area Upgrades / S11016,356,Park & Recreation,,,,Council District: 1; Community Plan: Carmel Valley,596366,596366,"This project provides for Americans with Disabilities Act (ADA) upgrades and improvements to the children's play area and path of travel within the park to comply with State and federal safety and accessibil­ ity guidelines. This project includes an accessible on-street parking space, curb ramp, site furniture, and acces­ sible play area equipment and surfacing.",This project is needed to upgrade existing site improvements and play area facilities to meet current State and federal safety and accessibility regulations.,0,0,0,0,0,0,0
2011,Dennery Ranch Neighborhood Park / S00636,357,Park & Recreation,,2015,2015,Council District: 8; Community Plan: Otay Mesa,2000956,5201956,"This project provides for acquisition, design, and construction of a nine useable acre park site in the Otay Mesa Community Plan and the Dennery Ranch Precise Plan areas. The park may include a multi-pur­ pose court, restroom, children's play area, picnic area and facilities, open turf area, staging area, and trail with connectivity to the Otay Valley Regional Park.",This project provides population-based park acreage in accordance with the City's General Plan standards to accommodate the park and recreational needs of the residents within the Dennery Ranch Subdivi­ sion.,0,0,0,0,3201000,0,0
2011,Dingeman School/Spring Canyon Neighborhood Park / S01067,358,Park & Recreation,,,,Council District: 5; Community Plan: Miramar Ranch North,56074,56074,"The project provides for improvements on the turf multi-sports areas at the Spring Canyon Park. Improvements include replacing irrigation sprinkler heads for more uniformity, bringing in top soil and laser leveling entire multi-sports turfed areas to fill in low spots and provide better drainage, and place Bermuda sto­ lens to fill in bare and worn areas for a safer playing area.",Improvements to the turf multi-sports areas at the Spring Canyon Park is needed due to exces­ sive use from youth and adult groups from a variety of sports. Improvements will provide for a safer playing area for the community.,0,0,0,0,0,0,0
2011,Fairbrook Neighborhood Park - Acquisition / S01002,359,Park & Recreation,,,,Council District: 5; Community Plan: Scripps Miramar Ranch,420000,420000,This project provides for land acquisition of approximately three useable acres for a neighbor­ hood park south of Pomerado Road in the Scripps Miramar Ranch area.,This project provides population-based park acreage in accordance with the City's General Plan standards to accommodate the park and recreational needs of the residents within the Fairbrook Subdivision.,0,0,0,0,0,0,0
2011,Fairbrook Neighborhood Park Development / S01083,360,Park & Recreation,,,,Council District: 5; Community Plan: Scripps Miramar Ranch,2400000,2400000,"This project provides for development of an approximately three useable acre neighborhood park south of Pomerado Road in the Scripps Miramar Ranch area, adjacent half-width street improvements, and utilities to serve the park.",This project provides population-based park acreage in accordance with the City's General Plan standards to accommodate the park and recreational needs of the residents within the Fairbrook Subdivision.,0,0,0,0,0,0,0
2011,Gompers Neighborhood Park- Play Area Upgrades / S11030,361,Park & Recreation,,,,Council District: 4; Community Plan: Southeastern San Diego,490000,1090000,"This project provides for Americans with Disabilities Act (ADA) upgrades and improvements to the children's play area, path of travel, and comfort station within the park to comply with State and federal safety and accessibility guidelines. Phase I will include Americans with Disabilities Act upgrades to the path of travel, including the comfort station. Phase II will include improvements to the children's play area.","This project is needed to upgrade existing site improvements and play area facilities to meet current federal and State safety and accessibility regulations, and will serve the needs of existing and future res­ idents.",600000,0,0,0,0,0,0
2011,Gonzales Canyon Neighborhood Park / S00994,362,Park & Recreation,,,,Council District: 1; Community Plan: Pacific Highlands Ranch,5800000,5800000,"This project provides for the acquisition, design and construction of a five useable acre neigh­ borhood park adjacent to a planned elementary school in the Gonzales Canyon area of the Pacific Highlands Ranch Community. Park amenities will include a multi-purpose turf sports field, a children's play area, multi­ purpose courts, picnic facilities, security lighting, landscape, and a comfort station.",This project provides population-based park acreage in accordance with the City's General Plan standards to accommodate the park and recreational needs of the residents within the Gonzales Canyon area of Pacific Highlands Ranch Subdivision.,0,0,0,0,0,0,0
2011,Hidden Trails Neighborhood Park / S00995,363,Park & Recreation,,,,Council District: 8; Community Plan: Otay Mesa,2420000,3100000,"This project provides for the acquisition, design and construction of a four useable acre neigh­ borhood park serving the Otay Mesa Community. Amenities may include an open turfed area and children's play area, as well as off-site improvements to serve the park.",This project provides population-based park acreage in accordance with the City's General Plan standards to accommodate the park and recreational needs of the residents within the Hidden Trails Subdivi­ sion.,680000,0,0,0,0,0,0
2011,Home Avenue Park / S00673,364,Park & Recreation,,2012,2012,Council District: 4; Community Plan: City Heights (Mid-City),600000,3800000,"This project provides for the design and construction of a new neighborhood park, enhance­ ments to Chollas Creek, and associated traffic improvements on Home Avenue for pedestrian crossing.",This project will contribute to satisfying the population-based park acreage requirements set forth in the City's General Plan.,600000,2600000,0,0,0,0,0
2011,Kellogg Park Play Area Improvements / S00974,365,Park & Recreation,,,,Council District: 1; Community Plan: La Jolla,182000,182000,This project provides for the installation of new playground equipment and resiliant surface in existing play area.,Improvements to the play area will increase enjoyment for users.,0,0,0,0,0,0,0
2011,Maddox Neighborhood Park Playground Upgrades / S10086,366,Park & Recreation,,,,Council District: 5; Community Plan: Mira Mesa,546000,546000,This project provides for the design and construction/installation for the upgrade/replacement of existing playground equipment at Maddox Neighborhood Park and all associated Americans with Disabilities Act and drainage improvements required to comply with all State and federal accessibility guidelines and City standards.,"The Americans with Disabilities Act (ADA) of 1995 requires that children's play areas provide like facilities for all children regardless of physical ability. This includes equipment, as well as a resilient sur­ facing which is accessible to persons with disabilities. This project will also upgrade the children's play areas to be fully compliant with current State safety regulations and federal ADA requirements.",0,0,0,0,0,0,0
2011,Mira Mesa Community Park-Expansion & Aquatic Compl / S00667,367,Park & Recreation,,2013,2014,Council District: 5; Community Plan: Mira Mesa,13850000,20850000,"This project provides for developing approximately 11 usable acres of the former Carroll School park site across the street from Mira Mesa Community Park. Amenities include a comfort station and ballfields. The Mira Mesa Community Park will also be upgraded to include a pool complex, improved recreation center, and skate plaza. The street between the two sites will include parking and street calming. This project will be phased as funding becomes available. Phase I includes the ballfields and street calming. Phase II includes the pool complex and skate plaza. Phase III includes recreation center improvements.",This project will contribute to satisfying the population-based park acreage requirements set forth in the City's General Plan.,0,0,3500000,3500000,0,0,0
2011,Montclair Neighborhood Park Play Area / S10027,368,Park & Recreation,,,,Council District: 3; Community Plan: Greater North Park,345000,345000,"This project provides for the design and construction of a children's play area, and all associated Americans with Disabilities Act (ADA)/Title 24 requirements to comply with all State and federal accessibility guidelines and City standards.",This project replaces and upgrades the children's play area in which the play equipment was destroyed by an automobile accident.,0,0,0,0,0,0,0
2011,Montgomery Waller Community Park / S00754,369,Park & Recreation,,,,Council District: 8; Community Plan: Otay Mesa - Nestor,1120000,1120000,"This project provides for lighting and park improvements at the Montgomery-Waller Commu­ nity Park. Phase I of this project provides for the addition of lighting to the existing multi-purpose softball, soc­ cer, and football field. Phase II will replace the comfort station.",This project will provide needed facilities to expand the hours of use at the park and provide safer access for park users.,0,0,0,0,0,0,0
2011,Mountain View Neighborhood Park Area Upgrades / S11019,370,Park & Recreation,,,,Council District: 4; Community Plan: Southeastern San Diego,775000,775000,"This project provides for Americans with Disabilities Act (ADA) upgrades and improvements to the children's play area and path of travel within the park to comply with State and federal safety and accessibil­ ity guidelines, and will serve the needs of existing and future residents.",This project is needed to upgrade existing site improvements and play area facilities to meet current federal and State safety and accessibility regulations.,0,0,0,0,0,0,0
2011,Rancho Encantada Neighborhood Park #1 / S10122,371,Park & Recreation,,,,Council District: 7; Community Plan: Rancho Encantada,1100000,1100000,This project provides for acquisition and development of a neighborhood park in the Rancho Encantada Community consisting of approximately eight useable acres.,"This park will be located in the core of the community. In accordance with the City of San Diego's ""Progress Guide and General Plan,"" new development is to provide 2.4 acres of park land improvement for every 1,000 people. With an estimated population of 3,328, the required park acreage would be eight acres. The project meets this requirement. The park has been prepared with the concept that it is centrally located, therefore accessible for bicyclists and pedestrians and is planned to include both active and passive activities. At 2.4 acres per 1,000 population, this park site satisfies the acreage requirements for this community as set forth in the general plan.",0,0,0,0,0,0,0
2011,Rancho Encantada Park #2 / S00652,372,Park & Recreation,,2012,2014,Council District: 7; Community Plan: Rancho Encantada,1753000,3002000,"This project provides for development of approximately six acres for a neighborhood park to include active and passive uses, parking lot, playground, comfort station and lighted ball fields.",This park will provide additional amenities above the the population-based park acreage requirements set forth in the City's General Plan due to an extraordinary benefits agreeement.,0,154000,13000,1082000,0,0,0
2011,Ridgewood Neighborhood Park Playground / S00672,373,Park & Recreation,,,,Council District: 1; Community Plan: Rancho Penasquitos,2458,2458,This project will bring the children's play area at Ridgewood Neighborhood Park into compli­ ance with Americans with Disabilities Act (ADA) standards and requirements.,"The Americans with Disabilities Act (ADA) of 1995 requires that children's play areas provide like facilities for all children, regardless of physical ability. This includes equipment, as well as a resilient sur­ facing, which is accessible to persons with disabilities.",0,0,0,0,0,0,0
2011,Riviera Del Sol Neighborhood Park / S00999,374,Park & Recreation,,,,Council District: 8; Community Plan: Otay Mesa,3550000,3550000,This project provides for land acquisition and development of a 4.9 useable acre neighborhood park at a site located in the Riviera del Sol Subdivision.,This project provides population-based park acreage in accordance with the City's General Plan standards to accommodate the park and recreational needs of the residents within the Riviera del Sol Subdivi­ sion.,0,0,0,0,0,0,0
2011,Silver Wing Neighborhood Park Sports Fld & Sec Lgt / S11051,375,Park & Recreation,,,,Council District: 8; Community Plan: Otay Mesa - Nestor,295000,725000,This project provides for the design and construction of multi-purpose sports fields and security lighting systems at the Silver Wing Neighborhood Park. The project will be phased with Phase I consisting of the lighting systems' design. Subsequent phases will be implemented as funding becomes available.,"This project is needed to expand the hours of facility use and its capacity to serve the commu­ nity's residential growth, and will provide a more secure facility.",430000,0,0,0,0,0,0
2011,Sunroad Neighborhood Park - Development / S10048,376,Park & Recreation,,2012,2012,Council District: 6; Community Plan: Kearny Mesa,20000,210000,"This project provides for the design and construction of an approximately two acre public neigh­ borhood park within the Kearny Mesa Community. Improvements may include amenities such as children's play area, open turf area, walkways, picnic facilities, site furnishings, landscaping and security lighting and all associated Americans with Disabilities Act (ADA)/Title 24 requirements to comply with all State and federal accessibility guidelines and City standards.",This project will contribute to satisfying population-based park acreage requirements set forth in the City's General Plan and the Site Development Permit to serve the new residents to be generated by the Sunroad Centrum residential development. This project is a turn-key project to be implemented by the Sunroad developer pursuant to an approved park development agreement.,0,190000,0,0,0,0,0
2011,Torrey Highlands Neighborhood Park North / S00650,377,Park & Recreation,,,,Council District: 1; Community Plan: Torrey Highlands,5550000,5550000,"This project provides for the acquisition, design and construction of a five useable acre neigh- borhood park to serve the northern area of the Torrey Highlands community, including half-width street improvements.",This project will contribute to satisfying the population-based park acreage requirements set forth in the City's General Plan.,0,0,0,0,0,0,0
2011,Torrey Highlands Neighborhood Park South / S00651,378,Park & Recreation,,2012,2012,Council District: 1; Community Plan: Torrey Highlands,3816389,7150000,"This project provides for the acquisition, design and construction of a five useable acre neigh­ borhood park in Torrey Highlands adjacent to a proposed elementary school, including half-width street improvements and a comfort station.",This project will contribute to satisfying the population-based park acreage requirements set forth in the City's General Plan.,0,3333611,0,0,0,0,0
2011,Torrey Highlands Park Play Area Upgrades / S11020,379,Park & Recreation,,,,Council District: 1; Community Plan: Carmel Valley,602072,940377,"This project provides for Americans with Disabilities Act upgrades and improvements to the children's play area and path of travel within the park to comply with State and federal safety and accessibility guidelines. This project includes an accessible on-street parking space, curb ramp, site furniture, and accessible play area equipment and surfacing.",This project is needed to upgrade existing site improvements and play area facilities to meet current State and federal safety and accessibility regulations.,338305,0,0,0,0,0,0
2011,University Gardens Neighborhood Park Tot Lot / S00645,380,Park & Recreation,,,,Council District: 1; Community Plan: University,256615,256615,This project provides for the upgrade of the play area and replacement of playground equipment.,"This project will provide a play area, which is fully compliant with current State safety regula­ tions and State and federal accessibility requirements.",0,0,0,0,0,0,0
2011,Views West Neighborhood Park ADA Upgrades / S10031,381,Park & Recreation,,,,Council District: 1; Community Plan: Rancho Penasquitos,625000,625000,"This project provides for Americans with Disabilities Act (ADA) accessibility upgrades and improvements to the park site and to the children's play area. The project will provide for accessible paths of travel within the park, upgrades to the comfort station and concession stand, upgrades to existing site furnish­ ings, and upgrades to the parking area. This project upgrades both play areas to meet current accessibility stan­ dard by providing new play equipment, safety surfacing, and upgrades seating near the play areas.",This project is needed to upgrade existing site improvements and play area facilities to meet current federal and State safety and accessibility regulations.,0,0,0,0,0,0,0
2011,Walker Neighborhood Park Playground Upgrades / S10092,382,Park & Recreation,,,,Council District: 5; Community Plan: Mira Mesa,310000,310000,This project provides for the design and construction/installation for the upgrade/replacement of existing playground equipment at Walker Neighborhood Park and all associated Americans with Disabilities Act (ADA) and drainage improvements required to comply with all State and federal accessibility guidelines and City standards.,"The Americans with Disabilities Act (ADA) of 1995 requires that children's play areas provide like facilities for all children regardless of physical ability. This includes equipment, as well as a resilient sur­ facing which is accessible to persons with disabilities. This project will also upgrade the children's play areas to be fully compliant with current State safety regulations and Federal ADA requirements.",0,0,0,0,0,0,0
2011,Wightman Street Neighborhood Park / S00767,383,Park & Recreation,,,,Council District: 7; Community Plan: Eastern Area (Mid-City),686000,3049000,This project provides for the design and development of Wightman Street Neighborhood Park on 0.9 acres of parkland. The park development will also include the implementaton of the Chollas Creek Enhancement Program for Auburn Creek which is located on site.,This project will contribute to satisfying the population-based park acreage requirements set forth in the City's General Plan.,2363000,0,0,0,0,0,0
2011,Black Mountain Park Survey & Management Plan / S00670,384,Park & Recreation,,,,Council District: 1; Community Plan: Rancho Penasquitos,140000,140000,This project provides for preparation of a cultural and historical resources survey and manage- ment plan in Black Mountain Open Space Park.,The survey and management plan will be used to guide the management and interpretation of Black Mountain Open Space Park's cultural and historical resources.,0,0,0,0,0,0,0
2011,Crest Canyon Resource Management Plan / S10067,385,Park & Recreation,,,,Council District: 1; Community Plan: Torrey Pines,75000,75000,"This project provides for the completion of an existing biology report, a literature review, data collection, and formulation of Area Specific Management Directives to manage the Multiple Species Conserva- tion Program (MSCP) covered species within Crest Canyon.",This project will provide a management framework for sensitive resources within the plan area.,0,0,0,0,0,0,0
2011,Florida Canyon Drainage & Trail Improvements / S00770,386,Park & Recreation,,,,Council District: 3; Community Plan: Balboa Park,357000,357000,This project provides for Florida Canyon drainage and trail improvements and exotic plant removal.,This project will provide erosion prevention in Florida Canyon by removing the exotic plant material and improving the drainage. This project will also improve existing trails within the canyon.,0,0,0,0,0,0,0
2011,Mission Trails Regional Park Cowles Mountain Trail / S10065,387,Park & Recreation,,,,"Council District: 7; Community Plan: Navajo, Tierrasanta",400000,400000,"This project provides for design, engineering, construction, and installation of structures, as well as the rehabilitation and installation of appropriate material to re-establish approximately 2,000 linear feet of existing trail. This project will supplement the existing and increasing recreational activities of hikers and the increase of sensitive resource impacts caused by hikers leaving the official trail. When completed, this trail rehabilitation will improve safety and reduce or eliminate loss of sensitive natural resources due to visitor use and erosion. Improvements will include minimal pruning and hand crew installation of materials. No grading will be done; however, some hand tool manipulation of existing soils may occur. This project will also provide funding to improve existing Americans with Disabilities Act (ADA) facilities at the trailhead at Golfcrest Drive and Navajo Road. The remainder of this trail is not ADA accessible.",This project will benefit the community by increasing safety for hikers and protect sensitive natural and cultural resources.,0,0,0,0,0,0,0
2011,Mission Valley Preserve Habitat Enhancement / S00755,388,Park & Recreation,,,,Council District: 6; Community Plan: Mission Valley,550000,550000,"This project provides for the enhancement of 4.22 acres within the Mission Valley Preserve by eradicating non-native vegetation and replanting native plants. The project area is located west of Interstate 5, west of the trolley line, north of Interstate 8 and south of the San Diego River.",This project will enhance the riparian habitat of the San Diego River for native flora and fauna preservation and public enjoyment.,0,0,0,0,0,0,0
2011,Multiple Species Conservation / S01076,389,Park & Recreation,,,,Council District: 1; Community Plan: Citywide,13809880,30849353,This project provides for acquiring property in support of the Multiple Species Conservation Program (MSCP).,"The Multiple Species Conservation Program (MSCP) Implementing Agreement, Section 10(a), Take Authorization of the Endangered Species Act, mandates a statutory responsibility on the part of the City to assemble the MSCP preserve. This responsibility includes public land acquisition to be used for wildlife habitat.",17039472,0,0,0,0,0,0
2011,Open Space Improvements / AGG00001,390,Park & Recreation,,,,Council District: Citywide; Community Plan: Citywide,1224803,1224803,"This project provides for developing public facilities within the City's resource-based open space parks. Improvements may include rehabilitation of Cowles Mountain Trail, drainage improvements within Tecolote Open Space, San Diego River improvements, Arizona Landfill reclamation test plot, and North Chollas Open Space enhancement.","This project is needed to preserve and enhance the City's open space areas. Enhancement may include removal of exotic, invasive and non-native plant material and re-vegetation with native plants of the areas susceptible to erosion.",0,0,0,0,0,0,0
2011,Otay Valley Regional Park / S00769,391,Park & Recreation,,,,Council District: 8; Community Plan: Otay Mesa - Nestor,200000,2750000,"This project provides for design and construction of the regional staging area in Otay Valley Regional Park and may include grading, drainage, utiltities, restroom, security lights, interpretive kiosk, horse corals, a project sign, drinking fountain, and trails for hiking, biking, and equestrian users.","This project will provide equestrian, hiking, and biking infrastructure and access to the Otay Valley Regional Park.",2550000,0,0,0,0,0,0
2011,Sunset Cliffs Natural Park Hillside Improvements / S10091,392,Park & Recreation,,,,Council District: 2; Community Plan: Peninsula,700000,2600000,"This project will complete improvements to the hillside portion of the Sunset Cliffs Natural Park, consisting of final project design documents, environmental review and construction documents. Future phases of this project may include construction of trails, habitat restoration, erosion control, removal of houses within the park, and the removal and return to natural vegetation of the softball field.","This project is needed to preserve and enhance the Sunset Cliffs Natural Park, one of the unique coastal environments in San Diego County. The project begins the implementation of the Sunset Cliffs Natural Park Master Plan which was approved in 2005.",1900000,0,0,0,0,0,0
2011,Chollas Community Park / S00654,393,Park & Recreation,,,,"Council District: 4, 7; Community Plan: Eastern Area (Mid-City)",2923900,29267867,"This project provides for the design and development of North Chollas Community Park, located on College Grove Drive midway between 54th Street and College Avenue. Phase I improvements con­ sist of a sports field, parking area, access road, tot lot, and comfort station with concession area. Future phases may include additional sports and multi-purpose fields, a play area, basketball courts, picnic areas, additional parking areas, creek enhancement, trails, a gymnasium, and a dog off-leash area.",This project will provide a park and athletic facility to serve the greater community. The sur­ rounding area is not currently served by a community park and the region is deficient in sports facilities and open park areas.,26343967,0,0,0,0,0,0
2011,Gonzales Canyon Resource Management Plan / S10068,394,Park & Recreation,,,,Council District: 1; Community Plan: Pacific Highlands Ranch,200000,200000,"This project provides for the completion of an existing biology report, a literature review, data collection, and formulation of Area Specific Management Directives to manage the Multiple Species Conserva- tion Program (MSCP) covered species within Gonzales Canyon.",This project will provide a management framework for sensitive resources within the plan area.,0,0,0,0,0,0,0
2011,Mission Bay/Fiesta Island Development Plan / S00624,395,Park & Recreation,,,,"Council District: 2, 6; Community Plan: Mission Bay Park",420000,420000,This project provides for the refinement and design development of the general development plan for Fiesta Island as proposed in the Mission Bay Park Master Plan Update.,"General development plan refinement and design development prior to preparation of construc- tion documents for Fiesta Island development, which will implement the recommendations of the Mission Bay Master Plan Update.",0,0,0,0,0,0,0
2011,Old Mission Dam Preservation / S00611,396,Park & Recreation,,,,"Council District: 7; Community Plan: Navajo, Tierrasanta",1262335,1262336,"This project provides for dredging behind the Old Mission Dam for the purpose of removing silt buildup, the required mitigation and monitoring program, and obtaining the necessary permits for long term preservation measures.",This project will protect the structural integrity of the historic dam and improve water quality within the San Diego River.,0,0,0,0,0,0,0
2011,Otay Valley Fenton Pond RecreationTrail / S00753,397,Park & Recreation,,,,Council District: Citywide; Community Plan: Otay Mesa,209605,209605,This project provides for an accessible trail in Otay Valley Regional Park from the Beyer Stag- ing Area around Fenton Pond.,This project will provide for increased recreational opportunities in Otay Valley Regional Park.,0,0,0,0,0,0,0
2011,Otay Valley Regional Park-Beyer Blvd Staging Area / S00638,398,Park & Recreation,,,,Council District: 8; Community Plan: Otay Mesa - Nestor,2500396,2500396,"This project provides for the first staging area in Otay Valley Regional Park and will include hiking trails, a ranger station and related amenities.",This project will provide access to the Otay Valley Regional Park.,0,0,0,0,0,0,0
2011,Resource-Based Open Space Parks / AGE00001,399,Park & Recreation,,,,Council District: Citywide; Community Plan: Citywide,1488059,1488059,"This annual allocation provides for developing public facilities within the City's resource-based (Parks to Population Ratio - approximately 20 acres/1,000 people, Population Based: 2.8 acres, Resource Based/Open Space: 16.0 acres, Athletic Areas/Mini Parks: 1.6 acres) open space parks, including Los Penasqui­ tos Canyon Preserve, Mission Trails Regional Park, Marian Bear Memorial Park, Tecolote Canyon Natural Park, Otay Valley Regional Park, Rose Canyon and other open space parks such as Black Mountain. Other open space systems may be included as additional acquisitions are completed.","The City's open space acquisitions have resulted in increased interest by citizens, elected repre­ sentatives, and government agencies in commencing development of open space public facilities, which are consistent with open space concepts such as trails, signs, historic site improvements, picnic facilities, and entry points.",0,0,0,0,0,0,0
2011,Sunset Cliffs Natural Park Drainage Study / S00674,400,Park & Recreation,,,,Council District: 2; Community Plan: Peninsula,555000,555000,"This project provides for a study to identify and analyze drainage and erosion issues at Sunset Cliffs National Park, recommend solutions, and provide environmental review of the recommendations.",Drainage and erosion improvements to the park are recommended in the Peninsula Community Plan and the Sunset Cliffs Natural Park Master Plan.,0,0,0,0,0,0,0
2011,Del Mar Mesa Central Multi Use Trail / S00890,401,Park & Recreation,,,,Council District: 1; Community Plan: Del Mar Mesa,161000,161000,"This project provides for the construction of a four-foot wide, one mile long multi-use trail, extending easterly from the northerly section of Carmel Mountain Road through the Lorenz Parcel, then south­ erly into Penasquitos Canyon.",This project provides additional recreational opportunities in Del Mar Mesa.,0,0,0,0,0,0,0
2011,Del Mar Mesa Northern Hiking/Equestrian Trail / S00892,402,Park & Recreation,,,,Council District: 1; Community Plan: Del Mar Mesa,386000,386000,"This project provides for an eight-foot wide hiking and equestrian trail, 8,000 feet long, extend­ ing northerly from the Carmel Mountain Road and Del Mar Mesa Road intersection area, then westerly in the developable area along open space. The trail will continue to the westerly end of Del Mar Mesa Road. This project also includes improvements to a 1,000-foot long existing trail that extends northerly into Carmel Valley Neighborhood 8.",This project provides additional recreational opportunities in Del Mar Mesa.,0,0,0,0,0,0,0
2011,Del Mar Mesa Southern Multi-Use Trail / S00889,403,Park & Recreation,,,,Council District: 1; Community Plan: Del Mar Mesa,110300,260300,"This project provides for a surfaced eight-foot wide multi-use trail, 2,000 feet long, extending southerly from the end of Del Mar Mesa Road, crossing the Meadows Del Mar entry road. The trail will branch westerly to connect to the wildlife crossing under Carmel Country Road, and easterly to connect to the Shaw Valley and Neighborhood 10 trails in Carmel Valley.",This project provides additional recreational opportunities.,150000,0,0,0,0,0,0
2011,Hiking & Equestrian Trail Neighborhood Park #10 / S00722,404,Park & Recreation,,,,Council District: 1; Community Plan: Carmel Valley,620600,620600,This project provides for a multi-use trail connection from Del Mar Mesa to Carmel Valley.,"The construction of the identified trails or trail connections will contribute to completion of connectivity with the existing City and regional trail system, providing benefits to the community, including increased recreational opportunities, protection of senstive natural resources, and alternate transportation oppor­ tunities to residents and visitors.",0,0,0,0,0,0,0
2011,Hiking & Equestrian Trails - Eastern Region / S00891,405,Park & Recreation,,,,Council District: 1; Community Plan: Del Mar Mesa,229300,229300,"This project provides for the construction of an unimproved multi-use trail, 8,000 feet long extending easterly from the end of Z Street to the San Diego Gas and Electric (SDG&E) easement. The trail will continue southerly within the easement into Penasquitos Canyon.",This project provides additional recreational opportunities in Del Mar Mesa.,0,0,0,0,0,0,0
2011,Mission Trails Regional Park Trail Realignments / S10066,406,Park & Recreation,,,,"Council District: 7; Community Plan: Navajo, Tierrasanta",215000,215000,"This project provides for design, engineering and construction of approximately 5,000 linear feet of new (realignment) trail and rehabilitation of approximately 3,500 linear feet of existing trail. This is to supplement existing and increased recreational activity of all visitor user groups (hikers, bikes, equestrian) and to stabilize and protect sensitive habitat and natural resources currently impacted by poor trail alignment. Improvements will include vegetation pruning and trimming, as well as hand crew manipulation of soils for best location of trails that will meet City Trail Standards (safety and sustainability). Locations of these trail realignments have been roughly engineered on-site but will require environmental review and approval. No grading is anticipated. No trails in this area are Americans with Disabilities Act (ADA) accessible and this realignment would not provide (ADA) opportunities due to lack of access.",New realignment will provide for improved safety to vistors and protection of sensitive resources.,0,0,0,0,0,0,0
2011,North Park/Main Street Sidewalk Improvements / S10040,407,Park & Recreation,,,,Council District: 3; Community Plan: Greater North Park,200000,200000,The project provides for the replacement of existing red sidewalk and decorative tile pavement along 30th Street and University Avenue near the Main Street area of North Park.,"The project will replace existing red sidewalk and decorative tiles that are cracked, deterio­ rated, and missing.",0,0,0,0,0,0,0
2011,Del Mar Terrace Street Improvements / S10038,408,Park & Recreation,,2012,2017,Council District: 1; Community Plan: Torrey Pines,585000,1300000,This project will provide for the resurfacing and slurry sealing of residential streets within the Del Mar Terrace Maintenance Assessment District (MAD). Additional improvements may include upgrades to asphalt berms and curb and gutter installation where needed.,This project is an identified improvement in the Del Mar Terrace Maintenance Assessment Dis­ trict which includes slurry seal maintenance every five years and resurfacing every 15 years.,0,65000,65000,65000,65000,65000,390000
2011,Talmadge Street Improvements / S00820,409,Park & Recreation,,,,Council District: 3; Community Plan: Kensington - Talmadge (Mid-City),281357,281357,"This project provides for streetscape and lighting improvements within the Talmadge Mainte­ nance Assessment District (MAD). A prior phase of this project landscaped the traffic circle located at 49th Street, Adams Street, and Lorraine Drive. The current phase will install decorative street lighting throughout the neighborhood in conjunction with a utility undergrounding project. The MAD is divided into two zones (east and west). Ornamental lighting improvements are planned for Zone 1 (east). Upgrades and improvements to the existing lighting infrastructure are planned for Zone 2 (west). Companion projects are S00976, S00977, and S00978.","This project will enhance nighttime illumination, which should increase resident safety in Tal­ madge. Decorative elements in the lights will increase neighborhood identification and pride.",0,0,0,0,0,0,0
2011,Bird Rock Median Lighting / S11007,410,Park & Recreation,Trans - Roadway - Enhance,,,Council District: 1; Community Plan: La Jolla,229000,229000,This project will provide for the lighting of medians located within the Bird Rock Maintenance Assessment District.,Median street lighting will provide illumination of planting and trees within Bird Rock along La Jolla Boulevard. Street lighting within the boundaries of the Bird Rock Maintenance Assessment District is an identified improvement in accordance with the Assessment Engineer's Report.,0,0,0,0,0,0,0
2011,Camino Santa Fe Median Improvements / S10037,411,Park & Recreation,Trans - Roadway - Enhance,2012,2017,Council District: 5; Community Plan: Mira Mesa,180000,510000,This project provides for the renovation and replacement of existing asphalt medians with stamped concrete medians.,This project is an identified improvement in the Camino Santa Fe Maintenance Assessment District (MAD). The existing medians are old and damaged and in need of renovation or replacement.,0,30000,30000,30000,30000,30000,180000
2011,Carmel Country Road Median Improvements / S10039,412,Park & Recreation,Trans - Roadway - Enhance,,,Council District: 1; Community Plan: Carmel Valley,175000,175000,This project provides for the installation of landscaping and accompanying stamped concrete to an unimproved median along Carmel Country Road.,The benefit of this project is to improve the visual quality and integrity of the street medians through street and landscaping improvements.,0,0,0,0,0,0,0
2011,Convert RB Medians-Asphalt to Concrete / L12000,413,Park & Recreation,Trans - Roadway - Enhance,2012,2012,Council District: 5; Community Plan: Rancho Bernardo,0,135673,This project provides for the conversion of asphalt medians to concrete medians along various roadways in the Rancho Bernardo community. Initial locations include medians along Pomerado Road near the intersection with Rancho Bernardo Road.,The community has requested streetscape improvements to major arterial corridors within Ran­ cho Bernardo. This project allows certain medians to be enhanced by replacing deteriorating asphalt with deco­ rative stamped concrete.,0,135673,0,0,0,0,0
2011,El Cajon Boulevard Streetscape Improvements / S00826,414,Park & Recreation,Trans - Roadway - Enhance,2012,2012,"Council District: 3, 7; Community Plan: Normal Heights (Mid-City), Kensington - Talmadge (Mid-City), City Heights, North",930000,2807800,"This project provides for streetscape improvements which include the installation of street lights and replacement of sidewalks, curbs, and gutters along El Cajon Boulevard from Louisiana Street east to 54th Street.",The El Cajon Boulevard revitalization project began as a part of the Mid-City Commercial Revitalization Program which was originally funded by a Community Development Block Grant and TransNet. This project will continue the approved design along additional commercial blocks using funding from the El Cajon Boulevard Maintenance Assessment District (MAD). The MAD Assessment Engineer's Report identifies streetscape improvements including street lighting as an improvement within the project area.,1517800,360000,0,0,0,0,0
2011,Pomerado Rd Median Improvements-n/o of R Bernardo / S10035,415,Park & Recreation,Trans - Roadway - Enhance,2012,2017,Council District: 5; Community Plan: Rancho Bernardo,219750,643111,This project provides for the renovation and replacement of existing asphalt medians along Pomerado Road between Greens East Road/Paseo Del Verano to Oaks North Drive with landscape improve­ ments and accompanying stamped concrete at various locations.,This project will enhance the appearance of the corridor through the replacement of deteriorat­ ing medians.,0,175000,49672,49672,49672,49672,49673
2011,Pomerado Rd Median Improvements-s/o R Bernardo R d / S10034,416,Park & Recreation,Trans - Roadway - Enhance,,,Council District: 5; Community Plan: Rancho Bernardo,216954,548921,This project provides for replacement of the asphalt paving around existing landscaped medians at various locations along Pomerado Road south of Rancho Bernardo Road.,Existing medians are deteriorating and are in need of repairs. Median improvements will enhance the visual quality of the area.,331967,0,0,0,0,0,0
2011,Rancho Bernardo Road Streetscape / S12006,417,Park & Recreation,Trans - Roadway - Enhance,2012,2012,Council District: 5; Community Plan: Rancho Bernardo,0,50000,"This project provides for improvements to the streetscape in the median along Rancho Bernardo Road, including replacement of brick pavers, decorative hardscape, and low water use demonstration planting projects. Funding is provided for two initial projects. The first will improve the median at the interchange of Interstate 15 and Rancho Bernardo Road, including removal and replacement of brick pavers in the median. The second project will convert landscaping from turf to a drought tolerant palette at a pilot location along the median strip.",The medians along Rancho Bernardo Road were built in the late 1960's and are in need of refreshing. The existing brick median is deteriorating. Existing turf medians may use more water than other landscaping applications; this project intends to reduce water usage.,0,50000,0,0,0,0,0
2011,Rancho Bernardo Westwood Soundwall / S10033,418,Park & Recreation,Trans - Roadway - Enhance,,,Council District: 5; Community Plan: Rancho Bernardo,100000,100000,This project provides for landscape infrastructure to irrigate native plant material within the north public right-of-way along Rancho Bernardo Road from west of West Bernardo Drive to just north of Mat­ inal Road near an existing soundwall. This project may also include landscape enhancements.,Installation of a landscape infrastructure would provide for a permanent water source to ensure the viability of native plants.,0,0,0,0,0,0,0
2011,Rancho Penasquitos Monument Signs / S10032,419,Park & Recreation,Trans - Roadway - Enhance,2012,2012,Council District: 1; Community Plan: Rancho Penasquitos,117000,186475,This project provides for five permanent monument signs to be located in center medians throughout the Rancho Penasquitos community. The monument signs will read Welcome to Rancho De Los Penasquitos and may include faux rocks and solar lighting.,The existing monument signs need to be replaced because the signs have been destroyed or damaged by vehicle accidents.,0,69475,0,0,0,0,0
2011,Switzer Canyon/30th Street Bridge Enhancement Prgm / S10054,420,Park & Recreation,Trans - Roadway - Enhance,2012,2017,Council District: 3; Community Plan: Greater North Park,10000,230000,"This project provides for bridge landscaping, hardscape, tree planting, signage, sidewalk, median, design of traffic calming devices, and pedestrian safety features for the Switzer Canyon/30th Street Bridge.","This project provides for a variety of improvements within the boundaries of the Greater North Park Maintenance Assessment District (MAD), which will provide visual neighborhood enhancements and sup­ port commercial revitalization.",175000,5000,5000,5000,5000,5000,20000
2011,Talmadge Historic Gates / L12001,421,Park & Recreation,Trans - Roadway - Enhance,2012,2017,Council District: 3; Community Plan: Mid-City: Kensington — Talmadge,0,563101,This project provides for the restoration of existing Talmadge Historic Gates and installation of new gates along sidewalks in the Talmadge neighborhood. Funding in Fiscal Year 2012 provides for restoration of existing gates only; additional funds in future years will provide for installation of new gates at other loca­ tions throughout the neighborhood.,The neighborhood of Talmadge is defined by historic gates located along the south side of Monroe Avenue at intersecting streets. These gates have been in existence for decades and are in need of resto­ ration. Some are in danger of failing due to corrosion and decay. The Fiscal Year 2012 allocation will provide for the restoration of these existing gates. Future phases in upcoming years will provide for installation of new gates that have been removed over the years or never were installed.,0,113101,45000,45000,45000,45000,270000
2011,Torrey Highlands Community ID and Enhancement / S11009,422,Park & Recreation,Trans - Roadway - Enhance,2012,2012,Council District: 1; Community Plan: Torrey Highlands,150000,175000,This project provides for community identification signage and enhancements within the Torrey Highlands Maintenance Assessment District (MAD).,This project is consistent with the Torrey Highlands Maintenance Assessment District Assess­ ment Engineer's Report and will provide signage to identify the boundaries of the community.,0,25000,0,0,0,0,0
2011,Torrey Hills SDG&E Easement Enhancement / S11006,423,Park & Recreation,Trans - Roadway - Enhance,2012,2012,Council District: 1; Community Plan: Torrey Hills,300000,441000,This project will provide for an enhancement of an easement area located under San Diego Gas and Electric (SDG&E) power transmission lines at the southwest corner of East Ocean Air Drive and Corte Mar Asombrosa within the Torrey Hills Maintenance Assessment District.,"The community desires enhanced, natural planting at this location that would be similar to the other planted areas in Torrey Hills.",0,141000,0,0,0,0,0
2011,Welcome to Rancho Bernardo Signs / S10036,424,Park & Recreation,Trans - Roadway - Enhance,2012,2012,Council District: 5; Community Plan: Rancho Bernardo,10000,55367,This project provides for replacement of the destroyed identification sign located on Rancho Bernardo Road east of Interstate 15 and west of Bernardo Center Drive within the Rancho Bernardo Commu­ nity.,This project is an identified improvement in the Rancho Bernardo Maintenance Assessment District. The existing sign was destroyed in a vehicle accident and is in need of replacement. The Rancho Ber­ nardo MAD Citizen's Advisory Committee has approved full funding for this project to replace this sign (using proceeds from the insurance settlement).,0,45367,0,0,0,0,0
2011,Mission Hills Historic Street Lighting / S11008,425,Park & Recreation,,2012,2012,Council District: 2; Community Plan: Uptown,156243,367486,"This project would provide for the procurement, installation of decorative, acorn style, street lighting within the Mission Hills Historic Street Lighting Maintenance Assessment District.",This project is an identified improvement in the Mission Hills Historic Street Lighting Mainte­ nance Assessment District.,0,211243,0,0,0,0,0
2011,Talmadge Decorative Streetlight Restoration / S00978,426,Park & Recreation,,,,Council District: 3; Community Plan: Mid-City: Kensington — Talmadge,231800,231800,This project provides for upgrades and improvements to the existing lighting infrastructure in Zone 2 (West) of the Talmadge Maintenance Assessment District.,This project provides for improvements within the boundaries of the Talmadge Maintenance Assessment District which will provide visual neighborhood enhancements.,0,0,0,0,0,0,0
2011,Talmadge Streetscape & Lighting Zone 1E / S00976,427,Park & Recreation,,,,Council District: 3; Community Plan: Kensington - Talmadge (Mid-City),622923,622923,This project provides for ornamental street lights within Zone 1 (East) of the Talmadge Mainte­ nance Assessment District (MAD).,This project provides for improvements within the boundaries of the Talmadge Maintenance Assessment District which will provide visual neighborhood enhancements.,0,0,0,0,0,0,0
2011,Talmadge Streetscape & Lighting Zone 2W / S00977,428,Park & Recreation,,,,Council District: 3; Community Plan: Kensington - Talmadge (Mid-City),44486,44486,This project will provide for ornamental street lights within Zone 2 (West) of the Talmadge Maintenance Assessment District.,This project provides for improvements within the boundaries of the Talmadge Maintenance Assessment District which will provide visual neighborhood enhancements.,0,0,0,0,0,0,0
2011,Central Area Police Substation / S00694,434,Police,Bldg - Pub Safety - Police Fac,,,Council District: 8; Community Plan: Barrio Logan,936000,936000,"This project provides for a 5,000 square foot expansion at the Central Area Police Sub-station to provide for additional office space for the Crime Lab Expansion and the relocation of police units from the Police Headquarters.","This project provides 5,000 square feet of office space for additional personnel within the Police Department and was funded with grant funding from the State Office of Justice, in December of 2001.",0,0,0,0,0,0,0
2011,Police Headquarters Cogeneration Repower Project / S10131,435,Police,Bldg - Pub Safety - Police Fac,2012,2012,Council District: 2; Community Plan: Centre City,950000,983085,This project will replace existing engines and system components necessary to provide for sys- tem reliability.,This project will provide the facility with more reliable power during emergency operation events.,0,33085,0,0,0,0,0
2011,Police Range Refurbishment / S10118,436,Police,Bldg - Pub Safety - Police Fac,2012,2012,Council District: 3; Community Plan: City Heights,0,4046734,"This project willl provide for the repair, replacement and maintenance of the existing police shooting range located on Federal Boulevard. The project includes the demolition of dilapidated bullet back stops, removal of lead contaminated soil berms, hauling of excess soil off site, drainage improvements, installa­ tion of retaining walls and the installation of new bullet recovery systems.",This project will provide for the repair and maintenance of the existing police shooting range.,2223870,1822864,0,0,0,0,0
2011,Public Safety Training Institute / S00816,437,Police,Bldg - Pub Safety - Police Fac,,,Council District: 2; Community Plan: Peninsula,505000,505000,"The City Council approved a Joint Powers Authority between the City of San Diego, County of San Diego and San Diego Community College District for the development, financing and administration of the Regional Public Safety Training Institute (RPSTI). This project provides for an Emergency Vehicle Operations Course (EVOC) training facility in the Camp Nimitz area of the former Naval Training Center. The Naval Training Center Reuse Plan, approved by the Department of the Navy and City Council, set aside 24.7 acres for the purpose of a public safety training facility. The City's projected share of the total cost of the project will be funded jointly by the San Diego Fire-Rescue and Police Departments.","The expansion of the campus at Miramar College has required the relocation of law enforce­ ment training, specifically the EVOC, to QUALCOMM Stadium. Construction of an EVOC will allow for con­ sistent training of all emergency responders countywide.",0,0,0,0,0,0,0
2011,North City Raw Sludge & Water Cathodic Upgrade / S00318,440,Public Utilities,,,,Council District: 1; Community Plan: University,552499,552499,"This project provides for a new impressed current cathodic protection system to prevent external corrosion on the 36-inch reclaimed water pipeline, the 16-inch blended sludge pipeline, and the 20-inch centrate pipeline, between the North City Water Reclamation Plant (NCWRP) and the Metro Biosolids Center (MBC). The new system will replace an existing galvanic anode cathodic protection system.",The existing cathodic protection system for these pipelines is inadequate and does not provide satisfactory corrosion protection to the pipelines. The new system will fully protect the pipelines and prevent any corrosion related sewer spills.,0,0,0,0,0,0,0
2011,Pt Loma-South Access Road Protection Project / S00316,441,Public Utilities,,2017,2017,Council District: 2; Community Plan: Peninsula,351698,736698,This project provides for continued access to the Point Loma Wastewater Treatment Plant (PLWTP) investigating and if necessary implementing options to mitigate erosion at two sea coves adjacent to the plant's access road.,The treatment plant has only one access road as granted by the federal government and this project is needed to ensure continued access.,0,0,0,0,0,0,385000
2011,Wet Weather Storage Facility / S00314,442,Public Utilities,,2013,2017,"Council District: 1, 2, 6; Community Plan: University, Clairemont Mesa, Mission Bay Park, Peninsula",2991626,87304513,"This project includes the implementation of the Live Stream Discharge of reclaimed water from the North City Reclamation Plant during heavy rain events to reduce the capacity demand on the downstream sewer system and facilities. This project also includes constructing a seven million gallon Underground Storage Tank at Liberty Station (vacated Naval Training Center) to provide hydraulic relief to Pump Station 2, the South and North Metro Interceptors, and the major trunk sewers.","The facility will reduce the risk of potential wet weather overflows, which may be caused by the capacity limitation of the Metro Pump Station 2 during extreme rainfall events.",0,0,2700000,4407911,14213094,36960000,26031882
2011,Alvarado Water Quality Lab Roof Replacement / S00311,443,Public Utilities,,,,Council District: 7; Community Plan: Navajo,394894,394894,"This project provided for the removal and replacement of approximately 58,000 square feet of roofing, installation of California Title 24 roof coating, the removal and installation of HVAC ductwork at the water chemistry and industrial waste unit offices and the installation of miscellaneous sheet metal and flashing.",These improvements were needed to repair a leaking and deteriorated roofing system.,0,0,0,0,0,0,0
2011,EM&TS Esplanade and Steam Line Relocation / S00319,444,Public Utilities,,2013,2014,Council District: 2; Community Plan: Peninsula,234253,2018535,"This project provides for design and construction of a boat dock, an esplanade (park) within an approximately 1.25 acre parcel located between the existing Public Utilities laboratory and adjacent boat chan­ nel, as well as under-grounding approximately 600 feet of an above ground steam line situated along the boat channel.","A 40,000 square foot ocean monitoring laboratory was constructed and is now in operation. As a part of the Public Benefit Conveyance of this property, Public Utilities is required to construct a boat dock and to fund a portion of the esplanade improvements along our frontage. To gain future unobstructed access to the boat dock within the adjacent boat channel, and to provide unobstructed access to the future esplanade, the existing steam line must be underground. Public Utilities currently leases boat dock space at Driscoll's Wharf, and this project would eliminate this ongoing expense.",0,0,1497884,286398,0,0,0
2011,Metropolitan System Pump Stations / ABP00002,445,Public Utilities,,,,Council District: Citywide; Community Plan: Citywide,14174901,14174901,"This annual allocation provides for comprehensive upgrades, design modifications, and renova- tions or replacement of equipment such as pumps, valves, tanks, controls, odor control systems, etc. at Metro- politan System Pump Stations (Pump Stations 1, 2, Otay River and Grove Avenue).",These improvements will allow pump stations to run more efficiently and increase the reliabil- ity of the Metropolitan Wastewater System.,0,0,0,0,0,0,0
2011,NCWRP Sludge Pump Station Upgrade / S00309,446,Public Utilities,,,,Council District: 5; Community Plan: University,707096,707096,This project provides for the correction of a vibration problem at the North City Water Reclama­ tion Plant (NCWRP) Sludge Pump Station.,"Excessive vibration of the pump and flywheel contribute to wear and tear of equipment. The vibration also generates tremendous heat. The excessive vibration and heat can cause premature failure of equipment, impact operational efficiency and have structural impacts at the facility.",0,0,0,0,0,0,0
2011,PS2 Power Reliability & Surge Protection / S00312,447,Public Utilities,,2012,2016,Council District: 2; Community Plan: Midway - Pacific Highway,878281,31230000,This project will remove two existing natural gas reciprocating engines and install of two 4.6 megawatt (MW) natural gas turbine generators and one 206 kilowatt (kW) diesel startup generator at Pump Sta­ tion 2. The two existing engine drives will be replaced with new electric motors. This new configuration will provide the required surge protection against an electrical utility outage and comply with Environmental Protec­ tion Agency (EPA) recommendation of standby power for essential facilities.,"Sewer Pump Station 2 currently has three feeds from San Diego Gas and Electric (SDG&E). Two of the feeds are fed from the same substation. An existing agreement between the Public Utilities Depart­ ment and SDG&E limits a maximum of two pumps per utility feed under normal operating conditions and three pumps per utility feed under emergency conditions, in the event that one or two utilities have failed. Therefore, losing two of the three utility feeds the pump station has 5 pumps available, three electric pumps and two engine driven pumps. EPA guidelines recommend that facililities like Pump Station 2 be equipped with two separate and independent sources of electrical power provided from either two separate utility substations or from a sin­ gle substation and a plant base generator. The current pump station electrical configuration does not comply with the EPA recommendations. Besides satisfying the EPA guidelines, it is also required that force main surge protection be provided at all times during pump station operation and in the event of a total power failure. In essence, the proposed alternative will provide the required force main surge protection and will comply with the EPA recommendations.",0,250000,1901719,5000000,20000000,3200000,0
2011,Pump Station 64 Electrical Upgrades / S00307,448,Public Utilities,,,,Council District: 1; Community Plan: University,239200,239200,This project provides modifications to the existing 2400 volt electrical distribution equipment to improve reliability of the pump station operations. This project will replace/upgrade key switchgear equipment and provide power monitoring equipment to better control station electrical demand and respond to electrical system emergencies.,Recent electrical system failures have indicated problems with the current electrical system. An investigation will determine what upgrades are needed to improve the overall reliability of the electrical system.,0,0,0,0,0,0,0
2011,"Pump Station 64,65, Penasquitos, E Mission Gorge / ABP00003",449,Public Utilities,,2012,2017,Council District: Citywide; Community Plan: Citywide,3486040,5009440,"This annual allocation provides for the comprehensive upgrades, design modifications, and major/minor renovations or replacement of equipment, such as pumps, valves, tanks, controls, and odor control systems at the pump stations.",These improvements will allow the pump stations to run more efficiently and increase the reli- ability of the Municipal Wastewater System.,0,1173400,0,0,0,0,350000
2011,Pump Station 84 Upgrade & Pump Station 62 Abandon / S00308,450,Public Utilities,,2012,2013,"Council District: 1, 5; Community Plan: Rancho Bernardo, Rancho Penasquitos",3520850,10352750,This project provides for the elimination of Sewer Pump Station 62 through the installation of various pipelines and the upsizing of the existing Sewer Pump Station 84.,This project is needed to optimize the sewage system and to eliminate Sewer Pump Station 62.,0,3926100,2905800,0,0,0,0
2011,Pump Station Restorations / ABP00001,451,Public Utilities,,2013,2017,Council District: Citywide; Community Plan: Citywide,24039773,28601877,This annual allocation provides for the replacement of deteriorated pumping equipment and/or pipeline appurtenances.,"Many existing sewer pump stations have reached or exceeded their anticipated service life of 40 years. However, because of the widely varying actual lengths of service life, the scheduling for pump station restorations is difficult. This project allows flexibility in replacing deteriorated pumping equipment.",0,0,256946,805158,1500000,1000000,1000000
2011,Pump Station Upgrades Group I North County / S00303,452,Public Utilities,,,,Council District: Citywide; Community Plan: Citywide,19411097,19411097,"This project provides for the upgrade of 23 pump stations, divided into four groups, located throughout San Diego. The upgrades involve providing new and backup pumps and motors, new control pan­ els, new generators, redundant force mains, underground storage tanks, and miscellaneous civil work.","This project will provide for the upgrading of deteriorated pump stations, improvement of the level of service to the residents of San Diego, and compliance with regulatory agencies by reducing the impact of sewer spills.",0,0,0,0,0,0,0
2011,Sewer Pump Station 41 Rehabilitation / S00337,453,Public Utilities,,,,"Council District: 2, 6; Community Plan: Mission Bay Park",8877871,8877871,"This project provides for constructing a new pump station, emergency overflow storage struc­ ture, and 2,800 linear feet of primary and secondary force main to be primarily located in the right-of-way. The project includes the abandonment of the original pump station and existing force main currently located within the recreational space of Mission Bay Park.",The existing pump station and force main were built in 1953 and have exceeded their service life. The project's goal is to restore and improve the reliability of the pump station and bring it up to current standards and regulations. This project is mandated by the Environmental Protection Agency.,0,0,0,0,0,0,0
2011,Sewer Pump Station 79 / S00338,454,Public Utilities,,,,"Council District: 1; Community Plan: Los Penasquitos Canyon Preserve (RPQ), Fairbanks Ranch Country Club",5202463,5202463,"This project provides for the installation of 8,230 feet of 12-inch force main and upgrading of the existing pump station pumps and electrical equipment.",This project will provide for upgrading the pump station to City standards and increase the pump station capacity.,0,0,0,0,0,0,0
2011,CIP Bond Issuance Reserve / S00342,455,Public Utilities,,,,Council District: Citywide; Community Plan: Citywide,5000000,5000000,This project provides an emergency financial reserve for Wastewater Fund capital improvement projects.,This reserve is required to comply with the stipulation from Bond Counsel.,0,0,0,0,0,0,0
2011,MBC Biosolids Storage Silos / S00322,456,Public Utilities,,2012,2013,Council District: 7; Community Plan: Non City,3257760,8707993,This project provides for two additional biosolid storage silos (numbers 9 and 10).,"When a silo is out of service, silo storage capacity is frequently exceeded. In order to accom­ modate such events and to restore adequate silo capacity, it is essential to build two more storage silos.",0,5294557,155676,0,0,0,0
2011,MBC Centrate Collection Upgrades / S00321,457,Public Utilities,,,,Council District: 7; Community Plan: Non City,2219495,2219495,This project provides for converting the existing foul air ducting into dual-use headers for cen­ trate and foul air collection and will increase the size of the existing centrate collection headers.,This project replaces the foul air header ducts at the centrifuges to a material that will handle both centrate and foul air. These improvements will provide a bypass pipeline for the centrate flow during addi­ tional improvements. The additional improvements will upgrade the undersized centrate collection headers for future larger centrate flows and prevent on-going centrate backups into the foul air duct headers and damage to the centrifuges.,0,0,0,0,0,0,0
2011,MBC Dewatering Centrifuges Replacement / S00339,458,Public Utilities,,2013,2016,Council District: 7; Community Plan: Non City,436837,10663257,This project provides for the replacement of six of the eight existing dewatering centrifuges with six larger capacity units to handle larger future biosolids flows. The existing units are also near the end of their useful life.,"This project will increase the production capacity of the dewatering centrifuges to accommo­ date plant shutdowns for maintenance and construction, to accommodate future flows, and to address diverse types of constraining operational factors that limit current capacity. To achieve the required capacity, the exist­ ing dewatering centrifuge units must be replaced with larger units.",0,0,2833335,1744668,3148417,2500000,0
2011,MBC Odor Control Facility Upgrades / S00323,459,Public Utilities,,2013,2014,Council District: 7; Community Plan: Non City,2025080,5126049,This project provides for upgrading the odor control system fans and ducting to reduce system headlosses and improve overall foul air collection efficiency at the various process areas. Access platforms will also be installed at monitoring instruments and damper locations. This project will be implemented in three phases.,"Several areas at the Metro Biosolids Center (MBC) have been identified to cause significant odor problems due to foul air collection deficiencies because of insufficient fan capacity and high headlosses, including poorly located foul air collection registers. Installing access platforms at the monitoring instruments and air volume control dampers will provide safe and timely access for operation and maintenance needs.",0,0,1471151,1629818,0,0,0
2011,Metro Facilities Control Systems Upgrade / L10000,460,Public Utilities,,2012,2013,"Council District: 2, 5; Community Plan: University, Peninsula",13220034,14553218,"This project provides for replacement and upgrade of existing control systems at various Metropolitan Wastewater treatment and pump station facilities. These include the Metro Biosolids Center (MBC), North City Water Reclamation Plant (NCWRP), and Point Loma Water Treatment Plant (PLWTP).",This project is needed to provide replacement of existing control systems at various facilities. The existing control systems are microprocessor/computer-based. The life cycle of these sys­ tems is seven to ten years. Replacement will also provide an upgrade in technology. The change in technology will provide the facilities with greater control system capabilities and are essential for future facility expansion.,0,700000,633184,0,0,0,0
2011,Metro Treatment Plants / ABO00001,461,Public Utilities,,2013,2017,"Council District: 1, 2, 8; Community Plan: Peninsula, University, Tijuana River Valley",14144336,23566890,"This annual allocation provides for renovation or replacement of facilities at Metro Treatment Plants - Point Loma Wastewater Treatment Plant (PLWTP), North City Water Reclamation Plant (NCWRP), South Bay Water Reclamation Plant (SBWRP) and Metro Biosolids Center (MBC).","Various facilities require replacement due to increasing wastewater flows and to be compliant with current regulatory requirements. Since the start-up period, several projects will be required within these facilities to enhance or maintain operation. This annual allocation will be considered an enhancement to the facility and does not include operation and maintenance.",0,0,3922555,2500000,1000000,1000000,1000000
2011,North City Water Reclamation Plant - EDR Enclosure / S00340,462,Public Utilities,,,,Council District: 5; Community Plan: University,240000,240000,This project will provide an enclosure around the Electro Dialysis Reversal (EDR) at the North City Water Reclamation Plant (NCWRP) to prevent harmful ultraviolet rays and coastal high salinity environ­ mental levels from attacking existing equipment.,"When the EDR was constructed, it was supposed to be a temporary facility with no enclosure. As a result, the EDR's cartridge filters, pumps, piping and other associated equipment are currently open to the environment and therefore are prone to ultraviolet light attack and a high salinity environment. The EDR enclo­ sure will prevent equipment from prematurely failing due to ultraviolet light attack.",0,0,0,0,0,0,0
2011,North City Water Reclamation Plant EDR Upgrade / S00324,463,Public Utilities,,,,Council District: 1; Community Plan: University,1041513,1041513,"This project provides for the upgrade of the electro dialysis reversal (EDR) equipment at the North City Water Reclamation Plant including valves, piping, electrical conduits, pumps and other equipment. Other upgrades require installation of soft start on the recycle pumps, replacement of EDR stack covers and the addition of a mixer on the brine tank.","The EDR was constructed to be a temporary facility with no enclosure. As a result, the EDR's cartridge filters, pumps, piping, and other associated equipment have corroded or failed due to the to ultraviolet light attack and a high salinity environment.",0,0,0,0,0,0,0
2011,Point Loma Grit Processing Improvements / S00315,464,Public Utilities,,2012,2014,Council District: 2; Community Plan: Peninsula,16301864,30007867,This project provides for upgrading the existing grit removal process at the Point Loma Waste­ water Treatment Plant (PLWTP) which includes new grit agitation blowers enclosed in a sound dampening facility and the associated air piping.,The Point Loma Wastewater Treatment Plant has six aerated grit removal tanks. Grit removal from influent flows was found to be more efficient when the two south grit tanks were not used. The plant is not achieving desirable grit removal because the existing grit processing equipment is unable to extract fine sand or silt. The grit accumulated downstream of the grit tanks reduces the efficiency of processing equipment and min­ imizes the biosolid treatment in the digesters.,0,3750000,6871300,3084703,0,0,0
2011,SBWR Plant Demineralization Facility / S00310,465,Public Utilities,,2014,2017,Council District: 8; Community Plan: Tijuana River Valley,622839,16001817,This project provides for demineralization of reclaimed water. Phase I will construct a deminer­ alization facility to provide 7.5 million gallons a day (mgd) of reclaimed water for conveyance to the users. Phase II will expand the facility to provide 15 mgd of reclaimed water.,The majority of reclaimed water is used for irrigation. Demineralization will reduce the level of total dissolved solids in the reclaimed water.,0,0,0,500000,2000000,5000000,7878978
2011,South Metro Sewer Rehabilitation Phase 3B / S00317,466,Public Utilities,,2015,2017,Council District: 2; Community Plan: Non City,157506,9214957,"This project will rehabilitate the remaining 5,000 feet of the 108 inch pipeline from Winship Lane to Pump Station 2.",Sections of the South Metro Interceptor have deteriorated significantly due to the corrosive effects of sewer gases over 40 years.,0,0,0,0,357451,3100000,5600000
2011,Chollas Building / S11025,467,Public Utilities,Bldg - Operations Facility,2012,2015,Council District: 7; Community Plan: Eastern Area (Mid-City),2000000,17700000,"This project will construct two new buildings, one two-story building for administration staff and a one-story maintenance shop.",This project will allow for Water Operations Division to consolidate their staff in one central facility. The existing facility is not adequate for current needs.,0,2200000,3760000,7480274,2259726,0,0
2011,Water Department Security Upgrades / S00050,468,Public Utilities,Bldg - Operations Facility,,,Council District: Citywide; Community Plan: Citywide,21005508,21005508,This project provides for the design and installation of miscellaneous security systems at various facilities.,"This project provides deterrence, detection and apprehension of unauthorized personnel.",0,0,0,0,0,0,0
2011,CIS ERP Implementation / S11100,469,Public Utilities,Bldg - Other City Facility,2012,2012,Council District: Citywide; Community Plan: Citywide,19577412,22397040,"This project provides for the establishment of an integrated, real-time enterprise customer ser­ vice information and billing system.","The Customer Information System (CIS) Enterprise Resource Planning (ERP) Implementation is a strategic project for investment in, and support of, the Citywide SAP ERP System for the City of San Diego. The legacy CIS provides the water, sewer, storm drain, fire service, reclaimed water, backflow and associated meter customer billing information for the City. This project will replace the legacy CIS and Installation Order System (IOS).",0,2819628,0,0,0,0,0
2011,MOC Building / S11023,470,Public Utilities,Bldg - Other City Facility,2013,2013,Council District: 7; Community Plan: Kearny Mesa,3000000,3900000,"This project will purchase a 15,000 square foot facility at 9176 Kearny Villa Court near the Met- ropolitan Operation Center (MOC) from the private sector.",The current Metropolitan Operation Center complex is near capacity. The purchase of the new Metropolitan Operation Center complex is needed in order to accomodate 150 additonal personnel transferrring from the 600 B Street facility as a result of the Public Utilities Consolidation.,0,0,900000,0,0,0,0
2011,Advanced Water Treatment Demo Plant (IPR/RA) / S10127,471,Public Utilities,,,,Council District: 1; Community Plan: University,7200000,7200000,"This project explores the feasibility of the project's treatment technology to produce water that can be sent to a reservoir and later be distributed as drinking water. During the time the Demonstration Project is in operation, the advanced treated water will be frequently tested to determine the effectiveness of the treat­ ment equipment in removing contaminants; operational data will be gathered and analyzed to refine operation and maintenance estimates for a full scale system; and tours will be conducted as part of the public outreach effort. The Demonstration Project is the second phase of a three phase program that could lead to implementa­ tion of a full-scale Indirect Potable Reuse/Reservoir Augmentation (IPR/RA) project.","A rate increase to fund the Demonstration Project was approved on November 18, 2008, and went into effect on January 1, 2009. This project was established by Ordinance-19887 Section IV-A, with an initial budget of $7.2 million.",0,0,0,0,0,0,0
2011,Alvarado Water Quality Lab Roof Replacement / S00047,472,Public Utilities,,,,Council District: 7; Community Plan: Navajo,197506,197506,"This project provided for the removal and replacement of approximately 58,000 square feet of roofing, installation of California Title 24 roof coating, the removal and installation of heating, ventilation and air conditioning (HVAC) ductwork at the water chemistry and industrial waste unit offices and the installation of miscellaneous sheet metal and flashings.",These improvements were needed to repair a leaking and deteriorated roofing system.,0,0,0,0,0,0,0
2011,69th & Mohawk Pump Station / S12011,473,Public Utilities,,2012,2016,"Council District: 7; Community Plan: College Area, Mid-City: Eastern Area",0,12186137,This project will construct a new pump station at the corner of 69th Street and Mohawk Street. The new pump station will feed the 645 Redwood Village Zone. Suction to the pump station will come from the Mid-City Pipeline Phase II.,This project will replace the existing Montezuma Pump Station for Redwood Village which is reaching the end of its life cycle.,0,250000,0,279129,4946954,6710054,0
2011,Cielo & Woodman Pump Station / S12012,474,Public Utilities,,2012,2016,Council District: 4; Community Plan: Southeastern (Encanto Neighborhoods),0,14579546,"This project provides for the replacement of the Cielo and Woodman Pump Station (PS) with a new PS with a 12 million gallons per day (mgd) capacity to improve efficiency and reliability, and allow for substitution of Alvarado City water (536 Zone) which is now provided via the County Water Authority (CWA) #19 Paradise Mesa Crosstie. It will replace two 12-inch and 16-inch cast iron distribution mains. The first main is on Imperial and Woodman Street and the second main is on Skyline Drive to Cielo Drive. It will install a dedicated Alvarado 536 line from the intersection of Imperial Avenue and Woodman Street to the new upgraded Cielo and Woodman PS. This project provides for the replacement of the Cielo and Woodman Pump Station (PS) with a new PS with a 12 mgd capacity to improve efficiency and reliability, and allow for substitu­ tion of 536 Alvarado City water for County Water Authority (CWA) treated water (now provided via the CWA #19 Paradise Mesa Crosstie). Replace 12/16 cast-iron distribution main on Imperial and Woodman St. Install a dedicated Alvarado 536 line from the intersection of Imperial Ave and Woodman St to the new upgraded Cielo and Woodman PS. Replace 12/16 cast-iron distribution main on Skyline Drive to the Cielo Dr.","This project will replace a deteriorating pump station facility and cast iron mains that lead to the station. According to year 2030 demands, the Otay Water Treatment Plant (WTP) will not be able to supply enough suction head to the pump station, thus the pump station would need to be supplied from the Alvarado Water Treatment Plant (WTP).",0,100000,541303,575455,711194,12651594,0
2011,Rancho Penasquitos Water Pump Station #2 / S00043,475,Public Utilities,,,,Council District: 1; Community Plan: Rancho Penasquitos,13801105,13801105,This project provides for the construction of a new water pump station and a new pressure reducing station in Rancho Penasquitos.,This pump station is required to deliver treated water from the Miramar Water Treatment Plant to the service area of Rancho Bernardo and most of Rancho Penasquitos and Del Mar; and will include Black Mountain Ranch development. This delivery of Miramar Water Treatment Plant water will reduce dependency on imported filtered water and will support future development and growth.,0,0,0,0,0,0,0
2011,San Diego 17 Flow Control Facility / S00038,476,Public Utilities,,,,Council District: 7; Community Plan: Navajo,10471664,10471664,This project provides for the installation of a new flow control facility and a water pump station at the Alvarado Water Treatment Plant to pump potable water into the County Water Authority's pipeline.,"This pump station will supply the Mid-City Pipeline project, serving the College Area and Mid- City communities.",0,0,0,0,0,0,0
2011,Water Pump Station Restoration / ABJ00001,477,Public Utilities,,2012,2017,Council District: Citywide; Community Plan: Citywide,8183917,45080551,This annual allocation provides for replacing deteriorated pumping equipment and appurte­ nances or expanding pumping capacities to meet present and future water demands.,"Many existing water pump stations have reached or exceeded their anticipated service life or demands have exceeded their maximum pumping capacity. However, because of the widely varying actual lengths of service life, scheduling for pump station restoration is difficult.",0,8823952,10695999,8618437,4543755,3460720,753771
2011,Barrett Flume Cover / S10013,478,Public Utilities,Bldg - Water - Reservoirs,2012,2014,Council District: Non-city; Community Plan: Non City,100000,6092340,This project will provide a covering for the 10 to 12 mile open channel delivering water from the Barrett Reservoir to the Lower Otay Reservoir,"Each year golden eagles, deer, and other wildlife drown in the open channel sections of the Bar­ rett Flume. There is also an excessive maintenance burden to keep soil and sediment out. Additionally, there is a slight algae build up due to sunlight. Covering the open flume sections is necessary to prevent fines and sanc­ tions from the resource agencies, to maintain water quality, and to reduce maintenance and down time.",0,400000,5507539,84801,0,0,0
2011,Barrett Reservoir Outlet Tower Upgrade / S00039,479,Public Utilities,Bldg - Water - Reservoirs,,,Council District: Non-city; Community Plan: Non City,2988192,2988193,"This project provides for upgrades to the electrical and operating systems and the replacement of outlet tower ladders, valves and platforms to the Barrett Reservoir Outlet Tower.","The aging outlet tower components are in need of replacement for safety and ease of operation. The electrical and operating systems need to be upgraded to meet current standards and provide better control, safety and accessibility.",0,0,0,0,0,0,0
2011,Dams and Reservoirs / ABK00001,480,Public Utilities,Bldg - Water - Reservoirs,2012,2017,Council District: Citywide; Community Plan: Citywide,941015,5613304,"This annual allocation provides for rehabilitating and reconstructing improvement projects at reservoirs and dams. Projects include resurfacing access roads, reconstructing berms, installing lighting around dams, and sandblasting and shotcreting all exposed surfaces of the dams.","The rehabilitation and reconstruction of access roads and the upgrading of berms, lighting, and all exposed surfaces of the dams are necessary to maintain access to and safety in the dam area. The State required improvements will also serve to satisfy a portion of the Division of Safety of Dams.",0,824304,368405,283777,2395733,550070,250000
2011,El Capitan Reservoir Road Improvements / S00040,481,Public Utilities,Bldg - Water - Reservoirs,2013,2016,Council District: Non-city; Community Plan: Non City,516165,2633696,This project provides for repairing and widening the access road to El Capitan Reservoir.,"The existing access road is narrow and has become a safety concern due to rain induced slough­ ing. Widening the road will improve accessibility to the reservoir, accommodate the recreation activities, and assist maintenance efforts for the reservoir.",0,0,93143,83579,103131,1837678,0
2011,Lower Otay Outlet Tower / S12018,482,Public Utilities,Bldg - Water - Reservoirs,2012,2016,Council District: Non-city; Community Plan: Non City,0,5505385,This project provides for the replacement of eight saucer outlet valves. This project will also conduct investigations to determine if settlement of the anchor blocks is occurring due to silt at the outlet tower base.,Seismic analysis concluded that the tower concrete has an overstress in flexural tension. Both the tower and the tower foundation are in danger of failure.,0,168248,286781,26838,4335413,688105,0
2011,Lower Otay Reservoir Emergency Outlet Improvements / S00044,483,Public Utilities,Bldg - Water - Reservoirs,,,Council District: Non-city; Community Plan: Non City,5381428,5381428,This project provides for the installation of two sluice gates on the auxiliary spillway to improve draw-down capacity.,The State Department of Safety of Dams requires an emergency draw-down capability of 10 percent of reservoir capacity in 10 days. Lower Otay Reservoir (backed up by Savage Dam) requires 56 days for 10 percent draw-down in order to prevent a risk of dam failure.,0,0,0,0,0,0,0
2011,Morena Reservoir Outlet Tower Upgrade / S00041,484,Public Utilities,Bldg - Water - Reservoirs,2012,2016,Council District: Non-city; Community Plan: Non City,468033,6408961,"This project upgrades the outlet tower to meet seismic requirements, replaces the electrical sys­ tem and outlet tower piping, interior and exterior valves,and platforms. It will add a 100-foot long, 6-foot wide pedestrian bridge from the dam to the outlet tower.","The aging outlet tower components are in need of replacement for safety and ease of operation. Furthermore, the electrical system needs to be upgraded to meet current standards, provide better control, and provide safety and better accessibility.",0,67505,211694,85828,3933525,1642376,0
2011,Rancho Bernardo Reservoir Rehabilitation / S00042,485,Public Utilities,Bldg - Water - Reservoirs,,,Council District: 5; Community Plan: Rancho Bernardo,9101771,9101771,This project rehabilitates the existing 10 million gallon concrete reservoir to better meet opera- tional needs and seismic codes.,This rehabilitation project will extend the service life of the existing reservoir and reduce the maintenance required to keep it in safe operating condition.,0,0,0,0,0,0,0
2011,Miramar Clearwell Improvements / S11024,486,Public Utilities,,2014,2017,Council District: 5; Community Plan: Scripps Miramar Ranch,3640000,77491392,This project will construct two new clearwells just west of the Miramar Water Treatment Plant. Capacity will be determined by the planning study.,This project will replace the existing clearwells at Miramar Water Treatment Plant. The exist­ ing clearwells were determined to have significant structural issues.,0,0,0,3310484,24078039,25057721,21405148
2011,Standpipe and Reservoir Rehabilitations / ABL00001,487,Public Utilities,,2012,2017,Council District: Citywide; Community Plan: Citywide,4626521,22720682,This annual allocation provides for reconstructing standpipes and reservoirs to improve opera­ tions and extend their useful life.,Many existing standpipes and reservoirs in the water system have deteriorated to a point where they must be reconstructed or replaced to meet the current Occupational Safety and Health Act and Environ­ mental Protection Agency safety and water quality standards.,0,4486986,1291513,7862789,2057547,1750809,644517
2011,Alvarado Water Treatment Plant Upgrade & Expansion / S00021,488,Public Utilities,,2014,2017,Council District: 7; Community Plan: Navajo,151152313,161152313,"This project increases the treatment capacity of the Alvarado Water Treatment Plant (WTP) from 150 million gallons of water per day (mgd) to 200 mgd and upgrades the existing treatment plant facilities to replace aged equipment to comply with new drinking water regulations. This project is split into multiple construction projects and will be phase funded. The major project components consist of the construction of two new sedimentation basins, the rehabilitation of existing 1950's-era sedimentation basins, the rehabilitation of the mechanical equipment and controls on the filters, ozone generation, and treatment facilities. Various site and landscaping improvements will also be made.","The Safe Drinking Water Act, Environmental Protection Agency regulations, and a Department of Public Health Compliance Order dictate the need to upgrade the treatment plant process and equipment. Anticipated future demands within the Alvarado Water Service Area also require the plant to be expanded to 200 mgd, allowing for better utilization of the raw water storage in the San Vicente and El Capitan Reservoirs.",0,0,0,2000000,1000000,2000000,5000000
2011,Fluoridation Facilities / S00074,489,Public Utilities,,,,"Council District: 5, 7; Community Plan: Navajo, Scripps Miramar Ranch, Non City",3227016,3227016,This project consists of installing fluoridation equipment at each of the City of San Diego Water Treatment Plants.,"The State of California Assembly Bill No. 733 requires Public Water Systems with more than 10,000 service connections to fluoridate their drinking water.",0,0,0,0,0,0,0
2011,Miramar Water Treatment Plant Upgrade & Expansion / S00024,490,Public Utilities,,,,Council District: 5; Community Plan: Scripps Miramar Ranch,227889796,227889796,"This project provides for upgrades to and expansion of the Miramar Water Treatment Plant, including construction of state-of-the-art filters, rapid mix and de-aeration facilities, chlorine and chemical facilities, four flocculation and sedimentation basins, an ozone structure with generation equipment, site paving, landscaping, and an administration building.","The Safe Drinking Water Act, mandated by the Environmental Protection Agency and the Department of Public Health, dictates the need to upgrade the existing treatment plant. Increasing demands on the plant by the rapidly growing North City area also necessitate its expansion.",0,0,0,0,0,0,0
2011,Otay Water Treatment Plant Upgrade & Expansion / S00030,491,Public Utilities,,,,Council District: Non-city; Community Plan: Non City,43948516,43948517,"This project provides for upgrading the treatment processes at the Otay Water Treatment Plant (Phase 1 and 2) to comply with the Safe Drinking Water Act standards. The Safe Drinking Water Act is a fed­ eral act, enforced by the State of California.",New standards required by the Safe Drinking Water Act dictate the need to upgrade the existing water treatment plant standards.,0,0,0,0,0,0,0
2011,Groundwater Asset Development Program / ABM00001,492,Public Utilities,,2012,2017,Council District: Citywide; Community Plan: Citywide,8764739,67877906,"This annual allocation provides for investigation work related to legal, technical, regulatory, and water quality issues; and for the planning, design, and construction of groundwater facilities to increase the local water supply.","The City imports 90 percent of its water from the Colorado River and the State Water Project. The City has access to nine under-utilized groundwater assets that could be developed to supply new yield, sea­ sonal storage or carryover storage.",0,900000,15000000,7213724,21898336,11264780,2836327
2011,North City Reclamation System / AHC00002,493,Public Utilities,,2013,2014,Council District: Citywide; Community Plan: Citywide,30810747,31690747,"This annual allocation in the Northern Service Area recycled water system expansion is identi­ fied as Phase II in the 2000 and 2005 Recycled Water Master Plans and will be served by the North City Water Reclamation Plant. Once all the components of Phase II are completed, recycled water service will extend from Black Mountain Road west, along the I-56 corridor, to Carmel Valley. Portions of the recycled water pipeline expansion have been completed; bringing service to Olivenhain Municpal Water district and the communities of Black Mountain Ranch and Santa Luz. Transmission/distribution pipelines are planned in Carmel Valley, Pacific Highlands, Los Penasquitos Canyon and Camino Del Sur. State Proposition 50 (Integrated Regional Water Management Plan) and Bureau of Reclamation Title 16 Grant funds are anticipated for this project.",Recycled water pipelines have been constructed by private developers or Caltrans. The City needs to construct the gaps to complete the system and start delivering recycled water. The City also needs to expand the distribution system to customers already retrofitted to use recycled water.,0,0,795199,84801,0,0,0
2011,Reclaimed Water Extension / AHC00001,494,Public Utilities,,2013,2017,Council District: Citywide; Community Plan: Citywide,4849750,7349750,This annual allocation provides for pipeline extensions of the City's Recycled Water Distribu- tion System to serve potential customers adjacent or in close proximity to the existing system.,This project provides recycled water to customers served by the pipeline extensions.,0,0,500000,500000,500000,500000,500000
2011,Reclaimed Water Retrofit / AHC00003,495,Public Utilities,,,,Council District: Citywide; Community Plan: Citywide,2399160,2399160,This annual allocation provides for supplying reclaimed water customers with the proper con- nections and metering for the new reclaimed water distribution system.,The City of San Diego has embarked on an aggressive water reclamation program to provide reclaimed water to large users of potable water for irrigation purposes. This will allow the City to increase its available potable water to serve new potential customers.,0,0,0,0,0,0,0
2011,Recycled Water System Upgrades / S10010,496,Public Utilities,,,,Council District: Citywide; Community Plan: Citywide,950000,950000,"This project is needed to ensure that spills from the recycled water system flow into the sewer rather than the storm water system. This project would include 14 Pressure Reducing Station vaults to be retro­ fitted to divert the drainage inside the vault from the storm drain to the sewer system, as required by Regional Water Quality Control Board.",This project is needed to comply with the latest regulatory requirements that recycled water be drained to the sewer system rather than the storm drain system when emergency spills or main breaks occur inside the vaults.,0,0,0,0,0,0,0
2011,South Bay Reclamation System / S00018,497,Public Utilities,,2012,2012,"Council District: 8; Community Plan: San Ysidro, Tijuana River Valley",1349134,1499134,"This project acquires a pipeline that was installed by the Metropolitan Wastewater Department at Dairy Mart Road. It is approximately 4,145 linear feet of 30-inch diameter, ductile iron pipe, polyurethane lined and coated. A cathodic protection system is in place on this project. Subsequently, additional sub-projects will be created to form a distribution system for reclaimed water produced at the South Bay Water Reclamation Plant.","One of the requirements of the Ocean Pollution Reduction Act Consent Decree Agreement between the City, the State of California and the Environmental Protection Agency is the Beneficial reuse of Title 22 reclaimed water.",0,150000,0,0,0,0,0
2011,Recycled Water Tank Modifications / S12014,498,Public Utilities,,2012,2013,"Council District: 1, 5, 8; Community Plan: Scripps Miramar Ranch, Rancho Penasquitos, Tijuana River Valley",0,879406,"This project provides funding for tank modifications for four tank drains to comply with new laws. The tanks being modified are the 9 million gallon (mg) Miramar Recycled Water Tank, the 9mg Tank Automated Chlorination Facility, the 9mg Tank Reservoir Management System (two mixers inside the tank).",This project is needed in order to comply with the latest regulatory requirements that recycled water be drained to the sewer system rather than the storm drain system.,0,250000,629406,0,0,0,0
2011,Pipeline Rehabilitation / AJA00002,499,Public Utilities,,2013,2017,Council District: Citywide; Community Plan: Citywide,92960597,172960597,This annual allocation provides for the rehabilitation and repair of deteriorated sewers and man- holes at various locations within the City limits.,"This annual allocation provides for the extension of the useful life of sewers and manholes, improvements in the level of service to the residents of San Diego, and compliance with regulatory agencies' standards by reducing the impact of sewer spills.",0,0,16000000,16000000,16000000,16000000,16000000
2011,Pipeline Rehabilitation Phase F-1 / S00341,500,Public Utilities,,,,Council District: Citywide; Community Plan: Citywide,10260957,10260957,This project provides rehabilitation and repair of 21.72 miles of sewer pipeline.,This project will help meet EPA requirements to reduce sewer spills while reducing mainte­ nance costs and extending the service life of sewer pipelines.,0,0,0,0,0,0,0
2011,Sewer Main Replacements / AJA00001,501,Public Utilities,,2012,2017,Council District: Citywide; Community Plan: Citywide,202666608,435378291,This annual allocation provides for the replacement of deteriorated and undersized sewer mains at various locations within the City limits.,This annual allocation provides for the replacement of sewer mains that are in a deteriorated condition or are undersized.,0,30000000,42711683,40000000,40000000,40000000,40000000
2011,Unscheduled Projects / AJA00003,502,Public Utilities,,,,Council District: Citywide; Community Plan: Citywide,20093891,20093891,This annual allocation provides for repair and replacement of sewers in need of emergency or un,This annual allocation provides for emergency repairs and replacement of sewer pipeline to avoid failures of the Municipal Sewer System.,0,0,0,0,0,0,0
2011,Balboa Avenue Trunk Sewer / S00331,503,Public Utilities,,,,Council District: 6; Community Plan: Clairemont Mesa,3641489,3641489,"This project includes the construction of approximately 4,500 linear feet of 18-inch trunk sewer, and replacement of 1,700 feet if 8-inch and 12-inch sewer mains.",This project will upgrade the existing trunk sewer with a larger pipe to accomodate additional flow in the future.,0,0,0,0,0,0,0
2011,Beach Area Low Flow Storm Diversion / S00313,504,Public Utilities,,,,"Council District: 1, 2; Community Plan: La Jolla, Pacific Beach",2422334,2422334,"This project and Storm Water Department's Beach Area Low Flow Storm Drain Diversion proj- ect, S-00603, provide for diversion of low flow storm runoff and sewer overflows.","This project will allow for the sewer overflow and low flow storm runoff to return to the sewer, preventing pollution in the beach areas.",0,0,0,0,0,0,0
2011,Carmel Valley Trunk Sewer / S00325,505,Public Utilities,,,,Council District: 1; Community Plan: Carmel Valley,10707150,10707151,This project provides for replacement of the existing Carmel Valley Trunk Sewer east of Inter­ state 5.,The existing sewer has experienced a significant number of structural failures. Continuing development within the area tributary to the existing trunk sewer will also create the need for greater capacity than the existing sewer can provide. CalTrans will replace a portion of the existing trunk sewer in conjunction with its work on the State Route 56/Interstate 5 interchange. This project is included in the Environmental Pro­ tection Agency Consent Decree.,0,0,0,0,0,0,0
2011,East Mission Gorge Force Main Rehabilitation / S00326,506,Public Utilities,,2013,2016,Council District: 7; Community Plan: Navajo,1254640,6791835,This project provides for the rehabilitation of the East Mission Gorge force main due to deterio- ration of the pipeline concrete lining from sulfuric acid build up.,This project provides for the rehabilitation of the force main in order to prevent breakage of the force main and prevent potential sewage spills.,0,0,563525,3069366,1404304,500000,0
2011,East Point Loma Trunk Sewer / S00329,507,Public Utilities,,,,"Council District: 2; Community Plan: Peninsula, Midway - Pacific Highway",9930000,9930000,"Construction consists of the rehabilitation of approximately 4,932 feet of 27-inch & 3,229 feet of 30-inch trunk sewer mains, the rehabilitation of sewer manholes, and sewer laterals connections, and all other work and appurtenances necessary to complete the work. The affected streets are Nimitz Boulevard, Barnett Avenue, and Cushing Road between Nimitz Boulevard and Barnett Avenue.",This project redirects the existing trunk sewer system to the 96 Sewer Interceptor located on Barnett Avenue. The age of the existing system is almost 60 years old and needs to be rehabilitated.,0,0,0,0,0,0,0
2011,Harbor Drive Trunk Sewer Replacement / S00336,508,Public Utilities,,2012,2013,Council District: 8; Community Plan: Barrio Logan,4984672,12398748,This project provides for upgrading and replacing existing portions of 39-inch Harbor Drive Trunk Sewer with 48-inch pipelines.,"The existing trunk sewer has a portion constructed of techite pipeline, which has been prone to structural failure.",0,4000000,3414076,0,0,0,0
2011,La Jolla/PB Trunk Sewer-Chelsea Street Relocation / S00327,509,Public Utilities,,,,Council District: 1; Community Plan: La Jolla,8452943,8452943,"This project will realign approximately 3,850 feet of 21-inch trunk sewer; construct approxi- mately 28 feet of 12-inch sewer main; construct approximately 4,638 feet of 8-inch sewer main; and replumb approximately 65 laterals.",This project will relocate an existing trunk sewer located within a utility easement area between private properties fronting La Jolla Boulevard and Chelsea Street.,0,0,0,0,0,0,0
2011,Lake Murray Trunk Sewer / S00335,510,Public Utilities,,,,Council District: 7; Community Plan: Navajo,20696798,20696798,This project provides for the replacement of three miles of existing trunk sewer and installation of maintenance access pathways.,This project provides for the upsizing of the trunk sewer to meet build-out capacity.,0,0,0,0,0,0,0
2011,Metropolitan Waste Water Department Trunk Sewers / AJB00001,511,Public Utilities,,2012,2017,Council District: Citywide; Community Plan: Citywide,48083122,112483584,"This annual allocation provides for the replacement of trunk sewers and sewer mains at various locations, including canyons, within the City.","This annual allocation provides for the upgrading of trunk sewers, to improve the level of ser- vice to residents of San Diego and to comply with regulatory agencies by reducing the impact of sewer spills.",0,13020462,3090000,17690000,10200000,10200000,10200000
2011,Miramar Road Trunk Sewer / S00330,512,Public Utilities,,,,"Council District: 1, 5; Community Plan: Mira Mesa, University",4653965,4653965,This project provides for the replacement and upgrade of the Miramar Trunk Sewer.,"This project provides for upgrading the existing 15-inch diameter pipe to 18-inch diameter pipe in order to accommodate the flow from the Marine Corps Air Station, Miramar.",0,0,0,0,0,0,0
2011,Montezuma Trunk Sewer / S00332,513,Public Utilities,,2013,2014,Council District: 7; Community Plan: College Area,1162774,3609013,"This project provides for the replacement of approximately 6,769 feet of the existing 15-inch trunk sewer with 21-inch pipe.",This trunk sewer will be upgraded with a larger pipe to accomodate future flow capacity.,0,0,2182480,263759,0,0,0
2011,Otay Mesa Trunk Sewer / S00301,514,Public Utilities,,,,Council District: 8; Community Plan: Otay Mesa,14461757,14461757,"This project will provide for adequate sewage capacity and accommodate future growth in the Otay Mesa community. The City of San Diego and developers have entered into cooperative agreements to design and construct the Otay Mesa Trunk Sewer project. This is a multi-phased, major trunk sewer system to serve the Otay Mesa area as described in the 2004 Otay Mesa Sewer Master Plan and Alignment Study. The project constructs all sewer pipes 18-inches and larger and upgrades the existing pump station 23T. Phase 2A1 constructs 2,634 feet of 42-inch pipe in Old Otay Mesa Road. Phase 2A2 constructs a continuation of the pipe for another 4,282 feet. Phase 2B1 constructs a continuation of the pipe for another 6,180 feet to connect to the San Ysidro Trunk Sewer",The project will provide service for the future wastewater flows in the Otay Mesa Area.,0,0,0,0,0,0,0
2011,South Mission Valley Trunk Sewer / S00302,515,Public Utilities,,,,"Council District: 2, 3, 6, 7; Community Plan: Mission Valley, Old San Diego",16916674,16916674,"This project provides for the installation of approximately 3,000 feet of new 36-inch trunk sewer along Interstate 8 between Taylor Street and Hotel Circle Place, and approximately 600 feet of new 24-inch trunk sewer at the Interstate 5/Interstate 8 interchange.",This project will increase the flow capacity of the South Mission Valley Trunk Sewer.,0,0,0,0,0,0,0
2011,USIU Trunk Sewer / S00334,516,Public Utilities,,,,"Council District: 5; Community Plan: Scripps Miramar Ranch, Mira Mesa",10320437,10320437,"This project provides for the replacement of the existing 2.2-mile trunk sewer. The trunk sewer starts on the west side of Interstate 15, proceeds east through Horse Ranch Canyon, and continues east on the edge of Pomerado Road to 400 feet east of Avenida Magnifica.",This project will provide for the upsizing of the trunk sewer to meet build-out capacity.,0,0,0,0,0,0,0
2011,Del Mar Heights Pipeline Relocation / S00070,517,Public Utilities,,,,Council District: 1; Community Plan: Del Mar Mesa,4350000,4350000,This project will provide for the relocation and upsizing of this 36-inch pipeline in the ultimate right-of-way for Carmel Valley Road. The existing Del Mar Heights Pipeline will no longer follow the align­ ment of Carmel Valley Road once Carmel Valley Road is improved to four lanes.,"Future maintenance of this facility is enhanced when it is in an accessible and convenient loca­ tion such as a public street right-of-way. This project will relocate the pipeline so that it can be easily main­ tained, repaired, and serviced in the future.",0,0,0,0,0,0,0
2011,El Capitan Pipeline #2 / S10005,518,Public Utilities,,2016,2017,Council District: Non-city; Community Plan: Non City,2069598,46386305,"This project provides for a pipeline parallel to the existing 48-inch El Capitan Pipeline with 41,490 linear feet of new 54-inch pipeline.",This project would provide an additional outlet capacity of 75 million gallons per day (mgd) from El Capitan Reservoir to the Lakeside Pump Station. The combined capacity of the two pipelines would be 130 mgd. This would enable the Lakeside Pump Station to deliver 110 mgd to the Alvarado Water Treatment Plant and 20 mgd to the Helix Water District.,0,0,0,0,0,400000,43916707
2011,El Monte Pipeline #2 / S10008,519,Public Utilities,,2012,2017,Council District: 7; Community Plan: Navajo,2548000,107487683,This project would build a new 60-inch pipeline with a capacity of 150 million gallons per day (mgd) between the Lakeside Pump Station and the Alvarado Water Treatment Plant.,This project is necessary to ensure that future water demands are met in the Alvarado service area.,0,1000000,1000000,5000000,13000000,30000000,54939683
2011,Freeway Relocation / AKB00002,520,Public Utilities,,2012,2017,Council District: Citywide; Community Plan: Citywide,3265239,3765239,This annual allocation provides funding to relocate water lines in conflict with the State Depart- ment of Transportation highway construction zones.,Waterline relocation is required by the State Department of Transportation's effort to expand the State Highway System. Relocation projects are accomplished in conjunction with highway projects sched- uled by the State Department of Transportation.,0,250000,50000,50000,50000,50000,50000
2011,Kearny Mesa Pipeline Upgrade / S10011,521,Public Utilities,,2016,2017,"Council District: 6; Community Plan: Kearny Mesa, Linda Vista, Clairemont Mesa, Mission Valley",2730000,43328391,"This project provides for the replacement of the Kearny Mesa Pipeline. There will be 49,000 linear feet of 36-inch and 30-inch pipeline replaced.","This upgrade is necessary to prevent water pipe breaks, and to assure a continuous water supply to the Kearny Mesa community.",0,0,0,0,0,2000000,38598391
2011,Kensington Pressure Regulator / S10059,522,Public Utilities,,2013,2015,Council District: 3; Community Plan: Normal Heights (Mid-City),31564,491284,This project will install two pressure regulating stations at the Kensington Park Villas in order to provide more consistent water pressure throughout the community.,The pressure regulating station will provide more consistent water pressure throughout the community and decrease pipe ruptures or other problems due to over pressurizing.,0,0,41169,376397,42154,0,0
2011,Meter Boxes / AKB00005,523,Public Utilities,,,,Council District: Citywide; Community Plan: Citywide,658989,658989,This annual allocation provides for the upgrade and replacement of water meter boxes.,Replacement and upgrades are necessary for the ongoing use of the water billing system.,0,0,0,0,0,0,0
2011,Miramar Pipeline Monitoring & Reinspection / S00083,524,Public Utilities,,,,Council District: 5; Community Plan: Mira Mesa,1487636,1487636,"This project provides for monitoring and reinspection of 26,870 linear feet of existing pre­ stressed concrete cylinder pipe on Mira Mesa Boulevard from Pacific Heights Boulevard eastward to the Mira­ mar Water Treatment Plant. A pipeline condition assessment will be performed prior to initiating design.",These improvements are necessary to prevent water pipe breaks and to assure a continuous water supply to the Mira Mesa Community.,0,0,0,0,0,0,0
2011,Montezuma Pipeline/Mid-City Pipeline Phase II / S11026,525,Public Utilities,,2012,2017,"Council District: 7; Community Plan: College Area, Eastern Area (Mid-City), Navajo",246480,16705604,"This project will construct a new 54-inch pipeline from the Alvarado Water Treatment Plant Clearwells to the existing 48-inch Mid-City Pipeline, which crosses Highway 8. Approximate pipeline length is 6,505 linear feet.","This project will give complete redundancy to the Trojan Pipeline and will add transmission capacity to all of San Diego, south of Highway 8. The project will provide a back-up supply for the aging 54­ inch Trojan Pipeline that currently supplies the Mid-City Pipeline west of the 63rd Street inter-tie, a second sup­ ply line to the largest region of the Alvarado Water Treatment Plant service area, and a back-up service that will allow the Trojan Pipeline to be removed from service for inspection. In addition, the project provides connec­ tions for a new 69th and Mohawk Pump Station to become the lead supply to the Redwood Village (645 Zone).",0,363562,303089,81012,2933566,12304267,473628
2011,Pomerado Pipeline #2 / S00072,526,Public Utilities,,,,"Council District: 5, 7; Community Plan: Scripps Miramar Ranch, Tierrasanta",20255,20255,This project provides for negotiating an agreement with the San Diego County Water Authority for the disposition of the City's share of the Pomerado Pipeline.,The City and the San Diego County Water Authority jointly own the Pomerado Pipeline. The agreement will determine the long-term disposition of the pipeline. Negotiations with the San Diego County Water Authority are expected to continue through 2014.,0,0,0,0,0,0,0
2011,Seismic Upgrades / AKB00004,527,Public Utilities,,,,Council District: Citywide; Community Plan: Citywide,7857802,7857802,This annual allocation provides for seismic retrofits and upgrades to existing facilities to protect the water system in case of an earthquake.,Many existing facilities throughout the City have serious structural and seismic defects. This annual allocation provides funding to upgrade these facilities to meet current compliance requirements and guidelines. This project allows City crews the ability to rapidly restore water services to affected areas after a large earthquake.,0,0,0,0,0,0,0
2011,Telemetry Control Systems SCADA Phase II / S00046,528,Public Utilities,,,,Council District: Citywide; Community Plan: Citywide,12623112,12623112,"This is phase II of a two-phase program to install a modern Supervisory Control and Data Acquisition (SCADA) system. The SCADA system monitors and controls all critical water distribution sites. Phase I included the central control and operations component, as well as Remote Control Panels (RCPs) at 42 of the water distribution sites. Due to additional work that had been identified, phase II was divided into five parts, phases IIa, IIb, IIc, IId, and IIe. Phase IIa included the installation of RCPs to control 60 additional water distribution sites. Phase IIb included remediation work at 36 existing sites. Phase IIc included installation of RCPs at 29 large meter sites. Phase IId included installation of RCPs at 72 sites, an operating efficiency assess­ ment, a communication network upgrade, and intranet functionality for data acess. Phase IIe included the work identified in the Water Operations Optimization plan.","Although electronic monitoring systems are currently in operation, City crews have no ability to remotely control the water system, and crews must still personally visit various system locations to turn valves and control pumps manually in emergencies. With recent technological advances, new telemetry installa­ tions can provide versatility and flexibility. The new SCADA system will upgrade and centralize all telemetry controls into one location to facilitate the control, monitoring and tracking of data. Improved service and quick emergency control over the entire water system will be the ultimate result.",0,0,0,0,0,0,0
2011,University Ave Pipeline Replacement / S11021,529,Public Utilities,,2012,2015,"Council District: 2, 3; Community Plan: Uptown, Greater North Park",503289,10142767,"This project replaces 13,463 linear feet of existing cast iron University Avenue Pipeline with new 16-inch distribution line on the entire alignment of the pipeline. This project will connect crossing distribu­ tion lines at all intersections, and re-connect all services, including lining or sleeving of freeway crossings, where necessary.","Cast iron reaches of the University Avenue Pipeline are neither safe nor reliable facilities, and may contribute to poor water quality. An active approach is recommended because of high risks and conse­ quences of pipe failure. The University Avenue Pipeline was built in 1912 and lined with concrete in 1974. The replacement of cast-iron pipes is mandated by the California Department of Public Health's (CDPH) Compli­ ance Order.",0,560000,3326908,5198295,554275,0,0
2011,Upas Street Pipeline Replacement / S11022,530,Public Utilities,,2012,2015,"Council District: 2, 3; Community Plan: Uptown, Greater North Park, Midway - Pacific Highway",156000,16604472,"This project replaces 22,184 linear feet of existing cast iron Upas Street Pipeline with a new 16­ inch and 30-inch line from 30th and Upas to Upas and Front Street. Abandon 2,546 linear feet of existing cast iron Upas Street Pipeline from Upas and Front to West Upas and Ibis Street. Replace 250 linear feet of cast iron Upas Street Pipeline with a new 8-inch line from West Upas and Ibis to West Upas and Jackdaw Street. Aban­ don 1,902 linear feet of Upas Street Pipeline from West Upas and Jackdaw to the west side of California Street. Replace 249 linear feet of cast iron Upas Street Pipeline with new 16-inch lines from the Pacific Beach Pipeline west of California Street to the 12-inch connection west of Pacific Highway.","This project is needed because the cast iron reaches of the Upas Street Pipeline are neither safe nor reliable facilities, and may contribute to poor water quality. An active approach is recommended because of high risks and consequences of pipe failure. The Upas Street Pipeline was built in 1940. The replacement of cast-iron pipes in mandated by the California Department of Public Health's (CDPH) Compliance Order.",0,1575000,5979858,7122528,1771086,0,0
2011,Water Group 787 / S11108,531,Public Utilities,,2012,2012,"Council District: 3; Community Plan: Mid-City: City Heights, Mid-City: Kensington — Talmadge, Mid-City: Eastern Area",1893966,11130091,"This project provides for the removal and replacement of 26,703 linear feet (5.06 miles) of 6­ inch, 8-inch, 12-inch and 16-inch of cast iron mains (CI) and 1029 linear feet of asbestos concrete (AC) pipes in the 6-inch and 8-inch diameter range in the Mid-City areas of City Heights , Kensington-Talmadge and the Eastern Area communities. All of these mains are being replaced with polyvinyl chloride (PVC) pipelines.",Water mains require replacement due to their deteriorated condition or size limitation. The existing cast-iron system is either approaching or has exceeded its expected life. The replacement of cast-iron pipes is mandated by the California Department of Health's (CDPH) Compliance Order.,0,9236125,0,0,0,0,0
2011,Water Group Job 790 / S10004,532,Public Utilities,,,,"Council District: 1, 4; Community Plan: La Jolla, Skyline - Paradise Hills",8283783,8283783,"This project will replace 4.41 miles of existing water mains comprised of the following compo­ nents: This job is located within two separate planned communities. The first is located within the Paradise Hills/Skyline Community Plan area which consists of the replacement of 14,137 lineal-feet (2.67 miles) of water mains ranging from 2 to 12 in diameter. The streets affected by the construction are: 68th Street, Jamacha Road, Guthie Way, Cardiff Street, Bonsall Street, Wade Street, San Vicente Street, Sawtelle Avenue and Sky­ line Drive. The second site is located within the La Jolla Community Plan and consists of the replacement and addition of a total of 10,864 lineal-feet (2.06 miles) of water mains ranging from 6 to 12 in diameter. The streets affected by the construction are: Nautilus Street, Michael John Drive, Aranda Avenue, Avenida Manana, Via Barranca, Avenida Mirola, Avenida Reina and Avenida De Las Pescas.",Water mains require replacement due to their deteriorated condition or size limitation. The existing cast-iron system is either approaching or has exceeded its expected life. The replacement of cast-iron pipes is mandated by the California Department of Public Health's (CDPH) Compliance Order.,0,0,0,0,0,0,0
2011,Water Group Job 915 (3012) / S10123,533,Public Utilities,,2012,2012,Council District: 2; Community Plan: Pacific Beach,8118099,16005121,"This project is in the Pacific Beach Community and consists of replacement of 42,020 linear feet (7.96 miles) of 8-inch and 12-inch water mains and all other work and appurtenances. It also includes installa­ tion of curb ramps and street resurfacing.",Water mains require replacement due to their deteriorated condition or size limitation. The existing cast-iron system is either approaching or has exceeded its expected life. The replacement of cast-iron pipes in mandated by the California Department of Public Health's (CDPH) Compliance Order.,0,7887022,0,0,0,0,0
2011,Water Main Replacements / AKB00003,534,Public Utilities,,2012,2017,Council District: Citywide; Community Plan: Citywide,203449040,404908391,This annual allocation allows for the replacement of water mains at various locations throughout the City.,Water mains require replacement due to their deteriorated condition or size limitation. The existing cast-iron system is either approaching or has exceeded its expected life. The replacement of cast-iron pipes is mandated by the California Department of Public Health's (CDPH) Compliance Order.,0,38019012,30000000,30000000,30000000,30000000,43440338
2011,30th Street Pipeline Replacement / S12010,535,Public Utilities,,2012,2016,"Council District: 3; Community Plan: Greater North Park, Greater Golden Hill",0,9421585,"This project will replace all cast iron sections of the 30th Street Pipeline south of Thorn Street in University Heights (390 Zone) with 16,397 linear feet of new 16-inch distribution line, and reconnect all ser­ vices to the new line. It will abandon all parallel cast iron distribution lines and reconnect all services to the new 16-inch line.","Because the pipeline has been paralleled by the newer 28th Street Pipeline south of Thorn Street and no longer serves as an important transmission route to University Heights (390 Zone), this project will replace the cast iron pipe, provide supply reliability to the south end of the 390 Zone, and improve water quality.",0,100000,371187,5030859,3637276,282263,0
2011,Alvarado 2nd PL Exten & Morena Blvd CI / S12013,536,Public Utilities,,2012,2017,"Council District: 2, 6; Community Plan: Mission Valley, Linda Vista, Mission Bay Park",0,66941492,"This project provides for replacement of the aging Kearny Mesa Pipeline transmission route with a new transmission route that uses the Alvarado 2nd Pipeline. It will replace 17,032 linear feet of existing 20-inch and 16-inch cast iron Morena Boulevard Pipeline with a new 36-inch Morena Boulevard Pipeline. This 36-inch line will run from the end of the 48-inch Alvarado 2nd Extension Pipeline and connect to the Kearny Mesa Pipeline at the north end, operating at a 536 Hydraulic Grid Line (HGL). It will also replace 15,598 linear feet of parallel 16-inch distribution line from Friars Road and Morena to Morena and Balboa Avenue. The new 16-inch line will operate at 390 HGL connected to the existing 16-inch line on Friars Road and terminating at Morena and Bunker Hill Street. Additionally, it is proposed that 22,504 linear feet of new 48-inch Alvarado 2nd Extension Pipeline from the western terminus of the existing 48-inch Alvarado 2nd Pipeline (at Interstate 805 and Friars Road to Morena Boulevard and Napa Street) be built. The project will use existing surface streets in Mission Valley to avoid tunneling under the State Route 163 freeway, and other bridge crossings.","This project will replace cast iron pipe; provide redundant transmission to the coastal zones of La Jolla and Pacific Beach for supply reliability; improve water quality; reduce energy waste at the Miramar County Water Authority Pumpback facility; reduce peaking problems in the Miramar Water Treatment Plant service area; and provide supply flexibility (Alvarado vs. Miramar). This project is part of a larger plan to improve transmission reliability to the coastal Pacific Beach/La Jolla Zones by replacing the aging Kearny Mesa Pipeline as the lead supply, and adding a second transmission route to the coastal zones.",0,250000,0,0,409310,4566865,61715317
2011,CIP Program Management / S00045,537,Public Utilities,,,,Council District: Citywide; Community Plan: Citywide,4160000,4160000,"This project provides for consultant activity related to the preparation and management of the Water Fund's Capital Improvements Program, value engineering, and program management. This project also provides for specialized studies and activities related to water facility master plans, financing, organization and management structure, scheduling, engineering, cost estimation, bond funding, and project impacts on opera­ tions and maintenance.","These activities are required to plan and continue to keep the Water Fund's Capital Improve­ ments Program, which is in excess of $1.0 billion, in conformance with the Strategic Plan for Water Supply.",0,0,0,0,0,0,0
2011,Carmel Mountain Road Transmission Line / S00071,538,Public Utilities,,,,Council District: 1; Community Plan: Carmel Valley,3925000,3925000,"This project provides for construction of a transmission waterline east of Interstate 5, along the alignment of Carmel Mountain Road to the eastern boundary of the Carmel Valley Community Plan area.",The waterline is required in order to develop the southern portion of Carmel Valley in accor­ dance with the Carmel Valley Community Plan.,0,0,0,0,0,0,0
2011,Catalina 12inch Cast Iron Mains / S12008,539,Public Utilities,,2012,2016,Council District: 2; Community Plan: Peninsula,0,8517326,"This project provides for replacement of 13,963 linear feet of 12-inch and 16-inch cast iron mains on Catalina Blvd with 16-inch lines . The 16-inch line will consolidate the 12-inch cast iron line with the parallel 4-inch and 6-inch small distribution mains north of Garden Lane, and consolidate the dual 12-inch cast iron lines south of Garden lane. The new pipeline will run parallel to the existing 12-inch pipeline.","This project will replace cast iron pipe, provide supply reliability to the Catalina Pump Station service area, and improve water quality.",0,100000,400000,2889056,4871561,256709,0
2011,Corrosion Control / AKA00001,540,Public Utilities,,2013,2017,Council District: Citywide; Community Plan: Citywide,600000,1100000,This annual allocation provides for renovating or replacing deteriorating corrosion control and monitoring systems throughout the City.,Deteriorating corrosion control and monitoring systems are in need of rehabilitation. This annual allocation provides for an ongoing program to rehabilitate over 600 existing corrosion protection sta- tions.,0,0,100000,100000,100000,100000,100000
2011,Del Mar Heights East Segment / S12017,541,Public Utilities,,2012,2017,Council District: 1; Community Plan: Del Mar Mesa,0,5263344,"This project provides funding to finish installing 2,800 feet of 36-inch pipe portions not being built by developers along the east end of the pipeline and install 3,668 feet of parallel pipeline between Mona Lane and Lopielia Meadows Place for redundancy.",This pipeline was built in 1961 and has experienced leaks. It is in poor condition and has no corrosion protection. The original pipe was a 30-inch Steel Cylinder Rod Lined (SCRW) pipeline. This size is too small to meet projected demand increases in the area.,0,100000,0,27221,98044,870643,4167436
2011,Dulzura Conduit Concrete Covers / S00067,542,Public Utilities,,,,Council District: Non-city; Community Plan: Non City,800000,800000,"This project provided concrete covers over 1,010-feet of the Dulzura Conduit.",Covers provided protection from excessive rock slides and landslides caused by unstable soil conditions when all vegetation above the conduit was burned in the 2007 wildfires. Rocks and soil inside the channel prohibited transfer of water from Lake Barrett to Lower Otay Lake.,0,0,0,0,0,0,0
2011,El Capitan Potable Water Segment / S12007,543,Public Utilities,,2012,2017,Council District: 7; Community Plan: Navajo,0,16288508,"This project provides funding to upgrade / replace approximately 15,000 linear feet of 36"" steel pipeline. Based on assessment the pipeline will be replaced or lined.","The pipeline was installed in the 1920's and 30's and relined in the 1960's, the pipeline is reach- ing the end of its life span.",0,250000,0,1344009,5624238,6349000,2721261
2011,Harbor Drive Pipeline / S00019,544,Public Utilities,,2012,2014,"Council District: 2; Community Plan: Old San Diego, Ocean Beach, Peninsula",2040000,11992609,This project replaces 4.4 miles of 16-inch Cast Iron water pipeline from Harbor Drive Bridge to the Point Loma Reservoir.,"These improvements are necessary to prevent water pipe breaks and to ensure a continuous water supply to the Ocean Beach, Fleetridge, Old San Diego, and Peninsula community planning areas.",0,200000,5258857,4493752,0,0,0
2011,La Jolla Scenic Drive 16inch Main / S12009,545,Public Utilities,,2012,2016,Council District: 1; Community Plan: La Jolla,0,9032141,"This project provides for replacement of 6-inch, 8-inch, and 12-inch pipelines with 15,635 lin­ ear feet of 16-inch line the from the Soledad Reservoir that travels south along La Jolla Scenic Drive South; continues onto La Jolla Rancho Road, La Jolla Mesa Drive, Muirlands Drive, and El Camino Del Teatro; rejoins Muirlands Drive and Nautilus Street; and finally ends at Fairway Road and the Muirlands Pump Station (PS). It will connect the Muirlands PS to the south Soledad Muirlands (725 Zone) to provide backup supply to the 725 Zone, and to solve fire flow deficiency and maintain peak pressures.","Current distribution grid has insufficient capacity to not only meet fire flow requirements, but is a bottleneck that leads to two isolated portions of the 725 Zone. If either of the pump/reservoir tandems that feed the zone go out of service, feed from the other tandem could not effectively be moved across the zone.",0,100000,240258,833222,7457885,400776,0
2011,"Lindbergh Field 16"" Cast Iron Main Replacement / S10055",546,Public Utilities,,2013,2014,Council District: 2; Community Plan: Midway - Pacific Highway,1540000,6820000,This project replaces 2.65 miles of pipeline and relocates the 16-inch cast iron transmission main from adjacent to the departure taxiway at Lindbergh Field to the public street which is more accessible for oper­ ation and maintenance.,"In case of a pipe failure requiring Water Operations to work emergency repair, the pipeline must be relocated to a location outside the secured Airport property that is more accessible for operation and maintenance. The 12-inch and 16-inch cast iron pipe was installed in 1940's.",0,0,4882733,397267,0,0,0
2011,Little McGonigle Ranch Road Pipeline / S00069,547,Public Utilities,,,,"Council District: 1; Community Plan: Del Mar Mesa, Pacific Highlands Ranch",757000,757000,"This project provides for the construction of approximately 15,800 linear feet of 30-inch diame­ ter water transmission pipeline in Carmel Mountain Road and Little McGonigle Ranch Road within the Del Mar Mesa and Pacific Highlands Ranch Communities to provide capacity for both Del Mar Mesa and Pacific Highlands Ranch.",The pipeline is required to provide capacity in the water system to adequately supply the demand resulting from the build-out of the Del Mar Mesa and Pacific Highlands Ranch communities.,0,0,0,0,0,0,0
2011,Otay 1st / 2nd PL Abandonment West of Highland / S12016,548,Public Utilities,,2012,2015,"Council District: 3; Community Plan: Greater North Park, City Heights",0,27278464,"This project provides for replacement of Otay 1st and 2nd Pipeline (west of Highland Avenue, along the existing Otay 2nd alignment). It will replace 14,572 linear feet of existing cast iron Otay 2nd Pipeline with a new 42-inch Wightman St. Pipeline line, primarily along existing Otay 2nd alighment from Highland Avenue and Polk Avenue to the University Heights Reservoir at Howard Avenue and Idaho Street. The reach on Highland Avenue includes replacement of 1,328 linear feet of the existing cast iron Otay 1st Pipeline. It will also replace 10,896 linear feet of the cast iron Otay 1st Pipeline from Highland and Polk to the University Heights Reservoir with a 16-inch distribution line.","This project will develop a replacement and/or abandonment plan to remove the existing castiron segments of pipeline west of Highland Avenue. Cast iron reaches of the Otay 1st and 2nd Pipelines are neither safe nor reliable facilities, and may contribute to poor water quality.",0,100000,2916389,10656593,13605482,0,0
2011,Otay 1st/2nd Pipeline Abandonment East of Highland / S11027,549,Public Utilities,,2012,2015,"Council District: 3, 4; Community Plan: City Heights (Mid-City), Eastern Area (Mid-City)",63250,6840000,"This project will abandon 13,000 feet of Otay 1st and Otay 2nd cast iron transmission mains that are no longer required; construct 2,874 feet of 16-inch pipeline; abandon a section of 36-inch Otay 2nd Pipeline from Highland and Wightman east to 54th Street and Chollas Station Road; reconnect all services to existing distribution mains; remove all exposed sections of the line; abandon portions of 30-inch and 36-inch Otay 1st Pipeline from Highland and Landis east to 54th Street and Chollas Station Road; construct 2,874 linear feet of new 16-inch distribution line from a 12-inch line at University Avenue and Winona Avenue to Altadena Avenue south of Sterling Court (current 16-inch connection to Otay 2nd PL) via Winona, Wightman Street and Alta­ dena Avenue.","This project will abandon 13,000 feet of cast iron pipelines. The cast iron Otay 1st and 2nd Pipelines were built in 1915 and 1930, respectively. Cast iron may contribute to pipe failure and the California Department of Public Health (CDPH) has mandated that all cast iron pipes be replaced.",0,1000000,0,5226750,550000,0,0
2011,Otay Second Pipeline Improvements / S00032,550,Public Utilities,,2016,2017,"Council District: 4, 8; Community Plan: Skyline - Paradise Hills, Southeastern San Diego",24421343,25468725,This project provides funding to evaluate the condition of existing pipelines and to make appro­ priate upgrades and replacements to the water pipeline.,"This pipeline was originally installed in 1928 and has exceeded its useful life expectancy of 60 years. Breaks in the pipeline have revealed severe pipe corrosion in certain locations, requiring upgrades and replacement.",0,0,0,0,0,74048,973335
2011,Pacific Beach Pipeline / S12015,551,Public Utilities,,2012,2017,"Council District: 2; Community Plan: Pacific Beach, Midway - Pacific Highway, Mission Bay Park",0,14894889,"This project provides for replacement of 16,586 linear feet of 16-inch cast iron Pebble Beach pipeline with a new 24-inch pipeline, from Sea World Drive and West Mission Bay Drive to Foothill Boule­ vard. and Tourmaline Street. The project includes 1,744 linear feet of dual 16-inch pipeline hung from two bridges (bridge to Vacation Island and Fisherman's Channel Bridge). It will install a 16-inch parallel pipeline segment: 2,950 linear feet from Sea World Drive and West Mission Bay Drive to 8-inch connection just south of the bridge to Vacation Island, and 1,824 linear feet of 12-inch parallel line on Vacation Island.","This project is needed to replace cast iron pipe, provide supply reliability to Pacific Beach, improve water quality, reduce energy waste at the Miramar County Water Authority Pumpback facility, reduce peaking problems in the Miramar Water Treatment Plant service area, and to provide supply flexibility (Alvar­ ado vs. Miramar).",0,250000,511677,3764724,5622000,4201106,545382
2011,Pressure Reduction Facility Upgrades / AKA00002,552,Public Utilities,,2012,2017,Council District: Citywide; Community Plan: Citywide,500000,5000000,"This annual allocation provides for replacing existing pressure reducing stations, or expanding pressure capacities to meet present and future water demands.",Increasing demands for water throughout the City dictate the need to better control water pres­ sure throughout the City's system. This annual allocation will continue to fund the replacement and expansion of pressure reduction facilities.,0,500000,1000000,1000000,1000000,0,1000000
2011,Proctor Valley Off-Highway Vehicle Barrier / S00068,553,Public Utilities,,,,Council District: Non-city; Community Plan: Non City,425754,425754,"This project replaces an existing barbed wire fence with a steel pipe barrier, based on the US Forest Service barrier designed, along both sides of the 1.3 miles of Proctor Valley Road that runs through Water Fund land, north of Upper Otay Reservoir.","City property is designated Multiple Species Conservation Program Cornerstone Lands. His­ toric use by off roaders has significantly deteriorated the biological resources on the property, including vernal pools. City property is adjacent to and provides access to the federal and State preserve lands.",0,0,0,0,0,0,0
2011,South County Raw Water Reservoir Intertie Study / S00066,554,Public Utilities,,,,Council District: Citywide; Community Plan: Citywide,780000,780000,"This study will examine the feasibility and benefit of connecting four outlying reservoirs (Love­ land, Murray, San Vicente, and El Capitan) to more efficiently operate the City's raw water reservoirs. The study will be performed in conjunction with the Secretary of the Interior and the Sweetwater Authority. These funds will be the City's share of a match to the federal funding.",This study will look for ways to improve the water supply reliability and operational efficien­ cies of the existing reservoirs.,0,0,0,0,0,0,0
2011,Torrey Pines Road/La Jolla Blvd Main Replacement / S00003,555,Public Utilities,,2013,2013,Council District: 1; Community Plan: La Jolla,3696301,3940411,"This project provides for the replacement of approximately 31,496 linear feet of aged 16-inch cast iron pipe along Torrey Pines Road and La Jolla Boulevard.",This pipeline improvement project is necessary to prevent water pipe breaks and to ensure a continuous water supply to the La Jolla community.,0,0,244109,0,0,0,0
2011,Water CIP Reserve / S00048,556,Public Utilities,,,,Council District: Citywide; Community Plan: Citywide,5000000,5000000,This project provides for an emergency financial reserve for Water Fund capital improvement projects.,This reserve is required to comply with the stipulation in the Bond Counsel.,0,0,0,0,0,0,0
2011,Fitting Facility Expansion / S10042,558,Public Works - General Services,Bldg - Operations Facility,2012,2012,Council District: 4; Community Plan: Encanto Neighborhoods (Southeastern),850000,1025000,This project allows for the expansion of the existing vehicle fitting facility located at the Chollas Operations Yard. The expansion will increase the facility from one service bay to six service bays and will include office space. The project will also provide equipment necessary for operations.,"The fitting facility is responsible for outfitting new vehicles and placing them into service as well as preparing retired vehicles for auction. With the consolidation of the fleet to include Police and Fire vehi­ cles, the workload has significantly increased. Additionally, as part of the fleet consolidation, the repair facility located at 20th and B was closed. The vehicles serviced at that location as well as the personnel were transferred to the repair facility at the Chollas Operations Yard. The existing building does not have sufficient space to accommodate the personnel.",0,175000,0,0,0,0,0
2011,Americans with Disabilities Improvements / ABE00001,559,Public Works - General Services,Bldg - Other City Facility,2012,2012,Council District: Citywide; Community Plan: Citywide,28787189,30318218,This annual allocation provides for City facilities and public right of way improvements related to the Americans with Disabilities Act (ADA). Funding ADA obligations is one of the Mayor's eight signifi­ cant areas.,ADA improvements will allow greater access to City facilities and public right of way for resi­ dents.,0,1531029,0,0,0,0,0
2011,Beach Area Family Health Care / S01029,560,Public Works - General Services,Bldg - Other City Facility,,,Council District: 2; Community Plan: Mission Beach,30918,30918,This project provides for improvements to the Family Health Center of San Diego / Beach Area Family Care Center. The scope of work for this project includes the replacement of the building's heating sys- tem.,Improvements will enhance the facility for residents of the community who utilize the center.,0,0,0,0,0,0,0
2011,City Administration Building / S00819,561,Public Works - General Services,Bldg - Other City Facility,,,Council District: 2; Community Plan: Centre City,1198000,5398000,"This project provides for the installation of a fire sprinkler system and upgrading the existing fire alarm system at the City Administration Building located at 202 C Street in Centre City. One component of the project is asbestos spot abatement. All work will be performed during non-working hours allowing the facil­ ity to remain occupied and operational during construction. Phase I provided for the installation of fire sprin­ klers on the 10th, 14th, and 15th floors. Phase II provided for the installation of eight-inch stand pipes and eight-inch basement lateral pipes. Phase III provided for the installation of sprinklers in the basement and on the 11th and 13th floors and a fire alarm system in the basement and on the 10th, 11th, and 13th floors. Included in Phase III was abatement of amosite ceiling tile on the 11th floor. Phase IV will provide for the installation of sprinklers and alarm system for the 1st through the 9th, and 12th floors. Spot asbestos abatement will not be required on the 6th and 7th floors due to prior asbestos abatement.",This facility currently does not comply with Council Ordinance O-17172 requiring sprinkler retrofitting for high-rise buildings.,4200000,0,0,0,0,0,0
2011,City Facilities Improvements / ABT00001,562,Public Works - General Services,Bldg - Other City Facility,2012,2016,Council District: Citywide; Community Plan: Citywide,35618799,226918799,"This annual allocation provides for capital improvements at City facilities. Potential improve­ ments include roof, heating,ventilation, air-conditioning and elevator replacements.",Several City-owned facilities are aged and in need of repair. High-priority repairs will be com­ pleted with this project. Funding for this annual allocation will ensure the facilities remain safe.,36000000,31300000,31000000,31000000,31000000,31000000,0
2011,Downtown Parking Projects / S01080,563,Public Works - General Services,Bldg - Other City Facility,,,"Council District: 2, 8; Community Plan: Centre City",1059865,1059865,"This project provides funding to implement and facilitate projects and programs to maximize the use of existing parking resources. Parking management projects and programs include design and implementa­ tion of a wayfinding-parking program throughout downtown that places directional signs in the Downtown San Diego area, implementation of residential parking permits, and payment of debt service. These funds have also been pledged for the payment of 6th Avenue and Market Street, and 6th Avenue and K Street parking facilities.","The Redevelopment Plan of the Centre City Redevelopment Area calls for the elimination of blight in Centre City. The Redevelopment Plan was adopted on May 11, 1992 by Council Ordinance O-17767. The Parking Meter Revenue Allocation Policy (Council Policy 100-18) was adopted on March 4, 1997 and the Comprehensive Downtown Parking Plan was adopted on December 2, 1997.",0,0,0,0,0,0,0
2011,La Jolla Parking Structure / S00897,564,Public Works - General Services,Bldg - Other City Facility,,,Council District: 1; Community Plan: La Jolla,50000,50000,This project provides for the design of a parking structure in the La Jolla community.,This project will assist with parking concerns in the La Jolla community.,0,0,0,0,0,0,0
2011,Mission Beach Community Clinic - ADA Improvements / S01092,565,Public Works - General Services,Bldg - Other City Facility,,,Council District: 2; Community Plan: Mission Beach,19897,19897,"This project provides the required upgrades to improve Americans with Disabilities Act (ADA) accessibility to the Mission Beach Community Clinic in compliance with the ADA. The scope of work for this project includes upgrading the accessible parking, wing area, plaza and patio area, providing an accessible path of travel from the sidewalk, and accessible parking to the picnic area and building entrance, and upgrades to the men's and women's restrooms.","These improvements are necessary to provide ADA accessibility to the facility from the street, improving the ADA ramp and modifications to the restrooms, which does not meet all of the current ADA requirements.",0,0,0,0,0,0,0
2011,Modernization of Elevators - City Admin Building / S00697,566,Public Works - General Services,Bldg - Other City Facility,,,Council District: 2; Community Plan: Centre City,824476,824476,This project provides for the modernization of the elevators in the City Administration Building.,The four elevators at the City Administration Building were modernized in 1987 and are heav­ ily used by city staff and the public. Technological advancement through the years has rendered the elevator controllers outdated.,0,0,0,0,0,0,0
2011,Modernization of Elevators - Evan B. Jones Parkade / S00698,567,Public Works - General Services,Bldg - Other City Facility,,,Council District: 2; Community Plan: Centre City,805926,805925,This project provides for the modernization of the elevators at the Evan V. Jones Parking facili- tiy (Parkade).,"The Evan V. Jones Parking facility, popularly known as the City Parkade, is utilized by the pub- lic and City staff and is open 7-days a week/24-hours a day. The four elevators at this facility were originally installed in 1977 and are heavily used. Technological advancement through the years has rendered the elevator controllers obsolete and difficult to maintain.",0,0,0,0,0,0,0
2011,Palisades Building Ramp - ADA Improvements / S00620,568,Public Works - General Services,Bldg - Other City Facility,,,Council District: 3; Community Plan: Balboa Park,70000,70000,This project provides for the construction of a pedestrian ramp at the entrance of the Palisades Building in Balboa Park to comply with the Americans with Disabilites Act (ADA).,The ADA ramp will increase public access to the Balboa Park Palisades Building.,0,0,0,0,0,0,0
2011,Roof Replacement / ABT00002,569,Public Works - General Services,Bldg - Other City Facility,,,Council District: Citywide; Community Plan: Citywide,864365,864365,"This annual allocation provides needed roof replacements at various City facilities. This project has funded various roof replacements including Museum of Art, Museum of Man, Old Globe Theater and Bud Kearns Pool.","This annual provides roof replacements for various city facilities that are beyond their life cycle and are in need of total roof replacements. Leaky roofs damage other building infrastructure and building sys­ tems (electrical, interiors, carpets, etc.) increasing repair or replacement costs. Sustainable maintained roofs preserve the life cycle expectancy of a building.",0,0,0,0,0,0,0
2011,The World Beat Center / S01025,570,Public Works - General Services,Bldg - Other City Facility,,,Council District: 3; Community Plan: Balboa Park,25000,25000,This project provides for improvements to the World Beat Center facility. The scope of work includes the design and construction of a new ventilation system.,Improvements will enhance the facility for residents of the community that utilize the center.,0,0,0,0,0,0,0
2011,QUALCOMM Stadium / ABG00001,573,QUALCOMM Stadium,,2013,2017,Council District: 6; Community Plan: Mission Valley,1500000,5250000,"This annual allocation provides for needed improvements at QUALCOMM Stadium, including the electrical system, parking lot and stadium seating areas.","QUALCOMM Stadium enriches the quality of life through a variety of hosted events, and serves as a visitor attraction that strengthens the local economy. As the stadium ages, regular upgrades and ren­ ovations are required for various components of the facility.",0,0,750000,750000,750000,750000,750000
2011,Evan V. Jones Parkade Parking Equipment Upgrade / S11034,575,Real Estate Assets,Bldg - Other City Facility,2012,2012,Council District: 2; Community Plan: Centre City,450000,550000,The project provides for the furnishing and installation of fully automated parking garage equip­ ment upgrades which will allow visitors to utilize self-service pay machines or credit card pay-in-lane. New basic equipment will include ticket machines; pay-on-foot and pay-in-lane machines; credit card machine; and intercoms.,"The project will improve ingress and egress to the parking facility. It will improve the overall traffic flow. It will reduce time to exit due to transactions occurring in advance, i.e. prior to the parker retrieving their vehicle, which only requires submission of the paid ticket to the acceptor at the exit gate. It also centralizes the supervision via a command center operation. Intercoms will also allow immediate response to customer ser­ vice issues and monitoring of entrance and exit gate activity.",0,100000,0,0,0,0,0
2011,Beach Area Low Flow Storm Drain Diversion / S00603,577,Transportation & Storm Water,,,,"Council District: 1, 2; Community Plan: La Jolla, Pacific Beach",7754755,7754755,"This project provides for the beach area interception and diversion of sewer spills and storm drain low-flows. Federal grants are available for 55 percent of the construction costs for Phase II, which has 10 sites and Phase III, which has 11 sites.","This project provides for returning dry weather sewer overflows and low flow storm runoff to the sewer, preventing pollution in the beach areas.",0,0,0,0,0,0,0
2011,La Jolla Ecological Reserve Area of ASBS / S00607,578,Transportation & Storm Water,,2012,2012,Council District: 1; Community Plan: La Jolla,3453150,5113150,This project provides low flow diversion systems for four storm drain outfalls that discharge directly into the La Jolla Ecological Reserve Area of Special Biological Significance (ASBS 29).,"This project will divert non-storm water discharges during the dry season from reaching La Jolla Shores, which minimizes harmful pollutants from entering this significant biological and recreational resource.",0,1660000,0,0,0,0,0
2011,Low Flow Telemetry System / S01096,579,Transportation & Storm Water,,,,"Council District: 1; Community Plan: La Jolla, Pacific Beach",619672,619672,This project will provide for the design and construction of a central telemetry system for moni- toring and control (SCADA) of low flow diversions.,"This project, if completed, would have provided for a centralized telemetry system for the mon- itoring of coastal low flow diversions.",0,0,0,0,0,0,0
2011,Mission Bay Sewer Interceptor System / S01095,580,Transportation & Storm Water,,,,"Council District: 1, 2, 6; Community Plan: Peninsula, Mission Beach, La Jolla, Ocean Beach",2317550,2317550,This project will upgrade 31 low flow diversion sites in Mission Bay. These sites divert storm water runoff from the storm drain to the sewer system during low flow conditions.,"This project rehabilitates and upgrades various low flow diversion systems. The Mission Bay low flow diversions have been in operation since 1987 and need rehabilitation and upgrades to bring them up to current safety and operational standards. The sub-systems of 31 sites were identified to be in need of repair because of salt water corrosion, outdated instrumentation and control equipment, and poor access for mainte­ nance personnel.",0,0,0,0,0,0,0
2011,Rose & Tecolote Creeks Water Quality Improvements / ACC00002,581,Transportation & Storm Water,,,,Council District: 6; Community Plan: Clairemont Mesa,1061348,1061348,This project proposes Storm Water Best Management Practices (BMP's) to address pollutants of concern in the Tecolote Creek sub-watershed. A green street consisting of several biofiltration basins will be constructed at various points in the neighborhood around Mount Abernathy Avenue. The basins will reduce the amount of storm water runoff that reaches the storm drain system.,This project addresses pollutants of concern within the Rose and Tecolote Creek watersheds which satisfies the watershed-based water quality activity requirements in the Regional Water Quality Board's Municipal Storm Water Permit.,0,0,0,0,0,0,0
2011,Rose/Tecolote Creeks Water Quality Improvements / S10002,582,Transportation & Storm Water,,,,"Council District: 2, 6; Community Plan: Clairemont Mesa, Linda Vista, Pacific Beach, University",1108652,1108652,"This project provides for improvements to the water quality in the Rose and Tecolote Creek watersheds. Utilizing existing storm water monitoring data, best managemet practices (BMPs) will be devel­ oped to address pollutants of concern within these watersheds. BMPs are structural controls, such as vegetated swales and strips, infiltration basins, wet ponds, constructed wetlands, and filtration systems. Initially, entire watersheds will be evaluated to identify potential areas for water quality enhancement. These areas will then be prioritized and a few locations will be selected for implementation of structural controls, including baseline and post-construction water quality monitoring. The City completed the construction of the first BMP in Fiscal Year 2006 and a baffle-box was installed in the Tecolote Creek sub-watershed. A second BMP includes a right­ of-way landscape infiltration project in the Clairemont Mesa community in the Tecolote Creek sub-watershed.",This project addresses pollutants of concern within the Rose and Tecolote Creek watersheds which satisfies the watershed-based water quality activity requirements in the Regional Water Quality Board's Municipal Storm Water Permit.,0,0,0,0,0,0,0
2011,Watershed CIP / ACC00001,583,Transportation & Storm Water,,2012,2012,Council District: Citywide; Community Plan: Citywide,7356801,8156719,"This project provides for the design and construction of watershed capital projects. These proj­ ects, in conjunction with non-structural water quality projects, address storm drain discharge water quality stan­ dards.",The purpose of these projects is to remove pollutants from storm water before it enters our pub­ lic waterways or to reuse the storm water and keep it from entering public waterways. This results in reduced pollutants entering the ocean and various San Diego rivers and bays. These projects satisfy watershed-based water quality activity requirements in the Regional Water Quality Control Board's Municipal Storm Water National Pollutant Discharge Elimination System (NPDES) permit.,0,799918,0,0,0,0,0
2011,62nd to 65th Street Channel Improvements / S00926,584,Transportation & Storm Water,,,,Council District: 4; Community Plan: Southeastern San Diego,75000,75000,This project provides for the installation of an upgraded fence along the existing drainage chan- nel between 62nd and 65th Streets.,This project is required in order to prevent unauthorized access to the drainage channel.,0,0,0,0,0,0,0
2011,Carmel Country Road Low Flow Channel / S00969,585,Transportation & Storm Water,,,,Council District: 1; Community Plan: Carmel Valley,1712000,1712000,"This project provides a permanent hard bottom, low flow channel from Carmel Country Road to the first drop structure west.",This project will provide for relief of water ponding under the Carmel Country Road Bridge and to the east of the bridge on the Palacio Del Mar property. This condition has created a health and safety issue for area residents.,0,0,0,0,0,0,0
2011,Santa Clara Pump Station / S00604,586,Transportation & Storm Water,,,,Council District: 2; Community Plan: Mission Beach,1885665,1885665,This project provides for eliminating the submerged outfall and for relocating and/or modifying the existing control system at the Storm Water pump station at Santa Clara Point in Mission Beach.,"This project will improve the reliability of the pump station, thus preventing potential flooding of City streets.",0,0,0,0,0,0,0
2011,34th Street Storm Drain / S11001,587,Transportation & Storm Water,,,,Council District: 3; Community Plan: Golden Hill,75000,75000,This project provides for improved flood control by upgrading the existing pipe and outfall along 34th Street.,This project will alleviate frequent flooding during normal storm events as a result of the cur­ rent undersized storm drain and reduce slope erosion due to runoff discharges into an adjacent canyon.,0,0,0,0,0,0,0
2011,Alta La Jolla Drive Drainage Repair Phase II / S10001,588,Transportation & Storm Water,,,,Council District: 1; Community Plan: La Jolla,1006105,1006105,This project will repair the erosion and damage to the lower La Jolla Canyon bounded by Alta La Jolla Drive and the cul-de-sac at Vickie Drive.,This project is part of the settlement agreement and limited release entered into by the La Jolla Alta Master Council and the City of San Diego.,0,0,0,0,0,0,0
2011,Balboa Park/Florida Canyon Storm Drain Repairs / S01064,589,Transportation & Storm Water,,,,Council District: 3; Community Plan: Balboa Park,1370000,1370000,"This project provides for evaluation, design, and construction to repair a damaged storm drain that leads from Park Boulevard and the San Diego Zoo parking lot into the Florida Canyon creek bed.","This project repairs a damaged storm drain caused by erosion of a gully that spans the entire length of Florida Canyon, from Park Boulevard east to the creek bed. This project will repair the storm drain to prevent further erosion and allow a north-south trail access to continue through the west side of Florida Canyon.",0,0,0,0,0,0,0
2011,Coolidge Street Storm Drain / S11003,590,Transportation & Storm Water,,,,Council District: 6; Community Plan: Linda Vista,75000,75000,This project provides for improved flood control by upgrading the existing pipe and inlet along Coolidge Street.,This project will alleviate frequent flooding during normal storm events as a result of the cur­ rent undersized storm drain.,0,0,0,0,0,0,0
2011,Drainage Projects / ACA00001,591,Transportation & Storm Water,,2012,2016,Council District: Citywide; Community Plan: Citywide,22712712,257876727,This annual allocation provides for reconstructing or replacing failed drainage facilties citywide.,"This project provides for the high priority redesign and reconstruction of existing storm drain structures. There are currently over 900 miles of storm drains in the City of San Diego. These storm drains can fail because of a variety of reasons (system material, age, earth movement, etc). The Operations and Mainte­ nance Section of the Storm Water Division regularly cleans these systems and performs minor repairs; however, they often come across storm drain systems that require redesign and reconstruction.",47000000,38325000,37633204,37605529,37600283,37000000,0
2011,Hayes Ave Storm Drain / S11002,592,Transportation & Storm Water,,,,Council District: 3; Community Plan: Uptown,75000,75000,This project provides for improved flood control by upgrading the existing pipe along Hayes Street.,This project will alleviate frequent flooding during normal storm events as a result of the cur- rent undersized storm drain pipe.,0,0,0,0,0,0,0
2011,Hinson Place Storm Drain Replacement / S10057,593,Transportation & Storm Water,,,,Council District: 3; Community Plan: Greater North Park,590000,590000,This project involves replacement of existing deteriorated corrugated metal pipe and outfall and restores the adjacent slope at Hinson Place which will benefit the Greater North Park Community.,Replacement is required to prevent flooding and potential damage to surrounding structures.,0,0,0,0,0,0,0
2011,Judy Lee Place Storm Drain Replacement / S10052,594,Transportation & Storm Water,,,,Council District: 7; Community Plan: Mid-City: Eastern Area,385000,385000,This project involves replacement of existing deteriorated corrugated metal pipe and outfall and restores the adjacent slope.,Replacement is required to prevent flooding and potential damage to surrounding structures.,0,0,0,0,0,0,0
2011,Manhassett Drive Storm Drain System Upgrade / S11005,595,Transportation & Storm Water,,,,Council District: 7; Community Plan: College Area,60000,60000,This project provides for improved flood control by upgrading the existing pipe inlet along Man­ hassett Drive.,This project will alleviate frequent flooding during normal storm events as a result of the cur­ rent undersized storm drain.,0,0,0,0,0,0,0
2011,Maryland Street Storm Drain Replacement / S10056,596,Transportation & Storm Water,,,,Council District: 2; Community Plan: Uptown,295000,400000,This project involves replacement of existing deteriorated corrugated metal pipe within the right of way easement.,Replacement is required to prevent flooding and potential damage to surrounding structures.,105000,0,0,0,0,0,0
2011,Murphy Canyon Road Storm Drain Repair / S01098,597,Transportation & Storm Water,,,,Council District: 6; Community Plan: Kearny Mesa,5025271,5025271,"The project provides for the replacement of approximately 1,150 linear feet of 54-inch storm drain pipe. The existing pipe is deteriorated and not functioning as required.",This project replaces the existing 54-inch deteriorated and failed storm drain pipe. It will elimi­ nate flooding and maintenance clean-up.,0,0,0,0,0,0,0
2011,Ransom Street/Darwin Way Storm Drain Repairs / S00601,598,Transportation & Storm Water,,,,Council District: 8; Community Plan: Otay Mesa - Nestor,1157000,1157000,This project provides for a replacement storm drain pipe at Darwin Way and Ransom Street. Approximately 490 feet of 42-inch and 610 feet of 24-inch corrugated metal pipe will be replaced with rein­ forced concrete pipe.,The existing corrugated metal pipe under Darwin Way and Ransom Street is badly corroded and has created sinkholes on Ransom Street. Replacement is needed to prevent flooding of the streets.,0,0,0,0,0,0,0
2011,San Remo Way Storm Drain / S11004,599,Transportation & Storm Water,,,,Council District: 2; Community Plan: Peninsula,150000,150000,This project provides for improved flood control by upgrading the existing pipe along San Remo Way.,This project will alleviate frequent flooding during normal storm events as a result of the cur- rent undersized storm drain.,0,0,0,0,0,0,0
2011,TV/Evaluation-Storm Drain Corrugated Metal Pipes / S00608,600,Transportation & Storm Water,,,,Council District: Citywide; Community Plan: Citywide,355248,355248,This project televised and evaluated 13 miles of corrugated metal pipe storm drains to identify sites for replacement or realignment.,This project will identify the sites at high risk to property and other elements for immediate repair/replacement or re-alignment. The resulting product will be an identification of the deficient systems and a ranking to identify the critical drainage projects. Storm drain projects will be initiated based on the ranking and funding availability.,0,0,0,0,0,0,0
2011,Uptown Community Storm Drainage / S10060,601,Transportation & Storm Water,,,,"Council District: 2, 3; Community Plan: Uptown",150000,150000,"This project will provide for the installation, reconstruction, and upgrading of street pavement, curbs, gutters, and storm drains at various locations throughout the community. This project also provides for an initial study to specifically identify the required projects.",This project is needed to provide extensive improvements and increase the drainage capacity in the right-of-way.,0,0,0,0,0,0,0
2011,Fashion Valley Road Restoration / S00610,602,Transportation & Storm Water,,,,Council District: 6; Community Plan: Mission Valley,1876519,1876519,This project provides for the replacement of the failed corrugated metal pipes under the roadway at the San Diego River Crossing and for the restoration of the roadway.,"The road collapsed on December 30, 2004 due to the failure of six corrugated metal pipes under the roadway. The road is located in the floodplain zone and is, therefore, subject to inundation during heavy flows in the river as a result of high intensity rainfall. The road was repaired and in operation before the end of October 2005. The project is eligible for FHWA reimbursement.",0,0,0,0,0,0,0
2011,54th Street/Euclid Avenue Bikeways / S00956,603,Transportation & Storm Water,,,,"Council District: 3, 4; Community Plan: Southeastern San Diego, College Area",130000,130000,This project provides for the installation of Class II Bike Lanes on 54th Street between Trojan and Euclid Avenues and for Class III Bike Route signage and pavement markings along Euclid Avenue between 54th Street and Market Street.,This project will close a gap in bicycle routes between the College Area and Southeastern San Diego and its neighborhoods and provide a safer route for bicyclists.,0,0,0,0,0,0,0
2011,Balboa Ave/Tierrasanta Blvd Bikeway / S00957,604,Transportation & Storm Water,,,,"Council District: 6, 7; Community Plan: Clairemont Mesa, Kearny Mesa, Tierrasanta",250000,250000,"This project provides for the installation of 13.5 miles of Class II bike lanes on Balboa Avenue from Morena Boulevard to Interstate 15 and on Tierrasanta Boulevard from Interstate 15 to Santo Road, and .7 miles of Class III bike route on Balboa Avenue from Mission Bay Drive to Morena Boulevard.",This project will facilitate the use of bicycles in the area.,0,0,0,0,0,0,0
2011,Bayshore Bikeway / S00944,605,Transportation & Storm Water,,2012,2012,Council District: 8; Community Plan: Otay Mesa - Nestor,696410,846410,This project provides for constructing a Class I bikeway from the northern end of 13th Street to Main Street at the Interstate 5 interchange at the southeast corner of San Diego Bay.,This project completes the missing segment of the planned bike path around San Diego Bay from Point Loma to Coronado.,0,150000,0,0,0,0,0
2011,Bicycle Master Plan / S00948,606,Transportation & Storm Water,,,,Council District: Citywide; Community Plan: Citywide,275000,275000,"This project updates the current Bicycle Master Plan that was completed in 2002. This update provides for documenting existing conditions and making recommendations for future bicycle facilities. It is an essential reference tool for updating community plans, and for use in reviewing development proposals and street improvement plans.","To facilitate grant fund applications, a new Master Plan is required to update the existing 2002 Bicycle Master Plan.",0,0,0,0,0,0,0
2011,Bicycle Parking at the Border / S00953,607,Transportation & Storm Water,,,,Council District: 8; Community Plan: San Ysidro,23300,23300,"This project provides for installation of 180 bike racks at an existing state-owned lot addressing some of the deficiencies in available bicycle parking near the border. This project is a cooperative effort between the City of San Diego, Caltrans, and the Metropolitan Transit Development Board for joint construc­ tion of a surface to support the racks. Caltrans is the lead agency for this project.","A recent count showed that about 2,000 bicycles are crossing the border each day. There are insufficient parking facilities to accommodate the large number of bicycles in the area. This project provides for installation of 180 bike racks at an existing State-owned lot addressing some of the deficiencies in available bicycle parking near the border.",0,0,0,0,0,0,0
2011,Coastal Rail Trail / S00951,608,Transportation & Storm Water,,2012,2012,"Council District: 1; Community Plan: Torrey Pines, University",1427188,21905754,This project provides for identifying the best alignment for a bikeway route of approximately 10 miles between Sorrento Valley/Carmel Valley Rd to the Gilman Drive/I-5 Intersection.,"This project is part of a larger multi-jurisdictional project, which proposes a bikeway along the coast in the cities of Oceanside, Encinitas, Solana Beach, Carlsbad, Del Mar, and San Diego. It is intended to provide regional connectivity for both commuting bicylists and recreational activities.",19925629,552936,0,0,0,0,0
2011,Congress Street Bicycle Facility / S11037,609,Transportation & Storm Water,,,,Council District: 2; Community Plan: Old San Diego,50000,50000,This project will install a bicycle facility on Congress Street from Ampudia Street to Taylor Street.,This project will provide for improved safety for bicyclists.,0,0,0,0,0,0,0
2011,Congress Street-San Diego Avenue Bicycle Facility / S11038,610,Transportation & Storm Water,,,,Council District: 2; Community Plan: Old San Diego,50000,50000,This project will install a bicycle facility on Congress Street from Ampudia Street to Washing­ ton Street.,This project will provide for improved safety for bicyclists.,0,0,0,0,0,0,0
2011,Darkwood Canyon Connector Study / S00736,611,Transportation & Storm Water,,,,Council District: 1; Community Plan: Rancho Penasquitos,50000,50000,The project provides for a feasibility study for a bike lane connection between the State Route 56 Bike Path and Park Run Road and is a part of the State Route 56 Corridor Study.,Bicyclists would otherwise only be able to access the bikepath from the adjacent freeway inter­ changes of Black Mountain Road or Camino Ruiz. Providing this direct connection would reduce the out-of­ direction travel for accessing the bikepath and would also positively influence the potential usage by bicyclists.,0,0,0,0,0,0,0
2011,El Camino Real/State Route 56 Bike Path Connector / S00981,612,Transportation & Storm Water,,,,Council District: 1; Community Plan: Carmel Valley,267500,267500,This project will provide a pervious pavement bike path connector and a driveway apron on the east side of El Camino Real in order to provide access to the State Route 56 Bike Path.,This project is required in order to provide a safe method of bicycle access from street to trail.,0,0,0,0,0,0,0
2011,Friars Road/Pacific Highway Bicycle Path / S00947,613,Transportation & Storm Water,,,,"Council District: 6; Community Plan: Mission Valley, Linda Vista",80000,80000,This project provides for designing and constructing a Class I bike path connecting Friars Road to Pacific Highway.,This project will provide shortcut access between the one-way Class II east-bound bike paths on Friars Road to a one-way Class II bike path northbound on the Pacific Highway bridge.,0,0,0,0,0,0,0
2011,Interstate 5 Underpass - Bikeway/Ped Connector / S00982,614,Transportation & Storm Water,,2016,2016,Council District: 1; Community Plan: Carmel Valley,535000,1651010,"This project will provide the (missing) link between two existing bike/pedestrian paths: the regional bike connection that runs parallel to State Route 56 corridor, and the Sorrento Valley Road multi-use bike/pedestrian path, and will pass under Interstate 5, just south of the Carmel Mountain Road interchange.",Currently cyclists and pedestrians must use the shoulders of Carmel Valley Road to access the west side of I-5. High traffic volumes coupled with commercial driveways and freeway ramps make it difficult for pedestrians and cyclists to travel from one side of the freeway to the other.,0,0,0,0,0,1116010,0
2011,Kearny Villa Road Bike Lane Improvements / S00961,615,Transportation & Storm Water,,,,Council District: 6; Community Plan: Kearny Mesa,300000,300000,This project provides for the resurfacing and repair of damaged bicycle lanes on Kearny Villa Road between Miramar Way and State Route 163.,"The deteriorating asphalt in the bicycle lane causes bicyclists to ride close to the main travel lanes, where there are high volumes of high-speed traffic. This project will replace the existing bicycle lane with new asphalt and provide a safer route of travel for bicyclists.",0,0,0,0,0,0,0
2011,Kearny Villa Road Bike Path Study / S00966,616,Transportation & Storm Water,,,,Council District: 6; Community Plan: Kearny Mesa,100000,100000,"This project will provide for a feasibility study focusing on a long term solution to provide an alternative parallel facility to the existing bicycle lane on Kearny Villa Road, including possible operational improvements at the interchanges at State Route 163.",This project's goal is to increase bicycling as a viable commuting or recreational option.,0,0,0,0,0,0,0
2011,Minor Bike Facilities / AIA00001,617,Transportation & Storm Water,,2012,2015,Council District: Citywide; Community Plan: Citywide,388002,448002,"This annual allocation provides for the installation of signage, loop detection, and pavement markings for Class II bike lanes or Class III bike routes at various locations throughout the City on an as-needed basis.","This project will provide a funding source for small, low-cost bicycle projects.",0,15000,15000,15000,15000,0,0
2011,Mission Trails Regional Park/Mission Bay Bike Path / S00734,618,Transportation & Storm Water,,,,"Council District: 6; Community Plan: Navajo, Mission Valley",201500,201500,This project provides for various bikeway projects along the San Diego River Bike Path between Mission Trails and Mission Bay in the Mission Valley Community.,"This project will provide various, as-needed bikeways for bicyclists and pedestrians in the Mis­ sion Valley and Navajo communities.",0,0,0,0,0,0,0
2011,Ocean Beach/Hotel Circle Bicycle Path / S00949,619,Transportation & Storm Water,,,,"Council District: 2, 6; Community Plan: Ocean Beach, Mission Valley",3118884,3118884,"This project provides for a Class I bike path to connect the existing Ocean Beach bike path (at its easterly end) to Hotel Circle North, along the south side of the San Diego River.",This bike path is needed as a critical connection for bicyclists in this area in accordance with the Mission Valley Community Plan.,0,0,0,0,0,0,0
2011,Pacific Highway Bicycle Route / S11036,620,Transportation & Storm Water,,,,Council District: 2; Community Plan: Midway - Pacific Highway,10000,10000,This project will install a bicycle route from Pacific Highway to Enterprise Street to Barnet Ave- nue.,This project will provide for improved safety for bicycles.,0,0,0,0,0,0,0
2011,Park Blvd Bicycle Facility / S11035,621,Transportation & Storm Water,,,,"Council District: 2, 3, 7; Community Plan: Greater North Park, College Community, Kensington - Talmadge (Mid-City), Nor-",75000,75000,"This project will install a bicycle facility on Park Boulevard, Adams Ave/Monroe Ave/El Cajon Blvd between Interstate 5 and La Mesa City limits.",This project provides for improved safety for bicycles. This study is consistent with the Bicycle Master Plan which was adopted by City Council Resolution R-296581.,0,0,0,0,0,0,0
2011,Pedestrian Master Plan / S00737,622,Transportation & Storm Water,,2012,2012,Council District: Citywide; Community Plan: Citywide,341435,471435,"This project provides for the development of a comprehensive Pedestrian Master Plan to guide the way the City plans and implements pedestrian improvement projects to address safety, accessibility, connec­ tivity, and walkability. The plan will identify and prioritize pedestrian improvement projects based on technical analysis and community input.","The plan will identify the City's pedestrian needs list, improve the City's ability to implement pedestrian projects using its limited resources as effectively as possible, and improve the City's position to receive grant funding to construct such projects.",0,130000,0,0,0,0,0
2011,Poway Road Bicycle Path - Class I / S00943,623,Transportation & Storm Water,,,,Council District: 5; Community Plan: Sabre Springs,1600000,1600000,"This project provides for the construction of a Class I bicycle path (combined pedestrian and bicycle travel) easterly along the south side of Poway Road from the I-15/Poway Road interchange to Sabre Springs Parkway, approximately 1,950 feet in length. This project replaces the existing Class II bikeway located within the shoulder of Poway Road.","The Sabre Springs Community Plan encourges the development of a system of bikeways within the community, tying into the regional bicycle network.",0,0,0,0,0,0,0
2011,Rancho Bernardo Bikeway / S00962,624,Transportation & Storm Water,,,,Council District: 5; Community Plan: Rancho Bernardo,250000,250000,This project provides for the installation of three miles of Class II bike lanes on West Bernardo Drive from Rancho Bernardo Road to Aguamiel Road and on Bernardo Center Drive from West Bernardo Drive to Rancho Bernardo Road.,"This project completes gaps in the Rancho Bernardo community bicycle network, and connects to regional bicycle facilities. It also improves bicycle access to a number of community facilities, including a transit center, library, and schools.",0,0,0,0,0,0,0
2011,Rose Creek Bikeway / S00946,625,Transportation & Storm Water,,,,"Council District: 2, 6; Community Plan: Mission Bay Park, Pacific Beach",6800000,6800000,This project provides for design and construction of a pedestrian/bicycle bridge across Rose Creek and a paved Class I bike path to connect the westerly end of the new bridge to Pacific Beach Drive.,This project will close a gap in the existing network of bike paths and lanes in Mission Bay Park. The project will allow pedestrians and bicyclists to circumvent a much longer existing route along Grand Avenue.,0,0,0,0,0,0,0
2011,Ruffin Road/Murphy Canyon Road Bikeway Project / S00959,626,Transportation & Storm Water,,,,Council District: 6; Community Plan: Kearny Mesa,146200,146200,This proposed project will install 3.25 miles of Class II Bikeways from Kearny Villa Road to Murphy Canyon Road and upgrade the existing Class III facility on Murphy Canyon Road between Aero Drive to city limits that will connect to Murphy Canyon Road Bike Path.,This project will provide north and south connectivity to other bikeways within the city and will provide a safer route of travel for bicyclists.,0,0,0,0,0,0,0
2011,Safety in Traffic Education STEP Program / S00964,627,Transportation & Storm Water,,,,Council District: Citywide; Community Plan: Citywide,220000,220000,"This project provides for development of a public education campaign to promote safe use of streets by motorists, pedestrians, and bicyclists.","This project will result in a guide for a multi-media ad campaign to raise public awareness of the interactions of motorists, pedestrians, and bicyclists on City streets. Various aspects of the public education campaign will target specific elements of the traveling public. Additional funding will be required for cam­ paign implementation.",0,0,0,0,0,0,0
2011,San Diego River Bicycle Path / S00945,628,Transportation & Storm Water,,,,"Council District: 6, 7; Community Plan: Mission Valley, Navajo",259339,259339,This project provides for constructing 0.2 mile of Class I bikeway from Avenida del Rio easterly to the existing San Diego River Bike Path at Hazard Center Drive.,This project will provide for a link to the San Diego River Bike Path.,0,0,0,0,0,0,0
2011,San Diego River Multi-Use Path / S00958,629,Transportation & Storm Water,,,,Council District: 6; Community Plan: Mission Valley,1740000,1740000,"This project provides for a multi-use pedestrian and bicycle path under State Route 163 from Hazard Center Drive to Fashion Valley Mall on the north side of the San Diego River. The project includes a paved bicycle and pedestrian path, grading, fill, striping, signage, bollards, and lighting for the path including the State Route 163 undercrossing.",This project is part of the Bicycle Master Plan to guide the development and the creation of a firm foundation for a bicycle-friendly environment to serve bicyclists and pedestrians throughout the City. These improvements will benefit the community by increasing the mobility and safety through the enhancement of the bicycle path environment.,0,0,0,0,0,0,0
2011,San Diego River Multi-use Path / S00929,630,Transportation & Storm Water,,,,"Council District: 6, 7; Community Plan: Mission Valley, Navajo",75000,75000,This project provides for various bikeway projects along the San Diego River Bike Path between Mission Trails Park and Mission Bay.,"This project will provide an alternate to Old Town, Ocean Beach, Friars Road and Mission Gorge Road for bicyclists and pedestrians along the San Diego River and Navajo Community Plan.",0,0,0,0,0,0,0
2011,State Route 15 Bikeway Study / S00731,631,Transportation & Storm Water,,2013,2013,Council District: 3; Community Plan: City Heights (Mid-City),2452274,2507275,This project provides for the construction of a Class II and Class III bikeway along State Route 15 from Landis Street to Adams Avenue.,This project provides the needed bikeway/bike path parallel with State Route 15 from Landis Street to Adams Avenue.,0,0,55000,0,0,0,0
2011,State Route 56 Bike Interchanges / S00955,632,Transportation & Storm Water,,2012,2016,"Council District: 1; Community Plan: Black Mountain Ranch, Del Mar Mesa, Pacific Highlands Ranch, Rancho Penas-",3100000,11427000,"This project will provide for a bicycle path interchange and community connection points at Black Mountain Road, Camino Del Sur, Rancho Del Sol Way, and Torrey Meadows Drive along State Route 56.",Bicyclists and pedestrians traveling the SR-56 bicycle path and needing to cross through the interchange areas have to contend with high volumes of conflicting vehicular traffic. This project will expedite the movements along the bicycle path through and connecting to the interchange areas.,6822940,368492,0,605168,0,530400,0
2011,TDA - Bicycle Rings and Racks / S00968,633,Transportation & Storm Water,,,,Council District: Citywide; Community Plan: Citywide,50000,50000,This project will install bike rings and racks citywide and will promote bicyclist safety.,The project encourages bicycling as a viable communting or recreational option.,0,0,0,0,0,0,0
2011,TDA - India Street Improvement Study / S00967,634,Transportation & Storm Water,,,,Council District: 2; Community Plan: Uptown,50000,50000,This project provides for a feasiblity study and preliminary and environmental impact evaluation for providing improved bicycle access on India Street between Laurel Street and Washington Street.,"This project is needed to determine the required modification to a roadway that has heavy bicyle use, heavy auto use, and poor visibility through a lengthy freeway underpass.",0,0,0,0,0,0,0
2011,Taylor Street - Bikeway / S00965,635,Transportation & Storm Water,,,,Council District: 2; Community Plan: Old San Diego,250000,250000,"This project provides for the replacement of a bicycle lane on Taylor Street between Presidio Drive and Hotel Circle South, adjacent to Presidio Park.","Erosion has caused the cliffside at this location to destabilize. Temporary barriers are in place to prevent additional rockslide onto Taylor Street; however, these barriers have eliminated the bicycle lane. This project will re-establish the bike lane.",0,0,0,0,0,0,0
2011,University Ave/Alabama Bike & Ped Safety Imp / S00960,636,Transportation & Storm Water,,2012,2012,Council District: 3; Community Plan: Greater North Park,120000,750000,"This project provides for the restriping of University Avenue from east of Florida Street to the west side of Mississippi Street, including the two intersections of University Avenue at Alabama Street to pro­ vide a center refuge median and wider travel lanes to improve bicycle and pedestrian safety. This project will provide for the removal of parking on both sides of the street and eliminate left turns in and out of both intersec­ tions of University Avenue and Alabama Street.",Te project will provide a center refuge median and wider travel lanes to improve bicycle and pedestrian safety.,0,630000,0,0,0,0,0
2011,Villa La Jolla Drive Bicycle Route / S10014,637,Transportation & Storm Water,,,,Council District: 1; Community Plan: University,10000,10000,This project provides for the construction of one mile of Class III bicycle route on Villa La Jolla Drive from Nobel Drive to Gilman Drive.,"The project will facilitate bicycle usage in the community, while conforming with the Bicycle Master Plan.",0,0,0,0,0,0,0
2011,Vista Sorrento Parkway Bike Lanes / S01097,638,Transportation & Storm Water,,,,"Council District: 1, 5; Community Plan: Mira Mesa, Torrey Pines",607500,607500,This project provides for the construction of bike lanes on Vista Sorrento Parkway between Sor­ rento Valley Boulevard and Lusk Boulevard by widening the existing roadway.,"Bicyclists along this section of Vista Sorrento Parkway currently must contend with heavy vol­ umes and high speeds from vehicular traffic in common lanes. The proposed bike lanes will provide a separate venue for bicyclists to use, which is in accordance with the Torrey Pines and Mira Mesa Community Plans.",0,0,0,0,0,0,0
2011,Camino Del Norte Sidewalk / S11047,639,Transportation & Storm Water,,,,Council District: 6; Community Plan: Rancho Bernardo,100000,100000,This project provides a new sidewalk on the north side of Camino del Norte from I-15 of ramp to Paseo Montanoso.,This project provides access for pedestrians. This project was completed by Caltrans as part of a major freeway improvement project.,0,0,0,0,0,0,0
2011,Pedestrian Bridge - Ted Williams Parkway / S00938,640,Transportation & Storm Water,,,,Council District: 5; Community Plan: Carmel Mountain Ranch,25000,25000,This project provides for construction of a pedestrian bridge along Shoal Creek Drive to facili­ tate crossing Ted Williams Parkway. This phase of the project includes design and environmental studies.,The intersection is in close proximity to Shoal Creek Elementary School and has a high volume of children crossing Ted Williams Parkway. This project will increase pedestrian safety and was requested by City Council and the community.,0,0,0,0,0,0,0
2011,Ted Williams Pkwy Bridge/Shoal Creek Dr / S00941,641,Transportation & Storm Water,,,,Council District: 5; Community Plan: Carmel Mountain Ranch,2944379,2944380,This project provides for construction of a pedestrian bridge along Shoal Creek Drive to facili­ tate crossing Ted Williams Parkway. This phase of the project includes design and environmental studies.,The intersection is in close proximity to Shoal Creek Elementary School and has a high volume of children crossing Ted Williams Parkway. This project will increase pedestrian safety and was requested by City Council and the community.,0,0,0,0,0,0,0
2011,Bridge Preventative Maintainence Program / S00940,642,Transportation & Storm Water,,,,Council District: Citywide; Community Plan: Citywide,252000,252000,"This project provides for the development of bridge preventive maintenance assessments. It will provide an evaluation of 318 existing vehicular bridges, analyze current industry practices, and determine the cost benefits of program implementation.",Bridges identified in this assessment will be considered for participation in a future preventive maintenance construction contract. This will minimize structural deficiencies and extend bridge existance.,0,0,0,0,0,0,0
2011,Carroll Canyon Road/Sorrento Valley Road - Dist 1 / S00841,643,Transportation & Storm Water,,,,"Council District: 1, 5; Community Plan: Mira Mesa, Torrey Pines",14926071,14926070,"This project provides for a modified four-lane collector street from Sorrento Valley Road, under Interstate 805 to Scranton Road as part of a joint project with Caltrans. Carroll Canyon Road will include Class II bike lanes and direct access ramps onto I-805 from Carroll Canyon Road to the I-5 interchange.","Canyon Road extension project is necessary in accordance with the community plan and the average daily trip forecast is 25,000 vehicles per day. Currently, there is no roadway and the traffic travels on Mira Mesa Boulevard which is over capacity. This project will improve traffic circulation in the area.",0,0,0,0,0,0,0
2011,El Camino Real - Half Mile to Via De La Valle / S00856,644,Transportation & Storm Water,,2012,2014,Council District: 1; Community Plan: Future Urbanizing Area - Subarea 2,5905990,36339501,This project provides for reconstruction and widening of the existing two-lane bridge to a four­ lane bridge. It provides for widening the existing two-lane roadway to a modified four-lane major road and includes improvements on eastbound Via de la Valle as far as northbound El Camino Real.,"The El Camino Real project proposes to modify the segment of el Camino Real between Via de la Valle and San Dieguito Road in order to improve the structural integrity of the bridge over the San Dieguito river, alleviate problems associated with high flood events, improve pedestrian and vehicular access to nearby coastal and recreational resources, relieve traffic congestion, and improve consistency with the adopted land use plan for the project area.",19941511,6692000,2100000,1700000,0,0,0
2011,First Avenue Bridge Over Maple Canyon / S00862,645,Transportation & Storm Water,,,,Council District: 2; Community Plan: Uptown,13767952,13767953,"This project provides for seismic retrofit to the abutments, expansion joints and bracing of the First Avenue bridge and for replacement of corroded rivets. Miscellaneous painting is required to prevent rust­ ing.","This bridge needs extensive hardware restoration and replacement, miscellaneous painting, and seismic upgrades to prevent collapse during a catastrophic earthquake.",0,0,0,0,0,0,0
2011,Genesee Avenue - Widen Interstate 5 Crossing / S00839,646,Transportation & Storm Water,,,,Council District: 1; Community Plan: University,24300000,108300000,"This project provides for widening Genesee Avenue to six lanes plus dual turn lanes and replac­ ing the existing Genesee Avenue overcrossing with a higher, wider (124-foot) structure and the modification of the existing ramps. The environmental document will also clear additional Interstate 5 Corridor improvements including auxiliary lanes on both sides of the freeway, north and south of Genesee Avenue and the replacement of the Voight Drive Overcrossing.",This project is needed to improve traffic flow. It is included in the Council-approved North University City Public Facilities Financing Plan as Project Number 24.,84000000,0,0,0,0,0,0
2011,Georgia Street Bridge Improvements / S00863,647,Transportation & Storm Water,,2013,2013,Council District: 3; Community Plan: Greater North Park,2060801,10660802,"This project provides for improvements of the bridge, the adjacent retaining walls, and the corre­ sponding guardrails along the bridge walls.",This bridge has severe spalling due to age and has severe height limitations which need to be corrected. Trucks continue to hit the low arches of the bridge. The retaining walls on either side are an integral part of the bridge and also need restoration or replacement. The guardrails of the bridge and adjacent walls are deteriorating.,0,0,8600000,0,0,0,0
2011,La Jolla Village Dr /Torrey Pines - Villa La Jolla / S00850,648,Transportation & Storm Water,,,,Council District: 1; Community Plan: University,8306640,8306640,"This project provides for Phase III of widening La Jolla Village Drive from Torrey Pines Road to Interstate 805, and for widening the bridge over Gilman Drive to six lanes. It widens La Jolla Village Drive to six lanes from Torrey Pines Road to Gilman Drive, and to six lanes with two auxiliary lanes from Gilman Drive to Villa La Jolla Drive. It also adds a fourth westbound lane from Interstate 5 to Villa La Jolla Drive. The proj­ ect reconstructs some portions of the existing roadway, improves drainage at the Villa La Jolla/La Jolla Village Drive intersection, and improves the North Torrey Pines Road/Torrey Pines Road/La Jolla Village Drive inter­ section, including a right-turn lane to Torrey Pines Road along eastbound North Torrey Pines Road from Expe­ dition Way funded by a developer's contribution.",Widening La Jolla Village Drive will enhance the traffic flow. See Project Number 47 in the North University City Public Facilities Financing Plan.,0,0,0,0,0,0,0
2011,La Jolla Village Drive - Interstate 805 Ramps / S00857,649,Transportation & Storm Water,,,,Council District: 1; Community Plan: University,23838622,23838622,"This project converts the existing La Jolla Village Drive/Interstate 805 full cloverleaf inter­ change configuration to a partial cloverleaf configuration, including widening the overpass structure and approaches to provide three through lanes with an auxiliary lane in each direction. The project also provides for widening La Jolla Village Drive to eight lanes and constructing three lanes to the southbound on-ramp. Bike lanes will be included.",This project is needed to improve traffic circulation and safety in the University community per the North University City Public Facilities Financing Plan - Project C.,0,0,0,0,0,0,0
2011,Laurel Street Bridge Over State Route 163 / S00939,650,Transportation & Storm Water,,,,Council District: 3; Community Plan: Balboa Park,470000,470000,"This project provides for the maintenance, rehabilitation, and seismic retrofitting of the Laurel Street (Cabrillo) Bridge over Highway 163.",This bridge has been identified by Caltrans as requiring maintenance and rehabilitation which is currently seismically deficient.,0,0,0,0,0,0,0
2011,Mission City Parkway/San Diego River / S00936,651,Transportation & Storm Water,,,,Council District: 6; Community Plan: Mission Valley,2787315,10057812,"This project provides for a new two-lane bridge extending Mission City Parkway from the inter­ section of Camino Del Rio North to the north over the San Diego River. Mission City Parkway would connect to Fenton Parkway, which was constructed by a developer as part of the Mission City Development. This proj­ ect also provides for an additional entrance to QUALCOMM Stadium. This project description is preliminary and the amounts shown below only reflect the funding currently programmed. The total funding needs of the project will be determined once a final scope of work is established.","The bridge is part of the approved Mission City Plan and is being constructed from funding provided by H. G. Fenton as part of the settlement with the City implementing the Mission City Development, specifically for the construction of the bridge and roadway.",7270497,0,0,0,0,0,0
2011,North Harbor Drive Navy Estuary Seismic Retrofit / S00728,652,Transportation & Storm Water,,,,Council District: 2; Community Plan: Peninsula,17584481,17584481,"This project provides for the seismic retrofit of the North Harbor Drive Bridge, which will con­ sist of stabilizing the existing piers and joining the paired piers together at the waterline to increase support dur­ ing seismic events.",The North Harbor Drive Bridge over Navy Estuary has been identified as a seismically defi­ cient bridge by Caltrans.,0,0,0,0,0,0,0
2011,North Torrey Pines Road Bridge/ Los Penasquitos / S00935,653,Transportation & Storm Water,,2012,2012,Council District: 1; Community Plan: Torrey Pines,13124000,13524000,"This project provides for demolishing and reconstructing the North Torrey Pines Road Bridge over Los Penasquitos Creek and for transitionally widening both road approaches from approximately 770 feet south of the bridge to 1,100 feet north of the bridge. Tidal action from Los Penasquitos Lagoon is compromis­ ing beach access. Tidal action has become an issue due to the new configuration of the bridge span over the lagoon. Scouring of the access point from the State parking lot is an issue for State maintenance vehicles and beach patrons.",This project is needed to replace the structurally deficient and functionally obsolete bridge. The new bridge will be designed to current standards.,0,400000,0,0,0,0,0
2011,Palm Avenue Interstate 805 Interchange / S00869,654,Transportation & Storm Water,,2012,2013,"Council District: 8; Community Plan: Otay Mesa, Otay Mesa - Nestor",11187886,19862886,"This project provides for improving the Palm Avenue/Interstate 805 interchange in three phases. The first phase has been completed. The second phase consists of repairs to the bridge approaches and abut­ ments; bridge widening to the south; installation of sidewalk and signal; restriping; and signage modifications. The third stage consists of bridge widening to the north, relocation of north bound on and off-ramp, and widen­ ing of the two on-ramps. All three phases of the project provide improvements per the Otay Mesa Public Facili­ ties Financing Plan - Projects T1.1, 1.2, 1.3, and 1.4.",This project is required to accommodate the additional traffic generated as a result of develop­ ment in the Otay Mesa Community. Improvements to this interchange will also help to reduce traffic volumes on State Route 905.,0,6000000,2675000,0,0,0,0
2011,Regents Road Bridge / S00729,655,Transportation & Storm Water,,2017,2017,Council District: 1; Community Plan: University,6737799,31554476,"This project provides for an 870-foot bridge spanning the AT&SF Railroad and a portion of the flood plain. Additionally, this project provides for a four-lane major street with Class II bike lanes on Regents Road from the AT&SF railroad bridge to 100 feet north of Lahitte Court as well as widening the existing half width street to a four-lane major street from 100 feet north of Lahitte Court to Governor Drive, including Class II bike lanes. In addition, the project recreational improvements in the canyon, which include limiting noise to the greatest extent possible, traffic calming, walkability, profile/light penetration structure design, habitat resto­ ration, recreational improvements for pedestrians, and bike access trails.",This project will complete Regents Road and provide continuous access to northern communi­ ties. This project is included in the Council-approved North University City Financing Plan and Facilities Ben­ efit Assessment Plan - Project NUC-18.,0,0,0,0,0,0,24816677
2011,SR-94/Euclid Ave Interchange Improvements / S11046,656,Transportation & Storm Water,,2015,2015,Council District: 4; Community Plan: Encanto Neighborhoods (Southeastern),425000,7195000,"This project provides for the evaluation and environmental work for widening and removing the ""S"" curve of State Route 94/Euclid Avenue eastbound off ramp and its subsequent construction.",This project will improve safety and capacity.,0,0,0,0,6770000,0,0
2011,Sea World Drive/Interstate 5 Interchange Imp / S00888,657,Transportation & Storm Water,,,,"Council District: 2, 6; Community Plan: Mission Bay Park",4000000,109438300,"This project proposes to realign and widen the southbound off-ramp, reconfigure the off-ramp intersection to eliminate the free right turn onto Sea World Drive, widen the eastbound approach to the south­ bound on-ramp, and increase storage on the overcrossing for the eastbound to northbound left turn at the north­ bound on-ramp. In addition, this alternative proposes to provide a loop on ramp to northbound Interstate 5 from eastbound Sea World Drive. The eastbound and westbound approaches would be modified to provide required storage and the entire interchange would be relocated approximately 30-feet to the south to accommodate phased construction of a new overcrossing. In addition, when funding is identified, Sea World Drive will be widened to six lanes between Sea World Way and Interstate 5.",Widening Sea World Drive to six lanes and improving the Sea World Drive/Interstate 5 inter­ change are necessary to meet existing and forecasted traffic volumes.,105438300,0,0,0,0,0,0
2011,Seismic Retrofit West Mission Bay Drive Bridge / S00937,658,Transportation & Storm Water,,,,Council District: 2; Community Plan: Mission Bay Park,9976769,9976769,This project provides for the seismic retrofit which will consist of stabilizing the existing piers and joining the paired piers together at the waterline to increase support during seismic event.,The West Mission Bay Drive Bridge over Misssion Bay Channel has been identified as a seis­ mically deficient bridge by Caltrans.,0,0,0,0,0,0,0
2011,State Route 163/Clairemont Mesa Blvd Interchange / S00905,659,Transportation & Storm Water,,2014,2015,Council District: 6; Community Plan: Kearny Mesa,6591000,11591000,This project provides for improving Clairemont Mesa Boulevard/State Route 163 to six-lane prime arterial standards. Phase I of the project consists of bridge widening and ramp realignment on the eastern side of the interchange. Phase II consists of ramp realignment on the western side. The interchange will be re­ configured to eliminate existing loop on-ramps. The ramps will be re-configured to intersect Clairemont Mesa Boulevard at standard signalized intersections. High-occupancy vehicle/bus bypass lanes will be incorporated on the on-ramps.,"These improvements will eliminate existing pedestrian/bike high-speed crossings and all vehi­ cle, bike and pedestrian moves will be controlled, thus improving safety. Transit movement through the inter­ change area will be greatly enhanced.",0,0,0,3919863,1080137,0,0
2011,State Route 163/Friars Road / S00851,660,Transportation & Storm Water,,2012,2015,Council District: 6; Community Plan: Mission Valley,7613936,138075500,"This project provides for construction of a new southbound State Route 163 to westbound Friars Road off-ramp, widening of the Friars Road overcrossing structure to eight lanes extending to Frazee Road, construction of a third westbound lane on Friars Road to Fashion Valley Road, the addition of an exclusive right-turn lane on southbound Frazee Road to westbound Friars Road, other modifications to the existing on and off-ramps, and improvements to the existing State Route 163 southbound travel lanes to improve the weaving problems. This project also includes an auxiliary lane on southbound State Route 163 from Genesee Avenue to westbound Interstate 8, which requires major structural work to widen the bridge over the San Diego River. Additionally, over 5,300 feet of retaining walls will need to be constructed along State Route 163 and Friars Road, including one that is over 30 feet high. Friars Road widening and ramp improvements at Friars Road will be constructed with Phase I.",This project will alleviate some of the severe traffic delays along Friars Road due to new devel­ opment in Mission Valley and the backup that occurs on the existing southbound off-ramp because of the weav­ ing situation with the southbound on-ramp.,97086159,10454031,2219346,19099891,1602137,0,0
2011,Torrey Meadows Drive Overcrossing / S10015,661,Transportation & Storm Water,,,,Council District: 1; Community Plan: Torrey Highlands,6761113,6761113,"This project provides for the design and construction of a two-lane overcrossing of Torrey Meadows Drive over State Route 56. This project will include the bridge approaches on each side of the bridge, approximately 200 linear feet of a two-lane local collector road, together with any right-of-way not previously acquired as part of the State Route 56 project. The City is moving forward with a reimbursement agreement with developer to provide design and construction specifications for future construction of project.","This two-lane connection will provide access to the neighborhood park, elementary and high schools, and the local mixed use zone for those properties south of State Route 56. The project should alleviate traffic congestion on the Camino Del Sur Interchange and provide enhanced traffic flow.",0,0,0,0,0,0,0
2011,West Mission Bay Drive Bridge Over San Diego River / S00871,662,Transportation & Storm Water,,2012,2013,"Council District: 2, 6; Community Plan: Midway - Pacific Highway, Mission Bay Park, Peninsula",4625467,113386823,"This project provides for replacing the existing four-lane West Mission Bay Drive bridge with a six-lane bridge, sidewalk, bike lanes and shoulder improvements.",A six-lane facility is needed to accommodate both the existing and the projected future traffic volumes. It was determined that a bridge replacement was more cost effective than widening the existing bridge.,12257190,14279307,82224859,0,0,0,0
2011,Architectural Barrier Removal - DIF Funded / AII00001,663,Transportation & Storm Water,,,,Council District: Citywide; Community Plan: Citywide,51000,51000,This project provides for installing curb ramps at various locations throughout the City as funded by Development Impact Fees (DIF).,"Persons with disabilities and many senior citizens find their mobility restricted by curbs, which they find difficult or impossible to negotiate.",0,0,0,0,0,0,0
2011,Kelton Road Pedestrian Improvements / S10154,664,Transportation & Storm Water,,,,Council District: 4; Community Plan: Southeastern San Diego,276000,276000,"This project provides the installation of bulbouts and an in-pavement lighted crosswalk on Kel­ ton Road between Zircon Street and Luber Street, at the entrance to Johnson Elementary School.","This will provide traffic calming elements in the vicinity of Johnson Elementary School and will be designed to slow traffic speed. This will narrow the roadway, thus providing better visibility for pedes­ trians, bicyclists and automobiles. This measure will also shorten actual distance crossing on streets, thus reducing children/pedestrians' exposure to traffic, reducing accidents.",0,0,0,0,0,0,0
2011,ADA Walkway & Curb Ramp at Azalea Park / S11061,665,Transportation & Storm Water,,,,Council District: 3; Community Plan: City Heights,28008,28009,This project will provide for an accessible path of travel to the Azalea Park Water Conservation Garden and ensures accessibility under the American's with Disabilities Act (ADA).,The improvements are necessary to provide ADA accessibility to the Azalea Water Conserva- tion Garden.,0,0,0,0,0,0,0
2011,College Area Obstructed Curb Ramp Barrier Removal / S11050,666,Transportation & Storm Water,,,,Council District: 7; Community Plan: College Community,140000,140000,This project will remove the utility pole located where the curb ramp needs to be installed at the alley south of 70th Street and Saranac Street.,The project location is a highly used area. One or more ADA complaints have been received. The improvements are needed for disabled access in public right-of-way for compliance with current ADA standards.,0,0,0,0,0,0,0
2011,Labor Council Curb Ramps / S01028,667,Transportation & Storm Water,,,,Council District: Citywide; Community Plan: Citywide,913,914,This project will provide for the installation of Americans with Disabilities Act compliant curb ramps in locations throughout the City.,Installation of curb ramps is required by the Americans with Disabilities Act and provides accessible paths of travel.,0,0,0,0,0,0,0
2011,North Park Obstructed Curb Ramp Barrier Removal / S11049,668,Transportation & Storm Water,,,,Council District: 3; Community Plan: Greater North Park,200000,200000,"This project will provide two pedestrian ramps at the southeast and southwest corners of the Utah Street and Monroe Avenue intersection. It will also provide cross gutters, storm drain inlets, and new pavement.",The project location is a highly used area. One or more Americans with Disabilties Act (ADA) complaints have been received. The improvements are needed for disabled access in public right-of-way for compliance with current ADA standards.,0,0,0,0,0,0,0
2011,Pacific Beach Obstructed Curb Ramp Barrier Removal / S11048,669,Transportation & Storm Water,,,,Council District: 3; Community Plan: Pacific Beach,50000,370000,"This project will provide for curb ramps, curbs,gutters, sidewalks, street overlay, new curb inlets, cleanouts, Americans with Disabilities Act (ADA) pedestrian push buttons, a median curb and traffic striping at the intersection of Pacific Beach Drive and Mission Boulevard.",This project location is in a heavily used area. One or more ADA complaints have been received. The improvements are needed for disabled access in the public right-of-way for compliance with cur­ rent ADA standards.,320000,0,0,0,0,0,0
2011,Pacific Hwy Obstructed Curb Ramp Barrier Removal / S11045,670,Transportation & Storm Water,,,,Council District: 2; Community Plan: Midway - Pacific Highway,900000,900000,"This project will provide for curb ramps, curbs, gutters, sidewalks, a new storm drain inlet, streetlights, and traffic striping on Pacific Highway at Estudillo Street, Bandini Street, and Sutherland Street.",The project location is a highly used area. One or more Americans with Disabilities Act (ADA) complaints have been received. The improvements are needed for disabled access in public right of way for compliance with current ADA standards.,0,0,0,0,0,0,0
2011,35th & 34th at Madison Avenue Improvements / S00922,671,Transportation & Storm Water,,2015,2015,Council District: 3; Community Plan: Normal Heights (Mid-City),430854,1730854,"This project provides for the reconstruction of the curb, gutter and sidewalk on 34th and 35th Streets from Adams Avenue to Madison Avenue, and on Madison Avenue from Felton Street to 35th Street.",This project is required in order to mitigate drainage problems and reduce flooding.,0,0,0,0,1300000,0,0
2011,Caliente Avenue Sidewalk / S10058,672,Transportation & Storm Water,,,,Council District: 8; Community Plan: Otay Mesa,680000,680000,"This project will install curb, gutter, and sidewalk on Caliente Street from Otay Mesa Road to Airway Road.",The purpose of this project is to provide improved pedestrian access.,0,0,0,0,0,0,0
2011,Central Elementary School-Safe Route to School / S00741,673,Transportation & Storm Water,,,,Council District: 3; Community Plan: Normal Heights (Mid-City),470000,470000,"This project provides for pedestrian improvements in the vicinity of Central Elementary School. Proposed improvements include enhanced paved crosswalks, new pedestrian signals, and new sidewalk.",Improvements in the vicinity of Central Elementary School will provide traffic calming ele­ ments to reduce traffic.,0,0,0,0,0,0,0
2011,Centre City Intersection Improvements / S00895,674,Transportation & Storm Water,,,,"Council District: 2, 8; Community Plan: Centre City",15000,15000,This project provides for pedestrian curb pop-outs that will allow for greater pedestrian access and improved traffic control by widening the sidewalks or providing additional landscaped parkway strips.,"Intersection pop-outs are needed to make pedestrian crossings shorter and reduce the visual width of long, straight streets. They also narrow the area of pavement in travel lane widths providing a visual cue to the driver that caution is necessary.",0,0,0,0,0,0,0
2011,Cherokee Street Improvements / S00921,675,Transportation & Storm Water,,2013,2013,Council District: 3; Community Plan: Normal Heights (Mid-City),580000,3160000,"This project provides for the reconstruction of the curbs, gutters, and sidewalks on Cherokee Street from Monroe Avenue to East Mountain View.",This project is required in order to mitigate drainage problems and reduce flooding.,1100000,0,1480000,0,0,0,0
2011,District Three Sidewalk Study / S00835,676,Transportation & Storm Water,,,,"Council District: 3; Community Plan: City Heights (Mid-City), Golden Hill, Greater North Park",126000,126000,"This project provides for an inventory and inspection of sidewalks in the Council District Three portions of the communities of Greater Golden Hill, Mid-City, and Greater North Park.",This engineering study would assist the City in planning for future improvements to sidewalks in Council District Three.,0,0,0,0,0,0,0
2011,Hillcrest Corridor Mobility Study / S00908,677,Transportation & Storm Water,,,,Council District: 2; Community Plan: Uptown,379072,379072,"This project provides for the evaluation of the mobility needs along 4th, 5th and, 6th Avenues between Elm Street and Washington Street within the Hillcrest and Bankers Hill/Park West neighborhoods and development of traffic calming measures, transit, bicycle and pedestrian improvements, and additional parking opportunities with public input.","The 4th, 5th and, 6th Avenue corridors within the Hillcrest and Bankers Hill/Park West neigh­ borhoods of the Uptown community are currently experiencing safety issues associated with speeding traffic. Additionally, this project area experiences a high level of pedestrian and visitor activity and is located adjacent to Balboa Park and along high density residential and mixed-use development corridors that run through the Hillcrest business corridor.",0,0,0,0,0,0,0
2011,Mission Beach Boardwalk Bulkhead / S00726,678,Transportation & Storm Water,,,,Council District: 2; Community Plan: Mission Beach,892225,5392225,"This project provides for preserving the life of the historic Mission Beach bulkhead from Balboa Court to Pacific Beach Drive. The project includes replacing the concrete deck, restoring the wall backfill, and replacing the parapet.",This project will preserve the life of the bulkhead which was built in 1928.,4500000,0,0,0,0,0,0
2011,Mission Beach Boardwalk Widening Project / S00860,679,Transportation & Storm Water,,,,"Council District: 2; Community Plan: Mission Beach, Pacific Beach",510500,3263500,"This project increases public accesibility of the beach areas in Pacific and Mission Beach. Phase I of this project completed the widening of 1.34 miles of boardwalk along Oceanfront Walk and Ocean Boule­ vard from Ventura Place to Santa Rita Place. This included widening of the existing concrete boardwalk by nine feet and the creation of a three foot wide landscape buffer zone immediately to the east of, and adjacent to, the boardwalk. Phase II, which is complete, was a safety study. Phase III provides for the acquisition of the right-of­ way at Santa Rita Place and from Pacific Beach Drive to Oliver Avenue. Phase IV will complete the widening from Santa Rita Place to Thomas Avenue.",This project will enhance public access to this section of beach.,2753000,0,0,0,0,0,0
2011,New Walkways / AIK00001,680,Transportation & Storm Water,,2012,2015,Council District: Citywide; Community Plan: Citywide,5892492,9319493,This annual allocation provides for the construction of sidewalks at locations where none exist in order to provide safe routes for pedestrians and to provide access routes for school children.,This project provides permanent sidewalks along streets in areas where children are required to walk to school and contributes to the City's ongoing efforts to promote walking as a mode of transportation.,0,1827000,850000,400000,350000,0,0
2011,North Park Commercial Revitalization / S00825,681,Transportation & Storm Water,,,,Council District: 3; Community Plan: Greater North Park,19868,19868,This project provides for neighborhood identification signage and public improvements along University Avenue and adjacent streets in North Park.,"Public improvement and neighborhood identification are an important part of the revitalization project, which is a continuing effort to improve the economic base of the North Park Community. This project will extend the existing demonstration block concept east and west of the completed phases at 30th Street and University Avenue.",0,0,0,0,0,0,0
2011,Ocean Front Walk-San Fernando to Ventura / S00875,682,Transportation & Storm Water,,,,Council District: 2; Community Plan: Mission Beach,590000,3590000,"This project provides for the removal and replacement of the existing pile cap, parapet wall, lights, and walkway along Ocean Front Walk between San Fernando Place and Ventura Place to their original 1925 appearance, in accordance with the Secretary of the Interior Standard for the Treatment of Historic Prop­ erties.","These structures are significant to the history of San Diego. They were constructed in 1925 to protect and complement the John D. Spreckels Amusement Center, now named Belmont Park. Extensive patch­ ing of spalled concrete and asphalt overlay of the walkway have robbed these structures of their character. Patching is no longer an option to restore and preserve these structures.",3000000,0,0,0,0,0,0
2011,Potomac Street Improvements / S00925,683,Transportation & Storm Water,,,,Council District: 4; Community Plan: Skyline - Paradise Hills,380000,380000,This project provides for installation of a concrete sidewalk on Potomac Street along the west side of the road adjacent to the Paradise Hills Community Park.,"The surrounding streets to the Paradise Hills Community Park, Potomac Street and Paradise Valley Road, have existing sidewalk except for the segment in front of the park site. The concrete sidewalk will improve pedestrian access to the park.",0,0,0,0,0,0,0
2011,Rosa Parks Elementary School-Safe Route to School / S00739,684,Transportation & Storm Water,,,,Council District: 3; Community Plan: Normal Heights (Mid-City),555074,555074,"This project provides for improved pedestrian safety around Rosa Parks Elementary school. Project scope includes the construction of new sidewalks, retaining walls where needed, curb ramps, curb extensions, an enhanced school entry crosswalk, and solar flashing beacon crossing equipment.","The area surrounding Rosa Parks Elementary School has high automobile, bicycle, and pedes­ trian injury rates. This project will provide a safer walking environment for both students and members of the community.",0,0,0,0,0,0,0
2011,SR2S Sidewalk Projects Grant #2 / L00011,685,Transportation & Storm Water,,2013,2013,Council District: 8; Community Plan: Otay Mesa - Nestor,511911,923586,This project will provide for the construction of new sidewalks along the streets in and around Berry and Emory Elementary Schools and Mar Vista Middle School for school traffic safety improvement.,This project will provide needed for school traffic safety improvements.,0,0,411675,0,0,0,0
2011,School Traffic Safety Improvements / AIK00002,686,Transportation & Storm Water,,2012,2015,Council District: Citywide; Community Plan: Citywide,441038,1241039,"This annual allocation provides for the installation of traffic control devices, sidewalks, signal modifications and other improvements that will serve to improve safety surrounding schools. This allocation can also be used to match State or Federal grants for this purpose.",The Public Safety and Neighborhood Services Committee of the City Council requested that this program be instituted in order to proactively respond to school traffic safety problems in the City.,0,200000,200000,200000,200000,0,0
2011,Sidewalk Repair and Reconstruction / AIK00003,687,Transportation & Storm Water,,,,Council District: Citywide; Community Plan: Citywide,9591530,15591530,"This annual allocation provides for the replacement of damaged sidewalks, curbs and gutters Citywide.","This project replaces damaged sidewalks, curbs and gutters along streets in areas where chil- dren are required to walk to school and contributes to the City's ongoing efforts to promote walking as a mode of transportation.",6000000,0,0,0,0,0,0
2011,Skyline Drive Improvements / S00912,688,Transportation & Storm Water,,2012,2012,Council District: 4; Community Plan: Skyline - Paradise Hills,1740000,2459921,"This project provides for improvements along Skyline Drive from Sears Avenue to Cardiff Street. These improvements include hardscape medians, traffic signal modifications, pavement enhancements, street lights, bus stops, pedestrian crossing improvements, traffic calming, and community signs.","The hardscaped medians, street lighting, and other proposed improvements will provide reduc­ tion in vehicle travel delay at many intersections. In addition, the proposed improvements will increase pedes­ trian and vehicular safety, particularly near many schools along the corridor. The project will also improve corridor walkability and add bicycle lanes that will provide connectivity to existing bicycle lanes.",0,719921,0,0,0,0,0
2011,University Avenue Sidewalk from 54th to 68th / S00910,689,Transportation & Storm Water,,2012,2012,"Council District: 3, 7; Community Plan: City Heights (Mid-City), College Area",700000,1850000,"This project provides for the installation of approximately 16,000 feet of new concrete sidewalk and other roadway and safety/capacity improvements on both sides of University Avenue from 54th Street to 68th Street. In addition, a corridor study will be completed to analyze existing conditions and future traffic in order to determine other capacity and safety improvements.","The existing sidewalk has settled and cracked necessitating replacement in order to provide safe pedestrian access. Portions of University Avenue within the limits of this project are without sidewalks. New sidewalk will be constructed in these areas. In addition, a corridor study will be completed to analyze existing conditions and future traffic in order to determine other capacity and safety improvements.",0,1150000,0,0,0,0,0
2011,University Avenue and Front Street Pop Out / S00909,690,Transportation & Storm Water,,,,Council District: 3; Community Plan: Uptown,150000,150000,This project will provide for pedestrian improvements at the corner of University Avenue and Front Street and will include the construction of a pop-out on the southwest corner and a new curb ramp on the north side of the intersection.,"Installation of the pop-out will shorten the crossing distance on both University Avenue and Front Street, and make pedestrians more visible to vehicular traffic travelling east on University Avenue. The pop-out will also sharpen the angle at the southwest corner of the intersection, which should result in slower speeds for eastbound right turning vehicles and provide a safer walking environment for the community.",0,0,0,0,0,0,0
2011,Willow Elementary School-Safe Route to School / S00740,691,Transportation & Storm Water,,,,Council District: 8; Community Plan: San Ysidro,650000,650000,"This project provides for improved pedestrian safety around Willow Elementary School. The scope includes the construction of new sidewalks, curb ramps, and pedestrian countdown timers.","The area surrounding Willow Elementary School has high automobile, bicycle, and pedestrian injury rates. This project will provide a safer walking environment for both students and members of the com­ munity.",0,0,0,0,0,0,0
2011,38th Street Improvements / S00930,692,Transportation & Storm Water,,,,Council District: 3; Community Plan: City Heights,2000000,2000000,"This project provides full street improvements on 38th Street from Dwight Street north to termi­ nus. Improvements will include curb, gutter, driveways, sidewalk, pedestrian ramps, pavement, drainage facili­ ties, angled on-street parking, etc. The improvements will comply with current local, State and federal safety and accessibility codes and regulations.",Street improvements are needed to comply with the City's design guides for the improvement of public right-of-way.,0,0,0,0,0,0,0
2011,43rd Street Widening / S00845,693,Transportation & Storm Water,,,,Council District: 4; Community Plan: Southeastern San Diego,8876795,8876795,"This project provides for realigning the intersection at 43rd Street and National Avenue. This project will make necessary traffic enhancements to handle the increased daily traffic associated with the resi­ dential, industrial and commercial development of the State Route 252 Corridor (approximately 66 acres).","This project is a major component in the development of the State Route 252 Corridor within the Southcrest Project. The street currently handles approximately 12,000 weekday trips. Once development on the corridor is complete, the number of trips will increase significantly. The Southeastern San Diego Commu­ nity Plan recommends improvement to four lanes to handle the current capacity.",0,0,0,0,0,0,0
2011,Alvarado Canyon Road Realignment / S00894,694,Transportation & Storm Water,,,,Council District: 7; Community Plan: Navajo,560000,5700000,"This project provides for the realignment of Alvarado Canyon Road from 380 feet east of the Fairmount Avenue and Camino Del Rio North intersection to the Fairmount Avenue and Mission Gorge Road intersection. Improvements for this two-lane collector street will include a structure over the existing concrete drainage channel, removal of some existing pavement, re-grading of affected private parcels and traffic signal modifications.","This project will improve the traffic flow at the Interstate 8, Fairmount Avenue and Mission Gorge Road interchange.",5140000,0,0,0,0,0,0
2011,Balboa Ave/Hathaway St Left Turn Lane Installation / S10047,695,Transportation & Storm Water,,,,Council District: 6; Community Plan: Clairemont Mesa,4163,4163,"This project provides traffic improvements to the intersection of Balboa Avenue and Hathaway Street, which includes removing and replacing a median, adding an additional left turn lane, traffic signal mod­ ifications, and new signing and striping.",The improvements to the intersection will improve driver and pedestrian safety.,0,0,0,0,0,0,0
2011,Berger Ave Sidewalk & Curb Ramps / S11044,696,Transportation & Storm Water,,,,Council District: 6; Community Plan: Serra Mesa,225000,225000,This project will install a missing section of sidewalk and provide curb ramps on the east side of the street between Kearny Villa Road/Mesa College Drive and Frost Street.,The project location is a highly used area. One or more Americans with Disabilities Act (ADA) complaints have been received. The improvements are needed for disabled access in the public right-of-way for compliance with current ADA standards.,0,0,0,0,0,0,0
2011,Bus Stop Improvements / AID00007,697,Transportation & Storm Water,,,,Council District: Citywide; Community Plan: Citywide,154812,154812,"This project will provide for the installation of concrete pads in the roadways at bus stops city­ wide. The project is funded by the City's share of bus stop advertising revenue. Funding for the project was provided per terms of an agreement with San Diego Metropolitan Transit System in Fiscal Years 2011, 2012 and 2103.","Asphalt street pavement at bus stops may be damaged by rippling and potholing caused by fric­ tion from bus tires when buses decelerate, accelerate or turn. This project provides for replacing asphalt paving at bus stops with concrete pads in the street that better withstand the wear from buses. This extends pavement life and reduces maintenance costs.",0,0,0,0,0,0,0
2011,Cam Del Sur Widening # San Dieguito Rd to Paseo De / RD11003,698,Transportation & Storm Water,,,,Council District: 1; Community Plan: Black Mountain Ranch,23434,23434,Construct the widening of Camino del Sur from its initial two lanes northward from San Dieguito Road to Paseo del Sur as an ultimate four-lane major street. This project also includes a traffic signal at the intersection of Camino del Sur and Del Sur Court located about 300 feet north of the bridge over Lusardi Creek.,This facility is required to accommodate traffic generated by new development in Black Moun­ tain Ranch and surrounding communities as well as existing sub-regional traffic needs.,0,0,0,0,0,0,0
2011,Camino Del Sur (Bernardo Lakes / Lone Quail Rd) / RD11000,699,Transportation & Storm Water,,,,Council District: 1; Community Plan: Black Mountain Ranch,50000,50000,Design and construct a four-lane major roadway within a six-lane right-of-way. The project will be built in two phases. The first phase consists of the two northerly lanes between Bernardo Lakes Drive and Lone Quail Road that have been built as a subdivider improvement. The second phase consists of design and construction of the southerly two lanes and the median from Bernardo Lakes Drive to Lone Quail Road.,This facility is required to accommodate traffic generated by new development in Black Moun­ tain Ranch and surrounding communities as well as existing sub-regional traffic needs.,0,0,0,0,0,0,0
2011,Camino Del Sur-SR 56 to Carmel Valley Road / S00899,700,Transportation & Storm Water,,2014,2014,Council District: 1; Community Plan: Torrey Highlands,13364810,14414810,This project provides for the construction of Camino del Sur between State Route 56 and Carmel Valley Road as a two-lane interim roadway (40-foot paved width) within the right-of-way for a future six-lane facility. Additional lanes may be required in the immediate vicinity of the interchange. This project will be constructed by the developer who will be reimbursed.,This project will accommodate the increase in vehicular traffic caused by development in the area and is funded by development within Torrey Highlands.,0,0,0,1050000,0,0,0
2011,Camino Del Sur-Santaluz / Resort Wildlife Crossing / S00843,701,Transportation & Storm Water,,,,Council District: 1; Community Plan: Black Mountain Ranch,4536633,4536633,This project provides for reimbursement to a developer for the design and construction of wild- life crossings along Camino Ruiz between Santaluz and Resort Street.,"This project is in accordance with the Black Mountain Ranch Public Facilities Financing Plan, Project T-7.",0,0,0,0,0,0,0
2011,Camino Del Sur-Santaluz to Camino Del Norte / S00842,702,Transportation & Storm Water,,,,Council District: 1; Community Plan: Black Mountain Ranch,13901786,13901786,This project provides for reimbursement to a developer for the design and construction of Camino Ruiz between Santaluz and Camino del Norte.,"This project is in accordance with the Black Mountain Ranch Public Facilities Financing Plan, Project T-5.",0,0,0,0,0,0,0
2011,Camino Ruiz from n/o of Reagan to Jade Coast / S01018,703,Transportation & Storm Water,,,,Council District: 5; Community Plan: Mira Mesa,23151,23151,"This project provides for widening Camino Ruiz from Gold Coast Drive to the east leg of Jade Coast Road and from the northern most boundaries of Miralani Business Park to Miramar Road, widening Camino Ruiz to a modified six-lane major street/primary arterial. The project includes Class II bike lanes between Mira Mesa Boulevard and Gold Coast Drive and within the project limits.",Widening this portion of Camino Ruiz will accommodate increased vehicular traffic generated by the Mira Mesa Community.,0,0,0,0,0,0,0
2011,Camino Santa Fe-Del Mar Mesa Road to SR 56 / S00898,704,Transportation & Storm Water,,,,Council District: 1; Community Plan: Del Mar Mesa,7125000,7125000,"This project provides construction of Little McGonigle Ranch Road and will be completed in two phases. Phase I has been completed for the construction of Little McGonigle Ranch Road (formerly Camino Santa Fe) (45'/65') from the northerly terminus of Carmel Mountain Road at Del Vino Court, north­ westerly to the easterly terminus of Del Mar Mesa Road. The project includes a multi-use trail adjacent to the roadway. Phase II provides for the construction of Little McGonigle Ranch Road (40'/62') from Del Mar Mesa Road to State Route 56. The project will include a 100-foot bridge. A multi-use trail will also be constructed adjacent to the roadway.",This project is required to accommodate additional traffic in Del Mar Mesa and will provide access from Del Mar Mesa to adjoining communities.,0,0,0,0,0,0,0
2011,Camino del Sur - SR-56 to Dormouse / S00872,705,Transportation & Storm Water,,2017,2017,"Council District: 1; Community Plan: Rancho Penasquitos, Torrey Highlands",3061076,16885000,"This project provides for the construction of Camino del Sur (formerly Camino Ruiz) as a four­ lane major street with Class II bicycle lanes from SR-56 to 1,600 feet north of Park Village Road.","Camino del Sur is the major street connecting the southwest corner of Rancho Penasquitos to the future Carmel Mountain Road extension and to State Route 56. This street is required to accomidate traffic generated in Rancho Penasquitos, Torrey Highlands and surrounding communities.",0,0,0,0,0,0,13823924
2011,Camino del Sur-San Dieguito Rd to Carmel Valley Rd / S00710,706,Transportation & Storm Water,,2012,2012,"Council District: 1; Community Plan: Black Mountain Ranch, Torrey Highlands",980020,6536520,"This project provides for reimbursement to a developer for the design and construction of Camino del Sur between San Dieguito Road south to Carmel Valley Road as a two-lane interim facility within a six-lane right-of-way. It also provides a wildlife crossing, traffic signals and intersection widening at San Dieguito Road, B Street and Carmel Valley Road. A second phase of the project will construct two additional lanes on Camino del Sur from San Dieguito Road southward to Carmel Valley Road and modify the traffic sig­ nals accordingly.","This project is in accordance with projects T-10 in the Black Mountain Ranch Public Facilities Financing Plan, Council Resolution R-301005, November 1, 2005, and Project T-2.4 of the Torrey Highlands Public Facilities Financing Plan, Council Resolution 304935, June 2, 2009.",0,5556500,0,0,0,0,0
2011,Carmel Mountain Road to Del Mar Mesa Road / S00846,707,Transportation & Storm Water,,2012,2012,Council District: 1; Community Plan: Del Mar Mesa,1800000,2700000,"This project provides for the construction of Carmel Mountain Road as a two-lane collector street from the Carmel Valley Neighborhood easterly boundary to Little McGonigle Ranch Road (formerly Del Mar Mesa Road). The 4,050 linear feet of half-width road (FBA funded) which traverses open space will be 40­ foot/62-foot. Also included as part of this project is a wildlife crossing under Carmel Mountain Road. The remainder (sub-divider funded) will be both 40-foot/62-foot and 50-foot/72-foot and will include left-turn lanes at intersections and major driveways as needed. A multi-use trail will be constructed as part of this project along the entire project length.",This project is required to accommodate the additional traffic generated as a result of develop­ ment in Del Mar Mesa.,0,900000,0,0,0,0,0
2011,Carmel Valley Rd-Lopelia Meadows to Via Abertura / S00934,708,Transportation & Storm Water,,2015,2017,Council District: 1; Community Plan: Pacific Highlands Ranch,850000,8700000,"This project provides for reimbursement to a developer for the design and construction of Car­ mel Valley Road from Lopelia Meadows place to Via Abertura as a four-lane facility within a 122 foot right-of­ way that can accommodate six lanes in the future (Approx. 3,600 LF).","This project is in accordance with the Pacific Highlands Ranch Public Facilities Financing Plan, Project T-4.4. Companion Projects T-4.2 and T-4.3 for the other phases of this project.",0,0,0,0,4850000,0,3000000
2011,Carmel Valley Rd-Via Albutura to Camino Del Sur / S00854,709,Transportation & Storm Water,,2012,2012,Council District: 1; Community Plan: Torrey Highlands,10381450,18088233,This project provides for the design and construction of two additional travel lanes in two incre­ ments. The first increment requires the widening along the frontage of Torrey Del Mar development. The sec­ ond increment completes the remainder of the widening. Timing of each increment of widening will be based on the rate of development in Torrey Highlands.,"This facility is required to accommodate traffic generated by new development in Black Moun­ tain Ranch, Torrey Highlands and surrounding communities as well as exsisting sub-regional traffic needs.",0,7706783,0,0,0,0,0
2011,Carmel Valley Road 4/6 Lanes s/o of Street A / S00900,710,Transportation & Storm Water,,2012,2016,"Council District: 1; Community Plan: Torrey Highlands, Pacific Highlands Ranch",4400000,7672951,"This project provides for the design and construction of Carmel Valley Road from the Camino Santa Fe Interchange to Pacific Highlands Ranch Parkway as a six-lane facility within a 146 foot right-of-way transitioning to a four-lane facility within a 122 foot right-of-way (4,000 linear feet). The expanded right-of­ way will permit widening of up to 24 additional feet for a future transit oriented facility. In the interim, these two-lanes shall be landscaped and incorporated into the center median improvements.","Due to anticipated traffic volumes on Carmel Valley Road, the portion between SR-56 and Del Mar Heights Road will be constructed as a six lane facility, in two phases, as required by the Transportation Phasing. See Project T- 4.2 and Torrey Highlands Public Facilities Financing Plan Project T- 4.5.",0,1347951,0,0,0,1925000,0
2011,Carmel Valley Road-Street A to Neighborhood Pky / S00906,711,Transportation & Storm Water,,2012,2012,Council District: 1; Community Plan: Pacific Highlands Ranch,6900000,9400000,"This project provides for design and construction of Carmel Valley Road from A-Street to the Neighborhood Parkway as a four-lane facility within a 122 foot right-of-way that can accommodate six lanes in the future. The two internal lanes will be left unimproved for future expansion to accommodate six lanes of traf­ fic or another transit oriented facility. In the interim, these two lanes shall be landscaped and incorporated into the center median improvements. This section of Carmel Valley Road includes the pedestrian undercrossing at the Neighborhood Parkway. See Project T-4.3 in the Pacific Highlands Ranch Public Facilities Financing Plan. This project will be built by the developer who will be reimbursed.","Due to anticipated traffic volumes on Carmel Valley Road, the section between A-Street and Neighborhood Parkway will be constructed as a four-lane facility that can be expanded to six lanes in the future.",0,2500000,0,0,0,0,0
2011,Carroll Canyon Rd-I-15 to Maya Linda Rd / S01019,712,Transportation & Storm Water,,,,Council District: 5; Community Plan: Mira Mesa,78373,78373,This project provides for widening the south side of Carroll Canyon Road from Interstate 15 to 150 feet east of Maya Linda Road in order to provide a right-turn lane with a Class II bike lane. See Project Number 7A in the Mira Mesa Public Facilities Financing Plan.,"Due to growth in the community, increases to traffic volumes will require an exclusive right­ turn lane to maintain and improve service levels for I-15 at Carroll Canyon Road.",0,0,0,0,0,0,0
2011,Community Sign Installation at Various Locations / AID00004,713,Transportation & Storm Water,,,,Council District: Citywide; Community Plan: Citywide,26000,26000,This project will provide the installation of community signs at various locations Citywide.,Support community desires for identifying various communities by installing community signs.,0,0,0,0,0,0,0
2011,Concrete Streets / AID00006,714,Transportation & Storm Water,,,,Council District: Citywide; Community Plan: Citywide,2500000,24100000,"This annual allocation provides for resurfacing, repair, and reconstruction of concrete streets which are necessary to maintain the concrete streets in a serviceable condition and to prevent deterioration.","Resurfacing, repair, and reconstruction of concrete streets are necessary to maintain the con- crete streets in serviceable condition and prevent deterioration.",21600000,0,0,0,0,0,0
2011,Consultant Services for Public Facilities / AID00008,715,Transportation & Storm Water,,,,Council District: Citywide; Community Plan: Citywide,41219,41219,This annual allocation provides for miscellaneous engineering/architectural services by consul- tants for the improvement of streets.,Some projects require the services of a private consultant for minor design services or when the required level of expertise is not available from City staff.,0,0,0,0,0,0,0
2011,Debt Service for Commercial Paper Funded Projects / S00883,716,Transportation & Storm Water,,,,Council District: Citywide; Community Plan: Citywide,19942832,19942832,This project provides for debt service payment on TransNet Commercial Paper issued for Funded Program projects within a given fiscal year.,"Debt service payments for TransNet Commercial Paper issuances are required; however, are contingent upon actual use.",0,0,0,0,0,0,0
2011,Debt Service for TransNet Bond Funded Projects / S00874,717,Transportation & Storm Water,,,,Council District: Citywide; Community Plan: Citywide,31650885,31650885,This project provided for debt service related to TransNet Bond funded projects (previously managed by the Engineering and Capital Projects Department).,Debt service payments for prior TransNet Bond issuances were required annually. This project reflects completely paid debt service payment requirements stemming from prior year issuances.,0,0,0,0,0,0,0
2011,Del Mar Heights Rd n/o Neighborhood 4 Park/School / S00855,718,Transportation & Storm Water,,,,Council District: 1; Community Plan: Carmel Valley,859436,859436,"This project provides for developer reimbursement, contingent upon approval of a reimburse­ ment agreement, for the half-width improvement of Del Mar Heights Road north to Ashley Falls Neighborhood Park to a six-lane major arterial with Class II bike lanes.",The developer was required to build this road and will be reimbursed from Facilities Benefit Assessment funding by agreement. See Project Number T-6 in the Carmel Valley Public Facilities Financing Plan.,0,0,0,0,0,0,0
2011,Del Mar Heights Road-4/6 Lanes / S00903,719,Transportation & Storm Water,,2012,2012,Council District: 1; Community Plan: Pacific Highlands Ranch,9800000,12300000,This project provides for construction of Del Mar Heights Road from Old Carmel Valley Road to the new alignment of Carmel Valley Road as a modified five-lane roadway within a 122 foot right-of-way for a future six-lane facility. The project includes an eastbound third lane as the roadway approaches Carmel Val­ ley Road. This project includes the bridge crossing over the open space corridor. This is the second phase of the project and will provide local access to the central area of development. The developer will advance fund­ ing for this project and be reimbursed from the Pacific Highlands Ranch Facilities Benefit Assessment under the terms of a reimbursement agreement.,This facility is required to accommodate traffic being generated by new development in Pacific Highlands Ranch as well as by existing sub-regional traffic needs.,0,2500000,0,0,0,0,0
2011,Del Mar Mesa Public Facilities / S00893,720,Transportation & Storm Water,,,,Council District: 1; Community Plan: Del Mar Mesa,9405000,9405000,This project provides for the construction of Del Mar Mesa Road as a two-lane rural residential road from Carmel Country Road to the future Carmel Mountain Road. The improvements also include a 16­ inch water line and a multi-use trail. This roadway will provide access to the east until other road improve­ ments are in place. This project was formerly named Shaw Ridge Road. This project will be constructed by three developers under three separate reimbursement agreements.,This project is required to accommodate the additional traffic generated as a result of develop­ ment in Del Mar Mesa. See Project Number 43-3 in the Del Mar Mesa Public Facilities Financing Plan.,0,0,0,0,0,0,0
2011,Del Sol Boulevard-Central / S00858,721,Transportation & Storm Water,,,,Council District: 8; Community Plan: Otay Mesa,6500000,6500000,"This project provides for construction of the central section of Del Sol Boulevard from the east­ ern boundary of Palm Ridge through the Multiple Species Conservation Program (MSCP) open space, and along the frontage of the proposed community park, elementary and middle school site. The roadway will con­ sist of 800 linear feet of a two-lane collector and 2,000 linear feet of a four-lane collector street.","The transportation element of the Otay Mesa Community Plan suggests that an integrated trans­ portation network will provide mobility and accessibility for the residents and business travelers to, from and through the community. See companion projects T-4.1 and T-4.2 in the Otay Mesa Public Facilities Financing Plan.",0,0,0,0,0,0,0
2011,Dennery Road - East / S10018,722,Transportation & Storm Water,,,,Council District: 8; Community Plan: Otay Mesa,109707,109707,"This project provides for constructing approximately 2,900 linear feet as a two-lane collector street north of Palm Avenue within the Dennery Ranch Precise Plan area. Multiple Species Conservation Pro­ gram frontage is to be funded from Facilities Benefit Assessment.",This project is required to accommodate the additional traffic generated as a result of develop­ ment in the Otay Mesa community.,0,0,0,0,0,0,0
2011,Eastgate Mall-Towne Centre to Miramar Road / S00848,723,Transportation & Storm Water,,,,Council District: 1; Community Plan: University,1482001,1482001,"This project provides for widening Eastgate Mall to a four-lane collector street between Miramar Road and the San Diego Gas and Electric (SDG&E) easement. In addition, this project provides for Class II bicycle lanes.",These improvements will enhance traffic flow at this location. See project Number 34 in the North University City Public Facilities Financing Plan.,0,0,0,0,0,0,0
2011,El Camino Real Widening / S00916,724,Transportation & Storm Water,,,,"Council District: 1; Community Plan: Pacific Highlands Ranch, Black Mountain Ranch",100000,100000,"This project provides for completion of the construction of the existing El Camino Real between Half Mile Drive and San Dieguito Road as a four-lane major street within the existing, graded right-of-way.","This project is required in order to accommodate the additional traffic generated as a result of development in the surrounding communities, including Pacific Highlands Ranch, as well as the existing sub­ regional traffic needs.",0,0,0,0,0,0,0
2011,Euclid Avenue & Home Improvements / S00886,725,Transportation & Storm Water,,,,"Council District: 3, 7; Community Plan: Normal Heights (Mid-City)",1012740,1012740,"This project provides for the completion of street improvements recommended in the Euclid Avenue Revitalization Program and the Mid-City Community Plan. Improvements will extend from Home Ave­ nue to Thorn Street and will include curb, gutter, sidewalk, paving, and traffic calming installations.","Euclid Avenue carries a traffic volume in excess of its design capacity, resulting in significant congestion, which impacts neighboring properties. Traffic speed, volume, and a deficiency in pedestrian infra­ structure compromise pedestrian safety.",0,0,0,0,0,0,0
2011,Euclid Avenue Corridor Improvements / S00904,726,Transportation & Storm Water,,,,"Council District: 3, 7; Community Plan: Eastern Area (Mid-City)",242369,242369,"This project provides improvements on Euclid Avenue from 300 feet north of Redwood Street to El Cajon Boulevard and will include curb, gutter, sidewalk, curb ramps, landscaping, roadway restoration, strip­ ing, and traffic calming installations.","Euclid Avenue carries a traffic volume in excess of its design capacity, resulting in significant congestion, which impacts neighboring properties. Traffic speed, volume, and deficiency in pedestrian infra­ structure compromise pedestrian safety.",0,0,0,0,0,0,0
2011,Five Year CIP Planning / AID00003,727,Transportation & Storm Water,,2012,2015,Council District: Citywide; Community Plan: Citywide,726956,926956,"This annual allocation provides funding for the planning and preliminary design work for poten- tial future transportation projects submitted by City Council, City departments, constituents, and other agencies.","This project funds required work by City staff to evaluate, plan and perform preliminary design as requested.",0,50000,50000,50000,50000,0,0
2011,Genesee Avenue I-5 to Eastgate Mall / S00866,728,Transportation & Storm Water,,,,Council District: 1; Community Plan: University,327750,327750,This project provides for a median closure at Fez Street and dual left-turn lanes in the south­ bound direction at the Eastgate Mall intersection.,This project will improve traffic circulation in the University community. See Project Number G in the North University City Public Facilities Financing Plan.,0,0,0,0,0,0,0
2011,Genesee Avenue-I-5 to Regents Road / S00840,729,Transportation & Storm Water,,,,Council District: 1; Community Plan: University,6866780,6866780,"This project provides for widening Genesee Avenue to a modified six-lane primary arterial from Interstate 5 to Campus Point Drive. The total project length is approximately 2,500 feet with Class II bicycle lanes. A separate project (S-00839) is",This project is needed to improve traffic flow and is included in the Council-approved North University City Community Financing Plan and Facilities Benefit Assessment Document.,0,0,0,0,0,0,0
2011,Hillery Drive Improvements / S11064,730,Transportation & Storm Water,,,,Council District: 5; Community Plan: Mira Mesa,2500000,2500000,This project will provide for the widening of Hillery Drive and traffic calming projects on adja- cent streets.,"Caltrans is completing a High Occupancy/Transit freeway lanes project in the middle of I-15, with a Direct Access Ramp (DAR) onto Hillery Drive to serve the Mira Mesa community. Traffic mitigation is required as part of this project.",0,0,0,0,0,0,0
2011,Hollister Street Widening / S00980,731,Transportation & Storm Water,,,,Council District: 8; Community Plan: Otay Mesa - Nestor,2068,2068,"This project provides for improvements to the west side of the 900 block of Hollister Street. Improvements include new curb, gutter, sidewalk, and asphalt pavement.",The project addresses the need for adequate drainage and pedestrian accessibility.,0,0,0,0,0,0,0
2011,Holly Dr. Street Improvements / S11033,732,Transportation & Storm Water,,,,Council District: 4; Community Plan: Encanto Neighborhoods (Southeastern),900000,900000,"This project provides for construction of curbs, gutters, sidewalks, driveways, curb ramps, and pavement on Holly Drive from South WIllie James Jones Avenue to South Euclid Avenue.","This project will bring the street and sidewalk up to standard, making it safer for pedestrians.",0,0,0,0,0,0,0
2011,I-5 / SR-56 Fiberoptic Relocation / S00708,733,Transportation & Storm Water,,,,Council District: 1; Community Plan: Carmel Valley,197104,197104,The Interstate 5/State Route 56 Fiber Optic Relocation project will abandon an existing fiber optic cable alignment adjacent and parallel to Interstate 5 between Carmel Valley Road and Del Mar Heights Road and will relocate the utility to the east of the existing alignment and into the public right of way.,The relocation is necessary to accommodate the future road widening of Interstate 5 that would affect the existing utility alignment.,0,0,0,0,0,0,0
2011,I-5 to SR-56 Freeway Connectors / S00707,734,Transportation & Storm Water,,2014,2015,Council District: 1; Community Plan: Carmel Valley,3007586,9028262,"This project provides for the preparation of a project report and environmental document (PR/ ED) for northerly connections of the Interstate 5 and State Route 56 freeways. Alternatives under consideration include direct freeway to freeway connectors from westbound State Route 56 to northbound Interstate 5 and southbound Interstate 5 to eastbound State Route 56, an auxiliary lane alternative which proposes providing operational improvements on Interstate 5 between Del Mar Heights Road and Carmel Valley Road, on Carmel Valley Road between Interstate 5 and State Route 56 and on State Route 56 west of Carmel Country Road. The third alternative includes the direct freeway connectors from westbound State Route 56 to northbound Interstate 5 and the auxiliary lane alternative improvements on southbound Interstate 5, eastbound Carmel Valley Road and eastbound State Route 56.","State Route 56 opened to traffic in July 2004 and provides a new east/west connection between Interstates 5 and 15. This will introduce a significantly new volume of traffic to the Interstate 5 corridor in Car­ mel Valley, some of which will need to go to or from the north. This project will provide the improvements nec­ essary to make these moves most efficiently and avoid the heavy use of local streets.",0,0,0,2320676,3700000,0,0
2011,I-805/Home Avenue Ramp Improvements / S11042,735,Transportation & Storm Water,,,,Council District: 4; Community Plan: Mid-City: Eastern Area,250000,250000,This project provides for widening the westbouand approach on Home Avenue by narrowing and relocating the median to provide two left turn lanes onto Interstate 805 south/South Route 94 east on ramp and two through lanes.,This project will improve safety by allowing additional capacity through this intersection.,0,0,0,0,0,0,0
2011,Interstate 15 Improvements / S00931,736,Transportation & Storm Water,,,,Council District: 1; Community Plan: Black Mountain Ranch,7150000,7150000,"This project involved the design and construction of capacity improvements on the I-15 freeway between SR-56 and the northern City of San Diego limits near Lake Hodges which included auxiliary lanes, HOV lanes, managed lanes and widening of the northbound bridge over Lake Hodges.","This project is in accordance with the Black Mountain Ranch Public Facilities Financing Plan, Project T-55, Council Resolution R-301005, November 1, 2005.",0,0,0,0,0,0,0
2011,Juan Street Concrete Street / S00602,737,Transportation & Storm Water,,2012,2012,"Council District: 2; Community Plan: Old San Diego, Uptown",2217610,5685979,"This project provides for the replacement of the existing concrete pavement, curb, gutter and sidewalk on Juan Street from Taylor Street to Sunset Road. It is proposed to do the reconstruction work in two phases. Phase I (Taylor Street to Harney Street) will provide new asphalt cement and cement treated base pave­ ment. Phase II (Harney Street to Sunset Road) will provide new Portland cement concrete pavement.",This project is needed to reconstruct the roadway due to deterioration of the existing roadway. This project location is one of the lowest rated non-residential concrete streets within the City based on Overall Condition Index (OCI) rating.,2000000,1468369,0,0,0,0,0
2011,Judicial Drive-Golden Haven to Eastgate Mall / S00879,738,Transportation & Storm Water,,,,Council District: 1; Community Plan: University,8889000,8889000,"This project provides for constructing Judicial Drive from Golden Haven Drive to Eastgate Mall as a four-lane major street, including an undercrossing at La Jolla Village Drive. The undercrossing will be funded by Facilities Benefit Assessment (FBA) funding.","This project is needed to improve traffic flow, and it is included in the Council-approved North University City Community Financing Plan and Facilities Benefit Assessment Document. See Project Number 33 in the North University City Public Facilities Financing Plan.",0,0,0,0,0,0,0
2011,Kearny Mesa Community Sign / S10044,739,Transportation & Storm Water,,,,Council District: 6; Community Plan: Kearny Mesa,60000,60000,This project provides for the installation of community signs in Kearny Mesa.,The project is funded by a State contribution agreement as part of the relinquishment of State Route 274 to the City of San Diego and was requested by Council District 6.,0,0,0,0,0,0,0
2011,La Jolla Mesa Drive Sidewalk / S00928,740,Transportation & Storm Water,,,,Council District: 1; Community Plan: La Jolla,115000,115000,"This project provides for the construction of a curb, gutter, and sidewalk on the east side of La Jolla Mesa south of Deer Hill Court.",This project is required in order to provide safer pedestrian access.,0,0,0,0,0,0,0
2011,La Jolla Mesa Vista Project UUD / S00695,741,Transportation & Storm Water,,,,Council District: 1; Community Plan: Torrey Pines,1138660,1138660,"This project coordinates, establishes and administers an Undergrounding Utility District for the La Jolla Mesa Vista area. The La Jolla Mesa Vista Underground Utility Assessment District No. 4098 outlines a process for SDG&E, AT&T and the cable companies to underground their facilities while installing new streetlighting and restoring roadway surfaces. Construction costs for undergrounding are paid by the utility companies in accordance with Public Utilities Commission Decisions 73078, 820118 and Case 8209","The California Public Utilities Commission (CPUC) Rule 20A mandates that local utility com­ panies allocate funding for the undergrounding of their respective utility services at the direction of the local municipality. The City of San Diego must provide the necessary adminstrative expenses, conversion of City­ owned streetlighting, and resurfacing of roadways associated with the undergrounding purpose.",0,0,0,0,0,0,0
2011,Linda Vista Rd at Genesee Intersection Improvement / S00907,742,Transportation & Storm Water,,2014,2015,Council District: 6; Community Plan: Linda Vista,273000,1003000,This project provides for lengthening the Genesee Avenue westbound left-turn lanes to 300 feet of vehicle storage and re-striping Genesee Avenue to provide an exclusive eastbound right-turn lane. It will also widen Linda Vista Road to provide an exclusive northbound right-turn lane.,This project will improve the traffic flow through the intersection.,0,0,0,150000,580000,0,0
2011,Market St -Euclid Ave to 54th St- Improvements / S11043,743,Transportation & Storm Water,,,,Council District: 4; Community Plan: Southeastern San Diego,240000,240000,This project will install curb gutter and sidewalk and needed improvements on Market Street from Euclid Ave to 54th Street.,This project will provide sidewalk for a heavily pedestrian traveled area and needed improve- ments along the roadway.,0,0,0,0,0,0,0
2011,Mira Sorrento Place-Scranton to Vista Sorrento / S00878,744,Transportation & Storm Water,,,,Council District: 5; Community Plan: Mira Mesa,12688683,12688683,This project provides for widening and extending Mira Sorrento Place to a four-lane collector street between Scranton Road and Vista Sorrento Parkway. It includes widening the Mira Sorrento Place/Scran­ ton Road intersection.,This project is needed to improve traffic flow and is included in the Council-approved Mira Mesa Community Financing Plan and Facilities Benefit Assessment Document. See Project Number 56 in the Mira Mesa Public Facilities Financing Plan.,0,0,0,0,0,0,0
2011,Miramar Road-Interstate 805 Easterly Ramps / S00880,745,Transportation & Storm Water,,,,Council District: 5; Community Plan: University,7650000,7650000,This project provides for widening Miramar Road to eight lanes from the Interstate 805 easterly on and off-ramps to 300 feet east of Eastgate Mall. It includes dual left-turn lanes at Eastgate Mall. Phase I work consists of the construction of road improvements west of Eastgate Mall. Phase II improvements would construct a right turn only lane on westbound Miramar Road approaching Eastgate Mall.,"This project is needed to improve traffic flow, and is included in the Council approved North University City Community Plan and Facilities Benefit Assessment Document per the North University City Public Facilities Financing Plan - Project 50.",0,0,0,0,0,0,0
2011,Napa Street from Linda Vista Rd to Morena Blvd / S00849,746,Transportation & Storm Water,,,,Council District: 6; Community Plan: Linda Vista,655740,5760000,This project provides for improved traffic flow at the Napa Street/Linda Vista Road intersection.,"Napa Street is classified as a major street in the Linda Vista Community Plan. Current traffic volumes in excess of 19,000 average daily trips are beyond the desirable capacity of the existing facility. The proposed design would eliminate congestion.",5104260,0,0,0,0,0,0
2011,New Developments / AID00009,747,Transportation & Storm Water,,,,Council District: Citywide; Community Plan: Citywide,50000,50000,This annual allocation provides for street and utility improvements along City-owned land and in other situations where it is desired to have an adjoining developer install such improvements and be reim­ bursed by the City.,"The City is required to improve the right-of-way alongside its property, as must all property owners. The City Council may determine that it is more economical to have such work done by an adjoining developer rather than by a separate City contract.",0,0,0,0,0,0,0
2011,New Heritage Road (Otay Valley Road)-Central / S00876,748,Transportation & Storm Water,,,,Council District: 8; Community Plan: Otay Mesa,4319794,4319794,This project provides for realigning a portion of the existing two-lane roadway by a private developer as an interim improvement. This work will be completed by an adjacent private developer and be reimbursed through Facilities Benefit Assessment credits.,"The transportation element of the Otay Mesa Community Plan suggests that an integrated trans­ portation network will provide mobility, accessibility and safety for the residents and businesses traveling to, from, and through the community. See Project Number T-21.3i in the Otay Mesa Public Facilities Financing Plan.",0,0,0,0,0,0,0
2011,Nobel Drive / I-805 Interchange / S00709,749,Transportation & Storm Water,,,,Council District: 1; Community Plan: University,26613001,26613000,"This project provides for construction of Nobel Drive as a six-lane primary arterial from Shore­ line Drive to Interstate 805, and as a four-lane major street from Interstate 805 to Miramar Road. It includes construction of one-half of a diamond interchange with ramps to and from the south at Nobel Drive and Inter­ state 805. The new overcrossing will provide four through-lanes plus dual left-turn lanes, bike lanes, and side­ walk on both sides. Two traffic signals will be constructed at both ramp terminals with Nobel Drive. Auxiliary lanes will be constructed on Interstate 805 from north of Governor Drive to Nobel Drive. The existing bridge over the AT&SF railroad tracks will be widened to accommodate these two additional auxiliary lanes on Inter­ state 805.",This project will improve traffic circulation in the University Community. See Project Number 21 in the North University City Public Facilities Financing Plan.,0,0,0,0,0,0,0
2011,North Torrey Pines Road at Genesee Avenue / S00720,750,Transportation & Storm Water,,,,Council District: 1; Community Plan: University,9573775,9573775,"This project provides for the reconstruction of Genesee Avenue at Torrey Pines Road and John Jay Hopkins Drive. The proposed changes include rebuilding the intersection of Genesee Avenue/North Torrey Pines Road, widening Genesee Avenue and North Torrey Pines Road north of Genesee Avenue to a six-lane pri­ mary arterial, and widening North Torrey Pines Road south of Genesee Avenue to a six-lane major street. The limits of the widening are easterly to John Jay Hopkins Drive, southerly to Torrey Pines Scenic Drive and to 500 feet north of the North Torrey Pines Road/Genesee Avenue intersection. This project also provides for Class II bicycle lanes. See Project Number E in the North University City Public Facilities Financing Plan.",This project will improve sight distance through the intersection and provide additional left turn storage capacity on Genesee Avenue at John Jay Hopkins Drive and University of California entrance.,0,0,0,0,0,0,0
2011,Ocean Beach Commercial Revitalization Newport Ave / S01077,751,Transportation & Storm Water,,,,Council District: 1; Community Plan: Ocean Beach,32,32,"This project provides for phased design and construction of drainage improvements, street grinding and resurfacing, installation of concrete gutters, additional surface drain inlets, enhanced crosswalks, curb pop-outs, hardscaping and tree planting along Newport Avenue from Sunset Cliffs Boulevard to Abbott Street.",The proposed improvements are necessary to satisfy the Americans with Disabilities Act (ADA) requirements by bringing the street surface areas up to standard.,0,0,0,0,0,0,0
2011,Ocean View Hills Parkway / S00882,752,Transportation & Storm Water,,,,Council District: 8; Community Plan: Otay Mesa,15058237,15058237,"This project provides for reimbursing the developer for the City's share of the design and con­ struction of Ocean View Hills Parkway (Phases II and III) from Dennery Road to Otay Mesa Road. The project includes approximately 5,200 lineal feet of a four-lane major street and 4,900 lineal feet of a six-lane major street. See projects T2.1, T2.2 and T2.3 in the Otay Mesa Public Facilities Financing Plan.","The transportation element of the Otay Mesa Community Plan recommends that an integrated transportation network will provide mobility, accessibility and safety for the residences and businesses traveling to, from and through the community.",0,0,0,0,0,0,0
2011,Old Otay Mesa Road- Westerly / S00870,753,Transportation & Storm Water,,,,"Council District: 8; Community Plan: Otay Mesa, Otay Mesa - Nestor",3250000,6750000,"This project provides for design and construction of Old Otay Mesa Road from the intersection of B Street, as shown on the Remington Hills Tentative Map, easterly to the intersection with Otay Mesa Road (Town Center Drive Extension South), per the Otay Mesa Public Facilities Financing Plan - Project T-50.2. This project includes approximately 2,400 linear feet of a two-lane collector street.","The transportation element of the Otay Mesa Community Plan suggests that an integrated trans­ portation network will provide mobility, accessibility and safety for persons traveling to, from and through the community. This project is being funded with Facilities Benefit Assessment Fees funding because there is either no project fronting this roadway or the projects fronting the roadway are also public facility projects, e.g., school, park. Should the adjacent properties be developed, these properties shall reimburse the Facilities Benefit Assessment Fees Fund for the actual cost of the project as a condition of approval of their developments.",3500000,0,0,0,0,0,0
2011,Otay Mesa Truck Route Phase 3 / S00724,754,Transportation & Storm Water,,2012,2012,Council District: 8; Community Plan: Otay Mesa,3989997,4289997,This Phase III project provides for an emergency lane and paved shoulder from Drucker Lane to the port of entry.,"The Phase III additional lane will provide a dedicated emergency lane for Border Patrol, Police and other emergency vehicles.",0,300000,0,0,0,0,0
2011,Otay Mesa Truck Route Phase 4 / S11060,755,Transportation & Storm Water,,2012,2014,Council District: 8; Community Plan: Otay Mesa,480000,18730000,This phase IV project provides for the construction of an additional lane to the existing Otay Truck Route from La Media Road to Drucker Lane and for the extension of the Truck Route (two lanes) from Britannia Boulevard to La Media Road and along Britannia Boulevard from the border to Britannia Court.,The Phase IV additional lane and extension of the Truck Route will remove cargo traffic from local streets and further expedite international truck traffic southbound into Mexico at the Otay Mesa Port of Entry,13000000,2100000,750000,2400000,0,0,0
2011,Palm Avenue Roadway Improvements / S00913,756,Transportation & Storm Water,,2012,2012,Council District: 8; Community Plan: Otay Mesa - Nestor,1349000,3604000,"This project provides for vehicular and traffic safety improvements on Palm Avenue from Beyer Way to Interstate 805. The improvements include installation of raised center medians, turn pockets, traffic sig­ nals, a pedestrian refuge area, crosswalks, landscaping, striping and signage. Subsequent phases of this project may include further analysis of the pedestrian and streetscape aspects of the project area.",These improvements will benefit the community by increasing the safety and flow of traffic.,0,2255000,0,0,0,0,0
2011,Paradise Hills Revitalization Project / S00829,757,Transportation & Storm Water,,,,Council District: 4; Community Plan: Skyline - Paradise Hills,1997268,1997268,"This project provides for a vision and implementation strategy for rehabilitating an older com­ mercial strip development on Reo Drive between Albemarle Street and Cumberland Street in the heart of Para­ dise Hills. Phase I added crosswalks, pop-outs, and surface improvements on Reo Drive between Albemarle Street and Cumberland Drive. Phase II will widen Reo Drive from 60 to 80 feet, including diagonal parking, and surface improvements between Albemarle Street and Cumberland Drive.",Revitalization of this strip will encourage commercial opportunities in this underserved com­ munity.,0,0,0,0,0,0,0
2011,Pershing Drive/Redwood Street Intersection / S00885,758,Transportation & Storm Water,,,,"Council District: 3; Community Plan: Balboa Park, Greater North Park",753484,1626000,"This project provides for improvements along Pershing Drive at Redwood Street and Jacaranda Place, and at the entrance to the Morley Field Disc Golf Course in Balboa Park. The City was awarded a $150,000 State Community-Based Transportation Planing Grant for preliminary engineering activities, public outreach, and to assist in determining the project scope of work.","The re-configuration of this intersection will improve traffic control and safety for vehicles, bicycles, and pedestrians.",872516,0,0,0,0,0,0
2011,Pomerado Rd at Willow Creek/Ave of Nations IS / S00933,759,Transportation & Storm Water,,,,Council District: 5; Community Plan: Scripps Miramar Ranch,1290000,1290000,"This project involved improvements at the intersection of Pomerado Road and Willow Creek Road/Avenue of Nations as part of the construction of Thurgood Marshall Middle School. The improvements included a traffic signal, widening, striping and landscaping.","This project is in accordance with the Scripps Miramar Ranch Public Facilities Financing Plan, Project: 34-14, Council Resolution R-302405, March 5, 2007.",0,0,0,0,0,0,0
2011,Rancho Bernardo Street and Sidewalk Improvements / S00887,760,Transportation & Storm Water,,,,Council District: 6; Community Plan: Rancho Bernardo,86894,152694,"This project provides for improvements to streets and sidewalks throughout the Rancho Ber­ nardo community, as needed. Other improvements may include installation of landscaping and irrigation sys­ tems and construction of retaining and sound walls.",Additional street and sidewalk improvements are required as a result of continuing develop­ ment in the area.,65800,0,0,0,0,0,0
2011,Regents Road Widening-Genesee to Executive / S00881,761,Transportation & Storm Water,,,,Council District: 1; Community Plan: University,4945000,6045000,"This project provides for widening Regents Road to a modified four-lane major street from Genesee Avenue to Executive Drive, relocation of the Genesee Avenue/Regents Road intersection to the east, and bike lanes.",This project is needed to improve traffic flow and is included in the Council-approved North University City Community Financing Plan - Project 13 and Facilities Benefit Assessment Document.,1100000,0,0,0,0,0,0
2011,Resurfacing of City Streets / AID00005,762,Transportation & Storm Water,,2012,2016,Council District: Citywide; Community Plan: Citywide,87167777,289167776,"This annual allocation provides for roadway resurfacing, repair and reconstruction.","Resurfacing, repair, and reconstruction of City streets are necessary to maintain the streets in serviceable condition and prevent deterioration of the roadway.",42000000,32000000,32000000,32000000,32000000,32000000,0
2011,Rosecrans Street Corridor Improvements / S00830,763,Transportation & Storm Water,,,,"Council District: 2; Community Plan: Midway - Pacific Highway, Peninsula",2184333,2184333,"This project provides for improvements to the former State Route 209, which includes all or parts of Camino del Rio West, Rosecrans Street, Canon Street, Catalina Boulevard, and Cabrillo Memorial Drive. Camino del Rio West improvements consist of upgrading the sidewalk facilities, including installation of pedestrian ramps and traffic signal modifications, and construction of turn pocket and signal modifications on Rosecrans at Midway.",Redevelopment in the area resulted in increased traffic and pedestrian activity.,0,0,0,0,0,0,0
2011,SR56 / I-15 Interchange / S00920,764,Transportation & Storm Water,,,,Council District: 1; Community Plan: Pacific Highlands Ranch,580000,580000,This project provides for the design and construction of a loop ramp in the southeast quadrant of SR-56 at I-15 in Rancho Penasquitos for eastbound to northbound movements to eliminate the need for making left turns at the existing traffic signal. It will also widen the southbound to westbound ramp and the eastbound to southbound ramp. (See Project T-1.6 and Black Mountain Ranch PFFP Project T-56.),"This facility is required to accommodate the additional traffic generated as a result of develop­ ment in the I-15 Corridor, with Pacific Highlands Ranch contributing its fair share based on percentage of increased traffic.",0,0,0,0,0,0,0
2011,Saturn Blvd Roadway Improvements / S11028,765,Transportation & Storm Water,,2013,2013,Council District: 8; Community Plan: Otay Mesa - Nestor,100000,350000,"This project provides for the widening of the west side of Saturn Boulevard, north of Grove Street. The project includes new pavement, with approximately 980 linear feet of new curb, gutter and side­ walk, pedestrian ramps, retaining wall, drainage improvements and relocation of existing above ground utilities.",The project is located adjacent to a school where students disembark from a school bus and then walk to school via this route. This project would provide a safer pedestrian route for the students and also improve surface drainage.,0,0,250000,0,0,0,0
2011,Saturn Boulevard-Palm Ave to Coronado / S00861,766,Transportation & Storm Water,,,,Council District: 8; Community Plan: Otay Mesa - Nestor,315223,1331179,"This project provides for widening the west side of Saturn Boulevard to a four-lane collector street from Palm Avenue to Coronado Avenue. Improvements include construction of concrete curb, gutter, sidewalk, drainage facilities, asphalt concrete pavement, and landscaping as necessary.",This project is needed to widen the existing southbound traffic lanes to a four-lane collector and to standardize the street width to accommodate the increase in traffic volume.,1015955,0,0,0,0,0,0
2011,Skyline Drive at Cardiff Improvements / S00927,767,Transportation & Storm Water,,,,Council District: 4; Community Plan: Skyline - Paradise Hills,25000,25000,This project provides for a pop-out on the northwest corner of Skyline and Cardiff.,This project is required in order to provide traffic calming and safer pedestrian crossing.,0,0,0,0,0,0,0
2011,Soledad Mountain Road Emergency Repair Project / S00932,768,Transportation & Storm Water,,,,Council District: 2; Community Plan: La Jolla,26919584,26919583,"This project provides for the reconstruction of Soledad Mountain Road. On October 3, 2007, a landslide occured on Mt. Soledad and destroyed a large section of the 5700 block of Soledad Mountain Road and Desert View Drive Alley.","Soledad Mountain Road is classified as a four-lane major street with approximately 8,470 aver­ age daily traffic volume. The road is heavily utilized as a through access to and from La Jolla.",0,0,0,0,0,0,0
2011,Sorrento Valley Road & Interstate 5 Interchange / S00914,769,Transportation & Storm Water,,2013,2013,Council District: 1; Community Plan: Torrey Pines,3394000,50569000,This project provides for a new freeway interchange to address traffic congestion. The project will be constructed in coordination with Caltrans and the Federal Highway Adminstration. Land acquistion is required.,Traffic is at Level of Service I and is severly impacted by stoppage for trains at the Coaster Sta­ tion.,47000000,0,175000,0,0,0,0
2011,Spring Canyon Road-Scripps Ranch to Pomerado Road / S00832,770,Transportation & Storm Water,,,,"Council District: 7; Community Plan: Scripps Miramar Ranch, Rancho Encantada",785000,785000,This project provides for the installation of traffic signals at three locations and the construction of raised medians at a number of intersections to reduce cut-through traffic on local collector streets. The proj­ ect includes interconnection of the traffic signals in the segment. Specific locations will be determined by a traf­ fic study which is included in this scope of work. The Community Planning Committees of Miramar Ranch North and Scripps Ranch approved a two phase plan as a result of the,The traffic signals will allow pedestrians to cross at controlled intersections. The raised medi­ ans at the three intersections will provide additional control of the traffic movements. The additional raised medians at specific intersections will reduce cut-through traffic on local collector streets. Interconnecting the traffic signals will be an effective means of controlling traffic speeds without sacrificing roadway capacity.,0,0,0,0,0,0,0
2011,State Route 56-Carmel Country to Black Mountain / S00853,771,Transportation & Storm Water,,,,"Council District: 1; Community Plan: Los Penasquitos Canyon Preserve (RPQ, Sabre Springs, Rancho Penasquitos,",162650529,162650529,"This project provides for the State Route 56 freeway between the Carmel Valley and Rancho Penasquitos communities. A four-lane freeway will be constructed with interchanges at Black Mountain Road, Camino Santa Fe and Camino Del Sur. This project will provide the necessary right-of-way and prepare the grade for a six-lane freeway. In addition, this project provides for the bikepath through the State Route 56 corri­ dor, and a future project is planned for a bikepath interchange at Camino Del Sur. The preparation of project report and environmental document for the remaining Interstate 5/State Route 56 connector ramps is budgeted under S-00707, Interstate 5/State Route 56 Freeway Connectors.",This project is needed to provide an east-west connection between Interstate 5 and Interstate 15.,0,0,0,0,0,0,0
2011,Streamview Drive Improvements / S00864,772,Transportation & Storm Water,,2012,2014,Council District: 3; Community Plan: City Heights (Mid-City),480000,1725000,"This project provides for safety/capacity improvements on Streamview Drive from 54th Street to College Avenue to reduce excessive speeds, increase safety, and enhance visual impacts.","A study is required to determine solutions to several problems on Streamview Drive. Design solutions and construction, predicated on the study, will address these problems.",0,200000,795000,250000,0,0,0
2011,Torrey Pines Improvements Phase I / S00613,773,Transportation & Storm Water,,,,Council District: 1; Community Plan: La Jolla,800000,13800000,"This project provides for improvements to the Torrey Pines Corridor. The corridor limits are: Torrey Pines Road from La Jolla Parkway to Prospect Place. Improvements may include guardrails, median improvements, sidewalks, traffic signals and lighting, installation of bikelanes and modification to striping.","Improvements are needed on Torrey Pines Road, west of La Jolla Shores Drive, to better accommodate the traffic flow, bicycles and pedestrians that use this roadway. The corridor study conducted identified safety issues and walkability along the Torrey Pines Road corridor.",13000000,0,0,0,0,0,0
2011,Transportation Grant Match / AID00002,774,Transportation & Storm Water,,2012,2015,Council District: Citywide; Community Plan: Citywide,1203697,3648697,This annual allocation provides funding for matching fund obligations for various types of trans- portation grants. Grants may require City matching funds as a condition of approval.,"In order to qualify for future additional grant funds, the City may be required to ensure that matching funds are available.",0,300000,900000,610000,635000,0,0
2011,Triple Pipe Crossing - Dennery Road / S10017,775,Transportation & Storm Water,,,,Council District: 8; Community Plan: Otay Mesa,119246,119246,This project provides for constructing a triple pipe arch culvert beneath Dennery Road where the road spans Dennery Canyon to maintain the continuity of the Dennery Canyon Open Space link with the Otay River Valley and to accommodate the existing wildlife movement.,"The alignment of Dennery Road will bisect a key wildlife corridor within the Otay Mesa Com­ munity. In order to minimize the disturbance, a wildlife undercrossing is proposed to provide an unobstructed corridor for wildlife movement between Dennery Canyon and the Otay River Valley.",0,0,0,0,0,0,0
2011,Utilities Undergrounding Program / AID00001,776,Transportation & Storm Water,,2012,2012,Council District: Citywide; Community Plan: Citywide,230805150,245805150,"This annual allocation provides for additional underground conversion projects to augment the California Public Utilities Commission (CPUC) Rule 20A projects as well as provides for the necessary admin­ istrative expenses, conversion of City-owned street lighting, and resurfacing of roadways associated with the undergrounding of utilities.","The CPUC mandates that local utility companies allocate funding for undergrounding of utili­ ties at the direction of the local municipality. San Diego Gas and Electric (SDG&E), AT&T and the cable com­ panies spend several million dollars annually to underground overhead facilities. The City must provide the utility companies with a priority listing of projects, aid coordination, establish underground utility districts and give informational support. Construction costs for undergrounding are paid by utility companies in accordance with Public Utilities Commission Decisions 73078, 820118 and Case 8209. If not provided with administrative support, millions of dollars of utility company construction money could go unused. Additional underground conversion projects are funded through the City Undergrounding Surcharge Fund. This fund is used solely for the undergrounding of utilities and cannot be used for other purposes.",0,15000000,0,0,0,0,0
2011,Via Dela Valle Widening / RD11001,777,Transportation & Storm Water,,,,Council District: 1; Community Plan: Black Mountain Ranch,50000,50000,Reconstruct existing Via de la Valle between San Andres Drive and El Camino Real West to a modified four-lane major street to accommodate existing and projected sub-regional traffic. Modify signals at San Andres Drive and El Camino Real West as required and relocate existing overhead utilities to underground locations. Restripe Via de la Valle between San Andres Drive and Interstate 5 to six lanes.,This facility is required to accommodate traffic generated by new development in Black Moun­ tain Ranch and surrounding communities as well as existing sub-regional traffic needs.,0,0,0,0,0,0,0
2011,Village Loop Road / S00919,778,Transportation & Storm Water,,,,Council District: 1; Community Plan: Pacific Highlands Ranch,2880000,2880000,"This project provides for construction of Village Loop Drive, from the intersection of Del Mar Heights Road and Carmel Valley Road easterly to the property line (approximately 2,000 linear feet), as a four­ lane collector roadway within a 108 foot right-of-way route providing access to the high school site and the core residential areas.","This project is dependent upon the development of the high school, community park, and core residential area including the village area of the community.",0,0,0,0,0,0,0
2011,Westerly Extension of Hazard Center Drive / RD10001,779,Transportation & Storm Water,,,,Council District: 6; Community Plan: Mission Valley,1000000,1000000,The construction of the Westerly Extension of Hazard Center Drive will provide for the con­ struction of a two lane road from the eastern terminus of Hazard Center Drive to the existing road behind Fash­ ion Valley Shopping Center.,"This project will provide for the construction of the missing segment of Hazard Center Drive and when constructed, the road will provide enhanced traffic circulation which will benefit the community.",0,0,0,0,0,0,0
2011,36th Street Landscape Maintenance / S00902,780,Transportation & Storm Water,Trans - Roadway - Enhance,,,Council District: 4; Community Plan: Eastern Area (Mid-City),50000,50000,This project is the result of a relinquishment agreement between the City of San Diego and Cal­ trans and provides for the landscape maintenance of 36th Street between Imperial Avenue and Market Street.,This project was approved by the City Council Resolution No. R-300154 and will provide for plant establishment as defined in the standard specifications for the construction of local street and roads.,0,0,0,0,0,0,0
2011,Azalea Park Neighborhood Identification / S00699,781,Transportation & Storm Water,Trans - Roadway - Enhance,,,Council District: 3; Community Plan: City Heights (Mid-City),411830,411830,"This project provides for the construction of new vehicular and pedestrian improvements, including raised medians, sidewalks and curb ramps, enhanced crosswalks and curb-extensions, (which are to be funded by Development Impact Fees), neighborhood identification signs (which are to be funded by Com­ munity Development Block Grants), and seating areas. This project is part of a community revitalization effort outlined in the Azalea Park-Hollywood Park Revitalization Action Program. The specific locations of this por­ tion of the project are the intersections of Poplar Street and Fairmount Avenue and Poplar Street and Tulip Street.","These improvements will benefit the community by increasing safety, improving the flow of traffic, enhancing pedestrian access, and promoting community identification.",0,0,0,0,0,0,0
2011,Balboa Avenue Corridor Improvements / S00831,782,Transportation & Storm Water,Trans - Roadway - Enhance,,,"Council District: 6; Community Plan: Clairemont Mesa, Kearny Mesa",2970431,2970431,"This project provides for improvements to the former State Route 274, which is Balboa Avenue. This project is divided into three phases. Phase I begins at Interstate 5 and ends at Interstate 805. Phase II begins at Interstate 805 and ends at Interstate 15. Improvements to both phases consist of roadway widening, construc­ tion of new curbs, gutters, and sidewalks, reconstruction of existing sidewalks and medians, installation of a new traffic signal(s), modification of existing traffic signals, and new bicycle routes. Phase III will install com­ munity signs at the Kearny Mesa Community boundaries.",This project is funded by a State contribution agreement as part of the relinquishment of State Route 274 to the City of San Diego.,0,0,0,0,0,0,0
2011,Bird Rock Coastal Traffic Improvements Phase I / S00896,783,Transportation & Storm Water,Trans - Roadway - Enhance,,,Council District: 1; Community Plan: La Jolla,6431539,6431539,This project provides traffic calming measures to reduce speed and improve safety and walkabil­ ity on La Jolla Boulevard. The project includes three modern roundabouts on La Jolla Boulevard and three mini roundabouts on connecting residential streets. La Jolla Boulevard will be reduced from four to two lanes. The project also includes 20 additional traffic calming measures on connecting residential streets.,"This project will reduce traffic speed and improve traffic flow and safety on La Jolla Boule­ vard. The project also reduces speed and minimizes traffic on surrounding area streets. This project is in accor­ dance with the La Jolla Public Facilities Financing Plan, Project T-13.",0,0,0,0,0,0,0
2011,Carmel Valley Road Enhancement Project / S00859,784,Transportation & Storm Water,Trans - Roadway - Enhance,2012,2012,Council District: 1; Community Plan: Carmel Valley,9069642,9094641,"This project provides for improving Carmel Valley Road to a modified two-lane collector street from 300 feet east of Portofino Drive to the Del Mar city limits. The improvements include construction of curb, gutter, sidewalks and drainage improvements as well as construction of a Class II bicycle lane on both sides of Carmel Valley Road.",This project will improve traffic flow and turning movements on this roadway and provide bike paths on Carmel Valley Road.,0,25000,0,0,0,0,0
2011,Del Mar Heights Road Center Median / S00884,785,Transportation & Storm Water,Trans - Roadway - Enhance,,,Council District: 1; Community Plan: Torrey Pines,455000,2455000,"This project provides for raised center decorative concrete medians on Del Mar Heights Road, between Mango Drive and the San Diego city limits. The future landscaping area is to be covered with land­ scape fabric and mulch above top soil, and irrigation sleeves under the vehicular area.",Construction of the median is required to control turning movements and reduce traffic con­ flicts.,2000000,0,0,0,0,0,0
2011,Florida Drive Median Improvements / S11057,786,Transportation & Storm Water,Trans - Roadway - Enhance,,,Council District: 3; Community Plan: Balboa Park,396767,396767,"This project provides for the installation of median improvements on Florida Drive. Improve- ments include the installation of a concrete center median and street lighting to enhance safety conditions for vehicles, bicyclists and other users of the roadway.",This project will enhance roadway conditions by reducing the occurrence of head-on collisions caused by vehicles crossing over the center median and adding street lights where non exist.,0,0,0,0,0,0,0
2011,Genesee Avenue-Nobel Dr to SR 52 / S00852,787,Transportation & Storm Water,Trans - Roadway - Enhance,2016,2016,Council District: 1; Community Plan: University,1948600,24129700,"This project provides for widening Genesee Avenue from Nobel Drive to State Route 52 to a modified six-lane major street north of Decoro Street and a modified six-lane primary arterial south of Decoro Street. The project includes a right-turn lane, eastbound to southbound, at the Genesee Avenue/Nobel Drive intersection; additional left-turn lane, including a traffic signal at State Route 52 interchange; and Class II bicy­ cle lanes.",This project is needed to increase the capacity of this facility. See Project Number A in the North University City Public Facilities Financing Plan.,0,0,0,0,0,22181100,0
2011,Imperial Ave Bus & Trolley Station Enhancement / S00001,788,Transportation & Storm Water,Trans - Roadway - Enhance,,,Council District: 4; Community Plan: Skyline - Paradise Hills,315000,315000,This project provides for pedestrian enhancements to the transit center located on Imperial Ave­ nue between 61st Street and 62nd Street. Improvements will include installation and improvements of the bus stop at Imperial Avenue.,"This project will improve transit conditions for individuals traveling to, from and through the community and will enhance access to both residences and businesses as well as improving pedestrian access to the bus stop.",0,0,0,0,0,0,0
2011,La Jolla Village Drive and Regents Road / S00867,789,Transportation & Storm Water,Trans - Roadway - Enhance,,,Council District: 1; Community Plan: University,1280000,1370900,This project provides for a southbound-to-westbound right-turn lane at the La Jolla Village Drive/Regents Road intersection. A Class II bike lane is included for southbound bicyclists. Additional right­ of-way will be acquired from the University of California San Diego at no cost.,This project is needed to improve traffic flow at this intersection per the North University Pub­ lic Facilities Financing Plan - Project 41.,90900,0,0,0,0,0,0
2011,Median Installation / AIG00001,790,Transportation & Storm Water,Trans - Roadway - Enhance,2012,2015,Council District: Citywide; Community Plan: Citywide,695837,1719537,This annual allocation provides for the installation of medians citywide.,This project provides median installation for safety improvement or left-turn movements.,0,297000,326700,200000,200000,0,0
2011,Mid City Gateways / S00828,791,Transportation & Storm Water,Trans - Roadway - Enhance,,,Council District: 3; Community Plan: City Heights (Mid-City),5788414,5788414,"This project provides for streetscape enhancements on El Cajon Boulevard and University Ave­ nue where they intersect with the I-15 freeway corridor. Streetscape enhancements will be added to the freeway bridge overpasses where decks were built with pedestrian plaza areas. Improvements include trees and shrubs, public artwork, signage and bus shelters. The project also provides for median and sidewalk enhancements between Central Avenue and 43rd Street on El Cajon Boulevard. Improvements include trees, ground cover, automatic irrigation, enhanced paving and lighting. A traffic signal was installed at El Cajon Boulevard and Copeland Avenue to provide for increased safety.",This project enhances the commercial revitalization of El Cajon Boulevard and University Ave­ nue near the I-15 freeway corridor.,0,0,0,0,0,0,0
2011,Mira Mesa Community Transit Center / S00847,792,Transportation & Storm Water,Trans - Roadway - Enhance,,,Council District: 5; Community Plan: Mira Mesa,692000,692000,"This project provides for installation of an off-street transit center at Hillery Drive and Interstate 15. Concrete pads, bus bays, a shelter and a 300-space park-and-ride facility will be constructed. The Mira Mesa Facilities Benefit Assessment (FBA) fund will contribute $692,000 towad the project which is estimated to cost a total of $6 million. The Metropolitan Transit Development Board (MTDB) will design and construct the facility.","The transit center will facilitate transfer activity between existing and planned routes, and will establish a central focal point for transit in the community. It may also tie into either the future Interstate 15 cor­ ridor rail or the high-speed express bus system, depending on the results of the Metropolitan Transit Develop­ ment Board Interstate 15 advance planning study now underway.",0,0,0,0,0,0,0
2011,Normal Street Median-University to Blaine / S00918,793,Transportation & Storm Water,Trans - Roadway - Enhance,,,Council District: 3; Community Plan: Uptown,313250,313250,"This project provides for improvements to traffic circulation in order to prevent illegal u-turns, and enhance pedestrian safety on Normal Street between Blaine Avenue and University Avenue. New land­ scaped medians will include aesthetic enhancements and will allow for the creation of additional parking spaces.",This project will improve traffic circulation and provide additional parking spaces.,0,0,0,0,0,0,0
2011,North Torrey Pines Roadway & Median Enhancements / S00868,794,Transportation & Storm Water,Trans - Roadway - Enhance,,,Council District: 1; Community Plan: University,4747000,4747000,"This project provides for median curb, gutter, drainage and landscaping improvements, from 600 feet north of Genesee Avenue to the State Reserve boundary including the Callan Road intersection.",This project will improve safety and drainage on North Torrey Pines Road per the North Uni­ versity City Public Facilities Financing Plan - Project D.,0,0,0,0,0,0,0
2011,Scripps Ranch Blvd-Carroll Canyon Rd to Aviary / S00837,795,Transportation & Storm Water,Trans - Roadway - Enhance,,,Council District: 5; Community Plan: Scripps Miramar Ranch,1540000,1540000,This project provides for constructing a 14-foot landscaped center median with left-turn pockets and additional pavement in the unimproved median area from Carroll Canyon Road to Aviary Drive. The street will be striped to include bike lanes and parking on both sides.,The general community plan is currently being amended to reflect Scripps Ranch Boulevard as a two-lane connector road. This project has completed this section of roadway per the Scripps Miramar Ranch Public Facilities Financing Plan - Project 34-1.,0,0,0,0,0,0,0
2011,Scripps Ranch/Mira Mesa Medians Project / S00838,796,Transportation & Storm Water,Trans - Roadway - Enhance,2012,2012,Council District: 5; Community Plan: Scripps Miramar Ranch,921318,1077994,"This project provides for median improvements on Scripps Ranch Boulevard between Hibert Street and Mira Mesa Boulevard and on Mira Mesa Boulevard from Interstate 15 to Scripps Ranch Boulevard. Bike lanes will also be added along Mira Mesa Boulevard. The improvements on Mira Mesa Boulevard will be done by a developer reimbursement agreement, and includes a new traffic signal and mid-block crosswalk at the Hibert Street driveway, restricting u-turns during peak hours for east bound to west bound Mira Mesa Boule­ vard at Scripps Ranch Boulevard, and accommodating u-turns at the Scripps Ranch Boulevard and Erma Road intersection. The City will be responsible for the improvements on Scripps Ranch Boulevard.",This portion of Scripps Ranch Boulevard and Mira Mesa Boulevard is classified as a four-lane major street. The median improvement will improve vehicle access and operations per the Scripps Miramar Ranch Public Facilities Financing Plan - Project 34-2A.,0,156676,0,0,0,0,0
2011,Sports Arena Blvd-Rosecrans to Midway / S00721,797,Transportation & Storm Water,Trans - Roadway - Enhance,,,Council District: 2; Community Plan: Midway - Pacific Highway,628642,628642,"This project provides for modifying the intersection of Sports Arena Boulevard, Rosecrans Street and Camino del Rio West and widening Sports Arena Boulevard to a six-lane major street between Mid­ way Drive and Rosecrans Street by modifying the median and restriping the street. This project description is preliminary and the amounts shown below only reflect the funding currently programmed. The total funding needs of the project will be determined, once a final scope of work is established.","The eastbound traffic on Sports Arena Boulevard will be able to continue eastbound through the intersection of Sports Arena Boulevard/Rosecrans Street/Camino del Rio. Widening Sports Arena Boule­ vard will improve the traffic circulation. The average number of daily trips forecast for this segment of Sports Arena Boulevard is 50,000.",0,0,0,0,0,0,0
2011,Thorn Street Median Improvements / S00844,798,Transportation & Storm Water,Trans - Roadway - Enhance,,,Council District: 3; Community Plan: Greater North Park,430000,430000,This project provides for the construction of a landscaped median along Thorn Street between 33rd Street and Felton Street in Greater North Park.,This project provides for traffic calming and circulation.,0,0,0,0,0,0,0
2011,University Avenue Mobility Project / S00915,799,Transportation & Storm Water,Trans - Roadway - Enhance,2012,2012,Council District: 3; Community Plan: Greater North Park,1300000,2700000,"This project provides for the University Avenue Mobility Project-Phase I (UAMP-Phase I), which is a subset of the improvements planned in the larger University Avenue Mobility Plan. Since funding for the entire project is not available at this time, the Phase I project was developed by combining selected portions of the UAMP that would provide the greatest benefits, focusing on the commercial core of the corridor. The major elements of the UAMP-Phase I are restriping to provide a painted median, left turn pockets at signalized intersections and improved lane widths, installation of raised landscaped medians in the core area, installation of enhanced pedestrian crosswalks, repainting of existing crosswalks, removal of parallel on-street parking, and re-striping to provide angle parking on both sides of the street.","This project will significantly improve safety and mobility along the corridor for pedestrians, bicyclists, transit, and automobile traffic.",0,1400000,0,0,0,0,0
2011,University City South Beautification / S00821,800,Transportation & Storm Water,Trans - Roadway - Enhance,,,Council District: 1; Community Plan: University,100000,100000,This project will provide for median and roadway beautification along Governor Drive between Stressemann Street and Genesee Avenue.,Roadway beautification was requested by the Council District.,0,0,0,0,0,0,0
2011,Washington Street Improvements Phase II / S00703,801,Transportation & Storm Water,Trans - Roadway - Enhance,,,Council District: 2; Community Plan: Uptown,1446000,1446000,"This project provides for streetscape improvements on Washington Street between San Diego Avenue and India Street, and between Goldfinch Street and Dove Street.",The Mission Hills Community Plan group adopted the Washington Street Beautification Mas­ ter Plan in Fiscal Year 1997. Streetscape improvements are being installed to revitalize the Mission Hills Busi­ ness District.,0,0,0,0,0,0,0
2011,West San Ysidro Blvd Streetscape / S00822,802,Transportation & Storm Water,Trans - Roadway - Enhance,,,Council District: 8; Community Plan: San Ysidro,1180000,1180000,"This project provides for public improvements along West San Ysidro Boulevard on the block located between Cottonwood and Via de San Ysidro. The improvements are the initial revitalization activities for the area and will consist of sidewalk improvements, new street trees, and ornamental street lamps.","The City of San Diego Redevelopment Agency and San Ysidro Business Improvement District have identified this public improvement project as a priority for the San Ysidro commercial district to help eliminate blight, spark new development, and increase business activity.",0,0,0,0,0,0,0
2011,Aldine Drive and Fairmount Drive Slope Restoration / S00865,803,Transportation & Storm Water,Trans - Roadway - Erosion,2012,2012,Council District: 3; Community Plan: Kensingston - Talmadge (Mid-City),5722121,7903103,"This project provides for the evaluation, design and construction of slope stability improvements along the south side of Aldine Drive between Fairmont Avenue and Van Dyke Avenue. Located in the Kinsing­ ton Community Area of Council District 3.",The inordinate amount of rainfall from the 2004/2005 rainy season caused erosion of sections of the slope along the south side of Aldine Drive between Fairmont Avenue and Van Dyke Avenue.,0,2180982,0,0,0,0,0
2011,Bear Drive Retaining Wall / S10093,804,Transportation & Storm Water,Trans - Roadway - Erosion,,,Council District: 2; Community Plan: Uptown,250000,250000,The Bear Drive Retaining Wall project will replace an approximately 55 foot long by 8.5 foot high damaged section of the existing retaining wall that supports the side of Bear Drive.,This project is needed in order to maintain the roadway and provide public safety.,0,0,0,0,0,0,0
2011,Coast Blvd Bluff Stabilization / S00723,805,Transportation & Storm Water,Trans - Roadway - Erosion,,,Council District: 1; Community Plan: La Jolla,1637792,1637792,This project provides for bluff improvements near Coast Boulevard.,This project provides for protection of Coast Boulevard where erosion of the coastal bluff and the formation of sea caves threaten the stability of the street.,0,0,0,0,0,0,0
2011,Coastal Erosion Affecting City Streets / AIF00001,806,Transportation & Storm Water,Trans - Roadway - Erosion,,,Council District: Citywide; Community Plan: Citywide,53715,53715,This annual allocation provides for corrections of miscellaneous erosion problems along the shorelines that affect City streets.,"This project provides remedies for erosion caused by surf, weather, and surface runoff impact­ ing City streets in various locations along the San Diego shoreline.",0,0,0,0,0,0,0
2011,Midway Street Bluff Repair / S12005,807,Transportation & Storm Water,Trans - Roadway - Erosion,2012,2012,Council District: 1; Community Plan: La Jolla,0,63883,This project provides for the repair of the coastal bluff; enhance support of the concrete paving and reconstruct protective barrier at the top of the bluff.,The coastal bluff at the west end of Midway Street in the Birdrock area eroded during the 2004­ 2005 storm season. The protective safety barriers at the bluff collapsed including portions of the concrete pav­ ing in the area. The area was temporarily barricaded to protect the public. This project provides for bluff repair and reconstruct protective barrier at the top of the bluff.,0,63883,0,0,0,0,0
2011,Talbot Street Slope Restoration / S00609,808,Transportation & Storm Water,Trans - Roadway - Erosion,2012,2012,Council District: 2; Community Plan: Peninsula,2341474,4341474,This project provides for the stabilization of the slope adjacent to Talbot Street at Martinez Street.,The winter storms of 2004 and 2005 eroded the steep slope adjacent to Talbot Street and threat­ ened the houses at the top of the slope. This project is eligible for Federal Highways Adminstration (FHWA) reimbursement.,0,2000000,0,0,0,0,0
2011,Torrey Pines Road Slope Restoration / S00877,809,Transportation & Storm Water,Trans - Roadway - Erosion,2012,2012,Council District: 1; Community Plan: La Jolla,1276220,4816220,This project provides for reconstructing a 350-foot section of earthen slope along the south side of Torrey Pines Road between Little Street and Roseland Drive.,The existing slope is eroding. This project will eliminate the possibility of soil slough landing in the travel lane of a primary arterial street.,3000000,540000,0,0,0,0,0
2011,Bridge Rehabilitation / AIE00001,810,Transportation & Storm Water,Trans - Roadway - GRails,,,Council District: Citywide; Community Plan: Citywide,984372,1484372,This annual allocation provides for the City's match to grant funding for miscellaneous bridge rehabilitation projects.,This project maintains an ongoing program to promote safety within the public right-of-way. Funding is provided on an as-needed basis.,500000,0,0,0,0,0,0
2011,Guard Rails / AIE00002,811,Transportation & Storm Water,Trans - Roadway - GRails,2012,2012,Council District: Citywide; Community Plan: Citywide,3061516,5061516,This annual allocation provides for installing new and replacing old guard rails along streets where needed.,The City maintains an ongoing program to promote safety within the public right-of-way. Analysis of accident patterns at a particular location will occasionally show that some minor improvements in the area would help to reduce the number and/or severity of accidents. This annual allocation provides the flex­ ibility necessary for timely initiation of such improvements.,0,2000000,0,0,0,0,0
2011,El Cajon Blvd Commercial Revitalization / S00824,812,Transportation & Storm Water,,,,Council District: 3; Community Plan: Greater North Park,713069,713069,This project provides for median landscaping and related improvements along El Cajon Boule­ vard between Park Boulevard and Interstate 805. The improvements are part of other revitalization activities in the area.,The El Cajon Boulevard landscaping project has been a part of the Mid-City Commercial Revi­ talization Program as a Community Development Block Grant funded activity.,0,0,0,0,0,0,0
2011,Eligible Street Lights in District 7 / S01037,813,Transportation & Storm Water,,,,"Council District: 7; Community Plan: City Heights (Mid-City), Eastern Area (Mid-City)",566,566,This project provides street lighting systems on 50th Street at University Avenue and on 59th Street at Adelaide Avenue.,This project will provide lighting in high crime areas.,0,0,0,0,0,0,0
2011,Imperial Avenue Streetlights-61st to 69th / S00983,814,Transportation & Storm Water,,,,Council District: 4; Community Plan: Encanto Neighborhoods (Southeastern),285000,285000,"This project will provide for the installation of twenty-one mid-block, high-pressure sodium streetlights on Imperial Avenue.","Installation of the additional streetlights will facilitate safe operation of traffic, give pedestrians a safer traveling environment, promote nighttime use of sidewalks, public transportation and commercial shop­ ping areas.",0,0,0,0,0,0,0
2011,Installation of City Owned Street Lights / AIH00001,815,Transportation & Storm Water,,2012,2015,Council District: Citywide; Community Plan: Citywide,4741940,5141941,This annual allocation provides for installing City-owned safety street lights where needed.,"Additional street lights will increase the level of lighting for motorists, bicyclists and pedestri­ ans on public streets.",0,100000,100000,100000,100000,0,0
2011,Mount Hope/Market Street Median and Street Lights / S10088,816,Transportation & Storm Water,,,,Council District: 4; Community Plan: Southeastern San Diego,716575,716575,This project provides for median improvements and the installation of street lights at and near Mount Hope and Market Street.,This project will improve street lighting and install median improvements to beautify and enhance the community.,0,0,0,0,0,0,0
2011,North Park Lighting Improvements / S00823,817,Transportation & Storm Water,,,,Council District: 3; Community Plan: Greater North Park,487860,487860,This project provides for the installation of approximately 150 street lights within the boundaries of the North Park Maintenance Assessment District (MAD).,This project provides for street lights within the boundaries of the North Park MAD in accor­ dance with the Assessment Engineer's Report.,0,0,0,0,0,0,0
2011,Stockton Street Lights / S10130,818,Transportation & Storm Water,,,,Council District: 8; Community Plan: Southeastern San Diego,201000,201000,"This project will install 25 streetlights in the Memorial, Stockton and Grant Hill neighborhoods of Southeast San Diego. The proposed method of installation requires resident and Council office approvals which are forthcoming.","The street lights will improve the safety of pedestrian route to the new Logan Heights Library, the Clay Street Park, the Memorial Recreation Center, and the Stockton Recreation Center.",0,0,0,0,0,0,0
2011,Street Light Circuit Upgrades / AIH00002,819,Transportation & Storm Water,,,,Council District: Citywide; Community Plan: Citywide,650000,36650000,This annual allocation provides for the replacement of obsolete street light series circuits.,Series circuits are over 70 years old and no longer meet current standards and they constantly have maintenance problems which impact a large number of lights.,36000000,0,0,0,0,0,0
2011,Street Lights in High Crime Areas / ACC00003,820,Transportation & Storm Water,,,,Council District: Citywide; Community Plan: Citywide,375,375,This annual allocation provides for installing City-owned safety street lights.,"Additional street lights will increase the level of lighting for motorists, bicyclists, and pedestri­ ans on public streets. This project prioritizes locations on all streets in census tracts where the violent crime rate is 1.5 times or greater than the Citywide average for two or more consecutive years.",0,0,0,0,0,0,0
2011,University Avenue Streetlights / S00911,821,Transportation & Storm Water,,,,Council District: 7; Community Plan: City Heights (Mid-City),500000,500000,This project provides for the installation of approximately 29 additional street lights on both sides of University Avenue from 54th Street to 68th Street.,The existing street lighting within the project limits does not meet the current City standard for transit corridor lighting requirements.,0,0,0,0,0,0,0
2011,25th Street Renaissance Project / S00985,822,Transportation & Storm Water,Trans - Signals - Calming,2012,2012,"Council District: 3, 8; Community Plan: Golden Hill",794000,2450000,"This project provides for the construction of pedestrian amenities, traffic calming, streetscape improvements and parking along 25th Street from Highway 94 to Balboa Park. The focus of the improvements is between Broadway and B Street.",This project will provide traffic calming and improve pedestrian safety.,0,1656000,0,0,0,0,0
2011,Del Mar Heights Road Flashing Beacon / S00987,823,Transportation & Storm Water,Trans - Signals - Calming,,,Council District: Citywide; Community Plan: Carmel Valley,35000,35000,"This project provides for the necessary street and traffic improvements to include, but not lim­ ited to, flashing beacons, curb ramps, and traffic calming projects within the Carmel Valley Community. The current project will install a flashing beacon facing eastbound traffic on Del Mar Heights Road approximately 500 feet west of Seagrove Street.",The project provides for traffic safety improvements.,0,0,0,0,0,0,0
2011,Five Points Neighborhood Pedestrian Improvements / S00988,824,Transportation & Storm Water,Trans - Signals - Calming,,,"Council District: 2; Community Plan: Uptown, Midway - Pacific Highway",150000,150000,"The project provides for the construction of pedestrian curb extension, sidewalk, curb ramps, countdown pedestrian crossing signal system, modifies traffic signage and signals to allow for safe pedestrian crossing at the intersections of Hancock Street and Washington Street and San Diego Avenue and Washington Street.",This project is needed to address public concerns including parking shortages and circulation problems in the Five Points Neighborhood.,0,0,0,0,0,0,0
2011,Florence Griffith Joyner Elem Safe Route to School / S10061,825,Transportation & Storm Water,Trans - Signals - Calming,,,Council District: 3; Community Plan: City Heights (Mid-City),828648,828648,"This project will provide for the installation of new sidewalks, intersection bulb-outs to decrease the street crossing distances, road humps, pedestrian ramps, and a new traffic signal.","Located in the City Heights Community, Florence Griffith Joyner Elementary School serves students from kindergarten through fifth grade who walk or bike to school, and are faced with crossing several wide intersections in the vicinity of the school. This project will provide traffic calming measures and will enhance pedestrian mobility.",0,0,0,0,0,0,0
2011,Fourth Avenue/Fifth Avenue & Nutmeg Str / S11056,826,Transportation & Storm Water,Trans - Signals - Calming,,,Council District: 2; Community Plan: Uptown,825000,825000,This project provides for the installation of pop-outs to reduce walking distance at both intersec- tions and installs in-roadway lighting at Fifth Avenue.,This project will improve safety and walkability.,0,0,0,0,0,0,0
2011,Mar Ave/Soledad Avenue Intersection Improvements / S10097,827,Transportation & Storm Water,Trans - Signals - Calming,,,Council District: 1; Community Plan: La Jolla,1820,1820,"This project realigns the existing Y intersection into a traditional T intersection. The project would also provide sidewalks, with pedestrian ramps, on both sides of Mar Avenue.","The purpose of the Mar & Soledad Intersection Improvement Project is to improve safety for vehicles at the intersection, and enhance its appearance with landscaping.",0,0,0,0,0,0,0
2011,Prospect Street/Silverado Street Roundabout / S00924,828,Transportation & Storm Water,Trans - Signals - Calming,,,Council District: 1; Community Plan: La Jolla,101471,101471,This project provides for intersection improvements at Prospect Street and Silverado Street.,The arrangement of the existing intersection does not meet current geometric standards. This makes effective traffic circulation and pedestrian usage difficult. This project will address these issues through the installation of a roundabout or similar improvement.,0,0,0,0,0,0,0
2011,SR2S Traffic Safety Projects Grant #1 / L00010,829,Transportation & Storm Water,Trans - Signals - Calming,,,Council District: 8; Community Plan: Otay Mesa - Nestor,520455,520455,"This project is to construct intersection bulb-outs, curb ramps, install V-calm signs, and install speed humps on the streets in and around Berry, Nestor, and Emory Elementary School and Mar Vista Middle School.",Needed for school traffic safety improvements.,0,0,0,0,0,0,0
2011,Via Capri Traffic Calming Project / S00986,830,Transportation & Storm Water,Trans - Signals - Calming,,,Council District: 1; Community Plan: La Jolla,150000,150000,"This project provides for the construction of curb pop-outs on Via Capri at Hidden Valley Road and a traffic circle on Via Capri at Senn Way. This project will include excavation, tree removal, and installa­ tion of new curb, gutter, sidewalk, pavement, and landscaping.",This project will increase the level of safety in the community of La Jolla by reducing automo­ bile traffic speed.,0,0,0,0,0,0,0
2011,Del Mar Heights Road Interconnect / S00745,831,Transportation & Storm Water,,,,"Council District: 1; Community Plan: Torrey Pines, Carmel Valley",184500,184500,"This project provides for the installation of traffic signal interconnect systems on Del Mar Heights Road from Mango Drive to Carmel Canyon Road, El Camino Real from Half Mile Drive to High Bluff Drive, and Carmel Country Road from Del Mar Heights Road to Townsgate Drive. The system will provide central communication to 16 traffic signals, improving traffic control.","This project will accommodate the need to centrally control heavily-traveled arterials and pro­ vide constant surveillance for efficient traffic signal operation and maintenance. The benefits include reduced stops, delays, fuel consumption and emissions.",0,0,0,0,0,0,0
2011,Fourth Avenue and Quince Street / S11055,832,Transportation & Storm Water,,,,Council District: 2; Community Plan: Uptown,330000,330000,This project will install pop-outs which will reduce walking distances at crosswalks and will install in-roadway lighting at cross-walks to improve safety. The improvements will enhance access to the pedestrian bridge at the west side of the intersection.,This project will increase safety for pedestrians.,0,0,0,0,0,0,0
2011,Navajo Road Interconnect / S00746,833,Transportation & Storm Water,,,,Council District: 7; Community Plan: Navajo,51000,51000,This project provides for traffic signal communication between seven traffic signals on Navajo Road from Park Ridge Boulevard to Lake Murray Boulevard. Wireless interconnect systems will be used in order to avoid street trenching.,"This project will accommodate the need to centrally control heavily-traveled arterials and pro­ vide constant surveillance for efficient traffic signal operation and maintenance. The benefits include reduced stops, delays, fuel consumption and emissions.",0,0,0,0,0,0,0
2011,Park Boulevard and Essex Street / S11054,834,Transportation & Storm Water,,,,Council District: 2; Community Plan: Uptown,320000,320000,"This project provides for the realignment of the existing crosswalk, installs in-roadway lighting systems at the crosswalk and provides pop-outs to improve safety and walkability for pedestrians.",This project will enhance safety and walkability for pedestrians.,0,0,0,0,0,0,0
2011,Point Loma/Ocean Beach Interconnect / S00742,835,Transportation & Storm Water,,,,"Council District: 2; Community Plan: Peninsula, Ocean Beach",665000,665000,"This project provides for traffic signal interconnect and central communications to 35 traffic sig­ nals in the Point Loma and Ocean Beach areas. Fiber optic cable will be installed on Rosecrans Street (1,900 feet) and on Sports Arena Boulevard (5,008 feet). Twisted pair interconnect will be installed on Nimitz Boule­ vard (8,200 feet), Catalina Boulevard (6,600 feet), West Point Loma Boulevard (5,000 feet), Chatsworth Boule­ vard (2,800 feet), Sunset Cliffs Boulevard (2,500 feet) and Voltaire Street (700 feet). This system will connect to the fiber optic communication network on Pacific Highway.","This project will accommodate the need to centrally control heavily-traveled arterials and pro­ vide constant surveillance for efficient traffic signal operation and maintenance. The benefits include reduced stops, delays, fuel consumption and emissions.",0,0,0,0,0,0,0
2011,Rancho Bernardo Interconnect / S00744,836,Transportation & Storm Water,,,,Council District: 5; Community Plan: Rancho Bernardo,740716,740716,"This project provides for traffic signal interconnect and central communications to 37 traffic sig­ nals in the Rancho Bernardo community. The project consists of installation of twisted pair interconnect on Pomerado Road (13,200 feet), Rancho Bernardo Road (10,800 feet), Bernardo Center Drive (6,900 feet), West Bernardo Drive (6,000 feet), Paseo Lucido (4,500 feet), Via del Campo (4,500 feet), Bernardo Heights Parkway (2,700 feet), and Camino del Norte (2,500 feet). Central communications will be achieved by wireless commu­ nication or by connecting to a proposed addition to the fiber optic network.","This project will accommodate the need to centrally control heavily-traveled arterials and pro­ vide constant surveillance for efficient traffic signal operation and maintenance. The benefits include reduced stops, delays, fuel consumption and emissions.",0,0,0,0,0,0,0
2011,Bernardo Trail Dr & Pomerado Rd TS / S11040,837,Transportation & Storm Water,,,,Council District: 5; Community Plan: Rancho Bernardo,200000,200000,This project provides for the installation of a traffic signal at Bernardo Trails Drive and Pomerado Road.,This project will improve safety by providing positive traffic control for all approaches to the intersection.,0,0,0,0,0,0,0
2011,Bicycle Loop Detectors / S11058,838,Transportation & Storm Water,,,,"Council District: 2, 3, 4, 7, 8; Community Plan: Greater North Park, Uptown",83500,83500,"This project provides for the installation of bicycle detection of 20 intersections at various loca­ tions within the Balboa Park, Barrio Logan, Centre City, College Area, Mission Beach, Otay Mesa-Nestor, Sky­ line-Paradise Hills, Southeastern and Uptown communities.",This project will promote bicycle safety and mobility by providing detection to enable bicyles to actuate traffic signals. All locations are in older parts of the City where the existing loop detection systems are not sensitive enough to detect bicycles.,0,0,0,0,0,0,0
2011,Coopertive Traffic Signal Projects / AIL00003,839,Transportation & Storm Water,,2013,2015,Council District: Citywide; Community Plan: Citywide,683411,983411,This annual allocation provides for the City's share of the cost of traffic signal improvements undertaken in cooperation with others.,"It is often beneficial for the City to share in the cost of traffic signal improvements undertaken in cooperation with other agencies. The most common situation involves the intersection of a City street with a State highway, County road, or street that is the responsibility of another jurisdiction. This project provides the flexibility necessary for timely initiation of these improvements.",0,0,100000,100000,100000,0,0
2011,Grandee Pl & Pomerado Rd Traffic Signal / S11039,840,Transportation & Storm Water,,,,Council District: 5; Community Plan: Rancho Bernardo,200000,200000,This project provides for the installation of a traffic signal at Grandee Place and Pomerado Road.,This project will improve safety by providing positive traffic control for all approaches to the intersection.,0,0,0,0,0,0,0
2011,High Accident Locations / AIL00006,841,Transportation & Storm Water,,,,Council District: Citywide; Community Plan: Citywide,49184,49184,"This annual allocation provides for traffic signal modifications and other minor improvements such as guardrails, regulatory signs, and striping at locations experiencing sudden increases in accident fre­ quency.",The City maintains an ongoing program to promote safety within the public right-of-way. Analysis of accident patterns at a particular location often shows that some minor improvements in the area would help to reduce the number and/or severity of accidents. This annual allocation provides the flexibility necessary for timely initiation of such improvements.,0,0,0,0,0,0,0
2011,Install T/S Interconnect Systems / AIL00002,842,Transportation & Storm Water,,2012,2015,Council District: Citywide; Community Plan: Citywide,500000,950000,"This annual allocation provides for the installation of, and modifications to, traffic signal inter- connect systems citywide.",This project provides for increased traffic signal coordination which will reduce traffic conges- tion.,0,150000,100000,100000,100000,0,0
2011,Minor Signal Improvements / AIL00007,843,Transportation & Storm Water,,,,Council District: Citywide; Community Plan: Citywide,34399,34399,This annual allocation provides for minor improvements to existing traffic signals as necessary to improve traffic flow and safety.,It is often necessary to undertake minor improvements to existing traffic signals. Such improvements are generally needed to accommodate changing traffic patterns. This annual allocation provides the flexibility necessary for timely initiation of such improvements.,0,0,0,0,0,0,0
2011,Pacific Highlands Traffic Signals / S01062,844,Transportation & Storm Water,,,,Council District: 1; Community Plan: Pacific Highlands Ranch,2400000,2400000,This project provides for installing up to 16 different traffic signals within the Pacific Highlands Ranch Community.,These signals will be installed as part of the traffic control system for the Pacific Highlands Ranch community. They are needed to accommodate the increase in traffic generated by this community.,0,0,0,0,0,0,0
2011,Replace Obsolete T/S Controllers / AIL00010,845,Transportation & Storm Water,,2012,2015,Council District: Citywide; Community Plan: Citywide,332775,632775,This annual allocation provides for replacing obsolete and/or out-of-production traffic signal controller units.,"Present day requirements for coordinated signal operation, protected left turns, and emergency vehicle preemption are increasingly difficult or impossible to incorporate into some older controller units now in service. Older units function with moving parts and electrical contacts, both of which are subject to wear. Maintenance costs are increasing and parts are becoming difficult to find. The new controllers are solid-state, less costly to maintain, and more adaptable to today's needs.",0,75000,75000,75000,75000,0,0
2011,Traffic Calming / AIL00001,846,Transportation & Storm Water,,2012,2015,Council District: Citywide; Community Plan: Citywide,2480361,3280361,"This annual allocation provides for installing traffic control measures at locations in ""Smart Growth"" areas on an as-needed basis. Sudden changes in the character of traffic, such as increased volumes and new route patterns, make it necessary to provide traffic control measures to respond to a variety of traffic con­ cerns in residential neighborhoods, such as speeding motorists and shortcutting traffic. Solutions used include the construction of flashing beacons and geometric design features such as road humps and traffic islands.","This annual allocation is needed to improve safety by mitigating traffic problems on streets such as speeding, shortcutting traffic, and the need for increased pedestrian safety.",0,200000,200000,200000,200000,0,0
2011,Traffic Count Stations-Various Locations / S10098,847,Transportation & Storm Water,,,,"Council District: 1, 2; Community Plan: Peninsula, Pacific Beach, University",45637,45637,"This project provides a means to conduct traffic studies and counts at various locations in the Peninsula, North University City and Pacific Beach Communities.",This project provides traffic counts and studies necessary determining traffic conditions and for developing solutions for improving traffic safety.,0,0,0,0,0,0,0
2011,Traffic Signals - Citywide / AIL00004,848,Transportation & Storm Water,,2012,2015,Council District: Citywide; Community Plan: Citywide,2543073,4193073,This annual allocation provides for the installation of traffic signals at high-priority locations and the City's share of the costs of traffic signals undertaken in cooperation with others.,"The City maintains an inventory of candidate intersections which are periodically surveyed for significant changes in operating conditions. Installing traffic signals in select intersections provides for the orderly movement of traffic, increased traffic handling capacity, reduced frequency of accidents, and for improved traffic flow. Signals also permit vehicles and pedestrians from a minor street to enter or cross contin­ uous traffic on the major street. The criteria for installing traffic signals are governed by Council Policy 200-6.",0,450000,400000,400000,400000,0,0
2011,Traffic Signals - DIF Funded / AIL00009,849,Transportation & Storm Water,,,,Council District: Citywide; Community Plan: Citywide,1018,1018,This project provides for installing traffic signals identified in the Development Impact Fees (DIF) needs lists for various urbanized communities.,The purpose of this project is to provide for construction of required traffic signals.,0,0,0,0,0,0,0
2011,Traffic Signals Modification / AIL00005,850,Transportation & Storm Water,,2012,2015,Council District: Citywide; Community Plan: Citywide,4631459,8031459,"This annual allocation provides for upgrading existing traffic signals as necessary to improve traffic flow and promote safety. Improvements may include conversion from post-mounted to mast-arm­ mounted indicators, addition of pedestrian signals, and additional phases to accommodate separate turning moves.","The City maintains an ongoing program to promote safety within the public right-of-way. Analysis of accident patterns at a particular location often shows that some minor improvement would help to reduce the number and/or severity of accidents. In addition, increasing traffic volumes and changing traffic pat­ terns typically reduce the effectiveness and efficiency of existing traffic signal controls at certain intersections, warranting upgrades.",0,850000,850000,850000,850000,0,0
2011,Traffic Signals Mods - DIF Funded / AIL00008,851,Transportation & Storm Water,,,,Council District: Citywide; Community Plan: Citywide,100954,100954,"This project provides for upgrading existing traffic signals as necessary to improve traffic flow and promote safety. Improvements may include the addition of mast-arm-mounted signal heads, the addition of pedestrian signals, and the modification of medians to accommodate separate turning lanes.",Increasing traffic volumes and changing traffic patterns typically reduce the effectiveness and efficiency of traffic signal controls at certain intersections. This allocation funds modification to traffic signals in various urbanized communities for improved traffic control.,0,0,0,0,0,0,0
