cip_year,project_type,source_page,department,project_name,start_year,end_year,address_location,previous_appropriations,project_total,project_description,project_justification,unidentified_funding,year_2015,year_2016,year_2017,year_2018,year_2019,year_2020
2014,Airport Assets,88,Airports,Brown Field,2016,2020,Council District: 8; Community Plan: Otay Mesa,6713145,13713146,"This annual allocation provides for as-needed improvements within the City's Brown Field Air- port; which can include, but is not limited to, pavement, drainage, striping, and signage condition assessments for","This project maintains an airport which promotes the safe use of the runways as required by the FAA, Caltrans (Division of Aeronautics), and compliance with federal and State ADA regulations.",0,0,1400000,1400000,1400000,1400000,1400000
2014,Airport Assets,89,Airports,Montgomery Field,2016,2020,Council District: 6; Community Plan: Kearny Mesa,5936232,10936231,"This annual allocation provides for as-needed improvements within the City's Montgomery Field Airport; which can include, but is not limited to, pavement, drainage, striping, and signage condition assessments for","This project maintains an airport which promotes the safe use of the runways as required by the FAA, Caltrans (Division of Aeronautics), and compliance with federal and State ADA regulations.",0,0,1000000,1000000,1000000,1000000,1000000
2014,Airport Assets,90,Airports,Montgomery Field Rehabilitation,,,Council District: 7; Community Plan: Kearny Mesa,5231922,5231922,This project will provide for a consultant to assess Montgomery Field (MYF) Airport's current conditions of Runway 10L/28R. The consultant will present a design to make the runway comply with Federal Aviation Administration (FAA) guidelines. Construction work to rehabilitate the pavement of Runway 10L/28R will be primarily funded out of this standalone project and portions out of the Montgomery Field annual alloca- tion.,"This project is primarily grant-funded in order to restore the existing 40-year-old runway pave- ment. This planned restoration is required to ensure safety, meet Federal Aviation Administration (FAA) stan- dards, and diminish the possibility of aircraft accidents as well as City liability.",0,0,0,0,0,0,0
2014,Landfills - Supporting Fac / Struct,98,Environmental Services,Arizona St Landfill Closure & Mods,,,Council District: 3; Community Plan: Balboa Park,3603543,3603543,This project provides for modifications to the existing landfill gas collection system and cover at the Arizona Landfill to enhance operations and maintain regulatory compliance.,Federal and State waste disposal legislation requires proper environmental safeguards to con- trol landfill gas.,0,0,0,0,0,0,0
2014,Landfills - Supporting Fac / Struct,99,Environmental Services,CNG Fueling Station for Refuse & Recycling,2015,2017,Council District: 1; Community Plan: Mira Mesa,0,3000000,"This project provides for the design and construction of a compressed natural gas (CNG) fueling station at the Enivironmental Services Operations Station located at 8353 Miramar Place. In conjunction with the completion of the fueling station, the division plans to put into service refuse and recycling vehicles that run on CNG eventually replacing the entire fleet of low sulpher diesel refuse and recycling packers. The construc- tion of CNG fueling infrastructure and the replacement of vehicles will be implemented in a phased approach. It is estimated that CNG infrastructure will be constructed to allow for the replacement of approximately 20 vehi- cles on an annual basis until all vehicles have been replaced. It is anticipated that this conversion will save the City of San Diego approximately $3.0 million annually in fuel costs.",This project provides for the necessary infrastructure to convert Environmental Services fleet refuse and recycling vehicles from low sulfur diesel to compressed natural gas.,0,1200000,900000,900000,0,0,0
2014,Bldg - Other City Facility / Structures,100,Environmental Services,Citywide Energy Improvements,,,Council District: Citywide; Community Plan: Citywide,10193626,10193626,"This project will provide for energy efficiency improvements in City facilities. Projects typically address lighting, air conditioning, chiller, pumping and fan systems, invertors, and City-owned solar systems. Newer, more efficient technologies greatly reduce energy consumption.","Energy efficiency improvements repay capital costs in one to nine years, depending upon the project. The energy savings continue each year thereafter. Energy audits are performed in a variety of City- owned facilities to identify opportunities for energy savings.",0,0,0,0,0,0,0
2014,Bldg - Other City Facility / Structures,101,Environmental Services,Energy Commission Energy Efficiency Facility Imp,,,Council District: Citywide; Community Plan: Citywide,948217,948217,This project provides needed energy improvements to various City facilities.,This project will provide energy improvements at various City facilities located throughout the City of San Diego in all Council Districts.,0,0,0,0,0,0,0
2014,Landfills,102,Environmental Services,Environmental Services Operations Yard Improvement,,,Council District: 5; Community Plan: Mira Mesa,336611,611611,"This annual allocation provides for operational yard improvements necessary to support heavy equipment and other upgrades related to yard security, safety, and stormwater runoff to the Environmental Ser- vices Operations Station (ESOS) Yard.","Operational yard improvements are required to support heavy equipment. Other upgrades will improve yard security, safety, and ensure regulatory compliance with stormwater runoff.",275000,0,0,0,0,0,0
2014,Landfills - Supporting Fac / Struct,103,Environmental Services,Future Waste Mgmt Disposal & Pro Fac,,,Council District: Citywide; Community Plan: Citywide,13626919,13626920,"This project provides for the development and construction of solid waste disposal and process- ing facilities. Strategic planning, design, construction, environmental review, and potential purchase of mitiga- tion property are all within the scope of the project.",The City must continue to have adequate disposal or processing facilities for the solid waste it generates each year. Technology to recover and/or convert portions of refuse material is being explored and developed. It appears that there will always be a need for landfilling part of the generated waste stream and res- idue from other solid waste disposal facilities.,0,0,0,0,0,0,0
2014,Landfills,104,Environmental Services,Minor Improvements to Landfills,,,Council District: Citywide; Community Plan: Citywide,1634975,1634975,"This annual allocation provides for minor improvements to existing sanitary landfills to comply with operating permits and regulatory requirements. Such improvements may include fencing, access roads, drains, small structures, and environmental protection projects. This project also provides for minor improve- ments to existing groundwater monitoring networks at all closed and operating landfills managed by the City. Improvements include new facilities as well as engineering reports and/or design specifications necessary to mitigate groundwater issues or modify groundwater montoring programs.","This project provides the flexibility for timely initiation of minor improvements and construc- tion needed to meet operational and solid waste regulatory mandates such as drainage, grading, and groundwa- ter monitoring improvements.",0,0,0,0,0,0,0
2014,Landfills,105,Environmental Services,Miramar Landfill Greenery Expansion,,,Council District: Citywide; Community Plan: Citywide,397858,397858,"This project provides for the expansion of the existing Miramar Greenery currently located at the Miramar Landfill. The expansion of curbside greens collection to additional neighborhoods in the City will increase the tonnage coming into the facility, requiring additional acreage and equipment.",Expansion of curbside greens collection will increase the diversion of solid waste required by the State of California. A larger facility is required to process the increased tonnage expected as a result of expanded curbside pickup.,0,0,0,0,0,0,0
2014,Landfills - Supporting Fac / Struct,106,Environmental Services,South Chollas Landfill,,,Council District: 4; Community Plan: Eastern Area (Mid-City),1776000,1776000,This project provides for modifying the existing landfill gas collection system to enhance opera- tions and maintain regulatory compliance.,Federal and State waste disposal legislation require proper environmental safeguards to control landfill gas.,0,0,0,0,0,0,0
2014,Landfills - Supporting Fac / Struct,107,Environmental Services,South Chollas Landfill Improvements,2015,2015,Council District: 4; Community Plan: Eastern Area (Mid-City),9311702,15828624,"This project provides for cover material, grading, drainage, and site improvements at the inac- tive South Chollas Landfill. The project will also result in improvements to the Chollas Operations Yard required by the Regional Water Quality Control Board in order to bring the site into compliance. A Corrective Action Plan has been developed to identify the corrective measures and timelines to mitigate the groundwater issues.",This project is required to maintain compliance with various State and federal regulatory requirements and to avoid code violations.,0,6516922,0,0,0,0,0
2014,Landfills,108,Environmental Services,South Miramar Landfill,,,Council District: Citywide; Community Plan: Citywide,3610000,3610000,"This project provides cover material, grading, drainage, and site improvements at the inactive South Miramar Landfill.",This project is required in order to maintain compliance with various State and federal regula- tory requirements.,0,0,0,0,0,0,0
2014,Landfills,109,Environmental Services,Underground Tank Program,,,Council District: Citywide; Community Plan: Citywide,450560,450560,"This project provides for implementation of the Citywide Underground Hazardous Materials Storage Tank Master Plan. The plan addresses the removal, installation, closure, site assessment and mitigation, replacement, testing, and rehabilitation of the 69 City-owned underground storage tanks (USTs). Site assess- ment and mitigation activities related to 26 unauthorized releases are ongoing to maintain regulatory compli- ance, eligibility for State reimbursement, protection of groundwater, and public health and safety.","The State Underground Storage of Hazardous Substances Law (Sher Bill AB 1362) and SB989 established guidelines and regulations for the design, installation, rehabilitation, testing and maintenance, and monthly facility inspections by a Designated UST Operator. Non-compliance with UST laws or site assessment and mitigation (SA/M) requirements may make the City ineligible for reimbursement of an estimated $4.0 mil- lion in current and future SA/M costs as well as liable for civil penalties of up to $25,000 per day per site.",0,0,0,0,0,0,0
2014,Bldg - Other City Facility / Structures,110,Environmental Services,West Miramar Landfill - Phase 2,,,Council District: Citywide; Community Plan: Citywide,3060000,3060000,This project provides for a landfill gas collection system for the West Miramar Phase II Landfill. Bio-degradation of buried waste produces landfill gas. The landfill gas collection system consists of a network of gas extraction wells connected by piping.,This improvement is required to maintain compliance with various State and federal regulatory requirements. It will also prevent code violations and enhance public health and safety.,0,0,0,0,0,0,0
2014,Landfills,111,Environmental Services,West Miramar Refuse Disposal Fac Ph 2,,,Council District: Citywide; Community Plan: Citywide,39112334,39112334,"This project provides for continuing development of the West Miramar Landfill, located south- west of Marine Corps Air Station Miramar. The facility will accommodate over 35 million cubic yards of refuse on 807 acres. Phase II will develop the second half of the facility, including design and construction of entry roads and drainage systems, excavation, federally-mandated liner systems, and stockpiling and spreading of earthen materials. This project also includes development of the General Development Plan elements for the entire site.","Improvements are required in order to ensure compliance with conditions set forth by the oper- ations permit issued by the California Integrated Waste Management Board and the Regional Water Quality Control Board. In addition, the funding will provide for improvements related to drainage and stormwater run- off to ensure National Pollutant Discharge Elimination System regulatory compliance.",0,0,0,0,0,0,0
2014,Bldg - Pub Safety - Lifeguard Stations,120,Fire-Rescue,Children's Pool Lifeguard Station,,,Council District: 1; Community Plan: La Jolla,3837607,4187607,This project provides for a new lifeguard station and family restroom at the Children's Pool in La Jolla.,"The previous Lifeguard Tower structure was no longer safe and has been abandoned. It did not meet the current or future needs of Lifeguard Services. It did not provide adequate safety to the employees, and can no longer keep up with the growing community of La Jolla and the larger number of visitors every year. The scope of this project is also to remodel the existing public restrooms facilities.",350000,0,0,0,0,0,0
2014,Bldg - Pub Safety - Fire Fac / Struct,121,Fire-Rescue,Fire Station Major Component Replacement Rehab,,,Council District: Citywide; Community Plan: Citywide,267706,267706,"This project provides for the replacement and/or rehabilitation of major structural and construc- tion components in older fire facilities throughout the City. Included are electrical service upgrades, heating, ventilating and air-conditioning (HVAC), roofs, dormitory remodels, kitchen remodels, driveway and parking paving, exterior finishes, and miscellaneous renovations.","The San Diego Fire-Rescue Department currently maintains 50 fire facilities. Over half of these facilities have been in service for more than 25 years. Many of the major components have exceeded their expected service life and must be replaced. The needs of modern technology and a diversified workforce also require changes in fire facility configuration, HVAC systems distribution, and energy capacity.",0,0,0,0,0,0,0
2014,Bldg - Pub Safety - Fire Fac / Struct,122,Fire-Rescue,Fire Station No. 05 - Hillcrest,2015,2015,Council District: 3; Community Plan: Uptown,911923,9111923,"This project provides for an approximately 10,500 square foot fire station located at 3902 9th Avenue. The existing fire station will be demolished and replaced by a new, modern fire station. This station will house a crew of eight and one Battalion Chief. It will accommodate one engine and one aerial truck. The cost of the project includes the purchase of a new Fire Engine valued at $800,000 and one Battalion Chief vehi- cle.",The current station is 49 years old. The water and sewer service to the existing station is deteri- orating and requires immediate repairs. The station is too small to accommodate a new style fire engine and the larger type of aerial ladder truck. The current station is inadequate to serve future population growth.,0,8200000,0,0,0,0,0
2014,Bldg - Pub Safety - Fire Fac / Struct,123,Fire-Rescue,Fire Station No. 07 - Barrio Logan,2015,2015,Council District: 8; Community Plan: Barrio Logan,0,12000000,"This project provides for land aquisition and the program, design and construction of a new fire station, demolition of the old station and design and assembly of a temporary fire station. The new permanent station will provide approximately 10,500 Square Feet of work and living spaces, conference/training room, apparatus bay, dorm rooms, kitchen, watch room, ready room, station alerting system, to accommodate the 24- hour SDFD staff. The design of a temporary station, at a location to be determined, will include the site plan, utility hook-ups to address the temporary displacement of the crew during demolition of the old and construc- tion of the new station facility.","This project will replace the existing 1957 Fire Station 7, which does not meet current SDFD operational needs. The new station will also meet future growth population of Barrio Logan and the surrounding communities, consistent with San Diego Association of Governments 2050.",11150000,850000,0,0,0,0,0
2014,Bldg - Pub Safety - Fire Fac / Struct,124,Fire-Rescue,Fire Station No. 08 - Mission Hills,,,Council District: 2; Community Plan: Uptown,863500,863500,This station is located at 3974 Goldfinch Street and it serves Mission Hills and surrounding areas. This project provides for the design and construction of the facility's working areas to provide the full functionality of the fire station operational requirements.,The current facility does not provide sufficient space to allow full functionality. This project will allow to better serve the community and to provide more efficient responses.,0,0,0,0,0,0,0
2014,Bldg - Pub Safety - Fire Fac / Struct,125,Fire-Rescue,Fire Station No. 15 - Ocean Beach Expansion,,,Council District: 2; Community Plan: Ocean Beach,400000,400000,Fire Station 15 serves the community of Ocean Beach and surrounding areas and is located at 4711 Voltaire Street. The project provides for the expansion of the existing fire station facility to meet current department standards and operational needs (meeting room or dorm rooms) to serve the growing population.,Expansion of the existing station is needed to keep up with increased operational activity over the years. The project provides for the expansion of the existing fire station facility to meet current department standards and operational requirements to serve the needs of the community.,0,0,0,0,0,0,0
2014,Bldg - Pub Safety - Fire Fac / Struct,126,Fire-Rescue,Fire Station No. 17 - Mid-City,2015,2015,Council District: 9; Community Plan: City Heights (Mid-City),828624,12028624,"This project provides for reconstructing the 50-year-old fire station at 4206 Chamoune Avenue in the Mid-City area. The station will accommodate up to ten personnel, two fire vehicles, and one paramedic unit. The cost of one fire truck is included in the project cost.",Fire Station 17 is one of the busiest engine companies in the United States and is currently in a state of deterioration. Reconstruction of Fire Station 17 will allow for assignment of one additional fire crew to divide emergency response between two units.,0,11200000,0,0,0,0,0
2014,Bldg - Pub Safety - Fire Fac / Struct,127,Fire-Rescue,Fire Station No. 22 - Point Loma,2015,2015,Council District: 2; Community Plan: Peninsula,4008161,6608161,This project provides for the demolition of an existing station and reconstruction of a new sta- tion located at 1055 Catalina Boulevard in Point Loma.,The existing fire station was built in the early 1940s and is now too small to accommodate new fire engines. Many of the major components have exceeded their expected service life. The needs of modern technology and a diversified workforce also require changes in fire facility configuration.,0,2600000,0,0,0,0,0
2014,Bldg - Pub Safety - Fire Fac / Struct,128,Fire-Rescue,Fire Station No. 38 - Mira Mesa Remodel,,,Council District: 6; Community Plan: Mira Mesa,650000,730000,This project provides for design and construction of approximately 637 square feet to expand the existing fire station to accommodate Emergency Medical Services (EMS) staff living quarters and increased operational need. This project will also include design and construction of a 385 square foot ambulance garage if the existing funding is adequate.,The existing facility does not accomodate staff adequately. This project will provide for the housing of two medics who are currently housed in a rented trailer/modular building. This project will ensure consistency with the Citygate Report's recommendations.,80000,0,0,0,0,0,0
2014,Bldg - Pub Safety - Fire Fac / Struct,129,Fire-Rescue,Fire Station No. 45 - E Mission Valley,,,Council District: 7; Community Plan: Mission Valley,10838692,10838692,"This project provides for an updated fire station in Mission Valley. The station will accommo- date up to 18 personnel, two engines, one aerial truck, two hazardous material apparatus, one paramedic ambu- lance, and one Battalion Chief vehicle.",A fire station is needed to serve the Mission Valley community. This project is consistent with City Council policy to meet response time guidelines.,0,0,0,0,0,0,0
2014,Bldg - Pub Safety - Fire Fac / Struct,130,Fire-Rescue,Fire Station No. 47-Pac Highlands Ranch,,,Council District: 1; Community Plan: Pacific Highlands Ranch,7745365,7745365,"This project provides for a 10,500 square foot fire station to serve the Pacific Highlands Ranch community. This station provides one engine and one aerial ladder truck. The project budget and funding reflect the Pacific Highlands Ranch Public Facilities Financing Plan for Fiscal Year 2006 as approved by the Mayor and City Council on December 7, 2004, per Resolution R-299980.",This is the second of three fire stations providing fire protection and emergency medical response in accordance with the requirements of the North City Planned Urbanizing Area.,0,0,0,0,0,0,0
2014,Bldg - Pub Safety - Fire Fac / Struct,131,Fire-Rescue,Fire Station No. 48 - Black Mountain Ranch,2015,2015,Council District: 5; Community Plan: Black Mountain Ranch,0,11780000,"This project provides for the acquisition, design and construction of a new permanent Fire Sta- tion of approximately 10,500 square feet. The facility will accommodate eight crewmembers and will include apparatus bay, dorm rooms, kitchen, watch room, ready room, station alerting system, and training classroom/ multi-purpose room. The new station will be located at Carmel Valley Rd. and Winecreek Rd. in the Black Mountain Community.",This project will provide for the much needed Fire Station to meet the emergency response times of the community.,9080000,2700000,0,0,0,0,0
2014,Bldg - Pub Safety - Fire Fac / Struct,132,Fire-Rescue,Fire Station No. 49 - Otay Mesa,2017,2017,"Council District: 8; Community Plan: Otay Mesa - Nestor, Otay Mesa",1885000,10250000,"This project provides for an approximately 10,500 square foot double-house fire station to serve the Otay Mesa and Otay Mesa/Nestor Communities. The fire station will be located across the intersection of Ocean View Hills Parkway and Sea Fire Point and will serve the community in addition to Fire Station 6 located at 693 Twining Avenue. The fire station will accommodate two fire apparatus and a paramedic ambu- lance. The one-time cost of $800,000 for one fire engine is included in the project.",A second fire station is needed to serve the Otay Mesa Community and it will ensure consis- tency with the Citygate Report's recommendations.,0,0,0,8365000,0,0,0
2014,Bldg - Pub Safety - Fire Fac / Struct,133,Fire-Rescue,Fire Station No. 50 - North University City,2015,2016,Council District: 1; Community Plan: University,4000000,14000000,"This new facility will provide support to the University City area and will provide emergency response times that meet City and national standards. This project will include design, construction, and equip- ment for a new fire station to accommodate up to 11 crew members, a fire engine, service aerial truck, and ambulance. The size of the station will be approximately 10,500 square feet. The site has not been determined. On June 26, 2012, City Council approved R-307508 authorizing this project.",An additional fire station is needed in this area to ensure consistency with the Citygate Report's recommendations.,0,5000000,5000000,0,0,0,0
2014,Bldg - Pub Safety - Fire Fac / Struct,134,Fire-Rescue,Fire Station No. 51 - Skyline Hills,2015,2015,Council District: 4; Community Plan: Skyline - Paradise Hills,0,12000000,"This project provides for an additional station to be built at 7180 Skyline Drive to better serve the growing community of Skyline/Paradise Hills. This is one of the 12 projects included in the Fire Rescue Facility Improvement Program approved by the City Council on February 27, 2001 per Council Resolution R- 294609 and amended by the City Council on April 16, 2002 per Council Ordinance O-19054.",An additional fire station is needed in this area to meet response time guidelines in this growing community.,11000000,1000000,0,0,0,0,0
2014,Bldg - Pub Safety - Fire Fac / Struct,135,Fire-Rescue,Fire Station No. 54 - Paradise Hills,,,Council District: 4; Community Plan: Skyline - Paradise Hills,83935,11095000,This project provides for a new fire station in the Paradise Hills area to serve the Paradise Hills/ Skyline area of San Diego. The site for this project has not been identified.,This station is needed to serve the Paradise Hills/Skyline community and will ensure consis- tency with the Citygate Report's recommendations.,11011065,0,0,0,0,0,0
2014,Bldg - Pub Safety - Fire Fac / Struct,136,Fire-Rescue,Fire-Rescue Air Operations Facility,2015,2015,Council District: 6; Community Plan: Tierrasanta,0,12500000,"This project provides for the program, design and construction of a Fire-Rescue Air Operations (""Air Ops"") Facility for helicopter operations. Air Ops is operating Bell 212HP and 412EP helicopters, cur- rently working out of trailers with no hangar space on Montgomery Field. The proposed facility includes offices, dormitory and hangar space. The aircraft hangar will be approximately 15,000 square feet. The 'station' area will provide approximately 6,000 square feet of office and living spaces to accommodate 24 hour staffing that includes one battalion chief, two captains, two pilots, and four firefighters.","This project will provide a much needed, permanent, Fire-Rescue Air Operations Facility to accommodate the helicopters and crews that provide fire suppression, rescues from remote areas, advanced life support and medical transport.",12375000,125000,0,0,0,0,0
2014,Bldg - Pub Safety - Fire Fac / Struct,137,Fire-Rescue,Home Avenue Fire Station,2015,2015,Council District: 9; Community Plan: Mid-City: City Heights,0,12000000,"This project provides for the land acquisition, design and construction of a new permanent fire station of approximately 10,500 square feet. The facility will accommodate 10 crews and will include apparatus bay, dorm rooms, kitchen, watch room, ready room, station alerting system, and training classroom/multi-pur- pose room.",This project will provide for the much needed Fire Station to meet emergency response times for the community.,10000000,2000000,0,0,0,0,0
2014,Bldg - Pub Safety - Lifeguard Stations,138,Fire-Rescue,La Jolla Cove Lifeguard Station,2015,2015,Council District: 1; Community Plan: La Jolla,1854627,2154627,"This project provides for the La Jolla Cove Lifeguard Station, located at 1100 Coast Boulevard, which will be a year-round facility replacing the current station. The structure will include an observation tower, first aid room, and locker room/restroom areas. This project will also provide for an accessible ramp for the mid-landing.","The existing facility consists of a station constructed in the 1950s and an observation tower added in 1980, which is inadequate to accommodate staff or provide adequate water safety protection.",0,300000,0,0,0,0,0
2014,Bldg - Pub Safety - Lifeguard Stations,139,Fire-Rescue,La Jolla Shores Lifeguard Station,,,Council District: 1; Community Plan: La Jolla,3545141,3545141,"This project provided for a new lifeguard station at La Jolla Shores, located at 8100 Camino del Oro. The structure includes an observation tower, first aid room, reception area, kitchen, locker room/restroom areas, and a separate facility for rescue vehicles and emergency equipment.",The old facility was built in 1981 and was inadequate to accommodate current and future staff and to allow for adequate water safety protection to the public.,0,0,0,0,0,0,0
2014,Bldg - Pub Safety - Lifeguard Stations,140,Fire-Rescue,Mission Beach Lifeguard Station,,,Council District: 2; Community Plan: Mission Beach,864400,864400,This project provides for remodeling the existing Mission Beach Lifeguard Station located at 3141 Oceanfront Walk.,The existing facility consists of a lifeguard station constructed in 1974 and does not accommo- date changing workforce demographics. Mission Beach historically accomodates the highest attendance within the City of San Diego and remodeling the station is necessary to accomodate the large and growing community.,0,0,0,0,0,0,0
2014,Bldg - Pub Safety - Lifeguard Stations,141,Fire-Rescue,North Pacific Beach Lifeguard Station,,,Council District: 2; Community Plan: Pacific Beach,577903,6763347,"This project provides for the North Pacific Beach Lifeguard Station located at the foot of Law Street, which will be a year-round facility replacing the current station. The structure will include an observa- tion tower, first aid room, reception area, kitchen, locker room/restroom areas and a rescue vehicles facility.",North Pacific Beach has become a highly frequented beach over the years and new facilities will benefit both the public and the employees. Lifeguards are currently operating from a seasonal tower struc- ture supported by a container-type of facility where medical aids and other daily activities like food preparation take place. This can create health issues for both the public and the employees.,6185444,0,0,0,0,0,0
2014,Bldg - Pub Safety - Lifeguard Stations,142,Fire-Rescue,Ocean Beach Lifeguard Station,,,Council District: 2; Community Plan: Ocean Beach,10000,4560000,"This project provides for the Ocean Beach Lifeguard Station located at 1950 Abbott Street. This new facility will replace the current station. The structure will include an observation tower, first aid room, reception area, kitchen, locker room/restroom areas, and a garage for rescue vehicles and emergency equipment.","The existing facility consists of a station constructed in 1980. Since that time, the beach has become a very popular area for swimming and surfing. The existing station is inadequate to accommodate staff and equipment. This project will result in a more effective deployment of lifeguard personnel and equipment, therefore improving the safety of the public and the community.",4550000,0,0,0,0,0,0
2014,Bldg - Pub Safety - Fire Fac / Struct,143,Fire-Rescue,SDFD Station Alerting,,,Council District: Citywide; Community Plan: Citywide,4400000,4400000,This project will provide for the replacement of the Fire In-Station Alerting System at fire sta- tions Citywide. The current alerting system technology is 21 years old and is no longer in service forcing the department to rely upon a back-up system.,"This project will help address General Plan recommended revisions. To treat medical patients and control small fires, the first-due unit should arrive within 7.5 minutes, 90 percent of the time from the receipt of the 911 call in fire dispatch.",0,0,0,0,0,0,0
2014,Bldg - Pub Safety - Fire Fac / Struct,144,Fire-Rescue,Skyline-Paradise Hills Fire Station,,,Council District: 4; Community Plan: Skyline - Paradise Hills,1408176,1408176,This project provides demolition and land clearing for the site of a future fire station. Phase 1 includes a temporary fire station to meet community emergency response needs.,"An additional fire station is needed in this area to meet General Plan recommended revisions. To treat medical patients and control small fires, the first-due unit should arrive within 7.5 minutes, 90 percent of the time from the receipt of the 911 call in fire dispatch. The purpose of this project was soley to provide for a land acquisition and complete an underground tank assessment. The design and construction of the facility will be completed under S-14017 (Fire Station No. 51 - Skyline Hills).",0,0,0,0,0,0,0
2014,Bldg - Pub Safety - Lifeguard Stations,145,Fire-Rescue,South Mission Beach Lifeguard Station,2015,2015,Council District: 2; Community Plan: Mission Beach,2882126,4982126,"The project provides for a replacement for the South Mission Beach Station located at 700 North Jetty Road. The new structure will include an observation tower, first aid room, reception area, kitchen, locker room and restroom areas, and a rescue vehicle and emergency equipment facility.",The existing facility was constructed in 1974 and was intended to be a temporary lifeguard sta- tion. It is inadequate to accommodate staff or to provide adequate water safety protection.,0,2100000,0,0,0,0,0
2014,Bldg - Libraries,154,Library,Balboa Branch Library,,,Council District: 6; Community Plan: Clairemont Mesa,746907,746907,"This project provides for a new 15,000 square-foot branch library on the current site to replace the existing facility at 4255 Mount Abernathy. This project is part of the 21st Century Library System/Library Department Facility Improvements Program.","The existing undersized facility has no meeting room, computer lab, nor adequate seating to provide adequate library services to the community.",0,0,0,0,0,0,0
2014,Bldg - Libraries,155,Library,Kensington,,,Council District: 9; Community Plan: Kensington - Talmadge (Mid-City),25000,2421530,"This project provides for a 2,000 square-foot expansion of the existing building at 4121 Adams Avenue. This project will benefit the Kensington/Normal Heights residents.",The expansion is to provide adequate library services to the community. The Kensington/Nor- mal Heights Branch Library is the smallest branch in the Library System. The community has expressed a desire for the library to remain at the same location.,2396530,0,0,0,0,0,0
2014,Bldg - Libraries,156,Library,Library Collection Conversion to RFID,,,Council District: Citywide; Community Plan: Citywide,700000,700000,"This project provides for re-labeling all library materials with Radio Frequency Identification (RFID) tags, purchasing self-checks and security gates that will detect the RFID tags/signals, and where cost effective, modify existing equipment to detect the RFID tag/signal.","All library materials that are checked out to the public are currently labeled with barcodes. RFID technology offers enhanced security, ergonomic benefits, and lends itself better to automation and self- service in libraries; all critical considerations for the Library. Barcodes were once the industry standard for labeling items; however, libraries are increasingly adding RFID tags/signals. Increased efficiency and better customer service are primary reasons for adopting RFID technology. RFID increases the speed of circulation as multiple items can be checked out/checked in simultaneously, rather than one-by-one as in barcode technology. Hand-held RFID readers can also assist staff in the stacks allowing for faster processing of holds, weeding the collection, and performing materials inventory tasks. RFID technology coupled with materials handling sys- tems enhances the speed with which items are back on the shelf and available for check-out.",0,0,0,0,0,0,0
2014,Bldg - Libraries,157,Library,Mission Hills-Hillcrest Library,2015,2017,Council District: 3; Community Plan: Uptown,2745756,17777523,"This project provides for a 15,000 square-foot library at a site adjacent to the Florence Elemen- tary School, on a block bounded by Front Street, Washington Street, Albatross Street, and University Avenue. This project will serve the Mission Hills and Hillcrest neighborhoods and is part of the 21st Century Library System/Library Department Facility Improvements Program.","The existing facility has no meeting room, computer lab, nor adequate seating and collection space to provide adequate library services to the community.",0,5031767,0,10000000,0,0,0
2014,Bldg - Libraries,158,Library,North Park Library,,,Council District: 3; Community Plan: Greater North Park,700815,14053598,"This project provides for land acquisition, planning, design, and construction of a new 25,000 square-foot library to replace the existing facility at 3795 31st Street. This project is part of the 21st Century Library System/Library Department Facility Improvements Program.",The existing facility does not have a computer lab or additional seating. A collection space would enhance service to the community.,13352782,0,0,0,0,0,0
2014,Bldg - Libraries,159,Library,Ocean Beach Branch Library,,,Council District: 2; Community Plan: Ocean Beach,146500,146500,"This project provides for a 15,000 square-foot library using the current site and adjacent prop- erty to serve the Ocean Beach community. This project is part of the 21st Century Library System/Library Department Facility Improvements Program.","The existing facility was originally built in 1927 and has no meeting room, computer lab, nor adequate seating and collection space to provide adequate library services to the community.",0,0,0,0,0,0,0
2014,Bldg - Libraries,160,Library,Otay East Branch Library,,,Council District: 8; Community Plan: Otay Mesa,885000,15885000,"This project provides for a 15,000 square foot branch library on a three-acre site to serve the Otay Mesa/East Community.",This project will provide branch library service to the Otay Mesa/East Community for future development and population.,15000000,0,0,0,0,0,0
2014,Bldg - Libraries,161,Library,Pacific Highlands Ranch Branch Library,2015,2015,Council District: 1; Community Plan: Pacific Highlands Ranch,10000,4287688,"This project provides for a new 18,000 square foot branch library facility on a three-acre site in Pacific Highlands Ranch to serve the entire North City Future Urbanizing Area (NCFUA).",This project will provide branch library service to the NCFUA for future development and pop- ulation.,0,4277688,0,0,0,0,0
2014,Bldg - Libraries,162,Library,Paradise Hills Library,,,Council District: 4; Community Plan: Skyline - Paradise Hills,73085,8939533,"This project provides for a new 15,000 square-foot library to replace the existing facility located at 5922 Rancho Hills Drive. This project is part of the 21st Century Library System/Library Department Facil- ity Improvements Program.","The existing facility has no meeting room, computer lab, nor adequate seating and collection space to provide adequate library services to the community.",8866448,0,0,0,0,0,0
2014,Bldg - Libraries,163,Library,Rancho Bernardo Library,,,Council District: 5; Community Plan: Rancho Bernardo,37018,3504700,"This project provides for a 2,500 square-foot expansion to the existing branch library at 17110 Bernardo Center Drive. This project is part of the 21st Century Library System/Library Department Facility Improvements Program.",The existing facility does not have a computer lab. An additional seating and collection space would enhance service to the community.,3467682,0,0,0,0,0,0
2014,Bldg - Libraries,164,Library,San Carlos Branch Library,2015,2015,Council District: 7; Community Plan: Navajo,748195,20598000,"This project provides for the acquisition of a lot adjoining the existing branch library located at 7265 Jackson Drive and building a new 25,000 square-foot library. This project is part of the 21st Century Library System/Library Department Facility Improvements Program.","The existing library does not have a computer lab, meeting room, nor adequate public seating and collection space.",18599805,1250000,0,0,0,0,0
2014,Bldg - Libraries,165,Library,San Diego New Central Library,,,Council District: 3; Community Plan: Centre City,187270420,187270420,"This project provides for the design and construction of a new Central Library of approximately 500,000 square feet, with approximately 250 underground parking spaces dedicated to library patrons. It will be large enough to accommodate library needs for 20 years and contain expansion space to accommodate growth for an additional 30 years. The expansion space will be leased for 40 years by San Diego Unified School Dis- trict for a Charter High School. The lobby will be open to the courtyard, which will contain an outdoor café, and there will be a 350-seat auditorium adjacent to the lobby. The top floor will house special collections and pro- vide public amenities including an airy reading room, a 400-seat multi-purpose room, an art gallery, a small public meeting room, and a series of open terraces.","The existing Library was too small to provide adequate library and informational services to the library system and the region, and could not support the technological and programmatic needs of the future.",0,0,0,0,0,0,0
2014,Bldg - Libraries,166,Library,San Ysidro Branch Library,2015,2015,Council District: 8; Community Plan: San Ysidro,3301000,12186000,"This project provides for a 15,000 square-foot facility to serve the San Ysidro Community. This project is part of the 21st Century System/Library Department Facility Improvements Program.","The existing 4,089 square foot library was built in 1924 and was remodeled in 1983. It contains no meeting rooms or computer lab, no on-site parking, and no separation of the children's area and quiet study areas to serve the current and projected needs of the community.",5885000,3000000,0,0,0,0,0
2014,Bldg - Libraries,167,Library,Scripps Miramar Ranch Library,,,Council District: 5; Community Plan: Scripps Miramar Ranch,35600,1126000,This project provides for an expansion of the Scripps Ranch Branch Library parking lot located at 10301 Scripps Lake Drive. This project is part of the 21st Century Library System/Library Department Facility Improvements Program.,The current facility is fully occupied and the current parking lot does not have the capacity to serve the needs of the community.,1090400,0,0,0,0,0,0
2014,Bldg - Libraries,168,Library,Skyline Hills Library,2015,2015,Council District: 4; Community Plan: Skyline - Paradise Hills,10954252,13754252,"This project provides for a new 15,000 square-foot library adjacent to the existing library located at 480 South Meadowbrook Drive. The existing 4,400 square foot Library will be demolished. This project is part of the 21st Century Library System/Library Department Facility Improvements Program.","The existing library was built in 1969 and is too small to provide adequate library services to the community. There are no meeting room facilities or computer lab, and limited collection space and patron seating.",0,2800000,0,0,0,0,0
2014,Bldg - Libraries,169,Library,Tierrasanta Library Expansion,2015,2015,Council District: 7; Community Plan: Tierrasanta,0,4400000,"The scope of this project is to enclose two areas under the existing roof area (approximately 520 sq.ft. each) and provide an outdoor reading patio under the third roof area. The one enclosure will become two separate study rooms, and the other enclosure will become an addition to the existing Community/Meeting Room. These improvements will necessitate remodel work to the existing men's and women's restrooms and site accessible parking stall to comply with current accessibility codes. Other miscellaneous site improvements will be included as necessary for access and Path of Travel compliance.","The existing library is too small to provide adequate library services to the community. This project expands existing space with the available funding. The full Tierrasanta Branch Library Project provides for a 6,234 square foot expansion to the existing branch library at 4985 La Cuenta Drive. The project is part of the 21st Century Library System/Library Department Facility Improvements Program.",4090000,310000,0,0,0,0,0
2014,Bldg - Other City Facility / Structures,178,Office of the Chief Operating Officer,CIP Emergency Reserve,,,Council District: Citywide; Community Plan: Citywide,1000000,1000000,This annual allocation provides funding for urgent repairs due to an emergency or natural disas- ter.,This annual allocation provides an immediate source of funding for public works contracts in order to respond quickly to an emergency or natural disaster.,0,0,0,0,0,0,0
2014,Parks - Miscellaneous Parks,188,Park & Recreation,ADA Improvements & Expansion of Paradise Senior Ce,2015,2015,Council District: 8; Community Plan: Barrio Logan,0,3290554,"This project provides for the design and construction of Americans with Disabilities Act (ADA) upgrades and improvements to comply with State and federal safety and accessibility guidelines for the existing Paradise Senior Center, parking lot and walkways and includes a new 3,000 square foot expansion of the kitchen, restroom, and multi-purpose room.",This project will contribute to satisfying population-based park acreage requirements as a park equivalency as set forth in the City's General Plan to serve residents in this park-deficient community.,2790554,500000,0,0,0,0,0
2014,Parks - Miscellaneous Parks,189,Park & Recreation,Angier Elementary School Joint Use,,,Council District: 7; Community Plan: Serra Mesa,2207000,2207000,"This project provides for the design and construction of 3.95 acres at Angier Elementary School for joint-use facilities to supplement existing park acreage in the Serra Mesa Community. Improvements may include turfed multi-purpose sports fields, multi-purpose courts, walkways, landscaping, and accessibility upgrades.",This project will contribute to satisfying the population-based park acreage requirements set forth in the City's General Plan in an area that is park deficient. The project will provide multi-purpose sports fields and associated infrastructure that will provide the community with safer park conditions.,0,0,0,0,0,0,0
2014,Parks - Miscellaneous Parks,190,Park & Recreation,Balboa Park Arcade,,,Council District: 3; Community Plan: Balboa Park,2048,2048,"This annual allocation provides for the reconstruction of historic structures in Balboa Park. Projects within this annual allocation include: reconstructing the historic West Arcade along the north side of El Prado between the Museum of Man and Museum of Art; restoring the historic ornamentation on the Museum of Man frontspiece and California Tower; restoring the historic ornamentation on the Museum of Art frontspiece and ten window surrounds; minor repairs to the reconstructed ornamentation on the Casa del Prado building and theater; construction of Phase 1 of the Veterans Memorial Garden on approximately one acre of park land adja- cent to the Veterans Museum and Memorial Center; and conducting a study of the California Tower for seismic resistance, including construction documents, specifications, and cost estimates for construction.",This project will provide for the reconstruction of historic structures in Balboa Park which will enhance the structures and will improve park user experience.,0,0,0,0,0,0,0
2014,Golf Courses,191,Park & Recreation,Balboa Park Golf Course,,,Council District: 3; Community Plan: Balboa Park,2150295,2150295,This annual allocation provides for unexpected replacement of minor capital assets on an as- needed basis at the City's Municipal Golf Course - Balboa Park which may include minor replacements of exist- ing golf course building structures and golf course fairway and green systems.,This annual allocation will provide for a capital assets cost-avoidance program allowing for timely replacement of unanticipated failure of golf capital assets.,0,0,0,0,0,0,0
2014,Golf Courses,192,Park & Recreation,Balboa Park Golf Course - Clubhouse,2016,2016,Council District: 3; Community Plan: Balboa Park,2238120,11738120,"This project provides for revisions to the existing Balboa Park Master Plan to accommodate the design and construction of a new clubhouse, restoration of the existing historic clubhouse, and a new parking lot at the Balboa Park Golf Course.",Currently the clubhouse is inadequate and there is insufficient parking available to serve users of the golf course.,0,0,9500000,0,0,0,0
2014,Trans - Roadway - Enhance/Scape/Medians,193,Park & Recreation,Bay Terraces Parkside Greenbelt Lighting,,,Council District: 4; Community Plan: Skyline - Paradise Hills,74829,74829,This project provides for the installation of 13 street lights along a concrete walkway within an enhanced open space greenbelt in the Bay Terraces-Parkside neighborhood. This walkway connects several cul-de-sac streets located off Manos Drive and Parkside Avenue and links single-family dwelling units together near Parkside Neighborhood Park.,The addition of the street lights will decrease criminal activity within the neighborhood between dusk and dawn.,0,0,0,0,0,0,0
2014,Parks - Miscellaneous Parks,194,Park & Recreation,Beyer Park Development,,,"Council District: 8; Community Plan: Otay Mesa, San Ysidro",212000,11888000,"This project provides for the acquisition, design, and construction of approximately 12.6 useable acres, out of approximately 43 total acres, for a community and neighborhood park on Beyer Boulevard.",This project provides population-based park acreage in accordance with the City's General Plan standards to accommodate the park and recreational needs of the residents within the Otay Mesa and San Ysidro Communities.,11676000,0,0,0,0,0,0
2014,Trans - Roadway - Enhance/Scape/Medians,195,Park & Recreation,Bird Rock Median Lighting,,,Council District: 1; Community Plan: La Jolla,229000,229000,This project will provide for the lighting of medians located within the Bird Rock Maintenance Assessment District (MAD).,Median street lighting will provide illumination of planting and trees within Bird Rock along La Jolla Boulevard. Street lighting within the boundaries of the Bird Rock MAD is an identified improvement in accordance with the Assessment Engineer's Report.,0,0,0,0,0,0,0
2014,Parks - Miscellaneous Parks,196,Park & Recreation,Cabrillo Heights NP Improvements,,,Council District: 7; Community Plan: Serra Mesa,678000,843000,"This project provides for improvements at Cabrillo Heights Neighborhood Park. Improvements will provide additional active and passive recreational opportunities. Proposed improvements may include: accessible tot lot play equipment, picnic shade structure, picnic tables, drinking fountains, trees, and barrier fencing along north fence of ball fields.",This project will contribute to satisfying the population-based park acreage requirements set forth in the City's General Plan. The project will enhance the quality of the Cabrillo Heights Neighborhood Park through a variety of improvements providing the community with a more pleasing park-like atmosphere.,165000,0,0,0,0,0,0
2014,Parks - Resource Based,197,Park & Recreation,California Tower Seismic Retrofit,2015,2016,Council District: 3; Community Plan: Balboa Park,1025612,2525612,"This project provides for the seismic retrofit of the historic California Tower within Balboa Park. As part of the tower seismic retrofit, the plan requires the structural re-enforcements of the walls of the electrical room located at the bottom floor of the tower. This room presently hosts the San Diego Gas and Elec- tric and the Museum of Man electrical transformers and control panels. Phase I of this project provides for the relocation of these electrical systems. Phase II of this project provides for the seismic system upgrade of the tower.",The California Tower was built in 1914. The last seismic upgrade was conducted in 1975. This additional seismic upgrade is required to bring the tower structure up-to-date with the current California Build- ing Code.,0,750000,750000,0,0,0,0
2014,Trans - Roadway - Enhance/Scape/Medians,198,Park & Recreation,Camino Santa Fe Median Improvements,,,Council District: 6; Community Plan: Mira Mesa,240000,240000,This project provides for the renovation and replacement of existing asphalt medians with stamped concrete medians.,This project is an identified improvement in the Camino Santa Fe Maintenance Assessment District (MAD). The existing medians are old and damaged and in need of renovation or replacement.,0,0,0,0,0,0,0
2014,Parks - Miscellaneous Parks,199,Park & Recreation,Canyon Hills Resource Park Improvements,2015,2015,Council District: 6; Community Plan: Mira Mesa,0,6173502,"This project provides for the design and construction of neighborhood park amenities in Canyon Hills Resource Park to supplement existing park acreage in the Mira Mesa community. Park improvements could include typical neighborhood park amenities such as picnic areas, interpretive signs, walkways, benches and landscaping.",This project will contribute to satisfying population-based park acreage requirements set forth in the City's General Plan to serve residents in this park-deficient community.,4454932,1718570,0,0,0,0,0
2014,Parks - Community,200,Park & Recreation,Canyonside Community Park Improvements,2015,2015,Council District: 6; Community Plan: Rancho Penasquitos,699833,999833,"This project provides for miscellaneous improvements to serve park users, such as drainage repair at the rear parking lot, and creation of a parking area along the north boundary to accommodate overflow parking needs at the Canyonside Community Park.",This project will provide upgraded and additional recreation amenities to serve the residents of Rancho Penasquitos which is park-deficient by General Plan standards.,0,300000,0,0,0,0,0
2014,Trans - Roadway - Enhance/Scape/Medians,201,Park & Recreation,Carmel Country Road Median Improvements,,,Council District: 1; Community Plan: Carmel Valley,178645,178645,This project provides for the installation of landscaping and accompanying stamped concrete to an unimproved median along Carmel Country Road.,The benefit of this project is to improve the visual quality and integrity of the street medians through street and landscaping improvements.,0,0,0,0,0,0,0
2014,Parks - Mini Parks,202,Park & Recreation,Carmel Grove Mini Park Play Area Upgrade,,,Council District: 1; Community Plan: Carmel Valley,480858,480858,"This project provides for Americans with Disabilities Act upgrades and improvements to the children's play area in Carmel Grove Mini-Park. Improvements will include new children's play equipment and surfacing, site furnishings, path of travel, and street parking with ramp in compliance with State and federal safety and accessibility guidelines.",This project is needed to upgrade existing site improvements of play area facilities to meet cur- rent State and federal safety and accessbility regulations.,0,0,0,0,0,0,0
2014,Trans - Roadway - Enhance/Scape/Medians,203,Park & Recreation,Carmel Valley Landscaping & Irrigation,2015,2015,Council District: 1; Community Plan: Carmel Valley,250000,500000,"This project provides for the design and installation of multiple landscaping and irrigation enhancements along major roadways with landscaping maintained by the Carmel Valley Maintenance Assess- ment District. This phased project will include multiple locations with additional phases in future years as funding becomes available. The specific locations proposed for landscaping enhancement include, but are not limited to unimproved medians along El Camino Real from Carmel Valley Road and State Route 56 north to Valley Center Drive; various unimproved rights-of-way along Carmel Center Drive, Carmel Country Road, Carmel Knolls Drive, Carmel Park Road, Del Mar Heights Road, El Camino Real, Graydon Road, Seagrove Street, Torrey Bluff Drive, Townsgate Drive, and Worsch Road; asphalt walkway through City Open Space along San Diego Gas and Electric easement; and an open space trail between Del Mar Trails Road and Carmel Country Road.","This project will improve unplanted areas within the public right-of-way and unify the land- scaping theme of Carmel Valley along various roadways north of State Route 56, west of Pacific Highlands Ranch, south of Gonzales Canyon, and east of Interstate 5. Improvements will include design, permitting, water meter, irrigation, and landscaping.",0,250000,0,0,0,0,0
2014,Parks - Neighborhood,204,Park & Recreation,Carmel Valley Neighborhood Park #8,2015,2015,Council District: 1; Community Plan: Carmel Valley,4960000,6630526,"This project provides for acquiring and developing a four useable acre neighborhood park in Carmel Valley. Amenities may include a play area, picnic facilities, open turf area, and landscaping. This proj- ect also provides for direct access to the park by way of a frontage road, estimated to be 850 feet long by 24 feet wide, from the easterly end of Tang Drive to the park entrance.",This project will provide the community with additional recreational opportunities as well enhance the visual quality of the area.,0,1670526,0,0,0,0,0
2014,Parks - Miscellaneous Parks,205,Park & Recreation,Central Ave Mini Park Ph II Skate Plaza,,,Council District: 9; Community Plan: Mid-City: City Heights,846951,846950,This project provides for the design and construction of Phase II of the Central Avenue Mini Park in the City Heights community. This new 0.145 acre mini park will include an unsupervised concrete skateboard plaza area and related landscaping. Phase I was a separate project under S-00992.,This project will contribute to satisfying the population-based park requirements set forth in the City's General Plan.,0,0,0,0,0,0,0
2014,Parks - Miscellaneous Parks,206,Park & Recreation,Central Avenue MP Acquisition,,,Council District: 9; Community Plan: City Heights (Mid-City),2066714,2066714,"This project provides for the acquisition of an approximate 16,000 square foot parcel, remaining from the construction of the Interstate 15 freeway through Mid-City at the corner of Central Avenue and Landis Street, to be developed as a mini park. Phase 1 shall include, but not limited to, a 2- to 5-year-old playground, a 5- to 12-year-old playground, small open turf area for passive recreation, a plaza with game tables, site furnish- ings, realignment of the existing walkway from the Interstate 15 pedestrian bridge, and park landscaping. Phase II is a separate project, S-14010.",This project will contribute to satisfying the population-based park acreage requirements set forth in the City's General Plan to serve residents in this park-deficient community.,0,0,0,0,0,0,0
2014,Parks - Developed Regional Park,207,Park & Recreation,Chicano Park ADA Upgrades,2015,2015,Council District: 8; Community Plan: Barrio Logan,710657,2502354,"This project provides for accessibility upgrades at Chicano Park to accommodate persons with disabilities pursuant to State and federal accesibility guidelines and regulations, while respecting the park's cul- tural significance and attributes, and for the expansion of Chicano Park by approximately 2.0 acres through acquisition of ground lease, and development of adjacent and contiguous parcels as they become available or feasible, to serve future residents. Accessibility upgrades for existing park land may include parking areas, walkways, children's play areas, drinking fountains, park furniture, and construction of a new comfort station. A skateboard plaza, park lighting, and sportsfield lighting would expand the use of the existing park.",This project will contribute to satisfying population-based park acreage requirements set forth in the General Plan to serve residents in this park-deficient community.,1341697,450000,0,0,0,0,0
2014,Parks - Resource Based,208,Park & Recreation,Chollas Community Park,,,"Council District: 4, 7; Community Plan: Eastern Area (Mid-City)",2992206,30175562,"This project provides for the design and development of North Chollas Community Park, located on College Grove Drive midway between 54th Street and College Avenue. Phase I improvements con- sist of a sports field, parking area, access road, tot lot, and comfort station with concession area. Phase II improvements could include such amenities as: additional sports and multi-purpose fields, a play area, basket- ball courts, picnic areas, additional parking areas, creek enhancement, trails, a gymnasium, and a dog off-leash area.",This project will provide a park and athletic facility to serve the greater community. The sur- rounding area is not currently served by a community park and the region is deficient in sports facilities and open park areas.,27183356,0,0,0,0,0,0
2014,Parks - Community,209,Park & Recreation,Chollas Lake Pk Playground Improvements,,,Council District: 4; Community Plan: Mid-City: Eastern Area,989000,1500000,This project provides for the design and construction of two playgrounds at Chollas Lake Park to replace existing playgrounds which have surpassed their life expectancy and do not meet current Americans with Disabilities Act (ADA) and playground safety requirements. The new playgrounds will be fully ADA compliant and meet all safety guidelines for public playgrounds.,This project will replace the equipment within two children's playgrounds and provide new accessible safety surfacing. These playgrounds are approximately 30 years old and have reached the end of their service life.,511000,0,0,0,0,0,0
2014,Parks - Mini Parks,210,Park & Recreation,City Heights Square Mini-Park,,,Council District: 9; Community Plan: City Heights (Mid-City),931500,931500,"This project provides for the design and construction of an approximately 5,348 square foot (0.123 acre) mini-park, in the City Heights area of the Mid-City Community. Improvements will include ameni- ties such as seating, walkways, picnic areas, landscaping, irrigation, and security lighting.",This project will contribute to satisfying population-based park acreage requirements set forth in the City's General Plan in a community currently deficient in population-based parks per General Plan guide- lines.,0,0,0,0,0,0,0
2014,Parks - Miscellaneous Parks,211,Park & Recreation,Coast Blvd Walkway Improvements,2015,2015,Council District: 1; Community Plan: La Jolla,0,355000,"This project provides for the design and construction of widened walkways, enhanced paving, slope protection, sea walls, curb and street paving, and various improvements including, but not limited to, bol- lards, railings and landscape along Coast Boulevard in the vicinity of Children's Pool from the lifeguard tower to Jenner Street. This project represents the final phase of work outlined in the 1989 ""Preliminary Plan for the La Jolla Coastline.""",This project will provide improved walkway access and enhanced landscaping along Coast Boulevard.,280000,75000,0,0,0,0,0
2014,Parks - Miscellaneous Parks,212,Park & Recreation,Coastal Erosion and Access,,,Council District: Citywide; Community Plan: Citywide,822844,3222843,"This project provides partial funding for coastal infrastructure improvements at 71 sites, from Sunset Cliffs Park to Torrey Pines State Beach, that were identified and prioritized in a 2003 Coastal Erosion Assessment Survey. High priority sites are those that present potential public hazards.",This project provides improvements to coastal erosion sites that present potential public haz- ards.,2400000,0,0,0,0,0,0
2014,Trans - Roadway - Enhance/Scape/Medians,213,Park & Recreation,Convert RB Medians-Asphalt to Concrete,,,Council District: 5; Community Plan: Rancho Bernardo,193159,193160,"This project provides for the conversion of asphalt medians to concrete medians along various roadways in the Rancho Bernardo community. The first two phases of this project converted medians along Pomerado Road near the intersection with Rancho Bernardo Road. Additional future locations include existing asphalt medians along Rancho Bernardo Road, Bernardo Center Drive, Pomerado Road, and other identified roadways within the Rancho Bernardo Maintenance Assessment District boundaries.",The community has requested streetscape improvements to major arterial corridors within Ran- cho Bernardo. This project allows certain medians to be enhanced by replacing deteriorating asphalt with deco- rative stamped concrete.,0,0,0,0,0,0,0
2014,Parks - Open Space,214,Park & Recreation,Cowles Mountain Access Rd Rehabilitation,,,Council District: 7; Community Plan: Navajo,25000,40000,"This project provides for rehabilitation of approximately 1.6 miles of service/access road on the east side of Cowles Mountain within Mission Trails Regional Park. The rehabilitated road will provide safer access for recreational users (bikers/hikers), emergency personnel, and service providers for the communica- tions antenna on top of the mountain.","This project will improve and prolong safe access to the top of the mountain for recreation users and service providers, as well as protecting a valuable park asset and lease revenue generators.",15000,0,0,0,0,0,0
2014,Parks - Miscellaneous Parks,215,Park & Recreation,Crest Canyon Neighborhood Park,2015,2015,Council District: 1; Community Plan: Torrey Pines,0,410000,"This project provides for the design and construction of a neighborhood park in the Torrey Pines community. Park amenities could include picnic areas, children's play area, walkways, turf areas, and landscap- ing.",This project will contribute to satisfying population-based park acreage requirements set forth in the City's General Plan to serve residents in this park-deficient community.,135000,275000,0,0,0,0,0
2014,Parks - Open Space,216,Park & Recreation,Crest Canyon Resource Management Plan,,,Council District: 1; Community Plan: Torrey Pines,75000,75000,"This project provides for the completion of an existing biology report, a literature review, data collection, and formulation of Area Specific Management Directives to manage the Multiple Species Conserva- tion Program (MSCP) covered species within Crest Canyon.",This project will provide a management framework for sensitive resources within the plan area and ensure the City's compliance with MSCP.,0,0,0,0,0,0,0
2014,Parks - Resource Based,217,Park & Recreation,Crystal Pier Improvements,,,Council District: 2; Community Plan: Pacific Beach,500000,11300000,This project will provide for the evaluation of the overall condition of the pier which is located in Pacific Beach and to make recommendations for repairs to ensure public safety. The pier was originally con- structed in 1927. A storm demolished 240 feet of the pier in 1983 and this portion was reconstructed in 1987.,The purpose of this study is to evaluate the overall condition of the pier and recommend needed repairs. This will include an investigation of the structural integrity of the pier below the surface of the ocean.,10800000,0,0,0,0,0,0
2014,Parks - Trails,218,Park & Recreation,Del Mar Hgts Rd Multiuse Trl Undercross,,,Council District: 1; Community Plan: Pacific Highlands Ranch,91000,91000,This project provides for the construction of a trail undercrossing beneath Del Mar Heights Road as part of the hiking and riding trail system for Pacific Highlands Ranch. This is project P-10.2 in the Pacific Highlands Ranch Public Facilities Financing Plan (PFFP).,"This project will allow pedestrian and equestrian activities to pass underneath Del Mar Heights road near the westerly boundary of the community without impacting the roadway or imposing a safety risk for those engaged in equestrian activities. In addition, the project provides a connection of regional trails between Penasquitos Canyon and the San Dieguito River Valley.",0,0,0,0,0,0,0
2014,Parks - Miscellaneous Parks,219,Park & Recreation,Del Mar Mesa Acquisition,,,Council District: 1; Community Plan: Del Mar Mesa,2047994,2047994,This project provides for land acquisition in the Del Mar Mesa community planning area and surrounding future urbanizing area for the Multiple Species Conservation Program (MSCP).,The MSCP Implementing Agreement mandates a responsibility on the part of the City to assemble the MSCP preserve. This responsibility includes acquisition of private lands from willing sellers to be conserved for wildlife habitat.,0,0,0,0,0,0,0
2014,Parks - Trails,220,Park & Recreation,Del Mar Mesa Central Multi Use Trail,,,Council District: 1; Community Plan: Del Mar Mesa,161000,161000,"This project provides for the construction of a four-foot wide, one mile long multi-use trail, extending easterly from the northerly section of Carmel Mountain Road through the Lorenz Parcel, then south- erly into Penasquitos Canyon.",This project provides additional recreational opportunities in Del Mar Mesa.,0,0,0,0,0,0,0
2014,Parks - Trails,221,Park & Recreation,Del Mar Mesa N Hiking,,,Council District: 1; Community Plan: Del Mar Mesa,386000,386000,"This project provides for an eight-foot wide hiking and equestrian trail, 8,000 feet long, extend- ing northerly from the Carmel Mountain Road and Del Mar Mesa Road intersection area, then westerly in the developable area along open space. The trail will continue to the westerly end of Del Mar Mesa Road. This project also includes improvements to a 1,000-foot long existing trail that extends northerly into Carmel Valley Neighborhood 8.",This project provides additional recreational opportunities in Del Mar Mesa.,0,0,0,0,0,0,0
2014,Parks - Neighborhood,222,Park & Recreation,Del Mar Mesa Neighborhood Park,,,Council District: 1; Community Plan: Del Mar Mesa,1339646,1339646,"This project provides for the acquisition and design of a four useable acre neighborhood park to serve the Del Mar Mesa population. Improvements will include turf for active and passive recreation, a chil- dren's play area, and a prefabricated comfort station.",This project will contribute to satisfying the population-based park requirements set forth in the City's General Plan.,0,0,0,0,0,0,0
2014,Parks - Neighborhood,223,Park & Recreation,Del Mar Mesa Neighborhood Park Ph II,,,Council District: 1; Community Plan: Del Mar Mesa,2060354,2060354,"This project provides for the design and construction of Del Mar Mesa Neighborhood Park in the community of Del Mar Mesa. This new 3.7 acre neighborhood park will include a children's play area, one- half basketball court, comfort station, parking lot, horse corral, picnic areas, turf, and landscaping.",This project will contribute to satisfying the population-based park requirements set forth in the City's General Plan.,0,0,0,0,0,0,0
2014,Parks - Trails,224,Park & Recreation,Del Mar Mesa Southern Multi-Use Trail,,,Council District: 1; Community Plan: Del Mar Mesa,110300,260300,"This project provides for a surfaced eight-foot wide multi-use trail, 2,000 feet long, extending southerly from the end of Del Mar Mesa Road, crossing the Meadows Del Mar entry road. The trail will branch westerly to connect to the wildlife crossing under Carmel Country Road, and easterly to connect to the Shaw Valley and Neighborhood 10 trails in Carmel Valley.",This project provides additional recreational opportunities.,150000,0,0,0,0,0,0
2014,Trans - Roadway,225,Park & Recreation,Del Mar Terrace Street Improvements,,,Council District: 1; Community Plan: Torrey Pines,219596,219596,This project will provide for the resurfacing and slurry sealing of residential streets within the Del Mar Terrace Maintenance Assessment District (MAD). Additional improvements may include upgrades to asphalt berms and curb and gutter installation where needed.,This project is an identified improvement in the Del Mar Terrace Maintenance Assessment Dis- trict which includes slurry seal maintenance every five years and resurfacing every 15 years.,0,0,0,0,0,0,0
2014,Trans - Roadway - Enhance/Scape/Medians,226,Park & Recreation,Del Mar Terrace Street Improvements,2015,2019,Council District: 1; Community Plan: Torrey Pines,65000,1275404,This project will provide for the resurfacing and slurry sealing of residential streets within the Del Mar Terrace Maintenance Assessment District (MAD). Additional improvements may include upgrades to asphalt berms and curb and gutter installation where needed.,This project is an identified improvement in the Del Mar Terrace MAD which includes slurry seal maintenance every five years and resurfacing every fifteen years.,0,560404,65000,455000,65000,65000,0
2014,Parks - Neighborhood,227,Park & Recreation,Dennery Ranch Neighborhood Park,2016,2018,Council District: 8; Community Plan: Otay Mesa,2000956,10099153,"This project provides for acquisition, design, and construction of a nine useable acre park site in the Otay Mesa Community Plan and the Dennery Ranch Precise Plan areas. The park may include a multi-pur- pose court, multi-purpose sports fields, comfort station, children's play area, picnic area and facilities, open turf area, staging area, and trail with connectivity to the Otay Valley Regional Park.",This project provides population-based park acreage in accordance with the City's General Plan standards to accommodate the park and recreational needs of the residents within the Dennery Ranch Subdivi- sion.,0,0,1980000,1109294,5008903,0,0
2014,Trans - Roadway - Enhance/Scape/Medians,228,Park & Recreation,El Cajon Blvd Streetscape Improvements,2015,2015,"Council District: 3, 9; Community Plan: Normal Heights (Mid-City), Kensington - Talmadge (Mid-City), City Heights, North",1180000,2479800,"This project provides for streetscape improvements which include the installation of street lights and replacement of sidewalks, curbs, and gutters along El Cajon Boulevard from Louisiana Street east to 54th Street, as well as the side streets adjacent to El Cajon Boulevard that are within the El Cajon Boulevard Mainte- nance Assessment District (MAD) boundaries.",The El Cajon Boulevard revitalization project began as a part of the Mid-City Commercial Revitalization Program which was originally funded by a Community Development Block Grant and TransNet. This project will continue the approved design along additional commercial blocks using funding from the El Cajon Boulevard MAD. The MAD Assessment Engineer's Report identifies streetscape improvements includ- ing street lighting as an improvement within the project area.,1269800,30000,0,0,0,0,0
2014,Parks - Open Space,229,Park & Recreation,El Cuervo Adobe Improvements,,,Council District: 5; Community Plan: Rancho Penasquitos,250000,250000,This project provides for long-term protection of the physical remains of the historic El Cuervo Adobe located within the Rancho Penasquitos Community consistent with a 2004 Conditions Assessment Report. Improvements shall include stabilization activites to protect the remaining length of walls of the historic structure measuring thirty-one feet long by seven to nine feet tall.,"The El Cuervo Adobe Ruins site has been designated historic by the City Historic Site Board, California Historic Resoures Inventory, and the National Register of Historic Places. Only two of the original structural adobe walls remained until a portion of one wall (the north wall) collapsed in December 2011. This project will protect the historic resource consistent with National Park Service Standards and San Diego Munic- ipal Code Section 143.0205(f).",0,0,0,0,0,0,0
2014,Reclaimed Water System - Pipelines,230,Park & Recreation,Evans Pond Reclaimed Water Pipeline Inst,,,Council District: 5; Community Plan: Scripps Miramar Ranch,252533,252533,"This project would provide for the installation of a reclaimed water pipeline and meter to service Evans Pond, a small pond located adjacent to Scripps Ranch Library (10301 Scripps Lake Drive). The reclaimed water pipe would connect an existing reclaimed water reservoir located in Meanley Park (just south of the Library) and extend northeast to the pond. An additive alternative would be to connect existing landscape irrigation systems surrounding the Library to reclaimed water. Scripps Ranch Maintenance Assessment District (MAD) maintains this pond via a Memorandum of Understanding (MOU) with the Library Department.","Evans Pond is currently fed by natural rainwater and runoff, but during summer months it loses depth and becomes shallow. Despite annual transfers of raw water from the nearby San Diego Aqueduct, there is insufficient water to maintain Evans Pond at an acceptable depth. The pond is home to a variety of plant and animal species, including water plants, turtles, ducks, and fish. This project would allow for a stable water source to keep the pond at an acceptable level throughout the year. A health/safety concern would be the use of reclaimed water in a pond environment, which has been accomplished at Torrey Pines Golf Course.",0,0,0,0,0,0,0
2014,Parks - Neighborhood,231,Park & Recreation,Fairbrook Neighborhood Park Acquisition,,,Council District: 5; Community Plan: Scripps Miramar Ranch,420000,420000,This project provides for land acquisition of approximately three useable acres for a neighbor- hood park south of Pomerado Road in the Scripps Miramar Ranch area.,This project provides population-based park acreage in accordance with the City's General Plan standards to accommodate the park and recreational needs of the residents within the Fairbrook Subdivision.,0,0,0,0,0,0,0
2014,Parks - Neighborhood,232,Park & Recreation,Fairbrook Neighborhood Park Development,2015,2015,Council District: 5; Community Plan: Scripps Miramar Ranch,2400000,3412076,"This project provides for development of an approximately three useable acre neighborhood park south of Pomerado Road in the Scripps Miramar Ranch area. Rough grading, adjacent half-width street improvements, and utilities to serve the park are being provided by a developer per vesting tentative map (VTM) conditions.",This project provides population-based park acreage in accordance with the City's General Plan standards to accommodate the park and recreational needs of the residents within the Fairbrook Subdivision.,0,1012076,0,0,0,0,0
2014,Drainage - Channels,233,Park & Recreation,Famosa Slough Salt Marsh Creation,,,Council District: 2; Community Plan: Peninsula,333000,333000,"The 0.64 acre mitigation project in Famosa Slough is required by the Army Corps of Engineers, Coastal Commission, and California Department of Fish and Game permits and agreements. The mitigation is a required component of the Transportation and Storm Water Department's channel clearing efforts to prevent flooding in the Sorrento Valley area, and restoration of this site will enhance the functions and values of this important biological resource consistent with a variety of City policies and objectives.","The 0.64 acre mitigation project in Famosa Slough is required by the Army Corps of Engineers, Coastal Commission, and California Department of Fish and Game permits and agreements. The Famosa Slough was chosen as the mitigation site because opportunities for coastal salt marsh mitigation in the Los Penasquitos Lagoon have been exhausted. This option utilizes an available, City-owned site within the Coastal Zone and is consistent with the 1993 Famosa Slough Enhancement Plan.",0,0,0,0,0,0,0
2014,Parks - Neighborhood,234,Park & Recreation,Gompers NP - Play Area Upgrades,,,Council District: 4; Community Plan: Southeastern San Diego,1180000,1180000,"This project provides for Americans with Disabilities Act (ADA) upgrades and improvements to the children's play area, path of travel, and comfort station within the park to comply with State and federal safety and accessibility guidelines.","This project is needed to upgrade existing site improvements and play area facilities to meet current federal and State safety and accessibility regulations, and will serve the needs of existing and future res- idents.",0,0,0,0,0,0,0
2014,Parks - Neighborhood,235,Park & Recreation,Gonzales Canyon Neighborhood Park,2015,2015,Council District: 1; Community Plan: Pacific Highlands Ranch,5800000,7095000,"This project provides for the acquisition, design, and construction of a five useable acre neigh- borhood park adjacent to a planned elementary school in the Gonzales Canyon area of the Pacific Highlands Ranch Community. Park amenities will include a multi-purpose turf sports field, a children's play area, multi- purpose courts, picnic facilities, security lighting, landscape, and a comfort station.",This project provides population-based park acreage in accordance with the City's General Plan standards to accommodate the park and recreational needs of the residents within the Gonzales Canyon area of Pacific Highlands Ranch Subdivision.,0,1295000,0,0,0,0,0
2014,Parks - Open Space,236,Park & Recreation,Gonzales Canyon Resource Management Plan,,,Council District: 1; Community Plan: Pacific Highlands Ranch,60000,60000,"This project provides for the completion of an existing biology report, a literature review, data collection, and formulation of Area Specific Management Directives to manage the Multiple Species Conserva- tion Program (MSCP) covered species within Gonzales Canyon.",This project will provide a management framework for sensitive resources within the plan area and ensure the City's compliance with MSCP.,0,0,0,0,0,0,0
2014,Parks - Miscellaneous Parks,237,Park & Recreation,Hickman Fields Athletic Area,,,"Council District: 6; Community Plan: Kearny Mesa, Serra Mesa, Clairemont Mesa",500000,500000,"This project provides for preparation of a General Development Plan Amendment to enlarge the proposed recreation center, include an aquatic complex, and to implement infrastructure improvements, such as irrigation and parking lot upgrades, on a 44-acre athletic area to serve residents within the Kearny Mesa, Claire- mont Mesa, and Serra Mesa Communities. Improvements shall be in compliance with federal, State, and local accessibility guidelines and regulations.","This project provides park and recreational facilities to serve the needs of existing and proposed residents within the Kearny Mesa, Clairemont Mesa, and Serra Mesa Communities in accordance with the City's General Plan Guidelines.",0,0,0,0,0,0,0
2014,Parks - Neighborhood,238,Park & Recreation,Hidden Trails Neighborhood Park,,,Council District: 8; Community Plan: Otay Mesa,2420000,5340000,"This project provides for the acquisition, design, and construction of an approximately 4.0 use- able acre neighborhood park serving the Ocean View Hills Community. Amenities may include an open turfed area and children's play area, as well as off-site improvements to serve the park.",This project provides population-based park acreage in accordance with the City's General Plan standards to accommodate the park and recreational needs of the residents within the Hidden Trails Subdivi- sion.,2920000,0,0,0,0,0,0
2014,Parks - Trails,239,Park & Recreation,Hiking & Equestrian Trail NP #10,,,Council District: 1; Community Plan: Carmel Valley,620600,620600,This project provides for a multi-use trail connection from Del Mar Mesa to Carmel Valley.,"The construction of the identified trails or trail connections will contribute to completion of connectivity with the existing City and regional trail system, providing benefits to the community, including increased recreational opportunities, protection of senstive natural resources, and alternate transportation oppor- tunities to residents and visitors.",0,0,0,0,0,0,0
2014,Parks - Trails,240,Park & Recreation,Hiking,,,Council District: 1; Community Plan: Del Mar Mesa,229300,229300,"This project provides for the construction of an unimproved multi-use trail, 8,000 feet long, extending easterly from the end of Z Street to the San Diego Gas and Electric easement. The trail will continue southerly within the easement into Penasquitos Canyon.",This project provides additional recreational opportunities in Del Mar Mesa.,0,0,0,0,0,0,0
2014,Parks - Neighborhood,241,Park & Recreation,Home Avenue Park,,,Council District: 9; Community Plan: City Heights (Mid-City),4100150,4100150,"This project provides for the design and construction of a 5.8 total acre parcel, of which 1.9 acres will be developed into Charles Lewis III Neighorbood Park. Amenities include: walkways, a half court basketball court, a fenced dog-off leash area, picnic area with shade structure, turfed area, comfort station, play- ground, and security lighting.",This project will contribute to satisfying the population-based park acreage requirements set forth in the City's General Plan.,0,0,0,0,0,0,0
2014,Parks - Miscellaneous Parks,242,Park & Recreation,Joint Use Improvements - Citywide,,,Council District: Citywide; Community Plan: Citywide,39592,39592,This project provides for design and construction of miscellaneous improvements to existing irrigation systems of joint-use facilities throughout the City.,"This project will provide necessary improvements per the joint-use agreement renewal process. In order to upgrade the joint-use facilities to meet current codes, regulations, and standards, and to endure another 25 years of use pursuant to the terms of the joint use agreements, improvements have been identified by individual on-site inspections and cost estimates.",0,0,0,0,0,0,0
2014,Parks - Miscellaneous Parks,243,Park & Recreation,Kumeyaay Lakes Berm Restoration and Dredg,,,Council District: 7; Community Plan: Navajo,160000,10000000,This project provides for the dredging of two lakes and reconstruction of a lake berm within the Kumeyaay Lake system at Mission Trails Regional Park.,"A berm that surrounds the lakes was breached during the 1995-96 rainy season. Since that time, the San Diego River's flow has been redirected through the Kumeyaay Lakes, to the detriment of the lakes. Impacts include sedimentation of the lakes, the introduction of exotic invasive aquatic plants, and the decline of an adjacent state wetland mitigation site through which the river once flowed. Dredging of the lakes to remove accumulated sediments and unwanted plant materials will restore the health and vitality of the lakes and the adjacent mitigation site, which depends upon a flowing water source.",9840000,0,0,0,0,0,0
2014,Parks - Miscellaneous Parks,244,Park & Recreation,Larsen Field ADA Improvements Phase II,,,Council District: 8; Community Plan: San Ysidro,689175,689175,This project provides for a children's play area and associated path of travel upgrades to meet current accessibility requirements at Larsen Field.,This project is needed to bring the children's play area and associated paths of travel into con- formance with current Americans with Disabilities Act (ADA) standards and to make the facilities accessible to people with disabilities.,0,0,0,0,0,0,0
2014,Parks - Miscellaneous Parks,245,Park & Recreation,Linda Vista Community Park Picnic Area,,,Council District: 7; Community Plan: Linda Vista,303965,303965,"This project will develop an accessible, shaded picnic area in the Linda Vista Community Park. The upgrades include a shade structure with concrete pad, picnic tables, barbecues, hot coal receptacles, drink- ing fountain, lighting, Americans with Disabilities Act parking modifications and accessible walkways, turfing, and irrigation system adjustments.",The picnic shelter was identified by the community as an amenity they wanted to add to the park. Park and Recreation staff secured a grant for partial funding.,0,0,0,0,0,0,0
2014,Parks - Miscellaneous Parks,246,Park & Recreation,Linda Vista Skate Park,2015,2015,Council District: 7; Community Plan: Linda Vista,0,3000000,"This project provides for the General Development Plan amendment, design and construction of a multi-generational skatepark at the existing Linda Vista Community Park.",This project will provide an additional recreational use to serve residents in this park-deficient community.,0,3000000,0,0,0,0,0
2014,Parks - Resource Based,247,Park & Recreation,MTRP Equestrian & Multi Use Staging Area AdminBldg,,,Council District: 7; Community Plan: Navajo,500000,500000,"This project provides for the development and construction of an administration building (approximately 5000 sq. ft.) that could include, but not be limited to staff offices, kitchen, showers and confer- ence room, a small information center, public restrooms, and a workshop room with a screened storage yard, in addition to a covered picnic shelter (approximately 2,300 sq. ft.) as proposed in the site development permit (SDP#40-0524). This project is for the third and final phase of the Equestrian and Multi-use Staging Area that was originally approved by the Mission Trails Citizens Advisory Committee.",The Mission Trails Visitors Center office space is at capacity and the administration building is needed to accommodate new staff. The facility will also provide additional opportunities for public interface with park staff. The shade structure will provide relief from the elements at a heavily used entry point into Mis- sion Trails Regional Park. The shade structure will be large enough to accommodate large events.,0,0,0,0,0,0,0
2014,Parks - Miscellaneous Parks,248,Park & Recreation,Martin Luther King Jr. Promenade,,,Council District: 4; Community Plan: Southeastern San Diego,225000,1230000,"This project will provide for the construction of a cultural promenade area including pedestrian areas, fitness areas, seating, landscaping, community identification signs, artwork, utility relocation, new street section, retaining walls, and free-standing walls.",This project will provide for a cultural gathering area for educational and recreational activities.,1005000,0,0,0,0,0,0
2014,Parks - Community,249,Park & Recreation,McKinley Elementary School JU Improvemts,,,Council District: 3; Community Plan: Greater North Park,179500,1702500,"This project provides for design and construction of approximately 1.2 acres of joint-use facili- ties at McKinley Elementary School to supplement existing park acreage in the Greater North Park Community. Improvements will include natural or synthetic turfed multi-purpose sportsfields, multi-purpose courts, walk- ways, landscaping, and Americans with Disabilities Act (ADA) accessibility upgrades.",This project will contribute to satisfying population-based park acreage requirements set forth in the General Plan to serve residents in this park-deficient community.,1523000,0,0,0,0,0,0
2014,Parks - Miscellaneous Parks,250,Park & Recreation,Memorial Pool Improvements,,,Council District: 8; Community Plan: Southeastern San Diego,4161000,4161000,"This project provides for the demolition of an existing pool and the design and construction of a new pool. The existing 40 year old pool suffers from deferred maintenance, cracked decking, outdated mechan- ical systems, and doesn't meet Americans with Disabilities Act (ADA) standards. It will be replaced with a larger pool that meets ADA standards.",This project will address deterioration of the existing pool decking and piping due to age.,0,0,0,0,0,0,0
2014,Parks - Miscellaneous Parks,251,Park & Recreation,Mid City Skate Park,2015,2015,Council District: 9; Community Plan: Mid-City: City Heights,0,3290000,"This project provides for the General Development Plan amendment, design and construction of a skate park at the existing Park de la Cruz Neighborhood Park.",This project will provide an additional recreational use to serve residents in this park-deficient community.,0,3290000,0,0,0,0,0
2014,Parks - Neighborhood,252,Park & Recreation,Mira Mesa CP - Exp & Aquatic Complex,2017,2017,Council District: 6; Community Plan: Mira Mesa,11358540,28429943,"This project provides for developing approximately 11 usable acres of the former Carroll School park site across the street from Mira Mesa Community Park. Amenities include a comfort station and ballfields. The Mira Mesa Community Park will also be upgraded to include a pool complex, improved recreation center, and skate plaza. The street between the two sites will include parking and street calming. This project will be phased as funding becomes available. Phase I includes the ballfields and street calming. Phase II includes the pool complex and skate plaza. Phase III includes recreation center improvements.",This project will contribute to satisfying the population-based park acreage requirements set forth in the City's General Plan.,0,0,0,17071403,0,0,0
2014,Parks - Miscellaneous Parks,253,Park & Recreation,Mission Bay Athletic Area Comfort Station Mod,,,Council District: 2; Community Plan: Mission Bay Park,209057,1029057,This project provides for the removal and replacement of the existing comfort station/concession stand at the Mission Bay Athletic Area. It will also provide an accessible path of travel from Grand Avenue to the comfort station and the center of the ball field complex.,These improvements are necessary to provide Americans with Disabilities Act (ADA) accessi- bility to the comfort station and concession stand which are not currently accessible.,820000,0,0,0,0,0,0
2014,Golf Courses,254,Park & Recreation,Mission Bay GC Practice Ctr Bldg Improve,,,Council District: 2; Community Plan: Mission Bay Park,1400000,1400000,"This project provides for the demolition of the existing, antiquated practice center and clubhouse buildings, and installation of temporary trailers/portables at the Mission Bay Golf Course until such time as the new clubhouse is constructed. The design and construction of a new practice center, parking lot, and clubhouse, which were originally part of this project, will be completed separately in the future, in conjunction with other projects proposed for the golf course.","These improvements are necesssary to comply with current codes, address maintenance needs, and increase the viability of identifying potential future lessees.",0,0,0,0,0,0,0
2014,Golf Courses,255,Park & Recreation,Mission Bay GC Renovation,2015,2015,Council District: 2; Community Plan: Mission Bay Park,460000,2960000,"This project provides for the design and construction of various improvements within Mission Bay Golf Course. Work will include renovation and reconstruction of the existing course and will consist of new landscaping and irrigation, upgraded electrical and lighting system, drainage improvements, installation of cart paths near tee boxes, upgraded tee boxes, improvements to signage, as well as other improvements relevant to the conditions of play will also be included.","This project is needed to provide the long awaited improvements to the 18-hole golf course. For example, the new computerized irrigation system will replace a system that is outdated, inefficient, and does not meet current or future water restriction requirements. These improvements will help bring the golf course to within industry standards for municipal golf courses.",0,2500000,0,0,0,0,0
2014,Golf Courses,256,Park & Recreation,Mission Bay Golf Course,2015,2015,Council District: 2; Community Plan: Mission Bay Park,1400000,1525000,This annual allocation provides for the unexpected replacement of minor capital assets on an as- needed basis at the City's Municipal Golf Course - Mission Bay.,This annual allocation will provide a capital assets cost-avoidance program allowing for the timely replacement of unanticipated failure of golf capital assets.,0,125000,0,0,0,0,0
2014,Parks - Miscellaneous Parks,257,Park & Recreation,Mission Bay Improvements,2015,2019,Council District: 2; Community Plan: Mission Bay Park,8192388,51396386,"This annual allocation provides for permanent public capital improvements and deferred mainte- nance of existing facilities in accordance with City Charter, Article V, Section 55.2.","Mission Bay Park, as well as other regional parks, open spaces, and coastal beaches, helps define the City's identity, enriches quality of life, and serves as a visitor attraction that strengthens the local economy. This regional treasure is threatened by increasing use and a backlog of needed improvements.",0,2943383,7545411,10245786,10900702,11568716,0
2014,Trans - Roadway - Street Lighting,258,Park & Recreation,Mission Hills Historic Street Lighting,,,Council District: 3; Community Plan: Uptown,367486,367486,"This project provides for the procurement and installation of decorative, acorn style, street light- ing within the Mission Hills Historic Street Lighting Maintenance Assessment District (MAD).",This project is an identified improvement in the Mission Hills Historic Street Lighting MAD and will be conducted in conjunction with an underground utility project.,0,0,0,0,0,0,0
2014,Parks - Open Space,259,Park & Recreation,Mission Trails RP Cowles Mountain Trail,,,"Council District: 7; Community Plan: Navajo, Tierrasanta",400000,400000,"This project provides for design, engineering, construction, and installation of structures, as well as the rehabilitation and installation of appropriate material to re-establish approximately 2,000 linear feet of existing trail. This project will supplement the existing and increasing recreational activities of hikers and the increase of sensitive resource impacts caused by hikers leaving the official trail. When completed, this trail rehabilitation will improve safety and reduce or eliminate loss of sensitive natural resources due to visitor use and erosion. Improvements will include minimal pruning and hand crew installation of materials. No grading will be done; however, some hand tool manipulation of existing soils may occur.",This project will benefit the community by increasing safety for hikers and protect sensitive natural and cultural resources.,0,0,0,0,0,0,0
2014,Parks - Miscellaneous Parks,260,Park & Recreation,Mission Trails RP Master Plan Update,,,"Council District: 7; Community Plan: Navajo, Tierrasanta, Rancho Encantada, East Elliott",884829,884829,"This project provides for an update to the 1985 Mission Trails Regional Park (MTRP) Master Development Plan to identify completed capital projects and to guide future expansion, development, and pres- ervation of the park, as well as to provide an environmental document to determine potential impacts. A Natural Resource Management Plan will also be prepared and incorporated into the master plan document to provide park rangers with information and tools to manage the Park's sensitive resources.","MTRP faces numerous challenges and issues due to the high number of vistors and the Park's location within a densely populated area. Extensive recreational use, illegal off-road vehicle activity, erosion, urban runoff, and invasive non-native plants are potential threats to the continued health of the Park's natural resources. The MTRP Natural Resource Management Plan is a part of the implementation task of the City of San Diego's Multiple Species Conservation Program (MSCP). The MSCP was officially adopted on March 18, 1997; The United States Fish and Wildlife Service and the California Department of Fish and Game approved the plan on July 17, 1997.",0,0,0,0,0,0,0
2014,Parks - Trails,261,Park & Recreation,Mission Trails RP Trail Realignments,,,"Council District: 7; Community Plan: Navajo, Tierrasanta",215000,215000,"This project provides for design, engineering, and construction of approximately 5,000 linear feet of new (realignment) trail and rehabilitation of approximately 3,500 linear feet of existing trail. This is to supplement existing and increased recreational activity of all visitor user groups (hikers, bikes, equestrian) and to stabilize and protect sensitive habitat and natural resources currently impacted by poor trail alignment. Improvements will include vegetation pruning and trimming, as well as hand crew manipulation of soils for best location of trails that will meet City Trail Standards (safety and sustainability). Locations of these trail realignments have been roughly engineered on-site but will require environmental review and approval. No grading is anticipated. No trails in this area are Americans with Disabilities Act (ADA) accessible and this realignment would not provide ADA opportunities due to lack of access.",New realignment will provide for improved safety to visitors and protection of sensitive resources.,0,0,0,0,0,0,0
2014,Parks - Open Space,262,Park & Recreation,Mohnike Adobe and Barn Restoration,2015,2015,Council District: 5; Community Plan: Los Penasquitos Canyon Preserve,0,2050000,"This project provides for the rehabilitation/restoration of the historic adobe and hay barn located within the 14-acre Rancho Penasquitos Equestrian Center on the eastern end of the Los Penasquitos Canyon Preserve. Completion of a site assessment of current condition of the 2,512 square-foot adobe structure, the hay barn and surrounding grounds shall include the following items: exterior walls; north and west porches, roof, interior walls, ceilings and wood floors, drainage swale on southwest, and accessibility needs to determine Phase II of rehabilitation program. Additionally, a Treatment Plan and Historic Structure Report are required prior to preparation of Phase II design and construction plans for the rehabilitation due to storm damage which the barn sustained in 2010. Emergency work to shore up the barn until a rehabilitation/restoration plan can be prepared and implemented was completed in 2011.","Phase I of a rehabilitation program was completed in 2005 consistent with an Historic Struc- tures Report prepared for the Mohnike Adobe and Hay Barn by Ferris, Johnson and Perkins Architects, Inc. in 1999. Architectural design and construction plans are required to proceed with Phase II of the project.",1550000,500000,0,0,0,0,0
2014,Bldg - Other City Facility / Structures,263,Park & Recreation,Montgomery Academy JU Improvements,,,Council District: 7; Community Plan: Linda Vista,1091000,1091000,"This project provides for the construction of approximately three acres of joint-use play fields at the Montgomery Academy and associated Americans with Disabilities Act (ADA) improvements to comply with all State and federal accessibility guidelines and City standards. Phase I amenities may include a turfed multi-purpose sports field, security lighting, decomposed granite running track, accessibility improvements, signage, site furnishings, and miscellaneous landscaping. Phase II amenities may include picnic shelters, site furnishings, accent plantings, and enhanced gateway treatments.","Development of this project is a Site Development Permit condition of the Pacific Ridge Apart- ment Homes to satisfy population-based park acreage requirements in accordance with the City's General Plan standards for the anticipated population generated by the residential development. Additionally, it provides joint-use recreational facilities in a community deficient in population-based park and recreation facilities.",0,0,0,0,0,0,0
2014,Parks - Neighborhood,264,Park & Recreation,Montgomery Waller Community Park,,,Council District: 8; Community Plan: Otay Mesa - Nestor,1005899,1005899,"This project provides for lighting and park improvements at the Montgomery-Waller Commu- nity Park. Phase I of this project provides for the addition of lighting to the existing multi-purpose softball, soc- cer, and football field. Phase II will replace the comfort station.",This project will provide needed facilities to expand the hours of use at the park and provide safer access for park users.,0,0,0,0,0,0,0
2014,Parks - Neighborhood,265,Park & Recreation,Mountain View NP Area Upgrades,2015,2015,Council District: 9; Community Plan: Southeastern San Diego,844586,1244586,"This project provides for Americans with Disabilities Act (ADA) upgrades and improvements to the children's play area and path of travel within the park to comply with State and federal safety and accessibil- ity guidelines, and will serve the needs of existing and future residents.",This project is needed to upgrade existing site improvements and play area facilities to meet current federal and State safety and accessibility regulations.,0,400000,0,0,0,0,0
2014,Parks - Open Space,266,Park & Recreation,Multiple Species Conservation,,,Council District: Citywide; Community Plan: Citywide,4104830,124104831,This project provides for acquiring property in support of the Multiple Species Conservation Program (MSCP).,"The Multiple Species Conservation Program (MSCP) Implementing Agreement, Section 10(a), Take Authorization of the Endangered Species Act, mandates a statutory responsibility on the part of the City to assemble the MSCP preserve. This responsibility includes public land acquisition to be used for wildlife habitat.",120000000,0,0,0,0,0,0
2014,Bldg - Other City Facility / Structures,267,Park & Recreation,Museum of Man Roof Replacement,,,Council District: 3; Community Plan: Balboa Park,2114870,2114870,"This project is intended to restore the integrity of the museum, stop the roof leakages, fix the museum ornamentation, restore the historic carports, protect the public safety, and minimize costly mainte- nance. Phase I scope of work includes the following: re-roof the Administration Building, re-roof the clay tile roof on the south side of the quadrangle (re-use existing tile), re-roof and partially reconstruct the carport between the north wing and the administration building (re-use existing tiles), re-roof the north wing of the main museum including the built-up roof, restore ornamentation, restore windows, repair and/or reseal tile domes, replace finial on western quadrangle entrance, and other miscellaneous restoration items including the replacement of two curb ramps. Phase II scope of work includes repairs to the interior caused by roof leakages.","This project will restore the integrity of the museum, stop the roof leakages, fix the museum ornamentation, restore the historic carports, protect the public safety, and minimize costly maintenance.",0,0,0,0,0,0,0
2014,Bldg - Parks - Recreation/Pool Centers,268,Park & Recreation,NTC Aquatic Center,,,Council District: 2; Community Plan: Peninsula,1486726,1486726,"This project will provide for the planning and design of a new aquatic facility center at Naval Training Center Park. The proposed facility will include, but will not be limited to, two competitive and recre- ational pools, a leisure pool with water playground features, spectator seating deck, bath house facility, and associated site improvements.",This project will contribute to satisfying the recreation facility requirement set forth in the City's General Plan.,0,0,0,0,0,0,0
2014,Parks - Community,269,Park & Recreation,North Ocean Beach Gateway Ph II,2015,2015,Council District: 2; Community Plan: Ocean Beach,450000,748000,The scope of work will include design and construction of disabled accessible walkway with landings to comply with the current Americans with Disabilities Act (ADA) requirements. The newly proposed walkway will connect the existing entry plaza to the north end of the project site which is adjacent to Robb Field. The scope will also include enhanced crosswalk improvements at the intersection of West Point Loma Boulevard and Sunset Cliffs Boulevard and a property line screen wall.,"To provide disabled accessible walkway with landings to comply with the current ADA requirements, the newly proposed walkway will connect the existing entry plaza to the north end of the project site which is adjacent to Robb Field.",0,298000,0,0,0,0,0
2014,Parks - Mini Parks,270,Park & Recreation,North Park Mini Park & Streetscape Improvements,,,Council District: 3; Community Plan: Greater North Park,2537949,2537949,"This project provides for the design and construction of an approximately 0.50 useable acre, urban mini-park to be located behind the recently renovated North Park Theatre. The project may include public art, plaza areas, specialty/enhanced paving areas for performances and events, an amphitheater or audience seat- ing area, a gazebo/shade structure, walkways, seat walls, security/decorative lighting, and landscape and irriga- tion. This project also provides for the design of a Streetscape Master Plan for approximately 1,800 linear feet of streetscape which may include enhanced street/pedestrian paving and walkways, street trees with tree grates, landscaping, irrigation, unique street furniture including benches and trash receptacles, security and decorative lighting, pedestrian ramps, curbs, and gutters.","The community is currently deficient in population-based park requirements set forth in the City's General Plan. This project will add population-based park acreage to the community, thus contributing to satisfying population-based park requirements. The project also includes the design of a Steetscape Master Plan, incorporating a streetscape system for the benefit of pedestrians, automobiles, and community members.",0,0,0,0,0,0,0
2014,Trans - Ped Fac - Sidewalks,271,Park & Recreation,North Park,,,Council District: 3; Community Plan: Greater North Park,200000,200000,The project provides for the replacement of existing red sidewalk and decorative tile pavement along 30th Street and University Avenue near the Main Street area of North Park.,"The project will replace existing red sidewalk and decorative tiles that are cracked, deterio- rated, and missing.",0,0,0,0,0,0,0
2014,Parks - Resource Based,272,Park & Recreation,Old Mission Dam Preservation,,,"Council District: 7; Community Plan: Navajo, Tierrasanta",1577336,1577336,"This project provides for dredging behind the Old Mission Dam for the purpose of removing silt buildup, the required mitigation and monitoring program, and obtaining the necessary permits for long-term preservation measures.",This project will protect the structural integrity of the historic dam and improve water quality within the San Diego River.,0,0,0,0,0,0,0
2014,Parks - Mini Parks,273,Park & Recreation,Olive St Park Acquisition,,,Council District: 3; Community Plan: Uptown,2201585,2201585,"This project provides for the acquisition, design, and construction of approximately 0.36 acre of unimproved property contiguous with the south end of the existing Olive Street Park. The project will expand useable park acreage in the Uptown Community. Improvements may include amenities, such as multi-purpose turf areas, a children's play area, seating, walkways, landscaping, and security lighting.",This project will contribute to satisfying population-based park acreage requirements set forth in the City's General Plan in a community currently deficient in population-based parks per General Plan guide- lines.,0,0,0,0,0,0,0
2014,Parks - Open Space,274,Park & Recreation,Open Space Improvements,,,Council District: Citywide; Community Plan: Citywide,2115223,2415224,"This project provides funding for developing various public facilities within the City's resource- based open space parks. Improvements may include, but not be limited to, rehabilitation of Cowles Mountain Trail, drainage improvements within Tecolote Open Space, San Diego River improvements, Arizona Landfill reclamation test plot, and North Chollas Open Space enhancement.","This project is needed to preserve and enhance the City's open space areas. Enhancement may include removal of exotic, invasive, and non-native plant material and re-vegetation with native plants of the areas susceptible to erosion.",300000,0,0,0,0,0,0
2014,Parks - Resource Based,275,Park & Recreation,Otay Valley Fenton Pond RecreationTrail,,,Council District: 8; Community Plan: Otay Mesa,209605,209605,This project provides for an accessible trail in Otay Valley Regional Park from the Beyer Stag- ing Area around Fenton Pond.,This project will provide for increased recreational opportunities in Otay Valley Regional Park.,0,0,0,0,0,0,0
2014,Parks - Resource Based,276,Park & Recreation,Otay Valley RP Beyer Blvd Staging Area,,,Council District: 8; Community Plan: Otay Mesa - Nestor,2500396,2500396,"This project provides for the first staging area in Otay Valley Regional Park and will include hiking trails, a ranger station, and related amenities.",This project will provide access to the Otay Valley Regional Park.,0,0,0,0,0,0,0
2014,Parks - Community,277,Park & Recreation,Pacific Breezes (Ocean View Hills) CP,,,Council District: 8; Community Plan: Otay Mesa,11770000,16800000,"This project provides for the acquisition, design, and construction of the Pacific Breezes Com- munity Park. This park will be 15 acres with an additional five acres of joint-use with the adjacent Ocean View Hills School. Amenities may include lighted ball fields, a comfort station, a children's play area, picnic areas, and other improvements. A recreation center and pool complex are also",This project will provide the community with additional recreational opportunities and will enhance the visual quality of the area.,5030000,0,0,0,0,0,0
2014,Parks - Trails,278,Park & Recreation,Pacific Highlands Ranch Hiking & Biking,2018,2019,Council District: 1; Community Plan: Pacific Highlands Ranch,175001,7239000,"This project provides for the design and construction of approximately 80,000 linear feet (15 miles) of hiking, equestrian, and biking trails to be located throughout the community in accordance with the Pacific Highlands Ranch subarea plan. The trail system will provide access into the multiple habitat planning area of McGonigle canyon; provide pathways along Del Mar Heights Road, Little McGonigle Ranch Road, Pacific Highlands Ranch Parkway, Lopelia Meadows Place, Old Carmel Valley Road Crossing under SR-56, and Carmel Valley Road alignments; and provide access into subarea II and the Rancho Penasquitos commu- nity. The project will also provide for the acquisitions, design, and construction of three trailheads/overlooks, including parking areas, benches, and signages.",This project will provide the community with additional recreational opportunities.,0,0,0,0,2054950,5009050,0
2014,Parks - Miscellaneous Parks,279,Park & Recreation,Palisades Park Comfort Station Replace,,,Council District: 2; Community Plan: Pacific Beach,712712,712712,"This project provides for the removal and replacement of the existing comfort station at Pali- sades Park at the foot of Law Street in Pacific Beach. Minor grading outside the limits of the building footprint is anticipated due to the improvement of the accessible path from the accessible parking to the comfort station. Major excavations will be carried out for the new retaining walls and building foundations. Because of the lim- ited work areas, traffic control plans will be required during construction activities which will impact Ocean Boulevard.",These improvements are necessary to provide Americans with Disabilities Act (ADA) accessi- bility to the comfort station which is not currently accessible and to provide an accessible path of travel from the public way to the new facility.,0,0,0,0,0,0,0
2014,Parks - Miscellaneous Parks,280,Park & Recreation,Park & Recreation Grant Match Funding,,,Council District: Citywide; Community Plan: Citywide,210261,210261,"This annual allocation provides for matching fund requirements and other unfunded needs for projects funded with alternative financing, which includes grants and private donations.",Grant match funding greatly enhances the Park and Recreation Department's ability to secure grants and donations to provide funding for projects.,0,0,0,0,0,0,0
2014,Trans - Roadway - Enhance/Scape/Medians,281,Park & Recreation,Pomerado Median Improve-N of R Bernardo,,,Council District: 5; Community Plan: Rancho Bernardo,899840,899840,This project provides for the renovation and replacement of existing asphalt medians along Pomerado Road north of Rancho Bernardo Road with landscape improvements and accompanying stamped concrete at various locations.,This project will enhance the appearance of the corridor through the replacement of deteriorat- ing medians.,0,0,0,0,0,0,0
2014,Parks - Community,282,Park & Recreation,Rancho Bernardo CP Sports Field Lights,,,Council District: 5; Community Plan: Rancho Bernardo,870000,870000,This project provides for the design and construction of lighting systems for sports fields #5 and #6 at the Rancho Bernardo Community Park.,This project is needed to expand the hours of facility use and its capacity to serve the commu- nity's residential growth.,0,0,0,0,0,0,0
2014,Trans - Roadway - Enhance/Scape/Medians,283,Park & Recreation,Rancho Bernardo Streetscape-Phase I,,,Council District: 5; Community Plan: Rancho Bernardo,75000,75000,"This project provides for the installation of synthetic turf along two existing raised asphalt medi- ans located along Bernardo Center Drive, one north of Bernado Plaza Drive and the other one south of Bernardo Plaza Drive. The medians are within the Rancho Bernardo Maintenance Assessment District (MAD).",The medians along arterial roadways in Rancho Bernardo MAD were built in the late 1960s and are in need of refreshing. An existing brick median along Pomerado Road near Highland Valley Road is deteriorating. Existing turf medians may use more water than other landscaping applications; this project intends to reduce water usage.,0,0,0,0,0,0,0
2014,Parks - Neighborhood,284,Park & Recreation,Rancho Encantada Park #2,2015,2015,"Council District: 5, 7; Community Plan: Rancho Encantada",1753000,2118000,"This project provides for development of approximately six acres for a neighborhood park to include active and passive uses, parking lot, playground, comfort station, and lighted ball fields.",This park will provide additional amenities above the the population-based park acreage requirements set forth in the City's General Plan due to an extraordinary benefits agreement.,0,365000,0,0,0,0,0
2014,Parks - Miscellaneous Parks,285,Park & Recreation,Rancho Mission Neighborhood Park Play Area Upgrade,2015,2015,Council District: 7; Community Plan: Navajo,0,1271000,This project provides for the design and construction of upgrades to the existing children's play area and associated paths of travel within Rancho Mission Neighborhood Park to comply with Americans with Disabilities Act (ADA) upgrades and improvements to comply with State and federal safety and accessibility guidelines.,This project will allow for an upgraded play area as well as accessible paths of travel to meet current State and federal safety and accesibility guidelines within the Rancho Mission Neighborhood Park Play Area Upgrade.,0,1271000,0,0,0,0,0
2014,Parks - Miscellaneous Parks,286,Park & Recreation,Rancho Penasquitos Skate Park,2015,2015,Council District: 5; Community Plan: Rancho Penasquitos,369305,399705,"This project provides for the replacement and upgrade of previously existing wooden skateboard ramps and structures, and installation of shade structures for park users.",This project will provide upgraded and additional recreation amenities to serve the residents of Rancho Penasquitos which is park-deficient by General Plan standards.,0,30400,0,0,0,0,0
2014,Parks - Miscellaneous Parks,287,Park & Recreation,Rancho Penasquitos Towne Centre Park Imp,2015,2015,Council District: 5; Community Plan: Rancho Penasquitos,75000,175000,"This project provides for the installation of miscellaneous amenities to serve dog off-leash users, such as a group shade structure and Americans with Disabilities Act (ADA) accessibility improvements, at the Rancho Penasquitos Towne Centre Park.",This project will provide additional recreation amenities to serve the residents of Rancho Penasquitos.,0,100000,0,0,0,0,0
2014,Parks - Miscellaneous Parks,288,Park & Recreation,Regional Park Improvements,2015,2020,Council District: Citywide; Community Plan: Citywide,7292683,18542683,"This annual allocation provides funding for planning and implementation of permanent public capital improvements, including land acquisitions for San Diego regional parks in accordance with City Char- ter, Article V, Section 55.2.","San Diego's regional park system contains recreation resources unique to the City. Parks such as Balboa Park, Mission Bay Park, Mission Trails Regional Park, Otay River Valley Park, and San Diego River Park, as well as open spaces and coastal beaches, help define the City's identity, enrich the quality of life for res- idents, and serve as visitor attractions that strengthen the local economy. These regional treasures are threat- ened by increasing use and a backlog of needed improvements.",0,-1250000,2500000,2500000,2500000,2500000,2500000
2014,Parks - Resource Based,289,Park & Recreation,Resource-Based Open Space Parks,,,Council District: Citywide; Community Plan: Citywide,2058000,2058000,"This annual allocation provides for developing public facilities within the City's resource-based open space parks, including Los Penasquitos Canyon Preserve, Mission Trails Regional Park, Marian Bear Memorial Park, Tecolote Canyon Natural Park, Otay Valley Regional Park, Rose Canyon, and other open space parks such as Black Mountain. Other open space systems may be included as additional acquisitions are com- pleted.","The City's open space acquisitions have resulted in increased interest by citizens, elected repre- sentatives, and government agencies in commencing development of open space public facilities, which are consistent with open space concepts such as trails, signs, historic site improvements, picnic facilities, and entry points.",0,0,0,0,0,0,0
2014,Parks - Neighborhood,290,Park & Recreation,Riviera Del Sol Neighborhood Park,,,Council District: 8; Community Plan: Otay Mesa,3550000,6924640,This project provides for land acquisition and development of a 4.9 useable acre neighborhood park at a site located in the Riviera del Sol Subdivision.,This project provides population-based park acreage in accordance with the City's General Plan standards to accommodate the park and recreational needs of the residents within the Riviera del Sol Subdivi- sion.,3374640,0,0,0,0,0,0
2014,Parks - Miscellaneous Parks,291,Park & Recreation,Roosevelt Middle School Improvements,,,Council District: 3; Community Plan: Balboa Park,1190000,1190000,"This project provides for the design and construction of joint-use athletic fields at Roosevelt Junior High School. Phase I of the project provides for 1.8 useable acres of joint-use and paved walking path surrounding the field area. Future phases will provide an additional 1.9 useable acres of joint-use artificial turf, joint-use parking, a comfort station, overhead shade structures, and other amenities.",This project will contribute to satisfying the population-based park acreage requirements set forth in the City's General Plan.,0,0,0,0,0,0,0
2014,Drainage - Channels,292,Park & Recreation,SD River Dredging Qualcomm Way to SR163,,,Council District: 7; Community Plan: Mission Valley,1089000,1089000,This project provides for removal of a small island of sediment within the San Diego River near the Murray Creek outfall at the western end of Hazard Center Drive.,This project will protect adjacent property from potential flooding during rain events.,0,0,0,0,0,0,0
2014,Parks - Neighborhood,293,Park & Recreation,Salk Neighborhood Park & Joint Use Devel,2015,2015,Council District: 6; Community Plan: Mira Mesa,0,2082709,"This project provides for recreation improvements on 4.1 useable park acres and 2.0 useable joint-use acres at the Salk Elementary School within the Mira Mesa Community. Improvements may include a comfort station, turfed multi-purpose fields, and other park amenities as determined through a community input process.","This project is mitigation for the development of Salk Elementary School pursuant to an approved Memorandum of Understanding between the City of San Diego and the San Diego Unified School District dated October 5, 2009, and will contribute to satisfying population-based park acreage requirements set forth in the General Plan to serve residents in this park-deficient community.",0,2082709,0,0,0,0,0
2014,Parks - Miscellaneous Parks,294,Park & Recreation,San Ysidro Athletic Area,,,Council District: 8; Community Plan: San Ysidro,1041300,1041300,This project provides for the design and construction of lighting systems for the two multi-pur- pose sports fields at the San Ysidro Athletic Area/Larsen Field.,This project is needed to expand the hours of facility use and its capacity to serve the commu- nity's residential growth.,0,0,0,0,0,0,0
2014,Parks - Miscellaneous Parks,295,Park & Recreation,Sefton Field Improvements,,,Council District: 6; Community Plan: Mission Valley,500000,1000000,"This project provides design and construction of improvements to enhance part of the 19.3-acre site currently maintained by the Presidio Little League. The improvements may include walkways, an entry monument, picnic areas, paved parking lots and roadways, landscaping, and irrigation upgrades for the existing athletic fields.",This project will contribute to satisfying population-based park acreage requirements set forth in the City's General Plan in a community currently deficient in population-based parks per General Plan Guide- lines.,500000,0,0,0,0,0,0
2014,Parks - Neighborhood,296,Park & Recreation,Silver Wing NP Sports Field,2015,2015,Council District: 8; Community Plan: Otay Mesa - Nestor,600610,1200609,This project provides for the design and construction of multi-purpose sports fields and security lighting systems at the Silver Wing Neighborhood Park. The project will be phased with Phase I consisting of the lighting systems' design and construction of the security lighting. Subsequent phases will be implemented as funding becomes available.,"This project is needed to expand the hours of facility use and its capacity to serve the commu- nity's residential growth, and will provide a more secure facility.",0,600000,0,0,0,0,0
2014,Parks - Miscellaneous Parks,297,Park & Recreation,Sixth Avenue Playground Improvements,,,Council District: 3; Community Plan: Balboa Park,120000,2000000,"This project will replace an existing playground within Balboa Park's West Mesa along Sixth Avenue. It will include necessary improvements to comply with the American's with Disabilities Act, including upgrade or replacement of the existing comfort station, replacement of drinking fountains, and improvements to the paths of travel. Some play equipment was donated in 2012 but did not implement the full general develop- ment plan for the project; donated equipment will be incorporated into the new playground.",The existing playground equipment has reached the end of its useful life and needs to be replaced. A majority of the existing playground is not accessible to people with disabilities. This project will bring the playground into conformance with current accessibility standards.,1880000,0,0,0,0,0,0
2014,Parks - Miscellaneous Parks,298,Park & Recreation,Southcrest Trails 252 Corr Park Imp-Ph2,,,Council District: 9; Community Plan: Southeastern San Diego,1650000,1650000,"This project provides for design and construction of an approximate 5.8 gross acre, 2.0 usable acre, neighborhood park in the Southcrest Neighborhood of the Southeastern Community Plan Area. Improve- ments may include picnic shelters, children's play area, hardcourts, walkways, fencing, amphitheater, open turf areas, security lighting, and site furnishings.",This project provides for additional park land in an extremely park deficient area.,0,0,0,0,0,0,0
2014,Parks - Open Space,299,Park & Recreation,Sunset Cliffs Natural Pk Hillside Imp Presrv,,,Council District: 2; Community Plan: Peninsula,1295594,4195594,"This project will complete improvements to the hillside portion of the Sunset Cliffs Natural Park, consisting of final project design documents, environmental review and construction documents. Future phases of this project may include construction of trails, habitat restoration, erosion control, removal of houses within the park, and the removal and return to natural vegetation of the softball field.","This project is needed to preserve and enhance the Sunset Cliffs Natural Park, one of the unique coastal environments in San Diego County. The project begins the implementation of the Sunset Cliffs Natural Park Master Plan which was approved in 2005.",2900000,0,0,0,0,0,0
2014,Parks - Miscellaneous Parks,300,Park & Recreation,Sunset Cliffs Park Drainage Improvements,2015,2015,Council District: 2; Community Plan: Peninsula,0,456000,"This project provides for drainage improvements at Sunset Cliffs Natural Park including the removal of existing houses located on parkland, restoration of natural areas to allow water percolation, and installation of site appropriate drainage devices.",This project will preserve and protect the coastal bluffs at Sunset Cliffs Natural Park from storm water runoff and soil erosion.,0,456000,0,0,0,0,0
2014,Trans - Roadway - Enhance/Scape/Medians,301,Park & Recreation,Switzer Canyon Bridge Enhancement Prog,2015,2017,Council District: 3; Community Plan: Greater North Park,65000,275000,"This project provides for bridge landscaping, hardscape, tree planting, signage, sidewalk, median, design of traffic calming devices, and pedestrian safety features for the Switzer Canyon/30th Street Bridge.","This project provides for a variety of improvements within the boundaries of the Greater North Park Maintenance Assessment District (MAD), which will provide visual neighborhood enhancements and sup- port commercial revitalization.",175000,5000,5000,25000,0,0,0
2014,Trans - Roadway - Street Lighting,302,Park & Recreation,Talmadge Decorative SL Restoration,2015,2015,Council District: 3; Community Plan: Mid-City: Kensington — Talmadge,231800,306800,This project provides for upgrades and improvements to the existing lighting infrastructure in Zone 2 (West) of the Talmadge Maintenance Assessment District (MAD).,This project provides for improvements within the boundaries of the Talmadge MAD which will provide visual neighborhood enhancements.,0,75000,0,0,0,0,0
2014,Trans - Roadway - Enhance/Scape/Medians,303,Park & Recreation,Talmadge Historic Gates,,,Council District: 9; Community Plan: Mid-City: Kensington — Talmadge,348726,348726,This project provides for the restoration of existing Talmadge Historic Gates and installation of new gates along sidewalks in the Talmadge neighborhood. Initial funding provides for restoration of existing gates only; additional funds in future years will provide for installation of new gates at other locations through- out the neighborhood.,The neighborhood of Talmadge is defined by historic gates located along the south side of Monroe Avenue at intersecting streets. These gates have been in existence for decades and are in need of resto- ration. Some are in danger of failing due to corrosion and decay. The budgeted allocations will provide for the restoration of these existing gates. Future phases in upcoming years will provide for installation of new gates that have been removed over the years or were never installed.,0,0,0,0,0,0,0
2014,Trans - Roadway,304,Park & Recreation,Talmadge Street Improvements,,,Council District: 9; Community Plan: Kensington - Talmadge (Mid-City),281357,281357,"This project provides for streetscape and lighting improvements within the Talmadge Mainte- nance Assessment District (MAD). A prior phase of this project landscaped the traffic circle located at 49th Street, Adams Street, and Lorraine Drive. The current phase will install decorative street lighting throughout the neighborhood in conjunction with a utility undergrounding project. The MAD is divided into two zones (east and west). Ornamental lighting improvements are planned for Zone 1 (east). Upgrades and improvements to the existing lighting infrastructure are planned for Zone 2 (west). Companion projects are S00976, S00977, and S00978.","This project will enhance nighttime illumination, which should increase resident safety in Tal- madge. Decorative elements in the lights will increase neighborhood identification and pride.",0,0,0,0,0,0,0
2014,Trans - Roadway - Street Lighting,305,Park & Recreation,Talmadge Streetscape & Lighting Zone 1E,,,Council District: 9; Community Plan: Kensington - Talmadge (Mid-City),622923,622923,This project provides for ornamental street lights within Zone 1 (East) of the Talmadge Mainte- nance Assessment District (MAD).,This project provides for improvements within the boundaries of the Talmadge MAD which will provide visual neighborhood enhancements.,0,0,0,0,0,0,0
2014,Trans - Roadway - Street Lighting,306,Park & Recreation,Talmadge Streetscape & Lighting Zone 2W,,,Council District: 9; Community Plan: Kensington - Talmadge (Mid-City),54486,54486,This project will provide for ornamental street lights within Zone 2 (West) of the Talmadge Maintenance Assessment District (MAD).,This project provides for improvements within the boundaries of the Talmadge MAD which will provide visual neighborhood enhancements.,0,0,0,0,0,0,0
2014,Trans - Roadway - Enhance/Scape/Medians,307,Park & Recreation,Tierrasanta - Median Conversion,,,Council District: 7; Community Plan: Tierrasanta,250000,250000,This project provides for the conversion of asphalt medians to concrete medians along various roadways in the Tierrasanta community. The first two phases of this project will convert medians along Santo Road between Aero Drive and Tierrasanta Boulevard. Additional future locations will be determined within the Tierrasanta Maintenance Assessment District (MAD) boundaries.,The community has requested streetscape improvements to major arterial corridors within Tier- rasanta. This project allows certain medians to be enhanced by replacing deteriorating asphalt with decorative stamped concrete.,0,0,0,0,0,0,0
2014,Parks - Community,308,Park & Recreation,Tierrasanta CP Sports Field Lighting,2015,2015,Council District: 7; Community Plan: Tierrasanta,603876,1100876,This project provides for the design and construction of a sport lighting system for the multi-pur- pose sports fields and associated accessibility work at the Tierrasanta Community Park.,This project is needed to expand the hours of facility use and its capacity to serve the commu- nity's residential growth.,50000,447000,0,0,0,0,0
2014,Trans - Roadway - Enhance/Scape/Medians,309,Park & Recreation,Torrey Highlands Community ID & Enhance,2015,2015,"Council District: 1, 5, 6; Community Plan: Torrey Highlands",175000,325000,This project provides for community identification signage and enhancements within the Torrey Highlands Maintenance Assessment District (MAD).,This project is consistent with the Torrey Highlands MAD Assessment Engineer's Report and will provide signage to identify the boundaries of the community.,0,150000,0,0,0,0,0
2014,Parks - Neighborhood,310,Park & Recreation,Torrey Highlands Park Play Area Upgrades,2015,2015,Council District: 1; Community Plan: Carmel Valley,940377,1278682,"This project provides for Americans with Disabilities Act upgrades and improvements to the children's play area and path of travel within the park to comply with State and federal safety and accessibility guidelines. This project includes accessible parking, accessible site furnishings, accessible play area equipment and surfacing, accessible paths of travel as required, and accessiblity upgrades to existing comfort station.",This project is needed to upgrade existing site improvements and play area facilities to meet current State and federal safety and accessibility regulations.,0,338305,0,0,0,0,0
2014,Parks - Trails,311,Park & Recreation,Torrey Highlands Trail System,,,"Council District: 1, 5, 6; Community Plan: Torrey Highlands",667834,667834,"Design and construction of approximately 35,000 linear feet (6.5 miles) of bicycle, hiking and equestrian trails to be located throughout the community in accordance with the Torrey Highlands Subarea Plan. The system will consist of a network of paved (8,000 L.F.) improved multi-use (13,000 L.F.) and unpaved (14,000 L.F.) trails, together with a footbridge at the bottom of McGonigle Canyon.",The system of trails has been incorporated as a critical component of the Torrey Highlands Subarea Plan.,0,0,0,0,0,0,0
2014,Parks - Neighborhood,312,Park & Recreation,Torrey Hills NP Development,,,Council District: 1; Community Plan: Torrey Hills,1000000,1000000,"This project provides for recreational improvements on four undeveloped acres within the Tor- rey Hills Neighborhood Park. Improvements may include a recreation center, parking area, and/or other park amenities as determined through a community input process.",This project will contribute to satisfying population-based park requirements set forth in the General Plan to serve residents in this park-deficient community.,0,0,0,0,0,0,0
2014,Trans - Roadway - Enhance/Scape/Medians,313,Park & Recreation,Torrey Hills SDG&E Easement Enhancement,,,Council District: 1; Community Plan: Torrey Hills,441000,441000,This project will provide for an enhancement of an easement area located under San Diego Gas and Electric power transmission lines at the southwest corner of East Ocean Air Drive and Corte Mar Asomb- rosa within the Torrey Hills Maintenance Assessment District (MAD).,"The community desires enhanced, natural planting at this location that would be similar to the other planted areas in Torrey Hills.",0,0,0,0,0,0,0
2014,Parks - Neighborhood,314,Park & Recreation,Torrey Meadows NP South,,,Council District: 5; Community Plan: Torrey Highlands,7922756,7922755,"This project provides for the acquisition, design and construction of a five useable acre neigh- borhood park in Torrey Highlands. Proposed improvements include a multi-purpose turf field, half court bas- ketball court, children's play areas, walkways, landscaping, drainage, security lighting, comfort station and Americans with Disabilities Act (ADA) accessibility improvements.",This project will contribute to satisfying the population-based park acreage requirements set forth in the City's General Plan.,0,0,0,0,0,0,0
2014,Golf Courses,315,Park & Recreation,Torrey Pines Golf Course,,,Council District: 1; Community Plan: University,1467123,1467123,This annual allocation provides for the unexpected replacement of minor capital assets on an as- needed basis at the City's Municipal Golf Course - Torrey Pines.,This annual allocation will provide a capital assets cost-avoidance program allowing for the timely replacement of unanticipated failure of golf capital assets.,0,0,0,0,0,0,0
2014,Golf Courses,316,Park & Recreation,Torrey Pines N. Golf Course-Improvements,2015,2015,Council District: 1; Community Plan: University,9570000,12170000,"This project provides for improvements and updates to the golf course to include: rebuilding greens, practice greens and greens complex sand bunkers; improving fairway sand bunkers and tournament tees; installing a replacement irrigation system; reducing turf areas in selected areas; and adding a complete cart path system.","Enhance the playability of the course for resident golfers, while improving course conditions for private and professional tournaments. In addition, updates to the irrigation system and reductions in turf areas will conserve recycled water and energy.",0,2600000,0,0,0,0,0
2014,Parks - Trails,317,Park & Recreation,Trail for All People,2015,2015,Council District: 5; Community Plan: Black Mountain Ranch,281000,381000,"This project provides for design and construction of a 1,100 linear foot paved trail to accommo- date people of all physical abilities. The trail will be located on an existing unpaved trail alignment within the Black Mountain Open Space Park off of Miner's Ridge Loop staging area. Associated amenities and support facilities may include a shaded viewing pavilion, wayfinding and interpretive signage/exhibits, information kiosks, and benches.","This project will provide a unique trail experience for park users, specifically persons with dis- abilities and is a high priority for the Black Mountain Ranch Open Space Park Citizen's Advisory Committee, as well as the Rancho Penasquitos Community Planning Group.",0,100000,0,0,0,0,0
2014,Parks - Miscellaneous Parks,318,Park & Recreation,Tubman Charter School JU Improvements,2015,2016,Council District: 9; Community Plan: College Area,490000,2270000,"This project provides for design and construction of approximately 1.72 acres of joint-use facili- ties at Tubman Charter School to supplement existing park acreage in the College Area community. Improve- ments may include turf multi-purpose fields, multi-purpose hardcourts, walkways, landscaping, and accessibility upgrades.",This project will contribute to satisfying population-based park acreage requirements set forth in the General Plan to serve residents in this park-deficient community.,0,350000,1430000,0,0,0,0
2014,Parks - Neighborhood,319,Park & Recreation,University Village Park Tot Lot,2015,2015,Council District: 1; Community Plan: University,300253,450253,"This project provides for a new children's play area where no playground currently exists. The new play area would be geared toward children between 2 and 5 years of age, including path of travel accessi- bility improvements.",This project will contribute to satisfying population-based park requirements set forth in the General Plan to serve residents in this park-deficient community.,0,150000,0,0,0,0,0
2014,Parks - Mini Parks,320,Park & Recreation,Valencia Park Acquisition & Development,2015,2015,Council District: 4; Community Plan: Southeastern San Diego,229361,963361,"This project provides for the acquisition, design and construction of approximately 0.46 acres (composed of three separate parcels) of unimproved property. The project will expand useable park acreage in the Southeastern San Diego-Encanto Neighborhoods Community. Improvements will include amenities such as multi-purpose turf areas, a children's play area, seating, walkways, landscaping, and security lighting.",This project will contribute to satisfying population-based park acreage requirements set forth in the City's General Plan in a community currently deficient in population-based parks per General Plan guide- lines.,0,734000,0,0,0,0,0
2014,Parks - Neighborhood,321,Park & Recreation,Views West NP ADA Upgrades,,,Council District: 5; Community Plan: Rancho Penasquitos,930100,930100,"This project provides for Americans with Disabilities Act (ADA) accessibility upgrades and improvements to the park site and to the children's play area. The project will provide for accessible paths of travel within the park, upgrades to the comfort station and concession stand, upgrades to existing site furnish- ings, and upgrades to the parking area. This project upgrades both play areas to meet current accessibility stan- dard by providing new play equipment, safety surfacing, and upgrades seating near the play areas.",This project is needed to upgrade existing site improvements and play area facilities to meet current federal and State safety and accessibility regulations.,0,0,0,0,0,0,0
2014,Parks - Community,322,Park & Recreation,W. Henderson Security Light Improvement,,,Council District: 9; Community Plan: Southeastern San Diego,80000,80000,This projects provides for added security lights and the replacement of existing security lights with new LED fixtures.,Security issues at the park require additional security lighting. The community has requested additional security lighting for many years.,0,0,0,0,0,0,0
2014,Parks - Miscellaneous Parks,323,Park & Recreation,Wagenheim Joint Use Facility,2015,2015,Council District: 6; Community Plan: Mira Mesa,0,5087168,"This project provides for the design and construction of an approximately 4-acre joint use facil- ity at Wagenheim Middle School to supplement existing park acreage in the Mira Mesa community. Joint use improvements could include multi-use sports fields, multi-purpose courts, walkways, landscaping, Americans with Disabilities (ADA) upgrades and improvements to comply with State and federal safety and accessibility guidelines and could include a comfort station.",This project will contribute to satisfying population-based park acreage requirements set forth in the City's General Plan to serve residents in this park-deficient community.,0,5087168,0,0,0,0,0
2014,Parks - Neighborhood,324,Park & Recreation,Walker NP Playground Upgrades,,,Council District: 6; Community Plan: Mira Mesa,313100,313100,"This project provides Americans with Disabilities Act (ADA) upgrades and improvements to the childrens play area and path of travel within the park required to comply with all State and federal accessibility guidelines and City standards. This project includes a new accessible onstreet parking space, site furnishings, play area equipment, and surfacing.","The Americans with Disabilities Act (ADA) of 1995 requires that children's play areas provide like facilities for all children regardless of physical ability. This includes equipment, as well as a resilient sur- facing which is accessible to persons with disabilities. This project will also upgrade the children's play areas to be fully compliant with current State safety regulations and Federal ADA requirements.",0,0,0,0,0,0,0
2014,Trans - Roadway - Enhance/Scape/Medians,325,Park & Recreation,Webster Neighborhood Identification Sign,,,Council District: 4; Community Plan: Mid-City: Eastern Area,40000,40000,This project provides for the installation of a new neighborhood identification sign for the Web- ster neighborhood within a planted median located along the south side of Federal Boulevard between 48th Street and 50th Street.,This project will provide signage to identify the boundaries of the Webster neighborhood.,0,0,0,0,0,0,0
2014,Parks - Miscellaneous Parks,326,Park & Recreation,Wegeforth Elementary School Joint Use,,,Council District: 7; Community Plan: Serra Mesa,3145000,3145000,"This project provides for the design and construction of approximately four acres at Wegeforth Elementary School for joint-use facilities to supplement existing park acreage in the Serra Mesa Community. Proposed improvements include turfed multi-purpose sports field, courts, walkways, landscaping, parking, security lights, drainage, comfort station, and accessibility upgrades.",This project will contribute to satisfying the population-based park acreage requirements set forth in the City's General Plan.,0,0,0,0,0,0,0
2014,Trans - Roadway - Enhance/Scape/Medians,327,Park & Recreation,Welcome to Rancho Bernardo Signs,,,Council District: 5; Community Plan: Rancho Bernardo,70367,70367,This project provides for replacement of the destroyed identification sign located on Rancho Bernardo Road east of Interstate 15 and west of Bernardo Center Drive within the Rancho Bernardo Commu- nity.,This project is an identified improvement in the Rancho Bernardo Maintenance Assessment District (MAD). The previous sign was destroyed in a vehicle accident and is in need of replacement. The Ran- cho Bernardo MAD Citizen's Advisory Committee has approved full funding for this project to replace this sign (using proceeds from the insurance settlement).,0,0,0,0,0,0,0
2014,Parks - Mini Parks,328,Park & Recreation,West Lewis and Falcon Streets MP,,,Council District: 3; Community Plan: Uptown,446139,446139,"This project provides for design and construction of a 0.35 acre mini-park within the West Lewis and Falcon Streets rights-of-way. Amenities include hardscape, landscape, irrigation, seating areas, and inter- pretive sign.",This project will contribute to satisfying the population-based park acreage requirements set forth in the City's Progress Guide and General Plan.,0,0,0,0,0,0,0
2014,Parks - Mini Parks,329,Park & Recreation,West Maple Canyon MP,2015,2015,Council District: 3; Community Plan: Uptown,645000,745000,"This project provides for the design and construction of a 0.25 acre mini-park to be located within the dedicated portion of the Maple Canyon Open Space. Amenities may include walkways, landscaping, seating areas, and public art.",This project will contribute to satisfying the population-based park acreage requirements set forth in the City's General Plan.,0,100000,0,0,0,0,0
2014,Parks - Neighborhood,330,Park & Recreation,Wightman Street Neighborhood Park,2015,2015,Council District: 9; Community Plan: Eastern Area (Mid-City),686000,3186634,This project provides for the design and development of Wightman Street Neighborhood Park on 0.9 acres of parkland. The park development will also include the implementaton of the Chollas Creek Enhancement Program for Auburn Creek which is located on site.,This project will contribute to satisfying the population-based park acreage requirements set forth in the City's General Plan.,0,2500634,0,0,0,0,0
2014,Parks - Mini Parks,331,Park & Recreation,Windwood II MP Play Area Upgrades,,,Council District: 1; Community Plan: Carmel Valley,480858,480858,"This project provides for Americans with Disabilities Act upgrades and improvements to the children's play area and path of travel within the park to comply with State and federal safety and accessibility guidelines. This project includes accessible on-street parking, site furnishings, accessible play equipment, and surfacing.",This project is needed to upgrade existing site improvements and play area facilities to meet current federal and State safety and accessibility regulations.,0,0,0,0,0,0,0
2014,Bldg - Pub Safety - Police Fac / Struct,342,Police,CAD System Replacement Project,2016,2018,Council District: Citywide; Community Plan: Citywide,3935766,11572434,"This project provides for the replacement of the Police and Fire-Rescue Department Computer Aided Dispatch (CAD) systems that will incorporate newer technologies available for emergency response, improve operational availability, and expand the tools available for the efficient dispatching of 9-1-1 calls.","The current CAD system does not meet acceptable industry standards for high availability or emergency site recovery. Over the past 25 years, the CAD application has been modified numerous times, and technical support for the aging system has become difficult to acquire and has been increasingly expensive.",0,0,5145132,1203460,1288076,0,0
2014,Bldg - Pub Safety - Police Fac / Struct,343,Police,Police HQs CoGeneration Repower Project,,,Council District: 3; Community Plan: Centre City,983085,983085,This project will replace existing engines and system components necessary to provide for sys- tem reliability.,This project will provide the facility with more reliable power during emergency operation events.,0,0,0,0,0,0,0
2014,Bldg - Pub Safety - Police Fac / Struct,344,Police,Police Range Refurbishment,,,Council District: 9; Community Plan: City Heights,3223406,7000000,"This project willl provide for the repair, replacement, and maintenance of the existing police shooting range located on Federal Boulevard. The project includes the demolition of dilapidated bullet back stops, removal of lead contaminated soil berms, hauling of excess soil offsite, drainage improvements, installa- tion of retaining walls, and the installation of new bullet recovery systems.",This project will provide for the repair and maintenance of the existing police shooting range.,3776593,0,0,0,0,0,0
2014,Bldg - Pub Safety - Police Fac / Struct,345,Police,Public Safety Training Institute,,,Council District: 2; Community Plan: Peninsula,505000,505000,"The City Council approved a Joint Powers Authority between the City of San Diego, County of San Diego, and San Diego Community College District for the development, financing, and administration of the Regional Public Safety Training Institute (RPSTI). This project provides for an Emergency Vehicle Opera- tions Course (EVOC) training facility in the Camp Nimitz area of the former Naval Training Center. The Naval Training Center Reuse Plan, approved by the Department of the Navy and City Council, set aside 24.7 acres for the purpose of a public safety training facility. The City's projected share of the total cost of the project will be funded jointly by the San Diego Fire-Rescue and Police Departments.","The expansion of the campus at Miramar College has required the relocation of law enforce- ment training, specifically the EVOC training facility, to QUALCOMM Stadium. Construction of an EVOC will allow for consistent training of all emergency responders countywide.",0,0,0,0,0,0,0
2014,Water - Distribution Sys - Transmission,358,Public Utilities,30th Street Pipeline Replacement,2015,2017,"Council District: 3, 8; Community Plan: Greater North Park, Greater Golden Hill, Southeastern San Diego",371187,14740000,"This project will replace approximately 5.45 miles of existing cast iron (CI) mains from Polk Avenue to Commercial Street. Also, it will update the transmission and distribution system in the University Heights (390 Zone) to meet its current and future needs.","Because the pipeline has been paralleled by the newer 28th Street Pipeline south of Thorn Street and no longer serves as an important transmission route to University Heights (390 Zone), this project will replace the cast iron pipe, provide supply reliability to the south end of the 390 Zone, and improve water quality.",0,2000000,8000000,4368813,0,0,0
2014,Bldg - Water - Pump Stations,359,Public Utilities,69th & Mohawk Pump Station,2015,2018,Council District: 9; Community Plan: College Area,529129,18287000,This project will construct a new pump station at the corner of 69th Street and Mohawk Street. The new pump station will feed the 645 Redwood Village Zone. Suction to the pump station will come from the Mid-City Pipeline Phase II.,This project will replace the existing Montezuma Pump Station for Redwood Village which is reaching the end of its lifecycle.,0,3585500,0,7000000,7172371,0,0
2014,Water - Distribution Sys - Transmission,360,Public Utilities,Alvarado 2nd PL Exten & Morena Blvd CI,2016,2020,"Council District: 2, 7; Community Plan: Mission Valley, Linda Vista, Mission Bay Park",0,66941493,"This project provides for the replacement of the aging Kearny Mesa Pipeline transmission route with a new transmission route that uses the Alvarado 2nd Pipeline. It will replace 17,032 linear feet of existing 20-inch and 16-inch cast iron Morena Boulevard Pipeline with a new 36-inch Morena Boulevard Pipeline, which will run from the end of the 48-inch Alvarado 2nd Extension Pipeline and connect to the Kearny Mesa Pipeline at the north end, operating at a 536 Hydraulic Grade Line (HGL). It will also replace 15,598 linear feet of parallel 16-inch distribution line from Friars Road and Morena to Morena and Balboa Avenue. The new 16- inch line will operate at 390 HGL connecting to the existing 16-inch line on Friars Road and terminating at Morena and Bunker Hill Street. Additionally, it is proposed that 22,504 linear feet of new 48-inch Alvarado 2nd Extension Pipeline from the western terminus of the existing 48-inch Alvarado 2nd Pipeline (at Interstate 805 and Friars Road to Morena Boulevard and Napa Street) be built.","This project will replace cast iron pipe; provide redundant transmission to the coastal zones of La Jolla and Pacific Beach for supply reliability; improve water quality; reduce energy waste at the Miramar County Water Authority Pump back facility; reduce peaking problems in the Miramar Water Treatment Plant service area; and provide supply flexibility (Alvarado vs. Miramar). This project is part of a larger plan to improve transmission reliability to the coastal Pacific Beach/La Jolla Zones by replacing the aging Kearny Mesa Pipeline as the lead supply, and adding a second transmission route to the coastal zones.",0,0,1173807,3642612,20429989,21695085,20000000
2014,Bldg - Water - Treatment Plants,361,Public Utilities,Alvarado WTP Upgrade & Expansion,,,Council District: 7; Community Plan: Navajo,55942215,55942215,"This project increases the treatment capacity of the Alvarado Water Treatment Plant (WTP) from 150 million gallons of water per day (mgd) to 200 mgd and upgrades the existing treatment plant facilities to replace aged equipment to comply with new drinking water regulations. This project is split into multiple construction projects and will be phase funded. The major project components consist of the construction of two new sedimentation basins, the rehabilitation of existing 1950s-era sedimentation basins, the rehabilitation of the mechanical equipment and controls on the filters, ozone generation, and treatment facilities. Various site and landscaping improvements will also be made.","The Safe Drinking Water Act, Environmental Protection Agency regulations, and a Department of Public Health Compliance Order dictate the need to upgrade the treatment plant process and equipment. Anticipated future demands within the Alvarado Water Service Area also require the plant to be expanded to 200 mgd, allowing for better utilization of the raw water storage in the San Vicente and El Capitan Reservoirs.",0,0,0,0,0,0,0
2014,Bldg - MWWD - Pump Stations,362,Public Utilities,"Backup Generators at SPS's, TP & EMTS",,,"Council District: 1, 2, 5, 8; Community Plan: University, Miramar Ranch North, Barrio Logan, Torrey Pines",17745600,17745600,"This project will purchase seven generators and provide a design-build contract to install the generators and associated equipment for permanent power connection to existing sewer Pump Stations 1, 64, 65, Penasquitos, North City Reclamation Plant, and Environmental Monitoring Technical Services laboratory. Approximately 34 percent of all Metro Sewer Utility Fund",This project is necessary to prevent environmental damage from sewer spills and prevention of permit violation issues when regional electrical black-outs occur.,0,0,0,0,0,0,0
2014,Wastewater - Collection Sys - Trunk Swr,363,Public Utilities,Balboa Terrace Trunk Sewer,,,Council District: 6; Community Plan: Clairemont Mesa,10091813,10091812,"This project includes the installation of 8-inch, 15-inch, and 21-inch sewer pipe via tunneling and open trench construction and other related work.",This project will upgrade the existing trunk sewer with a larger pipe to accommodate additional flow in the future.,0,0,0,0,0,0,0
2014,Bldg - Water - Reservoirs/Dams,364,Public Utilities,Barrett Flume Cover,2015,2017,Council District: Non-city; Community Plan: Non City,400000,5550677,"This project will assess the 10 to 12 miles of open channel delivering water from the Barrett Reservoir to the Lower Otay Reservoir. Based on the assessment, the flume will be covered or replaced.","Each year golden eagles, deer, and other wildlife drown in the open channel sections of the Bar- rett Flume. There is also an excessive maintenance burden to keep soil and sediment out. Additionally, there is a slight algae build up due to sunlight. Covering the open flume sections is necessary to prevent fines and sanc- tions from the resource agencies, to maintain water quality, and to reduce maintenance and down time.",0,500000,2911948,1738729,0,0,0
2014,Bldg - Other City Facility / Structures,365,Public Utilities,Bayview Reservoir Solar Project,2015,2015,Council District: 1; Community Plan: La Jolla,0,2325000,"This project includes the design, installation, and interconnection of a 450 kilowatts (kw) solar photovoltaic system on the deck of the Bayview Reservoir.",Project complies with the City's Solar Implementation Plan and will provide enough solar elec- tricity to supply approximately 75-80% of the facility pump stations electricity when averaged over the year.,0,2325000,0,0,0,0,0
2014,Water - Distribution Sys - Transmission,366,Public Utilities,Catalina 12inch Cast Iron Mains,2015,2017,Council District: 2; Community Plan: Peninsula,1000000,9424060,"This project will replace and install approximately 16,000 linear feet of existing cast iron (CI) pipeline (size varies) with PVC pipeline and cement mortar lined and coated steel pipeline (CMLCS) on Cat- alina Blvd. The scope of work includes but is not limited to replacing the Catalina Pump Station 16-inch CI dis- charge pipeline with a 16-inch CMLCS pipeline; installing a 24-inch CMLCS from the proposed 16-inch CMLCS pump station discharge pipeline to the proposed Catalina Standpipe inlet; installing a 16-inch PVC from Catalina Standpipe to DuPont Street; and installing a 24-inch CMLCS pipeline from Catalina Standpipe to Garden Lane.","This project will replace cast iron pipe, provide supply reliability to the Catalina Pump Station service area, and improve water quality.",0,3000000,4417326,1006734,0,0,0
2014,Bldg - Operations Facility / Structures,367,Public Utilities,Chollas Building,2016,2017,Council District: 9; Community Plan: Eastern Area (Mid-City),7900001,17700000,This project will construct two new buildings: one two-story building for administration staff and a one-story maintenance shop.,This project will allow for Water Operations Division to consolidate their staff in one central facility. The existing facility is not adequate for current needs.,0,0,9000000,800000,0,0,0
2014,Bldg - Water - Pump Stations,368,Public Utilities,Cielo & Woodman Pump Station,2015,2019,Council District: 4; Community Plan: Southeastern (Encanto Neighborhoods),100000,14679547,"This project provides for the replacement of the Cielo and Woodman Pump Station (PS) with a new PS with 12 million gallons per day (mgd) capacity to improve efficiency and reliability, and allow for sub- stitution of Alvarado City water (536 Zone) which is now provided via the County Water Authority (CWA) #19 Paradise Mesa Crosstie. It will replace two 12-inch and 16-inch cast iron distribution mains. The first main is on Imperial and Woodman Street and the second main is on Skyline Drive to Cielo Drive. It will install a dedi- cated Alvarado 536 line from the intersection of Imperial Avenue and Woodman Street to the new upgraded Cielo and Woodman PS.","This project will replace a deteriorating pump station facility and cast iron mains that lead to the station. According to year 2030 demands, the Otay Water Treatment Plant (WTP) will not be able to supply enough suction head to the pump station. Thus, the pump station would need to be supplied from the Alvarado Water Treatment Plant (WTP).",0,500000,821750,1861226,11270174,126397,0
2014,Water - Distribution Sys - Transmission,369,Public Utilities,Colony Hill Water Main Relocation,,,Council District: 1; Community Plan: La Jolla,1504250,1504250,"This project consists of the installation of approximately 1,199 linear feet of 16-inch water mains, 155.03 linear feet of 8-inch water mains, and relocation of several water services and fire hydrants within the following streets: Via Capri, Via Avola, Caminito Rialto, Caminito Avola, and within the existing water easement adjacent to the Colony Hill Home Owners Association Clubhouse.",This project is a result of a settlement agreement between the City of San Diego and the Colony Hill HOA in July 2010. The City of San Diego is responsible to complete the construction within two years from the date of the settlement.,0,0,0,0,0,0,0
2014,Water - Distribution Sys - Transmission,370,Public Utilities,Corrosion Control,2017,2019,Council District: Citywide; Community Plan: Citywide,498943,798943,This annual allocation provides for renovating or replacing deteriorating corrosion control and monitoring systems throughout the City.,Deteriorating corrosion control and monitoring systems are in need of rehabilitation. This annual allocation provides for an ongoing program to rehabilitate over 600 existing corrosion protection sta- tions.,0,0,0,100000,100000,100000,0
2014,Bldg - Water - Reservoirs/Dams,371,Public Utilities,Dams and Reservoirs,2016,2016,Council District: Citywide; Community Plan: Citywide,1405770,3873804,"This annual allocation provides for rehabilitating and reconstructing improvement projects at reservoirs and dams. Projects include resurfacing access roads, reconstructing berms, installing lighting around dams, and sandblasting and shotcreting all exposed surfaces of the dams.","The rehabilitation and reconstruction of access roads and the upgrading of berms, lighting, and all exposed surfaces of the dams are necessary to maintain access to and safety in the dam area. The State required improvements will also serve to satisfy a portion of the Division of Safety of Dams.",0,0,2468034,0,0,0,0
2014,Water - Distribution Sys - Transmission,372,Public Utilities,Del Mar Heights East Segment,2016,2019,Council District: 1; Community Plan: Del Mar Mesa,50000,5213344,"This project provides for the installation of 2,800 feet of 36-inch pipe segments and 3,668 feet of parallel pipeline between Mona Lane and Lopielia Meadows Place for redundancy.",This pipeline was built in 1961 and has experienced leaks. It is in poor condition and has no corrosion protection. The original pipe was a 30-inch Steel Cylinder Rod Wrapped (SCRW) pipeline. This size is too small to meet projected demand increases in the area.,0,0,730282,0,3230946,1202116,0
2014,Water - Distribution Sys - Distribution,373,Public Utilities,Del Mar Heights Pipeline Relocation,2018,2019,Council District: 1; Community Plan: Del Mar Mesa,4350000,7950000,"This project will provide for the relocation and upsizing of an existing 36-inch pipeline in the ultimate right-of-way for Carmel Valley Road. The existing Del Mar Heights Pipeline will no longer follow the alignment of Carmel Valley Road, once Carmel Valley Road is improved to four lanes.","Future maintenance of this facility is enhanced when it is in an accessible and convenient loca- tion such as a public street right-of-way. This project will relocate the pipeline so that it can be easily main- tained, repaired, and serviced in the future.",0,0,0,0,900000,2700000,0
2014,Bldg - Other City Facility / Structures,374,Public Utilities,EAM ERP Implementation,2015,2017,Council District: Citywide; Community Plan: Citywide,6728000,23764162,"This project provides for the establishment of an integrated, real-time SAP ERP Enterprise Asset Management software solution that builds upon the existing Citywide SAP ERP platform. This project will reduce the size of the EAM technological infrastructure while providing full integration in one SAP system. Citywide, multiple legacy maintenance management systems will be replaced with the new SAP-based solu- tion, primarily EMPAC, SWIM, and PSTools within the Public Utilities Department, the Synergy SAP EAM system used within the Transportation and Storm Water Department, Public Works Department, and the Com- munications Division of the Department of Information Technology and the iMaint building maintenance sys- tem used by the Public Works Department, Facilities Division. In addition, approximately 34 percent of all Metro Sewer Utility Fund","A comprehensive maintenance management system is required to appropriately manage the complex asset infrastructure needed to provide water and wastewater services to the San Diego region and to provide sophisticated asset capital planning activities to ensure future needs are met. The SAP ERP Enterprise Asset Management (EAM) Implementation is a strategic project for investment in, and support of, the Citywide SAP ERP System for the City of San Diego which will provide the cornerstone EAM solution, Citywide.",0,5470000,10266162,1300000,0,0,0
2014,Bldg - MWWD - Laboratories,375,Public Utilities,EMTS Boat Dock and Steam Line Relocation,2015,2015,Council District: 2; Community Plan: Peninsula,1732137,2018535,"The Environmental Monitoring and Technical Services (EMTS) Laboratory Boat Dock and Steam Line Project provides for the design and construction of a boat dock located in the channel adjacent to the EMTS laboratory, as well as the installation of an esplanade and undergrounding of approximately 600 feet of an above-ground steam line situated along the frontage of the boat channel. Approximately 34 percent of all Metro Sewer Utility Fund","As part of a Public Benefit Conveyance (PBC) from the federal government, MWWD designed and constructed a 40,000 square foot ocean monitoring laboratory which is now in operation. The design of this project included a boat dock to service the laboratory. Permits obtained as part of the construction required Metro to fund a portion of a future park esplanade located adjacent to the laboratory frontage. To gain future unobstructed access to the boat dock, and to provide unobstructed access to the future esplanade, the existing steam line must be undergrounded. Public Utilities currently leases boat dock space at Driscoll's Wharf and this project would eliminate this ongoing expense.",0,286398,0,0,0,0,0
2014,Wastewater - Collection Sys - Trunk Swr,376,Public Utilities,East Mission Gorge Force Main Rehab,2016,2018,Council District: 7; Community Plan: Navajo,654640,6191835,This project provides for the rehabilitation of the East Mission Gorge force main due to deterio- ration of the pipeline concrete lining from sulfuric acid build-up.,This project provides for the rehabilitation of the force main in order to prevent breakage of the force main and prevent potential sewage spills.,0,0,518062,2856302,2162831,0,0
2014,Bldg - Water - Reservoirs/Dams,377,Public Utilities,El Capitan Reservoir Road Improvements,2016,2018,Council District: Non-city; Community Plan: Non City,426601,2633696,This project provides for repairing and widening the access road to El Capitan Reservoir.,"The existing access road is narrow and has become a safety concern due to rain induced slough- ing. Widening the road will improve accessibility to the reservoir, accommodate recreation activities, and assist maintenance efforts for the reservoir.",0,0,189564,1840809,176722,0,0
2014,Water - Distribution Sys - Distribution,378,Public Utilities,El Monte Pipeline No 2,2015,2015,Council District: 7; Community Plan: Navajo,2248000,2648000,"This project will perform a condition assessment on the existing 63,900 foot long 48-inch to 72- inch diameter pipeline between the Lakeside Pump Station and the Alvarado Water Treatment Plant.",This project is necessary to ensure that future water demands are met in the Alvarado service area.,0,400000,0,0,0,0,0
2014,Water - Distribution Sys - Distribution,379,Public Utilities,Freeway Relocation,2015,2019,Council District: Citywide; Community Plan: Citywide,2782969,4928243,This annual allocation provides funding to relocate water lines in conflict with the State Depart- ment of Transportation highway construction zones.,Waterline relocation is required by the State Department of Transportation's effort to expand the State Highway System. Relocation projects are accomplished in conjunction with highway projects sched- uled by the State Department of Transportation.,0,1745273,100000,100000,100000,100000,0
2014,Bldg - Water - Wells,380,Public Utilities,Groundwater Asset Development Program,2015,2018,Council District: Citywide; Community Plan: Citywide,3864257,9222931,"This annual allocation provides for investigation work related to legal, technical, regulatory, and water quality issues; and for the planning, design, and construction of groundwater facilities to increase the local water supply.","The City imports 90 percent of its water from the Colorado River and the State Water Project. The City has access to nine under-utilized groundwater assets that could be developed to supply new yield, sea- sonal storage, or carryover storage.",0,500000,194265,166136,4498273,0,0
2014,Water - Distribution Sys - Transmission,381,Public Utilities,Harbor Drive Pipelines Replacement,,,Council District: 2; Community Plan: Peninsula,10371398,10371398,This project replaces 4.4 miles of 16-inch cast iron water pipeline from the Harbor Drive Bridge to the Point Loma Reservoir.,These improvements are necessary to prevent water pipe breaks and to ensure a continuous water supply to the Peninsula community planning area.,0,0,0,0,0,0,0
2014,Wastewater - Collection Sys - Trunk Swr,382,Public Utilities,Harbor Drive Trunk Sewer Replacement,,,Council District: 8; Community Plan: Barrio Logan,12398748,12398748,This project provides for upgrading and replacing existing portions of 39-inch Harbor Drive Trunk Sewer with 48-inch pipelines.,"The existing trunk sewer has a portion constructed of techite pipeline, which has been prone to structural failure.",0,0,0,0,0,0,0
2014,Water - Distribution Sys - Transmission,383,Public Utilities,La Jolla Scenic Drive 16inch Main,2015,2017,Council District: 1; Community Plan: La Jolla,724089,9079098,"This project provides for replacement of 6-inch, 8-inch, and 12-inch pipelines with 15,635 lin- ear feet of 16-inch pipe from the Soledad Reservoir that travels south along La Jolla Scenic Drive South; contin- ues onto La Jolla Rancho Road, La Jolla Mesa Drive, Muirlands Drive, and El Camino Del Teatro; rejoins Muirlands Drive and Nautilus Street; and terminates at Fairway Road and the Muirlands Pump Station (PS). It will connect the Muirlands PS to the south Soledad Muirlands (725 Zone) to provide backup supply to the 725 Zone, and to solve fire flow deficiency and maintain peak pressures.","The current distribution grid has insufficient capacity to meet fire flow requirements, and is a bottleneck that leads to two isolated portions of the 725 Zone. If either of the pump/reservoir tandems that feed the zone go out of service, feed from the other tandem could not effectively be moved across the zone.",0,500000,3927505,3927504,0,0,0
2014,Water - Distribution Sys - Transmission,384,Public Utilities,Large Diameter Water Transmission PPL,2015,2019,Council District: Citywide; Community Plan: Citywide,350113,29229403,This annual allocation allows for the replacement of 16-inch and larger diameter water pipelines at various locations throughout the City.,This annual allocation provides for the replacement of large diameter pipelines that are in a deteriorated condition or have reached the end of their service life.,0,4002532,12837980,9024089,2164314,850375,0
2014,Water - Distribution Sys - Transmission,385,Public Utilities,"Lindbergh Field 16"" CI Main Replacement",,,"Council District: 2, 3; Community Plan: Midway - Pacific Highway",3477779,3477779,This project replaces 1.34 miles of pipeline and relocates the 16-inch cast iron transmission main from adjacent to the departure taxiway at Lindbergh Field to the public street which is more accessible for oper- ation and maintenance.,"In case of a pipe failure requiring Water Operations to perform emergency repair, the pipeline must be relocated to a location outside the secured Airport property that is more accessible for operation and maintenance. The 12-inch and 16-inch cast iron pipe was installed in the 1940s.",0,0,0,0,0,0,0
2014,Water - Distribution Sys - Transmission,386,Public Utilities,Little McGonigle Ranch Road Pipeline,,,"Council District: 1; Community Plan: Del Mar Mesa, Pacific Highlands Ranch",757000,757000,"This project provides for the construction of approximately 15,800 linear feet of 30-inch diame- ter water transmission pipeline in Carmel Mountain Road and Little McGonigle Ranch Road within the Del Mar Mesa and Pacific Highlands Ranch communities to provide capacity for both Del Mar Mesa and Pacific Highlands Ranch.",The pipeline is required to provide capacity in the water system to adequately supply the demand resulting from the build-out of the Del Mar Mesa and Pacific Highlands Ranch communities.,0,0,0,0,0,0,0
2014,Bldg - Water - Reservoirs/Dams,387,Public Utilities,Lower Otay Outlet Tower,2015,2018,Council District: Non-city; Community Plan: Non City,50000,5555384,This project provides for the upgrade/replacement of the Lower Otay Outlet Tower.,Seismic analysis concluded that the tower's concrete has an overstress in flexural tension. Both the tower and the tower foundation are in danger of failure.,0,250000,538152,3113668,1603564,0,0
2014,Bldg - Water - Reservoirs/Dams,388,Public Utilities,Lower Otay Reservoir Emer Outlet Improve,2015,2015,Council District: 8; Community Plan: Otay Mesa - Nestor,2000000,2300000,This project provides for the installation of two sluice gates on the auxiliary spillway to improve drawdown capacity.,The State Department of Safety of Dams requires an emergency draw-down capability of 10 percent of reservoir capacity in 10 days. Lower Otay Reservoir (backed up by Savage Dam) requires 56 days for 10 percent drawdown in order to prevent a risk of dam failure.,0,300000,0,0,0,0,0
2014,Bldg - MWWD - Treatment Plants,389,Public Utilities,MBC Biosolids Storage Silos,,,Council District: 6; Community Plan: Non City,9047838,9047838,This project provides for two additional biosolid storage silos (numbers 9 and 10). Approxi- mately 34 percent of all Metro Sewer Utility Fund,"When a silo is out of service, silo storage capacity is frequently exceeded. In order to accom- modate such events and to restore adequate silo capacity, it is essential to build two more storage silos.",0,0,0,0,0,0,0
2014,Bldg - MWWD - Treatment Plants,390,Public Utilities,MBC Dewatering Centrifuges Replacement,2015,2015,Council District: 6; Community Plan: Non City,7528654,11442554,This project provides for the replacement of six of the eight existing dewatering centrifuges with six larger capacity units to better handle biosolids flows during maintenance of the centrifuges and its associ- ated equipment and to handle larger future biosolids flows. The existing units are also near the end of their use- ful life. Approximately 34 percent of all Metro Sewer Utility Fund,"This project will increase the production capacity of the dewatering centrifuges to accommo- date plant shutdowns for maintenance and construction, to accommodate future flows, and to address diverse types of constraining operational factors that limit current capacity. To achieve the required capacity, the exist- ing dewatering centrifuge units must be replaced with larger units.",0,3913900,0,0,0,0,0
2014,Bldg - MWWD - Treatment Plants,391,Public Utilities,MBC Odor Control Facility Upgrades,2015,2015,Council District: 6; Community Plan: Non City,4518493,6200000,This project provides for upgrading the odor control system fans and ducting to reduce system headlosses and improve overall foul air collection efficiency at the various process areas. Access platforms will also be installed at monitoring instruments locations. Approximately 34 percent of all Metro Sewer Utility Fund,"Several areas at the Metro Biosolids Center (MBC) have been identified to cause significant odor problems due to foul air collection deficiencies because of insufficient fan capacity and high headlosses, including poorly located foul air collection registers. Installing access platforms at the monitoring instruments and air volume control dampers will provide safe and timely access for operation and maintenance needs.",0,1681507,0,0,0,0,0
2014,Bldg - Other City Facility / Structures,392,Public Utilities,MOC Complex Solar Project,2015,2015,Council District: 6; Community Plan: Kearny Mesa,0,2675000,"This project includes the design, installation, and interconnection of 550 kilowatts (kw) worth of solar photovoltaics at various locations throughout the MOC Complex in Kearny Mesa.",Project complies with the City's Solar Implementation Plan and will provide solar electricity to offset energy used at the MOC Complex buildings when averaged over the year.,0,2675000,0,0,0,0,0
2014,Bldg - MWWD - Treatment Plants,393,Public Utilities,Metro Facilities Control Systems Upgrade,,,"Council District: 1, 2; Community Plan: University, Peninsula",8270388,8270388,"This project provides for replacement and upgrade of existing control systems at various Metro- politan Wastewater treatment and pump station facilities. These include Metro Biosolids Center (MBC), North City Water Reclamation Plant (NCWRP), and Point Loma Water Treatment Plant (PLWTP). Approximately 34 percent of all Metro Sewer Utility Fund",This project is needed to provide replacement of existing control systems at various facilities. The existing control systems are microprocessor/computer-based. The life cycle of these systems is seven to 10 years. Replacement will also provide an upgrade in technology. The change in technology will provide the facil- ities with greater control system capabilities and are essential for future facility expansion.,0,0,0,0,0,0,0
2014,Bldg - MWWD - Treatment Plants,394,Public Utilities,Metro Treatment Plants,2015,2019,"Council District: 2, 6, 7, 8; Community Plan: Peninsula, University, Tijuana River Valley",16776654,28069117,"This annual allocation provides for replacement or improvements of facilities at Metro Treat- ment Plants: Point Loma Wastewater Treatment Plant (PLWTP), North City Water Reclamation Plant (NCWRP), South Bay Water Reclamation Plant (SBWRP), and Metro Biosolids Center (MBC). Approxi- mately 34 percent of all Metro Sewer Utility Fund",Various facilities require replacement due to increasing wastewater flows and to be compliant with current regulatory requirements. This annual allocation will be considered an enhancement to the facility and does not include operation and maintenance.,0,4000000,4314117,1948347,830000,200000,0
2014,Bldg - MWWD - Pump Stations,395,Public Utilities,Metropolitan System Pump Stations,2015,2019,Council District: Citywide; Community Plan: Citywide,10390123,15631932,"This annual allocation provides for comprehensive upgrades, design modifications, and renova- tions or replacement of equipment such as pumps, valves, tanks, controls, odor control systems, etc. at Metro- politan System Pump Stations 1, 2, Otay River and Grove Avenue. Approximately 34 percent of all Metro Sewer Utility Fund",These improvements will allow pump stations to run more efficiently and increase the reliabil- ity of the Metropolitan Wastewater System.,0,1000000,997827,2340689,703293,200000,0
2014,Wastewater - Collection Sys - Trunk Swr,396,Public Utilities,Metropolitan Waste Water Department Trunk Sewers,2015,2019,Council District: Citywide; Community Plan: Citywide,28702858,66692736,"This annual allocation provides for the replacement of trunk sewers at various locations, includ- ing canyons, within the City limits. Approximately 34 percent of all Metro Sewer Utility Fund","This annual allocation provides for the upgrading of trunk sewers, to improve the level of ser- vice to residents of the City of San Diego and to comply with regulatory agencies by reducing the possibility of sewer spills.",0,2000000,6605636,16884440,11399802,1100000,0
2014,Bldg - Water - Standpipes,397,Public Utilities,Miramar Clearwell Improvements,2015,2019,Council District: 5; Community Plan: Scripps Miramar Ranch,6040000,84419276,This project will construct two new clearwells just west of the Miramar Water Treatment Plant and a lift station after the filters.,This project will replace the existing clearwells at Miramar Water Treatment Plant. The exist- ing clearwells were determined to have significant structural issues. The lift station will improve filter perfor- mance and increase hydraulic grade line to 712 feet.,0,400000,7400000,25478039,27281961,17819276,0
2014,Bldg - Water - Treatment Plants,398,Public Utilities,Miramar Contract A Roof System Redesign,,,Council District: 5; Community Plan: Scripps Miramar Ranch,314000,314000,This project is to replace and/or rehab the leaking roof systems on buildings at the Miramar Water Treatment Plant (WTP) facility.,"The Miramar WTP is a key facility within the City's water system that supplies nearly 50 per- cent of the City of San Diego's treated water demand. Leaks from the failing roof systems could result in a water treatment plant shutdown, potentially leaving customers out of water service.",0,0,0,0,0,0,0
2014,Bldg - Water - Treatment Plants,399,Public Utilities,Miramar WTP Upgrade & Expansion,,,Council District: 5; Community Plan: Scripps Miramar Ranch,120568505,120568505,"This project provides for upgrades to and expansion of the Miramar Water Treatment Plant, including construction of state-of-the-art filters, rapid mix and de-aeration facilities, chlorine and chemical facilities, four flocculation and sedimentation basins, an ozone structure with generation equipment, site paving, landscaping, and an administration building.","The Safe Drinking Water Act, mandated by the Environmental Protection Agency and the Department of Public Health, dictates the need to upgrade the existing treatment plant. Increasing demands on the plant by the rapidly growing North City area also necessitate its expansion.",0,0,0,0,0,0,0
2014,Wastewater - Collection Sys - Trunk Swr,400,Public Utilities,Montezuma Trunk Sewer,2015,2015,"Council District: 7, 9; Community Plan: College Area",6182094,6282094,"This project provides for the replacement of approximately 6,769 feet of the existing 12-inch and 15-inch trunk sewer with 21-inch pipe.",This trunk sewer will be upgraded with a larger pipe to accommodate future flow capacity.,0,100000,0,0,0,0,0
2014,Water - Distribution Sys - Distribution,401,Public Utilities,Montezuma,2015,2017,"Council District: 7, 9; Community Plan: College Area, Eastern Area (Mid-City), Navajo",2518200,17200000,"This project will construct a new 66-inch pipeline from the Alvarado Water Treatment Plant Clearwells to the existing 48-inch Mid-City Pipeline, which crosses Highway 8. Approximate pipeline length is 6,505 linear feet.","This project will give complete redundancy to the Trojan Pipeline and will add transmission capacity to all of San Diego, south of Highway 8. The project will provide a back-up supply for the aging 54- inch Trojan Pipeline that currently supplies the Mid-City Pipeline west of the 63rd Street inter-tie, a second sup- ply line to the largest region of the Alvarado Water Treatment Plant service area, and a back-up service that will allow the Trojan Pipeline to be removed from service for inspection. In addition, the project provides connec- tions for a new 69th and Mohawk Pump Station to become the lead supply to the Redwood Village (645 Zone).",0,2000000,2481800,10200000,0,0,0
2014,Bldg - Water - Reservoirs/Dams,402,Public Utilities,Morena Reservoir Outlet Tower Upgrade,2016,2016,Council District: Non-city; Community Plan: Non City,5680000,8180000,"This project upgrades the outlet tower to meet seismic requirements, replaces the electrical sys- tem and outlet tower piping, interior and exterior valves, and platforms. It will add a 100-foot long, 6-foot wide pedestrian bridge from the dam to the outlet tower and two sluice gates at the emergency spillway.","The aging outlet tower components are in need of replacement for safety and ease of operation. Furthermore, the electrical system needs to be upgraded to meet current standards, provide better control, and provide safety and better accessibility.",0,0,2500000,0,0,0,0
2014,Bldg - MWWD - Treatment Plants,403,Public Utilities,Municipal Fac Control Systems Upgrade,,,"Council District: 1, 5; Community Plan: Torrey Pines, Miramar Ranch North",0,0,This project provides for replacement and upgrade of existing control systems at Pump Station 64 and Penasquitos Pump Station.,This project is needed to provide replacement of existing control systems at various facilities. The existing control systems are microprocessor/computer-based. The lifecycle of these systems is seven to 10 years. Replacement will also provide an upgrade in technology. The change in technology will provide the facil- ities with greater control system capabilities and are essential for future facility expansion.,0,0,0,0,0,0,0
2014,Bldg - MWWD - Pump Stations,404,Public Utilities,NCWRP Sludge Pump Station Upgrade,2015,2015,Council District: 1; Community Plan: University,857096,957096,This project provides for the correction of a vibration problem at the North City Water Reclama- tion Plant (NCWRP) Sludge Pump Station. The project involves the replacement of the existing sludge pump with a smaller more efficient pump. It also includes the addition of 14 combination air release valves. Approx- imately 34 percent of all Metro Sewer Utility Fund,"Excessive vibration of the pump and flywheel contribute to wear and tear of equipment. The vibration also generates tremendous heat. The excessive vibration and heat can cause premature failure of equipment, impact operational efficiency, and have structural impacts at the facility.",0,100000,0,0,0,0,0
2014,Reclaimed Water System - Pipelines,405,Public Utilities,North City Reclamation System,,,Council District: Citywide; Community Plan: Citywide,4059544,4059544,"This annual allocation provides recycled water to the Northern Service Area extending from Black Mountain Road west, along the I-56 corridor, to Carmel Valley. Portions of the recycled water pipeline expansion have been completed and are bringing service to the Olivenhain Municipal Water District and the communities of Black Mountain Ranch and Santa Luz. Recycled water pipelines are planned in Carmel Valley, Pacific Highlands, Los Penasquitos Canyon, and Camino Del Sur. Projects under this annual allocation are eli- gible for reimbursement by State Proposition 50 (Integrated Regional Water Management Plan) and Bureau of Reclamation Title 16 Grant funds.",Segments of recycled water pipelines have been constructed by private developers or Caltrans. The City needs to construct the remaining portions to complete the system and start delivering recycled water. The City also needs to expand the distribution system to customers already retrofitted to use recycled water.,0,0,0,0,0,0,0
2014,Water - Distribution Sys - Transmission,406,Public Utilities,Otay 1st/2nd PPL Abandon E of Highland,2015,2015,"Council District: 4, 9; Community Plan: Mid-City: City Heights, Mid-City: Eastern Area",1963250,7221721,"This project will abandon approximately 13,630 feet of aged 30-inch and 36-inch pipes, identi- fied as Otay 1st and 2nd water transmission pipelines. These pipelines sections will be abandoned from High- land Avenue and Wightman Street east to 54th Street. This project will also install approximately 8,120 feet of new 16-inch distribution mains from a 12-inch line at University Avenue and Winona Avenue to 54th Street and Chollas Station Road.","This project will abandon approximately 13,630 feet of existing Cast Iron Cement Lined, Rein- forced Concrete Steel Cylinder and Cement Mortar Lined Coated Steel pipes in accordance with California Department of Public Health's compliance order 04-14-96CO-022. These pipelines, constructed as early as 1915, have reached the end of their lifecycle and have become a liability to the City. In order to provide system redundancy and maintain distribution needs, approximately 8,120 feet of new 16-inch distribution mains will be installed.",0,5258471,0,0,0,0,0
2014,Water - Distribution Sys - Transmission,407,Public Utilities,Otay 1st/2nd PPL West of Highland Avenue,2015,2019,"Council District: 3, 9; Community Plan: Greater North Park, Mid-City: City Heights",488051,25935000,"This project provides for replacement of the Otay 1st and 2nd Pipeline (west of Highland Ave- nue, along the existing Otay 2nd alignment). It will replace 14,572 linear feet of existing cast iron Otay 2nd Pipeline with a new 42-inch Wightman Street Pipeline, primarily along existing Otay 2nd alignment from High- land Avenue and Polk Avenue to the University Heights Reservoir at Howard Avenue and Idaho Street. The reach on Highland Avenue includes replacement of 1,328 linear feet of the existing cast iron Otay 1st Pipeline. It will also replace 3,242 linear feet of the cast iron Otay 1st Pipeline from Boundary and Polk to the University Heights Reservoir with a 16-inch distribution line.","This project will develop a replacement and/or abandonment plan to remove the existing cast iron segments of pipeline west of Highland Avenue. Cast iron reaches of the Otay 1st and 2nd Pipelines are nei- ther safe nor reliable facilities, and may contribute to poor water quality.",0,925000,1300000,1501949,8710000,13010000,0
2014,Water - Distribution Sys - Transmission,408,Public Utilities,Otay Second Pipeline Improvements,,,"Council District: 4, 9; Community Plan: Skyline - Paradise Hills, Southeastern San Diego",2935773,2935773,This project provides funding to evaluate the condition of existing water pipelines and to make appropriate upgrades and replacements to the pipeline.,"This pipeline was originally installed in 1928 and has exceeded its useful life expectancy of 60 years. Breaks in the pipeline have revealed severe pipe corrosion in certain locations, requiring upgrades and replacement.",0,0,0,0,0,0,0
2014,Bldg - Water - Treatment Plants,409,Public Utilities,Otay WTP Upgrade & Expansion,2015,2015,Council District: Non-city; Community Plan: Non City,28789552,28839552,"This project provides for upgrading the treatment processes at the Otay Water Treatment Plant (Phases 1 and 2) to comply with the Safe Drinking Water Act standards. The Safe Drinking Water Act is a fed- eral act, enforced by the State of California.",New standards required by the Safe Drinking Water Act dictate the need to upgrade the existing water treatment plant standards.,0,50000,0,0,0,0,0
2014,Bldg - MWWD - Pump Stations,410,Public Utilities,PS 84 Upgrade & PS 62 Abandon,2015,2015,"Council District: 1, 5; Community Plan: Rancho Bernardo, Rancho Penasquitos",9320400,10320400,This project provides for the elimination of Sewer Pump Station 62 through the installation of various pipelines and the upsizing of the existing Sewer Pump Station 84.,This project is needed to optimize the sewage system and to eliminate Sewer Pump Station 62.,0,1000000,0,0,0,0,0
2014,Bldg - MWWD - Pump Stations,411,Public Utilities,PS Upgrades Group 1 North County,,,Council District: Citywide; Community Plan: Citywide,16116826,16116827,"This project provides for the upgrade of 23 pump stations, divided into four groups, located throughout San Diego. The upgrades involve providing new and backup pumps and motors, new control pan- els, new generators, redundant force mains, underground storage tanks, and miscellaneous civil work.","This project will provide for the upgrading of deteriorated pump stations, improvement of the level of service to the residents of San Diego, and compliance with regulatory agencies by reducing the impact of sewer spills.",0,0,0,0,0,0,0
2014,Bldg - MWWD - Pump Stations,412,Public Utilities,PS2 Power Reliability & Surge Protection,2015,2017,Council District: 2; Community Plan: Midway - Pacific Highway,3230000,31200000,This project will improve the reliability of the Pump Station 2. It will also provide the required surge protection and backup power against an electrical outage in compliance with the Environmental Protec- tion Agency (EPA) recommendation of standby power for essential facilities. Approximately 34 percent of all Metro Sewer Utility Fund,"Sewer Pump Station 2 currently has three feeds from San Diego Gas and Electric (SDG&E). Two of the feeds are fed from the same substation. Neither of the two SDG&E substations provide 100% power to Pump Station 2. EPA guidelines recommend that facilities like Pump Station 2 be equipped with two separate and independent sources of electrical power provided from either two separate utility substations or from a single substation and a plant base generator. The current pump station electrical configuration does not comply with the EPA recommendations. Besides satisfying the EPA guidelines, it is also required that force main surge protection be provided at all times during pump station operation and in the event of a total power failure.",0,3000000,12970000,12000000,0,0,0
2014,Water - Distribution Sys - Transmission,413,Public Utilities,Pacific Beach Pipeline South (W),2016,2017,"Council District: 2, 6; Community Plan: Pacific Beach, Midway - Pacific Highway, Mission Bay Park",2650000,20718000,"Replacement of approximately 7.33 miles of existing transmission and distribution mains known as Pacific Beach Pipeline along Ingraham Street, West Mission Bay Drive, Sports Arena Boulevard, Midway Drive, Enterprise Street, Pacific Highway, Kurtz Street, Hancock Street, California Street, West Walnut Ave- nue, Vine Street, and Kettner Boulevard from the Buena Vista Street and Ingraham Street intersection through the Upas and Kettner Boulevard intersection. The project also includes demolition of the existing Pacific Beach Reservoir, abandonment of existing 16-inch pipeline from this reservoir through Tourmaline Street and Foothill Boulevard, and replacement of adjacent water mains along West Mission Bay Drive from Mission Boulevard through Ingraham Street, along Hancock Street from Estudillo Street through Noell Street, along West Wash- ington Street from Hancock Street through Pacific Highway, and along Anna Avenue from Pacific Highway to Lovelock Street.","This project is needed to replace cast iron pipe, provide supply reliability to Pacific Beach, improve water quality, reduce energy waste at the Miramar County Water Authority Pumpback facility, reduce peaking problems in the Miramar Water Treatment Plant service area, and to provide supply flexibility (Alvar- ado vs. Miramar).",0,0,7900000,10168000,0,0,0
2014,Wastewater - Collection Sys - Main,414,Public Utilities,Pipeline Rehabilitation,2015,2019,Council District: Citywide; Community Plan: Citywide,75316643,177816643,This annual allocation provides for the rehabilitation and repair of deteriorated sewers and man- holes at various locations within the municipal wastewater system.,"This annual allocation provides for the extension of the useful life of sewers and manholes, improvements in the level of service to the residents of San Diego, and compliance with regulatory agencies' standards by reducing the possibility of sewer spills.",0,22500000,20000000,20000000,20000000,20000000,0
2014,Bldg - MWWD - Treatment Plants,415,Public Utilities,Point Loma Grit Processing Improvements,2015,2015,Council District: 2; Community Plan: Peninsula,34614085,34926129,This project provides for upgrading the existing grit removal process at the Point Loma Waste- water Treatment Plant which includes new grit agitation blowers enclosed in a sound dampening facility and the associated air piping. Approximately 34 percent of all Metro Sewer Utility Fund,The Point Loma Wastewater Treatment Plant has six aerated grit removal tanks. The plant is not achieving desirable grit removal because the existing grit processing equipment is unable to extract fine sand or silt. The grit accumulated downstream of the grit tanks reduces the efficiency of processing equipment and minimizes the biosolid treatment in the digesters.,0,312044,0,0,0,0,0
2014,Water - Distribution Sys - Transmission,416,Public Utilities,Pressure Reduction Facility Upgrades,,,Council District: Citywide; Community Plan: Citywide,100000,100000,This annual allocation provides for replacing existing pressure reducing stations or expanding pressure capacities to meet present and future water demands.,Increasing demands for water throughout the City requires pressure reducing stations to better control water pressure throughout the City's system. This annual allocation will continue to fund the replace- ment and expansion of pressure reduction facilities.,0,0,0,0,0,0,0
2014,Bldg - MWWD - Pump Stations,417,Public Utilities,"Pump Station 64,65, Penasquitos, E Mission Gorge",2015,2015,Council District: Citywide; Community Plan: Citywide,4064099,7064099,"This annual allocation provides for the comprehensive upgrades, design modifications, and ren- ovations or replacement of equipment, such as pumps, valves, tanks, controls, and odor control systems at the pump stations.",These improvements will allow the pump stations to run efficiently and increase the reliability of the Municipal Wastewater System.,0,3000000,0,0,0,0,0
2014,Bldg - MWWD - Pump Stations,418,Public Utilities,Pump Station Restorations,2015,2019,Council District: Citywide; Community Plan: Citywide,6553202,22176673,This annual allocation provides for the replacement of deteriorated municipal pumping equip- ment and/or pipeline appurtenances.,"Many existing sewer pump stations have reached or exceeded their anticipated service life. However, because of the widely varying actual lengths of service life, the scheduling of pump station restora- tions is difficult. This project allows flexibility in replacing deteriorated pumping equipment.",0,1750000,1386139,4531573,6891824,1063935,0
2014,Reclaimed Water System - Pipelines,419,Public Utilities,Reclaimed Water Extension,,,Council District: Citywide; Community Plan: Citywide,209125,209125,This annual allocation provides for pipeline extensions of the City's Recycled Water Distribu- tion System to serve potential customers adjacent or in close proximity to the existing system.,This project provides recycled water to customers served by the pipeline extensions.,0,0,0,0,0,0,0
2014,Reclaimed Water System - Pipelines,420,Public Utilities,Reclaimed Water Retrofit,,,Council District: Citywide; Community Plan: Citywide,250002,250002,This annual allocation provides for supplying city facilities with the proper connections and metering for the new reclaimed water distribution system.,The City of San Diego has embarked on an aggressive water reclamation program to provide reclaimed water to large users of potable water for irrigation purposes. This will allow the City to increase its available potable water to serve new potential customers.,0,0,0,0,0,0,0
2014,Reclaimed Water System - Pipelines,421,Public Utilities,Recycled Water System Upgrades,,,"Council District: 1, 5, 6; Community Plan: University, Black Mountain Ranch, Mira Mesa, Scripps Miramar Ranch",2350000,2350000,"This project is needed to ensure that spills from the recycled water system flow into the sewer rather than the storm water system. This project would include 15 Pressure Reducing Station vaults to be retro- fitted to divert the drainage inside the vault from the storm drain to the sewer system, as required by the Regional Water Quality Control Board.",This project is needed to comply with the latest regulatory requirements of the Regional Water Quality Control Board that recycled water be drained to the sewer system rather than the storm drain system when emergency spills or main breaks occur inside the vaults.,0,0,0,0,0,0,0
2014,Reclaimed Water System - Pipelines,422,Public Utilities,Recycled Water Systems Upgrades,,,Council District: Citywide; Community Plan: Citywide,337422,337422,This annual allocation provides for the upgrade and replacement of recycled water system com- ponents as necessary.,Replacement and upgrades are necessary for the ongoing operation of the recycled water sys- tem.,0,0,0,0,0,0,0
2014,Reclaimed Water System - Reservoirs,423,Public Utilities,Recycled Water Tank Modifications,2015,2015,"Council District: 1, 5, 8; Community Plan: Scripps Miramar Ranch, Rancho Penasquitos, Tijuana River Valley",791984,991984,"This project provides three recycled water tank drain modifications to comply with new regula- tory requirements. The tanks being modified are three nine-million gallon tanks (Miramar Recycled Water Tank, Black Mountain Ranch Tank, and South Bay Reclamation Tank).",This project is needed in order to comply with the latest regulatory requirements of the Regional Water Quality Control Board that recycled water be drained to the sewer system rather than the storm drain system.,0,200000,0,0,0,0,0
2014,Bldg - MWWD - Treatment Plants,424,Public Utilities,SBWR Plant Demineralization,2015,2015,Council District: 8; Community Plan: Tijuana River Valley,3279133,5973695,This project provides demineralization of reclaimed water using the Electrodialysis Reversal (EDR) process. The project will relocate two trailer mounted EDR units from the North City Water Reclama- tion Plant to the South Bay Water Reclamation Plant to reduce the Total Dissolved Solids (TDS) in the reclaimed water. Approximately 34 percent of all Metro Sewer Utility Fund,The majority of reclaimed water is used for irrigation. Demineralization will reduce the level of total dissolved solids in the reclaimed water.,0,2694562,0,0,0,0,0
2014,Bldg - Water - Pump Stations,425,Public Utilities,Scripps Ranch Pump Station,,,"Council District: 5; Community Plan: Scripps Miramar Ranch, Miramar Ranch North",13079000,13079000,This project provides for the construction of a new pump station with a total pump station capac- ity of 17.2 million gallons per day. This pump station will replace the Scripps Miramar pump as the lead pump to the 1020 zone (Scripps Ranch Pump Station).,The existing pump station is past its useful lifespan and has become inefficient and unreliable and lacks adequate fire flow capacity.,0,0,0,0,0,0,0
2014,Water - Distribution Sys - Distribution,426,Public Utilities,Seismic Upgrades,2015,2018,Council District: Citywide; Community Plan: Citywide,0,7533944,This annual allocation provides for seismic retrofits and upgrades to existing facilities to protect the water system in case of an earthquake.,Many existing facilities throughout the City have serious structural and seismic deficiencies. This annual allocation provides funding to upgrade these facilities to meet current compliance requirements and guidelines. This project allows City crews the ability to rapidly restore water services to affected areas after a large earthquake.,0,400000,420748,828851,5884345,0,0
2014,Bldg - MWWD - Treatment Plants,427,Public Utilities,Sewer CIP Emergency Reserve,,,Council District: Citywide; Community Plan: Citywide,5000000,5000000,This project acts as an emergency financial reserve for Wastewater Fund capital improvement projects.,This reserve is required to comply with the stipulation from Bond Counsel.,0,0,0,0,0,0,0
2014,Wastewater - Collection Sys - Main,428,Public Utilities,Sewer Main Replacements,2015,2019,Council District: Citywide; Community Plan: Citywide,143098570,369466364,This annual allocation provides for the replacement of deteriorated and undersized sewer mains at various locations within the Municipal Wastewater System.,This annual allocation provides for the replacement of sewer mains that are in a deteriorated condition or are undersized.,0,55367797,50999997,40000000,40000000,40000000,0
2014,Bldg - MWWD - Treatment Plants,429,Public Utilities,South Metro Sewer Rehabilitation Ph 3B,2017,2018,Council District: 2; Community Plan: Peninsula,157506,9214957,"This project will rehabilitate the remaining 5,000 feet of the 108-inch pipeline from Winship Lane to Pump Station 2. Approximately 34 percent of all Metro Sewer Utility Fund",Sections of the South Metro Interceptor have deteriorated significantly due to the corrosive effects of sewer gases over 40 years.,0,0,0,4200000,4857451,0,0
2014,Wastewater - Collection Sys - Trunk Swr,430,Public Utilities,South Mission Valley Trunk Sewer,,,"Council District: 3, 7; Community Plan: Mission Valley, Old San Diego",15801937,15801938,"This project includes the installation of approximately 3,000 feet of new 36-inch trunk sewer along Interstate 8 between Taylor Street and Hotel Circle Place, and approximately 600 feet of new 24-inch trunk sewer at the Interstate 5/Interstate 8 interchange.",This project will increase the flow capacity of the South Mission Valley Trunk Sewer.,0,0,0,0,0,0,0
2014,Bldg - Water - Standpipes,431,Public Utilities,Standpipe and Reservoir Rehabilitations,2015,2018,Council District: Citywide; Community Plan: Citywide,10061613,24753746,This annual allocation provides for reconstructing standpipes and reservoirs to improve opera- tions and extend their service life.,Many existing standpipes and reservoirs in the water system have deteriorated to a point where they must be reconstructed or replaced to meet the current Occupational Safety and Health Act and Environ- mental Protection Agency safety and water quality standards.,0,6637485,6737485,244518,1072645,0,0
2014,Bldg - Water - Pump Stations,432,Public Utilities,Tierrasanta (Via Dominique) Pump Station,2015,2016,Council District: 7; Community Plan: Tierrasanta,2014736,11208000,"This project provides for a new station with a total pump station capacity of 13.9 million gallons per day (MGD), and 2,900 feet of 16-inch transmission mains. It will replace the existing temporary Tierrasanta Pump Station and Via Dominique Pump Station, and will serve the Tierrasanta Norte 900 Zone and the Tierras- anta 752 Zone.",The existing pump stations are past their useful life and are heavily deteriorated and inefficient.,0,2193264,7000000,0,0,0,0
2014,Water - Distribution Sys - Distribution,433,Public Utilities,University Ave Pipeline Replacement,2015,2017,"Council District: 3; Community Plan: Uptown, Greater North Park",5390197,18700000,"This project replaces 23,072 linear feet of the existing cast iron University Avenue Pipeline with a new 16-inch distribution line along the entire alignment of the pipeline. This project will connect crossing dis- tribution lines at all intersections, and re-connect all services, including lining or sleeving of freeway crossings, where necessary.",Cast iron reaches of the University Avenue Pipeline are neither safe nor reliable facilities and may contribute to poor water quality. An active approach is recommended because of high risks and conse- quences of pipe failure. The University Avenue Pipeline was built in 1912 and lined with concrete in 1974. The replacement of cast-iron pipes is mandated by the California Department of Public Health's (CDPH) Compli- ance Order.,0,2500000,7500000,3309803,0,0,0
2014,Wastewater - Collection Sys - Main,434,Public Utilities,Unscheduled Projects,2015,2015,Council District: Citywide; Community Plan: Citywide,5433215,10433215,This annual allocation provides for repair and replacement of municipal sewers in need of emer- gency repairs.,This annual allocation provides for emergency repairs and replacement of sewer pipeline to avoid failures of the Municipal Sewer System.,0,5000000,0,0,0,0,0
2014,Water - Distribution Sys - Distribution,435,Public Utilities,Upas St Pipeline Replacement,2015,2017,"Council District: 2, 3; Community Plan: Uptown, Greater North Park, Midway - Pacific Highway",8096326,20196326,"This project replaces 21,000 linear feet of existing cast iron Upas Street Pipeline with a new 16- inch and 30-inch line from 30th and Upas to Upas and Front Street. It will abandon 2,546 linear feet of existing cast iron Upas Street Pipeline from Upas and Front to West Upas and Ibis Street and replace 250 linear feet of cast iron Upas Street Pipeline with a new 8-inch line from West Upas and Ibis to West Upas and Jackdaw Street. It will also abandon 1,902 linear feet of Upas Street Pipeline from West Upas and Jackdaw to the west side of California Street and replace 249 linear feet of cast iron Upas Street Pipeline with new 16-inch lines from the Pacific Beach Pipeline west of California Street to the 12-inch connection west of Pacific Highway.","This project is needed because the cast iron reaches of the Upas Street Pipeline, and associated Pressure Regulating Stations, are neither safe nor reliable facilities, and may contribute to poor water quality. An active approach is recommended because of high risks and consequences of pipe failure. The Upas Street Pipeline was built in 1940. The replacement of cast iron pipes is mandated by the California Department of Public Health's (CDPH) Compliance Order.",0,5000000,5600000,1500000,0,0,0
2014,Water - Distribution Sys - Distribution,436,Public Utilities,Water & Sewer Group Job 816 (W),2015,2017,Council District: 2; Community Plan: Pacific Beach,1150000,10755363,"This project is in the Pacific Beach Community and provides for the replacement and expansion of 30,879 linear feet of various pipe materials and sizes consisting of three, 184 linear feet of asbestos concrete (AC) 6-inch, 8-inch, 10-inch and 16-inch pipes, 27,514 linear feet of cast iron (CI) 8-inch, 10-inch and 16-inch pipes; and 181 linear feet of polyvinyl chloride (PVC) 12-inch pipe.",The majority of Pacific Beach Community pipelines are made of cast iron and are due for replacement in accordance with California Department of Public Health's (CDPH) Compliance Order 04-14- 96CO-022. This project is intended to reduce maintenance and improve service.,0,2000000,6455363,1150000,0,0,0
2014,Water - Distribution Sys - Transmission,437,Public Utilities,Water CIP Emergency Reserve,,,Council District: Citywide; Community Plan: Citywide,5000000,5000000,This project provides for an emergency financial reserve for Water Fund capital improvement projects.,This reserve is required to comply with the stipulation in the Bond Counsel.,0,0,0,0,0,0,0
2014,Bldg - Operations Facility / Structures,438,Public Utilities,Water Department Security Upgrades,,,Council District: Citywide; Community Plan: Citywide,15243959,15243959,This project provides for the design and installation of miscellaneous security systems at various facilities.,"This project provides for the deterrence, detection, and apprehension of unauthorized person- nel, in order to maintain a safe and secure water system.",0,0,0,0,0,0,0
2014,Water - Distribution Sys - Distribution,439,Public Utilities,Water Group 787,,,"Council District: 9; Community Plan: Mid-City: City Heights, Mid-City: Kensington — Talmadge, Mid-City: Eastern Area",7986125,7986125,"This project provides for the removal and replacement of 26,732 linear feet (5.3 miles) of 6-inch, 8-inch, 12-inch and 16-inch of cast iron mains (CI) and 1029 linear feet of asbestos concrete (AC) pipes in the 6-inch and 8-inch diameter range in the Mid-City areas of City Heights, Kensington-Talmadge and the Eastern Area communities. All of these mains are being replaced with polyvinyl chloride (PVC) pipelines.",Water mains require replacement due to their deteriorated condition or size limitation. The existing cast iron system is either approaching or has exceeded its expected life. The replacement of cast iron pipes is mandated by the California Department of Public Health's (CDPH) Compliance Order.,0,0,0,0,0,0,0
2014,Water - Distribution Sys - Distribution,440,Public Utilities,Water Group Job 915 (3012),,,Council District: 2; Community Plan: Pacific Beach,16005121,16005121,"This project is in the Pacific Beach Community and consists of replacement of 42,020 linear feet (7.96 miles) of 8-inch and 12-inch water mains and all other work and appurtenances. It also includes installa- tion of curb ramps and street resurfacing.",Water mains require replacement due to their deteriorated condition or size limitation. The existing cast-iron system is either approaching or has exceeded its expected life. The replacement of cast iron pipes is mandated by the California Department of Public Health's (CDPH) Compliance Order.,0,0,0,0,0,0,0
2014,Water - Distribution Sys - Distribution,441,Public Utilities,Water Main Replacements,2015,2019,Council District: Citywide; Community Plan: Citywide,158111910,519284665,This annual allocation allows for the replacement of water mains at various locations throughout the City.,Water mains require replacement due to their deteriorated condition or size limitation. The existing pipeline is either approaching or has exceeded its expected life. The replacement of cast iron pipes is mandated by the California Department of Public Health's (CDPH) Compliance Order.,0,41172755,80000000,80000000,80000000,80000000,0
2014,Bldg - Water - Pump Stations,442,Public Utilities,Water Pump Station Restoration,2015,2019,Council District: Citywide; Community Plan: Citywide,6335569,32452319,This annual allocation provides for replacing deteriorated pumping equipment and appurte- nances or expanding pumping capacities to meet present and future water demands.,"Many existing water pump stations have reached or exceeded their anticipated service life or demands have exceeded their maximum pumping capacity. However, because of the widely varying actual lengths of service life, scheduling for pump station restoration is difficult.",0,4660427,7876382,12401068,1078873,100000,0
2014,Bldg - Water - Treatment Plants,443,Public Utilities,Water Treatment Plants,2015,2019,"Council District: 5, 7; Community Plan: Scripps Miramar Ranch, Navajo, Non-City",800000,3254000,"This annual allocation provides for upgrades and replacement of the treatment facilities at Alva- rado, Miramar, and Otay water treatment plants.",These improvements are necessary to ensure a reliable water supply to the customers and for compliance with the Safe Drinking Water Act.,0,2054000,100000,100000,100000,100000,0
2014,Bldg - MWWD - Administration Struct,444,Public Utilities,Wet Weather Storage Facility,2016,2017,"Council District: 1, 2, 6; Community Plan: University, Clairemont Mesa, Mission Bay Park, Peninsula",2991626,7272127,This project includes the implementation of the Emergency Live Stream Discharge of reclaimed water from the North City Reclamation Plant during heavy rain events to reduce the capacity demand on the downstream sewer system and facilities. Approximately 34 percent of all Metro Sewer Utility Fund expendi- tures related to this project are funded by Participating Agencies.,"The facility will reduce the risk of potential wet weather overflows, which may be caused by the capacity limitation of Pump Station 2 during extreme rainfall events.",0,0,2780501,1500000,0,0,0
2014,Bldg - Other City Facility / Structures,452,Public Works - General Services,Americans with Disabilities Improvements,,,Council District: Citywide; Community Plan: Citywide,0,0,"This annual allocation provides for improvements to existing City facilities and public right-of- way improvements as required by the Americans with Disabilities Act (ADA), the California Building Code (CBC), and other access codes.","The City is required by law to ensure that every facility, program, or service operated or funded by the City is fully accessible to, and usable by, people with disabilities in accordance with the ADA as well as other federal, State, and local access codes and disability rights laws. This annual allocation supports the ongo- ing compliance effort to improve accessibility throughout the City.",0,0,0,0,0,0,0
2014,Bldg - Other City Facility / Structures,454,Public Works - General Services,CAB Fire Sprinkler Retrofit Project,,,Council District: 3; Community Plan: Centre City,4473000,4473000,"This project provides for the installation of a fire sprinkler system and upgrading the existing fire alarm system at the City Administration Building located at 202 C Street in Centre City. Phase I provided for the installation of fire sprinklers on the 10th, 14th, and 15th floors. Phase II provided for the installation of eight-inch stand pipes and eight-inch basement lateral pipes. Phase III provided for the installation of sprinklers in the basement and on the 11th and 13th floors and a fire alarm system in the basement and on the 10th, 11th, and 13th floors. Included in Phase III was abatement of amosite ceiling tile on the 11th floor. Phase IV will pro- vide for the installation of sprinklers and alarm system for the 1st through the 9th, and 12th floors and installa- tion of a new generator.",The project will provide much needed improvements necessary to ensure the safety of the building occupants.,0,0,0,0,0,0,0
2014,Bldg - Other City Facility / Structures,455,Public Works - General Services,City Facilities Improvements,2015,2017,Council District: Citywide; Community Plan: Citywide,24276526,163207846,"This annual allocation provides for capital improvements at City facilities. Potential improve- ments include roof, heating, ventilation, air-conditioning, elevator replacements and adjacent parking lots.",Several City-owned facilities are in need of repair. High-priority repairs will be completed with this project. Funding for this annual allocation will ensure the facilities remain safe and operable.,92922981,10808339,17600000,17600000,0,0,0
2014,Bldg - Other City Facility / Structures,456,Public Works - General Services,Fleet Services Elect & Fac Improvements,,,"Council District: 1, 2; Community Plan: Clairemont Mesa, University",713000,713000,"This project will provide improvements at Fleet Services maintenance yards located at Miramar Place and Rose Canyon. At Miramar Place, improvements include installation of twenty 20-amp circuits along the southeast curb line. The complete parking lot at the east end of the facility is to be restriped. A mezzanine floor, approximately 1,000 square feet, is to be added to current parts storage facility. At the Rose Canyon loca- tion, electrical upgrade includes installation of five 20-amp circuits to the outside of the north wall of the auto shop building. The area to the north of the shop is to be fenced in with a 16 foot sliding gate. It will also upgrade the yard ingress/egress gate from manual to automated with a security access.",This project is necessary to properly implement Fleet's Most Efficient Government Office (MEGO) requirements due to the closing of the heavy Fire repair facility at 3870 Kearny Villa Rd. and the movement of heavy Fire apparatus repair to the Rose Canyon and Miramar Place Facilities. Heavy fire appara- tus require the ability to plug in to shore power in the areas where they are parked to maintain the charge on the vehicle battery systems due to all of the electronic equipment on them. The Rose Canyon and Miramar Place facilities do not currently have the infrastructure to accommodate maintaining the charging systems in the park- ing lot areas.,0,0,0,0,0,0,0
2014,Bldg - Other City Facility / Structures,457,Public Works - General Services,Roof Replacement,,,Council District: Citywide; Community Plan: Citywide,138983,138983,"This annual allocation provides needed roof replacements at various City facilities. This project has funded various roof replacements including the Museum of Art, Museum of Man, Old Globe Theater, and Bud Kearns Pool.","This annual provides roof replacements for various city facilities that are beyond their life- cycle and are in need of total roof replacements. Leaky roofs damage other building infrastructure and building systems (electrical, interiors, carpets, etc.) increasing repair or replacement costs. Sustainable maintained roofs preserve the life-cycle expectancy of a building.",0,0,0,0,0,0,0
2014,Bldg - Stadium Facilities,466,QUALCOMM Stadium,QUALCOMM Stadium,2015,2020,Council District: 6; Community Plan: Mission Valley,1896689,6396689,"This annual allocation provides for needed improvements at QUALCOMM Stadium, including the emergency back-up lighting system, training center HVAC and roof replacement, parking lot, and stadium seating areas.","QUALCOMM Stadium enriches the quality of life through a variety of hosted events, and serves as a visitor attraction that strengthens the local economy. As the stadium ages, regular upgrades and ren- ovations are required for various components of the facility.",0,750000,750000,750000,750000,750000,750000
2014,Bldg - Other City Facility / Structures,474,Special Promotional Programs,Convention Center Phase III Expansion,2015,2019,Council District: 2; Community Plan: Centre City,3232728,517282728,"This project provides for the expansion of the existing San Diego Convention Center. The expansion will increase the existing leasable space by approximately 225,000 square feet of exhibit hall, 101,000 squre feet of meeting rooms, and 80,000 square feet of ballrooms for an approximate total of 405,000 square feet.","The existing facility cannot accommodate some of the larger major events, which leads to the loss of events to other venues. The expansion is expected to increase the attendance and numbers of events held at the facility and provide significant economic benefits to the region such as tax revenues and permanent jobs.",0,32450000,29600000,431600000,6600000,13800000,0
2014,Trans - Signals - Calming/Speed Abatemt,486,Transportation & Storm Water,25th Street Renaissance Project,,,Council District: 3; Community Plan: Greater Golden Hill,2994000,2994000,"This project provides for the construction of pedestrian amenities, traffic calming, streetscape improvements, and parking along 25th Street from Highway 94 to Balboa Park. The focus of the improvements is between E Street and B Street.",This project will provide traffic calming and improve pedestrian safety.,0,0,0,0,0,0,0
2014,Trans - Ped Fac - Sidewalks,487,Transportation & Storm Water,34th & 35th @ Madison Ave Improvements,,,Council District: 3; Community Plan: Normal Heights (Mid-City),1430854,1430854,"This project provides for the reconstruction of the curb, gutter, and sidewalk on 34th and 35th Streets from Adams Avenue to Madison Avenue, and on Madison Avenue from Felton Street to 35th Street.",This project is required in order to mitigate drainage problems and reduce flooding.,0,0,0,0,0,0,0
2014,Drainage - Storm Drain Pipes,488,Transportation & Storm Water,34th Street Storm Drain,,,Council District: 3; Community Plan: Golden Hill,380000,380000,This project provides for improved flood control by upgrading the existing pipe and outfall along 34th Street.,This project will alleviate frequent flooding during normal storm events as a result of failure at the discharge end of the pipe.,0,0,0,0,0,0,0
2014,Trans - Roadway - Enhance/Scape/Medians,489,Transportation & Storm Water,36th Street Landscape Maintenance,,,Council District: 4; Community Plan: Eastern Area (Mid-City),50000,50000,This project is the result of a relinquishment agreement between the City of San Diego and Cal- trans and provides for the landscape maintenance of 36th Street between Imperial Avenue and Market Street.,This project was approved by the City Council Resolution No. R-300154 and will provide for plant establishment as defined in the standard specifications for the construction of local street and roads.,0,0,0,0,0,0,0
2014,Trans - Roadway,490,Transportation & Storm Water,38th Street Improvements,,,Council District: 9; Community Plan: City Heights,1730000,1730000,"This project provides full street improvements on 38th Street from Dwight Street north to termi- nus. Improvements will include curb, gutter, driveways, sidewalk, pedestrian ramps, pavement, drainage facili- ties, angled on-street parking, etc. The improvements will comply with current local, State, and federal safety and accessibility codes and regulations.",Street improvements are needed to comply with the City's design guides for the improvement of public right-of-way.,0,0,0,0,0,0,0
2014,Trans - Roadway,491,Transportation & Storm Water,43rd St fr Logan to I805 St Widening,,,"Council District: 4, 9; Community Plan: Southeastern San Diego",9048224,9048223,"This project provides for realigning the intersection at 43rd Street and National Avenue. This project will make necessary traffic enhancements to handle the increased daily traffic associated with the resi- dential, industrial, and commercial development of the State Route 252 Corridor (approximately 66 acres).","This project is a major component in the development of the State Route 252 Corridor within the Southcrest Project. The street currently handles approximately 12,000 weekday trips. Once development on the corridor is complete, the number of trips will increase significantly. The Southeastern San Diego Commu- nity Plan recommends improvement to four lanes to handle the current capacity.",0,0,0,0,0,0,0
2014,Trans - Bicycle Facilities (All Class.),492,Transportation & Storm Water,54th Street,,,"Council District: 4, 9; Community Plan: Southeastern San Diego, College Area",130000,130000,This project provides for the installation of Class II Bike Lanes on 54th Street between Trojan and Euclid Avenues and for Class III Bike Route signage and pavement markings along Euclid Avenue between 54th Street and Market Street.,This project will close a gap in bicycle routes between the College Area and Southeastern San Diego and its neighborhoods and provide a safer route for bicyclists.,0,0,0,0,0,0,0
2014,Trans - Roadway - Erosion/Slope/Ret Wall,493,Transportation & Storm Water,Aldine & Fairmount Dr Slope Restoration,,,Council District: 9; Community Plan: Kensingston - Talmadge (Mid-City),4499546,4499546,"This project provides for the evaluation, design, and construction of slope stability improve- ments along the south side of Aldine Drive between Fairmount Avenue and Van Dyke Avenue.",The inordinate amount of rainfall from the 2004/2005 rainy season caused erosion of sections of the slope along the south side of Aldine Drive between Fairmount Avenue and Van Dyke Avenue.,0,0,0,0,0,0,0
2014,Drainage - Storm Drain Pipes,494,Transportation & Storm Water,Alta La Jolla Drive Drainage Repair PhII,,,Council District: 1; Community Plan: La Jolla,1206105,1206105,This project will repair the erosion and damage to the lower La Jolla Canyon bounded by Alta La Jolla Drive and the cul-de-sac at Vickie Drive.,This project is part of the settlement agreement and limited release entered into by the La Jolla Alta Master Council and the City of San Diego.,0,0,0,0,0,0,0
2014,Trans - Ped Fac - Accessibility Improve,495,Transportation & Storm Water,Architectural Barrier Removal - DIF Funded,,,Council District: Citywide; Community Plan: Citywide,51000,51000,This project provides for installing curb ramps at various locations throughout the City as funded by Development Impact Fees (DIF).,"Persons with disabilities and many senior citizens find their mobility restricted by curbs, which they find difficult or impossible to negotiate. The City must ensure that every facility, program and service operated or funded by the City is fully accessible to and usable by people with disabilities in accordance with the Americans With Disabilities Act (ADA) as well as other federal, State, and local access codes and disability rights laws.",0,0,0,0,0,0,0
2014,Drainage - Storm Drain Pipes,496,Transportation & Storm Water,Avenida de la Playa Infrastructure-SD,,,Council District: 1; Community Plan: La Jolla,6835754,6835753,"This project will reduce flooding along Avenida de la Playa and willl improve the capacity of the storm drain system and divert dry weather discharges. The improvements include the replacement of the low- flow diversion and outlet box, the addition of a hydrodynamic separator, and the upsizing of 650-linear feet of storm drain pipe.","Reports indicated the low flow diversion was not functioning as needed resulting in dry weather flow reaching the beach which is out of compliance with the California Oceans Plan. Additionally, the current pipe is vastly undersized which results in street flooding every year and which has, in the past, resulted in the flooding of local businesses.",0,0,0,0,0,0,0
2014,Trans - Roadway - Enhance/Scape/Medians,497,Transportation & Storm Water,Azalea Park Neighborhood Identification,,,Council District: 9; Community Plan: City Heights (Mid-City),411831,411830,"This project provides for the construction of new vehicular and pedestrian improvements, including raised medians, sidewalks, curb ramps and curb-extensions (which are to be funded by Development Impact Fees), and neighborhood identification signage. This project is part of a community revitalization effort outlined in the Azalea Park-Hollywood Park Revitalization Action Program. The specific locations of this por- tion of the project are the intersections of Poplar Street and Fairmount Avenue.","These improvements will benefit the community by increasing safety, improving the flow of traffic, enhancing pedestrian access, and promoting community identification.",0,0,0,0,0,0,0
2014,Trans - Bicycle Facilities (All Class.),498,Transportation & Storm Water,Balboa Ave,,,"Council District: 2, 6, 7; Community Plan: Clairemont Mesa, Kearny Mesa, Tierrasanta",250000,250000,"This project provides for the installation of 13.5 miles of Class II bike lanes on Balboa Avenue from Morena Boulevard to Interstate 15 and on Tierrasanta Boulevard from Interstate 15 to Santo Road, and 0.7 miles of Class III bike route on Balboa Avenue from Mission Bay Drive to Morena Boulevard.",This project will provide the safe use of bicycles in the community.,0,0,0,0,0,0,0
2014,Trans - Roadway - Enhance/Scape/Medians,499,Transportation & Storm Water,Balboa Avenue Corridor Improvements,,,"Council District: 6; Community Plan: Clairemont Mesa, Kearny Mesa",2902027,2902027,"This project provides improvements to Balboa Avenue (formerly known as State Route 274). The project is located between Interstate 5 and Interstate 15. The project will provide improvements consisting of new sidewalks, improvements to curb ramps and medians, modification of existing traffic signals, and bicy- cle facility improvements and traffic calming measures through the corridor. The first phase of improvements consists of sidewalk installation between Mount Culebra Avenue and Mount Everest Boulevard, installation of V Calm Signs between Clairemont Drive and Mount Culebra Avenue, installation of bike lane, and the addition of new Pedestrian Countdown Timers at various intersections between Interstate 5 and Interstate 15. The sec- ond phase of improvements will consist of traffic signal modifications, landscaping of existing median and var- ious pedestrian & bicycle facility improvements.",This project is funded by a State contribution agreement as part of the relinquishment of State Route 274 to the City of San Diego.,0,0,0,0,0,0,0
2014,Drainage - Storm Drain Pipes,500,Transportation & Storm Water,Balboa Pk,,,Council District: 3; Community Plan: Balboa Park,1370000,1370000,"This project provides for evaluation, design, and construction to repair a damaged storm drain that leads from Park Boulevard and the San Diego Zoo parking lot into the Florida Canyon creek bed.","This project repairs a damaged storm drain caused by erosion of a gully that spans the entire length of Florida Canyon, from Park Boulevard east to the creek bed. This project will repair the storm drain to prevent further erosion and allow a north-south trail access to continue through the west side of Florida Canyon.",0,0,0,0,0,0,0
2014,Trans - Bicycle Facilities (All Class.),501,Transportation & Storm Water,Bayshore Bikeway,,,Council District: 8; Community Plan: Otay Mesa - Nestor,5582775,5582775,This project provides for constructing a Class I bikeway from the northern end of 13th Street to Main Street at the Interstate 5 interchange at the southeast corner of San Diego Bay. This project will include the construction of 2.7 acres of Coastal Sage Scrub restoration as mitigation for impacts from the Bayshore Bikeway Project.,"This project completes the missing segment of the planned bike path around San Diego Bay from Point Loma to Coronado. When completed, this change will improve public use safety overall.",0,0,0,0,0,0,0
2014,Trans - Roadway - Erosion/Slope/Ret Wall,502,Transportation & Storm Water,Bear Drive Retaining Wall,,,Council District: 3; Community Plan: Uptown,692655,692655,This project will replace a damaged section (approximately 55 feet long by 8.5 feet high) of the existing retaining wall that supports the side of Bear Drive.,This project is needed in order to maintain the roadway and provide public safety.,0,0,0,0,0,0,0
2014,Trans - Roadway - GRails/BRails/Safety,503,Transportation & Storm Water,Bridge Rehabilitation,2015,2019,Council District: Citywide; Community Plan: Citywide,1514233,4014234,"This annual allocation provides for the widening, replacement, or retrofitting of miscellaneous bridge rehabilitation projects.",This project maintains an ongoing program to promote safety on City bridges. Funding is pro- vided on an on-going basis.,0,500000,500000,500000,500000,500000,0
2014,Trans - Roadway,504,Transportation & Storm Water,Bus Stop Improvements,2015,2019,Council District: Citywide; Community Plan: Citywide,391828,746828,This project will provide for the installation of improvements such as bus pads and sidewalks near bus stops citywide. This project is funded by the City's share of bus stop advertising revenue. Funding for the project was provided per terms of an agreement with San Diego Metropolitan Transit System (MTS) in Fis- cal Years 2010 through 2015. This agreement was extended through Fiscal Year 2024.,"Pavement at bus stops may be damaged by rippling and potholing caused by friction from bus tires when buses decelerate, accelerate, or turn. This project provides for replacing paving at bus stops with stronger pavement sections. This extends pavement life and reduces maintenance costs. Also, this project may include sidewalk betterments at bus stops that improve access and bus passenger loading area.",0,115000,60000,60000,60000,60000,0
2014,Trans - Roadway,505,Transportation & Storm Water,Camino Del Sur (Bernardo Lks,,,Council District: 1; Community Plan: Black Mountain Ranch,50000,50000,This project provides for reimbursement to a developer for design and construction of a four- lane major roadway within a six-lane right-of-way. The project will be built in two phases. The first phase con- sists of the two northerly lanes between Bernardo Lakes Drive and Lone Quail Road that have been built as a subdivider improvement. The second phase consists of design and construction of the southerly two lanes and the median from Bernardo Lakes Drive to Lone Quail Road. This is project T-34.2 in the Black Mountain Ranch Public Facilities Financing Plan.,This facility is required to accommodate traffic generated by new development in Black Moun- tain Ranch and surrounding communities as well as existing sub-regional traffic needs.,0,0,0,0,0,0,0
2014,Trans - Roadway,506,Transportation & Storm Water,Camino Del Sur-SR-56 to Dormouse,2017,2017,"Council District: 6; Community Plan: Rancho Penasquitos, Torrey Highlands",1204894,15367894,"This project provides for the construction of Camino del Sur (formerly Camino Ruiz) as a four- lane major street with Class II bicycle lanes from State Route 56 to 1,600 feet north of Park Village Road.","Camino del Sur is the major street connecting the southwest corner of Rancho Penasquitos to the future Carmel Mountain Road extension and to State Route 56. This street is required to accommodate traf- fic generated in Rancho Penasquitos, Torrey Highlands, and surrounding communities.",0,0,0,14163000,0,0,0
2014,Trans - Bicycle Facilities (All Class.),507,Transportation & Storm Water,Carmel Country Road Low Flow Channel,,,Council District: 1; Community Plan: Carmel Valley,2712000,2712000,This project provides for raising the elevation of an existing bike path crossing over Carmel Creek.,This project will provide for relief of water ponding under the Carmel Country Road Bridge and to the east of the bridge on the Palacio Del Mar property. This condition has created a health and safety issue for area residents.,0,0,0,0,0,0,0
2014,Trans - Roadway,508,Transportation & Storm Water,Carmel Mountain Rd to Del Mar Mesa Rd,,,Council District: 1; Community Plan: Del Mar Mesa,1800000,1800000,"This project provides for the construction of Carmel Mountain Road as a two-lane collector street from the Carmel Valley Neighborhood easterly boundary to Little McGonigle Ranch Road (formerly Del Mar Mesa Road). The 4,050 linear feet of half-width road (FBA funded) which traverses open space will be 40- feet/62-feet. Also included as part of this project is a wildlife crossing under Carmel Mountain Road. The remainder (sub-divider funded) will be both 40-feet/62-feet and 50-feet/72-feet and will include left-turn lanes at intersections and major driveways as needed. A multi-use trail will be constructed as part of this project along the entire project length.",This project is required to accommodate the additional traffic generated as a result of develop- ment in Del Mar Mesa.,0,0,0,0,0,0,0
2014,Trans - Roadway,509,Transportation & Storm Water,Carmel Val Rd-Del Mar Hts-Lopelia Mdws,2015,2015,Council District: 1; Community Plan: Pacific Highlands Ranch,6900000,7205000,"This reimbursement project provides for design and construction of Carmel Valley Road from Del Mar Heights Road to Lopelia Meadows Place as a four-lane facility within a 122-foot right-of-way that can accommodate six lanes in the future. The two internal lanes will be left unimproved for future expansion to accommodate six lanes of traffic or another transit oriented facility. In the interim, these two lanes shall be land- scaped and incorporated into the center median improvements. This section of Carmel Valley Road includes the pedestrian undercrossing at the Lopelia Meadows Place. See Project T-4.3 in the Pacific Highlands Ranch Pub- lic Facilities Financing Plan. This project will be built by the developer who will be reimbursed.","Due to anticipated traffic volumes on Carmel Valley Road, the section between Del Mar Heights Road and Lopelia Meadows Place will be constructed as a four-lane facility that can be expanded to six lanes in the future.",0,305000,0,0,0,0,0
2014,Trans - Roadway,510,Transportation & Storm Water,Carmel Val Rd-Lopelia Mdws-Via Abertura,2016,2018,Council District: 1; Community Plan: Pacific Highlands Ranch,2850000,12700000,"This project provides for reimbursement to a developer for the design and construction of Car- mel Valley Road from Lopelia Meadows place to Via Abertura as a four-lane facility within a 122-foot right-of- way that can accommodate six lanes in the future (approximately 3,600 linear feet).","This project is in accordance with the Pacific Highlands Ranch Public Facilities Financing Plan, Project T-4.4. Companion Projects T-4.2 and T-4.3 are for the other phases of this project.",0,0,600000,8850000,400000,0,0
2014,Trans - Roadway,511,Transportation & Storm Water,Carmel Val Rd-Via Albutura-Camin Del Sur,,,"Council District: 1, 5; Community Plan: Torrey Highlands",15223324,15223324,This project provides for the design and construction of two additional travel lanes in two incre- ments. The first increment requires the widening along the frontage of the Torrey Del Mar development. The second increment completes the remainder of the widening. Timing of each increment of widening will be based on the rate of development in Torrey Highlands. See project T4.3 in the Torrey Highlands Public Facili- ties Financing Plan.,"This facility is required to accommodate traffic generated by new development in Black Moun- tain Ranch, Torrey Highlands, and surrounding communities as well as exsisting sub-regional traffic needs.",0,0,0,0,0,0,0
2014,Trans - Roadway,512,Transportation & Storm Water,Carmel Valley Rd 4/6 Lanes s of Street A,2015,2015,"Council District: 1; Community Plan: Torrey Highlands, Pacific Highlands Ranch",4400000,7085000,"This reimbursement project provides for the design and construction of Carmel Valley Road from the Camino Santa Fe Interchange to Del Mar Heights Road as a six-lane facility within a 146-foot right-of- way transitioning to a four-lane facility within a 122-foot right-of-way (4,000 linear feet). The expanded right- of-way will permit widening of up to 24 additional feet for a future transit-oriented facility. In the interim, these two-lanes shall be landscaped and incorporated into the center median improvements.","Due to anticipated traffic volumes on Carmel Valley Road, the portion between SR-56 and Del Mar Heights Road will be constructed as a six-lane facility, in two phases, as required by the Transportation Phasing. See Project T- 4.2 and Torrey Highlands Public Facilities Financing Plan Project T- 4.5.",0,2685000,0,0,0,0,0
2014,Trans - Roadway - Enhance/Scape/Medians,513,Transportation & Storm Water,Carmel Valley Road Enhancement Project,,,Council District: 1; Community Plan: Carmel Valley,9094641,9094641,"This project provides for improving Carmel Valley Road to a modified two-lane collector street from 300 feet east of Portofino Drive to the Del Mar city limits. The improvements include construction of curb, gutter, sidewalks, and drainage improvements as well as construction of a Class II bicycle lane on both sides of Carmel Valley Road.",This project will improve traffic flow and turning movements on this roadway and provide bike paths on Carmel Valley Road.,0,0,0,0,0,0,0
2014,Trans - Bridge - Vehicular,514,Transportation & Storm Water,Carroll Cyn Rd,,,"Council District: 1, 6; Community Plan: Mira Mesa, Torrey Pines",21058000,21058000,"This project provides for a modified four-lane collector street from Sorrento Valley Road, under Interstate 805, to Scranton Road as part of a joint project with Caltrans. Carroll Canyon Road will include Class II bike lanes and direct access ramps onto Interstate 805 from Carroll Canyon Road to the Interstate 5 inter- change. This is project T-29 in the Mira Mesa Public Facilities Financing Plan.","The Carroll Canyon Road extension project is necessary in accordance with the community plan and the average daily trip forecast of 25,000 vehicles per day. Currently, there is no roadway and the traffic travels on Mira Mesa Boulevard which is over capacity. This project will improve traffic circulation in the area.",0,0,0,0,0,0,0
2014,Trans - Ped Fac - Sidewalks,515,Transportation & Storm Water,Cherokee Street Improvements,,,Council District: 3; Community Plan: Normal Heights (Mid-City),1986005,1986005,"This project provides for the reconstruction of the curbs, gutters, and sidewalks on Cherokee Street from Monroe Avenue to East Mountain View.",This project is required in order to mitigate drainage problems and reduce flooding.,0,0,0,0,0,0,0
2014,Trans - Bicycle Facilities (All Class.),516,Transportation & Storm Water,Coastal Rail Trail,,,"Council District: 1; Community Plan: Torrey Pines, University",1980189,21905818,This project provides for identifying the best alignment for a bikeway route of approximately 10 miles between Sorrento Valley/Carmel Valley Road to the Gilman Drive/Interstate 5 Intersection.,"This project is part of a larger multi-jurisdictional project, which proposes a bikeway along the coast in the cities of Oceanside, Encinitas, Solana Beach, Carlsbad, Del Mar, and San Diego. It is intended to provide regional connectivity for both commuting bicylists and recreational activities.",19925629,0,0,0,0,0,0
2014,Trans - Roadway,517,Transportation & Storm Water,Concrete Streets,,,Council District: Citywide; Community Plan: Citywide,13746785,13746786,This annual allocation provides for the repair and reconstruction of concrete streets which are necessary to maintain the concrete streets in a serviceable condition and to prevent deterioration.,The repair and reconstruction of concrete streets is necessary to maintain the concrete streets in serviceable condition and prevent deterioration.,0,0,0,0,0,0,0
2014,Drainage - Storm Drain Pipes,518,Transportation & Storm Water,Coolidge Street Storm Drain,2015,2015,Council District: 7; Community Plan: Linda Vista,175000,469000,This project provides for improved flood control by upgrading the existing pipe and inlet along Coolidge Street.,This project will alleviate frequent flooding during normal storm events as a result of the cur- rent undersized storm drain.,0,294000,0,0,0,0,0
2014,Trans - Signals - Traffic Signals,519,Transportation & Storm Water,Coopertive Traffic Signal Projects,,,Council District: Citywide; Community Plan: Citywide,478500,478500,This annual allocation provides for the City's share of the cost of traffic signal improvements undertaken in cooperation with others.,"It is often beneficial for the City to share in the cost of traffic signal improvements undertaken in cooperation with other agencies. The most common situation involves the intersection of a City street with a State highway, County road, or street that is the responsibility of another jurisdiction. This project provides the flexibility necessary for timely initiation of these improvements.",0,0,0,0,0,0,0
2014,Trans - Signals - Calming/Speed Abatemt,520,Transportation & Storm Water,Del Mar Heights Road Flashing Beacon,,,Council District: 1; Community Plan: Carmel Valley,35000,35000,This project will install a flashing beacon facing eastbound traffic on Del Mar Heights Road approximately 500 feet west of Seagrove Street.,The project provides for traffic safety improvements.,0,0,0,0,0,0,0
2014,Trans - Roadway,521,Transportation & Storm Water,Del Mar Heights Road-4/6 Lanes,2015,2015,Council District: 1; Community Plan: Pacific Highlands Ranch,9800000,9842000,This reimbursement project provides for construction of Del Mar Heights Road from Old Car- mel Valley Road to the new alignment of Carmel Valley Road as a modified five-lane roadway within a 122- foot right-of-way for a future six-lane facility. The project includes an eastbound third lane as the roadway approaches Carmel Valley Road. This project includes the bridge crossing over the open space corridor. This is the second phase of the project and will provide local access to the central area of development. The developer will advance funding for this project and be reimbursed from the Pacific Highlands Ranch Facilities Benefit Assessment (FBA) under the terms of a reimbursement agreement.,This facility is required to accommodate traffic being generated by new development in Pacific Highlands Ranch as well as by existing sub-regional traffic needs.,0,42000,0,0,0,0,0
2014,Trans - Roadway,522,Transportation & Storm Water,Del Sol Boulevard-Central,,,Council District: 8; Community Plan: Otay Mesa,6500000,6500000,"This project provides for construction of the central section of Del Sol Boulevard from the east- ern boundary of Palm Ridge through the Multiple Species Conservation Program (MSCP) open space, and along the frontage of the proposed community park, elementary, and middle school site. The roadway will con- sist of 800 linear feet of a two-lane collector and 2,000 linear feet of a four-lane collector street. Phase I will construct approximately 1,000 linear feet of new road west of Surfcrest Drive along the frontage of the new school. Phase II will construct the remainder.","The transportation element of the Otay Mesa Community Plan suggests that an integrated trans- portation network will provide mobility and accessibility for the residents and business travelers to, from, and through the community. See companion projects T-4.1 and T-4.2 in the Otay Mesa Public Facilities Financing Plan.",0,0,0,0,0,0,0
2014,Trans - Roadway,523,Transportation & Storm Water,Dennery Road East,,,Council District: 8; Community Plan: Otay Mesa,109707,109707,"This project provides for constructing approximately 2,900 linear feet as a two-lane collector street north of Palm Avenue within the Dennery Ranch Precise Plan area. Multiple Species Conservation Pro- gram frontage is to be funded from the Otay Mesa Facilities Benefit Assessment.",This project is required to accommodate the additional traffic generated as a result of develop- ment in the Otay Mesa community.,0,0,0,0,0,0,0
2014,Drainage - Storm Drain Pipes,524,Transportation & Storm Water,Drainage Projects,2015,2017,Council District: Citywide; Community Plan: Citywide,27324650,238697338,This annual allocation provides for reconstructing or replacing failed drainage facilties citywide.,"This project provides for the high priority redesign and reconstruction of existing storm drain structures. There are currently over 900 miles of storm drains in the City of San Diego. These storm drains can fail because of a variety of reasons (system material, age, earth movement, etc). The Operations and Mainte- nance Section of the Storm Water Division regularly cleans these systems and performs minor repairs; however, storm drain systems that require redesign and reconstruction are often encountered.",137540433,21672255,26080000,26080000,0,0,0
2014,Trans - Roadway,525,Transportation & Storm Water,El Camino Real Widening,,,"Council District: 1; Community Plan: Pacific Highlands Ranch, Black Mountain Ranch",100000,100000,"This project provides for widening of the existing roadway of El Camino Real (between Half Mile Drive and San Dieguito Road) as a four-lane major street within the existing, graded right-of-way.","This project is required in order to accommodate the additional traffic generated as a result of development in the surrounding communities, including Pacific Highlands Ranch, as well as the existing sub- regional traffic needs.",0,0,0,0,0,0,0
2014,Trans - Bridge - Vehicular,526,Transportation & Storm Water,El Camino Real to ViaDeLaValle (1/2 mile),2015,2016,Council District: 1; Community Plan: Future Urbanizing Area - Subarea 2,9424357,33024434,This project provides for replacing the existing two-lane bridge with a four-lane bridge and wid- ening the existing two-lane roadway to a modified four-lane major road. This project will also provide for improvements on eastbound Via de la Valle as far as northbound El Camino Real.,"This project will replace the existing bridge and modify the segment of El Camino Real between Via de la Valle and San Dieguito Road in order to ensure a structurally sound bridge over the San Dieguito river, alleviate problems associated with high flood events, improve pedestrian and vehicular access to nearby coastal and recreational resources, relieve traffic congestion, and improve consistency with the adopted land-use plan for the project area.",0,342000,23258076,0,0,0,0
2014,Trans - Bicycle Facilities (All Class.),527,Transportation & Storm Water,El Camino Real,2015,2015,Council District: 1; Community Plan: Carmel Valley,461640,545340,"The project provides a new pervious concrete bike path connector, a concrete driveway apron, associated drainage improvements, and re-vegetation areas on the east side of El Camino Real in order to pro- vide access to the State Route 56 Bike Path.",This project is required in order to provide a safe method of bicycle access from street to trail.,0,83700,0,0,0,0,0
2014,Trans - Roadway,528,Transportation & Storm Water,Euclid Avenue & Home Improvements,,,Council District: 9; Community Plan: Normal Heights (Mid-City),1012740,1012740,"This project provides for street improvements recommended in the Euclid Avenue Revitalization Program and the Mid-City Community Plan. Improvements will extend from Home Avenue to Thorn Street and will include curb, gutter, sidewalk, paving, traffic calming installations, and landscape.","Euclid Avenue carries a traffic volume in excess of its design capacity, resulting in significant congestion, which impacts neighboring properties. Traffic speed, volume, and a deficiency in pedestrian infra- structure compromise pedestrian safety.",0,0,0,0,0,0,0
2014,Trans - Roadway,529,Transportation & Storm Water,FY12 Asphalt Overlay Group I,,,Council District: Citywide; Community Plan: Citywide,9435697,9435697,This project provides for street resurfacing citywide.,Resurfacing of City streets is necessary to maintain the streets in serviceable condition and pre- vent deterioration of the roadway.,0,0,0,0,0,0,0
2014,Trans - Signals - Calming/Speed Abatemt,530,Transportation & Storm Water,Five Points Neighborhood Pedestrian Impr,,,"Council District: 2, 3; Community Plan: Uptown, Midway - Pacific Highway",475000,475000,"The project provides for the construction of pedestrian curb extension, sidewalk, curb ramps, countdown pedestrian crossing signal system, and modifies traffic signage and signals to allow for safe pedes- trian crossing at the intersections of Hancock Street and Washington Street and San Diego Avenue and Wash- ington Street.",This project is needed to address public concerns regarding pedestrian safety in the Five Points Neighborhood.,0,0,0,0,0,0,0
2014,Trans - Signals - Calming/Speed Abatemt,531,Transportation & Storm Water,Florence Griffith Joyner Elementary SR2S,,,Council District: 9; Community Plan: City Heights (Mid-City),1292073,1292073,"This project will provide for the installation of new sidewalks, intersection bulb-outs to decrease the street crossing distances, pedestrian ramps, and a new traffic signal.","Located in the City Heights Community, Florence Griffith Joyner Elementary School serves students from kindergarten through fifth grade who walk or bike to school, and are faced with crossing several wide intersections in the vicinity of the school. This project will provide traffic calming measures and will enhance pedestrian mobility.",0,0,0,0,0,0,0
2014,Trans - Roadway - Enhance/Scape/Medians,532,Transportation & Storm Water,Florida Drive Median Improvements,,,Council District: 3; Community Plan: Balboa Park,951617,951617,"This project provides for the installation of median improvements on Florida Drive. Improve- ments include the installation of a concrete center median and street lighting to enhance safety conditions for vehicles, bicyclists, and other users of the roadway.",This project will enhance roadway conditions by reducing the occurrence of head-on collisions caused by vehicles crossing over the center median and adding street lights where none exist.,0,0,0,0,0,0,0
2014,Trans - Bridge - Vehicular,533,Transportation & Storm Water,Genesee Avenue Widen I-5 Crossing,,,Council District: 1; Community Plan: University,22587667,22587667,"This project provides for widening Genesee Avenue to six lanes plus dual turn lanes and replac- ing the existing Genesee Avenue overcrossing with a higher, wider (124-foot) structure and the modification of the existing ramps. The environmental document will also clear additional Interstate 5 Corridor improvements including auxiliary lanes on both sides of the freeway, north and south of Genesee Avenue, and the replacement of the Voight Drive Overcrossing.",This project is needed to improve traffic flow. It is included in the Council-approved North University City Public Facilities Financing Plan (PFFP) as Project Number 24.,0,0,0,0,0,0,0
2014,Trans - Roadway - Enhance/Scape/Medians,534,Transportation & Storm Water,Genesee Avenue-Nobel Dr to SR 52,2017,2020,Council District: 1; Community Plan: University,1948600,24301700,"This project provides for widening Genesee Avenue from Nobel Drive to State Route 52 to a modified six-lane major street north of Decoro Street and a modified six-lane primary arterial south of Decoro Street. The project includes a right-turn lane, eastbound to southbound, at the Genesee Avenue/Nobel Drive intersection; additional left-turn lane, including a traffic signal at State Route 52 interchange; and Class II bicy- cle lanes.",This project is needed to increase the capacity of this facility. See Project Number A in the North University City Public Facilities Financing Plan.,0,0,0,5672000,5500000,5500000,5681100
2014,Trans - Bridge - Vehicular,535,Transportation & Storm Water,Georgia Street Bridge Improvements,2015,2015,Council District: 3; Community Plan: Greater North Park,5185042,12185042,This project provides for seismic and structural improvements of the bridge and the adjacent retaining walls.,This bridge has severe spalling due to age and has severe height limitations which need to be corrected. Trucks continue to hit the low arches of the bridge.,0,7000000,0,0,0,0,0
2014,Trans - Roadway - GRails/BRails/Safety,536,Transportation & Storm Water,Guard Rails,,,Council District: Citywide; Community Plan: Citywide,3217942,3217942,This annual allocation provides for installing new and replacing old guard rails along streets where needed.,The City maintains an ongoing program to promote safety within the public right-of-way. Analysis of accident patterns at a particular location will occasionally show that some minor improvements in the area would help to reduce the number and/or severity of accidents. This annual allocation provides the flex- ibility necessary for timely initiation of such improvements.,0,0,0,0,0,0,0
2014,Drainage - Storm Drain Pipes,537,Transportation & Storm Water,Hayes Ave Storm Drain,,,Council District: 3; Community Plan: Uptown,555000,555000,This project provides for improved flood control by upgrading the existing pipe along Hayes Avenue.,This project will alleviate frequent flooding during normal storm events as a result of the cur- rent undersized storm drain pipe.,0,0,0,0,0,0,0
2014,Trans - Roadway,538,Transportation & Storm Water,Hillery Drive Improvements,,,Council District: 6; Community Plan: Mira Mesa,2500000,2500000,This project will provide for the widening of Hillery Drive and traffic calming on adjacent streets.,"Caltrans is completing a high occupancy/transit freeway lanes project in the middle of Inter- state 15, with a Direct Access Ramp (DAR) onto Hillery Drive to serve the Mira Mesa community. Traffic mit- igation is required as part of this project.",0,0,0,0,0,0,0
2014,Trans - Roadway,539,Transportation & Storm Water,Holly Dr. Street Improvements,,,Council District: 4; Community Plan: Encanto Neighborhoods (Southeastern),2000000,2000000,"This project provides for construction of curbs, gutters, sidewalks, driveways, curb ramps, and pavement on Holly Drive from South Willie James Jones Avenue to South Euclid Avenue.",This project will improve the street and sidewalk making them safer for pedestrians.,0,0,0,0,0,0,0
2014,Trans - Roadway,540,Transportation & Storm Water,I5 to SR56 Freeway Connectors,2015,2019,Council District: 1; Community Plan: Carmel Valley,3007586,9714262,"This project provides for the preparation of a project report and environmental document (PR/ ED) for northerly connections of the Interstate 5 and State Route 56 freeways. Alternatives under consideration include direct freeway-to-freeway connectors from westbound State Route 56 to northbound Interstate 5 and southbound Interstate 5 to eastbound State Route 56, an auxiliary lane alternative which proposes providing operational improvements on Interstate 5 between Del Mar Heights Road and Carmel Valley Road, on Carmel Valley Road between Interstate 5 and State Route 56, and on State Route 56 west of Carmel Country Road. The third alternative includes the direct freeway connectors from westbound State Route 56 to northbound Interstate 5 and the auxiliary lane alternative improvements on southbound Interstate 5, eastbound Carmel Valley Road, and eastbound State Route 56.","State Route 56 opened to traffic in July 2004 and provided a new east/west connection between Interstates 5 and 15. This introduced a significantly new volume of traffic to the Interstate 5 corridor in Carmel Valley, some of which needs to travel to or from the north. This project will provide the improvements neces- sary to make these moves most efficiently and avoid the heavy use of local streets.",0,106000,580000,0,0,6020676,0
2014,Trans - Roadway,541,Transportation & Storm Water,I5,,,Council District: 1; Community Plan: Carmel Valley,197104,197104,The Interstate 5/State Route 56 Fiber Optic Relocation project will abandon an existing fiber optic cable alignment adjacent and parallel to Interstate 5 between Carmel Valley Road and Del Mar Heights Road and will relocate the utility to the east of the existing alignment and into the public right-of-way.,The relocation is necessary to accommodate the future road widening of Interstate 5 that would affect the existing utility alignment.,0,0,0,0,0,0,0
2014,Trans - Signals - Traffic Signals,542,Transportation & Storm Water,Install T/S Interconnect Systems,2015,2019,Council District: Citywide; Community Plan: Citywide,2981459,3481459,"This annual allocation provides for the installation of, and modifications to, traffic signal inter- connect systems citywide.",This project provides for increased traffic signal coordination which will reduce traffic conges- tion.,0,100000,100000,100000,100000,100000,0
2014,Trans - Roadway - Street Lighting,543,Transportation & Storm Water,Installation of City Owned Street Lights,2015,2019,Council District: Citywide; Community Plan: Citywide,3782170,5682170,This annual allocation provides for installing City-owned safety street lights where needed.,"Additional street lights will increase the level of lighting for motorists, bicyclists, and pedestri- ans on public streets.",0,1500000,100000,100000,100000,100000,0
2014,Trans - Bicycle Facilities (All Class.),544,Transportation & Storm Water,Interstate 5 Underpass-Bikeway,,,Council District: 1; Community Plan: Carmel Valley,535000,1651010,"This project will provide the (missing) link between two existing bike/pedestrian paths: the regional bike connection that runs parallel to State Route 56 corridor, and the Sorrento Valley Road multi-use bike/pedestrian path, and will pass under Interstate 5, just south of the Carmel Mountain Road interchange.","Currently, cyclists and pedestrians must use the shoulders of Carmel Valley Road to access the west side of Interstate 5. High traffic volumes coupled with commercial driveways and freeway ramps make it difficult for pedestrians and cyclists to travel from one side of the freeway to the other.",1116010,0,0,0,0,0,0
2014,Trans - Roadway,545,Transportation & Storm Water,Juan Street Concrete Street,,,"Council District: 3; Community Plan: Old San Diego, Uptown",7229843,7229843,"This project provides for the replacement of the existing concrete pavement on Juan Street from Taylor Street to Sunset Road. The improvements include construction of curb, gutter, curb ramps, sidewalks (east and west sides), underground utilities, and replacement of water main, as well as construction of new storm drain system.",This project is needed to reconstruct the roadway due to deterioration of the existing roadway. This project location is one of the lowest rated non-residential concrete streets within the City based on Overall Condition Index (OCI) rating.,0,0,0,0,0,0,0
2014,Trans - Roadway,546,Transportation & Storm Water,Kearny Mesa Community Sign,,,"Council District: 6, 7; Community Plan: Kearny Mesa",60000,60000,This project provides for the installation of community signs in Kearny Mesa.,The project is funded by a State contribution agreement as part of the relinquishment of State Route 274 to the City of San Diego and was requested by Council District 6.,0,0,0,0,0,0,0
2014,Trans - Bicycle Facilities (All Class.),547,Transportation & Storm Water,Kearny Villa Road Bike Lane Improvements,,,Council District: 6; Community Plan: Kearny Mesa,300000,300000,This project provides for the resurfacing and repair of damaged bicycle lanes on Kearny Villa Road between Miramar Way and State Route 163.,"The deteriorating asphalt in the bicycle lane causes bicyclists to ride close to the main travel lanes, where there are high volumes of high-speed traffic. This project will replace the existing bicycle lane with new asphalt and provide a safer route of travel for bicyclists.",0,0,0,0,0,0,0
2014,Trans - Ped Fac - Accessibility Improve,548,Transportation & Storm Water,Kelton Road Pedestrian Improvements,,,Council District: 4; Community Plan: Southeastern San Diego,276000,276000,"This project provides the installation of bulbouts and an in-pavement lighted crosswalk on Kel- ton Road between Zircon Street and Luber Street, at the entrance to Johnson Elementary School.","This will provide traffic calming elements in the vicinity of Johnson Elementary School and will be designed to slow traffic speed. This will narrow the roadway, thus providing better visibility for pedes- trians, bicyclists, and automobiles. This measure will also shorten actual distance crossing on streets, thus reducing children/pedestrians' exposure to traffic, reducing accidents.",0,0,0,0,0,0,0
2014,Drainage - Best Mgt Practices (BMPs),549,Transportation & Storm Water,La Jolla Ecological Reserve Area of ASBS,,,Council District: 1; Community Plan: La Jolla,2750000,2750000,This project provides low-flow diversion systems for four storm drain outfalls that discharge directly into the La Jolla Ecological Reserve Area of Special Biological Significance (ASBS 29).,"This project will divert non-storm water discharges during the dry season from reaching La Jolla Shores, which minimizes harmful pollutants from entering this significant biological and recreational resource.",0,0,0,0,0,0,0
2014,Trans - Roadway,550,Transportation & Storm Water,La Jolla Mesa Drive Sidewalk,2015,2015,Council District: 1; Community Plan: La Jolla,326000,826000,"This project provides for the construction of a curb, gutter, and sidewalk on the east side of La Jolla Mesa south of Deer Hill Court.",This project is required in order to provide safer pedestrian access.,0,500000,0,0,0,0,0
2014,Trans - Roadway - Enhance/Scape/Medians,551,Transportation & Storm Water,La Jolla Village Drive and Regents Road,,,Council District: 1; Community Plan: University,1370000,1370000,This project provides for a southbound-to-westbound right-turn lane at the La Jolla Village Drive/Regents Road intersection. A Class II bike lane is included for southbound bicyclists. Additional right-of- way will be acquired from the University of California San Diego (UCSD) at no cost.,This project is needed to improve traffic flow at this intersection per the North University Pub- lic Facilities Financing Plan - Project 41.,0,0,0,0,0,0,0
2014,Trans - Bridge - Vehicular,552,Transportation & Storm Water,La Jolla Village Drive-I-805 Ramps,,,Council District: 1; Community Plan: University,23974536,23974536,"This project converts the existing La Jolla Village Drive/Interstate 805 full cloverleaf inter- change configuration to a partial cloverleaf configuration, including widening the overpass structure and approaches to provide three through lanes with an auxiliary lane in each direction. The project also provides for widening La Jolla Village Drive to eight lanes and constructing three lanes to the southbound on-ramp. Bike lanes will be included.",This project is needed to improve traffic circulation and safety in the University community per the North University City Public Facilities Financing Plan - Project C.,0,0,0,0,0,0,0
2014,Trans - Bridge - Vehicular,553,Transportation & Storm Water,Laurel Street Bridge over SR 163,,,Council District: 3; Community Plan: Balboa Park,1220000,1220000,"This project provides for the maintenance, rehabilitation, and seismic retrofitting of the Laurel Street (Cabrillo) Bridge over Highway 163.","This bridge has been identified by Caltrans as requiring maintenance, rehabilitation, and seis- mic retrofiting.",0,0,0,0,0,0,0
2014,Trans - Roadway,554,Transportation & Storm Water,Linda Vista,2015,2015,Council District: 7; Community Plan: Linda Vista,323000,888000,This project provides for lengthening the Genesee Avenue westbound left-turn lanes to 300 feet and re-striping Genesee Avenue to provide an exclusive eastbound right-turn lane. It will also widen Linda Vista Road to provide an exclusive northbound right-turn lane.,This project will improve the traffic flow through the intersection.,0,565000,0,0,0,0,0
2014,Drainage - Storm Drain Pipes,555,Transportation & Storm Water,Manhassett Dr Storm Drain System Upgrade,,,Council District: 9; Community Plan: College Area,385000,385000,This project provides for improved flood control by upgrading the existing pipe and inlet drains and adding new facilities along Manhassett Drive.,This project will alleviate frequent flooding during normal storm events as a result of the cur- rent undersized storm drain.,0,0,0,0,0,0,0
2014,Drainage - Storm Drain Pipes,556,Transportation & Storm Water,Maryland Street Storm Drain Replacement,,,Council District: 2; Community Plan: Uptown,399840,399840,This project involves replacement of existing deteriorated corrugated metal pipe within the right of way easement.,Replacement is required to prevent flooding and potential damage to surrounding structures.,0,0,0,0,0,0,0
2014,Trans - Roadway - Enhance/Scape/Medians,557,Transportation & Storm Water,Median Installation,2015,2019,Council District: Citywide; Community Plan: Citywide,1135963,1685963,This annual allocation provides for the installation and improvements of medians citywide.,This project provides for safety improvements where medians are warranted.,0,150000,100000,100000,100000,100000,0
2014,Trans - Roadway - Erosion/Slope/Ret Wall,558,Transportation & Storm Water,Midway Street Bluff Repair,2015,2015,Council District: 1; Community Plan: La Jolla,128883,228883,This project provides for the repair of the coastal bluff at the west end of Midway Street. Improvements will include enhanced support of the concrete paving and reconstruction of the protective barrier at the top of the bluff.,The coastal bluff at the west end of Midway Street in the Birdrock area eroded during the 2004- 2005 storm season. The protective safety barriers at the bluff collapsed including portions of the concrete pav- ing in the area. The area was temporarily barricaded to protect the public. This project provides for bluff repair and reconstruction of the protective barrier at the top of the bluff.,0,100000,0,0,0,0,0
2014,Trans - Bicycle Facilities (All Class.),559,Transportation & Storm Water,Minor Bike Facilities,2015,2019,Council District: Citywide; Community Plan: Citywide,911501,4661500,"This annual allocation provides for the installation of bike facilities including Class I, Class II, and Class III bike facilities throughout the City.",This project will provide funding for various bike facilities.,0,750000,750000,750000,750000,750000,0
2014,Trans - Roadway - Enhance/Scape/Medians,560,Transportation & Storm Water,Mira Mesa Community Transit Center,,,Council District: 5; Community Plan: Mira Mesa,692000,692000,"This project provides for installation of an off-street transit center at Hillery Drive and Interstate 15. Concrete pads, bus bays, a shelter, and a 300-space park-and-ride facility will be constructed. The Metropol- itan Transit Development Board (MTDB) will design and construct the facility.","The transit center will facilitate transfer activity between existing and planned routes, and will establish a central focal point for transit in the community. It may also tie into either the future Interstate 15 cor- ridor rail or the high-speed express bus system, depending on the results of the Metropolitan Transit Develop- ment Board Interstate 15 advance planning study now underway.",0,0,0,0,0,0,0
2014,Trans - Roadway,561,Transportation & Storm Water,Mira Srnto Pl-Scranton to Vista Sorrento,,,Council District: 6; Community Plan: Mira Mesa,12460253,12460253,This project provides for widening and extending Mira Sorrento Place to a four-lane collector street between Scranton Road and Vista Sorrento Parkway. It includes widening the Mira Sorrento Place/Scran- ton Road intersection.,This project is needed to improve traffic flow and is included in the Council-approved Mira Mesa Community Financing Plan and Facilities Benefit Assessment Document. See Project Number T-56 in the Mira Mesa Public Facilities Financing Plan.,0,0,0,0,0,0,0
2014,Trans - Roadway,562,Transportation & Storm Water,Miramar Road-I-805 Easterly Ramps,,,Council District: 1; Community Plan: University,7048073,7048073,This two-phase project provides for widening Miramar Road to eight lanes from the Interstate 805 easterly on and off-ramps to 300 feet east of Eastgate Mall. It includes dual left-turn lanes at Eastgate Mall. Phase I constructed road improvements west of Eastgate Mall. Phase II will construct an exclusive right turn lane on westbound Miramar Road approaching Eastgate Mall and an exclusive right turn lane on southbound Eastgate Mall.,"This project is needed to improve traffic flow, and is included in the Council-approved North University City Community Plan and Facilities Benefit Assessment Document per the North University City Public Facilities Financing Plan - Project 50.",0,0,0,0,0,0,0
2014,Trans - Ped Fac - Sidewalks,563,Transportation & Storm Water,Mission Beach Boardwalk Bulkhead,,,Council District: 2; Community Plan: Mission Beach,3292225,3292225,"This project provides for preserving the life of the historic Mission Beach bulkhead.The project was separated into five phases based on the pre-design integrity study. The design is focused on the most criti- cal portions of the bulkhead; Phases I and II. These particular phases, in combination, propose to replace 1700 linear feet of boardwalk and 3 foot high seawall spanning between Ventura Place and San Fernando Place. Seg- ments of the seawall and walkway within these limits contain cracks and deterioration as well exposure of rebar which are a major safety concern. In addition, Americans with Disabilities Act (ADA) upgrades of the area are included in the scope of work. One key upgrade will be the ADA ramps within the pop-out openings to provide proper access to the beach.",This project will preserve the life of the bulkhead which was built in 1928.,0,0,0,0,0,0,0
2014,Trans - Ped Fac - Sidewalks,564,Transportation & Storm Water,Mission Beach Brdwalk Bulkhead Phased,2015,2015,Council District: 2; Community Plan: Mission Beach,0,600000,"The existing boardwalk stretches from the southern limits at the Mission Beach Jetty north to Thomas Avenue, a distance of approximately 2.3 miles. Due to the length, traffic usage, and conditions of the existing boardwalk, the overall project construction is separated into five phases. The phases are based on the City's priority criteria for the facilities. A detailed pre-design study dated on April 20, 2012, was prepared for the project. This project will cover phases 3 through 5.",This project will preserve the life of the bulkhead which was built in 1928.,0,600000,0,0,0,0,0
2014,Trans - Bicycle Facilities (All Class.),565,Transportation & Storm Water,Mission Trails RP,,,"Council District: 6; Community Plan: Navajo, Mission Valley",160301,160300,This project provides for various bikeway projects along the San Diego River Bike Path between Mission Trails and Mission Bay in the Mission Valley Community.,"This project will provide safe, as-needed bikeways for bicyclists and pedestrians in the Mission Valley and Navajo communities.",0,0,0,0,0,0,0
2014,Trans - Bridge - Vehicular,566,Transportation & Storm Water,N Harbor Dr Navy Estuary Seismic Retrofit,,,Council District: 2; Community Plan: Peninsula,17584481,17584481,"This project provides for the seismic retrofit of the North Harbor Drive Bridge, which will con- sist of stabilizing the existing piers and joining the paired piers together at the waterline to increase support dur- ing seismic events. Televising of the 87-inch force main is included.",The North Harbor Drive Bridge over Navy Estuary has been identified as a seismically defi- cient bridge by Caltrans. This project will provide safe-use of the bridge once retrofitted.,0,0,0,0,0,0,0
2014,Trans - Bridge - Vehicular,567,Transportation & Storm Water,N Torrey Pines Rd Bridge,,,Council District: 1; Community Plan: Torrey Pines,13980652,13980652,"This project provides for demolishing and reconstructing the North Torrey Pines Road Bridge over Los Penasquitos Creek and for transitionally widening both road approaches from approximately 770 feet south of the bridge to 1,100 feet north of the bridge. Tidal action from Los Penasquitos Lagoon is compromis- ing beach access. Tidal action has become an issue due to the new configuration of the bridge span over the lagoon. Scouring of the access point from the State parking lot is an issue for State maintenance vehicles and beach patrons.",This project provides the replacement of the structurally deficient bridge to promote safe access and regular use.,0,0,0,0,0,0,0
2014,Trans - Roadway - Enhance/Scape/Medians,568,Transportation & Storm Water,N Torrey Pines Roadway,,,Council District: 1; Community Plan: University,4747000,4747000,"This project provides for median curb, gutter, drainage, and landscaping improvements, from 600 feet north of Genesee Avenue to the State Reserve boundary including the Callan Road intersection.",This project will improve safety and drainage on North Torrey Pines Road per the North Uni- versity City Public Facilities Financing Plan - Project D.,0,0,0,0,0,0,0
2014,Trans - Ped Fac - Sidewalks,569,Transportation & Storm Water,New Walkways,2015,2019,Council District: Citywide; Community Plan: Citywide,4994059,10708573,This annual allocation provides for the construction of sidewalks citywide.,This project provides permanent sidewalks to promote pedestrian safety and access.,0,1714515,1000000,1000000,1000000,1000000,0
2014,Trans - Roadway - Street Lighting,570,Transportation & Storm Water,North Park Lighting Improvements,,,Council District: 3; Community Plan: Greater North Park,487860,487860,This project provides for the installation of the final set of street lights within the boundaries of the North Park Maintenance Assessment District (MAD).,This project provides streetlighting to promote safe pedestrian access and use.,0,0,0,0,0,0,0
2014,Trans - Roadway,571,Transportation & Storm Water,North Torrey Pines Road @ Genesee Avenue,,,Council District: 1; Community Plan: University,9573775,9573775,"This project provides for the reconstruction of Genesee Avenue at Torrey Pines Road and John Jay Hopkins Drive. The proposed changes include rebuilding the intersection of Genesee Avenue/North Torrey Pines Road, widening Genesee Avenue and North Torrey Pines Road north of Genesee Avenue to a six-lane pri- mary arterial, and widening North Torrey Pines Road south of Genesee Avenue to a six-lane major street. The limits of the widening are easterly to John Jay Hopkins Drive, southerly to Torrey Pines Scenic Drive, and to 500 feet north of the North Torrey Pines Road/Genesee Avenue intersection. This project also provides for Class II bicycle lanes. See Project Number E in the North University City Public Facilities Financing Plan.",This project will improve sight distance through the intersection and provide additional left turn storage capacity on Genesee Avenue at John Jay Hopkins Drive and University of California entrance.,0,0,0,0,0,0,0
2014,Trans - Roadway,572,Transportation & Storm Water,Ocean View Hills Parkway,,,Council District: 8; Community Plan: Otay Mesa,15058237,15058237,"This project provides for reimbursing the developer for the City's share of the design and con- struction of Ocean View Hills Parkway (Phases II and III) from Dennery Road to Otay Mesa Road. The project includes approximately 5,200 linear feet of a four-lane major street and 4,900 linear feet of a six-lane major street. See projects T2.1, T2.2, and T2.3 in the Otay Mesa Public Facilities Financing Plan.","The transportation element of the Otay Mesa Community Plan recommends that an integrated transportation network will provide mobility, accessibility, and safety for the residences and businesses travel- ing to, from, and through the community.",0,0,0,0,0,0,0
2014,Trans - Roadway,573,Transportation & Storm Water,Old Otay Mesa Road-Westerly,2015,2015,"Council District: 8; Community Plan: Otay Mesa, Otay Mesa - Nestor",9361896,11536671,"This project provides for design and construction of Old Otay Mesa Road from the Princess Park Subdivision (Cresent Bay Drive) to the Remington Hills Subdivision (Hawken Drive). This project includes approximately 2,400 linear feet of a two-lane collector street, sidewalks, curb, gutter, street lighting, new road- way sections, guardrail, and traffic calming facilities.","The transportation element of the Otay Mesa Community Plan suggests that an integrated trans- portation network will provide mobility, accessibility, and safety for persons traveling to, from, and through the community.",0,2174775,0,0,0,0,0
2014,Trans - Roadway,574,Transportation & Storm Water,Otay Mesa Truck Route Phase 4,2015,2016,Council District: 8; Community Plan: Otay Mesa,2600000,16850000,This Phase IV project provides for the construction of an additional lane to the existing Otay Truck Route from La Media Road to Drucker Lane and for the extension of the Truck Route (two lanes) from Britannia Boulevard to La Media Road and along Britannia Boulevard from the border to Britannia Court.,The Phase IV additional lane and extension of the Truck Route will remove cargo traffic from local streets and further expedite international truck traffic southbound into Mexico at the Otay Mesa Port of Entry.,9350000,2400000,2500000,0,0,0,0
2014,Trans - Ped Fac - Accessibility Improve,575,Transportation & Storm Water,Pacific Beach Curb Ramp Barrier Removal,,,Council District: 2; Community Plan: Pacific Beach,50000,370000,"This project will provide for curb ramps, curbs, gutters, sidewalks, street overlay, new curb inlets, cleanouts, Americans with Disabilities Act (ADA) pedestrian push buttons, a median curb, and traffic striping at the intersection of Pacific Beach Drive and Mission Boulevard.",This project location is in a heavily used area. One or more ADA complaints have been received. The improvements are needed for disabled access in the public right-of-way for compliance with cur- rent ADA standards.,320000,0,0,0,0,0,0
2014,Trans - Signals - Traffic Signals,576,Transportation & Storm Water,Pacific Highlands Traffic Signals,,,Council District: 1; Community Plan: Pacific Highlands Ranch,2400000,2400000,This reimbursement project provides for installing up to 16 different traffic signals within the Pacific Highlands Ranch Community.,These signals will be installed as part of the traffic control system for the Pacific Highlands Ranch community. They are needed to accommodate the increase in traffic generated by this community.,0,0,0,0,0,0,0
2014,Trans - Ped Fac - Accessibility Improve,577,Transportation & Storm Water,Pacific Hwy Curb Ramp Barrier Removal,,,Council District: 2; Community Plan: Midway - Pacific Highway,450000,450000,"This project will provide for curb ramps, curbs, gutters, sidewalks, a new storm drain inlet, streetlights, and traffic striping on Pacific Highway at Estudillo Street, Bandini Street, and Sutherland Street.",The project location is a highly used area. One or more Americans with Disabilities Act (ADA) complaints have been received. The improvements are needed for disabled access in public right-of-way for compliance with current ADA standards.,0,0,0,0,0,0,0
2014,Trans - Bridge - Vehicular,578,Transportation & Storm Water,Palm Avenue Interstate 805 Interchange,,,"Council District: 8; Community Plan: Otay Mesa, Otay Mesa - Nestor",11187886,11187886,"This project provides for improving the Palm Avenue/Interstate 805 Interchange in three phases. The first phase has been completed which included restriping of travel lanes and signal modification. The sec- ond phase consists of environmental determination and design of the project; construction repairs to the bridge approaches and abutments; bridge widening to the south; installation of sidewalk and signals; restriping; and signage modifications. The third phase consists of construction of the bridge widening to the north; relocation of north bound on/off ramps and widening of the two on-ramps. All three phases of the project improvements per the Otay Mesa Public Facility Financing Plan (Projects T1.1, 1.2, 1.3, and 1.4).",This project is required to accommodate the additional traffic generated as a result of develop- ment in the Otay Mesa Community. Improvements to this interchange will also help to reduce traffic volumes on State Route 905.,0,0,0,0,0,0,0
2014,Trans - Roadway,579,Transportation & Storm Water,Palm Avenue Roadway Improvements,,,Council District: 8; Community Plan: Otay Mesa - Nestor,4617209,4617209,"This project provides for vehicular and pedestrian safety improvements on Palm Avenue from Beyer Way to Del Cardo Avenue. The improvements include installation of raised center medians, turn pockets, traffic signals, pedestrian refuge areas, crosswalks, striping, and signage. Subsequent phases of this project may include further analysis of the pedestrian and streetscape aspects of the project area.",These improvements will benefit the community by increasing the safety and flow of traffic.,0,0,0,0,0,0,0
2014,Trans - Ped Fac - Accessibility Improve,580,Transportation & Storm Water,Park Boulevard and Essex Street,,,Council District: 3; Community Plan: Uptown,350000,350000,"This project provides for the realignment of the existing crosswalk, installs in-roadway lighting systems at the crosswalk, and provides pop-outs to improve safety and walkability for pedestrians.",This project will enhance safety and walkability for pedestrians.,0,0,0,0,0,0,0
2014,Trans - Bicycle Facilities (All Class.),581,Transportation & Storm Water,Poway Road Bicycle Path - Class I,,,Council District: 5; Community Plan: Sabre Springs,2580000,2580000,"This project provides for the construction of a Class I bicycle path (combined pedestrian and bicycle travel) easterly along the south side of Poway Road from the I-15/Poway Road interchange to Sabre Springs Parkway, approximately 1,950 feet in length.","The Sabre Springs Community Plan encourges the development of a system of bikeways within the community, tying into the regional bicycle network.",0,0,0,0,0,0,0
2014,Trans - Bicycle Facilities (All Class.),582,Transportation & Storm Water,Rancho Bernardo Bikeway,,,Council District: 5; Community Plan: Rancho Bernardo,250000,250000,This project provides for the installation of three miles of Class II bike lanes on West Bernardo Drive from Rancho Bernardo Road to Aguamiel Road and on Bernardo Center Drive from West Bernardo Drive to Rancho Bernardo Road.,"This project completes gaps in the Rancho Bernardo community bicycle network, and connects to regional bicycle facilities. It also improves bicycle access to a number of community facilities, including a transit center, library, and schools.",0,0,0,0,0,0,0
2014,Trans - Roadway,583,Transportation & Storm Water,Regents Rd Widening-Genesee to Executive,2015,2015,Council District: 1; Community Plan: University,5375000,6045000,"This project provides for widening Regents Road to a modified four-lane major street from Genesee Avenue to Executive Drive, relocation of the Genesee Avenue/Regents Road intersection to the east, and bike lanes.",This project is needed to improve traffic flow and is included in the Council-approved North University City Community Financing Plan - Project 13 and Facilities Benefit Assessment Document.,0,670000,0,0,0,0,0
2014,Trans - Bridge - Vehicular,584,Transportation & Storm Water,Regents Road Bridge,2017,2017,Council District: 1; Community Plan: University,6737799,31554476,"This project provides for an 870-foot bridge spanning the AT&SF Railroad and a portion of the flood plain. Additionally, this project provides for a four-lane major street with Class II bike lanes on Regents Road from the AT&SF railroad bridge to 100 feet north of Lahitte Court as well as widening the existing half width street to a four-lane major street from 100 feet north of Lahitte Court to Governor Drive, including Class II bike lanes. In addition, the project recreational improvements in the canyon, which include limiting noise to the greatest extent possible, traffic calming, walkability, profile/light penetration structure design, habitat resto- ration, recreational improvements for pedestrians, and bike access trails.",This project will complete Regents Road and provide continuous access to northern communi- ties. This project is included in the Council-approved North University City Financing Plan and Facilities Ben- efit Assessment Plan (Project NUC-18).,0,0,0,24816677,0,0,0
2014,Trans - Signals - Traffic Signals,585,Transportation & Storm Water,Replace Obsolete T/S Controllers,,,Council District: Citywide; Community Plan: Citywide,101815,101815,This annual allocation provides for replacing obsolete and/or out-of-production traffic signal (T/ S) controller units.,"Present day requirements for coordinated signal operation, protected left turns, and emergency vehicle preemption are increasingly difficult or impossible to incorporate into some older controller units now in service. Older units function with moving parts and electrical contacts, both of which are subject to wear. Maintenance costs are increasing and parts are becoming difficult to find. The new controllers are solid-state, less costly to maintain, and more adaptable to today's needs.",0,0,0,0,0,0,0
2014,Trans - Roadway,586,Transportation & Storm Water,Resurfacing of City Streets,2015,2019,Council District: Citywide; Community Plan: Citywide,65265460,469174736,"This annual allocation provides for roadway resurfacing, repair, and reconstruction.","This project provides for resurfacing, repair, and reconstruction of City streets, which are nec- essary to maintain the streets in serviceable condition and to mitigate roadway deterioration.",249306331,55192945,40480000,43930000,6000000,9000000,0
2014,Drainage - Best Mgt Practices (BMPs),587,Transportation & Storm Water,Rose & Tecolote Creeks Water Quality Improvements,,,Council District: 6; Community Plan: Clairemont Mesa,1085119,1085119,This project proposes Storm Water Best Management Practices (BMP) to address pollutants of concern in the Tecolote Creek sub-watershed. A green street consisting of several biofiltration basins will be constructed at various points in the neighborhood around Mount Abernathy Avenue. The basins will reduce the amount of storm water runoff that reaches the storm drain system.,This project addresses pollutants of concern within the Rose and Tecolote Creek watersheds which satisfies the watershed-based water quality activity requirements in the Regional Water Quality Board's Municipal Storm Water Permit.,0,0,0,0,0,0,0
2014,Trans - Bicycle Facilities (All Class.),588,Transportation & Storm Water,Rose Creek Bikeway,,,"Council District: 2, 6; Community Plan: Mission Bay Park, Pacific Beach",5800000,5800000,This project provides for design and construction of a pedestrian/bicycle bridge across Rose Creek and a paved Class I bike path to connect the westerly end of the new bridge to Pacific Beach Drive.,This project will close a gap in the existing network of bike paths and lanes in Mission Bay Park. The project will allow pedestrians and bicyclists to circumvent a much longer existing route along Grand Avenue.,0,0,0,0,0,0,0
2014,Trans - Roadway,589,Transportation & Storm Water,Rosecrans Street Corridor Improvements,,,"Council District: 2; Community Plan: Midway - Pacific Highway, Peninsula",1448326,1448325,"This project provides for improvements to the former State Route 209, which includes all or parts of Camino del Rio West, Rosecrans Street, Canon Street, Catalina Boulevard, and Cabrillo Memorial Drive. Project scope could include but is not limited to construction of sidewalks, modification of existing traf- fic signals, traffic calming measures, and bicycle facility improvements.",Redevelopment in the area resulted in increased traffic and pedestrian activity.,0,0,0,0,0,0,0
2014,Trans - Bicycle Facilities (All Class.),590,Transportation & Storm Water,Ruffin Road,,,"Council District: 6, 7; Community Plan: Kearny Mesa",177200,177200,This proposed project will install 3.25 miles of Class II Bikeways from Kearny Villa Road to Murphy Canyon Road and upgrade the existing Class III facility on Murphy Canyon Road between Aero Drive to city limits that will connect to Murphy Canyon Road Bike Path.,This project will provide north and south connectivity to other bikeways within the city and will provide a safer route of travel for bicyclists.,0,0,0,0,0,0,0
2014,Trans - Bridge - Vehicular,591,Transportation & Storm Water,SR 163,,,Council District: 6; Community Plan: Kearny Mesa,15721200,15721200,This project provides for improving Clairemont Mesa Boulevard/State Route 163 to six-lane prime arterial standards. Phase I of the project consists of bridge widening and ramp realignment on the eastern side of the interchange. Phase II consists of ramp realignment on the western side. The interchange will be re- configured to eliminate existing loop on-ramps. The ramps will be re-configured to intersect Clairemont Mesa Boulevard at standard signalized intersections. High-occupancy vehicle/bus bypass lanes will be incorporated on the on-ramps.,"These improvements will eliminate existing pedestrian/bike high-speed crossings and all vehi- cle, bike, and pedestrian moves will be controlled, thus improving safety. Transit movement through the inter- change area will be greatly enhanced.",0,0,0,0,0,0,0
2014,Trans - Bridge - Vehicular,592,Transportation & Storm Water,SR 163,2015,2016,Council District: 7; Community Plan: Mission Valley,15864783,131100868,"This project provides for construction of a new southbound State Route 163 to westbound Friars Road off-ramp, widening of the Friars Road overcrossing structure to eight lanes extending to Frazee Road, construction of a third westbound lane on Friars Road to Fashion Valley Road, the addition of an exclusive right-turn lane on southbound Frazee Road to westbound Friars Road, other modifications to the existing on and off-ramps, and improvements to the existing State Route 163 southbound travel lanes to improve the weaving problems. This project also includes an auxiliary lane on southbound State Route 163 from Genesee Avenue to westbound Interstate 8, which requires major structural work to widen the bridge over the San Diego River. Additionally, over 5,300 feet of retaining walls will need to be constructed along State Route 163 and Friars Road, including one that is over 30 feet high. Friars Road widening and ramp improvements at Friars Road will be constructed with Phase I.",This project will alleviate some of the severe traffic delays along Friars Road due to new devel- opment in Mission Valley and the backup that occurs on the existing southbound off-ramp because of the weav- ing situation with the southbound on-ramp.,77086159,14149927,24000000,0,0,0,0
2014,Trans - Roadway,593,Transportation & Storm Water,SR 56-Carmel Country to Black Mountain,,,"Council District: 1, 5; Community Plan: Los Penasquitos Canyon Preserve (RPQ, Sabre Springs, Rancho Penasquitos,",17721479,17721479,"This project provides for the State Route 56 freeway between the Carmel Valley and Rancho Penasquitos communities. A four-lane freeway will be constructed with interchanges at Black Mountain Road, Camino Santa Fe, and Camino Del Sur. This project will provide the necessary right-of-way and prepare the grade for a six-lane freeway. In addition, this project provides for the bikepath through the State Route 56 corri- dor, and a future project is planned for a bikepath interchange at Camino Del Sur. The preparation of project report and environmental document for the remaining Interstate 5/State Route 56 connector ramps is budgeted under S-00707, Interstate 5/State Route 56 Freeway Connectors.",This project is needed to provide an east-west connection between Interstate 5 and Interstate 15.,0,0,0,0,0,0,0
2014,Trans - Roadway,594,Transportation & Storm Water,SR94,2017,2017,Council District: 4; Community Plan: Southeastern (Encanto Neighborhoods),744800,3794800,"The State Route 94/Euclid Avenue interchange is an uncontrolled intersection with higher than average accident rates. The Euclid Avenue overpass crosses State Route 94, one of the region's most important east-west connections. The City of San Diego is considering improvements to the interchange to enhance safety features through this corridor and the optimization of the level of service for both Euclid Avenue and State Route 94.",The project will evaluate the State Route 94 / Euclid Avenue Interchange for improvements to enhance Level of Service of the interchange and safety improvement measures for all modes of transportation.,0,0,0,3050000,0,0,0
2014,Trans - Bicycle Facilities (All Class.),595,Transportation & Storm Water,San Diego River Multi-Use Path,,,Council District: 7; Community Plan: Mission Valley,1819000,1819000,"This project provides for a multi-use pedestrian and bicycle path under State Route 163 from Hazard Center Drive to Fashion Valley Mall on the north side of the San Diego River. The project includes a paved bicycle and pedestrian path, visitor kiosk, striping, signage, bollards, and lighting for the path underneath State Route 163.",This project is part of the Bicycle Master Plan to guide the development and the creation of a firm foundation for a bicycle-friendly environment to serve bicyclists and pedestrians throughout the City. These improvements will benefit the community by increasing the mobility and safety through the enhancement of the bicycle path environment.,0,0,0,0,0,0,0
2014,Drainage - Storm Drain Pipes,596,Transportation & Storm Water,San Remo Way Storm Drain,,,Council District: 2; Community Plan: Peninsula,305000,305000,This project provides for improved flood control by upgrading the existing pipe along San Remo Way.,This project will alleviate frequent flooding during normal storm events as a result of the cur- rent undersized storm drain.,0,0,0,0,0,0,0
2014,Trans - Ped Fac - Sidewalks,597,Transportation & Storm Water,Saturn Blvd Roadway Improvements,,,Council District: 8; Community Plan: Otay Mesa - Nestor,1195720,1195720,"This project provides for the widening of the west side of Saturn Boulevard, north of Grove Street. The project includes new pavement, with approximately 980 linear feet of new curb, gutter and side- walk, pedestrian ramps, retaining wall, drainage improvements and relocation of existing above ground utilities.",The project is located adjacent to a school where students disembark from a school bus and then walk to school via this route. This project would provide a safer pedestrian route for the students and also improve surface drainage.,0,0,0,0,0,0,0
2014,Trans - Ped Fac - Sidewalks,598,Transportation & Storm Water,School Traffic Safety Improvements,2015,2019,Council District: Citywide; Community Plan: Citywide,911722,1811722,"This annual allocation provides for the installation of traffic control devices, sidewalks, signal modifications, and other improvements that will serve to improve safety surrounding schools. This allocation can also be used to match State or federal grants for this purpose.",The Public Safety and Neighborhood Services Committee of the City Council requested that this program be instituted in order to proactively respond to school traffic safety problems in the City.,0,200000,100000,200000,200000,200000,0
2014,Trans - Roadway - Enhance/Scape/Medians,599,Transportation & Storm Water,Scripps Ranch,,,Council District: 5; Community Plan: Scripps Miramar Ranch,1077994,1077994,"This project provides for median improvements on Scripps Ranch Boulevard between Hibert Street and Mira Mesa Boulevard and on Mira Mesa Boulevard from Interstate 15 to Scripps Ranch Boulevard. Bike lanes will also be added along Mira Mesa Boulevard. The improvements on Mira Mesa Boulevard will be done by a developer reimbursement agreement, and includes a new traffic signal and mid-block crosswalk at the Hibert Street driveway, restricting u-turns during peak hours for east bound to west bound Mira Mesa Boule- vard at Scripps Ranch Boulevard, and accommodating u-turns at the Scripps Ranch Boulevard and Erma Road intersection. The City will be responsible for the improvements on Scripps Ranch Boulevard.",This portion of Scripps Ranch Boulevard and Mira Mesa Boulevard is classified as a four-lane major street. The median improvement will improve vehicle access and operations per the Scripps Miramar Ranch Public Facilities Financing Plan - Project 34-2A and Project 34-2B.,0,0,0,0,0,0,0
2014,Trans - Bridge - Vehicular,600,Transportation & Storm Water,Sea World Dr,2016,2017,Council District: 6; Community Plan: Mission Bay Park,4000000,120163209,"This project proposes to realign and widen the southbound off-ramp, reconfigure the off-ramp intersection to eliminate the free right turn onto Sea World Drive, widen the eastbound approach to the south- bound on-ramp, and increase storage on the overcrossing for the eastbound to northbound left turn at the north- bound on-ramp. In addition, this alternative proposes to provide a loop on ramp to northbound Interstate 5 from eastbound Sea World Drive. The eastbound and westbound approaches would be modified to provide required storage and the entire interchange would be relocated approximately 30-feet to the south to accommodate phased construction of a new overcrossing. In addition, when funding is identified, Sea World Drive will be widened to six lanes between Sea World Way and Interstate 5.",Widening Sea World Drive to six lanes and improving the Sea World Drive/Interstate 5 inter- change are necessary to meet existing and forecasted traffic volumes.,105438300,0,5455393,5269516,0,0,0
2014,Trans - Ped Fac - Sidewalks,601,Transportation & Storm Water,Sidewalk Repair and Reconstruction,2015,2019,Council District: Citywide; Community Plan: Citywide,1198913,4598913,"This annual allocation provides for the replacement of damaged sidewalks, curbs, and gutters Citywide.","This project replaces sidewalks, curbs, and gutters which have been damaged by City trees in areas near schools and parks and contributes to the City's ongoing efforts to promote walking as a mode of transportation.",0,1800000,400000,400000,400000,400000,0
2014,Trans - Ped Fac - Sidewalks,602,Transportation & Storm Water,Skyline Drive Improvements,,,Council District: 4; Community Plan: Skyline - Paradise Hills,2877294,2877294,"This project provides for improvements along Skyline Drive from 58th Street to Cardiff Street. These improvements include hardscape medians, traffic signal modifications, pavement enhancements, street lights, bus stops, pedestrian crossing improvements, traffic calming, and community signs.","The hardscaped medians, street lighting, and other proposed improvements will provide reduc- tion in vehicle travel delay at many intersections. In addition, the proposed improvements will increase pedes- trian and vehicular safety, particularly near many schools along the corridor. The project will also improve corridor walkability and add bicycle lanes that will provide connectivity to existing bicycle lanes.",0,0,0,0,0,0,0
2014,Trans - Roadway,603,Transportation & Storm Water,Sorrento Valley Rd & I5 Interchange,,,Council District: 1; Community Plan: Torrey Pines,4194892,4194892,"The purpose of the project is to provide studied for traffic relief of local roadways within the Interstate-5/Sorrento Valley Road Interchange. Key stakeholder agencies (Caltrans, SANDAG, and NCTD) make up the Project Development Team (PDT) and are committed to the development and evaluation of project alternatives to enhance traffic flow and safety that will accomodate all modes of travel within the project site.",Traffic flow within the area is operating at low level of service and is severly impacted by stop- page for trains at the Coaster Station.,0,0,0,0,0,0,0
2014,Trans - Bicycle Facilities (All Class.),604,Transportation & Storm Water,State Route 15 Bikeway Study,,,"Council District: 3, 9; Community Plan: City Heights (Mid-City)",2595386,2595386,This project provides for the construction of a bike route on the east side of State Route 15 from Landis Street to Adams Avenue.,This project provides the needed bikeway/bike path parallel with State Route 15 from Landis Street to Adams Avenue.,0,0,0,0,0,0,0
2014,Trans - Bicycle Facilities (All Class.),605,Transportation & Storm Water,State Route 56 Bike Interchanges,2019,2019,"Council District: 1; Community Plan: Black Mountain Ranch, Del Mar Mesa, Pacific Highlands Ranch, Rancho Penas-",1375566,10029974,"This project will provide for a bicycle path interchange and community connection points at Black Mountain Road, Camino Del Sur, Rancho Del Sol Way, and Torrey Meadows Drive along State Route 56.",Bicyclists and pedestrians traveling the SR-56 bicycle path and needing to cross through the interchange areas have to contend with high volumes of conflicting vehicular traffic. This project will expedite the movements along the bicycle path through and connecting to the interchange areas.,7222940,0,0,0,0,1431468,0
2014,Trans - Roadway,606,Transportation & Storm Water,State Route 56 Freeway Expansion,2015,2020,"Council District: 1; Community Plan: Torrey Highlands, Black Mountain Ranch, Pacific Highlands Ranch, Del Mar",1000000,152000000,This project provides for the conversion of the four-lane freeway into a six-lane facility. High occupancy vehicle lanes can be accomodated within the center median at some point in the future once regional funding is identified. This project will be completed in multiple phases as funding becomes available.,"Due to the regional servicing nature of this freeway, it is anticipated that federal, State, or other outside funding for this segment of SR-56 will be obtained. In the absence of these other funding sources, development within the individual subareas of the North City Future Urbanizing area may be required to advance the cost of this project. See Project Page T-1.2B in the Torrey Highlands Public Facilities Financing Plan.",119000000,3000000,3000000,0,0,17409000,8591000
2014,Trans - Roadway - Street Lighting,607,Transportation & Storm Water,Stockton Street Lights,,,Council District: 8; Community Plan: Southeastern San Diego,235443,235443,"This project will install 25 streetlights in the Memorial, Stockton, and Grant Hill neighborhoods of Southeast San Diego. The proposed method of installation requires resident and Council office approvals.","The street lights will improve the safety of pedestrian route to the new Logan Heights Library, the Clay Street Park, the Memorial Recreation Center, and the Stockton Recreation Center.",0,0,0,0,0,0,0
2014,Trans - Roadway,608,Transportation & Storm Water,Streamview Drive Improvements,2015,2015,Council District: 4; Community Plan: City Heights (Mid-City),1725000,3275000,"This project provides for the installation of new raised median, new sidewalk including curb and gutter, and traffic circles on Streamview Drive from 54th Street to College Avenue.","This project provides for safety/capacity improvements on Streamview Drive from 54th Street to College Avenue to reduce excessive speeds, increase safety, and enhance visual impacts.",0,1550000,0,0,0,0,0
2014,Trans - Roadway - Street Lighting,609,Transportation & Storm Water,Street Light Circuit Upgrades,,,Council District: Citywide; Community Plan: Citywide,3303000,36650000,This annual allocation provides for the replacement of obsolete street light series circuits.,Series circuits are over 70 years old and no longer meet current standards and they constantly have maintenance problems which impact a large number of lights.,33347000,0,0,0,0,0,0
2014,Trans - Bicycle Facilities (All Class.),610,Transportation & Storm Water,TDA Bicycle Rings and Racks,,,Council District: 9; Community Plan: Citywide,50000,50000,This project will install bike rings and racks citywide and will promote bicyclist safety.,The project encourages bicycling as a viable commuting or recreational option.,0,0,0,0,0,0,0
2014,Trans - Roadway - Erosion/Slope/Ret Wall,611,Transportation & Storm Water,Talbot Street Slope Restoration,,,Council District: 2; Community Plan: Peninsula,3672435,3672435,This project provides for the stabilization of the slope adjacent to Talbot Street at Martinez Street.,The winter storms of 2004 and 2005 eroded the steep slope adjacent to Talbot Street and threat- ened the houses at the top of the slope. This project is eligible for Federal Highways Adminstration (FHWA) reimbursement.,0,0,0,0,0,0,0
2014,Trans - Bridge - Pedestrian,612,Transportation & Storm Water,Ted Williams Pkwy Bridge,,,Council District: 5; Community Plan: Carmel Mountain Ranch,4669547,4669547,This project provides for construction of a pedestrian bridge along Shoal Creek Drive to facili- tate crossing Ted Williams Parkway.,The intersection is in close proximity to Shoal Creek Elementary School and has a high volume of children crossing Ted Williams Parkway. This project will increase pedestrian safety and was requested by City Council and the community.,0,0,0,0,0,0,0
2014,Trans - Ped Fac - Sidewalks,613,Transportation & Storm Water,Texas St fr Cam Del Rio S to El Caj Blvd,,,"Council District: 3, 7; Community Plan: Mission Valley, Greater North Park",725560,725560,This project provides for reimbursement to a developer for the design and construction of pedes- trian lighting and a new sidewalk from Camino Del Rio South to Madison Avenue.,This project is in accordance with the City of San Diego Regional Transportation Congestion Improvement Program (RTCIP) Funding Program.,0,0,0,0,0,0,0
2014,Trans - Bridge - Vehicular,614,Transportation & Storm Water,Torrey Meadows Drive Overcrossing,,,Council District: 1; Community Plan: Torrey Highlands,9115000,9115000,"This project provides for the design and construction of a two-lane overcrossing of Torrey Meadows Drive over State Route 56. This project will include the bridge approaches on each side of the bridge, approximately 200 linear feet of a two-lane local collector road, together with any right-of-way not previously acquired as part of the State Route 56 project. The City has a reimbursement agreement with developer to pro- vide design and construction specifications for future construction of project.","This two-lane connection will provide access to the neighborhood park, elementary and high schools, and the local mixed use zone for those properties south of State Route 56. The project should alleviate traffic congestion on the Camino Del Sur Interchange and provide enhanced traffic flow.",0,0,0,0,0,0,0
2014,Trans - Roadway,615,Transportation & Storm Water,Torrey Pines Improvements Phase I,2017,2017,Council District: 1; Community Plan: La Jolla,900000,15400000,"This project provides for missing sidewalk segments, curb ramps, and reconstructing driveways along the north side of Torrey Pines Road from La Jolla Parkway to Prospect Place, as well as new sidewalk, retaining walls, curb ramps, and reconstructing driveways along the south side of Torrey Pines Road from Calle Juela and Roseland Drive. Future phases may include improvements such as guardrails, median improvements, sidewalks, traffic signals and lighting, and installation of bike lanes and striping modifications.","Improvements are needed on Torrey Pines Road between La Jolla Parkway and Prospect Place in order to accomodate existing and future traffic volumes, and to provide for roadway features to enhance safety and traffic flow for vehicles, bicycles and pedestrians. A Corridor Study has been completed and poten- tial improvements have been identified to enhance traffic safety and walkability along the Torrey Pines Road corridor.",13000000,0,0,1500000,0,0,0
2014,Trans - Roadway - Erosion/Slope/Ret Wall,616,Transportation & Storm Water,Torrey Pines Road Slope Restoration,,,Council District: 1; Community Plan: La Jolla,3686220,3686220,This project provides for reconstructing a 350-foot section of earthen slope along the south side of Torrey Pines Road between Little Street and Roseland Drive.,The existing slope is eroding. This project will eliminate the possibility of soil slough landing in the travel lane of a primary arterial street.,0,0,0,0,0,0,0
2014,Trans - Signals - Traffic Signals,617,Transportation & Storm Water,Traffic Calming,2015,2019,Council District: Citywide; Community Plan: Citywide,4098638,9402638,This annual allocation provides for installing traffic control measures on an as-needed basis. These improvements respond to a variety of traffic concerns such as speeding motorists and shortcutting traffic. Solutions used may include the construction of flashing beacons and geometric design features such as road humps and traffic islands.,"This annual allocation is needed to improve safety by mitigating traffic problems on streets such as speeding, shortcutting traffic, and the need for increased pedestrian safety.",0,1304000,1000000,1000000,1000000,1000000,0
2014,Trans - Signals - Traffic Signals,618,Transportation & Storm Water,Traffic Signals - Citywide,2015,2019,Council District: Citywide; Community Plan: Citywide,2717444,6892444,This annual allocation provides for the installation of traffic signals at high-priority locations and the City's share of the costs of traffic signals undertaken in cooperation with others.,"The City maintains an inventory of candidate intersections which are periodically surveyed for significant changes in operating conditions. Installing traffic signals in select intersections provides for the orderly movement of traffic, increased traffic handling capacity, reduced frequency of accidents, and for improved traffic flow. Signals also permit vehicles and pedestrians from a minor street to enter or cross contin- uous traffic on the major street. The criteria for installing traffic signals are governed by Council Policy 200-6.",0,1375000,550000,750000,750000,750000,0
2014,Trans - Signals - Traffic Signals,619,Transportation & Storm Water,Traffic Signals Modification,2015,2019,Council District: Citywide; Community Plan: Citywide,6360825,11286147,"This annual allocation provides for upgrading existing traffic signals as necessary to improve traffic flow and promote safety. Improvements may include conversion from post-mounted to mast-arm- mounted indicators, addition of pedestrian signals, and additional phases to accommodate separate turning moves.","The City maintains an ongoing program to promote safety within the public right-of-way. Anal- ysis of accident patterns at a particular location often shows that some minor improvement would help to reduce the number and/or severity of accidents. In addition, increasing traffic volumes and changing traffic patterns typically reduce the effectiveness and efficiency of existing traffic signal controls at certain intersections, war- ranting upgrades.",0,1255801,519521,1050000,1050000,1050000,0
2014,Trans - Roadway,620,Transportation & Storm Water,Transportation Grant Match,,,Council District: Citywide; Community Plan: Citywide,100000,100000,This annual allocation provides funding for matching fund obligations to transportation grant projects for various types of transportation grants.,"In order to qualify for future additional grant funds, the City may be required to ensure that matching funds are available or projects may need supplemental funds to continue.",0,0,0,0,0,0,0
2014,Trans - Roadway,621,Transportation & Storm Water,Triple Pipe Crossing Dennery Road,,,Council District: 8; Community Plan: Otay Mesa,119246,119246,This project provides for constructing a triple pipe arch culvert beneath Dennery Road where the road spans Dennery Canyon to maintain the continuity of the Dennery Canyon Open Space link with the Otay River Valley and to accommodate the existing wildlife movement.,"The alignment of Dennery Road will bisect a key wildlife corridor within the Otay Mesa Com- munity. In order to minimize the disturbance, a wildlife undercrossing is proposed to provide an unobstructed corridor for wildlife movement between Dennery Canyon and the Otay River Valley.",0,0,0,0,0,0,0
2014,Trans - Roadway - Enhance/Scape/Medians,622,Transportation & Storm Water,University Avenue Mobility,2015,2017,Council District: 3; Community Plan: Greater North Park,3829686,5780000,"This project provides for the University Avenue Mobility Project-Phase I (UAMP-Phase I), which is a subset of the improvements planned in the larger University Avenue Mobility Plan. Since funding for the entire project is not available at this time, the Phase I project was developed by combining selected portions of the UAMP that would provide the greatest benefits, focusing on the commercial core of the corridor. The major elements of the UAMP-Phase I are restriping to provide a painted median, left turn pockets at signalized intersections and improved lane widths, installation of raised medians in the core area, installation of enhanced pedestrian crosswalks, repainting of existing crosswalks, removal of parallel on-street parking, and re-striping select side streets to provide angled parking on both sides of the street.","This project will significantly improve safety and mobility along the corridor for pedestrians, bicyclists, transit, and automobile traffic.",0,750314,0,1200000,0,0,0
2014,Trans - Bicycle Facilities (All Class.),623,Transportation & Storm Water,University,,,Council District: 3; Community Plan: Greater North Park,520000,520000,"This project provides for the restriping of University Avenue from east of Florida Street to the west side of Mississippi Street, including the two intersections of University Avenue at Alabama Street to pro- vide a center refuge median and wider travel lanes to improve bicycle and pedestrian safety. This project will provide for the removal of parking on both sides of the street and eliminate left turns in and out of both intersec- tions of University Avenue and Alabama Street.",This project will provide a center refuge median and wider travel lanes to improve bicycle and pedestrian safety.,0,0,0,0,0,0,0
2014,Trans - Roadway,624,Transportation & Storm Water,Utilities Undergrounding Program,,,Council District: Citywide; Community Plan: Citywide,84672876,84672875,"This annual allocation provides for additional underground conversion projects to augment the California Public Utilities Commission (CPUC) Rule 20A projects as well as provides for the necessary admin- istrative expenses, conversion of City-owned street lighting, and resurfacing of roadways associated with the undergrounding of utilities.","The CPUC mandates that local utility companies allocate funding for undergrounding of utili- ties at the direction of the local municipality. San Diego Gas and Electric (SDG&E), AT&T, and the cable com- panies spend several million dollars annually to underground overhead facilities. The City must provide the utility companies with a priority listing of projects, aid coordination, establish underground utility districts, and give informational support. Construction costs for undergrounding are paid by utility companies in accordance with Public Utilities Commission Decisions 73078, 820118, and Case 8209. If not provided with administrative support, millions of dollars of utility company construction money could go unused. Additional underground conversion projects are funded through the City Undergrounding Surcharge Fund. This fund is used solely for the undergrounding of utilities and cannot be used for other purposes.",0,0,0,0,0,0,0
2014,Trans - Roadway,625,Transportation & Storm Water,Via de la Valle Widening,,,Council District: 1; Community Plan: Black Mountain Ranch,1002749,1002749,This project provides for reimbursement to a developer for the reconstruction of Via de la Valle between San Andres Drive and El Camino Real West to a modified four-lane major street to accommodate existing and projected sub-regional traffic. Scope of the project includes modification of the traffic signals at San Andres Drive and El Camino Real West as required and the relocation of existing overhead utilities to underground locations. Via de la Valle between San Andres Drive and Interstate 5 will be restriped to six lanes. This is project T-32.1 in the Black Mountain Ranch Public Facilities Financing Plan.,This facility is required to accommodate traffic generated by new development in Black Moun- tain Ranch and surrounding communities as well as existing sub-regional traffic needs.,0,0,0,0,0,0,0
2014,Trans - Roadway,626,Transportation & Storm Water,Village Loop Road,,,Council District: 1; Community Plan: Pacific Highlands Ranch,2880000,2880000,"This reimbursement project provides for construction of Village Loop Drive, from the intersec- tion of Del Mar Heights Road and Carmel Valley Road easterly to the property line (approximately 2,000 linear feet), as a four-lane collector roadway within a 108-foot right-of-way route providing access to the high school site and the core residential areas.","This project is dependent upon the development of the high school, community park, and core residential area including the village area of the community.",0,0,0,0,0,0,0
2014,Trans - Bridge - Vehicular,627,Transportation & Storm Water,W Mission Bay Dr Bridge Over SD River,2015,2015,"Council District: 2; Community Plan: Midway - Pacific Highway, Mission Bay Park, Peninsula",14226449,120432449,"This project provides for replacing the existing four-lane West Mission Bay Drive bridge with a six-lane bridge, sidewalk, bike lanes, and shoulder improvements.",A six-lane facility is needed to accommodate both the existing and the projected future traffic volumes. It was determined that a bridge replacement was more cost effective than widening the existing bridge.,8000000,98206000,0,0,0,0,0
2014,Drainage - Best Mgt Practices (BMPs),628,Transportation & Storm Water,Watershed CIP,2015,2019,Council District: Citywide; Community Plan: Citywide,15794795,30538539,"This project provides for the design and construction of watershed capital projects. These proj- ects, in conjunction with non-structural water quality projects, address storm drain discharge water quality stan- dards.",The purpose of these projects is to remove pollutants from storm water before it enters the City's public waterways or to reuse the storm water and keep it from entering public waterways. This results in reduced pollutants entering the ocean and various San Diego rivers and bays. These projects satisfy watershed- based water quality activity requirements in the Regional Water Quality Control Board's Municipal Storm Water National Pollutant Discharge Elimination System (NPDES) permit.,0,3343745,2850000,2850000,2850000,2850000,0
2014,Trans - Roadway - Enhance/Scape/Medians,629,Transportation & Storm Water,West San Ysidro Blvd Streetscape,,,Council District: 8; Community Plan: San Ysidro,587982,587981,"This project provides for public improvements along West San Ysidro Boulevard on the block located between Cottonwood and Via de San Ysidro. The improvements are the initial revitalization activities for the area and will consist of sidewalk improvements, new street trees, and ornamental street lamps.","The City of San Diego Redevelopment Agency and San Ysidro Business Improvement District have identified this public improvement project as a priority for the San Ysidro commercial district to help eliminate blight, spark new development, and increase business activity.",0,0,0,0,0,0,0
2014,Trans - Roadway,630,Transportation & Storm Water,Westerly Extension of Hazard Center Dr,,,Council District: 7; Community Plan: Mission Valley,1000000,1000000,The construction of the Westerly Extension of Hazard Center Drive will provide for the con- struction of a two lane road from the eastern terminus of Hazard Center Drive to the existing road behind Fash- ion Valley Shopping Center.,"This project will provide for the construction of the missing segment of Hazard Center Drive and when constructed, the road will provide enhanced traffic circulation which will benefit the community.",0,0,0,0,0,0,0
