cip_year,project_type,source_page,department,project_name,project_id,start_year,end_year,address_location,previous_appropriations,project_total,project_description,project_justification,unidentified_funding,year_2018,year_2019,year_2020,year_2021,year_2022
2017,Airport Assets,94,Airports,Brown Field,AAA00002,,,Council District: 8; Community Plan: Kearny Mesa,9685431,9685431,This annual allocation provides for as-needed improvements within the City's,This project maintains an airport which promotes the safe use of the runways,0,0,0,0,0,0
2017,,95,Airports,Montgomery-Gibbs Executive Airport / AAA00001 Airport Assets,AAA00001,,,Council District: 6; Community Plan: Kearny Mesa,10909943,10909943,This annual allocation provides for as-needed improvements within the,This project maintains an airport which promotes the safe use of the runways,0,0,0,0,0,0
2017,Bldg - Operations Facility / Structures,102,Citywide,101 Ash Improvements,S17009,,,Council District: 2; Community Plan: Centre City,4999999,4999999,"This project provides for the architectural, electrical, plumbing and mechanical",These tenant improvements are needed to accommodate the office space,0,0,0,0,0,0
2017,Bldg - Other City Facility / Structures,103,Citywide,CIP Emergency Reserve,ABT00006,,,Council District: Citywide; Community Plan: Citywide,1000000,1000000,This annual allocation provides funding for urgent repairs due to an emergency,This annual allocation provides an immediate source of funding for public community plans and is in conformance with the City's General Plan. works contracts in order to respond quickly to an emergency or natural disaster.,0,0,0,0,0,0
2017,Bldg - Other City Facility / Structures,104,Citywide,Convention Center Phase III Expansion,S12022,,,Council District: 3; Community Plan: Centre City,3359521,517409521,This project provides for the expansion of the existing San Diego Convention,"The existing facility cannot accommodate some of the larger major events, with the Coastal Commission approval in Fiscal Year 2014. The estimated project total and which leads to the loss of events to other venues. The expansion is expected to increase the",514050000,0,0,0,0,0
2017,,105,Citywide,Fleet Services Elect & Fac Improvements / L14002  Bldg - Other City Facility / Structures,L14002,,,Council District: 1 2 4; Community Plan: Clairemont Mesa; University,2081961,2081961,This project will provide improvements at Fleet Services maintenance yards,This project is necessary to properly implement Fleet's Most Efficient the repair of the City's car and truck wash facilities was transferred to this project when the Government Office (MEGO) requirements due to the closing of the heavy Fire repair facility repairs were determined to be capitalizable expenses.The Project,0,0,0,0,0,0
2017,Intangible Assets - Information Tech,106,Citywide,I AM San Diego Project,S14000,2018,2018,Council District: Citywide; Community Plan: Citywide,43678945,47074185,The I AM San Diego Project is a Citywide strategic initiative to develop and implement an,"The City owns and maintains a large and complex network of aging and deteriorating Rescue, Environmental Services, and Park & Recreation). assets with a backlog of deferred maintenance and capital projects. I AM will replace 32 outdated",0,3395240,0,0,0,0
2017,Bldg - Stadium Facilities,107,Citywide,Stadium,ABG00001,,,Council District: 6; Community Plan: Mission Valley,1534053,1534053,"This annual allocation provides for needed improvements at the stadium,","The stadium enriches the quality of life through a variety of hosted events, and ""Qualcomm Stadium,"" but with the expiration of the City’s naming rights agreement with serves as a visitor attraction that strengthens the local economy. As the stadium ages, Qualcomm, the project title has been revised to ""Stadium,"" and the previous ""Qualcomm regular upgrades and renovations are required for various components of the facility. Stadium"" section of the CIP Budget has been consolidated into the ""Citywide"" section.",0,0,0,0,0,0
2017,Landfills,116,Environmental Services,Aerated Static Pile System,S16053,2018,2018,Council District: 6; Community Plan: University; Kearny Mesa; Clairemont Mesa,499999,4999999,This project provides for the design and construction of infrastructure required,AB-1826 and the City's zero waste plan dictate significant increases in organic,0,4500000,0,0,0,0
2017,,117,Environmental Services,Citywide Energy Improvements / ABT00003  Bldg - Other City Facility / Structures,ABT00003,2018,2018,Council District: Citywide; Community Plan: Citywide,2393436,32667191,This annual allocation will provide for energy efficiency improvements in City,"Energy efficiency improvements repay capital costs in one to nine years,",0,30273755,0,0,0,0
2017,Landfills - Supporting Fac / Struct,118,Environmental Services,CNG Fueling Station for Refuse & Recycling,S15000,2018,2018,Council District: 1; Community Plan: University,4069999,5299999,This project provides for the design and construction of a compressed natural,This project provides for the necessary infrastructure to convert Environmental in Fiscal Year 2018. Services fleet refuse and recycling vehicles from low sulfur diesel to compressed natural gas.,0,1230000,0,0,0,0
2017,Landfills,119,Environmental Services,Minor Improvements to Landfills,AFA00001,2018,2022,Council District: Citywide; Community Plan: University,1634975,2634975,This annual allocation provides for minor improvements to existing sanitary,"This project provides the flexibility for timely initiation of minor improvements landfills to comply with operating permits and regulatory requirements. Such improvements and construction needed to meet operational and solid waste regulatory mandates such as may include fencing, access roads, drains, small structures, and environmental protection drainage, grading, and groundwater monitoring improvements. projects. This project also provides for minor improvements to existing groundwater",0,200000,200000,200000,200000,200000
2017,Landfills,120,Environmental Services,Miramar Landfill Facility Improvements,L17000,2018,2022,Council District: 6; Community Plan: University; Kearny Mesa; Clairemont Mesa,19599999,29599999,This project provides CIP Facility Improvements at the West Miramar Landfill,The Environmental Services Department (ESD) is responsible for managing,0,2000000,2000000,2000000,2000000,2000000
2017,Landfills,121,Environmental Services,Miramar Landfill Gas Recovery Improvemen,S16052,2018,2019,Council District: 6; Community Plan: University; Kearny Mesa; Clairemont Mesa,1000000,6400000,This project provides for a consolidated blower system and well field,This project is needed to ensure the landfill will meet regulatory requirements,0,4300000,1100000,0,0,0
2017,Landfills,122,Environmental Services,Miramar Landfill Storm Water Improvement,S16054,2018,2022,Council District: 6; Community Plan: University; Kearny Mesa; Clairemont Mesa,999999,6999999,This project provides for the design and construction of Storm Water Basin and,The storm water basin and associated BMP engineered structures at the General Plan. Miramar Landfill must be properly designed and constructed to ensure compliance with,0,2000000,1000000,1000000,1000000,1000000
2017,Landfills - Supporting Fac / Struct,123,Environmental Services,South Chollas Landfill Improvements,S00684,,,Council District: 4; Community Plan: Mid-City: Eastern Area,15828623,15828623,"This project provides for cover material, grading, drainage, and site",This project is required to maintain compliance with various State and federal regulatory requirements and to avoid code violations.,0,0,0,0,0,0
2017,Bldg - Other City Facility / Structures,124,Environmental Services,West Miramar Landfill - Phase 2,S00774,,,Council District: 6; Community Plan: University; Kearny Mesa; Clairemont Mesa,3059999,3059999,This project provides for a landfill gas collection system for the West Miramar,This improvement is required to maintain compliance with various State and Construction began in Fiscal Year 2017 and is,0,0,0,0,0,0
2017,Bldg - Pub Safety - Lifeguard Stations,133,Fire-Rescue,Children's Pool Lifeguard Station,S00644,,,Council District: 1; Community Plan: La Jolla,4524606,4524606,This project provides for a new lifeguard station and family restroom at the,The previous Lifeguard Tower structure was no longer safe and has been,0,0,0,0,0,0
2017,Bldg - Pub Safety - Fire Fac / Struct,134,Fire-Rescue,Fire Station No. 02 - Bayside,S15042,,,Council District: 3; Community Plan: Centre City - Little Italy,20021283,20021283,"This project provides for the program, design, and construction of a new fire",This project will add the much needed brand new fire station west of the,0,0,0,0,0,0
2017,Bldg - Pub Safety - Fire Fac / Struct,135,Fire-Rescue,Fire Station No. 05 - Hillcrest,S00788,,,Council District: 3; Community Plan: Uptown,9179922,9179922,"This project provides for an approximately 10,500 square foot fire station",The current station is 49 years old. The water and sewer service to the existing,0,0,0,0,0,0
2017,Bldg - Pub Safety - Fire Fac / Struct,136,Fire-Rescue,Fire Station No. 07 - Barrio Logan,S15013,,,Council District: 8; Community Plan: Barrio Logan,750000,12000000,"This project provides for land acquisition and the program, design and","This project will replace the existing 1957 Fire Station 7, which does not meet construction of a new fire station, demolition of the old station and design and assembly of a current SDFD operational needs. The new station will also meet future growth population of temporary fire station. The new permanent station will provide approximately 13,000 square Barrio Logan and the surrounding communities, consistent with San Diego Association of feet of work and living spaces, conference/training room, apparatus bay, dorm rooms, Governments 2050. kitchen, watch room, ready room, station alerting system, to accommodate the 24-hour",11250000,0,0,0,0,0
2017,Bldg - Pub Safety - Fire Fac / Struct,137,Fire-Rescue,Fire Station No. 08 - Mission Hills,S10029,,,Council District: 3; Community Plan: Uptown,1238499,1238499,This station is located at 3974 Goldfinch Street and it serves Mission Hills and,This project will allow for the accommodation of modern fire apparatus to meet,0,0,0,0,0,0
2017,Bldg - Pub Safety - Fire Fac / Struct,138,Fire-Rescue,Fire Station No. 15 - Ocean Beach Expansion,S13011,,,Council District: 2; Community Plan: Ocean Beach,689999,849999,Fire Station 15 serves the community of Ocean Beach and surrounding areas,Expansion of the existing station is needed to keep up with increased 2017. Construction will be,160000,0,0,0,0,0
2017,Bldg - Pub Safety - Fire Fac / Struct,139,Fire-Rescue,Fire Station No. 17 - Mid-City,S00783,,,Council District: 9; Community Plan: Mid-City: City Heights,10328624,10328624,This project provides for reconstructing the 50-year-old fire station at 4206,Fire Station No. 17 is one of the busiest engine companies in the United States 2016 and is estimated to be completed in Fiscal Year 2018. and is currently in a state of deterioration. Reconstruction of Fire Station No.17 will allow for,0,0,0,0,0,0
2017,Bldg - Pub Safety - Fire Fac / Struct,140,Fire-Rescue,Fire Station No. 22 - Point Loma,S00787,2018,2018,Council District: 2; Community Plan: Peninsula,8063160,9063160,This project provides for the demolition of an existing station and reconstruction,The existing fire station was built in the early 1940s and is now too small to Peninsula Community Plan and is in conformance with the City's General Plan. accommodate new fire engines. Many of the major components have exceeded their,0,1000000,0,0,0,0
2017,Bldg - Pub Safety - Fire Fac / Struct,141,Fire-Rescue,Fire Station No. 45 - E Mission Valley,S00688,,,Council District: 7; Community Plan: Mission Valley,10983691,10983691,This project provides for an updated fire station in Mission Valley. The station,A fire station is needed to serve the Mission Valley community. This project is 2014 and was completed in Fiscal Year 2016. The warranty phase will be completed in Fiscal consistent with City Council policy to meet response time guidelines. year 2018.,0,0,0,0,0,0
2017,Bldg - Pub Safety - Fire Fac / Struct,142,Fire-Rescue,Fire Station No. 48 - Black Mountain Ranch,S15015,2018,2019,Council District: 5; Community Plan: Black Mountain Ranch,2700000,13391308,"This project provides for the land acquisition, design and construction of a new",This project will provide for the much needed Fire Station to meet the Black Mountain Ranch Public Facilities Financing Plan. emergency response times of the community. See Black Mountain Ranch Facilities Financing Plan projects.,0,3995654,6695654,0,0,0
2017,Bldg - Pub Safety - Fire Fac / Struct,143,Fire-Rescue,Fire Station No. 49 - Otay Mesa,S00784,2019,2020,Council District: 8; Community Plan: Otay Mesa - Nestor; Otay Mesa,76413,8399999,"This project provides for an approximately 13,000 square foot double-house fire",A second fire station is needed to serve the Otay Mesa and neighboring,0,0,1861176,6462410,0,0
2017,Bldg - Pub Safety - Fire Fac / Struct,144,Fire-Rescue,Fire Station No. 50 - North University City,S13021,,,Council District: 1; Community Plan: University,13999999,13999999,This new facility will provide support to the University City area and will provide,An additional fire station is needed in this area to ensure consistency with the,0,0,0,0,0,0
2017,Bldg - Pub Safety - Fire Fac / Struct,145,Fire-Rescue,Fire Station No. 51 - Skyline Hills,S14017,,,Council District: 4; Community Plan: Skyline - Paradise Hills,999999,13311999,This project provides for the design and construction of a permanent station to,An additional fire station is needed in this area to meet response time,12312000,0,0,0,0,0
2017,Bldg - Pub Safety - Fire Fac / Struct,146,Fire-Rescue,Fire Station No. 54 - Paradise Hills,S00785,,,Council District: 4; Community Plan: Skyline - Paradise Hills,83653,13299999,"This project provides for the design and construction of a new12,500 square",This station is needed to serve the Paradise Hills/Skyline community and will,13216346,0,0,0,0,0
2017,Bldg - Pub Safety - Fire Fac / Struct,147,Fire-Rescue,Fire-Rescue Air Operations Facility,S15012,,,Council District: 6; Community Plan: Tierrasanta,1898080,12749999,The project is separated into two phases. Phase I of this project provides for the,Air Ops personnel is currently operating from mobile trailers with no hangar be completed in Fiscal Year 2020. space for the department's two helicopters. The proposed reconstructed facility will include,10851919,0,0,0,0,0
2017,,148,Fire-Rescue,Fairmount Avenue Fire Station / S14018  Bldg - Pub Safety - Fire Fac / Struct,S14018,,,Council District: 4; Community Plan: Mid-City: City Heights,1999999,15999999,This project provides for the design and construction of a new permanent fire,This project will provide for the much needed Fire Station to meet emergency completed in Fiscal Year 2019. Funding for construction is currently not identified. response times for the community.,14000000,0,0,0,0,0
2017,Bldg - Pub Safety - Lifeguard Stations,149,Fire-Rescue,La Jolla Cove Lifeguard Station,S00792,,,Council District: 1; Community Plan: La Jolla,1784845,1784845,"This project provides for the La Jolla Cove Lifeguard Station, located at 1160","The existing facility consists of a station constructed in the 1950s and an Fiscal Year 2018. observation tower added in 1980, which is inadequate to accommodate staff or provide",0,0,0,0,0,0
2017,Bldg - Pub Safety - Lifeguard Stations,150,Fire-Rescue,North Pacific Beach Lifeguard Station,S10119,,,Council District: 2; Community Plan: Pacific Beach,937902,7257869,This project provides for the North Pacific Beach Lifeguard Station located at,North Pacific Beach has become a highly frequented beach over the years and Beach Community Plan and is in conformance with the City's General Plan. new facilities will benefit both the public and the employees. Lifeguards are currently,6319967,0,0,0,0,0
2017,Bldg - Pub Safety - Lifeguard Stations,151,Fire-Rescue,South Mission Beach Lifeguard Station,S00791,,,Council District: 2; Community Plan: Mission Beach,4982125,4982125,The project provides for a replacement for the South Mission Beach Station,The existing facility was constructed in 1974 and was intended to be a,0,0,0,0,0,0
2017,Bldg - Libraries,161,Library,Mission Hills-Hillcrest Library,S13022,2018,2018,Council District: 3; Community Plan: Uptown,19247522,21132004,"This project provides for a 15,000 square-foot library at a site adjacent to the","The existing facility has no meeting room, computer lab, nor adequate seating",0,1884482,0,0,0,0
2017,Bldg - Libraries,162,Library,Pacific Highlands Ranch Branch Library,S14023,2018,2020,Council District: 1; Community Plan: Priority Category:       Low,4665999,19270336,"This project provides for a new 18,000 square foot branch library facility on a",This project will provide branch library service to the NCFUA for future,0,7012337,0,7592000,0,0
2017,Bldg - Libraries,163,Library,San Carlos Branch Library,S00800,,,Council District: 7; Community Plan: Navajo,2995799,20598000,This project provides for the acquisition of a lot adjoining the existing branch,"The existing library does not have a computer lab, meeting room, nor",17602201,0,0,0,0,0
2017,Bldg - Libraries,164,Library,San Diego New Central Library,S00799,,,Council District: 3; Community Plan: Centre City,187637422,187637422,This project provides for the design and construction of a new Central Library of,"The existing library was too small to provide adequate library and informational approximately 500,000 square feet, with approximately 250 underground parking spaces services to the library system and the region, and could not support the technological and dedicated to library patrons. It is large enough to accommodate library needs for 20 years programmatic needs of the future. and contain expansion space to accommodate growth for an additional 30 years. The",0,0,0,0,0,0
2017,Bldg - Libraries,165,Library,San Ysidro Branch Library,S00802,2018,2019,Council District: 8; Community Plan: San Ysidro,11326999,13536999,"This project provides for a 15,000 square-foot facility to serve the San Ysidro","The existing 4,089 square foot library was built in 1924 and was remodeled in Year 2016 and was completed in Fiscal Year 2017. Construction is",0,1460000,750000,0,0,0
2017,Bldg - Libraries,166,Library,Scripps Miramar Ranch Library,S00811,,,Council District: 5; Community Plan: Scripps Miramar Ranch,1675599,4999999,This project provides for an expansion of the Scripps Ranch Branch Library,The current facility is fully occupied and the current parking lot does not have cost estimate and requirements. This project received $1.64 million in Fiscal year 2017. The the capacity to serve the needs of the community. project,3324400,0,0,0,0,0
2017,Bldg - Libraries,167,Library,Skyline Hills Library,S00692,,,Council District: 4; Community Plan: Skyline - Paradise Hills,13934251,13934251,"This project provides for a new 15,000 square-foot library adjacent to the",The existing library was built in 1969 and is too small to provide adequate,0,0,0,0,0,0
2017,,168,Library,Tierrasanta Library Expansion / S15011  Bldg - Libraries,S15011,,,Council District: 7; Community Plan: Tierrasanta,1258999,1258999,This project will enclose two areas under the existing roof area (approximately,"This project library expansion will meet the immediate needs of the community. 520 sq. ft each) and provide an outdoor reading patio under the third roof area, an expansion",0,0,0,0,0,0
2017,Parks - Miscellaneous Parks,185,Park & Recreation,Angier Elementary School Joint Use,S00762,,,Council District: 7; Community Plan: Serra Mesa,2671574,2671574,This project provides for the design and construction of 3.95 acres at Angier,This project will contribute to satisfying the population-based park acreage Mesa Community Plan and is in conformance with the City's General Plan. requirements set forth in the City's General Plan in an area that is park deficient. The project,0,0,0,0,0,0
2017,Parks - Neighborhood,186,Park & Recreation,Aquatic Complex - Mira Mesa CP Expansion,S00667,,,Council District: 6; Community Plan: Mira Mesa,16838874,16838874,"This project provides for Phase I, developing approximately 11 usable acres of",This project will contribute to satisfying the population-based park acreage III will be completed under L16002 Mira Mesa Community Park Improvements. requirements set forth in the City's General Plan.,0,0,0,0,0,0
2017,Golf Courses,187,Park & Recreation,Balboa Park Golf Course,AEA00002,,,Council District: 3; Community Plan: Balboa Park,1044503,1044503,This annual allocation provides for unexpected replacement of minor capital,This annual allocation will provide for a capital assets cost-avoidance program needed basis. allowing for timely replacement of unanticipated failure of golf capital assets.,0,0,0,0,0,0
2017,,188,Park & Recreation,Balboa Park Plaza de Panama Project / L17002  Parks - Developed Regional Park,L17002,2018,2018,Council District: 3; Community Plan: Balboa Park,9999999,78999999,"This project provides for the construction of pedestrian plazas, water features,",The underlying purpose of the project is to restore pedestrian and park uses to of 26 months. the Central Mesa and alleviate pedestrian/vehicular conflicts (defined as vehicles and,0,69000000,0,0,0,0
2017,-  Other City Facility / Structures,189,Park & Recreation,Balboa Park West Mesa Comfort Station Replacement,S15036,2018,2018,Council District: 3; Community Plan: Balboa Park,1492573,1692573,This project provides for the design and construction of two replacement,"The improvements will bring the park into compliance with the Americans with Year 2019. Disabilities Act (ADA), federal and State accessibility requirements and thus making park",0,200000,0,0,0,0
2017,Bldg - Parks - Recreation/Pool Centers,190,Park & Recreation,Balboa Pk Bud Kearns Aquatic Complex Imp,S17000,2019,2019,Council District: 3; Community Plan: Balboa Park,499999,1479999,This project provides for the design and construction of various improvements,The improvements are necessary to bring the aquatic complex into full Fiscal Year 2021. compliance with the San Diego County Department of Environmental Health requirements.,280000,0,700000,0,0,0
2017,Parks - Community,191,Park & Recreation,Bay Terrace Senior Center,S16060,2018,2018,Council District: 4; Community Plan: Skyline - Paradise Hills,499999,3599999,This project provides for the design and construction of a senior center within,The improvements are necessary to meet the needs of the community. funding was added to the project total cost due to revised requirements. This project was,2600000,500000,0,0,0,0
2017,Parks - Community,192,Park & Recreation,Beyer Park Development,S00752,2018,2018,Council District: 8; Community Plan: Otay Mesa; San Ysidro,691999,12287999,"This project provides for the acquisition, design, and construction of",This project provides population-based park acreage in accordance with the Development Plan began in Fiscal Year 2017 and is anticipated to be completed in Fiscal City's General Plan standards to accommodate the park and recreational needs of the Year 2019. residents within the Otay Mesa and San Ysidro Communities.,11196000,400000,0,0,0,0
2017,,193,Park & Recreation,California Tower Seismic Retrofit / L12003  Parks - Resource Based,L12003,2018,2018,Council District: 3; Community Plan: Balboa Park,2411399,4661398,This project provides for the seismic retrofit of the historic California Tower,The California Tower was built in 1914. The last seismic upgrade was project from various other park projects. The project,600000,1649999,0,0,0,0
2017,Parks - Miscellaneous Parks,194,Park & Recreation,Canon Street Pocket Park,S16047,,,Council District: 2; Community Plan: Peninsula,839999,839999,"This project provides for the design and construction of a pocket park,",This project will expand the use of the park and contribute to satisfying Peninsula Community Plan and is in conformance with the City's General Plan. population-based park acreage requirements as set forth in the City's General Plan to serve,0,0,0,0,0,0
2017,,195,Park & Recreation,Canyon Hills Resource Park Improvements / S15006  Parks - Resource Based,S15006,,,Council District: 6; Community Plan: Mira Mesa,1718569,6173501,This project provides for the design and construction of neighborhood park,This project will contribute to satisfying population-based park acreage Construction will be,4454932,0,0,0,0,0
2017,Parks - Community,196,Park & Recreation,Canyonside Community Park Improvements,S12004,,,Council District: 6; Community Plan: Rancho Penasquitos,1001125,1001125,"This project provides for miscellaneous improvements to serve park users, such",This project will provide upgraded and additional recreation amenities to serve,0,0,0,0,0,0
2017,Parks - Neighborhood,197,Park & Recreation,Carmel Creek NP Improvements,S16037,,,Council District: 1; Community Plan: Carmel Valley,1468922,1468922,This project provides for the design and construction of ADA improvements to,This project will expand the use of the park and contribute to satisfying,0,0,0,0,0,0
2017,P  arks - Neighborhood,198,Park & Recreation,Carmel Del Mar NP Comfort Station-Development,S16034,,,Council District: 1; Community Plan: Carmel Valley,1902222,1902222,This project provides for the demolition of the existing comfort station and the,This project will expand the use of the park and contribute to satisfying,0,0,0,0,0,0
2017,-  Neighborhood,199,Park & Recreation,Carmel Grove NP Comfort Station and Park Improveme,S16038,,,Council District: 1; Community Plan: Carmel Valley,1561531,1561531,This project provides for the design and construction of a prefab comfort,This project will expand the use of the park and contribute to satisfying,0,0,0,0,0,0
2017,Parks - Neighborhood,200,Park & Recreation,Carmel Knolls NP Comfort Station-Development,S16033,,,Council District: 1; Community Plan: Carmel Valley,978728,978728,This project provides for the design and construction of a new comfort station,This project will expand the use of the park and contribute to satisfying,0,0,0,0,0,0
2017,P  arks - Neighborhood,201,Park & Recreation,Carmel Mission NP Comfort Station Development,S16039,,,Council District: 1; Community Plan: Carmel Valley,978728,978728,This project provides for the design and construction of a prefabricated comfort,This project will expand the use of the park and contribute to satisfying,0,0,0,0,0,0
2017,Parks - Miscellaneous Parks,202,Park & Recreation,Carmel Valley CP-Turf Upgrades,S16029,,,Council District: 1; Community Plan: Carmel Valley,4274120,4274120,This project provides for the design and construction of approximately 3.2 acres,This project will expand the use of the park and contribute to satisfying,0,0,0,0,0,0
2017,,203,Park & Recreation,Carmel Valley Neighborhood Park #8 / S00642  Parks - Neighborhood,S00642,,,Council District: 1; Community Plan: Carmel Valley,6630525,6630525,"This project provides for acquisition, design, and construction of",This project will provide the community with additional recreational Preservation Act (MHPA) land is completed and accepted by the City. Conveyance to the opportunities as well as enhance the visual quality of the area. City is expected in 2021.,0,0,0,0,0,0
2017,Parks - Miscellaneous Parks,204,Park & Recreation,Central Ave Mini Park Ph II Skate Plaza,S14010,,,Council District: 9; Community Plan: Mid-City: City Heights,846949,846949,This project provides for the design and construction of Phase II of the Central,This project will contribute to satisfying the population-based park warranty until Fiscal Year 2018. requirements set forth in the City's General Plan.,0,0,0,0,0,0
2017,Parks - Miscellaneous Parks,205,Park & Recreation,Central Avenue MP Acquisition/Development,S00992,,,Council District: 9; Community Plan: Mid-City: City Heights,1972847,1972847,"This project provides for the acquisition of an approximate 16,000 square foot",This project will contribute to satisfying the population-based park acreage 2014. Construction began in Fiscal Year 2015 and will be completed in Fiscal Year 2018. requirements set forth in the City's General Plan to serve residents in this park-deficient,0,0,0,0,0,0
2017,Parks - Neighborhood,206,Park & Recreation,Centrum Neighborhood Pk Improvements,RD16005,,,Council District: 6; Community Plan: Kearny Mesa,999999,999999,This developer-built project provides for the design and construction of,"This project will expand the use of the park and contribute to satisfying the City, is anticipated to be completed in Fiscal Year 2020. population-based park requirements as set forth in the City's General Plan to serve residents.",0,0,0,0,0,0
2017,Parks - Community,207,Park & Recreation,Cesar Solis Community Park,S00649,2018,2018,Council District: 8; Community Plan: Otay Mesa,17480077,20980077,"This project provides for the acquisition, design, and construction of the Cesar",This project will provide the community with additional recreational development within the residential community. Final design and construction were delayed opportunities and will enhance the visual quality of the area. due to pending property acquisition and a reimbursement agreement. Property acquisition,0,3500000,0,0,0,0
2017,,208,Park & Recreation,Charles Lewis III Memorial Park / S00673  Parks - Neighborhood,S00673,,,Council District: 9; Community Plan: Mid-City: City Heights,4640282,4640282,"This project provides for the design and construction of a 5.8 total acre parcel,",This project will contribute to satisfying the population-based park acreage,0,0,0,0,0,0
2017,Parks - Developed Regional Park,209,Park & Recreation,Chicano Park ADA Upgrades,S13003,,,Council District: 8; Community Plan: Barrio Logan,1900834,1900834,This project provides for accessibility upgrades at Chicano Park to,This project will contribute to satisfying population-based park acreage,0,0,0,0,0,0
2017,Parks - Miscellaneous Parks,210,Park & Recreation,Children's Park Improvements,S16013,2018,2018,Council District: 3; Community Plan: Centre City,599999,3899999,This project provides for the design and construction of improvements to the,"This project implements the Downtown Community Plan Policy 4.1-P-11, 2018. Construction is estimated to begin in Fiscal Year 2019. ""Implement a program to reclaim open spaces that have deteriorated, have design features",300000,3000000,0,0,0,0
2017,,211,Park & Recreation,Chollas Community Park Comfort Station / S16058  Parks - Community,S16058,,,Council District: 4; Community Plan: Mid-City: Eastern Area,3260680,3260680,This project provides for the continuation of the design and development of,This project will provide a park and athletic facility to serve the greater community. The surrounding area is not currently served by a community park and the region is deficient in sports facilities and open park areas.,0,0,0,0,0,0
2017,Parks - Resource Based,212,Park & Recreation,Chollas Lake Improvements,L18001,2018,2021,Council District: 4; Community Plan: Mid-City: Eastern Area,0,2000000,This project will initiate the design for improvements such as providing,"Currently, the facilities at Chollas Lake Park do not have electricity. Providing electrical service to Chollas Lake Park will expand the use of the park by allowing new park programs to be developed and offered to the community. Electrical service will also enhance security within the park by providing the opportunity to install security lighting and by supplying the park rangers with additional resources to enhance their patrol duties.",0,500000,500000,0,1000000,0
2017,Parks - Community,213,Park & Recreation,Chollas Lake Pk Playground Improvements,S14002,,,Council District: 4; Community Plan: Mid-City: Eastern Area,2329223,2329223,This project provides for the design and construction of two playgrounds at,This project will replace the equipment within two children's playgrounds and,0,0,0,0,0,0
2017,,214,Park & Recreation,Coast Blvd Walkway Improvements / S15001  Trans - Ped Fac - Sidewalks,S15001,,,Council District: 1; Community Plan: La Jolla,689999,689999,"This project provides for the design and construction of widened walkways,",This project will provide improved walkway access and enhanced landscaping Year 2018. along Coast Boulevard.,0,0,0,0,0,0
2017,Parks - Miscellaneous Parks,215,Park & Recreation,Coastal Erosion and Access,AGF00006,2018,2021,Council District: Citywide; Community Plan: Citywide,1925200,4150507,This project provides partial funding for coastal infrastructure improvements at,This project provides improvements to coastal erosion sites that present within Ocean Beach. Construction for these locations is anticipated to commence in Fiscal potential public hazards. Year 2020 and be completed in Fiscal Year 2021.,100000,825307,0,800000,500000,0
2017,Trans - Roadway - Enhance/Scape/Medians,216,Park & Recreation,Convert RB Medians-Asphalt to Concrete,L12000,2018,2018,Council District: 5; Community Plan: Rancho Bernardo,208764,558764,This project provides for the conversion of asphalt medians to concrete,"The community has requested streetscape improvements to major arterial new phase of work. Total project costs have increased by $350,000 due to the inclusion corridors within Rancho Bernardo. This project allows certain medians to be enhanced by of newly identified medians. replacing deteriorating asphalt with decorative stamped concrete.",0,350000,0,0,0,0
2017,,217,Park & Recreation,Crest Canyon Resource Management Plan / S10067  Parks - Open Space,S10067,,,Council District: 1; Community Plan: Torrey Pines,75000,75000,"This project provides for the completion of an existing biology report, a literature",This project will provide a management framework for sensitive resources,0,0,0,0,0,0
2017,Parks - Trails,218,Park & Recreation,Del Mar Mesa N Hiking/Equestrian Trail,S00892,,,Council District: 1; Community Plan: Del Mar Mesa,385999,385999,The Del Mar Mesa Community Plan Amendments of Spring 2015 identifies,This project provides additional recreational opportunities in Del Mar Mesa. upon the actual rate of development within the community.,0,0,0,0,0,0
2017,,219,Park & Recreation,Del Mar Mesa Neighborhood Park Ph II / S13023  Parks - Neighborhood,S13023,,,Council District: 1; Community Plan: Del Mar Mesa,3060353,3060353,This project provides for the design and construction of Del Mar Mesa,This project will contribute to satisfying the population-based park,0,0,0,0,0,0
2017,,220,Park & Recreation,Del Mar Mesa Southern Multi-Use Trail / S00889  Parks - Trails,S00889,,,Council District: 1; Community Plan: Del Mar Mesa,110299,110299,This project provides for the construction of a multi-use trail approximately 200,This project provides recreational opportunities in Del Mar Mesa in accordance to property/right-of-way acquisition. The remaining trail connection is within the Carmel Valley with the City's General Plan and implements the Del Mar Mesa Specific Plan Community and funding will be from the Carmel Valley FBA. Environmental study and trail recommendations. design required due to wetland on proposed trail alignment.,0,0,0,0,0,0
2017,- Neighborhood,221,Park & Recreation,Del Sur Neighborhood Park (NP#2)-Land Acquisition,RD17001,,,Council District: 5; Community Plan: Black Mountain Ranch,300000,300000,"This project provides for the acquisition, design, and construction of a 5.0",This project is in conformance with the City’s General Plan guidelines for,0,0,0,0,0,0
2017,Parks - Neighborhood,222,Park & Recreation,Dennery Ranch Neighborhood Park,S00636,2019,2022,Council District: 8; Community Plan: Otay Mesa,1903,15100000,"This project provides for the acquisition, design, and construction of a",This project provides population-based park acreage in accordance with the completed in Fiscal Year 2021. City's General Plan standards to accommodate the park and recreational needs of the,5392803,0,2000000,2000000,1000000,4705294
2017,Parks - Miscellaneous Parks,223,Park & Recreation,Downtown Greenways,L18000,2018,2018,Council District: 3; Community Plan: Centre City,0,1000000,This project provides for the design and construction of urban trails within the,This project will contribute to satisfying population-based park acreage,0,1000000,0,0,0,0
2017,Parks - Community,224,Park & Recreation,Doyle Park Community Park ADA Upgrades,S15037,,,Council District: 1; Community Plan: University,420401,420401,This project provides for the installation of path of travel and accessibility,The current parking area located in the rear cul-de-sac and adjacent walkways Construction is anticipated to begin and be completed in Fiscal Year 2018. leading into the dog off-leash area and park are not compliant with current accessibility,0,0,0,0,0,0
2017,Parks - Resource Based,225,Park & Recreation,East Fortuna Staging Area Field Stn Blg,S14016,2018,2018,Council District: 7; Community Plan: Navajo,2449006,5738210,This project provides for the development and construction of an administration,The Mission Trails Visitors Center office space is at capacity and the Mission Trails Regional Park Master Plan. administration building is needed to accommodate new staff. The facility will also provide,1361839,1927365,0,0,0,0
2017,Parks - Miscellaneous Parks,226,Park & Recreation,East Village Green Phase 1,S16012,2018,2018,Council District: 3; Community Plan: Centre City - East Village,20008157,25508157,This project provides for the design and construction for Phase 1 of the East,This project will contribute to satisfying population-based park acreage,0,5500000,0,0,0,0
2017,Bldg - Other City Facility / Structures,227,Park & Recreation,EB Scripps Pk Comfort Station Replacement,S15035,2020,2022,Council District: 1; Community Plan: La Jolla,1160783,2800404,This project provides for the design and construction of a replacement comfort,The existing comfort station was constructed in the 1960s and has reached the completed in Fiscal Year 2022. end of its useful life. The salt air from the ocean has accelerated the deterioration of the,139621,0,0,1000000,0,500000
2017,- Community,228,Park & Recreation,Egger/South Bay Community Park ADA Improvements,S15031,2018,2018,Council District: 8; Community Plan: Otay Mesa - Nestor,498999,2439885,This project provides for the design and construction of Americans with,The project is needed to provide Americans with Disabilities Act improvements,840886,1100000,0,0,0,0
2017,Trans - Roadway - Enhance/Scape/Medians,229,Park & Recreation,El Cajon Blvd Streetscape Improvements,S00826,,,Council District: 3 9; Community Plan: Priority Category:       Low,2422102,2422102,This project provides for streetscape improvements which include the,The El Cajon Boulevard revitalization project began as a part of the Mid-City Fiscal Year 2018. Commercial Revitalization Program which was originally funded by a Community,0,0,0,0,0,0
2017,Parks - Open Space,230,Park & Recreation,El Cuervo Adobe Improvements,S14006,,,Council District: 6; Community Plan: Rancho Penasquitos,605999,605999,This project provides for drainage improvements and,"The El Cuervo Adobe Ruins site has been designated historic by the City General Plan Historic Resources Element. Historic Site Board, California Historic Resoures Inventory, and the National Register of",0,0,0,0,0,0
2017,,231,Park & Recreation,Encanto Comm Pk Security Lighting Upgrades / S16017  Parks - Miscellaneous Parks,S16017,,,Council District: 4; Community Plan: Southeastern (Encanto Neighborhoods),404558,404558,This project provides for security lighting upgrades within Encanto Community,"The improvements will help bring the park into compliance with the Park and Southeastern San Diego Community Plan, Encanto Neighborhoods and is in conformance Recreation Department’s security light guidelines by providing a more even broadcast of with the City’s General Plan. lighting along the park’s walkways and parking lots. Improved security lighting will also assist",0,0,0,0,0,0
2017,Reclaimed Water System - Pipelines,232,Park & Recreation,Evans Pond Reclaimed Water Pipeline Inst,S13010,,,Council District: 5; Community Plan: Scripps Miramar Ranch,427465,427465,This project would provide for the installation of a reclaimed water pipeline and,"Evans Pond is currently fed by natural rainwater and runoff, but during summer Scripps-Miramar Ranch Community Plan and in conformance with the City’s General Plan. months it loses depth and becomes shallow. Despite annual transfers of raw water from the",0,0,0,0,0,0
2017,Parks - Neighborhood,233,Park & Recreation,Fairbrook Neighborhood Park Development,S01083,,,Council District: 5; Community Plan: Scripps Miramar Ranch,3992698,4992698,This project provides for development of an approximately three acre,This project provides population-based park acreage in accordance with the began in Fiscal Year 2017. Construction is anticipated to be completed in Fiscal Year 2020. City's General Plan standards to accommodate the park and recreational needs of the,1000000,0,0,0,0,0
2017,Drainage - Channels,234,Park & Recreation,Famosa Slough Salt Marsh Creation,S00605,,,Council District: 2; Community Plan: Peninsula,363356,363356,The 0.64 acre mitigation project in Famosa Slough is required by the Army,"The 0.64 acre mitigation project in Famosa Slough is required by the Army period began in Fiscal Year 2006 and ended in Fiscal Year 2011. Due to the extended Corps of Engineers, Coastal Commission, and California Department of Fish and Game drought and lack of rainfall, additional maintenance and monitoring has been required in permits and agreements. The Famosa Slough was chosen as the mitigation site because order to obtain site approval. opportunities for coastal salt marsh mitigation in the Los Penasquitos Lagoon have been",0,0,0,0,0,0
2017,Golf Courses,235,Park & Recreation,Golf Course Drive Improvements,S15040,,,Council District: 3; Community Plan: Greater Golden Hill,259163,2000140,This project provides for the design and construction of a paved pedestrian,This project will provide needed pedestrian/bike access along Golf Course,1740977,0,0,0,0,0
2017,Parks - Open Space,236,Park & Recreation,Gonzales Canyon Resource Management Plan,S10068,,,Council District: 1; Community Plan: Pacific Highlands Ranch,59999,59999,"This project provides for the completion of an existing biology report, a literature",This project will provide a management framework for sensitive resources is anticipated to be completed in Fiscal Year 2019. within the plan area and ensure the City's compliance with MSCP.,0,0,0,0,0,0
2017,Parks - Miscellaneous Parks,237,Park & Recreation,Hawk Pocket Prk & Horton ES Joint UseDev,S16045,,,Council District: 4; Community Plan: Southeastern (Encanto Neighborhoods),4571105,4571105,This project provides for the design and construction of 0.7 acres of park and,This project provides for public parks in a community deficit in population-,0,0,0,0,0,0
2017,Parks - Miscellaneous Parks,238,Park & Recreation,Hickman Fields Athletic Area,S00751,,,Council District: 6; Community Plan: Kearny Mesa; Serra Mesa; Clairemont Mesa,5651448,5651448,"This project scope of work includes multipurpose fields, irrigation upgrades,",This project provides park and recreational facilities to serve the needs of,0,0,0,0,0,0
2017,Parks - Neighborhood,239,Park & Recreation,Hidden Trails Neighborhood Park,S00995,2018,2018,Council District: 8; Community Plan: Otay Mesa,1133195,5849999,"This project provides for the acquisition, design, and construction of an",This project provides population-based park acreage in accordance with the Financing Plan. The financial,0,4716804,0,0,0,0
2017,Parks - Trails,240,Park & Recreation,Hiking & Equestrian Trail NP #10,S00722,,,Council District: 1; Community Plan: Carmel Valley,620599,620599,This project provides for a multi-use trail connection from Del Mar Mesa to,"The construction of the identified trails or trail connections will contribute to Valley Community Plan and the Carmel Valley Neigborhood 10 Precise Plan, and is in completion of connectivity with the existing City and regional trail system, providing benefits conformance with the City's General Plan. to the community, including increased recreational opportunities, protection of senstive",0,0,0,0,0,0
2017,Parks - Miscellaneous Parks,241,Park & Recreation,Junipero Serra Museum ADA Improvements,S15034,2018,2019,Council District: 3; Community Plan: Old San Diego,999999,1999999,This project provides for the design and construction of improvements to,The ADA improvements will make the historic Junipero Serra Museum more facilities open to the public by the end of December 2019. accessible to park users with disabilities.,0,500000,500000,0,0,0
2017,a  r k  s - Miscellaneous Parks,242,Park & Recreation,Kelly St Neighborhood Pk Security Lighting Upgrade,S16016,,,Council District: 7; Community Plan: Linda Vista,149999,149999,This project provides for security lighting upgrades within Kelly Street,The improvements will help bring the park into compliance with the Park and,0,0,0,0,0,0
2017,,243,Park & Recreation,Larsen Field ADA Improvements Phase II / S13004  Parks - Miscellaneous Parks,S13004,,,Council District: 8; Community Plan: San Ysidro,1797058,1797058,This project provides for a children’s play area and associated path of travel,This project is needed to bring the children's play area and associated paths of Ysidro Community Plan and is in conformance with the City's General Plan. travel into conformance with current Americans with Disabilities Act (ADA) standards and to,0,0,0,0,0,0
2017,Parks - Miscellaneous Parks,244,Park & Recreation,Linda Vista Skate Park,S15008,,,Council District: 7; Community Plan: Linda Vista,4258984,4258984,"This project provides for the General Development Plan amendment, design",This project will provide an additional recreational use to serve residents in this Design began in Fiscal Year 2015 and was completed in Fiscal Year 2016. Construction park-deficient community. began in Fiscal Year 2017 and is anticipated to be completed in Fiscal Year 2018.,0,0,0,0,0,0
2017,Parks - Trails,245,Park & Recreation,Los Penasquitos Cyn Preserve STrl Restor,S13014,,,Council District: 1; Community Plan: Los Penasquitos Canyon Preserve,481097,981097,This project provides for the reconstruction and improvement of one of the main,"The existing trail consistently washes out, which results in trail closures after",500000,0,0,0,0,0
2017,- Miscellaneous Parks,246,Park & Recreation,Marie Widman Memorial Pk Security Lighting Upgrade,S16018,,,Council District: 4; Community Plan: Skyline - Paradise Hills,299999,299999,This project provides for security lighting upgrades within Marie Widman,The improvements will help bring the park into compliance with the Park and Southeastern San Diego Community Plan and is in conformance with the City’s General Recreation Department’s security light guidelines by providing a more even broadcast of Plan. lighting along the park’s walkways and near the comfort station. Improved security lighting,0,0,0,0,0,0
2017,Trans - Roadway - Enhance/Scape/Medians,247,Park & Recreation,Martin Luther King Jr. Promenade,S13020,,,Council District: 4; Community Plan: Southeastern San Diego,224999,1229999,This project will provide for the construction of a cultural promenade area,This project will provide for a cultural gathering area for educational and,1005000,0,0,0,0,0
2017,,248,Park & Recreation,MB GC Clbhouse Demo/Prtbl Building Instl / S01090  Golf Courses,S01090,,,Council District: 2; Community Plan: Mission Bay Park,1399999,1399999,"This project provides for the demolition of the existing, antiquated practice","These improvements are necessary to comply with current codes, address 2019. maintenance needs, and increase the viability of identifying potential future lessees.",0,0,0,0,0,0
2017,Parks - Miscellaneous Parks,249,Park & Recreation,Memorial Comm Pk Playground ADA Upgrades,S16020,2018,2018,Council District: 8; Community Plan: Southeastern San Diego,1173127,2473127,This project provides for Americans with Disabilities Act (ADA) upgrades to the,The existing playground and the play equipment within is not accessible to,0,1300000,0,0,0,0
2017,P  arks - Miscellaneous Parks,250,Park & Recreation,Memorial Community Building Clearance Activity,S15039,,,Council District: 8; Community Plan: Southeastern (Encanto Neighborhoods),649999,649999,This project will demolish and remove an existing building of approximately,The existing building is considered spot blight within the community. Removal of the building will allow other park uses within Memorial Community Park.,0,0,0,0,0,0
2017,Bldg - Parks - Recreation/Pool Centers,251,Park & Recreation,Mira Mesa Community Pk Improvements,L16002,2019,2019,Council District: 6; Community Plan: Mira Mesa,6110947,23710947,This project provides for Phase II and Phase III improvements at Mira Mesa,This project will contribute to satisfying the population-based park acreage,0,0,17600000,0,0,0
2017,Golf Courses,252,Park & Recreation,MBGC Irrigation & Electrical Upgrades,S11010,,,Council District: 2; Community Plan: Mission Bay Park,2959999,2959999,This project provides for the design and construction of various improvements,"This project is needed to provide the long awaited improvements to the 18- 2018. This project was previously published as Mission Bay GC Irrigation and Light Upgr. hole golf course. For example, the new computerized irrigation system will replace a system that is outdated, inefficient, and does not meet current or future water restriction requirements. These improvements will help bring the golf course within industry standards for municipal golf courses.",0,0,0,0,0,0
2017,Golf Courses,253,Park & Recreation,Mission Bay Golf Course,AEA00003,,,Council District: 2; Community Plan: Mission Bay Park,826096,826096,This annual allocation provides for the unexpected replacement of minor capital,This annual allocation will provide a capital assets cost-avoidance program Bay Park Master Plan and is in conformance with the City's General Plan. allowing for the timely replacement of unanticipated failure of golf capital assets.,0,0,0,0,0,0
2017,Parks - Miscellaneous Parks,254,Park & Recreation,Mission Bay Improvements,AGF00004,2018,2022,Council District: 2; Community Plan: Mission Bay Park,30190039,68724541,This annual allocation provides for permanent public capital improvements and,"Mission Bay Park, as well as other regional parks, open spaces, and coastal may include upgrades and deferred maintenance improvements to comfort stations, beaches, helps define the City's identity, enriches quality of life, and serves as a visitor playgrounds, parking lots, and pedestrian walkways within the Mission Bay Park attraction that strengthens the local economy. This regional treasure is threatened by Improvement Zone as defined in City Charter Section 55.2. In addition, a programmatic increasing use and a backlog of needed improvements. environmental impact report will be initiated to address other high priority projects such as",0,6825570,7252192,7734786,8149482,8572472
2017,Trans - Roadway - Street Lighting,255,Park & Recreation,Mission Hills Historic Street Lighting,S11008,,,Council District: 3; Community Plan: Uptown,367485,367485,"This project provides for the procurement and installation of decorative, acorn",This project is an identified improvement in the Mission Hills Historic Street Construction began in Fiscal Year 2014 and was completed in Fiscal Year 2016. Lighting MAD and will be conducted in conjunction with an underground utility project.,0,0,0,0,0,0
2017,Parks - Open Space,256,Park & Recreation,Mission Trails RP Cowles Mountain Trail,S10065,,,Council District: 7; Community Plan: Navajo; Tierrasanta,299999,399999,"This project provides for design, engineering, construction, and installation of","This project will benefit the community by increasing safety for hikers and structures, as well as the rehabilitation and installation of appropriate material to re-establish protect sensitive natural and cultural resources. approximately 2,000 linear feet of existing trail. This project will supplement the existing and",100000,0,0,0,0,0
2017,Parks - Miscellaneous Parks,257,Park & Recreation,Mission Trails RP Master Plan Update,S01014,,,Council District: 7; Community Plan: Navajo; Tierrasanta; Rancho Encantada; East Elliott,884828,884828,This project provides for an update to the 1985 Mission Trails Regional Park,MTRP faces numerous challenges and issues due to the high number of,0,0,0,0,0,0
2017,,258,Park & Recreation,Mission Trails RP Trail Realignments / S10066  Parks - Trails,S10066,,,Council District: 7; Community Plan: Navajo; Tierrasanta,99999,214999,"This project provides for design, engineering, and construction of approximately","New realignment will provide for improved safety to visitors and protection of 5,000 linear feet of new (realignment) trail and rehabilitation of approximately 3,500 linear sensitive resources. feet of existing trail. This is to supplement existing and increase recreational activity of all",115000,0,0,0,0,0
2017,Parks - Open Space,259,Park & Recreation,Mohnike Adobe and Barn Restoration,S13008,2018,2019,Council District: 5; Community Plan: Los Penasquitos Canyon Preserve,1597597,3197477,This project provides for the rehabilitation/restoration of the historic adobe and,Phase I of a rehabilitation program was completed in 2005 consistent with the Regional Park Improvement Fund in Fiscal Year 2018. The project,99880,1000000,500000,0,0,0
2017,Bldg - Other City Facility / Structures,260,Park & Recreation,Montgomery Academy JU Improvements,S00973,,,Council District: 7; Community Plan: Linda Vista,1331510,1331510,This project provides for the construction of approximately three acres of joint-,Development of this project is a Site Development Permit condition of the,0,0,0,0,0,0
2017,Parks - Neighborhood,261,Park & Recreation,Mountain View NP Area Upgrades,S11019,,,Council District: 9; Community Plan: Southeastern San Diego,1639031,1639031,This project provides for Americans with Disabilities Act (ADA) upgrades and,This project is needed to upgrade existing site improvements and play area,0,0,0,0,0,0
2017,P  a  r k  s - Mini Parks,262,Park & Recreation,North Park Mini Park and Streetscape Improvements,S10050,,,Council District: 3; Community Plan: Greater North Park,3210761,3210761,This project provides for the design and construction of an approximately 0.50,The community is currently deficient in population-based park requirements set Year 2019. forth in the City's General Plan. This project will add population-based park acreage to the,0,0,0,0,0,0
2017,Trans - Ped Fac - Sidewalks,263,Park & Recreation,North Park/Main St Sidewalk Improvements,S10040,,,Council District: 3; Community Plan: Greater North Park,634999,634999,The project provides for the replacement of existing red sidewalk and,"The project will replace existing red sidewalk and decorative tiles that are Construction began and was completed in Fiscal Year 2017. Warranty period for this project cracked, deteriorated, and missing. will continue through Fiscal Year 2018.",0,0,0,0,0,0
2017,Bldg - Parks - Recreation/Pool Centers,264,Park & Recreation,NTC Aquatic Center,S10000,,,Council District: 2; Community Plan: Peninsula,1486725,9486725,This project will provide for the planning and design of a new aquatic facility,This project will contribute to satisfying the recreation facility requirement set project delivery method. No,8000000,0,0,0,0,0
2017,P  a  rks - Community,265,Park & Recreation,Ocean Air Comfort Station and Park Improvements,S16031,,,Council District: 1; Community Plan: Carmel Valley,1881792,1881792,This project provides for the design and construction of a comfort,This project will expand the use of the park and contribute to satisfying,0,0,0,0,0,0
2017,Parks - Community,266,Park & Recreation,Ocean Air CP - Turf Upgrades,S16030,,,Council District: 1; Community Plan: Carmel Valley,6523952,6523952,This project provides for the design and construction of approximately 5 acres,This project will expand the use of the park and contribute to satisfying Valley Community Plan and is in conformance with the City's General Plan. population-based park acreage requirements as set forth in the City's General Plan to serve,0,0,0,0,0,0
2017,Parks - Resource Based,267,Park & Recreation,Old Mission Dam Preservation,S00611,,,Council District: 7; Community Plan: Navajo; Tierrasanta,1577335,1577335,This project provides for dredging behind the Old Mission Dam for the purpose,This project will protect the structural integrity of the historic dam and improve,0,0,0,0,0,0
2017,Parks - Miscellaneous Parks,268,Park & Recreation,Olive Grove Community Park ADA Improve,S15028,,,Council District: 6; Community Plan: Clairemont Mesa,422848,1617848,This project provides for the design and construction of Americans with,"This project is needed to upgrade the existing comfort station, children's play",1195000,0,0,0,0,0
2017,,269,Park & Recreation,Olive St Park Acquisition and Development / S10051  Parks - Mini Parks,S10051,,,Council District: 3; Community Plan: Uptown,2771584,2771584,"This project provides for the acquisition, design, and construction of",This project will contribute to satisfying population-based park acreage,0,0,0,0,0,0
2017,Parks - Open Space,270,Park & Recreation,Open Space Improvements,AGG00001,,,Council District: Citywide; Community Plan: Citywide,1900251,1900251,This project provides funding for Rancho Mission Canyon Slope site restoration.,"This project is needed to preserve and enhance the City's open space Environmental Growth Fund and $22,001 in General Fund to L12003 California Tower areas. Enhancement may include removal of exotic, invasive, and non-native plant material Seismic Retrofit. and re-vegetation with native plants of the areas susceptible to erosion.",0,0,0,0,0,0
2017,Parks - Community,271,Park & Recreation,Pacific Highlands Ranch Community Park,RD16002,2018,2020,Council District: 1; Community Plan: Pacific Highlands Ranch,13009999,39999999,"This reimbursement project provides for the acquisition, design, and","This project is in conformance with the City's General Plan guidelines for population based park acreage, implements the recommendations of the Del Mar Mesa and Pacific Highlands Ranch sub-area plans, and is needed to serve the community. See the Del Mar Mesa and Pacific Highlands Ranch Public Facilities Financing Plan for additional information.",0,12837725,12847725,1304550,0,0
2017,Parks - Trails,272,Park & Recreation,Pacific Highlands Ranch Hiking & Biking,RD12003,2018,2020,Council District: 1; Community Plan: Pacific Highlands Ranch,3705905,7169904,This reimbursement project provides for the design and construction of,"This project will provide the community with additional recreational approximately 80,000 linear feet (15 miles) of hiking, equestrian, and biking trails to be opportunities. See Pacific Highlands Ranch Public Facilities Financing Plan for additional located throughout the community in accordance with the Pacific Highlands Ranch subarea information. plan. The trail system will provide access into the multiple habitat planning area of McGonigle",0,3097000,0,366999,0,0
2017,Parks - Miscellaneous Parks,273,Park & Recreation,Palisades Park Comfort Station Replace,S10026,,,Council District: 2; Community Plan: Pacific Beach,762711,762711,This project provides for the removal and replacement of the existing comfort,These improvements are necessary to provide Americans with Disabilities Act 2018. This project is complete and will be closed by the end of the fiscal year. (ADA) accessibility to the comfort station which is not currently accessible and to provide an accessible path of travel from the public way to the new facility.,0,0,0,0,0,0
2017,Bldg - Other City Facility / Structures,274,Park & Recreation,Paradise Senior Center Improvements,S15002,,,Council District: 8; Community Plan: Barrio Logan,699999,699999,This project provides for the design and construction of Americans with,"This project will mitigate existing major barriers to accessibility in the parking the ADA barrier removals will begin in Fiscal Year 2018 and will complete as many barrier area, path of travel to the building and major building areas such as the restrooms. removals as funding allows.",0,0,0,0,0,0
2017,a rks - Miscellaneous Parks,275,Park & Recreation,Park de la Cruz Neighborhood Park Improvements,S15003,,,Council District: 9; Community Plan: Mid-City: City Heights,11141903,11141903,This project provides for improvements to Park de la Cruz Neighborhood Park.,This project will provide an additional recreational use to serve residents in this park-deficient community and will create a new one-stop facility for the Therapeutic Recreation Services program.,0,0,0,0,0,0
2017,Parks - Miscellaneous Parks,276,Park & Recreation,Park Improvements,AGF00007,2018,2018,Council District: Citywide; Community Plan: Citywide,0,400000,This annual allocation provides for the handling of all,"This annual allocation provides improvements to existing parks that are Sherman Heights Community Center Playground. $250,000 in Encanto Neighborhoods DIF required to meet regulations and community needs. was added for John F. Kennedy Neighborhood Park restroom and playground improvements.",0,400000,0,0,0,0
2017,- Miscellaneous Parks,277,Park & Recreation,Pershing MidSch Joint Use Synthet Turf Replacement,S17007,2018,2018,Council District: 7; Community Plan: Navajo,1200000,1623985,This project provides for the replacement of the synthetic turf at the Pershing,The improvements are necessary to replace the worn turf in accordance with,0,423985,0,0,0,0
2017,Parks - Miscellaneous Parks,278,Park & Recreation,Piazza Famiglia Park,RD16000,,,Council District: 3; Community Plan: Centre City,1000000,1000000,This developer-built project provides for the design and construction of a public,The project implements the Downtown Community Plan’s recommendation for,0,0,0,0,0,0
2017,Trans - Roadway - Enhance/Scape/Medians,279,Park & Recreation,Pomerado Median Improve-N of R Bernardo,S10035,,,Council District: 5; Community Plan: Rancho Bernardo,914220,1114220,This project provides for the renovation and replacement of existing asphalt,This project will enhance the appearance of the corridor through the Construction will be,200000,0,0,0,0,0
2017,Neighborhood,280,Park & Recreation,Rancho Mission Neighborhood Park Play Area Upgrade,S15004,2018,2018,Council District: 7; Community Plan: Navajo,1274694,2074694,This project provides for the design and construction of upgrades to the existing,This project will allow for an upgraded play area as well as accessible paths of Construction is anticipated to begin in Fiscal Year 2018 and be completed in Fiscal Year travel to meet current State and federal safety and accessibility guidelines within the Rancho 2019. Mission Neighborhood Park Play Area Upgrade.,0,800000,0,0,0,0
2017,Parks - Miscellaneous Parks,281,Park & Recreation,Rancho Penasquitos Towne Centre Park Imp,S12003,,,Council District: 5; Community Plan: Rancho Penasquitos,174999,174999,This project provides for the installation of miscellaneous amenities to serve,This project will provide additional recreation amenities to serve the residents,0,0,0,0,0,0
2017,Parks - Miscellaneous Parks,282,Park & Recreation,Regional Park Improvements,AGF00005,,,Council District: Citywide; Community Plan: Citywide,1499999,1499999,This annual allocation provides funding for planning and implementation of,San Diego's regional park system contains recreation resources unique to the,0,0,0,0,0,0
2017,Parks - Resource Based,283,Park & Recreation,Resource-Based Open Space Parks,AGE00001,2019,2022,Council District: Citywide; Community Plan: Citywide,3981151,10155649,This annual allocation provides for developing public facilities within the City's,The City's open space acquisitions have resulted in increased interest by,0,0,831484,1728088,3214926,400000
2017,Parks - Neighborhood,284,Park & Recreation,Riviera Del Sol Neighborhood Park,S00999,2018,2018,Council District: 8; Community Plan: Otay Mesa,1920837,8270837,This project provides for land acquisition and development of a 4.9 useable,This project provides population-based park acreage in accordance with the,0,6350000,0,0,0,0
2017,Parks - Miscellaneous Parks,285,Park & Recreation,Rolando Joint Use Facility Development,S15029,,,Council District: 4; Community Plan: Mid-City: Eastern Area,379999,2249999,This project provides for the design and construction of a joint-use facility at,This project will contribute to satisfying population-based park acreage,1870000,0,0,0,0,0
2017,Parks - Neighborhood,286,Park & Recreation,Rolling Hills Neighborhood Park ADA Upgrades,S15021,2018,2018,Council District: 5; Community Plan: Rancho Penasquitos,1091095,1237559,This project provides for Americans with Disabilities Act (ADA) upgrades within,The improvements will help bring the park into compliance with State and requirements. The project,0,146464,0,0,0,0
2017,,287,Park & Recreation,Sage Canyon Concession Bldg-Development / S16035  Parks - Neighborhood,S16035,,,Council District: 1; Community Plan: Carmel Valley,978728,978728,This project provides for the design and construction of a new concession,This project will expand the use of the park and contribute to satisfying,0,0,0,0,0,0
2017,Parks - Neighborhood,288,Park & Recreation,Salk Neighborhood Park & Joint Use Devel,S14007,,,Council District: 6; Community Plan: Mira Mesa,5936685,5936685,This project provides for recreation improvements on 4.1 useable park acres,This project is mitigation for the development of Salk Elementary School,0,0,0,0,0,0
2017,Parks - Community,289,Park & Recreation,San Ysidro Community Park ADA Improvements,S15033,,,Council District: 8; Community Plan: San Ysidro,870709,870709,This project provides for the design and construction of Americans with,This project is needed to provide ADA improvements to comply with federal,0,0,0,0,0,0
2017,,290,Park & Recreation,SD River Dredging Qualcomm Way to SR163 / S00606  Drainage - Channels,S00606,,,Council District: 7; Community Plan: Mission Valley,488999,1088999,This project provides for removal of a small island of sediment within the San,This project will protect adjacent property from potential flooding during rain required in order to meet permit requirements. Construction is anticipated to begin after the events. mitigation site has been approved and funding has been identified for the construction,600000,0,0,0,0,0
2017,Parks - Neighborhood,291,Park & Recreation,Silver Wing Pk Ballfield Lighting - Ph 2,S16051,,,Council District: 8; Community Plan: Otay Mesa - Nestor,707758,707758,This project provides for the design and construction of ball field lighting and,"This project is needed to expand the hours of facility use and its capacity to sports field lighting is estimated to be completed in Fiscal Year 2019. serve the community’s residential growth, and bring the park facilities into compliance with",0,0,0,0,0,0
2017,P  a  rks - Miscellaneous Parks,292,Park & Recreation,Skyline Hills Comm Pk Security Lighting Upgrades,S16021,,,Council District: 4; Community Plan: Skyline - Paradise Hills,149999,149999,This project provides for security lighting upgrades within Skyline Hills,The improvements will help bring the park into compliance with the Park and Paradise Hills Community Plan and is in conformance with the City’s General Plan. Recreation Department’s security light guidelines by providing a more even broadcast of,0,0,0,0,0,0
2017,Parks - Community,293,Park & Recreation,Skyline Hills Community Park ADA Improve,S15038,2018,2018,Council District: 4; Community Plan: Southeastern (Encanto Neighborhoods),1379203,6079203,This project provides for the design and construction of accessibility upgrades,This project corresponds with Project P-10 (ADA Requirements) in the Skyline- Nghbrhood Pk Plygrnd ADA Upgrades. $4.7 million of State grant dollars for park Paradise Hills Public Facilities Financing Plan and ADA accessibility requirements. The improvements tied to affordable housing is anticipated to be added to this project in Fiscal project will expand the use of park facilities to include park patrons with disabilities. Year 2018 and will be used to fully fund the improvements construction costs; actual,0,4700000,0,0,0,0
2017,a  r ks - Neighborhood,294,Park & Recreation,Solana Highlands NP-Comfort Station Development,S16032,,,Council District: 1; Community Plan: Carmel Valley,1650265,1650265,This project provides for the design and construction of a prefabricated comfort,This project will expand the use of the park and contribute to satisfying,0,0,0,0,0,0
2017,Parks - Miscellaneous Parks,295,Park & Recreation,Southcrest Trails 252 Corr Park Imp-Ph2,S01071,,,Council District: 9; Community Plan: Southeastern San Diego,2692270,2692270,This project provides for design and construction of an approximate 5.8 gross,This project provides for additional park land in a park deficient area.,0,0,0,0,0,0
2017,Parks - Mini Parks,296,Park & Recreation,Southeastern Mini Park Improvements,L16000,2018,2022,Council District: 8; Community Plan: Southeastern San Diego,1209999,4869999,"This project provides for the design and replacement of playground equipment,",The improvements are necessary to meet accessibility standards. are anticipated to begin in Fiscal Year 2018 and be completed in in Fiscal Year,0,160000,1718695,1631305,75000,75000
2017,P  a rks - Open Space,297,Park & Recreation,Sunset Cliffs Natural Pk Hillside Imp Preserv Phas,L16001,,,Council District: 2; Community Plan: Peninsula,2999290,2999290,"This project will complete improvements to the Sunset Cliffs Natural Park,","This project is needed to preserve and enhance the Sunset Cliffs Natural Park,",0,0,0,0,0,0
2017,Parks - Miscellaneous Parks,298,Park & Recreation,Sunset Cliffs Park Drainage Improvements,L14005,2018,2022,Council District: 2; Community Plan: Peninsula,2455999,11455999,This project provides for drainage improvements at Sunset Cliffs Natural Park,This project will preserve and protect the coastal bluffs at Sunset Cliffs Natural identification of funding. Park from storm water runoff and soil erosion.,5760000,160000,80000,1000000,1000000,1000000
2017,Trans - Roadway - Enhance/Scape/Medians,299,Park & Recreation,Switzer Canyon Bridge Enhancement Prog,S10054,,,Council District: 3; Community Plan: Greater North Park,74999,1299999,"This project provides for bridge landscaping, hardscape, tree planting, signage,","This project provides for a variety of improvements within the boundaries of the Planning Group for community input in Fiscal Year 2018. Design and construction will be Greater North Park Maintenance Assessment District (MAD), which will provide visual",1225000,0,0,0,0,0
2017,Parks - Miscellaneous Parks,300,Park & Recreation,Taft Joint Use Facility Development,S15026,,,Council District: 7; Community Plan: Serra Mesa,3454599,3454599,This project provides for the design and construction of a joint-use facility at,This project will contribute to satisfying population-based park acreage,0,0,0,0,0,0
2017,Trans - Roadway - Street Lighting,301,Park & Recreation,Talmadge Decorative SL Restoration,S00978,,,Council District: 3; Community Plan: Mid-City: Kensington - Talmadge,366799,366799,This project provides for upgrades and improvements to the existing lighting,This project provides for improvements within the boundaries of the Talmadge Plan. MAD which will provide visual neighborhood enhancements.,0,0,0,0,0,0
2017,Trans - Roadway - Enhance/Scape/Medians,302,Park & Recreation,Talmadge Historic Gates,L12001,,,Council District: 9; Community Plan: Mid-City: Kensington - Talmadge,453725,453725,This project provides for the restoration of existing Talmadge Historic Gates,The neighborhood of Talmadge is defined by historic gates located in the,0,0,0,0,0,0
2017,Trans - Roadway - Enhance/Scape/Medians,303,Park & Recreation,Talmadge Traffic Calming Infrastructure,S17001,2018,2018,Council District: 9; Community Plan: Mid-City: Kensington - Talmadge,160000,260000,"This project provides for the design, installation and/or modifications to street",The Talmadge Maintenance Assessment District (MAD) Community Advisory,0,100000,0,0,0,0
2017,Parks - Community,304,Park & Recreation,Tierrasanta CP Sports Field Lighting,S11011,,,Council District: 7; Community Plan: Tierrasanta,1148441,1148441,This project provides for the design and construction of a sport lighting system,This project is needed to expand the hours of facility use and its capacity to fiscal year. serve the community's residential growth.,0,0,0,0,0,0
2017,Trans - Roadway - Enhance/Scape/Medians,305,Park & Recreation,Torrey Highlands Community ID & Enhance,S11009,,,Council District: 5; Community Plan: Torrey Highlands,374999,374999,This project provides for community identification signage and enhancements,This project is consistent with the Torrey Highlands MAD Assessment,0,0,0,0,0,0
2017,Parks - Neighborhood,306,Park & Recreation,Torrey Highlands NP Upgrades,S16036,,,Council District: 1; Community Plan: Carmel Valley,763215,998293,This project provides for the design and construction of an additional parking,This project will expand the use of the park and contribute to satisfying Valley Community Plan and is in conformance with the City’s General Plan. population-based park acreage requirements as set forth in the City’s General Plan to serve,235078,0,0,0,0,0
2017,,307,Park & Recreation,Torrey Highlands Park Play Area Upgrades / S11020  Parks - Neighborhood,S11020,,,Council District: 1; Community Plan: Carmel Valley,942734,942734,This project provides for Americans with Disabilities Act upgrades and,This project is needed to upgrade existing site improvements and play area,0,0,0,0,0,0
2017,Parks - Neighborhood,308,Park & Recreation,Torrey Hills NP Development,S13007,,,Council District: 1; Community Plan: Torrey Hills,999999,999999,This project provides for recreational improvements on four undeveloped acres,This project will contribute to satisfying population-based park requirements improvements at this site. set forth in the General Plan to serve residents in this park-deficient community.,0,0,0,0,0,0
2017,Parks - Neighborhood,309,Park & Recreation,Torrey Meadows Neighborhood Park,S00651,,,Council District: 5; Community Plan: Torrey Highlands,7922754,7922754,"This project provides for the acquisition, design and construction of a five",This project will contribute to satisfying the population-based park acreage,0,0,0,0,0,0
2017,Golf Courses,310,Park & Recreation,Torrey Pines Golf Course,AEA00001,2018,2018,Council District: 1; Community Plan: University,1307128,6807128,This annual allocation provides for the unexpected replacement of minor capital,This annual allocation will provide a capital assets cost-avoidance program University Community Plan and is in conformance with the City's General Plan. allowing for the timely replacement of unanticipated failure of golf capital assets.,0,5500000,0,0,0,0
2017,,311,Park & Recreation,Torrey Pines N. Golf Course-Improvements / S14019  Golf Courses,S14019,,,Council District: 1; Community Plan: University,14169999,14169999,This project provides for improvements and updates to the golf course to,"Enhance the playability of the course for resident golfers, while improving Design documents were completed in Fiscal Year 2016. Construction began in Fiscal Year course conditions for private and professional tournaments. In addition, updates to the 2016 and was completed in Fiscal Year 2017. irrigation system and reductions in turf areas will conserve recycled water and energy.",0,0,0,0,0,0
2017,,312,Park & Recreation,Trail for All People / S13001  Parks - Trails,S13001,,,Council District: 5; Community Plan: Black Mountain Ranch,535999,535999,"This project provides for design and construction of a 1,100 linear foot paved","This project will provide a unique trail experience for park users, specifically",0,0,0,0,0,0
2017,Parks - Miscellaneous Parks,313,Park & Recreation,Tubman Charter School JU Improvements,S13000,2018,2020,Council District: 9; Community Plan: College Area,1179999,4959999,This project provides for design and construction of approximately 1.72 acres of,This project will contribute to satisfying population-based park acreage facility will begin upon identification of sufficient funding. requirements set forth in the General Plan to serve residents in this park-deficient,0,1580000,0,2200000,0,0
2017,Parks - Neighborhood,314,Park & Recreation,University Village Park Tot Lot,S13005,2018,2018,Council District: 1; Community Plan: University,695252,845252,This project provides for a new children’s play area where no playground,This project will contribute to satisfying population-based park requirements,0,150000,0,0,0,0
2017,Parks - Mini Parks,315,Park & Recreation,Valencia Park Acquisition & Development,S11103,2018,2018,Council District: 4; Community Plan: Southeastern (Encanto Neighborhoods),1315850,1666837,"This project provides for the acquisition, design and construction of",This project will contribute to satisfying population-based park acreage to begin in Fiscal Year 2019. requirements set forth in the City's General Plan in a community currently deficient in,0,350987,0,0,0,0
2017,Parks - Neighborhood,316,Park & Recreation,Villa Monserate Neighborhood Park Upgrades,S16048,,,Council District: 7; Community Plan: Tierrasanta,789899,2054999,This project provides for the design and construction of an expansion to the,This project will expand the use of the park and contribute to satisfying,1265100,0,0,0,0,0
2017,Parks - Miscellaneous Parks,317,Park & Recreation,Wangenheim Joint Use Facility,S15007,,,Council District: 6; Community Plan: Mira Mesa,5643210,5643210,This project provides for the design and construction to expand the existing joint,This project will contribute to satisfying population-based park acreage Benefit Assessment funds was allocated to this project. The project,0,0,0,0,0,0
2017,Parks - Miscellaneous Parks,318,Park & Recreation,Wegeforth Elementary School Joint Use,S00764,,,Council District: 7; Community Plan: Serra Mesa,3346243,3346243,This project provides for the design and construction of approximately four,This project will contribute to satisfying the population-based park acreage Construction began in Fiscal Year 2015 and was completed in Fiscal Year 2016. Project requirements set forth in the City's General Plan. warranty will be completed in Fiscal Year 2017.,0,0,0,0,0,0
2017,Parks - Mini Parks,319,Park & Recreation,West Maple Canyon MP,S00760,,,Council District: 3; Community Plan: Uptown,1165963,1165963,This project provides for the design and construction of a 0.25 acre mini-park to,This project will contribute to satisfying the population-based park acreage,0,0,0,0,0,0
2017,Parks - Neighborhood,320,Park & Recreation,Wightman Street Neighborhood Park,S00767,,,Council District: 9; Community Plan: Mid-City: City Heights,3480779,3480779,This project provides for the design and development of Wightman Street,This project will contribute to satisfying the population-based park acreage will extend until January 2022. requirements set forth in the City's General Plan.,0,0,0,0,0,0
2017,Bldg - Pub Safety - Police Fac / Struct,332,Police,CAD System Replacement Project,S13100,,,Council District: Citywide; Community Plan: Citywide,8254820,8254820,This project provides for the replacement of the Police Department Computer,"The current CAD system does not meet acceptable industry standards for high applicable community plans and is in conformance with the City's General Plan. availability or emergency site recovery. Over the past 25 years, the CAD system has been",0,0,0,0,0,0
2017,Bldg - Pub Safety - Police Fac / Struct,333,Police,Enterprise Radio/Phone Logger,S15025,,,Council District: Citywide; Community Plan: Citywide,1697882,1697882,The Enterprise Radio/Phone Logger project is a joint project between the Police,The Police Department had an antiquated radio/phone logger system that was 2018. in service for many years and had become unreliable. The new system includes redundancy,0,0,0,0,0,0
2017,Bldg - Pub Safety - Police Fac / Struct,334,Police,Police 911 Call Manager,S15024,,,Council District: 3; Community Plan: Centre City,1230275,1230275,The Police 9-1-1 Call Manager is the phone system used by the Police,The Police Department currently uses an older version of the VESTA/9-1-1,0,0,0,0,0,0
2017,Bldg - Pub Safety - Police Fac / Struct,335,Police,Police HQs CoGeneration Repower Project,S10131,,,Council District: 3; Community Plan: Centre City,1933084,1933084,This project will replace existing chiller system components necessary to,This project will provide the facility with a more reliable system.,0,0,0,0,0,0
2017,Bldg - Pub Safety - Police Fac / Struct,336,Police,Police Range Refurbishment,S10118,,,Council District: 9; Community Plan: Mid-City: City Heights,2092863,2092863,"Phase I of this project will include improvements, such as ADA restrooms, path",This project will provide for the refurbishment of the existing police shooting completed in Fiscal Year 2017. The warranty phase of this project will be completed in Fiscal range. Year 2018.,0,0,0,0,0,0
2017,Water - Distribution Sys - Transmission,348,Public Utilities,30th Street Pipeline Replacement,S12010,2018,2019,Council District: 3 8; Community Plan: Priority Category:       Medium,2921186,22499999,This project will replace approximately 6 miles of existing cast iron (CI) mains,The pipeline has been paralleled by the newer 28th Street Pipeline south of conformance with the City's General Plan. Thorn Street and no longer serves as an important transmission route to University Heights,0,8000000,11578813,0,0,0
2017,Bldg - Water - Pump Stations,349,Public Utilities,69th & Mohawk Pump Station,S12011,2018,2019,Council District: 4 9; Community Plan: College Area; Mid-City: Eastern Area,5614628,18478613,This project will construct a new pump station at the corner of 69th Street and,This project will replace the existing 40 year old Montezuma Pump Station,0,6000000,6863985,0,0,0
2017,Bldg - Other City Facility / Structures,350,Public Utilities,Advanced Metering Infrastructure,S17008,2018,2019,Council District: Citywide; Community Plan: Citywide,38375589,67568897,This project will deploy Advanced Metering Infrastructure (AMI) technology to,"This project will streamline the collection of water meter information, provide City's Climate Action Plan. near real time data, assist with promptly solving water usage and billing questions, and",0,27411444,1781864,0,0,0
2017,Water - Distribution Sys - Transmission,351,Public Utilities,Alvarado 2nd Extension Pipeline,S12013,2018,2022,Council District: 2 3 7; Community Plan: Mission Valley; Mission Bay Park; Old San Diego,1703985,59045999,The Alvarado 2nd Extension Pipeline Project is proposing to build a new 48-,"This project was driven by the need to provide redundant transmission to the coastal zones of La Jolla and Pacific Beach for supply reliability. The proposed Alvarado 2nd Extension Pipeline will be the main feed to Pacific Beach Zones. With the new pipeline feeding from the Alvarado WTP, the San Diego County Water Authority (CWA) treated water intake at San Diego Connection #11 which currently feed those zones will greatly reduce. This will also provide supply flexibility between the Alvarado and Miramar WTP Service Areas.",0,2500000,2500000,25000000,25000000,2342014
2017,Wastewater - Collection Sys - Trunk Swr,352,Public Utilities,Alvarado Trunk Sewer Phase IV,S15019,2018,2022,Council District: 7 9; Community Plan: Navajo; College Area,3199999,28895999,This project will replace and upsize 3.12 miles of the Alvarado Trunk Sewer to,This trunk sewer will be upgraded with a larger pipe to improve capacity and,0,2000000,250000,3000000,7000000,13446000
2017,Bldg - MWWD - Pump Stations,353,Public Utilities,"Backup Generators at SPS's, TP & EMTS",S12036,,,Council District: 1 5 8; Community Plan: University; Miramar Ranch North; Barrio Logan; Torrey Pines,15345599,15345599,This project will purchase seven generators and provide a design-build contract,This project is necessary to prevent environmental damage from sewer spills Year 2016. and prevention of permit violation issues when regional electrical black-outs occur.,0,0,0,0,0,0
2017,Bldg - Other City Facility / Structures,354,Public Utilities,Bayview Reservoir Solar Project,S14021,,,Council District: 1; Community Plan: La Jolla,2324999,2324999,"This project includes the design, installation, and interconnection of",Project complies with the City’s Solar Implementation Plan and will provide,0,0,0,0,0,0
2017,Water - Distribution Sys - Transmission,355,Public Utilities,Catalina 12inch Cast Iron Mains,S12008,2018,2018,Council District: 2; Community Plan: Peninsula,10939999,12479999,"This project will replace and install approximately 16,000 linear feet of existing","This project will replace cast iron pipe, provide supply reliability to the Catalina cast iron (CI) pipeline (size varies) with PVC pipeline and cement mortar lined and coated Pump Station service area, and improve water quality. steel pipeline (CMLCS) on Catalina Blvd. The scope of work includes but is not limited to",0,1540000,0,0,0,0
2017,,356,Public Utilities,Chollas Building / S11025  Bldg - Operations Facility / Structures,S11025,2018,2019,Council District: 4; Community Plan: Mid-City: Eastern Area,11599999,40476869,This project will construct two new buildings: one two-story building for,This project will allow for Water Operations Division to consolidate their staff in,0,17006500,11870370,0,0,0
2017,Bldg - Water - Pump Stations,357,Public Utilities,Cielo & Woodman Pump Station,S12012,2018,2020,Council District: 4; Community Plan: Southeastern (Encanto Neighborhoods),1531999,6677999,This project provides for the replacement of the Cielo and Woodman Pump,"This project will replace a deteriorating pump station facility and cast iron completed in Fiscal Year 2020. mains that lead to the station. According to year 2030 demands, the Otay Water Treatment",0,1000000,2500000,1646000,0,0
2017,Water - Distribution Sys - Transmission,358,Public Utilities,Corrosion Control,AKA00001,,,Council District: Citywide; Community Plan: Citywide,479784,479784,This annual allocation provides for renovating or replacing deteriorating,Deteriorating corrosion control and monitoring systems are in need of community plans and is in conformance with the City's General Plan. rehabilitation. This annual allocation provides for an ongoing program to rehabilitate over 600,0,0,0,0,0,0
2017,,359,Public Utilities,Del Mar Heights Pipeline Relocation / S00070  Water - Distribution Sys - Distribution,S00070,,,Council District: 1; Community Plan: Del Mar Mesa; Pacific Highlands Ranch,7949999,7949999,This project will provide for the relocation and upsizing of an existing 36-inch,"Future maintenance of this facility is enhanced when it is in an accessible and the West Community Plan boundary to Carmel Valley Road and includes the bridge by-pass) convenient location such as a public street right-of-way. This project will relocate the pipeline and Phase 2 (Carmel Valley Road to Mona Lane) construction is complete. Reimbursements so that it can be easily maintained, repaired, and serviced in the future. to developer should be completed in Fiscal Year 2018.",0,0,0,0,0,0
2017,Water - Distribution Sys - Distribution,360,Public Utilities,El Monte Pipeline No 2,S10008,2019,2020,Council District: 7; Community Plan: Navajo,2947999,17921009,This project consists of the replacement of three pipe segments as well as the,The replacement and repairs are needed to mitigate the potential of a pipeline,0,0,8300000,6673010,0,0
2017,Bldg - MWWD - Laboratories,361,Public Utilities,EMTS Boat Dock and Steam Line Relocation,S00319,2019,2019,Council District: 2; Community Plan: Peninsula,518534,2018534,The Environmental Monitoring and Technical Services (EMTS) Laboratory Boat,"As part of a Public Benefit Conveyance (PBC) from the federal government, begin in Fiscal Year 2018. MWWD designed and constructed a 40,000 square foot ocean monitoring laboratory which is",0,0,1500000,0,0,0
2017,Water - Distribution Sys - Distribution,362,Public Utilities,Freeway Relocation,AKB00002,2019,2022,Council District: Citywide; Community Plan: Citywide,2089774,2489774,This annual allocation provides funding to relocate water lines in conflict with,Waterline relocation is required by the State Department of Transportation's community plans and is in conformance with the City's General Plan. effort to expand the State Highway System. Relocation projects are accomplished in,0,0,100000,100000,100000,100000
2017,Bldg - Water - Wells,363,Public Utilities,Groundwater Asset Development Program,ABM00001,2018,2020,Council District: Citywide; Community Plan: Citywide,1977604,4370012,"This annual allocation provides for investigation work related to legal, technical,",The City imports 90 percent of its water from the Colorado River and the State through Fiscal Year 2021 and beyond. Water Project. The City has access to several under-utilized groundwater assets that could,0,700000,1585559,106849,0,0
2017,Wastewater - Collection Sys - Trunk Swr,364,Public Utilities,Harbor Dr TS Participation Agreement,RD16001,2018,2019,Council District: 3 8; Community Plan: Barrio Logan,791249,13422831,Participation agreement with Ballpark Village LLC to upsize the existing 12-,"The Harbor Drive Trunk Sewer is constructed of Techite pipe, which is known",0,1000000,11631582,0,0,0
2017,Water - Distribution Sys - Distribution,365,Public Utilities,Instrumentation and Control,AKB00007,2019,2022,Council District: Citywide; Community Plan: Citywide,200000,2200000,This Annual Allocation provides for replacement and upgrades of the existing,The existing control system is outdated and exceeded its life cycle. This,0,0,500000,500000,500000,500000
2017,,366,Public Utilities,La Jolla Scenic Drive 16inch Main / S12009  Water - Distribution Sys - Transmission,S12009,2018,2018,Council District: 1; Community Plan: La Jolla,6039641,9231999,"This project provides for replacement of 6-inch, 8-inch, and 12-inch pipelines","The current distribution grid has insufficient capacity to meet fire flow Fiscal Year 2018. requirements, and is a bottleneck that leads to two isolated portions of the 725 Zone. If either of the pump/reservoir tandems that feed the zone go out of service, feed from the other tandem could not effectively be moved across the zone.",0,3192358,0,0,0,0
2017,Water - Distribution Sys - Distribution,367,Public Utilities,La Jolla View Reservoir,S15027,2018,2020,Council District: 1; Community Plan: La Jolla,2484999,25335312,This project will provide for the construction of a new 3.11 MG prestressed,This project will replace the existing La Jolla View Reservoir which will improve,0,440000,12100000,10310313,0,0
2017,Water - Distribution Sys - Transmission,368,Public Utilities,Large Diameter Water Transmission PPL,AKA00003,2018,2022,Council District: Citywide; Community Plan: Citywide,16072356,82962807,This annual allocation allows for the replacement of 16-inch and larger diameter,"This annual allocation provides for the replacement of large diameter pipelines $5.0 million due to revised requirements. Additionally, in Fiscal Year 2017, the City Council that are in a deteriorated condition or have reached the end of their service life. authorized the appropriation of $1.6 million.",0,16343400,11909612,9945083,14346178,14346178
2017,Water - Distribution Sys - Transmission,369,Public Utilities,Little McGonigle Ranch Road Pipeline,S00069,2018,2018,Council District: 1; Community Plan: Del Mar Mesa; Pacific Highlands Ranch,3563999,5999999,This reimbursement project provides for the construction of approximately,"The pipeline is required to provide capacity in the water system to adequately 15,800 linear feet of 30-inch diameter water transmission pipeline in Carmel Mountain Road supply the demand resulting from the build-out of the Del Mar Mesa and Pacific Highlands and Little McGonigle Ranch Road within the Del Mar Mesa and Pacific Highlands Ranch Ranch communities. communities to provide capacity for both Del Mar Mesa and Pacific Highlands",0,2436000,0,0,0,0
2017,Bldg - Water - Reservoirs/Dams,370,Public Utilities,Lower Otay Outlet Tower,S12018,2019,2019,Council District: Non-City; Community Plan: Non City,999999,1990810,This project provides for the upgrade/replacement of the Lower Otay Outlet,Seismic analysis concluded that the tower's concrete has an overstress in completed in Fiscal Year 2021. flexural tension. Both the tower and the tower foundation are in danger of failure.,0,0,990811,0,0,0
2017,Bldg - Water - Reservoirs/Dams,371,Public Utilities,Lower Otay Reservoir Emer Outlet Improve,S00044,,,Council District: 8; Community Plan: Non City,1179970,1179970,This project provides for the installation of two sluice gates on the auxiliary,The State Department of Safety of Dams requires an emergency draw-down 2017. capability of 10 percent of reservoir capacity in 10 days. Lower Otay Reservoir (backed up by,0,0,0,0,0,0
2017,Bldg - MWWD - Treatment Plants,372,Public Utilities,MBC Biosolids Storage Silos,S00322,,,Council District: 6; Community Plan: Non City,8547837,8547837,This project provides for two additional biosolid storage silos (numbers 9 and,"When a silo is out of service, silo storage capacity is frequently exceeded. In City's General Plan. order to accommodate such events and to restore adequate silo capacity, it is essential to",0,0,0,0,0,0
2017,Bldg - MWWD - Treatment Plants,373,Public Utilities,MBC Dewatering Centrifuges Replacement,S00339,,,Council District: 6; Community Plan: Non City,12122442,12122442,This project provides for the replacement of six of the eight existing dewatering,"This project will increase the production capacity of the dewatering centrifuges completed by Fiscal Year 2019. to accommodate plant shutdowns for maintenance and construction, to accommodate future",0,0,0,0,0,0
2017,Bldg - MWWD - Treatment Plants,374,Public Utilities,MBC Equipment Upgrades,S17013,2018,2018,Council District: 6; Community Plan: Kearny Mesa,700000,1100000,The Metropolitan Biosolids Center (MBC) is the City's regional solids,"To ensure that the plant operates reliably and efficiently, process equipment processing facility that receives biosolids from the Point Loma Wastewater Treatment Plant associated with anaerobic digestion and sludge dewatering must be replaced. and the North City Water Reclamation Plant. To ensure that the plant operates reliably and",0,400000,0,0,0,0
2017,Bldg - MWWD - Treatment Plants,375,Public Utilities,MBC Odor Control Facility Upgrades,S00323,,,Council District: 6; Community Plan: Non City,7715611,7715611,This project provides for upgrading the odor control system fans and ducting to,"Several areas at the Metro Biosolids Center (MBC) have been identified to 2015. Construction began in Fiscal Year 2016 and is anticipated to be completed in Fiscal cause significant odor problems due to foul air collection deficiencies because of insufficient Year 2018. fan capacity and high headlosses, including poorly located foul air collection registers.",0,0,0,0,0,0
2017,Bldg - MWWD - Treatment Plants,376,Public Utilities,Metro Treatment Plants,ABO00001,2018,2019,Council District: 2 6 7 8; Community Plan: Peninsula; University; Tijuana River Valley,9321129,12331129,This annual allocation provides for replacement or improvements of facilities at,Various facilities require replacement due to increasing wastewater flows and,0,2450000,560000,0,0,0
2017,Bldg - MWWD - Pump Stations,377,Public Utilities,Metropolitan System Pump Stations,ABP00002,2019,2021,Council District: Citywide; Community Plan: Citywide,10613702,13437209,"This annual allocation provides for comprehensive upgrades, design","These improvements will allow pump stations to run more efficiently and deappropriation of $200,000. Additionally, the annual project cost for Fiscal Year 2018 increase the reliability of the Metropolitan Wastewater System. decreased by $211,912 due to revised requirements.",0,0,1698699,807840,316968,0
2017,a  s  t  e  w ater - Collection Sys - Trunk Swr,378,Public Utilities,Metropolitan Waste Water Department Trunk Sewers,AJB00001,2018,2021,Council District: Citywide; Community Plan: Citywide,6325542,21038221,This annual allocation provides for the replacement of trunk sewers at various,"This annual allocation provides for the upgrading of trunk sewers, to improve",0,7837584,4608810,631596,1634689,0
2017,Bldg - Water - Standpipes,379,Public Utilities,Miramar Clearwell Improvements,S11024,2018,2020,Council District: 5; Community Plan: Scripps Miramar Ranch; Miramar Ranch North,44244990,120328743,"This project will construct two new clearwells, associated piping, and facilities",The existing clearwells were determined to have significant structural,0,37087853,29080100,9915800,0,0
2017,Bldg - Other City Facility / Structures,380,Public Utilities,MOC Complex Solar Project,S14022,,,Council District: 6; Community Plan: Kearny Mesa,2674999,2674999,"This project includes the design, installation, and interconnection of",Project complies with the City’s Solar Implementation Plan and will provide,0,0,0,0,0,0
2017,Water - Distribution Sys - Distribution,381,Public Utilities,Montezuma/Mid-City Pipeline Phase II,S11026,2019,2020,Council District: 7 9; Community Plan: College Area; Mid-City: Eastern Area; Navajo,8018199,31554999,This project will construct a new 66-inch pipeline from the Alvarado Water,"This project will give complete redundancy to the Trojan Pipeline and will add General Plan. transmission capacity to all of San Diego, south of Highway 8. The project will provide a",0,0,16000000,7536800,0,0
2017,Water - Distribution Sys - Transmission,382,Public Utilities,Morena Pipeline,S16027,2018,2021,Council District: 2 6 7; Community Plan: Linda Vista; Clairemont Mesa; Mission Valley,2796013,34684752,"This project will replace 19,765 feet of existing cast iron and asbestos cement","This project was driven by the need to provide redundant transmission revised requirements. Additionally, in Fiscal Year 2017, the City Council authorized the capacity to the coastal regions of Pacific Beach and La Jolla. This pipeline will also allow the transfer of $1.1 million from Water Main Replacements AKB00003 (R-310735) to this project. beach areas to be fed by the Alvarado Water Treatment Plant which helps maximize local water resources.",0,3202101,10000000,10000000,8686638,0
2017,Bldg - Water - Reservoirs/Dams,383,Public Utilities,Morena Reservoir Outlet Tower Upgrade,S00041,2019,2020,Council District: Non-City; Community Plan: Non City,3979999,20499999,This project replaces the existing outlet tower to meet seismic requirements. It,"The aging outlet tower components are in need of replacement for safety and City's General Plan. ease of operation. Furthermore, the electrical system needs to be upgraded to meet current",0,0,13520000,3000000,0,0
2017,Bldg - MWWD - Treatment Plants,384,Public Utilities,NCWRP Improvements to 30 MGD,S17012,2018,2018,Council District: 1; Community Plan: University,299999,1699999,The North City Water Reclamation Plant (NCWRP) treats wastewater from,This project entails improvements to the process equipment at the NCWRP in several San Diego communities and distributes recycled water for irrigation and industrial order to ensure the facility is capable of operating reliably at its design capacity of 30 MGD. purposes throughout the surrounding areas. The condition and hydraulic capacity of the,0,1400000,0,0,0,0
2017,Bldg - MWWD - Pump Stations,385,Public Utilities,NCWRP Sludge Pump Station Upgrade,S00309,,,Council District: 1 6; Community Plan: University,907095,907095,This project provides for the replacement of 14 combination air release,There is a high risk of pipeline surge break with the existing clogging air Construction began and was completed in Fiscal Year 2017. vacuum valves.,0,0,0,0,0,0
2017,Water - Distribution Sys - Distribution,386,Public Utilities,"New 16"" Water Mains (U-3)",RD15003,,,Council District: 1; Community Plan: Torrey Highlands,1224999,1224999,This project provides for reimbursement to a developer for the construction of,This project is required to provide primary distribution facilities to serve the as part of a future reimbursement agreement approved in Fiscal Year 2016. community.,0,0,0,0,0,0
2017,Reclaimed Water System - Pipelines,387,Public Utilities,North City Reclamation System,AHC00002,,,Council District: Citywide; Community Plan: Citywide,2813291,2813291,This annual allocation provides recycled water to the Northern Service Area,"Segments of recycled water pipelines have been constructed by private extending from Black Mountain Road west, along the I-56 corridor, to Carmel Valley. Portions developers or Caltrans. The City needs to construct the remaining portions to complete the of the recycled water pipeline expansion have been completed and are bringing service to system and start delivering recycled water. The City also needs to expand the distribution the Olivenhain Municipal Water District and the communities of Black Mountain Ranch and system to customers already retrofitted to use recycled water. Santa Luz. Recycled water pipeline is planned in Sorrento Mesa. Projects under this annual",0,0,0,0,0,0
2017,Water - Distribution Sys - Transmission,388,Public Utilities,Otay 1st/2nd PPL Abandon E of Highland,S11027,,,Council District: 4 9; Community Plan: Mid-City: Eastern Area; Mid-City: City Heights,6833389,6833389,"This project will abandon approximately 13,630 feet of aged 30-inch and 36-","This project will abandon approximately 13,630 feet of existing Cast Iron Year 2017. Cement Lined, Reinforced Concrete Steel Cylinder and Cement Mortar Lined Coated Steel",0,0,0,0,0,0
2017,,389,Public Utilities,Otay 1st/2nd PPL West of Highland Avenue / S12016  Water - Distribution Sys - Transmission,S12016,2018,2021,Council District: 3 9; Community Plan: Mid-City: City Heights; Greater North Park,2163050,29440499,This project provides for replacement of the Otay 1st and 2nd Pipeline (west of,"This project will develop a replacement and/or abandonment plan to remove Highland Avenue, along the existing Otay 2nd alignment). It will replace 14,572 linear feet of the existing cast iron segments of pipeline west of Highland Avenue. Cast iron reaches of existing cast iron Otay 2nd Pipeline with a new 42-inch Wightman Street Pipeline, primarily the Otay 1st and 2nd Pipelines are neither safe nor reliable facilities, and may contribute to along existing Otay 2nd alignment from Highland Avenue and Polk Avenue to the University poor water quality. Heights Reservoir at Howard Avenue and Idaho Street. The reach on Highland Avenue",0,1950000,9700000,10000000,5627449,0
2017,Water - Distribution Sys - Transmission,390,Public Utilities,Otay Second Pipeline Relocation-PA,S15016,2018,2022,Council District: Non-City; Community Plan: Non City,1634091,28093223,This project will relocate 7.82 miles of potable water transmission pipelines from,"As the Otay Ranch Community develops, the existing Otay 2nd Pipeline, Otay calendar year 2025. 3rd Pipeline, South San Diego Pipeline No. 1, and South San Diego Pipeline No. 2 will be",3814774,200000,11496084,9508247,710555,729472
2017,Bldg - Water - Treatment Plants,391,Public Utilities,Otay WTP Concrete Work,S11059,,,Council District: Non-City; Community Plan: Non City,4551305,4551305,"This project includes the surface preparation, resurfacing, and the application of","The existing coating of the two basins is over 15 years old, it is in poor General Plan. condition and needs to be replaced. The new protective coating applications will prevent",0,0,0,0,0,0
2017,Water - Distribution Sys - Transmission,392,Public Utilities,Pacific Beach Pipeline South (W),S12015,2018,2020,Council District: 2; Community Plan: Priority Category:       Medium,13609860,39110443,Replacement of approximately 7.8 miles of existing transmission and,"This project is needed to provide water supply reliability to Pacific Beach by distribution mains known as Pacific Beach Pipeline along Ingraham Street, West Mission replacing a 73 year old deteriorating cast iron pipe; thereby, increasing capacity and allowing Bay Drive, Sports Arena Boulevard, Midway Drive, Enterprise Street, Pacific Highway, Kurtz for increased operational flexibility. Street, Hancock Street, California Street, West Walnut Avenue, Vine Street, and Kettner",0,9271723,10491262,5737598,0,0
2017,Wastewater - Collection Sys - Main,393,Public Utilities,Pipeline Rehabilitation,AJA00002,2018,2022,Council District: Citywide; Community Plan: Citywide,118539406,192383547,This annual allocation provides for the rehabilitation and repair of deteriorated,"This annual allocation provides for the extension of the useful life of sewers community plans and is in conformance with the City's General Plan. and manholes, improvements in the level of service to the residents of San Diego, and",0,11759341,17084800,15000000,15000000,15000000
2017,Bldg - MWWD - Treatment Plants,394,Public Utilities,Point Loma Grit Processing Improvements,S00315,,,Council District: 2; Community Plan: Peninsula,37095036,37095036,This project provides for upgrading the existing grit removal process at the,The Point Loma Wastewater Treatment Plant has six aerated grit removal,0,0,0,0,0,0
2017,Water - Distribution Sys - Transmission,395,Public Utilities,Pressure Reduction Facility Upgrades,AKA00002,2018,2018,Council District: Citywide; Community Plan: Citywide,349999,849999,This annual allocation provides for replacing existing pressure reducing stations,Increasing demands for water throughout the City requires pressure reducing community plans and is in conformance with the City's General Plan. stations to better control water pressure throughout the City's system. This annual allocation,0,500000,0,0,0,0
2017,Bldg - MWWD - Pump Stations,396,Public Utilities,PS 84 Upgrade & PS 62 Abandon,S00308,,,Council District: 5; Community Plan: Rancho Bernardo; Rancho Penasquitos,10320399,10320399,This project provides for the elimination of Sewer Pump Station 62 through the,This project is needed to optimize the sewage system and to eliminate Sewer,0,0,0,0,0,0
2017,Bldg - MWWD - Pump Stations,397,Public Utilities,PS2 Power Reliability & Surge Protection,S00312,2018,2021,Council District: 2; Community Plan: Peninsula,16345231,45375231,This project will improve the reliability of Pump Station 2. It will also provide the,Sewer Pump Station 2 currently has three feeds from San Diego Gas and Year 2021. Electric (SDG&E). Two of the feeds are fed from the same substation. Neither of,0,8000000,12000000,8500000,530000,0
2017,-  MWWD - Pump Stations,398,Public Utilities,"Pump Station 64,65, Penasquitos, E Mission Gorge",ABP00003,2018,2018,Council District: Citywide; Community Plan: Citywide,6064099,6314099,"This annual allocation provides for the comprehensive upgrades, design",These improvements will allow the pump stations to run efficiently and,0,250000,0,0,0,0
2017,Bldg - MWWD - Pump Stations,399,Public Utilities,Pump Station Restorations,ABP00001,2018,2021,Council District: Citywide; Community Plan: Citywide,6423824,13892845,This annual allocation provides for the replacement of deteriorated municipal,"Many existing sewer pump stations have reached or exceeded their applicable community plans and is in conformance with the City's General Plan. anticipated service life. However, because of the widely varying actual lengths of service life,",0,1200000,671083,2257204,3340734,0
2017,Potable Reuse,400,Public Utilities,PURE Water Program,ALA00001,2018,2022,Council District: Citywide; Community Plan: Citywide,99718289,1267857109,This annual allocation provides up to 83 million gallons per day (mgd) of,"This project is needed to meet the new permit requirement stipulated in the purified water and will require the construction of several treatment plants and conveyance 2015 Point Loma Wastewater Treatment Plant permit application and to reduce reliance on facilities in the City of San Diego. This program is projected to be implemented in two external water sources by providing an uninterruptable local water supply. phases. Phase 1 includes the planning, design and construction of a 30 mgd Advanced",0,74112022,100813740,584718693,402988052,5506313
2017,Reclaimed Water System - Pipelines,401,Public Utilities,Reclaimed Water Extension,AHC00001,,,Council District: Citywide; Community Plan: Citywide,159125,159125,This annual allocation provides for pipeline extensions of the City's Recycled,This project provides recycled water to customers served by the pipeline,0,0,0,0,0,0
2017,Reclaimed Water System - Pipelines,402,Public Utilities,Reclaimed Water Retrofit,AHC00003,,,Council District: Citywide; Community Plan: Citywide,250001,250001,This annual allocation provides for supplying city facilities with the proper,The City of San Diego has embarked on an aggressive water reclamation community plans and is in conformance with the City's General Plan. program to provide reclaimed water to large users of potable water for irrigation purposes.,0,0,0,0,0,0
2017,Reclaimed Water System - Pipelines,403,Public Utilities,Recycled Water Systems Upgrades,AHC00004,2018,2018,Council District: Citywide; Community Plan: Citywide,1887421,2276388,This annual allocation provides for the upgrade and replacement of recycled,"Replacement and upgrades are necessary for the ongoing operation of the $388,967 due to revised requirements. Additionally, in Fiscal Year 2017, the City Council recycled water system. authorized the appropriation of $500,000.",0,388967,0,0,0,0
2017,Reclaimed Water System - Reservoirs,404,Public Utilities,Recycled Water Tank Modifications,S12014,,,Council District: 5 8; Community Plan: Priority Category:        Medium,1399999,1399999,This project provides three recycled water tank drain modifications to comply,This project is needed in order to comply with the latest regulatory,0,0,0,0,0,0
2017,Bldg - MWWD - Treatment Plants,405,Public Utilities,SBWR Plant Demineralization,S00310,,,Council District: 8; Community Plan: Tijuana River Valley,5973694,5973694,This project provides demineralization of reclaimed water using the,The majority of reclaimed water is used for irrigation. Demineralization will,0,0,0,0,0,0
2017,Bldg - Other City Facility / Structures,406,Public Utilities,Sewer CIP Emergency Reserve,ABT00007,,,Council District: Citywide; Community Plan: Citywide,5000000,5000000,This project is an emergency capital reserve intended to be used for emergency,This reserve is required to comply with the City's reserve policy 100-20.,0,0,0,0,0,0
2017,Wastewater - Collection Sys - Main,407,Public Utilities,Sewer Main Replacements,AJA00001,2018,2022,Council District: Citywide; Community Plan: Citywide,215557847,393155521,This annual allocation provides for the replacement of deteriorated and,"This annual allocation provides for the replacement of sewer mains that are in deappropriation of $4.0 million. Additionally, the annual project cost for Fiscal Year 2018 a deteriorated condition or are undersized. increased by $11.3 million.",0,47058301,38001328,32519561,30009242,30009242
2017,Bldg - MWWD - Treatment Plants,408,Public Utilities,South Metro Sewer Rehabilitation Ph 3B,S00317,2019,2020,Council District: 2; Community Plan: Peninsula,157505,9214956,"This project will rehabilitate the remaining 5,000 feet of the 108-inch pipeline",Sections of the South Metro Interceptor have deteriorated significantly due to,0,0,4200000,4857451,0,0
2017,Bldg - Water - Standpipes,409,Public Utilities,Standpipe and Reservoir Rehabilitations,ABL00001,2018,2021,Council District: Citywide; Community Plan: Citywide,13264300,28317449,"This annual allocation provides for rehabilitation, upgrades, and improvement","The existing reservoirs, dams, and standpipes in the water system have",0,2450000,4913751,6567358,1122040,0
2017,Wastewater - Collection Sys - Trunk Swr,410,Public Utilities,Tecolote Canyon Trunk Sewer Improvement,S15020,2018,2021,Council District: 2; Community Plan: Clairemont Mesa,1599999,16859999,This project will upsize approximately 3.3 miles of existing 18- to 24-inch,Improvements are needed to accommodate future flow capacity and address Year 2019. Construction is,0,4080000,8000000,3000000,180000,0
2017,Bldg - Water - Pump Stations,411,Public Utilities,Tierrasanta (Via Dominique) Pump Station,S12040,2018,2018,Council District: 7; Community Plan: Tierrasanta,8157999,14653995,This project provides for a new station with a total pump station capacity of 13.9,The existing pump stations are past their useful life and are heavily Construction is,0,6495996,0,0,0,0
2017,Water - Distribution Sys - Distribution,412,Public Utilities,University Ave Pipeline Replacement,S11021,2018,2018,Council District: 3; Community Plan: Uptown; Greater North Park,21698592,25999999,"This project replaces 23,072 linear feet of the existing cast iron University",Cast iron reaches of the University Avenue Pipeline are neither safe nor,0,4301407,0,0,0,0
2017,Bldg - Water - Standpipes,413,Public Utilities,University Heights Water Tower Seismic Retrofit,S17006,2018,2018,Council District: 3; Community Plan: Greater North Park,499999,1862999,This project will replace the exterior structural elements which includes,This project is being driven by the need to repair and retrofit the existing Fiscal Year 2018. Construction is,0,1363000,0,0,0,0
2017,Wastewater - Collection Sys - Main,414,Public Utilities,Unscheduled Projects,AJA00003,2018,2018,Council District: Citywide; Community Plan: Citywide,10419264,10719264,This annual allocation provides for the repair and replacement of municipal and,"This annual allocation provides for emergency repairs and replacement of appropriation of $236,228. Additionally, the annual project cost for Fiscal Year 2018 sewer pipeline to avoid failures of the Municipal and Metropolitan Sewer System. decreased by $367,348 due to revised requirements.",0,300000,0,0,0,0
2017,Water - Distribution Sys - Distribution,415,Public Utilities,Upas St Pipeline Replacement,S11022,2018,2018,Council District: 2 3; Community Plan: Uptown; Greater North Park; Midway - Pacific Highway,34096325,34946325,This project replaces 5.67 miles of cast iron mains along the Upas Street,This project is needed because the cast iron reaches of the Upas Street,0,850000,0,0,0,0
2017,Water - Distribution Sys - Distribution,416,Public Utilities,Water & Sewer Group Job 816 (W),S13015,2018,2019,Council District: 2; Community Plan: Pacific Beach,10708374,16519391,This project is in the Pacific Beach Community and provides for the,The majority of Pacific Beach Community pipelines are made of cast iron and Construction began in Fiscal Year 2016 and is anticipated to be completed in Fiscal Year are due for replacement in accordance with California Department of Public Health's (CDPH) 2019. Compliance Order 04-14-96CO-022. This project is intended to reduce maintenance and,0,4325508,1485509,0,0,0
2017,Bldg - Other City Facility / Structures,417,Public Utilities,Water CIP Emergency Reserve,ABT00008,,,Council District: Citywide; Community Plan: Citywide,5000000,5000000,This annual allocation provides for an emergency financial reserve for Water,This reserve is required to comply with the stipulation in the Bond Counsel.,0,0,0,0,0,0
2017,Bldg - Operations Facility / Structures,418,Public Utilities,Water Department Security Upgrades,S00050,2018,2019,Council District: Citywide; Community Plan: Citywide,15724929,18924929,This project provides for the design and installation of miscellaneous security,"This project provides for the deterrence, detection, and apprehension of",0,200000,3000000,0,0,0
2017,Water - Distribution Sys - Distribution,419,Public Utilities,Water Main Replacements,AKB00003,2018,2022,Council District: Citywide; Community Plan: Citywide,223960806,471038492,This annual allocation allows for the replacement of water mains at various,"Water mains require replacement due to their deteriorated condition or size by $6.3 million due to revised requirements. Additionally, in Fiscal Year 2017, the City limitation. The existing pipeline is either approaching or has exceeded its expected life. The Council authorized the appropriation of $18.9 million and the transfer of $1.1 million to replacement of cast iron pipes is mandated by the California Department of Public Health's S16027 Morena Pipeline per Council Resolution (R-310735). (CDPH) Compliance Order.",0,46202093,50875593,50000000,50000000,50000000
2017,Bldg - Water - Pump Stations,420,Public Utilities,Water Pump Station Restoration,ABJ00001,2018,2022,Council District: Citywide; Community Plan: Citywide,11762641,42548084,This annual allocation provides for replacing deteriorated pumping equipment,Many existing water pump stations have reached or exceeded their anticipated,0,4948360,2509470,6091349,8618132,8618132
2017,Bldg - Water - Treatment Plants,421,Public Utilities,Water Treatment Plants,ABI00001,2018,2022,Council District: 5 7 Non-City; Community Plan: Scripps Miramar Ranch; Navajo; Non City,4469939,6809416,This annual allocation provides for upgrades and replacement of the treatment,These improvements are necessary to ensure a reliable water supply to the community plans and is in conformance with the City's General Plan. customers and for compliance with the Safe Drinking Water Act.,0,1000000,143493,703600,246192,246192
2017,Bldg - MWWD - Administration Struct,422,Public Utilities,Wet Weather Storage Facility,S00314,2019,2019,Council District: 1 2 6; Community Plan: University; Clairemont Mesa; Mission Bay Park; Peninsula,2491625,7272126,This project includes the implementation of the Emergency Live Stream,"The facility will reduce the risk of potential wet weather overflows, which may Quality Control Board (RWQCB) approval of the National Pollutant Discharge Elimination be caused by the capacity limitation of Pump Station 2 during extreme rainfall events. System (NPDES) permit.",0,0,4780501,0,0,0
2017,Bldg - Other City Facility / Structures,430,Public Works - General Services,City Facilities Improvements,ABT00001,2018,2022,Council District: Citywide; Community Plan: Citywide,30633210,269650216,This annual allocation provides for capital improvements at City facilities. Potential,"Several City-owned facilities are in need of repair or major improvements. High-priority from the Infrastructure Fund to be used to address facility deferred maintenance needs, $500,000 from repairs and high-priority city improvements will be completed with this allocation. Funding for this annual the SD Unified School Dist-Cap Out Fund to be used to replace the boilers at the Central Library, and allocation will ensure the facilities remain safe and operable. $200,000 in Sewer Utility CIP funds for preliminary work on PUD facility upgrades and improvement",131674833,23630060,17390213,20053122,24315167,21953611
2017,Trans - Signals - Calming/Speed Abatemt,445,Transportation & Storm Water,25th Street Renaissance Project,S00985,,,Council District: 3; Community Plan: Greater Golden Hill,2862047,2862047,"This project provides for the construction of pedestrian amenities, traffic",This project will provide traffic calming and improve pedestrian safety. warranty period for this project will continue through Fiscal Year 2018.,0,0,0,0,0,0
2017,Trans - Ped Fac - Sidewalks,446,Transportation & Storm Water,34th & 35th @ Madison Ave Improvements,S00922,,,Council District: 3; Community Plan: Mid-City: Normal Heights,1320853,1320853,"This project provides for the reconstruction of the curb, gutter, and sidewalk on",This project is required in order to mitigate drainage problems and reduce in Fiscal Year 2018. flooding.,0,0,0,0,0,0
2017,,447,Transportation & Storm Water,43rd St fr Logan to I805 St Widening / S00845  Trans - Roadway,S00845,,,Council District: 4 9; Community Plan: C48 Southeastern San Diego,8948222,8948222,This project provides for realigning the intersection at 43rd Street and National,"The street currently handles approximately 12,000 daily trips. Once",0,0,0,0,0,0
2017,Trans - Roads/Widening/Reconfiguration,448,Transportation & Storm Water,Airway Road Improvements,S16043,,,Council District: 8; Community Plan: Otay Mesa,10000,10000,This project will provide for the design and construction of modifying the,These improvements are needed to accommodate future development and,0,0,0,0,0,0
2017,Drainage - Storm Drain Pipes,449,Transportation & Storm Water,Alta La Jolla Drive Drainage Repair PhII,S10001,,,Council District: 1; Community Plan: La Jolla,6206104,6206104,This project will repair the erosion and damage to the lower La Jolla,This project is part of the settlement agreement and limited release entered Federal permits received in Fiscal Year 2014. Updated design was completed in Fiscal Year into by the La Jolla Alta Master Council and the City of San Diego. 2015. Construction began in Fiscal Year 2016 and was completed in Fiscal Year 2017. A,0,0,0,0,0,0
2017,Drainage - Storm Drain Pipes,450,Transportation & Storm Water,Avenida de la Playa Infrastructure-SD,S13018,2018,2018,Council District: 1; Community Plan: La Jolla,11362507,12862507,This project will reduce flooding along Avenida de la Playa and will improve the,"Reports indicated the low-flow diversion was not functioning as needed,",0,1500000,0,0,0,0
2017,Trans - Roadway - Enhance/Scape/Medians,451,Transportation & Storm Water,Azalea Park Neighborhood Identification,S00699,,,Council District: 9; Community Plan: Mid-City: City Heights,388001,388001,This project provides for the construction of new vehicular and pedestrian,"These improvements will benefit the community by increasing safety, Year 2018. improving the flow of traffic, enhancing pedestrian access, and promoting community",0,0,0,0,0,0
2017,Trans - Roadway - Enhance/Scape/Medians,452,Transportation & Storm Water,Balboa Avenue Corridor Improvements,S00831,,,Council District: 2 6; Community Plan: Clairemont Mesa; Kearny Mesa,2988987,2988987,This project provides improvements to Balboa Avenue (formerly known as State,This project is funded by a State contribution agreement as part of the 2020. relinquishment of State Route 274 to the City of San Diego.,0,0,0,0,0,0
2017,Trans - Bicycle Facilities (All Class.),453,Transportation & Storm Water,Bayshore Bikeway,S00944,2018,2018,Council District: 8; Community Plan: Otay Mesa - Nestor,5632774,5667774,This project provides for constructing a Class I bikeway from the northern end,"This project completes the missing segment of the planned bike path around A five-year mitigation maintenance period will continue through Fiscal Year 2020. San Diego Bay from Point Loma to Coronado. When completed, this change will improve",0,35000,0,0,0,0
2017,Trans - Roadway,454,Transportation & Storm Water,Beta Street Green Alley,S15041,,,Council District: 9; Community Plan: Southeastern San Diego,418999,418999,"This project improves a 20-foot wide alley from 38th to 39th and Beta Streets,",The project was an enforceable obligation of the Successor Agency to the,0,0,0,0,0,0
2017,Trans - Roadway - GRails/BRails/Safety,455,Transportation & Storm Water,Bridge Rehabilitation,AIE00001,2018,2022,Council District: Citywide; Community Plan: Citywide,3910046,5960046,"This annual allocation provides for the widening, replacement, or retrofitting of",This project maintains an ongoing program to promote safety on City bridges. Congestion Improvement Program (RTCIP) funding was appropriated to this project for the Funding is provided on an on-going basis. Fairmount Avenue Bridge Rehabilitation project. TransNet funding will be allocated to this,0,50000,500000,500000,500000,500000
2017,,456,Transportation & Storm Water,Bus Stop Improvements / AID00007  Trans - Roadway,AID00007,2018,2022,Council District: Citywide; Community Plan: Citywide,111871,411871,This project will provide for the installation of improvements such as bus pads,"Pavement at bus stops may be damaged by rippling and potholing caused by Improvement Fund was appropriated to this project and reflects revenue received by the City. friction from bus tires when buses decelerate, accelerate, or turn. This project provides for Additionally, $60,000 is anticipated to be appropriated during Fiscal Year 2018. replacing paving at bus stops with stronger pavement sections. This extends pavement life and reduces maintenance costs. Also, this project may include sidewalk betterments at bus stops that improve access and bus passenger loading area.",0,60000,60000,60000,60000,60000
2017,Trans - Roadway,457,Transportation & Storm Water,Camino Del Sur - 2 Lns(T Sta Fe to Carmel Mtn. Rd),RD15000,,,Council District: 5; Community Plan: Torrey Highlands,0,5170000,This project provides for reimbursement to a developer for the design,This facility is required to accommodate traffic generated by new development developer per the terms of a future reimbursement agreement. in Torrey Highlands and surrounding communities as well as existing sub-regional traffic,5170000,0,0,0,0,0
2017,Trans - Roadway,458,Transportation & Storm Water,Camino Del Sur (Bernardo Lks/Lone Quail),RD11000,,,Council District: 1; Community Plan: Black Mountain Ranch,49999,49999,This project provides for reimbursement to a developer for design and,This facility is required to accommodate traffic generated by new development are for city oversight and verification of final costs. in Black Mountain Ranch and surrounding communities as well as existing sub-regional,0,0,0,0,0,0
2017,Trans - Roadway,459,Transportation & Storm Water,Camino Del Sur-SR-56 to Dormouse,S00872,2018,2018,Council District: 6; Community Plan: C40 Rancho Penasquitos; C51 Torrey Highlands,1204893,10624999,This project provides for the construction of Camino del Sur (formerly Camino,Camino del Sur is the major street connecting the southwest corner of Rancho,5882106,3538000,0,0,0,0
2017,Drainage - Channels,460,Transportation & Storm Water,Carmel Country Road Low Flow Channel,S00969,,,Council District: 1; Community Plan: Carmel Valley,2711999,2711999,This project provides for raising the elevation of an existing bike path crossing,This project will provide for relief of water ponding under the Carmel Country Fiscal Year 2014 which studied multiple alternatives with preliminary environmental analysis Road Bridge and to the east of the bridge on the Palacio Del Mar property. This condition in order to improve the ponding conditions that occur on the existing bike path crossing over has created a health and safety issue for area residents. the Carmel Creek. Design began again in Fiscal Year 2015 for the selected alternative from,0,0,0,0,0,0
2017,,461,Transportation & Storm Water,Carmel Mountain Rd to Del Mar Mesa Rd / S00846  Trans - Roadway,S00846,,,Council District: 1; Community Plan: Del Mar Mesa,1799999,1799999,This reimbursement project provides for the construction of Carmel Mountain,"This project is required to accommodate the additional traffic generated as a Upon final reimbursement to the developer, per the terms of a Reimbursement Agreement result of development in Del Mar Mesa. This project is the subject of an active through the Facilities Benefit Assessment (FBA) credit program, this project will be closed. reimbursement agreement with Pardee Homes for the reimbursable part of this improvement valued at $1.8 million and a non-reimbursable subdivider condition valued at $4.4 million. See Del Mar Mesa Public Facility Financing Plan Project.",0,0,0,0,0,0
2017,Trans - Roadway,462,Transportation & Storm Water,Carmel Mountain Road (T-5.2),RD15002,,,Council District: 1; Community Plan: Torrey Highlands,2699999,5399999,This project provides for reimbursement to a developer for the design and,"This facility is required to accommodate traffic generated by new development 2015. The second phase, which will complete the four-lane facility for entire length, will be in Torrey Highlands and surrounding communities as well as existing sub-regional traffic required in phase four of the transportation phasing plan. needs.",2700000,0,0,0,0,0
2017,Trans - Roadway,463,Transportation & Storm Water,Carmel Val Rd-Lopelia Mdws-Via Abertura,S00934,,,Council District: 1; Community Plan: Pacific Highlands Ranch,13999999,13999999,This reimbursement project provides for the design and construction of Carmel,"This project is in accordance with the Pacific Highlands Ranch Public Facilities Fiscal Year 2018 per the terms of a reimbursement agreement. Financing Plan, Project T-4.4. Companion Projects T-4.2 and T-4.3 are for the other phases",0,0,0,0,0,0
2017,,464,Transportation & Storm Water,Carmel Val Rd-Via Albutura-Camin Del Sur / S00854  Trans - Roadway,S00854,,,Council District: 1 5; Community Plan: Torrey Highlands,15223323,15223323,This project provides for the design and construction of two additional travel,"This facility is required to accommodate traffic generated by new development (first increment). Construction of the second increment of the widening began in Fiscal Year in Black Mountain Ranch, Torrey Highlands, and surrounding communities as well as 2017. exsisting sub-regional traffic needs.",0,0,0,0,0,0
2017,Trans - Roadway,465,Transportation & Storm Water,Carmel Valley Rd 4/6 Lanes s of Street A,S00900,2018,2018,Council District: 1; Community Plan: Torrey Highlands; Pacific Highlands Ranch,7084999,7593693,This reimbursement project provides for the design and construction of Carmel,"Due to anticipated traffic volumes on Carmel Valley Road, the portion between Year 2017. SR-56 and Del Mar Heights Road will be constructed as a six-lane facility, in two phases, as",0,508694,0,0,0,0
2017,Roadway,466,Transportation & Storm Water,Carmel Vly Rd Widening(Camino Del Sur to Blk MtnRd,RD15001,,,Council District: 5; Community Plan: Torrey Highlands,1774058,1774058,This project provides for reimbursement to a developer for the design and,This facility is required to accommodate traffic generated by new development Fiscal Year 2018. in Torrey Highlands and surrounding communities as well as existing sub-regional traffic needs.,0,0,0,0,0,0
2017,Trans - Bridge - Vehicular,467,Transportation & Storm Water,Carroll Cyn Rd/Sorrento Valley Rd Dist 1,S00841,,,Council District: 1 6; Community Plan: C24 Mira Mesa; Torrey Pines,21057999,21057999,This project provides for a modified four-lane collector street from Sorrento,The Carroll Canyon Road extension project is necessary in accordance with,0,0,0,0,0,0
2017,Trans - Ped Fac - Sidewalks,468,Transportation & Storm Water,Cherokee Street Improvements,S00921,,,Council District: 3; Community Plan: Mid-City: Normal Heights,1930004,1930004,"This project provides for the reconstruction of the curbs, gutters, and sidewalks",This project is required in order to mitigate drainage problems and reduce Construction began in Fiscal Year 2016 and was completed in Fiscal Year 2017. Warranty flooding. period will continue through Fiscal Year 2018.,0,0,0,0,0,0
2017,Trans - Ped Fac - Sidewalks,469,Transportation & Storm Water,City Heights Pedestrian Improvements,S15044,,,Council District: 9; Community Plan: Mid-City: City Heights,4332821,4332821,"This project will remove, replace and install new sidewalks, curbs, gutters and",This project will advance the visions and goals of the community by improving 2017 and is,0,0,0,0,0,0
2017,Trans - Bicycle Facilities (All Class.),470,Transportation & Storm Water,Coastal Rail Trail,S00951,,,Council District: 1; Community Plan: La Jolla,3042271,24467899,This project provides for identifying the best alignment for a bikeway route of,"This project is part of a larger multi-jurisdictional project, which proposes a and",21425628,0,0,0,0,0
2017,Drainage - Storm Drain Pipes,471,Transportation & Storm Water,Coolidge Street Storm Drain,S11003,,,Council District: 7; Community Plan: Linda Vista,655223,655223,This project provides for improved flood control by upgrading the existing pipe,This project will alleviate frequent flooding during normal storm events as a warranty period will be completed and the project closed in Fiscal Year 2018. result of the current undersized storm drain.,0,0,0,0,0,0
2017,Trans - Roadway,472,Transportation & Storm Water,Del Sol Boulevard-Central,S00858,2018,2018,Council District: 8; Community Plan: Otay Mesa,5088193,5571791,This reimbursement project provides for construction of the central section of,"The transportation element of the Otay Mesa Community Plan suggests that Year 2014. A two-year maintenance period was completed in Fiscal Year 2016. Phase I will an integrated transportation network will provide mobility and accessibility for the residents be closed pending fulfillment of the reimbursement agreement obligations by the School and business travelers to, from, and through the community. See companion projects T-4.1 District. Phase II will be designed and constructed by the City to complete the connection and T-4.2 in the Otay Mesa Public Facilities Financing Plan. from Phase I to the existing westerly terminus. The",0,483598,0,0,0,0
2017,Trans - Roadway,473,Transportation & Storm Water,Dennery Road East,S10018,,,Council District: 8; Community Plan: Otay Mesa,718092,718092,"This project provides for constructing approximately 2,900 linear feet as a two-",This project is required to accommodate the additional traffic generated as a collected within the community. result of development in the Otay Mesa community. See Otay Mesa Public Facilities,0,0,0,0,0,0
2017,Drainage - Storm Drain Pipes,474,Transportation & Storm Water,Drainage Projects,ACA00001,2018,2022,Council District: Citywide; Community Plan: Citywide,54915798,237893745,This annual allocation provides for reconstructing or replacing failed,"This project provides for the high priority redesign and reconstruction of authorized the reallocation of $5.6 million from Watershed CIP (ACC0001) to Drainage existing storm drain structures. There are currently over 900 miles of storm drains in the City Projects (ACA00001). An additional $0.4 million was transferred from Street Resurfacing and of San Diego. These storm drains can fail because of a variety of reasons (system material, Reconstruction (AID00005) from bond financing. Midway/Pacific Highway Urban Community age, earth movement, etc). The Operations and Maintenance Section of the Storm Water funding in the amount of $703,625 was appropriated in this project for design and Division regularly cleans these systems and performs minor repairs; however, storm drain construction of Pump Station D and L. For Fiscal Year 2018, an increase of $875,000 in this systems that require redesign and reconstruction are often encountered. fund will support the continuing work needed in Pump Station D. The Fiscal Year 2018",100589181,20441804,12868758,14839310,17993222,16245672
2017,Trans - Bridge - Vehicular,475,Transportation & Storm Water,El Camino Real to ViaDeLaValle (1/2 mile),S00856,2018,2020,Council District: 1; Community Plan: C15 Future Urbanizing Area - Subarea 2,10359796,35192413,This project provides for replacing the existing two-lane bridge with a four-lane,This project will replace the existing bridge and modify the segment of El in Fiscal Year 2017. Design began in Fiscal Year 2017 and will be completed in Fiscal Year Camino Real between Via de la Valle and San Dieguito Road in order to ensure a structurally 2018. Land acquisition is,3200000,936959,0,20695658,0,0
2017,Trans - Bicycle Facilities (All Class.),476,Transportation & Storm Water,El Camino Real/SR 56 Bike Path Connector,S00981,,,Council District: 1; Community Plan: Carmel Valley,555339,555339,"The project provides a new bike path connector, a concrete driveway apron,",This project is required in order to provide a safe method of bicycle access,0,0,0,0,0,0
2017,Trans - Roadway,477,Transportation & Storm Water,Euclid Avenue & Home Improvements,S00886,,,Council District: 9; Community Plan: Mid-City: Normal Heights,1012739,1012739,This project provides for street improvements recommended in the Euclid,"Euclid Avenue carries a traffic volume in excess of its design capacity, to traffic. Landscaping will begin in Fiscal Year 2017 and be completed in Fiscal Year resulting in significant congestion, which impacts neighboring properties. Traffic speed, 2018. Landscaping will be completed in Fiscal Year 2018. The project will be closed out after volume, and a deficiency in pedestrian infrastructure compromise pedestrian safety. completion of landscaping services.",0,0,0,0,0,0
2017,Trans - Signals - Calming/Speed Abatemt,478,Transportation & Storm Water,Five Points Neighborhood Pedestrian Impr,S00988,,,Council District: 2 3; Community Plan: Uptown; Midway - Pacific Highway,889999,889999,"The project provides for the construction of pedestrian curb extension,","This project is needed to address public concerns regarding pedestrian safety transferred to this project from New Walkways, AIK00001, to ensure funding for project close in the Five Points Neighborhood. out and warranty activities. The project",0,0,0,0,0,0
2017,,479,Transportation & Storm Water,Florida Drive Median Improvements / S11057  Trans - Roadway - Enhance/Scape/Medians,S11057,,,Council District: 3; Community Plan: Balboa Park,1204360,1204360,This project provides for the installation of median improvements on Florida,This project will enhance roadway conditions by reducing the occurrence of,0,0,0,0,0,0
2017,Trans - Bridge - Vehicular,480,Transportation & Storm Water,Genesee Avenue Widen I-5 Crossing,S00839,,,Council District: 1; Community Plan: C53 University,22587666,22587666,This project provides for widening Genesee Avenue to six lanes plus dual turn,This project is needed to improve traffic flow. It is included in the Council-,0,0,0,0,0,0
2017,Trans - Roadway - Enhance/Scape/Medians,481,Transportation & Storm Water,Genesee Avenue-Nobel Dr to SR 52,S00852,2019,2020,Council District: 1; Community Plan: C53 University,1948599,18629699,This project provides for widening Genesee Avenue from Nobel Drive to State,"This project is needed to increase the capacity of this facility. See Project deletion of the project pending the preparation, consideration, and certification of a project- Number A in the North University City Public Facilities Financing Plan. level Environmental Impact Report (EIR).",5500000,0,5500000,5681100,0,0
2017,Trans - Bridge - Vehicular,482,Transportation & Storm Water,Georgia Street Bridge Improvements,S00863,,,Council District: 3; Community Plan: C17 Greater North Park,14470308,14470308,This project provides for seismic and structural improvements of the bridge,This bridge has severe spalling due to age and has severe height limitations began in Fiscal Year 2014 and was completed in Fiscal Year 2015. Construction began in which need to be corrected. Trucks continue to hit the low arches of the bridge. Fiscal Year 2017 and is anticipated to be completed in Fiscal Year 2018. The project is,0,0,0,0,0,0
2017,Trans - Roadway - GRails/BRails/Safety,483,Transportation & Storm Water,Guard Rails,AIE00002,,,Council District: Citywide; Community Plan: Citywide,4359666,5072666,This annual allocation provides for installing new and replacing old guard rails,The City maintains an ongoing program to promote safety within the public community plans and is in conformance with the City's General Plan. right-of-way. Analysis of accident patterns at a particular location will occasionally show that,713000,0,0,0,0,0
2017,Drainage - Storm Drain Pipes,484,Transportation & Storm Water,Hayes Ave Storm Drain,S11002,,,Council District: 3; Community Plan: Uptown,554999,554999,This project provides for improved flood control by upgrading the existing pipe,This project will alleviate frequent flooding during normal storm events as a in Fiscal Year 2018 and to be completed in Fiscal Year 2019. The warranty period will be result of the current undersized storm drain pipe. completed in Fiscal Year 2020.,0,0,0,0,0,0
2017,Trans - Signals - Traffic Signals,485,Transportation & Storm Water,Install T/S Interconnect Systems,AIL00002,2018,2022,Council District: Citywide; Community Plan: Citywide,10764693,118491146,"This annual allocation provides for the installation of, and modifications to,","This project provides for increased traffic signal coordination which will reduce project to Traffic Signal Modifications, AIL00005, to support on-going traffic signal traffic congestion. modification needs. Additionally, in Fiscal Year 2017, $2.4 million in Regional Transportation",107176453,150000,100000,100000,100000,100000
2017,Trans - Roadway - Street Lighting,486,Transportation & Storm Water,Installation of City Owned Street Lights,AIH00001,2018,2022,Council District: Citywide; Community Plan: Citywide,5983000,6483000,This annual allocation provides for installing City-owned safety street lights,"Additional street lights will increase the level of lighting for motorists, bicyclists, funding was transferred from this project to Traffic Calming, AIL00001. TransNet Extension and pedestrians on public streets. funding of $100,000 will be allocated to this project in Fiscal Years 2018 through 2022.",0,100000,100000,100000,100000,100000
2017,,487,Transportation & Storm Water,Interstate 5 Underpass-Bikeway/Ped Conn / S00982  Trans - Bicycle Facilities (All Class.),S00982,,,Council District: 1; Community Plan: Carmel Valley,535000,1651010,This project will provide the (missing) link between two existing bike/pedestrian,"Currently, cyclists and pedestrians must use the shoulders of Carmel Valley General Plan. Road to access the west side of Interstate 5. High traffic volumes coupled with commercial",1116010,0,0,0,0,0
2017,Trans - Roadway,488,Transportation & Storm Water,Juan Street Concrete Street,S00602,,,Council District: 3; Community Plan: Old San Diego; Uptown,8529842,8529842,This project provides for the replacement of the existing concrete pavement on,This project is needed to reconstruct the roadway due to deterioration of the Construction began in Fiscal Year 2015 and will be completed in Fiscal Year 2018. The existing roadway. This project location is one of the lowest rated non-residential concrete warranty period will begin in Fiscal Year 2018 and will be completed in Fiscal Year 2019. streets within the City based on Overall Condition Index (OCI) rating.,0,0,0,0,0,0
2017,Trans - Roadway,489,Transportation & Storm Water,La Jolla Mesa Drive Sidewalk,S00928,,,Council District: 1; Community Plan: C20 La Jolla,825999,825999,"This project provides new curb, gutter, and sidewalk on the east side of La Jolla",This project is required in order to provide safer pedestrian access. Design was re,0,0,0,0,0,0
2017,Trans - Bridge - Vehicular,490,Transportation & Storm Water,La Jolla Village Drive-I-805 Ramps,S00857,,,Council District: 1; Community Plan: C53 University,23974535,23974535,This project converts the existing La Jolla Village Drive/Interstate 805 full,This project is needed to improve traffic circulation and safety in the University Fiscal Year 2004. Caltrans awarded the construction contract in Fiscal Year 2011. Road community per the North University City Public Facilities Financing Plan - Project C. construction was completed in Fiscal Year 2013. A five-year plant establishment and monitoring period will continue through Fiscal Year 2019.,0,0,0,0,0,0
2017,Trans - Roads/Widening/Reconfiguration,491,Transportation & Storm Water,La Media Road Improvements,S15018,,,Council District: 8; Community Plan: Otay Mesa,6256689,6256689,This project provides Phase 1 of improvements to La Media Road from SR-905,La Media Road is part of the designated Truck Route for the Otay Mesa Port of developer's project,0,0,0,0,0,0
2017,Trans - Roadway,492,Transportation & Storm Water,Linda Vista/Genesee Intersection Improve,S00907,,,Council District: 6; Community Plan: P09 Linda Vista,1037999,1037999,This project provides for lengthening the Genesee Avenue westbound left-turn,This project will improve the traffic flow through the intersection.,0,0,0,0,0,0
2017,Trans - Ped Fac - Sidewalks,493,Transportation & Storm Water,Market St-Euclid to Pitta-Improvements,S16022,,,Council District: 4; Community Plan: Southeastern (Encanto Neighborhoods),999999,5569075,"This project provides for sidewalks, curb ramps, bicycle facility improvements,",Improvements are needed on Market Street between Euclid Avenue and Pitta funding. Street to enhance safety for bicycles and pedestrians. The project location is close to,4569076,0,0,0,0,0
2017,Trans - Roadway - Enhance/Scape/Medians,494,Transportation & Storm Water,Market Street-47th to Euclid-Complete Street,S16061,,,Council District: 4; Community Plan: Southeastern (Encanto Neighborhoods),959999,959999,This project provides pedestrian and bicycle focused infrastructure,The purpose of this project is to increase the safety of children walking and City's General Plan. cycling to school at Horton Elementary and Millennial Tech Middle School and make it more,0,0,0,0,0,0
2017,Trans - Roadway - Enhance/Scape/Medians,495,Transportation & Storm Water,Median Installation,AIG00001,2018,2022,Council District: Citywide; Community Plan: Citywide,2269019,2819019,This annual allocation provides for the installation and improvements of,This project provides for safety improvements where medians are in Fiscal Year 2018 through Fiscal Year 2022. warranted.,0,150000,100000,100000,100000,100000
2017,Trans - Roadway - Erosion/Slope/Ret Wall,496,Transportation & Storm Water,Midway Street Bluff Repair,S12005,,,Council District: 1; Community Plan: La Jolla,475882,475882,This project provides for the repair of the coastal bluff at the west end of,The coastal bluff at the west end of Midway Street in the Birdrock area eroded Community Plan and is in conformance with the City's General Plan. during the 2004-2005 storm season. The protective safety barriers at the bluff collapsed,0,0,0,0,0,0
2017,Trans - Bicycle Facilities (All Class.),497,Transportation & Storm Water,Minor Bike Facilities,AIA00001,2018,2022,Council District: Citywide; Community Plan: Citywide,5477705,8877705,This annual allocation provides for the installation of bike facilities including,This project will provide funding for various bike facilities. Impact Fee (DIF) funding was appropriated to this project for the modification of 95 traffic,0,400000,750000,750000,750000,750000
2017,Trans - Roadway,498,Transportation & Storm Water,Miramar Road-I-805 Easterly Ramps,S00880,,,Council District: 1; Community Plan: C53 University,7048072,7048072,This two-phase project provides for widening Miramar Road to eight lanes from,"This project is needed to improve traffic flow, and is included in the Council- II is dependent on the completion of eminent domain proceedings. approved North University City Community Plan and Facilities Benefit Assessment Document",0,0,0,0,0,0
2017,Trans - Ped Fac - Sidewalks,499,Transportation & Storm Water,Mission Beach Boardwalk Bulkhead,S00726,,,Council District: 2; Community Plan: C27 Mission Beach,5732100,5732100,This project provides for preserving the life of the historic Mission Beach,This project will preserve the life of the bulkhead which was built in 1928.,0,0,0,0,0,0
2017,Trans - Bridge - Vehicular,500,Transportation & Storm Water,N Torrey Pines Rd Bridge/ Los Penasquitos,S00935,,,Council District: 1; Community Plan: Torrey Pines,14530651,14630651,This project provides for demolishing and reconstructing the North Torrey Pines,This project provides the replacement of the structurally deficient bridge to,100000,0,0,0,0,0
2017,Trans - Ped Fac - Sidewalks,501,Transportation & Storm Water,New Walkways,AIK00001,2018,2022,Council District: Citywide; Community Plan: Citywide,12419136,17269136,This annual allocation provides for the construction of new sidewalks citywide.,This project provides permanent sidewalks to promote pedestrian safety and,0,850000,1000000,1000000,1000000,1000000
2017,Trans - Roadway,502,Transportation & Storm Water,Old Otay Mesa Road-Westerly,S00870,,,Council District: 8; Community Plan: C33 Otay Mesa; Otay Mesa - Nestor,14701670,14701670,The project is located south of State Route 905 and east of Interstate 805 along,"The transportation element of the Otay Mesa Community Plan suggests that a portion of Otay Mesa Road extending east from the intersection of Hawken Drive and Otay an integrated transportation network will provide mobility, accessibility, and safety for persons Mesa Road and terminating just westerly of Crescent Bay Drive within the Otay Mesa traveling to, from, and through the community. Community Plan area (Council District 8). The roadway improvements will include widening",0,0,0,0,0,0
2017,Trans - Roadway,503,Transportation & Storm Water,Otay Mesa Truck Route Phase 4,S11060,2018,2019,Council District: 8; Community Plan: Otay Mesa,8449999,18729999,This Phase IV project provides for the construction of an additional lane to the,The Phase IV additional lane and extension of the Truck Route will remove,0,5280000,5000000,0,0,0
2017,Trans - Signals - Traffic Signals,504,Transportation & Storm Water,Pacific Highlands Traffic Signals,S01062,,,Council District: 1; Community Plan: Pacific Highlands Ranch,2399999,2399999,This reimbursement project provides for installing up to 17 different traffic,These signals will be installed as part of the traffic control system for the City's General Plan. Pacific Highlands Ranch community. They are needed to accommodate the increase in traffic,0,0,0,0,0,0
2017,Trans - Ped Fac - Accessibility Improve,505,Transportation & Storm Water,Pacific Hwy Curb Ramp Barrier Removal,S11045,,,Council District: 2; Community Plan: Midway - Pacific Highway,450000,450000,"This project will provide for curb ramps, curbs & gutters, sidewalks, a new storm",The project location is a highly used area. One or more Americans with,0,0,0,0,0,0
2017,Trans - Bridge - Vehicular,506,Transportation & Storm Water,Palm Avenue Interstate 805 Interchange,S00869,,,Council District: 8; Community Plan: C33 Otay Mesa; C34 Otay Mesa - Nestor,7368662,21868662,This project provides for improving the Palm Avenue/Interstate 805 Interchange,This project is required to accommodate the additional traffic generated as a and fees collected in the community. Phase III will be completed under a separate project result of development in the Otay Mesa community. Improvements to this interchange will when funding has been identified. also help to reduce traffic volumes on State Route 905.,14500000,0,0,0,0,0
2017,Trans - Roadway,507,Transportation & Storm Water,Palm Avenue Roadway Improvements,S00913,,,Council District: 8; Community Plan: Otay Mesa - Nestor,4617208,4617208,This project provides for vehicular and pedestrian safety improvements on Palm,These improvements will benefit the community by increasing the safety and is,0,0,0,0,0,0
2017,Trans - Roadway,508,Transportation & Storm Water,Park Boulevard At-Grade Crossing,S15045,,,Council District: 3 8; Community Plan: Barrio Logan; Centre City,14105564,14105564,This project provides for the extension of Park Boulevard to Harbor Drive. The,"This project will open Park Boulevard to Harbor Drive, as part of the Ballpark 2020. Infrastructure Design/Build Agreement which closed the 8th Avenue crossing to Harbor",0,0,0,0,0,0
2017,Trans - Bicycle Facilities (All Class.),509,Transportation & Storm Water,Poway Road Bicycle Path - Class I,S00943,,,Council District: 5; Community Plan: C41 Sabre Springs,2579999,2579999,This project provides for the construction of a Class I bicycle path (combined,"The Sabre Springs Community Plan encourages the development of a system Fiscal Year 2012. Design began in Fiscal Year 2012 and was completed in Fiscal Year 2013. of bikeways within the community, tying into the regional bicycle network. Construction began in Fiscal Year 2014 and was completed in Fiscal Year 2017. A 25-month",0,0,0,0,0,0
2017,Trans - Roadway,510,Transportation & Storm Water,Regents Rd Widening-Genesee to Executive,S00881,,,Council District: 1; Community Plan: C53 University,7379999,7379999,This project provides for widening Regents Road to a modified four-lane major,This project is needed to improve traffic flow and is included in the Council- anticipated to be completed in Fiscal Year 2018. The warranty period is anticipated to end in approved North University City Community Financing Plan - Project 13 and Facilities Benefit Fiscal Year 2019. Assessment Document.,0,0,0,0,0,0
2017,Trans - Bridge - Vehicular,511,Transportation & Storm Water,Regents Road Bridge,S00729,,,Council District: 1; Community Plan: University,6737798,31554475,This project provides for an 870-foot bridge spanning the AT&SF Railroad and,"This project will complete Regents Road and provide continuous access to a portion of the flood plain. Additionally, this project provides for a four-lane major street with northern communities. This project is included in the Council-approved North University City Class II bike lanes on Regents Road from the AT&SF railroad bridge to 100 feet north of Financing Plan and Facilities Benefit Assessment Plan (Project NUC-18). Lahitte Court as well as widening the existing half width street to a four-lane major street from",24816677,0,0,0,0,0
2017,Trans - Roadway,512,Transportation & Storm Water,Rosecrans Street Corridor Improvements,S00830,,,Council District: 2; Community Plan: C23 Midway - Pacific Highway; C37 Peninsula,1448324,1448324,"This project provides for improvements to the former State Route 209, which",Redevelopment in the area resulted in increased traffic and pedestrian activity.,0,0,0,0,0,0
2017,Trans - Bicycle Facilities (All Class.),513,Transportation & Storm Water,San Diego River Multi-Use Path,S00958,,,Council District: 7; Community Plan: C28 Mission Valley,1868867,1868867,This project provides for a multi-use pedestrian and bicycle path under State,This project is part of the Bicycle Master Plan to guide the development and and was completed in Fiscal Year 2012. Design began in Fiscal Year 2009 and was the creation of a firm foundation for a bicycle-friendly environment to serve bicyclists and completed in Fiscal Year 2013. Construction began and was completed in Fiscal Year 2014. pedestrians throughout the City. These improvements will benefit the community by The warranty period will continue through Fiscal Year 2018. increasing the mobility and safety through the enhancement of the bicycle path environment.,0,0,0,0,0,0
2017,Trans - Ped Fac - Sidewalks,514,Transportation & Storm Water,School Traffic Safety Improvements,AIK00002,,,Council District: Citywide; Community Plan: Citywide,762783,762783,"This annual allocation provides for the installation of traffic control devices,",The Public Safety and Neighborhood Services Committee of the City Council,0,0,0,0,0,0
2017,Trans - Bridge - Vehicular,515,Transportation & Storm Water,Sea World Dr/I5 Interchange Improvement,S00888,,,Council District: 6; Community Plan: C26 Mission Bay Park,3999999,120163108,"This project proposes to realign and widen the southbound off-ramp,",Widening Sea World Drive to six lanes and improving the Sea World Fiscal Year 2018. Drive/Interstate 5 interchange are necessary to meet existing and forecasted traffic volumes.,116163109,0,0,0,0,0
2017,Trans - Ped Fac - Sidewalks,516,Transportation & Storm Water,Sidewalk Repair and Reconstruction,AIK00003,2018,2018,Council District: Citywide; Community Plan: Citywide,19702219,50010069,"This annual allocation provides for the replacement of damaged sidewalks, curbs,","This project replaces sidewalks, curbs, and gutters which have been damaged by million in Fiscal Year 2018 will be used for the installation of curb ramps in the Downtown area. City trees in areas near schools and parks and contributes to the City's ongoing efforts to promote $1.1 million in Development Impact Fee funds have been added to the annual for Fiscal Year 2018 walking as a mode of transportation. to fund Americans with Disabilities Act (ADA) compliance projects. Unidentified funding for the next",27635000,2672850,0,0,0,0
2017,Trans - Roads/Widening/Reconfiguration,517,Transportation & Storm Water,Siempre Viva Road Improvements,S16044,,,Council District: 8; Community Plan: Otay Mesa,10000,10000,This project will provide for the design and construction of modifying the,These improvements are needed to accommodate future development and,0,0,0,0,0,0
2017,,518,Transportation & Storm Water,Sorrento Valley Rd & I5 Interchange / S00914  Trans - Roadway,S00914,,,Council District: 1; Community Plan: Torrey Pines,3852236,199999999,The purpose of the project is to provide studies for traffic relief of local,Traffic flow within the area is operating a low level of service and is severely million increase represents the total cost of this project and is currently unfunded. The impacted by stoppage for trains at the Coaster Station. progression of this project will be dependent upon receiving additional funding.,196147763,0,0,0,0,0
2017,Trans - Bridge - Vehicular,519,Transportation & Storm Water,SR 163/Clairemont Mesa Blvd Interchange,S00905,,,Council District: 6; Community Plan: Kearny Mesa,18421199,18421199,This project provides for improving Clairemont Mesa Boulevard/State Route,"These improvements will eliminate existing pedestrian/bike high-speed appropriation of $500,000 in Regional Transportation Congestion Improvement Program crossings and all vehicle, bike, and pedestrian moves will be controlled, thus improving (RTCIP) funding for increased construction costs in this project due to unforeseen conditions. safety. Transit movement through the interchange area will be greatly enhanced. Total project budget has been increased by $500,000.",0,0,0,0,0,0
2017,Trans - Bridge - Vehicular,520,Transportation & Storm Water,SR 163/Friars Road,S00851,2018,2019,Council District: 7; Community Plan: C28 Mission Valley,55830627,60739627,This project provides for construction of a new southbound State Route 163 to,This project will alleviate some of the severe traffic delays along Friars Road Development Impact Fees. TransNet funding in the amount of $2.0 million was allocated in due to new development in Mission Valley and the backup that occurs on the existing Fiscal Year 2018 and $2.9 million is expected to be available for this project in Fiscal Year southbound off-ramp because of the weaving situation with the southbound on-ramp. 2019. Additional funding was required for an increase in real estate acquisition costs and,0,2000000,2909000,0,0,0
2017,,521,Transportation & Storm Water,SR94/Euclid Av Interchange Phase 2 / S14009  Trans - Roadway,S14009,2018,2018,Council District: 4; Community Plan: Southeastern (Encanto Neighborhoods),1794799,4394799,The State Route 94/Euclid Avenue interchange is an uncontrolled intersection,The project will evaluate the State Route 94 / Euclid Avenue Interchange for,0,2600000,0,0,0,0
2017,Trans - Bicycle Facilities (All Class.),522,Transportation & Storm Water,State Route 56 Bike Interchanges,S00955,,,Council District: 1; Community Plan: Priority Category:        High,536094,536094,This project will provide for a bicycle path interchange and community,Bicyclists and pedestrians traveling the SR-56 bicycle path and needing to and Camino Del Sur began in Fiscal Year 2016. Construction is planned to begin and cross through the interchange areas have to contend with high volumes of conflicting be completed in Fiscal Year 2018. Future phases to complete the bicycle paths at Rancho vehicular traffic. This project will expedite the movements along the bicycle path through and Del Sol Way and Torrey Meadows Drive along State Route 56 will be completed under a connecting to the interchange areas. future project.,0,0,0,0,0,0
2017,Trans - Roadway,523,Transportation & Storm Water,State Route 56 Freeway Expansion,RD14000,2018,2020,Council District: 1; Community Plan: Priority Category:       N/A,14090999,151999999,This project provides for the conversion of the four-lane freeway into a six-lane,"Due to the regional servicing nature of this freeway, it is anticipated that Plans, and is in conformance with the City's General Plan. federal, State, or other outside funding for this segment of SR-56 will be obtained. In the",120500000,567000,0,16842000,0,0
2017,Trans - Roadway,524,Transportation & Storm Water,Streamview Drive Improvements,S00864,,,Council District: 4; Community Plan: Mid-City: City Heights,4449949,4449949,"This project provides for the installation of new raised median, new sidewalk",This project provides for safety/capacity improvements on Streamview Drive,0,0,0,0,0,0
2017,,525,Transportation & Storm Water,Streamview Drive Improvements Phase 2 / S18000  Trans - Roadway,S18000,2018,2018,Council District: 4; Community Plan: Mid-City: City Heights,0,7650000,"This project provides for the installation of new raised median, new sidewalk","This project provides for safety/capacity improvements on Streamview Drive from 54th Street to College Avenue to reduce excessive speeds, increase safety, and enhance visual impacts.",7500000,150000,0,0,0,0
2017,Trans - Roadway - Street Lighting,526,Transportation & Storm Water,Street Light Circuit Upgrades,AIH00002,,,Council District: Citywide; Community Plan: Citywide,7168370,20668370,This annual allocation provides for the replacement of obsolete street light,Series circuits are over 70 years old and no longer meet current standards and estimated needs for the next five fiscal years. they constantly have maintenance problems which impact a large number of lights.,13500000,0,0,0,0,0
2017,Trans - Roadway,527,Transportation & Storm Water,Street Resurfacing and Reconstruction,AID00005,2018,2022,Council District: Citywide; Community Plan: Citywide,115558606,316460249,"This annual allocation provides for roadway resurfacing, repair, and","This project provides for resurfacing, repair, and reconstruction of City streets, authorized the reallocation of budget from this project in the amount of $400,000 from bond which are necessary to maintain the streets in serviceable condition and to mitigate roadway financing to Drainage Projects (ACA00001). Bond financing, Trench Cut Fee, and Road deterioration. Maintenance and Rehabilitation appropriations for this project have been revised in",0,21219536,44982107,46900000,43900000,43900000
2017,Trans - Roadway - Erosion/Slope/Ret Wall,528,Transportation & Storm Water,Talbot Street Slope Restoration,S00609,,,Council District: 2; Community Plan: C37 Peninsula,3672434,3672434,This project provides for the stabilization of the slope adjacent to Talbot Street,The winter storms of 2004 and 2005 eroded the steep slope adjacent to Talbot,0,0,0,0,0,0
2017,,529,Transportation & Storm Water,Torrey Meadows Drive Overcrossing / S10015  Trans - Bridge - Vehicular,S10015,,,Council District: 1; Community Plan: Torrey Highlands,9114999,12999999,This project provides for the design and construction of a two-lane overcrossing,"This two-lane connection will provide access to the neighborhood park, executed Reimbursement Agreement (RA) between the City and Developer. The warranty elementary and high schools, and the local mixed use zone for those properties south of period will be completed in Fiscal Year 2021. This",3885000,0,0,0,0,0
2017,,530,Transportation & Storm Water,Torrey Pines Road Improvement Phase 2 / S15023  Trans - Ped Fac - Sidewalks,S15023,2018,2018,Council District: 1; Community Plan: Torrey Pines,599999,1599999,This project provides an additional path of travel for pedestrians on the south,Improvements are needed on Torrey Pines Road between La Jolla Parkway,0,1000000,0,0,0,0
2017,Trans - Roadway - Erosion/Slope/Ret Wall,531,Transportation & Storm Water,Torrey Pines Road Slope Restoration,S00877,,,Council District: 1; Community Plan: C20 La Jolla,3686219,3686219,This project provides for reconstructing a 350-foot section of earthen slope,The existing slope is eroding. This project will eliminate the possibility of soil completed in Fiscal Year 2020. slough landing in the travel lane of a primary arterial street.,0,0,0,0,0,0
2017,Trans - Signals - Calming/Speed Abatemt,532,Transportation & Storm Water,Traffic Calming,AIL00001,2018,2022,Council District: Citywide; Community Plan: Citywide,5162621,9547621,This annual allocation provides for installing traffic control measures on an as-,"This annual allocation is needed to improve safety by mitigating traffic Lusk General Traffic Improvements funding was added to this project for the installation of problems on streets such as speeding, shortcutting traffic, and the need for increased electronic speed signs at five locations in Tierrasanta. This fund source is restricted to pedestrian safety. projects in the Tierrasanta community. Also in Fiscal Year 2017, $200,000 in Prop 42",0,385000,1000000,1000000,1000000,1000000
2017,Trans - Signals - Traffic Signals,533,Transportation & Storm Water,Traffic Signals - Citywide,AIL00004,2018,2022,Council District: Citywide; Community Plan: Citywide,3842133,9293133,This annual allocation provides for the installation of traffic signals at high-,"The City maintains an inventory of candidate intersections which are proposed at Del Mar Heights Road and Mercado Drive were not supported by the periodically surveyed for significant changes in operating conditions. Installing traffic signals community. Additionally, in Fiscal Year 2017, $300,000 in Rancho Bernardo Facilities in select intersections provides for the orderly movement of traffic, increased traffic handling Development Fund funding was added to this project for the installation of a new traffic signal capacity, reduced frequency of accidents, and for improved traffic flow. Signals also permit at the intersection of Technology Drive and West Bernardo Drive. For Fiscal Year 2018, $1.5 vehicles and pedestrians from a minor street to enter or cross continuous traffic on the major million in Centre City (Downtown) Development Impact Fee funding has been allocated to street. The criteria for installing traffic signals are governed by Council Policy 200-6. this project for the installation of new traffic signals at five locations Downtown, and $11,000",0,2251000,950000,750000,750000,750000
2017,Trans - Signals - Traffic Signals,534,Transportation & Storm Water,Traffic Signals Modification,AIL00005,2018,2022,Council District: Citywide; Community Plan: Citywide,6965155,12101355,This annual allocation provides for upgrading existing traffic signals as necessary to,"The City maintains an ongoing program to promote safety within the public right-of- funding was allocated to this project for traffic signal modifications at locations included on the way. Analysis of accident patterns at a particular location often shows that some minor Regional Arterial System (RAS). Also in Fiscal Year 2017, $150,000 in Development Impact Fees improvement would help to reduce the number and/or severity of accidents. In addition, increasing (DIF) were added to this project for the installation of pedestrian countdown timers and $11,000 for traffic volumes and changing traffic patterns typically reduce the effectiveness and efficiency of minor traffic signal modifications. TransNet Extension funding will be allocated to this project in existing traffic signal controls at certain intersections, warranting upgrades. Fiscal Year 2018 through Fiscal Year 2022. $321,200 in DIF funds have been added to the project",0,936200,1050000,1050000,1050000,1050000
2017,Trans - Roadway,535,Transportation & Storm Water,Triple Pipe Crossing Dennery Road,S10017,2018,2018,Council District: 8; Community Plan: Otay Mesa,0,750000,This project provides for constructing a triple pipe arch culvert beneath Dennery,The alignment of Dennery Road will bisect a key wildlife corridor within the,0,750000,0,0,0,0
2017,Trans - Roadway - Enhance/Scape/Medians,536,Transportation & Storm Water,University Avenue Mobility,S00915,2018,2018,Council District: 3; Community Plan: Greater North Park,3779999,6529999,The major elements of the University Avenue Mobility Project are restriping to,This project will significantly improve safety and mobility along the corridor for,0,2750000,0,0,0,0
2017,Trans - Roadway,537,Transportation & Storm Water,Utilities Undergrounding Program,AID00001,2018,2018,Council District: Citywide; Community Plan: Citywide,84715328,89715328,This annual allocation provides for additional underground conversion projects,The CPUC mandates that local utility companies allocate funding for,0,5000000,0,0,0,0
2017,,538,Transportation & Storm Water,Via de la Valle Widening / RD11001  Trans - Roadway,RD11001,2018,2020,Council District: 1; Community Plan: Black Mountain Ranch,1002749,8510277,This project provides for reimbursement to a developer for the reconstruction of,This facility is required to accommodate traffic generated by new development,0,1551361,1985389,3970778,0,0
2017,Trans - Bridge - Vehicular,539,Transportation & Storm Water,W Mission Bay Dr Bridge Over SD River,S00871,2018,2018,Council District: 2; Community Plan: Priority Category:       High,15537215,146113965,This project provides for replacing the existing four-lane West Mission Bay,A six-lane facility is needed to accommodate both the existing and the environmental studies began in Fiscal Year 2001. Preliminary engineering and projected future traffic volumes. It was determined that a bridge replacement was more cost Environmental Document began in Fiscal Year 2009 and were completed in Fiscal Year effective than widening the existing bridge. 2013. Design began in Fiscal Year 2013 and was completed in Fiscal Year 2017.,14977153,115599597,0,0,0,0
2017,Drainage - Best Mgt Practices (BMPs),540,Transportation & Storm Water,Watershed CIP,ACC00001,2018,2022,Council District: Citywide; Community Plan: Clairemont Mesa,19920434,275460195,This project provides for the design and construction of watershed capital,"The purpose of these projects is to remove pollutants from storm water before authorized the reallocation of budget from Watershed CIP (ACC00001) for the purpose of it enters the City's public waterways or to reuse the storm water and keep it from funding design and construction activities and based on an analysis of project cash flow entering public waterways. This results in reduced pollutants entering the ocean and various needs. Total budget reallocated was $5.6 million. Additional City Council authorization, per San Diego rivers and bays. These projects satisfy watershed-based water quality activity resolution R-311157, reallocated $247,951 in bond financing from this project to Streamview requirements in the Regional Water Quality Control Board's Municipal Storm Water National Drive Improvements (S00864) and $90,000 to Coolidge Street Storm Drain (S11003) to Pollutant Discharge Elimination System (NPDES) permit. support construction needs in those projects. Infrastructure funding and bond financing have",228878797,4895816,4521455,5213812,6321942,5707939
2017,Trans - Roadway,541,Transportation & Storm Water,Westerly Extension of Hazard Center Dr,RD10001,,,Council District: 7; Community Plan: Mission Valley,1000000,1000000,The construction of the Westerly Extension of Hazard Center Drive will provide,This project will provide for the construction of the missing segment of Hazard Construction is,0,0,0,0,0,0
