cip_year,project_type,source_page,department,project_name,start_year,end_year,address_location,previous_appropriations,project_total,project_description,project_justification,unidentified_funding,year_2021,year_2022,year_2023,year_2024,year_2025,year_2026
2020,Airport Assets,78,Airports,Brown Field,,,Council District: 8; Community Plan: Kearny Mesa,9261695,9261696,"This annual allocation provides for as-needed improvements within the City's Brown Field Airport; which can include, but is not limited to, pavement, drainage, striping, and signage for","This project maintains an airport which promotes the safe use of the runways as required by the FAA, Caltrans (Division of Aeronautics), and compliance with federal and State ADA regulations.",0,0,0,0,0,0,0
2020,Airport Assets,79,Airports,Montgomery-Gibbs Executive Airport,,,Council District: 6; Community Plan: Kearny Mesa,1996293,1996294,"This annual allocation provides for as-needed improvements within the City's Montgomery-Gibbs Executive Airport; which can include, but is not limited to, pavement, drainage, striping, and signage for","This project maintains an airport which promotes the safe use of the runways as required by the FAA, Caltrans (Division of Aeronautics), and compliance with federal and State ADA regulations.",0,0,0,0,0,0,0
2020,Bldg - Operations Facility / Structures,86,Citywide,101 Ash Improvements,,,Council District: 3; Community Plan: Centre City,26213542,26213542,"This project provides for the architectural, electrical, plumbing, asbestos mitigation, and mechanical tenant improvements to the 19 floors of 101 Ash Street for multiple City departments, including tenants of the City Operations Building and former tenants of 1010 2nd Ave building. Improvements will increase building’s occupancy and bring the building into compliance with current Americans With Disabilities Act (ADA) standards.","These tenant improvements are needed to increase the occupancy of the building by approximately 356 employees and accommodate the office space requirements for a development permit center, as well as several City departments. These improvements will provide the needed office space for the more than 500 employees that were displaced from the 1010 2nd Ave building along with Development Services staff from the City Operations Building, which based on a 2014 estimate has more than $90 million in deferred maintenance. The City estimates $43 million in savings over a 20 year period, after accounting for the cost of these improvements and the lease-to-own agreement for the building, when compared to obtaining outside lease space in the Downtown area.",0,0,0,0,0,0,0
2020,I n t a n g ible Assets Information Tech,87,Citywide,Accela Implementation Phase 2,2021,2021,,2186299,3259465,"This project is the next phase in the effort to replace Development Services Department's (DSD) Project Tracking System (PTS). PTS is an in-house system which DSD and the Department of IT staff began developing in 1998 and placed into operation in 2001. DSD uses PTS as its core information system to manage the permitting and development functions for the department. These include the review, comment, issuance, inspection, and archiving functions which are needed in managing the department's permits and projects, as well as code enforcement activities. The scope of this project includes the design, configuration, testing, and deployment of the Development Services module of the Accela platform, as well as the enhancement of the Accela Citizen Access portal. Phase 2 will involve the following: create all permit and approval types found in PTS within Accela, enable multiple independent review cycle functionality to occur, accommodate different review methods (e.g., over-the-counter, submittal, and appointment), expand electronic plan review to digitize 100%, develop and update policies and procedures to support the Accela system, develop interfaces between Accela and other technologies, enhance the Accela Citizen Access public portal and develop and deliver employee training.","In 2012, the Office of the City Auditor issued an audit report which recommended the replacement of PTS with an off-the-shelf package that meets the functional needs of the Department. This project will complete the replacement process of PTS with the Accela platform, as well as address outstanding audit recommendations made by the Office of the City Auditor for various performance audits of the Development Services Department.",0,1073165,0,0,0,0,0
2020,I n t a n g i b l e A s s e t s Information Tech,88,Citywide,Centralized Payment Processing Solution,,,,454999,455000,This project will provide a centralized payment processing solution to consolidate the multiple point-of-sale and online applications. This project is to replace the legacy system used by the Office of the City Treasurer and Public Utilities Departments. This project will include the interfaces required for revenue and deposit reporting. Future projects will include replacing all citywide point-of-sale systems and online payment applications.,This project will consolidate online payment processes from multiple back-end programs which will provide a higher quality of service to the public and streamline payment processing citywide.,0,0,0,0,0,0,0
2020,Bldg - Other City Facility / Structures,89,Citywide,CIP Emergency Reserve,,,Council District: Citywide; Community Plan: Citywide,999999,1000000,This annual allocation provides funding for urgent repairs due to an emergency or natural disaster.,This annual allocation provides an immediate source of funding for public works contracts when no alternative funding sources are available in order to respond quickly to an emergency or natural disaster.,0,0,0,0,0,0,0
2020,Bldg - Other City Facility / Structures,90,Citywide,Convention Center Phase III Expansion,,,Council District: 3; Community Plan: Centre City,3370819,685011298,"This project provides for the expansion of the existing San Diego Convention Center. The expansion will increase the existing leasable space by approximately 225,000 square feet of exhibit hall, 101,000 square feet of meeting rooms, and 80,000 square feet of ballrooms for an approximate total of 406,000 square feet.","The existing facility cannot accommodate some of the larger major events, which leads to the loss of events to other venues. The expansion is expected to increase the attendance and numbers of events held at the facility and provide significant economic benefits to the region.",681640478,0,0,0,0,0,0
2020,Intangible Assets Information Tech,91,Citywide,EAM Enhancements,,,,501679,501679,"This initiative is focused on delivering enhancements that have been requested by the Public Utilities Department (PUD) to the SAP Enterprise Asset Management (EAM) Solution. These requests rely on improvements to the following components: Work Manager, SAP, GIS, and Reporting.","These enhancements increase the usability experience for PUD and their work crews. Enhancements are focused on making data capture on the mobile device easier and more accurate. Added functionality will also be brought forward in SAP/EAM and GIS. Additionally, increased reporting will necessitate the development of additional reports.",0,0,0,0,0,0,0
2020,I n t a n g ible Assets Information Tech,92,Citywide,Enterprise Funded IT Projects,2021,2021,,2636999,11089531,"This annual allocation provides for upgrades and enhancements to information technology projects that are eligible for capitalization and funded exclusively with enterprise funding sources. Individual projects are expected to result in a city-owned asset, which can include, but is not limited to, equipment, system interfaces, and intellectual property.","This annual allocation provides for improvements and enhancements to information technology projects that are solely funded with enterprise resources, and allows for increased reporting on these projects. Projects are also expected to have a duration longer than one fiscal year.",0,8452531,0,0,0,0,0
2020,Bldg - Other City Facility / Structures,93,Citywide,Fleet Operations Facilities,2022,2022,Council District: Citywide; Community Plan: Citywide,2098734,7687176,"This project will provide needed improvements within the City's Fleet Operations repair facilities. Phase 1 of this project provides for the electrical improvements at the Miramar Place Fleet Services. Phase 2 of this project provides for the electrical improvements at the Rose Canyon Fleet Services. Phase 3 of this project provides for the replacement of pump systems, sprayers, brushes, buildings/awnings, surrounding structures, etc. for three large car washes located at Chollas Operations Yard, 20th & B St. and at Rose Canyon. Phase 4 of this project provides for the replacement of two existing non-operational cranes with runway system each with a 33-foot span and a capacity of 2-tons located within the Equipment Offices & Repair Building of the Chollas Operations Yard. Phase 5 of this project provides for the replacement of the Chollas Operations Yard paint booth that was built in the 1960's. Phase 6 of this project provides for the replacement or rehabilitation of nine existing small car washes located at the Police substations.",This project is necessary to properly equip the existing City's Fleet repair facilities to support the car and truck washes at 20th and B St. and the Chollas Operations Yard which are non-functional and in need of replacement. The other car and truck washes require a variety of repairs and upgrades. Washing City vehicles is a storm water compliance requirement to keep debris from falling in the roadway and the repairs and replacements are necessary to remain in compliance with storm water regulations.,0,0,5588441,0,0,0,0
2020,I n t a n g i b l e Assets Information Tech,94,Citywide,Governmental Funded IT Projects,2021,2021,,1531405,2231406,"This annual allocation provides for upgrades and enhancements to information technology projects that are eligible for capitalization and funded exclusively with governmental funding sources. Individual projects are expected to have a duration longer than one fiscal year and result in a city-owned asset, which can include but is not limited to equipment, system interfaces, and intellectual property.","This annual allocation provides for improvements and enhancements to information technology projects that are solely funded with governmental resources, and allows for increased reporting on these projects. Projects are also expected to have a duration longer than one fiscal year.",0,700000,0,0,0,0,0
2020,Bldg - Operations Facility / Structures,95,Citywide,Kearny Mesa Facility Improvements,2021,2021,Council District: 6; Community Plan: Kearny Mesa,999999,14772123,"This project will include tenant improvements to the fire vehicle repair facility located at 8050 Othello Avenue, which will be completed by the lessor with input from the City. The centrally located Kearny Mesa Repair Facility will serve as the primary facility for the repair and maintenance of the City's heavy-duty fire apparatus, as well as a storage facility for the Fire- Rescue Department reserve fleet.","In April 2017, the City entered into a 10-year lease of the facility on Othello Avenue which was intended to serve as a new maintenance and repair facility for heavy-duty fire apparatus. This was in response to findings by CST Fleet Services, a fleet consultant hired by the City, that separate shop space would increase maintenance efficiency for the City's 100+ heavy- duty fire apparatus, rather than sharing space with the refuse packers at the Miramar facility. The City completed additional lease negotiations in September of 2019 and has secured rights to the facility for up to 30 years (15 years with three 5-year renewal options) along with right of 1st refusal to purchase the facility, if owner desires to sell.",0,13772123,0,0,0,0,0
2020,Landfills - Supporting Fac / Struct,103,Environmental Services,CNG Fueling Station for Refuse & Recycling,,,Council District: 1; Community Plan: University,5549999,5550000,"This project provides for the design and construction of a compressed natural gas (CNG) fueling station at the Environmental Services Operations Station located at 8353 Miramar Place. In conjunction with the completion of the fueling station, the division plans to put into service refuse and recycling vehicles that run on CNG, eventually replacing the entire fleet of low sulfur diesel refuse and recycling packers. The construction of CNG fueling infrastructure and the replacement of vehicles will be implemented in a phased approach.",This project provides for the necessary infrastructure to convert Environmental Services fleet refuse and recycling vehicles from low sulfur diesel to compressed natural gas. This CIP helps to implement the City's Climate Act Plan.,0,0,0,0,0,0,0
2020,Landfills,104,Environmental Services,Covered Aerated Static Pile System,,,Council District: 6; Community Plan: Priority Category: High,4999999,5000000,This project provides for design and construction of a covered aerated static pile system for processing organics at the Miramar Landfill's Greenery. This system will enhance the production and throughput of compost from clean source separated food scraps and yard waste.,AB-1826 and the City's Zero Waste Plan dictate significant increases in organic recycling. Stricter air emission and run-off water standards necessitate covered compost piles.,0,0,0,0,0,0,0
2020,Landfills,105,Environmental Services,Landfill Improvements,2023,2026,Council District: Citywide; Community Plan: Citywide,2034974,2834975,"This annual allocation provides for improvements to existing sanitary landfills to comply with operating permits and regulatory requirements. Such improvements may include fencing, access roads, drains, small structures, and environmental protection projects. This project also provides for improvements to existing landfill gas systems, including gas migration and groundwater monitoring networks at all landfills managed by the City. Improvements include upgrades to existing or additional facilities as well as engineering reports and/or design plans and specifications necessary to mitigate landfill gas and groundwater issues or to modify monitoring programs.","This project provides the flexibility for timely initiation of improvements and construction needed to meet operational and solid waste regulatory mandates such as drainage, grading, landfill gas collection, and groundwater monitoring programs.",0,0,0,200000,200000,200000,200000
2020,Landfills,106,Environmental Services,Miramar Landfill Facility Improvements,,,Council District: 6; Community Plan: University; Kearny Mesa; Clairemont Mesa,25412023,25412024,"This project provides for the construction of infrastructure improvements at the Miramar Landfill. Phase I will provide for the development of a Resource Recovery Facility (RRF) to increase waste diversion from self-haul customers. Phase II will provide for the relocation of the Miramar Greenery as required to comply with conditions of a State-mandated Waste Discharge Requirement for Composting Operations. Phase III will provide for surface improvements to haul roads. Phase IV will provide for the acquisition of landfill gas collection and processing infrastructure currently in place as part of a transfer of gas rights. Phase V will provide for a backup power system for landfill gas collection and processing infrastructure. Phase VI will provide for the replacement of modular office, restroom, and locker trailers that have exceeded their service life.","The Environmental Services Department (ESD) is responsible for managing operations, maintenance and compliance of the West Miramar Landfill. This CIP will allow for the most efficient execution of future facility improvement projects and helps to implement the City’s Climate Action Plan.",0,0,0,0,0,0,0
2020,Landfills,107,Environmental Services,Miramar Landfill Gas Recovery Improvemen,,,Council District: 6; Community Plan: Priority Category: Medium,9649999,9650000,This project provides for construction of a consolidated blower system and well field improvements to provide for increased landfill gas collection at the Miramar Landfill.,This project is needed to ensure the landfill will meet regulatory requirements concerning gas emissions and greenhouse gas reduction measures.,0,0,0,0,0,0,0
2020,Landfills,108,Environmental Services,Miramar Landfill Storm Water Improvements,,,Council District: 6; Community Plan: Priority Category: Medium,20299999,20300000,"The project provides for the construction of storm water infrastructure improvements at the Miramar Landfill to maintain regulatory compliance with the Storm Water Industrial General Permit. The project will be implemented in three phases: Phase I includes paving of haul roads, drainage improvements in the Greenery, stabilization of roadway shoulders and drainage channels, and hydroseeding of inactive fill areas; Phase II includes stabilization and/or hydroseeding of secondary roads, sediment traps, storm drain improvements, and basin expansion; Phase III includes improvements to existing basins and development of new basins where feasible.",The storm water basins and associated Best Management Practice (BMP) engineered structures at the Miramar Landfill must be properly designed and constructed to ensure compliance with National Pollutant Discharge Elimination System (NPDES) requirements and to avoid regulatory violations.,0,0,0,0,0,0,0
2020,Landfills - Supporting Fac / Struct,109,Environmental Services,South Chollas Landfill Improvements,,,Council District: 4; Community Plan: Mid-City: Eastern Area,15743903,15743903,"This project provides for cover material, grading, drainage, and site improvements at the inactive South Chollas Landfill. The project will also result in improvements to the Chollas Operations Yard required by the Regional Water Quality Control Board in order to bring the site into compliance. A Corrective Action Plan has been developed to identify the corrective measures and timelines to mitigate the groundwater issues.",This project is required to maintain compliance with various State and Federal regulatory requirements and to avoid regulatory violations.,0,0,0,0,0,0,0
2020,Bldg - Pub Safety - Lifeguard Stations,118,Fire-Rescue,Children's Pool Lifeguard Station,,,Council District: 1; Community Plan: La Jolla,4583674,4583674,This project provides for a new lifeguard station and family restroom at the Children's Pool in La Jolla.,"The previous Lifeguard Tower structure was no longer safe and has been abandoned. It did not meet the current or future needs of Lifeguard Services. It did not provide adequate safety to the employees, and can no longer keep up with the growing community of La Jolla and the larger number of visitors every year. The scope of this project also includes remodeling the existing public restrooms facilities.",0,0,0,0,0,0,0
2020,Bldg - Pub Safety - Fire Fac / Struct,119,Fire-Rescue,Fairmount Avenue Fire Station,,,Council District: 4; Community Plan: Mid-City: City Heights,2327795,16150000,"This project provides for the design and construction of a new permanent fire station of approximately 13,000 square feet. The project will also include the purchase of a new fire engine apparatus. The facility will accommodate ten fire personnel and will include apparatus bay, dorm rooms, kitchen, watch room, ready room, and station alerting system. The new fire station will comply with Fire’s current station design and construction standards and specifications. This project was included in the Citygate Report.",This project will provide for a fire station to meet emergency response times for the community.,13822205,0,0,0,0,0,0
2020,Bldg - Pub Safety - Fire Fac / Struct,120,Fire-Rescue,Fire Station No. 08 - Mission Hills,,,Council District: 3; Community Plan: Uptown,1398499,1398500,This station is located at 3974 Goldfinch Street and it serves Mission Hills and surrounding areas. This project provides for the design and construction of the facility's working areas to provide the full functionality of the fire station operational requirements.,This project will allow for the accommodation of modern fire apparatus to meet current operational requirements for emergency responses.,0,0,0,0,0,0,0
2020,Bldg - Pub Safety - Fire Fac / Struct,121,Fire-Rescue,Fire Station No. 15 - Ocean Beach Expansion,,,Council District: 2; Community Plan: Ocean Beach,1047659,1047659,Fire Station 15 serves the community of Ocean Beach and surrounding areas and is located at 4711 Voltaire Street. The project provides for the expansion of the existing fire station facility to meet current department standards and operational needs to serve the growing population.,Expansion of the existing station is needed to keep up with increased operational activity. The project provides for the expansion of the existing fire station facility to meet current department standards and operational requirements to serve the needs of the community.,0,0,0,0,0,0,0
2020,Bldg - Pub Safety - Fire Fac / Struct,122,Fire-Rescue,Fire Station No. 48 - Black Mountain Ranch,2021,2021,Council District: 5; Community Plan: Black Mountain Ranch,13391306,14891307,"This project provides for the land acquisition, design and construction of a new permanent fire station of approximately 11,500 square feet. The facility will accommodate ten crewmembers and will include apparatus bay, dorm rooms, kitchen, watch room, ready room, station alerting system, and training classroom/multi-purpose room. This project will also include the cost for the purchase of one fire engine. The new station will be located at Carmel Valley Road and Winecreek Road in the Black Mountain Ranch Community. The new fire station will comply with Fire’s current station design and construction standards and specifications.",This project will provide for the needed fire station to meet the emergency response times of the community. Refer to Black Mountain Ranch Facilities Financing Plan projects.,0,1500000,0,0,0,0,0
2020,Bldg - Pub Safety - Fire Fac / Struct,123,Fire-Rescue,Fire Station No. 49 - Otay Mesa,,,Council District: 8; Community Plan: Otay Mesa - Nestor; Otay Mesa,86412,8409999,"This project provides for an approximately 13,000 square foot double-house fire station to serve the Otay Mesa and Otay Mesa/Nestor Communities. The fire station will be located across the intersection of Ocean View Hills Parkway and Sea Fire Point and will serve the community in addition to Fire Station 6 located at 693 Twining Avenue. The fire station will accommodate 3 apparatus bays and will also have a training room. This project will also include the cost for the purchase of one fire engine. The new fire station will comply with Fire’s current station design & construction standards & specifications.",A second fire station is needed to serve the Otay Mesa and neighboring communities and it will ensure consistency with the recommendations in the Citygate Report.,8323586,0,0,0,0,0,0
2020,Bldg - Pub Safety - Fire Fac / Struct,124,Fire-Rescue,Fire Station No. 50 - North University City,,,Council District: 1; Community Plan: University,14999999,15000000,"This new facility will provide support to the University City area and will provide emergency response times that meet City and national standards. This new fire station will accommodate up to twelve crew members, a fire engine, service aerial truck, ambulance, and training room. The size of the station will be approximately 13,500 square feet. The building design will comply with Fire’s design and construction standards.",An additional fire station is needed in this area to ensure consistency with the recommendations in the Citygate Report.,0,0,0,0,0,0,0
2020,Bldg - Pub Safety - Fire Fac / Struct,125,Fire-Rescue,Fire Station No. 51 - Skyline Hills,,,Council District: 4; Community Plan: Skyline - Paradise Hills,750000,13890957,This project provides for the design and construction of a permanent station to be built at 7180 Skyline Drive to better serve the growing community of Skyline/Paradise Hills.,"An additional fire station is needed in this area to meet response time guidelines in this growing community, as recommended in the Citygate Report.",13140957,0,0,0,0,0,0
2020,Bldg - Pub Safety - Fire Fac / Struct,126,Fire-Rescue,Fire Station No. 54 - Paradise Hills,,,Council District: 4; Community Plan: Skyline - Paradise Hills,83653,13299999,"This project provides for the design and construction of a new 12,500 square foot fire station in the Paradise Hills area to serve the Paradise Hills/Skyline area as well as the purchase of a fire engine apparatus. The new station will accommodate 10 fire personnel, include 3 apparatus bays, dorms, kitchen, watch room, ready room, station alerting, and all essential station infrastructure. The site for this project has not been identified. The new fire station will comply with Fire’s current station design and construction standards & specifications.",This station is needed to serve the Paradise Hills/Skyline community and will ensure consistency with the recommendations in the Citygate Report.,13216346,0,0,0,0,0,0
2020,Bldg - Pub Safety - Fire Fac / Struct,127,Fire-Rescue,Fire-Rescue Air Operations Facility,,,Council District: 6; Community Plan: Kearny Mesa,9058696,19923601,"Phase I of this project provides for the planning, design and reconstruction of an existing building, formerly operated by the Federal Aviation Administration (FAA), as a permanent Fire-Rescue Air Operations Facility station at the City's Montgomery-Gibbs Executive Airport. The station area will provide approximately 8,136 square feet of office and living spaces to accommodate 24 hour staffing that includes one battalion chief, two captains, two pilots, and four firefighters. Phase II provides for two hangars and parking spaces for five helicopters, an additional helipad, parking and shelter for a single Heli tender, and three fueling tender vehicles. Due to impacts of existing vernal pools, the project will provide off-side mitigation in Otay Mesa in conjunction with the La Media Road widening project. This project will also provide a hangar support area that includes space for maintenance offices, overhaul, avionics, and storage rooms.",Air Ops personnel currently operate from mobile trailers with no hangar space for the department's two helicopters. The proposed reconstructed facility will include offices and dormitories. This project will provide a much needed permanent solution for the Fire-Rescue Air Operations Facility to meet their air rescue operational requirements.,10864904,0,0,0,0,0,0
2020,Bldg - Pub Safety - Lifeguard Stations,128,Fire-Rescue,North Pacific Beach Lifeguard Station,,,Council District: 2; Community Plan: Pacific Beach,764821,7257598,"This project provides for the North Pacific Beach Lifeguard Station located at the foot of Law Street, which will be a year-round facility replacing the current station. The structure will include an observation tower, first aid room, reception area, kitchen, locker room/restroom areas, and a rescue vehicles facility.",North Pacific Beach has become a highly frequented beach over the years and new facilities will benefit both the public and the employees. Lifeguards are currently operating from a seasonal tower structure supported by a container-type of facility where medical aids and other daily activities like food preparation take place. This can create health issues for both the public and the employees.,6492777,0,0,0,0,0,0
2020,Bldg - Pub Safety - Lifeguard Stations,129,Fire-Rescue,South Mission Beach Lifeguard Station,,,Council District: 2; Community Plan: Mission Beach,7418078,7418079,"The project provides for a replacement for the South Mission Beach Station located at 700 North Jetty Road. The new structure will include an observation tower, first aid room, reception area, kitchen, locker room and restroom areas, and accommodate a rescue vehicle and emergency equipment facility.",The existing facility was constructed in 1974 and was intended to be a temporary lifeguard station. It is inadequate to accommodate staff or to provide adequate water safety protection.,0,0,0,0,0,0,0
2020,Bldg - Pub Safety - Fire Fac / Struct,130,Fire-Rescue,UCSD Fire Station and ROW Improvements,,,Council District: 1; Community Plan: La Jolla,20555999,20556000,"This project provides for the design and construction of a new permanent 3-bay fire station of approximately 10,500 square feet. The facility will accommodate three fire apparatus and a crew of nine to eleven fire personnel, and onsite surface parking for Fire-Rescue personnel and apparatus bays. In addition, the offsite improvements include but are not limited to site grading, utility, and street/traffic improvements within the public right-of-way along Torrey Pines Road to allow for emergency response apparatus bays.",This project will provide for the permanent fire station and the associated infrastructure necessary to meet the Fire-Rescue Department’s current operational requirements and the needs for the growing UCSD campus and surrounding communities.,0,0,0,0,0,0,0
2020,Bldg - Libraries,140,Library,Ocean Beach Branch Library,,,Council District: 2; Community Plan: Ocean Beach,581487,8500000,This project provides for the expansion of the Ocean Beach Library using the current site and adjacent property to serve the Ocean Beach community. This project is part of the 21st Century Library System/Library Department Facility Improvements Program.,"The new extension will create space for an expanded book collection area, a community meeting room, study room, office space, makers space for computers/arts & crafts, catering kitchen, storage rooms, outdoor gathering area and two restrooms.",7918512,0,0,0,0,0,0
2020,Bldg - Libraries,141,Library,Pacific Highlands Ranch Branch Library,,,Council District: 1; Community Plan: Priority Category: Low,26164177,26164178,This project provides for a new branch library facility on a 1.5-acre site in Pacific Highlands Ranch to serve the entire North City Future Urbanizing Area (NCFUA).,This project will provide branch library service to the NCFUA for future development and population.,0,0,0,0,0,0,0
2020,Bldg - Libraries,142,Library,San Carlos Branch Library,,,Council District: 7; Community Plan: Navajo,2532740,26576667,"This project provides for the acquisition of a lot adjoining the existing branch library located at 7265 Jackson Drive and building a new 25,000 square-foot library. This project is part of the 21st Century Library System/Library Department Facility Improvements Program. The new building will serve as the district's flagship library.","The existing library does not have adequate programming or community meeting space. It does not have a dedicated children’s or teen area, adequate parking, or necessary infrastructure for technology upgrades and improvements.",24043926,0,0,0,0,0,0
2020,Bldg - Libraries,143,Library,San Ysidro Branch Library,,,Council District: 8; Community Plan: San Ysidro,13003465,13003465,"This project provides for a 15,000 square-foot facility to serve the San Ysidro Community. This project is part of the 21st Century System/Library Department Facility Improvements Program.","The existing 4,089 square foot library was built in 1924 and was remodeled in 1983. It contains no meeting rooms or computer lab, no on-site parking, and no separation of the children's area and quiet study areas to serve the current and projected needs of the community.",0,0,0,0,0,0,0
2020,Bldg - Libraries,144,Library,Scripps Miramar Ranch Library,,,Council District: 5; Community Plan: Scripps Miramar Ranch,6076376,6076376,This project provides for an expansion of the Scripps Miramar Ranch Branch Library parking lot located at 10301 Scripps Lake Drive. This project is part of the 21st Century Library System/Library Department Facility Improvements Program.,The current facility is fully occupied and the current parking lot does not have the capacity to serve the needs of the community.,0,0,0,0,0,0,0
2020,Bldg - Libraries,145,Library,Tierrasanta Library Expansion,,,Council District: 7; Community Plan: Tierrasanta,1601999,1602000,"This project will enclose two areas under the existing roof area (approximately 520 sq. ft each) and provide an outdoor reading patio under the third roof area, an expansion of usable space totaling approximately 1,560 sq. ft. One enclosure will become two separate study rooms, and the other enclosure will become an addition to the existing community meeting room. These improvements will necessitate remodel work to the existing men's and women's restrooms and site accessible parking stall to comply with current accessibility codes. Other miscellaneous site improvements will be included as necessary for access and path of travel compliance.",This library expansion project will meet the immediate needs of the community.,0,0,0,0,0,0,0
2020,Bldg - Other City Facility / Structures,157,Parks & Recreation,Balboa Park Botanical Bldg Improvments,2021,2021,Council District: 3; Community Plan: Balboa Park,8927155,9083441,"This project provides for the design and construction of improvements to the Botanical Building in Balboa Park. Improvements may include: the recreation of the historic arcades on either side of the entrance, the illumination of both the interior and exterior by installing energy-efficient, thematic color lighting, the installation of a state-of-the-art irrigation system, and the repair and enhancement of the building structure and architectural elements (wood lath, cupola, plaster/concrete, and wood and steel beams).",The project is needed to bring the building into compliance with current building standards.,0,156285,0,0,0,0,0
2020,Golf Courses,158,Parks & Recreation,Balboa Park Golf Course,,,Council District: 3; Community Plan: Balboa Park; Mission Bay Park; University,2303006,2303007,"This annual allocation provides for replacement of minor capital assets on an as- needed basis at the City's Municipal Golf Course - Balboa Park, which may include minor replacements of golf course building structures, fairway, and green systems.",This annual allocation will provide for a capital assets cost-avoidance program allowing for timely replacement of unanticipated failure of golf capital assets.,0,0,0,0,0,0,0
2020,Bldg - Other City Facility / Structures,159,Parks & Recreation,Balboa Park West Mesa Comfort Station Replacement,,,Council District: 3; Community Plan: Balboa Park,2205962,2205962,"This project provides for the design and construction of two replacement comfort stations on the West Mesa of Balboa Park, one north of the children's play area and one near the intersection of 6th Avenue and Nutmeg Street. The project also includes the demolition of the existing comfort stations at these locations and associated path of travel improvements. It is anticipated the new comfort stations will be pre-fabricated buildings.","The improvements will bring the park into compliance with the Americans with Disabilities Act (ADA), federal and State accessibility requirements, making these park facilities available to users with disabilities.",0,0,0,0,0,0,0
2020,Bldg - Parks - Recreation/Pool Centers,160,Parks & Recreation,Balboa Pk Bud Kearns Aquatic Complex Imp,2021,2021,Council District: 3; Community Plan: Balboa Park,3293999,3594000,"This project provides for the design and construction of various improvements of the Bud Kearns Aquatic Complex located in the Morley Field area of Balboa Park. Improvements may include mechanical systems, fencing, accessibility upgrades, pool decking, replacing an outdated steam boiler, platforms, columns, and pool coping.",The improvements are necessary to bring the aquatic complex into full compliance with the San Diego County Department of Environmental Health requirements.,100000,200000,0,0,0,0,0
2020,Parks - Community,161,Parks & Recreation,Bay Terrace Senior Center,,,Council District: 4; Community Plan: Skyline - Paradise Hills,6387443,6387444,"This project provides for the design and construction of a senior center within Bay Terraces Community Park. The senior center will be approximately 3,500 square feet and will contain a multi-purpose area, restrooms, one staff office, a kitchen, and storage closet.",The improvements are necessary to meet the needs of the community.,0,0,0,0,0,0,0
2020,Parks - Community,162,Parks & Recreation,Beyer Park Development,,,Council District: 8; Community Plan: Otay Mesa; San Ysidro,4805766,19458259,"This project provides for the acquisition, design, and construction of approximately eight useable acres, out of approximately 43 total acres, of a community and neighborhood park on Beyer Boulevard.",This project provides population-based park acreage in accordance with the City's General Plan standards to accommodate the park and recreational needs of the residents within the Otay Mesa and San Ysidro Communities.,14652493,0,0,0,0,0,0
2020,Parks - Miscellaneous Parks,163,Parks & Recreation,Canon Street Pocket Park,,,Council District: 2; Community Plan: Peninsula,1216406,2567315,"This project provides for the design and construction of a pocket park, approximately 0.75 acres, and will provide park amenities such as a small children's play area, picnic areas, walkways, landscaping, art and/or interpretive signs.",This project will expand the use of the park and contribute to satisfying population- based park acreage requirements as set forth in the City's General Plan to serve residents.,1350909,0,0,0,0,0,0
2020,Parks - Community,164,Parks & Recreation,Canyonside Community Park Improvements,,,Council District: 6; Community Plan: Rancho Peñasquitos,1751125,1751125,"This project provides for miscellaneous improvements to serve park users, such as accessibility upgrades to the children's play area, drainage repair at the western parking lot, and creation of a parking area in the northwest corner to accommodate overflow parking needs at the Canyonside Community Park.",This project will provide upgraded and additional recreation amenities to serve the residents of Rancho Peñasquitos which is park-deficient by General Plan standards.,0,0,0,0,0,0,0
2020,Parks - Neighborhood,165,Parks & Recreation,Carmel Creek NP Improvements,,,Council District: 1; Community Plan: Carmel Valley,1756922,1756923,"This project provides for the design and construction of ADA improvements to an existing children's play area and path of travel, one new group picnic area (six picnic tables), and one new shade structure.",This project will expand the use of the park and contribute to satisfying population- based park acreage requirements as set forth in the City’s General Plan to serve residents.,0,0,0,0,0,0,0
2020,Parks - Neighborhood,166,Parks & Recreation,Carmel Del Mar NP Comfort Station-Development,,,Council District: 1; Community Plan: Carmel Valley,2330563,2330563,This project provides for the demolition of the existing comfort station and the design and construction of a new comfort station and provides accessibility improvements to the children's play area and path of travel.,This project will expand the use of the park and contribute to satisfying population- based park acreage requirements as set forth in the City’s General Plan to serve residents.,0,0,0,0,0,0,0
2020,Parks - Neighborhood,167,Parks & Recreation,Carmel Grove NP Comfort Station and Park,,,Council District: 1; Community Plan: Carmel Valley,1561531,1761500,"This project provides for the design and construction of a prefabricated comfort station, two new picnic shelters with a single table, and one new shade structure within a neighborhood park.",This project will expand the use of the park and contribute to satisfying population- based park acreage requirements as set forth in the City's General Plan to serve residents.,199968,0,0,0,0,0,0
2020,Parks - Neighborhood,168,Parks & Recreation,Carmel Knolls NP Comfort Station-Development,,,Council District: 1; Community Plan: Carmel Valley,978728,1178700,This project provides for the design and construction of a new comfort station within the neighborhood park.,This project will expand the use of the park and contribute to satisfying population- based park acreage requirements as set forth in the City’s General Plan to serve residents.,199971,0,0,0,0,0,0
2020,Parks - Neighborhood,169,Parks & Recreation,Carmel Mission NP Comfort Station Development,,,Council District: 1; Community Plan: Carmel Valley,978728,1178000,This project provides for the design and construction of a prefabricated comfort station within the neighborhood park.,This project will expand the use of the park and contribute to satisfying population- based park acreage requirements as set forth in the City’s General Plan to serve residents.,199271,0,0,0,0,0,0
2020,Parks - Miscellaneous Parks,170,Parks & Recreation,Carmel Valley CP-Turf Upgrades,,,Council District: 1; Community Plan: Carmel Valley,4274120,4274121,This project provides for the design and construction of approximately 3.2 acres of multi-purpose synthetic turf fields on the joint use field and upgrades to the associated accessible path of travel.,This project will expand the use of the park and contribute to satisfying population- based park acreage requirements as set forth in the City's General Plan to serve residents.,0,0,0,0,0,0,0
2020,Parks - Neighborhood,171,Parks & Recreation,Centrum Neighborhood Pk Improvements,,,Council District: 6; Community Plan: Kearny Mesa,999999,1000000,"This developer-built project provides for the design and construction of improvements to a neighborhood park, approximately two acres, and will provide park amenities such as additional shade structures, an enhanced seating area with additional seating, wayfinding, a dog park, and enhanced pathways and seating areas.",This project will expand the use of the park and contribute to satisfying population- based park requirements as set forth in the City's General Plan to serve residents.,0,0,0,0,0,0,0
2020,Parks - Neighborhood,172,Parks & Recreation,Charles Lewis III Memorial Park,,,Council District: 9; Community Plan: Mid-City: City Heights,4378844,4378845,"This project provides for the design and construction of a 5.8 total acre parcel, of which 1.9 acres will be developed into the Charles Lewis III Neighborhood Park. Amenities will include: walkways, a half-court basketball court, a fenced dog off-leash area, picnic area with shade structure, turfed area, comfort station, playground, and security lighting.",This project will contribute to satisfying the population-based park acreage requirements set forth in the City's General Plan.,0,0,0,0,0,0,0
2020,Bldg - Community Centers,173,Parks & Recreation,Chicano Park Recreation Center,,,Council District: 8; Community Plan: Barrio Logan,1314999,1315000,"This project funds the capital improvements for the office, museum, cultural center, and community center located at 1960 National Avenue. It focuses on key building systems that benefit the City such as the roof, plumbing and electrical improvements in accordance with the lease with the Chicano Park Museum and Cultural Center.","Improvements are based on the results of the Facilities Condition Assessment for the building. Per the terms of the lease, the Chicano Park Museum and Cultural Center is responsible for the expense of all maintenance, repairs and capital improvements at the property with the City having the option to improve key building systems that benefit the City.",0,0,0,0,0,0,0
2020,Parks - Miscellaneous Parks,174,Parks & Recreation,Children's Park Improvements,,,Council District: 3; Community Plan: Centre City,7199999,7200000,"This project provides for the design and construction of improvements to the existing Children's Park that could include large multi-purpose lawn areas, a comfort station, children's play area, interactive water fountain, and vendor's building.","This project implements the Downtown Community Plan Policy which implements a program to reclaim open spaces that have deteriorated, have design features that provide use opportunities, and/or are in need of activity and revitalization.",0,0,0,0,0,0,0
2020,Parks - Community,175,Parks & Recreation,Chollas Community Park Comfort Station,,,Council District: 4; Community Plan: Mid-City: Eastern Area,3586838,3586838,"This project provides for the continuation of the design and development of North Chollas Community Park, located on College Grove Drive midway between 54th Street and College Avenue. The project will consist of a comfort station with a concession area. Future phases may include a tot lot, additional sports and multi-purpose fields, a play area, basketball courts, picnic areas, additional parking areas, creek enhancement, trails, a gymnasium, and an off- leash dog area.",This project will provide a park and athletic facility to serve the greater community. The surrounding area is not currently served by a community park and the region is deficient in sports facilities and open park areas.,0,0,0,0,0,0,0
2020,Parks - Trails,176,Parks & Recreation,Chollas Creek Oak Park Trail,2021,2021,Council District: 4; Community Plan: Mid-City: Eastern Area,0,852000,"The project includes the construction of a 2.3-mile multi-use recreation and active transportation trail with two bridges to cross the creek, informational kiosks, and stairs and fencing where needed. The trail will run northeast from Sunshine Berardini Park (intersection of SR-94 and I-805) along the Chollas Creek, Oak Park Branch to Chollas Parkway-54th Street intersection.","The proposed Oak Park Trail is needed to address local park deficiencies, improve public health, and increase active transportation mobility and access to neighborhood destinations.",0,852000,0,0,0,0,0
2020,Parks - Community,177,Parks & Recreation,Chollas Lake Improvements,,,Council District: 4; Community Plan: Mid-City: Eastern Area,549999,5550000,"This project will initiate the design for improvements such as providing electricity to a newly installed ranger station, adding security lights to the parking lot and comfort station, enhancing the youth fishing programs by improving the health of the aquatic environment for fish and other wildlife, accessibility upgrades, and other park improvements. The first priority project is to provide electrical service to the park which will allow extended use of the park and provide a higher level of security. Future phases will include accessibility upgrades and other park improvements.","Currently, the facilities at Chollas Lake Park do not have electricity. Providing electrical service to Chollas Lake Park will expand the use of the park by allowing new park programs to be developed and offered to the community. Electrical service will also enhance security within the park by providing the opportunity to install security lighting and supply the park rangers with additional resources to enhance their patrol duties.",5000000,0,0,0,0,0,0
2020,Parks - Miscellaneous Parks,178,Parks & Recreation,Coastal Erosion and Access,2021,2025,Council District: Citywide; Community Plan: Citywide,2477337,7027337,"This annual allocation provides funding for coastal infrastructure improvements at 71 sites, from Sunset Cliffs Park to Torrey Pines State Beach, which were identified and prioritized in a 2003 Coastal Erosion Assessment Survey. High priority sites are those that present potential public hazards.",This project provides improvements to coastal erosion sites that present potential public hazards.,0,850000,800000,600000,1500000,800000,0
2020,Trans - Roadway - Enhance/Scape/Medians,179,Parks & Recreation,Convert RB Medians-Asphalt to Concrete,,,Council District: 5; Community Plan: Rancho Bernardo,708764,708764,"This project provides for the conversion of asphalt medians to concrete medians along various roadways in the Rancho Bernardo community. The first two phases of this project converted medians along Pomerado Road near the intersection of Rancho Bernardo Road. Phases three and four included additional existing asphalt medians along Rancho Bernardo Road, Bernardo Center Drive, and Pomerado Road. The scope includes work to convert asphalt medians to stamped concrete medians at the following locations: Rancho Bernardo Road, Pomerado Road, and Bernardo Center Drive.",The community has requested streetscape improvements to major arterial corridors within Rancho Bernardo. This project allows certain medians to be enhanced by replacing deteriorating asphalt with decorative stamped concrete.,0,0,0,0,0,0,0
2020,Parks - Neighborhood,180,Parks & Recreation,Del Sur Neighborhood Park,,,Council District: 5; Community Plan: Black Mountain Ranch,2278047,2278047,This project provides for reimbursement to a developer for the design and construction of a 5-acre neighborhood park This is project P-5 in the Black Mountain Ranch Public Facilities Financing Plan.,This project implements the Black Mountain Ranch Subarea Plan and implements the City’s General Plan guidelines for population-based park and recreation facilities.,0,0,0,0,0,0,0
2020,Parks - Neighborhood,181,Parks & Recreation,Dennery Ranch Neighborhood Park,2026,2026,Council District: 8; Community Plan: Otay Mesa,690903,8396197,"This project provides for the acquisition, design, and construction of a nine useable acre park site in the Otay Mesa Community Plan and the Dennery Ranch Precise Plan areas. The park may include a multi-purpose court, multi-purpose sports fields, comfort station, children's play area, picnic area and facilities, open turf area, staging area, and trail with connectivity to the Otay Valley Regional Park.",This project provides population-based park acreage in accordance with the City's General Plan standards to accommodate the park and recreational needs of the residents within the Dennery Ranch Subdivision.,0,0,0,0,0,0,7705294
2020,Parks - Community,182,Parks & Recreation,Doyle Park Community Park ADA Upgrades,,,Council District: 1; Community Plan: University,695927,695927,"This project provides for the installation of a path of travel and accessibility improvements to the rear entrance at Doyle Community Park adjacent to the dog off-leash area and future community garden. It may include a small parking area, walkway improvements, and accessibility signage.",The current parking area located in the rear cul-de-sac and adjacent walkways leading into the dog off-leash area and park are not compliant with current accessibility requirements.,0,0,0,0,0,0,0
2020,Parks - Resource Based,183,Parks & Recreation,East Fortuna Staging Area Field Stn Blg,,,Council District: 7; Community Plan: Navajo,6575542,6575542,"This project provides for the development and construction of an administration building (approximately 5,000 square feet) that could include, but not be limited to staff offices, kitchen, showers, conference room, a small information center, public restrooms, and a workshop room with a screened storage yard, in addition to a covered picnic shelter (approximately 2,300 square feet) as proposed in the site development permit (SDP#40-0524). This project is for the third and final phase of the equestrian and multi-use staging area that was originally approved by the Mission Trails Citizens Advisory Committee.",The Mission Trails Visitors Center office space is at capacity and the administration building is needed to accommodate new staff. The facility will also provide additional opportunities for public interface with park staff. The shade structure will provide relief from the elements at a heavily used entry point into Mission Trails Regional Park. The shade structure will be large enough to accommodate large events.,0,0,0,0,0,0,0
2020,Parks - Miscellaneous Parks,184,Parks & Recreation,East Village Green Phase 1,,,Council District: 3; Community Plan: Centre City - East Village,51220251,51220252,"This project provides for the design and construction for Phase 1 of the East Village Green Park. Phase 1 park amenities could include a recreation center, comfort station, below- grade parking, an off-leash dog park, children's play area, outdoor seating, and landscaping.",This project will contribute to satisfying population-based park acreage requirements set forth in the City's General Plan to serve residents in this park-deficient community.,0,0,0,0,0,0,0
2020,Bldg - Other City Facility / Structures,185,Parks & Recreation,EB Scripps Pk Comfort Station Replacement,2021,2021,Council District: 1; Community Plan: La Jolla,5078468,5278469,This project provides for the design and construction of a replacement comfort station located in Ellen Browning Scripps Park adjacent to La Jolla Cove. The project also includes the demolition of the existing comfort station and installation of associated path of travel improvements.,The existing comfort station was constructed in the 1960s and has reached the end of its useful life. The salt air from the ocean has accelerated the deterioration of the metal structural components within the building. This project corresponds with Project P-22 of the La Jolla Public Facilities Financing Plan.,0,200000,0,0,0,0,0
2020,Parks - Community,186,Parks & Recreation,Egger,,,Council District: 8; Community Plan: Otay Mesa - Nestor,2730144,2730144,This project provides for the design and construction of Americans with Disabilities Act improvements for the children's play areas and paths of travel at Robert Egger/South Bay Community Park to comply with accessibility requirements.,The project is needed to provide Americans with Disabilities Act improvements to meet federal and State safety and accessibility regulations and will serve the needs of existing and future residents.,0,0,0,0,0,0,0
2020,Parks - Open Space,187,Parks & Recreation,El Cuervo Adobe Improvements,,,Council District: 6; Community Plan: Rancho Peñasquitos,605999,606000,"This project provides for the analysis of drainage and environmental conditions and based on conditions, provides stabilization of the El Cuervo Adobe wall ruins.","The El Cuervo Adobe Ruins site has been designated as historic by the City Historic Site Board, California Historic Resources Inventory, and the National Register of Historic Places. Only two of the original structural adobe walls remained until a portion of one wall (the north wall) collapsed in December 2011. This project will protect the historic resource consistent with National Park Service Standards and San Diego Municipal Code Section 143.0205(f).",0,0,0,0,0,0,0
2020,Parks - Miscellaneous Parks,188,Parks & Recreation,Encanto Comm Pk Security Lighting Upgrades,,,Council District: 4; Community Plan: Southeastern (Encanto Neighborhoods),404559,404559,"This project provides for security lighting upgrades within the Encanto Community Park. It may include electrical engineering, new security light poles and fixtures, upgrades to existing security light poles and fixtures, and electrical component upgrades as needed to support the park lighting upgrades.",The improvements will help bring the park into compliance with the Parks and Recreation Department’s security light guidelines by providing a more even broadcast of lighting along the park’s walkways and parking lots. Improved security lighting will also assist the San Diego Police Department in their nightly patrols.,0,0,0,0,0,0,0
2020,Parks - Neighborhood,189,Parks & Recreation,Fairbrook Neighborhood Park Development,,,Council District: 5; Community Plan: Scripps Miramar Ranch,6011280,6011280,"This project provides for development of an approximately three-acre neighborhood park south of Pomerado Road in the Scripps Miramar Ranch area. Rough grading, adjacent half-width street improvements, and utilities to serve the park were provided by a developer per the Vesting Tentative Map (VTM) conditions.",This project provides population-based park acreage in accordance with the City's General Plan standards to accommodate the park and recreational needs of the residents within the Fairbrook Subdivision.,0,0,0,0,0,0,0
2020,Drainage - Channels,190,Parks & Recreation,Famosa Slough Salt Marsh Creation,,,Council District: 2; Community Plan: Peninsula,556396,556397,"The 0.64-acre mitigation project in Famosa Slough is required by the Army Corps of Engineers, Coastal Commission, and California Department of Fish and Game permits and agreements. The mitigation is a required component of the Transportation and Storm Water Department's channel clearing efforts to prevent flooding in the Sorrento Valley area, and restoration of this site will enhance the functions and values of this important biological resource consistent with a variety of City policies and objectives.","The 0.64-acre mitigation project in Famosa Slough is required by the Army Corps of Engineers, Coastal Commission, and California Department of Fish and Game permits and agreements. The Famosa Slough was chosen as the mitigation site because opportunities for coastal salt marsh mitigation in the Los Peñasquitos Lagoon have been exhausted. This option utilizes an available, City-owned site within the Coastal Zone and is consistent with the 1993 Famosa Slough Enhancement Plan.",0,0,0,0,0,0,0
2020,Trans - Bicycle Facilities (All Class.),191,Parks & Recreation,Golf Course Drive Improvements,,,Council District: 3; Community Plan: Balboa Park,1532084,5243523,This project provides for the design and construction of a paved pedestrian pathway and bike facility along Golf Course Drive.,"This project will provide needed pedestrian/bike access along Golf Course Drive, connecting the existing Golden Hill Recreation Center to 28th Street.",3711439,0,0,0,0,0,0
2020,Parks - Miscellaneous Parks,192,Parks & Recreation,Hickman Fields Athletic Area,,,Council District: 6; Community Plan: Kearny Mesa; Serra Mesa; Clairemont Mesa,7971532,9566319,"This project scope of work includes multipurpose fields, irrigation upgrades, security lighting, a multi-use aquatic complex, pedestrian and vehicular circulation, parking and lighting, children’s play areas, and comfort stations/concession stands on a 44-acre athletic area to serve residents within the Kearny Mesa, Clairemont Mesa, and Serra Mesa Communities. Improvements shall be in compliance with federal, State, and local accessibility guidelines and regulations. This project will be phased as funding becomes available. Phase I includes: Americans with Disabilities Act (ADA) improvements, street improvements, comfort station, and parking area.","This project provides park and recreational facilities to serve the needs of existing and proposed residents within the Kearny Mesa, Clairemont Mesa, and Serra Mesa Communities in accordance with the City's General Plan guidelines.",1594787,0,0,0,0,0,0
2020,Parks - Neighborhood,193,Parks & Recreation,Hidden Trails Neighborhood Park,2026,2026,Council District: 8; Community Plan: Otay Mesa,1533195,5450000,"This project provides for the acquisition, design, and construction of an approximately 4.0 useable acre neighborhood park serving the Ocean View Hills Community. Amenities may include an open turfed area, children's play area, picnic areas, and other park amenities.",This project provides population-based park acreage in accordance with the City's General Plan standards to accommodate the park and recreational needs of the residents within the Hidden Trails Subdivision.,0,0,0,0,0,0,3916804
2020,Parks - Trails,194,Parks & Recreation,Hiking & Equestrian Trail NP #10,,,Council District: 1; Community Plan: Carmel Valley,620599,620600,"This project provides for a multi-use trail connection from Del Mar Mesa to Carmel Valley, beginning at Carmel Country Road and traveling south between Carmel Valley Neighborhood #10 on the west and Del Mar Mesa on the east, terminating at an entrance into Los Peñasquitos Canyon Preserve just south of Carmel Mountain bridge.","The construction of the identified trails or trail connections will contribute to the completion of connectivity with the existing City and regional trail system, providing benefits to the community, including increased recreational opportunities, protection of sensitive natural resources, and alternate transportation opportunities to residents and visitors.",0,0,0,0,0,0,0
2020,Parks - Neighborhood,195,Parks & Recreation,Jerabek Park Improvements,,,Council District: 5; Community Plan: Scripps Miramar Ranch,4064450,4064451,"This project provides for the design and construction of accessibility improvements that may include playground renovation, walkway improvements, comfort station upgrades, concession stand upgrades, parking lot upgrades, and other accessibility improvements as identified during the design phase.",This project will contribute to satisfying population-based park acreage requirements set forth in the General Plan to serve residents in this park-deficient community.,0,0,0,0,0,0,0
2020,Parks - Miscellaneous Parks,196,Parks & Recreation,Junipero Serra Museum ADA Improvements,2022,2022,Council District: 3; Community Plan: Old San Diego,845325,2309787,"This project provides for the design and construction of improvements to provide Americans with Disabilities Act (ADA) access to the Junipero Serra Museum within Presidio Park. The project may include a new parking lot, security lighting, walkways and/or accessible ramps, site furnishings, and landscape enhancements.",The ADA improvements will make the historic Junipero Serra Museum more accessible to park users with disabilities.,64461,0,1400000,0,0,0,0
2020,Parks - Mini Parks,197,Parks & Recreation,La Paz Mini Park,,,Council District: 4; Community Plan: Southeastern (Encanto Neighborhoods),2602839,2602839,"This project provides for the acquisition, design and construction of approximately 0.46 acres (composed of three separate parcels) of unimproved property. The project will expand useable park acreage in the Southeastern San Diego-Encanto Neighborhoods Community. Improvements will include amenities such as multi-purpose turf areas, a children's play area, seating, walkways, landscaping, and security lighting.",This project will contribute to satisfying population-based park acreage requirements set forth in the City's General Plan in a community currently deficient in population- based parks per General Plan guidelines.,0,0,0,0,0,0,0
2020,Parks - Miscellaneous Parks,198,Parks & Recreation,Marie Widman Memorial Pk Security Lighting Upgrade,,,Council District: 4; Community Plan: Skyline - Paradise Hills,474999,475000,"This project provides for security lighting upgrades within the Marie Widman Memorial Neighborhood Park. It may include electrical engineering, new security light poles and fixtures, upgrades to existing security light fixtures, and electrical component upgrades as needed to support the park lighting upgrades.",The improvements will help bring the park into compliance with the Parks and Recreation Department’s security light guidelines by providing a more even broadcast of lighting along the park’s walkways and near the comfort station. Improved security lighting will also assist the San Diego Police Department in their nightly patrols.,0,0,0,0,0,0,0
2020,Golf Courses,199,Parks & Recreation,MB GC Clbhouse Demo,2021,2021,Council District: 2; Community Plan: Mission Bay Park,4399999,7400000,"This project provides for the demolition of the existing, antiquated practice center and clubhouse buildings, and installation of modular buildings and portables at the Mission Bay Golf Course until such time as the new clubhouse is constructed. One modular building will house the golf operations and retail shop and the other will be a bar and grill element. This project will also include ancillary site improvements including patio area, lighting, shade element, island renovation including replacing two pedestrian bridges, perimeter lighting, and landscaping.","These improvements are necessary to comply with current codes, address maintenance needs, and increase the viability of identifying potential future lessees.",0,3000000,0,0,0,0,0
2020,Golf Courses,200,Parks & Recreation,MBGC Irrigation & Electrical Upgrades,,,Council District: 2; Community Plan: Mission Bay Park,4459999,4460000,"This project provides for the design and construction of various improvements within Mission Bay Golf Course. Work will include demolition, minor grading, drinking fountains, fencing, turf repair, new irrigation systems and electrical upgrades.","This project is needed to provide the long-awaited improvements to the 18-hole golf course. For example, the new computerized irrigation system will replace a system that is outdated, inefficient, and does not meet current or future water restriction requirements. These improvements will help bring the golf course within industry standards for municipal golf courses.",0,0,0,0,0,0,0
2020,Parks - Miscellaneous Parks,201,Parks & Recreation,Memorial Comm Pk Playground ADA Upgrades,,,Council District: 8; Community Plan: Southeastern San Diego,2473127,2473128,"This project provides for Americans with Disabilities Act (ADA) upgrades to the existing playground and comfort station within the Memorial Community Park as well as the associated ADA path of travel requirements. The ADA upgrades may include new play equipment, upgraded comfort station, accessible safety surfacing, benches, picnic tables, a drinking fountain, and walkway improvements to meet local, state, and federal accessibility requirements.",The existing playground and the play equipment within the park is not accessible to park users with various forms of disabilities. The improvements will help bring the park facilities into compliance with accessibility standards and will replace playground equipment which has exceeded its useful life.,0,0,0,0,0,0,0
2020,Bldg - Parks - Recreation/Pool Centers,202,Parks & Recreation,Mira Mesa Community Pk Improvements,,,Council District: 6; Community Plan: Mira Mesa,21790706,21790707,"This project provides for Phase II improvements at Mira Mesa Community Park. Phase II will include an entry plaza, pool and aquatic center, new basketball courts, playground, public art, and renovation of the existing recreation center.",This project will contribute to satisfying the population-based park acreage requirements set forth in the City's General Plan.,0,0,0,0,0,0,0
2020,Golf Courses,203,Parks & Recreation,Mission Bay Golf Course,,,Council District: 2; Community Plan: Balboa Park; Mission Bay Park; University,126096,126096,This annual allocation provides for the replacement of minor capital assets on an as- needed basis at the City's Municipal Golf Course - Mission Bay.,This annual allocation will provide a capital assets cost-avoidance program allowing for the timely replacement of golf capital assets in order to prevent unanticipated failures.,0,0,0,0,0,0,0
2020,Parks - Miscellaneous Parks,204,Parks & Recreation,Mission Bay Improvements,2021,2025,Council District: 2; Community Plan: Citywide,58652932,99765289,"This annual allocation provides for permanent public capital improvements and deferred maintenance of existing facilities within the Mission Bay Park Improvement Zone in accordance with City Charter, Article V, Section 55.2. The priority projects identified in Section 55.2 include the restoration of navigable waters within Mission Bay Park, wetland expansion and water quality improvements, restoration of shoreline treatments, expansion of endangered or threatened species preserves, completion of bicycle and pedestrian paths, restoration of the seawall bulkhead on Oceanfront Walk, and deferred maintenance on existing facilities.","Mission Bay Park, as well as other regional parks, open spaces, and coastal beaches, helps define the City's identity, enriches quality of life, and serves as a visitor attraction that strengthens the local economy. This regional treasure is threatened by increasing use and a backlog of needed improvements.",0,7900000,8058000,8219600,8383543,8551214,0
2020,Parks - Open Space,205,Parks & Recreation,Mohnike Adobe and Barn Restoration,2022,2022,Council District: 6; Community Plan: Los Peñasquitos Canyon Preserve,1113027,2697000,"This project provides for the rehabilitation/restoration of the historic adobe and hay barn located within the 14-acre Rancho Peñasquitos Equestrian Center on the eastern end of the Los Peñasquitos Canyon Preserve. Completion of a site assessment of the current condition of the 2,512 square-foot adobe structure, the hay barn and surrounding grounds shall include the following items: exterior walls, north and west porches, roof, interior walls, ceilings and wood floors, drainage swale on southwest, and accessibility needs to determine Phase II of rehabilitation program. Additionally, a treatment plan and historic structure report are required prior to preparation of Phase II design and construction plans for the rehabilitation due to storm damage which the barn sustained in 2010. Emergency work to shore up the barn, until a rehabilitation/restoration plan can be prepared and implemented, was completed in 2011.","Phase I of a rehabilitation program was completed in 2005, consistent with the historic structures report prepared for the Mohnike Adobe and Hay Barn, by Ferris, Johnson and Perkins Architects, Inc. in 1999. Architectural design and construction plans are required to proceed with Phase II of the project.",583973,0,1000000,0,0,0,0
2020,Parks - Resource Based,206,Parks & Recreation,Museum of Man Seismic Retrofit,,,Council District: 3; Community Plan: Balboa Park,6306882,6306882,"This project provides for the seismic retrofit of the historic California Tower and Museum of Man within Balboa Park. As part of the tower seismic retrofit, the plan requires the structural reinforcements of the walls of the electrical room located at the bottom floor of the tower. This room presently hosts the San Diego Gas and Electric and the Museum of Man electrical transformers and control panels. Phase I of this project provides for the relocation of these electrical systems. Phase II of this project provides for the seismic system upgrade of the tower. Phase III of this project provides for the seismic retrofit for the Museum of Man building and has been canceled.",The California Tower and Museum of Man were built in 1914. The last seismic upgrade was conducted in 1975. This additional seismic upgrade is required to bring the museum and tower structure up-to-date with the current California Building Code.,0,0,0,0,0,0,0
2020,Parks - Mini Parks,207,Parks & Recreation,North Park Mini Park,,,Council District: 3; Community Plan: Greater North Park,4217205,4669501,"This project provides for the design and construction of an approximately 0.50 useable acre urban mini-park to be located behind the recently renovated North Park Theatre. The project may include plaza areas, specialty/enhanced paving areas for performances and events, an amphitheater or audience seating area, a gazebo/shade structure, walkways, seat walls, security/decorative lighting, and landscape and irrigation.","The community is currently deficient in population-based park requirements set forth in the City's General Plan. This project will add population-based park acreage to the community, contributing toward the City's population-based park requirements.",452295,0,0,0,0,0,0
2020,Bldg - Parks - Recreation/Pool Centers,208,Parks & Recreation,NTC Aquatic Center,,,Council District: 2; Community Plan: Peninsula,1486725,9486726,"This project will provide for the planning and design of a new aquatic facility center at Naval Training Center Park. The proposed facility will include but will not be limited to two competitive and recreational pools, a leisure pool with water playground features, spectator seating deck, bath house facility, and associated site improvements.",This project will contribute to satisfying the recreation facility requirement set forth in the City's General Plan.,8000000,0,0,0,0,0,0
2020,Parks - Community,209,Parks & Recreation,Ocean Air Comfort Station and Park Improvements,,,Council District: 1; Community Plan: Carmel Valley,2181792,2181793,"This project provides for the design and construction of a comfort station/concession/storage building of approximately 2,700 square feet, two new group picnic areas (six picnic tables each), and two new shade structures.",This project will expand the use of the park and contribute to satisfying population- based park acreage requirements as set forth in the City’s General Plan to serve residents.,0,0,0,0,0,0,0
2020,Parks - Shorelines,210,Parks & Recreation,Ocean Beach Pier Improvements,,,Council District: 2; Community Plan: Ocean Beach,882905,20882906,"This project will strengthen the pier piles by adding additional concrete surrounding the existing piles. Steel in the decking will also be replaced as necessary, as well as adding beams to the underside of the decking, and replacement of the deck edging that has spalled off.",The project is needed to address structural issues with the pier that may be safety issues to the public.,20000000,0,0,0,0,0,0
2020,Parks - Miscellaneous Parks,211,Parks & Recreation,Olive Grove Community Park ADA Improve,,,Council District: 6; Community Plan: Clairemont Mesa,622496,3437268,"This project provides for the design and construction of Americans with Disabilities Act (ADA) improvements to the existing comfort station, children's play areas, repaving of basketball courts and parking lot, new trash enclosure, and associated paths of travel to comply with federal and State accessibility requirements.","This project is needed to upgrade the existing comfort station, children's play areas, and associated paths of travel to comply with federal and state accessibility requirements.",2814771,0,0,0,0,0,0
2020,Parks - Mini Parks,212,Parks & Recreation,Olive St Park Acquisition and Development,,,Council District: 3; Community Plan: Uptown,5171584,5171585,"This project provides for the acquisition, design, and construction of approximately 0.36 acres of unimproved property contiguous with the south end of the existing Olive Street Park. The project will expand useable park acreage in the Uptown Community. Amenities will include multi-purpose turf areas, adult exercise area, children's play area, AIDS Memorial, overlook deck, seating, walkways, landscaping, and security lighting.",This project will contribute to satisfying population-based park acreage requirements set forth in the City's General Plan in a community currently deficient in population- based parks per General Plan guidelines.,0,0,0,0,0,0,0
2020,Parks - Community,213,Parks & Recreation,Pacific Highlands Ranch Community Park,,,Council District: 1; Community Plan: Pacific Highlands Ranch,37400900,37400901,"This reimbursement project provides for the acquisition, design, and construction of a 20.0 useable acre community park and 17,000 square foot recreational building to be located in Pacific Highlands Ranch, to serve residents in the Del Mar Mesa and Pacific Highlands Ranch communities at full projected community development. This project may be developed adjacent to the proposed middle school. If joint-use of the school recreational facilities is obtained, then this project will be reduced to 13.0 useable acres; if not, then the full 20.0 useable acres of parkland will be required. The project includes half-width street improvements for the local roadways adjacent to the park and utilities to serve the park.","This project is in conformance with the City's General Plan guidelines for population based park acreage, implements the recommendations of the Del Mar Mesa and Pacific Highlands Ranch sub-area plans, and is needed to serve the community. See the Del Mar Mesa and Pacific Highlands Ranch Public Facilities Financing Plan for additional information.",0,0,0,0,0,0,0
2020,Parks - Trails,214,Parks & Recreation,Pacific Highlands Ranch Hiking & Biking,,,Council District: 1; Community Plan: Pacific Highlands Ranch,6331867,6331867,"This reimbursement project provides for the design and construction of approximately 80,000 linear feet (15 miles) of hiking, equestrian, and biking trails to be located throughout the community in accordance with the Pacific Highlands Ranch subarea plan. The trail system will provide access into the multiple habitat planning area of McGonigle Canyon, provide pathways along Del Mar Heights Road, Little McGonigle Ranch Road, Pacific Highlands Ranch Parkway, Lopelia Meadows Place, Old Carmel Valley Road Crossing under SR-56, and Carmel Valley Road alignments; and provide access into subarea II and the Rancho Peñasquitos community. The project will also provide for the acquisitions, design, and construction of three trailheads/overlooks, including parking areas, benches, and signage.",This project will provide the community with additional recreational opportunities. See Pacific Highlands Ranch Public Facilities Financing Plan for additional information.,0,0,0,0,0,0,0
2020,Bldg - Other City Facility / Structures,215,Parks & Recreation,Paradise Senior Center Improvements,,,Council District: 8; Community Plan: Barrio Logan,699999,700000,"This project provides for the design and construction of Americans with Disabilities Act (ADA) upgrades and improvements to comply with State and Federal safety and accessibility guidelines for the existing Paradise Senior Center, parking lot, and walkways.","This project will mitigate existing major barriers to accessibility in the parking area, path of travel to the building and major building areas, such as the restrooms.",0,0,0,0,0,0,0
2020,Parks - Miscellaneous Parks,216,Parks & Recreation,Park de la Cruz Neighborhood Park Improvements,,,Council District: 9; Community Plan: Mid-City: City Heights,15337669,15537669,"This project provides for improvements to Park de la Cruz Neighborhood Park. The first phase provides for a General Development Plan amendment, design, and construction of a skate park, landscaped connection between Cherokee Park and Park de la Cruz, and associated accessibility improvements within the park and around the former Copley YMCA building. Phase II will be for tenant improvements and accessibility of the former Copley YMCA, which will now be known as the Park de la Cruz Community Center and Gym Building. The community center will house the Therapeutic Recreation Services Program (TSR). Existing staff from Community Parks II Division and TSR will operate and maintain the new Park de la Cruz Community Center and Gymnasium.",This project will provide an additional recreational use to serve residents in this park-deficient community and will create a new one-stop facility for the TSR program.,200000,0,0,0,0,0,0
2020,Parks - Miscellaneous Parks,217,Parks & Recreation,Park Improvements,2021,2021,Council District: Citywide; Community Plan: Citywide,14348087,14895088,"This annual allocation provides for the handling of all improvements to community parks, mini parks, neighborhood parks, and miscellaneous parks. Improvements include: playground upgrades, accessibility improvements, lighting upgrades, and other improvements to existing parks.",This annual allocation provides improvements to existing parks that are required to meet regulations and community needs.,0,547000,0,0,0,0,0
2020,Parks - Community,218,Parks & Recreation,Rancho Bernardo CP Improvements,,,Council District: 5; Community Plan: Rancho Bernardo,703262,703262,"Phase I of this project will include parking lot accessibility improvements, including improvements leading to and in the dog off-leash area. Phase II of this project will provide for the design and construction of sports field lighting at the RB Community Park. Phase III of this project would provide for the design and construction of tennis courts at the Rancho Bernardo Community Park.",This project is needed to expand the hours of facility use and its capacity to serve the community's residential growth.,0,0,0,0,0,0,0
2020,Parks - Neighborhood,219,Parks & Recreation,Rancho Mission Canyon Park Upgrades,,,Council District: 7; Community Plan: Navajo,2324694,2324695,This project provides for the design and construction of upgrades to the existing children's play area and associated paths of travel within the Rancho Mission Neighborhood Park to comply with the Americans with Disabilities Act (ADA) upgrades and improvements to comply with State and federal safety and accessibility guidelines.,This project will allow for an upgraded play area as well as accessible paths of travel to meet current State and federal safety and accessibility guidelines within the Rancho Mission Neighborhood Park play area upgrade.,0,0,0,0,0,0,0
2020,Parks - Miscellaneous Parks,220,Parks & Recreation,Regional Park Improvements,2021,2021,Council District: Citywide; Community Plan: Citywide,4993305,6068306,"This annual allocation provides funding for planning and implementation of permanent public capital improvements, including land acquisitions for San Diego regional parks.","San Diego's regional park system contains recreation resources unique to the City. Parks such as Balboa Park, Chicano Park, Chollas Lake, Mission Bay Park, Mission Trails Regional Park, Otay River Valley Park, Presidio Park and San Diego River Park, as well as open space parks, coastal beaches, and contiguous coastal parks. These areas help define the City's identity, enrich the quality of life for residents, and serve as visitor attractions that strengthen the local economy. These regional treasures are threatened by increasing use and a backlog of needed improvements.",0,1075000,0,0,0,0,0
2020,Parks - Resource Based,221,Parks & Recreation,Resource-Based Open Space Parks,2021,2025,Council District: Citywide; Community Plan: Citywide,4776796,6186442,"This annual allocation provides for developing public facilities within the City's resource-based open space parks, including Black Mountain Open Space Natural Park, Los Peñasquitos Canyon Preserve, Mission Trails Regional Park, Marian Bear Memorial Park, Tecolote Canyon Natural Park, Otay Valley Regional Park, and Rose Canyon. Other open space systems may be included as additional acquisitions are completed.","The City's open space acquisitions have resulted in increased interest by citizens, elected representatives, and government agencies in commencing development of open space public facilities, which are consistent with open space concepts such as trails, signs, historic site improvements, picnic facilities, and entry points.",0,450000,229381,236263,243351,250651,0
2020,Parks - Neighborhood,222,Parks & Recreation,Riviera Del Sol Neighborhood Park,,,Council District: 8; Community Plan: Otay Mesa,8970837,8970838,"This project provides for land acquisition and development of a 4.9 useable acre neighborhood park at a site located in the Riviera del Sol Subdivision. Park amenities may include playgrounds, open turf area, picnic facilities, and other park furnishings.",This project provides population-based park acreage in accordance with the City's General Plan standards to accommodate the park and recreational needs of the residents within the Otay Mesa community.,0,0,0,0,0,0,0
2020,Parks - Miscellaneous Parks,223,Parks & Recreation,Rolando Joint Use Facility Development,,,Council District: 4; Community Plan: Mid-City: Eastern Area,1219999,1220000,This project provides for the design and construction of a joint-use facility at Rolando Park Elementary School consisting of East and West fields.,This project will contribute to satisfying population-based park acreage requirements as a park equivalency as set forth in the City's General Plan to serve residents in this park-deficient community.,0,0,0,0,0,0,0
2020,Parks - Neighborhood,224,Parks & Recreation,Rolling Hills Neighborhood Park ADA Upgrades,,,Council District: 5; Community Plan: Rancho Peñasquitos,2336596,2336596,"This project provides for Americans with Disabilities Act (ADA) upgrades within the park, including, but not limited to, accessible street parking and pedestrian curb ramp, path of travel improvements within the park, children’s playground accessible play equipment and safety surfacing, accessible drinking fountains, rehabilitation of adjacent slope, and other miscellaneous improvements to enhance ADA accessibility to existing park facilities. The rehabilitation of the adjacent slope was added to the project scope since the erosion of the slope has to be addressed to meet the State's Water Quality Control Board's requirements.","The improvements will help bring the park into compliance with State and Federal safety and accessibility guidelines, thus making park facilities available to park users with disabilities.",0,0,0,0,0,0,0
2020,Parks - Neighborhood,225,Parks & Recreation,Sage Canyon NP Concession Bldg-Develop,,,Council District: 1; Community Plan: Carmel Valley,1310499,1310500,This project provides for the design and construction of a new concession building and the associated ADA improvements within the neighborhood park.,This project will expand the use of the park and contribute to satisfying population- based park acreage requirements as set forth in the City’s General Plan to serve residents.,0,0,0,0,0,0,0
2020,Parks - Neighborhood,226,Parks & Recreation,Salk Neighborhood Park & Joint Use Devel,,,Council District: 6; Community Plan: Mira Mesa,7237277,7237278,"This project provides for recreation improvements on 4.1 useable park acres and 2.0 useable joint-use acres at the Salk Elementary School within the Mira Mesa Community. Improvements may include a comfort station, turfed multi-purpose fields, and other park amenities as determined through a community input process.","This project is mitigation for the development of Salk Elementary School pursuant to an approved Memorandum of Understanding between the City of San Diego and the San Diego Unified School District dated October 5, 2009, and will contribute to satisfying population- based park acreage requirements set forth in the General Plan to serve residents in this park- deficient community.",0,0,0,0,0,0,0
2020,Drainage - Channels,227,Parks & Recreation,SD River Dredging Qualcomm Way to SR163,,,Council District: 7; Community Plan: Mission Valley,713999,1689000,This project provides for removal of a small island of sediment within the San Diego River near the Murray Creek outfall at the western end of Hazard Center Drive.,This project will protect adjacent property from potential flooding during rain events.,975000,0,0,0,0,0,0
2020,Parks - Neighborhood,228,Parks & Recreation,Silver Wing Pk Ballfield Lighting - Ph 2,,,Council District: 8; Community Plan: Otay Mesa - Nestor,1142785,1142786,This project provides for the design and construction of ball field lighting and Americans with Disabilities Act (ADA) access upgrades within the existing 13-acre Silver Wing Neighborhood Park.,This project is needed to expand the hours of facility use and its capacity to serve the community’s residential growth and bring the park facilities into compliance with ADA requirements.,0,0,0,0,0,0,0
2020,Parks - Community,229,Parks & Recreation,Skyline Hills Community Park ADA Improve,,,Council District: 4; Community Plan: Skyline - Paradise Hills,2511759,2511760,This project provides for the design and construction of accessibility upgrades to the children's play areas and associated path of travel at the Skyline Hills Community Park to comply with Americans with Disabilities Act (ADA) and accessibility guidelines. A picnic shelter will also be added to this location. The restroom in the recreation center will also be upgraded to comply with ADA requirements.,This project corresponds with Project P-10 (ADA Requirements) in the Skyline- Paradise Hills Public Facilities Financing Plan and ADA accessibility requirements. The project will expand the use of park facilities to include park patrons with disabilities.,0,0,0,0,0,0,0
2020,Parks - Neighborhood,230,Parks & Recreation,Solana Highlands NP-Comfort Station Development,,,Council District: 1; Community Plan: Carmel Valley,1650265,2191000,This project provides for the design and construction of a prefabricated comfort station within the neighborhood park.,This project will expand the use of the park and contribute to satisfying population- based park acreage requirements as set forth in the City’s General Plan to serve residents.,540734,0,0,0,0,0,0
2020,Parks - Mini Parks,231,Parks & Recreation,Southeastern Mini Park Improvements,2021,2021,Council District: 8; Community Plan: Southeastern San Diego,6620547,7972399,"This project provides for the design and replacement of playground equipment, paths of travel, picnic tables, and benches at four mini parks (Island Avenue, Clay Avenue, J Street, and Gamma Mini Park which was formerly S15032 Gamma Street Mini-Park ADA Improvements) to make each Americans with Disabilities Act (ADA) accessible.",The improvements are necessary to meet accessibility standards.,551851,800000,0,0,0,0,0
2020,Parks - Open Space,232,Parks & Recreation,Sunset Cliffs Natural Pk Hillside Imp Preserv Phas,,,Council District: 2; Community Plan: Peninsula,3808494,4179310,"This project will complete improvements to the Sunset Cliffs Natural Park, Hillside Park which is considered as one of the unique coastal environments in San Diego County. Phase I includes the re-vegetation of an area of the Dixon Estate structures within the Sunset Cliffs Natural Park as well as the implementation of a trail and removal of exotic non- native plants as per the community master plan. Phase II includes the re-vegetation of the remainder of Sunset Cliffs Natural Park excluding the area where the existing Ladera Street and Lomaland Drive houses are located, the construction of a trail system, observation points, pedestrian bridge, interpretive signs, re-contouring of the old ball field, and additional removal of exotic non-native plants.","This project is needed to preserve and enhance the Sunset Cliffs Natural Park, one of the unique coastal environments in San Diego County. The project begins the implementation of the Sunset Cliffs Natural Park Master Plan which was approved in 2005.",370816,0,0,0,0,0,0
2020,Parks - Miscellaneous Parks,233,Parks & Recreation,Sunset Cliffs Park Drainage Improvements,2023,2024,Council District: 2; Community Plan: Peninsula,1722334,4834999,"This project provides for drainage improvements at Sunset Cliffs Natural Park, Hillside section, including the removal of existing houses located on parkland, restoration of natural areas to allow water percolation, and installation of site appropriate drainage devices. Phase I includes the removal of four existing homes located in the Sunset Cliffs Natural Park, the restoration and re-vegetation of these areas, ADA parking, and the inclusion of trails and look outs per the community master plan. Phase II includes the evaluation of the drainage within the Sunset Cliffs Natural Park and the implementation of a complete drainage system.",This project will preserve and protect the coastal bluffs at Sunset Cliffs Natural Park from storm water runoff and soil erosion.,1512664,0,0,1100000,500000,0,0
2020,Trans - Roadway - Enhance/Scape/Medians,234,Parks & Recreation,Switzer Canyon Bridge Enhancement Prog,,,Council District: 3; Community Plan: Greater North Park,74999,75000,"This project provides for bridge landscaping, hardscape, tree planting, signage, sidewalk, median, design of traffic calming devices, and pedestrian safety features for the Switzer Canyon/30th Street Bridge.","This project provides for a variety of improvements within the boundaries of the Greater North Park Maintenance Assessment District (MAD), which will provide visual neighborhood enhancements and support commercial revitalization.",0,0,0,0,0,0,0
2020,Parks - Miscellaneous Parks,235,Parks & Recreation,Taft Joint Use Facility Development,,,Council District: 7; Community Plan: Serra Mesa,3454599,3454600,This project provides for the design and construction of a joint-use facility at Taft Middle School.,"This project will contribute towards satisfying population-based park acreage requirements as a park equivalency, as set forth in the City's General Plan to serve residents in this park-deficient community.",0,0,0,0,0,0,0
2020,Trans - Roadway - Enhance/Scape/Medians,236,Parks & Recreation,Talmadge Traffic Calming Infrastructure,,,Council District: 9; Community Plan: Mid-City: Kensington Talmadge,309999,310000,"This project provides for the design, installation, and/or modifications to street infrastructure for traffic calming purposes within the Talmadge Maintenance Assessment District (MAD) boundaries at the intersection of Contour Boulevard/Madison Avenue and 51st Street.",The Talmadge MAD Community Advisory group discussed and approved a request for streetscape improvements and traffic calming modifications.,0,0,0,0,0,0,0
2020,Parks - Neighborhood,237,Parks & Recreation,Torrey Highlands NP Upgrades,,,Council District: 1; Community Plan: Carmel Valley,788215,1027938,"This project provides for the design and construction of an approximately 0.5-acre additional parking area, landscaping, Americans with Disabilities Act (ADA) improvements to the existing comfort station, associated paths of travel to comply with federal and State accessibility requirements, and one new shade structure with four benches.",This project will expand the use of the park and contribute to satisfying population- based park acreage requirements as set forth in the City’s General Plan to serve residents.,239722,0,0,0,0,0,0
2020,Golf Courses,238,Parks & Recreation,Torrey Pines Golf Course,,,Council District: 1; Community Plan: Balboa Park; Mission Bay Park; University,1849999,1850000,This annual allocation provides for the unexpected replacement of minor capital assets on an as-needed basis at the City's Municipal Golf Course - Torrey Pines.,This annual allocation will provide a capital assets cost-avoidance program allowing for the timely replacement of unanticipated failure of golf capital assets.,0,0,0,0,0,0,0
2020,Golf Courses,239,Parks & Recreation,TP South Golf Course Imp Renovation,,,Council District: 1; Community Plan: University,17149999,17150000,"The project provides for the upgrade to the irrigation system, turf renovation, redesign of tee boxes and bunkers, cart path addition, and addresses deferred golf course maintenance needs.","The project will enhance the playability of the course for resident golfers, while improving course conditions for private and professional tournaments. Improvements are needed in advance of the 2021 U.S. Open Tournament.",0,0,0,0,0,0,0
2020,Parks - Miscellaneous Parks,240,Parks & Recreation,Tubman Charter School JU Improvements,,,Council District: 9; Community Plan: College Area,1403999,1404000,"This project provides for design and construction of approximately 1.72 acres of joint-use facilities at Tubman Charter School to supplement existing park acreage in the College Area community. Improvements may include turf multi-purpose fields, multi-purpose hardcourts, walkways, landscaping, and accessibility upgrades.",This project will contribute to satisfying population-based park acreage requirements set forth in the General Plan to serve residents in this park-deficient community.,0,0,0,0,0,0,0
2020,Parks - Neighborhood,241,Parks & Recreation,Villa Monserate Neighborhood Park Upgrades,,,Council District: 7; Community Plan: Tierrasanta,1707219,1707220,This project provides for the design and construction of an expansion to the existing park by upgrading the two children's play areas and associated path of travel to meet accessibility requirements and providing a picnic shelter to expand the park use.,This project will expand the use of the park and contribute to satisfying population- based park acreage requirements as set forth in the City’s General Plan to serve residents.,0,0,0,0,0,0,0
2020,Parks - Miscellaneous Parks,242,Parks & Recreation,Wangenheim Joint Use Facility,,,Council District: 6; Community Plan: Mira Mesa,9517666,9517667,"This project provides for the design and construction to expand the existing joint use facility by approximately 4.0 acres at Wangenheim Middle School to supplement existing park acreage in the Mira Mesa community. Joint use improvements could include multi-use sports fields, multi-purpose courts, walkways, landscaping, parking, sports field lighting, and improvements to comply with accessibility guidelines. Facilities may include a comfort station if desired by the community.",This project will contribute to satisfying population-based park acreage requirements set forth in the City's General Plan to serve residents in this park-deficient community.,0,0,0,0,0,0,0
2020,Parks - Neighborhood,243,Parks & Recreation,Wightman Street Neighborhood Park,,,Council District: 9; Community Plan: Mid-City: City Heights,3490778,3490779,"This project provides for the design and development of Wightman Street Neighborhood Park on 0.9 acres of parkland. The park development will also include the implementation of the Chollas Creek Enhancement Program for Auburn Creek which is located on site. Amenities will include two half-court basketball courts, children's playground, turfed areas, and natural vegetation.",This project will contribute to satisfying the population-based park acreage requirements set forth in the City's General Plan.,0,0,0,0,0,0,0
2020,Bldg - Pub Safety - Police Fac / Struct,254,Police,Police 911 Call Manager,,,Council District: 3; Community Plan: Centre City,1230274,1230275,The Police 9-1-1 Call Manager is the phone system used by the Police Department to receive 9-1-1 and non-emergency calls from the public.,The Police Department currently uses an older version of the VESTA/9-1-1 Call Manager system that is based on the unsupported Windows XP operating system. It is critical that this system be replaced with a system that is Windows 7 compatible.,0,0,0,0,0,0,0
2020,Bldg - Pub Safety - Police Fac / Struct,255,Police,Police Range Refurbishment Phase II,,,Council District: 9; Community Plan: Mid-City: City Heights,9299999,14600000,"This project includes the demolition of the dilapidated bullet back stops, removal of lead contaminated soil berms, installation of new bullet recovery systems and other needed improvements throughout the facility.",This project will enhance safety and provide usability as a training academy for the San Diego Police Department and multiple enforcement agencies. This project also allows for the facility to be open to the public through the Revolver Club.,5300000,0,0,0,0,0,0
2020,Water - Distribution Sys - Transmission,267,Public Utilities,30th Street Pipeline Replacement,2021,2021,Council District: 3 8; Community Plan: Greater North Park; Greater Golden Hill; Southeastern San Diego,28753591,30003592,"This project will replace approximately 5.11 miles of existing cast iron mains from Polk Avenue to Commercial Street. Also, it will update the transmission and distribution system in the University Heights (390 Zone) to meet its current and future needs.","This project will replace the cast iron pipe, provide supply reliability to the south end of the 390 Zone and improve water quality.",0,1250000,0,0,0,0,0
2020,Bldg - Water - Pump Stations,268,Public Utilities,69th & Mohawk Pump Station,,,Council District: 4 9; Community Plan: College Area; Mid-City: Eastern Area,15088593,15088594,This project will construct a new pump station at the corner of 69th Street and Mohawk Street. The new pump station will feed the 645 Redwood Village Pressure Zone.,This project will replace the existing 40 year old Montezuma Pump Station for Redwood Village which is reaching the end of its lifecycle.,0,0,0,0,0,0,0
2020,Bldg - Other City Facility / Structures,269,Public Utilities,Advanced Metering Infrastructure,2022,2024,Council District: Citywide; Community Plan: Citywide,67568897,125535641,"This project deploys Advanced Metering Infrastructure (AMI) technology to approximately 280,000 water meters citywide. The AMI technology allows water meters to be read electronically rather than by direct visual inspection by field staff, which improves the accuracy of the meter reads. AMI offers several benefits, including mitigating human error in meter readings, automatically detecting leaks, and allowing customers to monitor their own hourly water consumption. This enhances customer service and assists customers with water conservation. This project also helps to implement the City's Climate Action Plan.","This project streamlines the collection of water meter information, provides near real time data, assists with promptly solving water usage and billing questions and provides customers with a tool to conserve and manage their water consumption.",0,0,17844980,17844981,22276782,0,0
2020,Water - Distribution Sys - Transmission,270,Public Utilities,Alvarado 2nd Extension Pipeline,2022,2024,Council District: 2 3 7; Community Plan: Mission Valley; Mission Bay Park; Old San Diego,9224241,80498531,"The Alvarado 2nd Extension Pipeline Project is proposing to build a new 48-inch and a 30-inch main extending the existing Alvarado 2nd westerly connecting to the new 20-inch Pacific Beach Pipeline along West Mission Bay Dr. (approx. 6.42 miles). A 536 to 390 HGL Pressure Reducing Station (PRS) will be built along the new 30-inch pipeline at the Friars Rd. and Napa St. intersection. An existing 12-inch Asbestos Concrete (AC) pipe just northwest of the West Mission Bay Dr. Bridge within the Pacific Beach 307 Zone will be relocated along Sea World Dr., connecting to the new 20-inch Pacific Beach Pipeline along West Mission Bay Dr. This project also includes the replacement of all parallel 16-inch AC water mains. The AC mains run along Friars Rd. between Morena Blvd. and East of Mission Center Rd. (approx. 3.90 miles). Total length of this project is approximately 10.32 miles.","This project was driven by the need to provide redundant transmission to the coastal zones of La Jolla and Pacific Beach for supply reliability. The proposed Alvarado 2nd Extension Pipeline will be the main feed to Pacific Beach Zones. With the new pipeline feeding from the Alvarado Water Treatment Plant (WTP), the San Diego County Water Authority (CWA) treated water intake at San Diego Connection #11 which currently feeds those zones will greatly reduce. This will also provide supply flexibility between the Alvarado and Miramar WTP Service Areas.",0,0,30201892,30979744,10092653,0,0
2020,Wastewater - Collection Sys - Trunk Swr,271,Public Utilities,Alvarado Trunk Sewer Phase IV,2021,2023,Council District: 7 9; Community Plan: Navajo; College Area,12419999,60179009,This project replaces and upsizes 3.12 miles of the Alvarado Trunk Sewer to provide additional capacity.,This trunk sewer will be upgraded with a larger pipe to improve capacity and condition.,0,24660000,13019000,10080009,0,0,0
2020,Water - Distribution Sys - Transmission,272,Public Utilities,Catalina 12inch Cast Iron Mains,,,Council District: 2; Community Plan: Peninsula,12619999,12620000,"This project will replace and install approximately 16,000 linear feet of existing cast iron (CI) pipeline with PVC pipeline and cement mortar lined and coated steel pipeline (CMLCS) on Catalina Blvd. The scope of work includes but is not limited to replacing the Catalina Pump Station 16-inch CI discharge pipeline with a 16-inch CMLCS pipeline; installing a 24-inch CMLCS from the proposed 16-inch CMLCS pump station discharge pipeline to the proposed Catalina Standpipe inlet; installing a 16-inch PVC from Catalina Standpipe to DuPont Street; installing a 24- inch CMLCS pipeline from Catalina Standpipe to Garden Lane.","This project will replace cast iron pipe, provide supply reliability to the Catalina Pump Station service area and improve water quality.",0,0,0,0,0,0,0
2020,Bldg - Operations Facility / Structures,273,Public Utilities,Chollas Building,,,Council District: 4; Community Plan: Mid-City: Eastern Area,45661947,45661948,"This project will construct two new buildings: one two-story building for administration staff and a one-story maintenance shop. In addition, new compartment material storage bins will be constructed.",This project will allow for Water Operations Division to consolidate their staff in one central facility. The existing facility is not adequate for current needs and has surpassed the intended useful life of the structure.,0,0,0,0,0,0,0
2020,Bldg - Water - Pump Stations,274,Public Utilities,Cielo & Woodman Pump Station,2021,2023,Council District: 4; Community Plan: Southeastern (Encanto Neighborhoods),2677999,6878000,"This project provides for the replacement of the Cielo and Woodman Pump Station (PS) with a new PS with a total capacity of 11.09 million gallons per day to improve efficiency and reliability, including a backup generator. The Cielo and Woodman Pump Station works in conjunction with the Paradise Mesa Standpipe and three pressure regulating stations which are fed by San Diego County Water Authority connection SD#19.",This project will replace a deteriorating pump station facility and cast-iron mains that lead to the station.,0,1200000,2000000,1000000,0,0,0
2020,Water - Distribution Sys - Transmission,275,Public Utilities,Corrosion Control,,,Council District: Citywide; Community Plan: Citywide,200000,200000,This annual allocation provides for renovating or replacing deteriorating corrosion control and monitoring systems throughout the City.,Deteriorating corrosion control and monitoring systems are in need of rehabilitation. This annual allocation provides for an ongoing program to rehabilitate over 600 existing corrosion protection stations.,0,0,0,0,0,0,0
2020,Water - Distribution Sys - Distribution,276,Public Utilities,El Monte Pipeline No 2,2021,2024,Council District: 7; Community Plan: Navajo,4447999,24500001,This project consists of the replacement of two pipe segments as well as the repair of the Grossmont tunnel liner. This project also includes spot repair of pipe walls and joints for the pipeline and raising the air release and the air/vacuum relief valves above grade.,The replacement and repairs are needed to mitigate the potential of a pipeline failure and reduce leakage. The project allows for more reliable operation of the pipeline and therefore facilitate water transports between the San Vicente and El Capitan Reservoir to Lake Murray and the Alvarado Water Treatment Plant.,0,2000000,6200000,8800000,3052001,0,0
2020,Bldg - MWWD - Laboratories,277,Public Utilities,EMTS Boat Dock Esplanade,2021,2021,Council District: 2; Community Plan: Peninsula,1418534,3430851,This project provides for the design and construction of the Environmental Monitoring and Technical Services (EMTS) Laboratory Boat esplanade. Approximately 33 percent of all Metro Sewer Utility Fund,"Per the terms of the land transfer from the Federal Government, Metropolitan Wastewater Department (MWWD) designed and constructed a 40,000 square foot ocean monitoring laboratory which is now in operation. This project will fulfill the City's commitment to develop the esplanade as required.",0,2012316,0,0,0,0,0
2020,Water - Distribution Sys - Distribution,278,Public Utilities,Freeway Relocation,2022,2025,Council District: Citywide; Community Plan: Citywide,2589774,2989774,This annual allocation provides funding to relocate water lines in conflict with highway construction zones.,Waterline relocation is required by the State Department of Transportation's effort to expand the State Highway System. Relocation projects are accomplished in conjunction with highway projects,0,0,100000,100000,100000,100000,0
2020,Bldg - Water - Wells,279,Public Utilities,Groundwater Asset Development Program,2022,2025,Council District: Citywide; Community Plan: Citywide,2999999,4478988,"This annual allocation provides for investigation work related to legal, technical, regulatory, and water quality issues; and for the planning, design, and construction of groundwater facilities to increase the local water supply.","The City imports 85 percent of its water from the Colorado River and the State Water Project. The City has access to several under-utilized groundwater assets that could be developed to supply new yield, seasonal storage, or carryover storage.",0,0,1206672,76718,79097,116501,0
2020,Wastewater - Collection Sys - Trunk Swr,280,Public Utilities,Harbor Drive Trunk Sewer,2021,2022,Council District: 3 8; Community Plan: Barrio Logan; Centre City,9791249,21045001,"This project will upsize the existing 12-inch, 15-inch, 18-inch and 24-inch Harbor Drive Trunk Sewer from 12th Avenue and Imperial Avenue to Sewer Pump Station #5 (Beardsley Street and Harbor Drive) with 18-inch, 21-inch and 30-inch diameter sewer mains for a total length of 4,650 lineal feet.","The Harbor Drive Trunk Sewer is constructed of Tectite pipe, which is known to be a high risk for catastrophic failure. The replacement of this trunk sewer will address the structural integrity of the existing sewer mains and provide additional capacity to accommodate the future flows.",0,4000000,7253751,0,0,0,0
2020,Water - Distribution Sys - Distribution,281,Public Utilities,Instrumentation and Control,2022,2024,Council District: Citywide; Community Plan: Citywide,200000,10600297,This Annual Allocation provides for replacement and upgrades of the existing Supervisory Control and Data Acquisition (SCADA) equipment for the water distribution system.,The existing control system is outdated and exceeded its life cycle. This replacement will improve and enhance the control system capabilities as well as update the system to the current technology.,0,0,1037680,2172366,7190251,0,0
2020,Wastewater - Collection Sys - Trunk Swr,282,Public Utilities,Kearny Mesa Trunk Sewer,2021,2024,Council District: 6; Community Plan: Kearny Mesa,499999,24200000,"This project involves the repair and rehabilitation of 7.89 miles of existing 12-inch to 36-inch deteriorated sewer pipes, repair/rehabilitation of 56 manholes and replacement of 2.18 miles of pipes ranging from 12-inch to 33-inch and 24 manholes. The scope also includes the abandonment of 3,012 feet of the existing 12-inch sewer mains and 8 manholes located in the northwest corridor of 52 Freeway and Interstate 15.",Replace and rehabilitate deteriorated sewer pipes and manholes.,0,2000000,5000000,10000000,6700000,0,0
2020,Water - Distribution Sys - Transmission,283,Public Utilities,La Jolla Scenic Drive 16inch Main,2021,2021,Council District: 1; Community Plan: La Jolla,10897999,11398000,"This project provides for replacement of 6-inch, 8-inch, and 12-inch pipelines with 15,635 linear feet of 16-inch pipe from the Soledad Reservoir that travels south along La Jolla Scenic Drive South; continues onto La Jolla Rancho Road, La Jolla Mesa Drive, Muirlands Drive, and El Camino Del Teatro; rejoins Muirlands Drive and Nautilus Street; and terminates at Fairway Road and the Muirlands Pump Station (PS). It will connect the Muirlands PS to the south Soledad Muirlands (725 Zone) to provide backup supply to the 725 Zone and to solve fire flow deficiency and maintain peak pressures.","The current distribution grid has insufficient capacity to meet fire flow and is a bottleneck that leads to two isolated portions of the 725 Zone. If either of the pump/reservoir tandems that feed the zone go out of service, feed from the other tandem could not effectively be moved across the zone.",0,500000,0,0,0,0,0
2020,Water - Distribution Sys - Distribution,284,Public Utilities,La Jolla View Reservoir,2021,2025,Council District: 1; Community Plan: La Jolla,5380000,27000315,"This project will provide for the construction of a new 3.11 million gallons (MG) prestressed concrete reservoir. Also, it will install 2,800 feet of 30-inch pipeline and demolish the old La Jolla View Reservoir and the La Jolla Exchange Place Reservoir and Pump Station.","This project will replace the existing La Jolla View Reservoir which will improve water quality, set the new reservoir to appropriate health guidelines and improve fire flow capacity in the 610 Zone.",0,200000,2637500,8512500,5135157,5135157,0
2020,Water - Distribution Sys - Transmission,285,Public Utilities,Large Diameter Water Transmission PPL,2021,2024,Council District: Citywide; Community Plan: Citywide,51256721,94027674,This annual allocation allows for the replacement of 16-inch and larger diameter water pipelines at various locations throughout the City.,This annual allocation provides for the replacement of large diameter pipelines that are deteriorated in condition or have reached the end of their service life.,0,6558557,10068023,15229068,10915305,0,0
2020,Water - Distribution Sys - Transmission,286,Public Utilities,Little McGonigle Ranch Road Pipeline,,,Council District: 1; Community Plan: Del Mar Mesa; Pacific Highlands Ranch,5999999,6000000,"This reimbursement project provides for the construction of approximately 15,800 linear feet of 30-inch diameter water transmission pipeline in Carmel Mountain Road and Little McGonigle Ranch Road within the Del Mar Mesa and Pacific Highlands Ranch communities to provide capacity for both Del Mar Mesa and Pacific Highlands Ranch. The project was divided into 5 Phases, Phase 1 (Carmel Valley Road within SR-56/Carmel Valley Road Interchange within Right- of-Way), Phase 2 (Carmel Valley Road from SR-56/Carmel Valley Road Interchange to Del Mar Heights Road), Phase 3 (Little McGonigle Ranch Road from interchange to Del Mar Mesa Road), Phase 4 (Little McGonigle Ranch Road from Del Mar Mesa Road to Devino Court), and Phase 5 (Carmel Mountain Road from Devino Court to Del Mar Mesa Community Boundary).",The pipeline is required to provide capacity in the water system to adequately supply the demand resulting from the build-out of the Del Mar Mesa and Pacific Highlands Ranch communities.,0,0,0,0,0,0,0
2020,Bldg - Water - Reservoirs/Dams,287,Public Utilities,Lower Otay Outlet Tower,2022,2023,Council District: Non City; Community Plan: Non City,990810,2645864,This project provides for the upgrade/replacement of the Lower Otay Outlet Tower.,Seismic analysis concluded that the tower's concrete has an overstress in flexural tension. Both the tower and the tower foundation are in danger of failure.,0,0,655053,1000000,0,0,0
2020,Bldg - MWWD - Treatment Plants,288,Public Utilities,MBC Dewatering Centrifuges Replacement,2021,2021,Council District: 6; Community Plan: Non City,12122442,12422443,This project provides for the replacement of six of the eight existing dewatering centrifuges with six larger capacity units to better handle biosolid flows during maintenance of the centrifuges and its associated equipment and to handle larger future biosolid flows. The existing units are also near the end of their useful life. Approximately 33 percent of all Metro Sewer Utility Fund,"This project will increase the production capacity of the dewatering centrifuges to accommodate plant shutdowns for maintenance, and construction to accommodate future flows and to address diverse types of constraining operational factors that limit current capacity. To achieve the required capacity, the existing dewatering centrifuge units must be replaced with larger units.",0,300000,0,0,0,0,0
2020,Bldg - MWWD - Treatment Plants,289,Public Utilities,MBC Equipment Upgrades,2021,2025,Council District: 6; Community Plan: Kearny Mesa,3929505,45487061,"Project consists of replacing aging equipment throughout various process areas to ensure the plant operates reliably. Improvements include installation of new raw solids feed pumps, replacement of existing thickening centrifuges, upgrades to anaerobic digesters, improvements to the sludge dewatering system and other upgrades. Approximately 33 percent of all Metro Sewer Utility Fund",To ensure that the plant operates reliably and efficiently; process equipment associated with anaerobic digestion and sludge dewatering must be replaced.,0,1961315,14428232,14680612,7094774,3392622,0
2020,Bldg - MWWD - Treatment Plants,290,Public Utilities,Metro Treatment Plants,2021,2025,Council District: 2 6 7 8; Community Plan: Peninsula; University; Tijuana River Valley,13423359,28198884,"This annual allocation provides for replacement or improvements of facilities at Metro Treatment Plants: Point Loma Wastewater Treatment Plant (PLWTP), North City Water Reclamation Plant (NCWRP), South Bay Water Reclamation Plant (SBWRP), and Metro Biosolids Center (MBC). Approximately 33 percent of all Metro Sewer Utility Fund",Various facilities require replacement due to increasing wastewater flows and to be compliant with current regulatory requirements. This annual allocation will be considered an enhancement to the facility and does not include operation and maintenance.,0,5639170,1504418,5607828,1441601,582507,0
2020,Bldg - MWWD - Pump Stations,291,Public Utilities,Metropolitan System Pump Stations,2022,2025,Council District: Citywide; Community Plan: Citywide,989383,12678747,"This annual allocation provides for comprehensive upgrades, design modifications, and renovations or replacement of equipment such as pumps, valves, tanks, controls, odor control systems, etc. at Metropolitan System Pump Stations 1, 2, Otay River, and Grove Avenue. Approximately 33 percent of all Metro Sewer Utility Fund",These improvements will allow pump stations to run more efficiently and increase the reliability of the Metropolitan Wastewater System.,0,0,726056,6123077,4482685,357545,0
2020,Wastewater - Collection Sys - Trunk Swr,292,Public Utilities,,2021,2025,Council District: Citywide; Community Plan: Citywide,27445214,82694312,"This annual allocation provides for the replacement of trunk sewers at various locations, including canyons, within the City limits. Approximately 33 percent of all Metro Sewer Utility Fund","This annual allocation provides for the upgrading of trunk sewers to improve the level of service to residents of the City of San Diego, and to comply with regulatory agencies by reducing the possibility of sewer spills.",0,6000000,10179382,7372591,16000761,15696364,0
2020,Bldg - Water - Standpipes,293,Public Utilities,Miramar Clearwell Improvements,,,Council District: 5; Community Plan: Scripps Miramar Ranch; Miramar Ranch North,120328743,120328744,"This project constructs two new potable water storage clearwells, associated piping and facilities for a total storage capacity of 58.3 million gallons (MG); removes existing Clearwell Nos. 1 and 2 and associated piping and facilities; constructs a new chlorine contact chamber with an adjoining lift station for a maximum plant capacity of 215 million gallons per day (mgd), a new maintenance building, a new guard house, and installs a one megawatt Photovoltaic System on the deck of Clearwell No. 2.",The existing clearwells were determined to have significant structural stability concerns. The lift station will improve filter performance and increase hydraulic grade line to 712 feet.,0,0,0,0,0,0,0
2020,Water - Distribution Sys - Distribution,294,Public Utilities,Montezuma,2021,2022,Council District: 7 9; Community Plan: College Area; Navajo,19478199,46223753,"This project will construct a new 66-inch pipeline from the Alvarado Water Treatment Plant Clearwells to the 69th and Mohawk pump station. Approximate pipeline length is 5,297 linear feet. This project also includes street resurfacing of 70th Street and Lake Murray Boulevard as part of a future reimbursement agreement with the City of La Mesa.","This project will give complete redundancy to the Trojan Pipeline and will add transmission capacity to all of San Diego south of Highway 8. The project will provide a back-up supply for the aging 54-inch Trojan Pipeline that currently supplies the Mid-City Pipeline west of the 63rd Street inter-tie, a second supply line to the largest region of the Alvarado Water Treatment Plant service area, and a back-up service that will allow the Trojan Pipeline to be removed from service for inspection. In addition, the project provides connections for a new 69th and Mohawk Pump Station to become the lead supply to the Redwood Village (645 Zone).",0,18000000,8745553,0,0,0,0
2020,Water - Distribution Sys - Transmission,295,Public Utilities,Morena Pipeline,2021,2023,Council District: 2 6 7; Community Plan: Linda Vista; Clairemont Mesa; Mission Valley,20871733,89340816,"This project will replace 19,765 feet of existing cast iron and asbestos cement 16- inch pipeline with 16-inch PVC and install 17,440 feet of new 36-inch steel pipeline (CML & C) along Morena Blvd from Friars Road to Balboa Avenue. Total length of this project is 38,012 feet.",This project was driven by the need to provide redundant transmission capacity to the coastal regions of Pacific Beach and La Jolla. This pipeline will also allow the beach areas to be fed by the Alvarado Water Treatment Plant which helps maximize local water resources.,0,46970649,14598708,6899725,0,0,0
2020,Bldg - Water - Reservoirs/Dams,296,Public Utilities,Morena Reservoir Outlet Tower Upgrade,2023,2024,Council District: Non City; Community Plan: Non City,3479999,23500000,"This project replaces the existing outlet tower to meet seismic requirements. It will add a 120-foot long, 6-foot wide maintenance access bridge from the dam to the new outlet tower, enlarge the existing outlet tunnel, and raise the dam crest.","The aging outlet tower components are in need of replacement for safety and cost effective operation. Furthermore, the electrical system needs to be upgraded to meet current standards, provide remote, automated control, and provide safety and better accessibility. The tower is 100 years old and seismically inadequate. This project is mandated by the California Division of Safety of Dams (DSOS).",0,0,0,11020000,9000000,0,0
2020,Bldg - MWWD - Treatment Plants,297,Public Utilities,NCWRP Improvements to 30 mgd,2021,2025,Council District: 1; Community Plan: University,5083138,39069117,"The North City Water Reclamation Plant (NCWRP) treats wastewater from several San Diego communities and distributes recycled water for irrigation and industrial purposes throughout the surrounding areas. The condition and hydraulic capacity of the existing equipment at the NCWRP has been assessed through the review and examination of the plant design drawings, operation and assessment. It was determined that improvements to the process equipment are needed in order to ensure the facility is capable of operating reliably at its design capacity of 30 million gallons per day (mgd). Approximately 33 percent of all Metro Sewer Utility Fund",This project entails improvements to the process equipment at the NCWRP in order to ensure the facility is capable of operating reliably at its design capacity of 30 mgd.,0,755291,11649255,12683689,6225886,2671857,0
2020,Water - Distribution Sys - Distribution,298,Public Utilities,"New 16"" Water Mains (U-3)",,,Council District: 5; Community Plan: Torrey Highlands,1224999,1225000,"This project provides for reimbursement to a developer for the construction of approximately 16,636 linear feet of 16-inch diameter water mains within the Camino Del Sur (Watson Ranch Road to Dormouse) and along Carmel Mountain Road from Camino Del Sur to Sundance Avenue. This is Project U-3 in the Torrey Highlands Public Facilities Financing Plan.",This project is required to provide primary distribution facilities to serve the community.,0,0,0,0,0,0,0
2020,Water - Distribution Sys - Transmission,299,Public Utilities,Otay 1st/2nd PPL West of Highland Avenue,2021,2021,Council District: 3 9; Community Plan: City Heights; North Park,14813050,29440500,"This project provides for replacement of the Otay 1st and 2nd Pipeline (west of Highland Avenue, along the existing Otay 2nd alignment). It will replace 26,090 linear feet of existing cast iron and asbestos cement transmission mains and distribution mains with new mains.",This project will replace the existing deteriorated cast iron pipe. The new pipeline will provide supply reliability and improve water quality.,0,14627449,0,0,0,0,0
2020,Water - Distribution Sys - Transmission,300,Public Utilities,Otay 2nd Pipeline Phase 4,2021,2026,Council District: Non City; Community Plan: Priority Category: High,799999,38008900,"This project will replace an existing portion of the Otay 2nd Pipeline in the City of Chula Vista between Bonita Road (North end) and Telegraph Canyon Road (South end) and install a new distribution main to supply water to a number of existing customers currently connected directly into the main transmission pipeline. The work will replace approximately 16,910 linear feet of existing Otay 2nd steel piping with new 48” Cement Mortar Lined and Tape Coated piping, and construct approximately 1,041 linear feet of new 8” distribution piping to serve existing customers.",This project will replace and up-size existing deteriorated piping to provide supply reliability for the Alvarado service area and increase operational flexibility of the system. Seventeen existing residential water connections will be transferred to the new 8” distribution pipe in compliance with the City’s design guidelines.,0,5000000,0,0,0,10000000,22208900
2020,Water - Distribution Sys - Transmission,301,Public Utilities,Otay 2nd Pipeline Steel Replacement Ph 5,2021,2026,Council District: 4; Community Plan: Otay Mesa,0,18760000,This project will replace the existing 36-inch Steel Cylinder Cement (CMLCS) pipe with 42-inch CMLCS pipe from Balboa Vista Drive south of Seifert Street to the intersection of 60th Street and Tooley Street. The project also includes a new tunneling segment under SR-94.,This project will replace and up-size existing deteriorated piping to provide supply reliability for the Alvarado service area and increase operational flexibility of the system. Seventeen existing residential water connections will be transferred to the new 8” distribution pipe in compliance with the City’s design guidelines.,0,100000,1000000,5000000,10000000,2000000,660000
2020,Water - Distribution Sys - Transmission,302,Public Utilities,Otay Second Pipeline Relocation-PA,2022,2026,Council District: Non City; Community Plan: Non City,13096170,28044445,"This project is a participation agreement and will relocate 7.82 miles of potable water transmission pipelines from Otay Water Treatment to Olympic Parkway. The participation agreement outlines each segment of work, the City and Developer costs, and the","As the Otay Ranch Community develops, the existing Otay 2nd Pipeline, Otay 3rd Pipeline, South San Diego Pipeline No. 1, and South San Diego Pipeline No. 2 will be relocated into the City of Chula Vista’s public rights-of-way.",0,0,6000000,4000000,4000000,0,948274
2020,Water - Distribution Sys - Transmission,303,Public Utilities,Pacific Beach Pipeline South (W),2021,2021,Council District: 2; Community Plan: Pacific Beach; Midway - Pacific Highway; Mission Beach; Peninsula,40110442,41766933,"Replacement of approximately 7.8 miles of existing transmission and distribution mains known as Pacific Beach Pipeline along Ingraham Street, West Mission Bay Drive, Sports Arena Boulevard, Midway Drive, Enterprise Street, Pacific Highway, Kurtz Street, Hancock Street, California Street, West Walnut Avenue, Vine Street, and Kettner Boulevard from the Buena Vista Street and Ingraham Street intersection through the Upas and Kettner Boulevard intersection. The project also includes demolition of the existing Pacific Beach Reservoir, abandonment of existing 16-inch pipeline from this reservoir through Tourmaline Street and Foothill Boulevard, and replacement of adjacent water mains along West Mission Bay Drive from Mission Boulevard through Ingraham Street, along Hancock Street from Estudillo Street through Noell Street, along West Washington Street from Hancock Street through Pacific Highway, and along Anna Avenue from Pacific Highway to Lovelock Street.","This project is needed to provide water supply reliability to Pacific Beach by replacing a 73-year-old deteriorating cast iron pipe; thereby, increasing capacity and allowing for increased operational flexibility.",0,1656490,0,0,0,0,0
2020,Wastewater - Collection Sys - Main,304,Public Utilities,Pipeline Rehabilitation,2021,2025,Council District: Citywide; Community Plan: Citywide,123793260,161982579,This annual allocation provides for the rehabilitation and repair of deteriorated sewers and manholes at various locations within the Municipal Wastewater System.,"This annual allocation provides for the extension of the useful life of sewers and manholes, improvements in the level of service to the residents of San Diego, and compliance with regulatory agencies' standards by reducing the possibility of sewer spills.",0,11867986,936385,0,7909749,17475198,0
2020,Water - Distribution Sys - Transmission,305,Public Utilities,Pressure Reduction Facility Upgrades,2021,2024,Council District: Citywide; Community Plan: Citywide,1849999,5486300,This annual allocation provides for replacing existing pressure reducing stations or expanding pressure capacities to meet present and future water demands.,Increasing demands for water throughout the City requires pressure reducing stations to better control water pressure throughout the City's system. This annual allocation will continue to fund the replacement and expansion of pressure reduction facilities.,0,1200000,878146,767179,790975,0,0
2020,Bldg - MWWD - Pump Stations,306,Public Utilities,PS2 Power Reliability & Surge Protection,2021,2021,Council District: 2; Community Plan: Peninsula,59645231,76075800,This project improves the reliability of Pump Station 2 and provides the required surge protection and backup power against an electrical outage in compliance with the Environmental Protection Agency (EPA) recommendation of standby power for essential facilities. This project also provides the required building upgrades (ADA compliant restrooms and offices). Approximately 33 percent of all Metro Sewer Utility Fund,"Sewer Pump Station 2 currently has three feeds from San Diego Gas and Electric (SDG&E). Two of the feeds are fed from the same substation. Neither of the two SDG&E substations provide 100% power to Pump Station 2. EPA guidelines recommend that facilities like Pump Station 2 be equipped with two separate and independent sources of electrical power provided from either two separate utility substations or from a single substation and a plant base generator. The current pump station electrical configuration does not comply with the EPA recommendations. Besides satisfying the EPA guidelines, it is also required that force main surge protection be provided at all times during pump station operation and in the event of a total power failure.",0,16430568,0,0,0,0,0
2020,Bldg - MWWD - Pump Stations,307,Public Utilities,Pump Station Restorations,2021,2025,Council District: Citywide; Community Plan: Citywide,9881514,24777154,This annual allocation provides for the replacement of deteriorated municipal pumping equipment and/or pipeline appurtenances.,Many existing sewer pump stations have reached or exceeded their anticipated service life.,0,2800000,367553,896178,5486277,5345631,0
2020,Potable Reuse,308,Public Utilities,PURE Water Program,2021,2026,Council District: Citywide; Community Plan: Citywide,640828639,1738670309,"The Pure Water Program will be implemented in two phases. This annual allocation provides funding for Phase I of the Program and it includes the design and construction of several facilities including a 30 million gallons per day (mgd) Pure Water Facility, expansion of the existing North City Water Reclamation Plant from 30 mgd to 52 mgd, 30 mgd Pure Water Pump Station and Conveyance system to deliver pure water to Miramar Reservoir, and a 37 mgd pump station and forcemain on Morena Blvd, which will convey additional wastewater from the central area of San Diego to the North City Water Reclamation Plant. The Phase I project will also include an upgrade to the MBC Facility. The capacity and location of the Phase II Pure Water project will be determined once Phase II Pure Water Program validation is complete.",This project is needed to meet the new permit requirement stipulated in the 2015 Point Loma Wastewater Treatment Plant permit application and to reduce reliance on external water sources by providing an uninterruptable local water supply.,0,47754531,355620544,376723502,218806667,96691478,2244947
2020,Reclaimed Water System - Pipelines,309,Public Utilities,Recycled Water Systems Upgrades,,,Council District: Citywide; Community Plan: Citywide,86898,86899,This annual allocation provides for the upgrade and replacement of recycled water system components as necessary.,Replacement and upgrades are necessary for the ongoing operation of the recycled water system.,0,0,0,0,0,0,0
2020,Reclaimed Water System - Reservoirs,310,Public Utilities,Recycled Water Tank Modifications,,,Council District: 5 8; Community Plan: Scripps Miramar Ranch; Rancho Peñasquitos; Tijuana River Valley,1499999,1500000,"This project provides three recycled water tank drain modifications to comply with new regulatory requirements. The three tanks being modified: 9 million gallon Miramar Recycled Water Tank, 3 million gallon Black Mountain Ranch Tank, and .75 million gallon South Bay Reclamation Tank.",This project is needed in order to comply with the latest regulatory requirements of the Regional Water Quality Control Board that recycled water be drained to the sewer system rather than the storm drain system.,0,0,0,0,0,0,0
2020,Bldg - MWWD - Treatment Plants,311,Public Utilities,SBWR Plant Demineralization,,,Council District: 8; Community Plan: Tijuana River Valley,5973694,5973695,This project provides demineralization of reclaimed water using the Electrodialysis Reversal (EDR) process. The project relocated two trailer mounted EDR units from the North City Water Reclamation Plant to the South Bay Water Reclamation Plant to reduce the Total Dissolved Solids (TDS) in the reclaimed water. Approximately 33 percent of all Metro Sewer Utility Fund,The majority of reclaimed water is used for irrigation. Demineralization reduces the level of total dissolved solids in the reclaimed water.,0,0,0,0,0,0,0
2020,Bldg - Other City Facility / Structures,312,Public Utilities,Sewer CIP Emergency Reserve,,,Council District: Citywide; Community Plan: Citywide,11999999,12000000,This project is an emergency capital reserve intended to be used for emergency capital needs.,This reserve is required to comply with the City's reserve policy 100-20.,0,0,0,0,0,0,0
2020,Wastewater - Collection Sys - Main,313,Public Utilities,Sewer Main Replacements,2021,2025,Council District: Citywide; Community Plan: Citywide,254656817,505820171,This annual allocation provides for the replacement of deteriorated and undersized sewer mains at various locations within the Municipal Wastewater System.,This annual allocation provides for the replacement of sewer mains that are in a deteriorated condition or are undersized.,0,55904294,53319274,53020177,44544012,44375596,0
2020,Wastewater - Collection Sys - Trunk Swr,314,Public Utilities,South Mission Valley Trunk Sewer Ph II,2021,2026,Council District: 7; Community Plan: Mission Valley,0,14000000,"This project replaces approximately 1,800 Linear Feet (LF) of 24-inch with new 27- inch sewer mains, 800 LF of 24-inch with new 36-inch sewer mains, 6,900 LF of 27-inch with new 36-inch sewer mains, and installs new sewer mains of approximately 3,700 LF of 10-inch, 300 LF of 15-inch and 100 LF of 18-inch. Total miles are 2.6 and mains range from 15-inch to 36-inch.",This project is needed for inadequate capacity and potential sewer overflows.,0,100000,1000000,2500000,7000000,2400000,1000000
2020,Bldg - Water - Standpipes,315,Public Utilities,Standpipe and Reservoir Rehabilitations,2021,2024,Council District: Citywide; Community Plan: Citywide,25186832,75047667,"This annual allocation provides for rehabilitation, upgrades, and improvement projects at reservoirs, dams, and standpipes to improve operations and extend their service life.","The existing reservoirs, dams, and standpipes in the water system have deteriorated and need to be reconstructed or replaced to meet the current Occupational Safety and Health Act and Environmental Protection Agency safety and water quality standards.",0,3261000,10412249,18566778,17620807,0,0
2020,Wastewater - Collection Sys - Trunk Swr,316,Public Utilities,Tecolote Canyon Trunk Sewer Improvement,2021,2023,Council District: 2 6 7; Community Plan: Clairemont Mesa; Linda Vista,2179999,35000000,"This project upsizes approximately 3.3 miles of existing 15 to 21-inch vitrified clay (VC) sewer pipe to new 18 to 30 inch PVC in Tecolote Canyon to provide additional capacity, and to rehabilitate approximately 1.42 miles of existing 15-inch VC sewer pipe. An access path is also being designed and constructed as part of the project.",Improvements are needed to accommodate future flow capacity and address deteriorated conditions within the Tecolote Canyon Trunk Sewer.,0,2000000,16000000,14820000,0,0,0
2020,Bldg - Water - Pump Stations,317,Public Utilities,Tierrasanta (Via Dominique) Pump Station,2021,2021,Council District: 7; Community Plan: Tierrasanta,16093995,16283996,"This project provides for a new station with a total pump station capacity of 13.9 million gallons per day (mgd), and 2,900 feet of 16-inch transmission mains. It will replace the existing temporary Tierrasanta Pump Station and Via Dominique Pump Station, and will serve the Tierrasanta Norte 900 Zone and the Tierrasanta 752 Zone.",The existing pump stations are past their useful life and are heavily deteriorated and inefficient.,0,190000,0,0,0,0,0
2020,Water - Distribution Sys - Distribution,318,Public Utilities,University Ave Pipeline Replacement,,,Council District: 3; Community Plan: Uptown; North Park,27549999,27550000,"This project replaces 23,072 linear feet of the existing cast iron University Avenue Pipeline with a new 16-inch distribution line along the entire alignment of the pipeline. This project will connect crossing distribution lines at all intersections, and re-connect all services, including tunneling at State Route 163.",This project will replace the existing deteriorated cast iron pipe. The University Avenue Pipeline was built in 1912 and lined with concrete in 1974. The replacement of cast-iron pipes is mandated by the California Department of Public Health's (CDPH) Compliance Order. The new pipeline will provide supply reliability and improve water quality.,0,0,0,0,0,0,0
2020,Bldg - Water - Reservoirs/Dams,319,Public Utilities,University Heights Reservoir Rehabilitation,2021,2024,Council District: 3; Community Plan: North Park,999999,18200000,"Install Supervisory Control and Data Acquisition (SCADA) and instruments, install valves, update the Valve Building, install mixing appurtenance, and fix structural issues with reservoir.","The Reservoir needs repairs to remain in service, the yard-piping needs to be reconfigured to connect to the proposed Otay 1st and 2nd Pipelines West of Highland Avenue Project, and address water quality issues.",0,1000000,4400000,7300000,4500000,0,0
2020,Wastewater - Collection Sys - Main,320,Public Utilities,Unscheduled Projects,,,Council District: Citywide; Community Plan: Citywide,9051214,9051215,This annual allocation provides for the repair and replacement of municipal and metropolitan sewers in need of emergency repairs.,This annual allocation provides for emergency repairs and replacement of sewer pipeline to avoid failures of the Municipal and Metropolitan Sewer System.,0,0,0,0,0,0,0
2020,Water - Distribution Sys - Distribution,321,Public Utilities,Upas St Pipeline Replacement,,,Council District: 2 3; Community Plan: Uptown; Greater North Park; Midway - Pacific Highway,37387985,37387986,"This project replaces 5.67 miles of cast iron mains along the Upas Street Pipeline from Ray Street to Pacific Highway, as well as portions of the 5th Avenue pipeline and the Park Boulevard pipeline. This project also installs one new pressure reducing station and replaces three existing pressure reducing stations.",This project will replace the existing deteriorated cast iron pipe. The new pipeline will improve supply reliability and water quality.,0,0,0,0,0,0,0
2020,Water - Distribution Sys - Distribution,322,Public Utilities,Water & Sewer Group Job 816 (W),,,Council District: 2; Community Plan: Pacific Beach,18199391,18199392,"This project is in the Pacific Beach Community and provides for the replacement and expansion of 30,879 linear feet of various pipe materials and sizes. This project also installs curb ramps and paving due to modifications to a pressure reducing station.",The majority of Pacific Beach Community pipelines are made of cast iron and are due for replacement in accordance with California Department of Public Health's (CDPH) Compliance Order. This project is intended to reduce maintenance and improve service.,0,0,0,0,0,0,0
2020,Bldg - Other City Facility / Structures,323,Public Utilities,Water CIP Emergency Reserve,,,Council District: Citywide; Community Plan: Citywide,5000000,5000000,This annual allocation provides for an emergency financial reserve for Water Fund capital improvement projects.,This reserve is required to comply with the City's reserve policy 100-20.,0,0,0,0,0,0,0
2020,Bldg - Operations Facility / Structures,324,Public Utilities,Water Department Security Upgrades,2021,2021,Council District: Citywide; Community Plan: Citywide,7565061,8565061,This project provides for the design and installation of miscellaneous security systems at various facilities.,"This project provides for the deterrence, detection, and apprehension of unauthorized personnel in order to maintain a safe and secure water system.",0,1000000,0,0,0,0,0
2020,Water - Distribution Sys - Distribution,325,Public Utilities,Water Main Replacements,2021,2025,Council District: Citywide; Community Plan: Citywide,370940884,725520577,This annual allocation allows for the replacement of water mains at various locations throughout the City.,Water mains require replacement due to their deteriorated condition or size limitation. The existing pipeline is either approaching or has exceeded its expected life. The replacement of cast iron pipes is mandated by the California Department of Public Health's (CDPH) Compliance Order.,0,85972504,69159892,79760385,58827303,60859608,0
2020,Bldg - Water - Pump Stations,326,Public Utilities,Water Pump Station Restoration,2021,2024,Council District: Citywide; Community Plan: Citywide,25179560,49237123,This annual allocation provides for replacing deteriorated pumping equipment and appurtenances or expanding pumping capacities to meet present and future water demands.,"Many existing water pump stations have reached or exceeded their anticipated service life or demands have exceeded their maximum pumping capacity. However, because of the widely varying actual lengths of service life, scheduling for pump station restoration is difficult.",0,800000,2467297,6571229,14219036,0,0
2020,Water - Distribution Sys - Distribution,327,Public Utilities,Water SCADA Upgrade Phase I,2021,2026,Council District: Citywide; Community Plan: Citywide,0,16100000,This project will replace and upgrade the existing Supervisory Control and Data Acquisition (SCADA) equipment for the water system.,The current system is over 20 years old and obsolete. The new system will enhance monitoring and control capabilities.,0,500000,1200000,4000000,8000000,2000000,400000
2020,Bldg - Water - Treatment Plants,328,Public Utilities,Water Treatment Plants,2022,2024,Council District: 5 7 Non City; Community Plan: Scripps Miramar Ranch; Navajo; Non City,2769965,19316153,"This annual allocation provides for upgrades and replacement of the treatment facilities at Alvarado, Miramar, and Otay water treatment plants.",These improvements are necessary to ensure a reliable water supply to the customers and for compliance under the Safe Drinking Water Act.,0,0,2327448,2725967,11492772,0,0
2020,Bldg - Other City Facility / Structures,337,Real Estate Assets - Facilities Services,Palm Avenue Transitional Housing,,,Council District: 8; Community Plan: Otay Mesa - Nestor,6499999,6500000,This project converts an existing motel building into a transitional housing community for the SMART Program.,"SMART is an innovative program that provides homeless low-level misdemeanor offenders with housing, case management, job training, and other supportive services required to end the cycle of homelessness.",0,0,0,0,0,0,0
2020,Drainage - Storm Drain Pipes,345,Storm Water,Alta La Jolla Drive Drainage Repair PhII,,,Council District: 1; Community Plan: La Jolla,6206104,6206105,This project will repair the erosion and damage to the lower La Jolla Canyon bounded by Alta La Jolla Drive and the cul-de-sac at Vickie Drive.,This project is part of the settlement agreement and limited release entered into by the La Jolla Alta Master Council and the City of San Diego.,0,0,0,0,0,0,0
2020,Drainage - Storm Drain Pipes,346,Storm Water,Drainage Projects,2021,2025,Council District: Citywide; Community Plan: Citywide,97384234,633222676,This annual allocation provides for reconstructing or replacing failed or undersized drainage facilities citywide.,"This project provides for the high priority redesign and reconstruction of existing storm drain structures. There are currently over 900 miles of storm drains in the City of San Diego. These storm drains can fail because of a variety of reasons (system material, age, earth movement, etc.). The Operations and Maintenance Section of the Storm Water Division regularly cleans these systems and performs minor repairs; however, storm drain systems that require redesign and reconstruction are often encountered.",494845710,36992732,1000000,1000000,1000000,1000000,0
2020,Drainage - Storm Drain Pipes,347,Storm Water,Hayes Ave Storm Drain,,,Council District: 3; Community Plan: Uptown,1399099,1399100,This project provides for improved flood control by upgrading the existing pipe along Hayes Avenue.,This project will alleviate frequent flooding during normal storm events because of the current undersized storm drain pipe.,0,0,0,0,0,0,0
2020,Drainage - Channels,348,Storm Water,Maple Canyon Storm Drain Upgrade,,,Council District: 3; Community Plan: Centre City; Uptown,250000,30250000,"Project aims to realign and upgrade approximately 3,000 feet of existing drainage system between the San Diego Airport, a private industrial Facility, and Pacific Highway.",The existing alignment of the pipes prevents maintenance and repairs from occurring because a large portion of the system flows underneath a private property. The system is significantly undersized to convey the flow and sediment coming from the large connected tributary Maple Canyon watershed located upstream of the project which historically caused severe flooding in the project area resulting in significant property damage.,30000000,0,0,0,0,0,0
2020,Drainage - Best Mgt Practices (BMPs),349,Storm Water,Watershed CIP,2021,2021,Council District: Citywide; Community Plan: Clairemont Mesa,27335632,544253600,"This annual allocation provides for the design and construction of watershed capital projects. These projects, in conjunction with non-structural water quality projects, address storm drain discharge water quality standards.",The purpose of these projects is to remove pollutants from storm water before it enters the City's public waterways or to reuse the storm water and keep it from entering public waterways. This results in reduced pollutants entering the ocean and various San Diego rivers and bays. These projects satisfy watershed-based water quality activity requirements in the Regional Water Quality Control Board's Municipal Storm Water National Pollutant Discharge Elimination System (NPDES) permit.,512019226,4898741,0,0,0,0,0
2020,Bldg - Other City Facility / Structures,357,Sustainability,Citywide Energy Improvements,2022,2024,Council District: Citywide; Community Plan: Citywide,31732349,33232349,"This annual allocation will provide for energy efficiency improvements in City facilities. Projects typically address lighting, air conditioning, chiller, pumping and fan systems, invertors, and City-owned solar systems. Newer, more efficient technologies greatly reduce energy consumption.","Energy efficiency improvements repay capital costs in one to nine years, depending upon the project. The energy savings continue each year thereafter. Energy audits are performed in a variety of City-owned facilities to identify opportunities for energy savings.",0,0,500000,500000,500000,0,0
2020,Trans - Roadway - Enhance/Scape/Medians,368,Transportation,Balboa Avenue Corridor Improvements,,,Council District: 2 6; Community Plan: Clairemont Mesa; Kearny Mesa,3063986,3063987,"This project provides improvements to Balboa Avenue (formerly known as State Route 274). The project is located between Interstate 5 and Interstate 805. The project will provide new sidewalks, improvements to curb ramps and medians, modification of existing traffic signals, bicycle facility improvements, and traffic calming measures through the corridor. The sidewalk improvement between Mount Culebra Avenue and Mount Everest Boulevard, and the addition of new Pedestrian Countdown Timers at various intersections between Interstate 5 and Interstate 805 have been completed. The second phase of improvements will consist of traffic signal modifications, landscaping of existing median, and various pedestrian improvements.",This project is funded by a State contribution agreement as part of the relinquishment of State Route 274 to the City of San Diego.,0,0,0,0,0,0,0
2020,Trans - Bicycle Facilities (All Class.),369,Transportation,Bicycle Facilities,2021,2021,Council District: Citywide; Community Plan: Citywide,19199653,130897054,"This annual allocation provides for the installation of bike facilities including Class I, Class II, Class III, and Class IV bike facilities that are capital in nature, throughout the City.",This project will provide funding for various capital bike facilities.,104697400,7000000,0,0,0,0,0
2020,Trans - Roadway - GRails/BRails/Safety,370,Transportation,Bridge Rehabilitation,2021,2026,Council District: Citywide; Community Plan: Citywide,8735572,33351906,"This annual allocation provides for the widening, replacement, or retrofitting of miscellaneous bridge rehabilitation projects.",This project maintains an ongoing program to promote safety on City bridges. Funding is provided on an on-going basis.,12956493,555606,231567,1568674,200000,200000,8903993
2020,Trans - Roadway,371,Transportation,Bus Stop Improvements,2022,2025,Council District: Citywide; Community Plan: Citywide,4942,680942,This annual allocation will provide for the installation of improvements such as bus pads and sidewalks near bus stops citywide. This project is funded by the City's share of bus stop advertising revenue. Funding for the project was provided per terms of an agreement with San Diego Metropolitan Transit System (MTS) in Fiscal Years 2010 through 2015. This agreement was extended through Fiscal Year 2024.,"Pavement at bus stops may be damaged by rippling and potholing caused by friction from bus tires when buses decelerate, accelerate, or turn. This project provides for replacing paving at bus stops with stronger pavement sections. This extends pavement life and reduces maintenance costs. Also, this project may include sidewalk betterments at bus stops that improve access and bus passenger loading area.",0,0,106000,190000,190000,190000,0
2020,Trans - Roadway,372,Transportation,Camino del Sur Widening (CV Rd S. to SR-56),,,Council District: 5; Community Plan: Black Mountain Ranch,3424316,3424316,This project provides for reimbursement to a developer for design and construction of the widening Camino Del Sur from Carmel Valley Road south to the SR-56 which completes the six-lane facility. This is project T-14 in the Black Mountain Ranch Public Facilities Financing Plan.,This facility is required to accommodate traffic generated by new development in Black Mountain Ranch and surrounding communities as well as existing sub-regional traffic needs.,0,0,0,0,0,0,0
2020,Trans - Bicycle Facilities (All Class.),373,Transportation,Carmel Country Road Low Flow Channel,,,Council District: 1; Community Plan: Carmel Valley,2711999,2712000,This project provides for raising the elevation of an existing bike path crossing over Carmel Creek.,This project will provide for relief of water pooling under the Carmel Country Road Bridge and to the east of the bridge on the Palacio Del Mar property. This condition has created a health and safety issue for area residents.,0,0,0,0,0,0,0
2020,Trans - Roadway,374,Transportation,Carmel Mountain Road (T-5.2),,,Council District: 5 6; Community Plan: Torrey Highlands,3394720,3394721,"This project provides for reimbursement to a developer for the design and construction of Carmel Mountain Road as a four-lane major street, complete with median improvements from Camino Del Sur to the existing terminus of this roadway in Rancho Peñasquitos. This is Project T-5.2 in the Torrey Highlands Public Facilities Financing Plan.",This facility is required to accommodate traffic generated by new development in Torrey Highlands and surrounding communities as well as existing sub-regional traffic needs.,0,0,0,0,0,0,0
2020,Trans - Roadway,375,Transportation,Carmel V Rd Widening (BMR-Cam Crisalida),,,Council District: 5; Community Plan: Black Mountain Ranch,1031015,1031015,This project provides for reimbursement to a developer for the design and construction of the additional two lanes of Carmel Valley Rd. from Black Mountain Rd. east to Camino Crisalida. This is project T-25.3 in the Black Mountain Ranch Public Facilities Financing Plan.,This project implements the Black Mountain Ranch Subarea Plan and associated Transportation Phasing Plans.,0,0,0,0,0,0,0
2020,Trans - Roadway,376,Transportation,Carmel Valley Rd 4/6 Lanes s of Street A,,,Council District: 1; Community Plan: Torrey Highlands; Pacific Highlands Ranch,7084999,7085000,"This reimbursement project provides for the design and construction of Carmel Valley Road from the Camino Santa Fe Interchange to Del Mar Heights Road as a six-lane facility within a 146-foot right-of-way transitioning to a four-lane facility within a 122-foot right-of-way (4,000 linear feet). The expanded right-of-way will permit widening of up to 24 additional feet for a future transit-oriented facility. In the interim, these two-lanes shall be landscaped and incorporated into the center median improvements. See Pacific Highlands Ranch Public Facilities Financing Plan Project T- 4.2.","Due to anticipated traffic volumes on Carmel Valley Road, the portion between SR- 56 and Del Mar Heights Road will be constructed as a six-lane facility, in two phases, as required by the Transportation Phasing.",0,0,0,0,0,0,0
2020,Trans - Roadway,377,Transportation,Carmel Vly Rd E Wildlife Xing,,,Council District: 5; Community Plan: Black Mountain Ranch,617972,617972,This project provides for reimbursement to a developer for the design and construction of a large span bridge on Carmel Valley Road to provide for an open space linkage and accommodate a regional wildlife corridor. This is project T-27 in the Black Mountain Ranch Public Facilities Financing Plan.,This project implements the Black Mountain Ranch Subarea Plan and associated Transportation Phasing Plans.,0,0,0,0,0,0,0
2020,Trans - Roadway,378,Transportation,,,,Council District: 5; Community Plan: Torrey Highlands,1774057,1774058,This project provides for reimbursement to a developer for the design and construction of two additional travel lanes for Carmel Valley Road. The first increment occurred at each end of this reach to accommodate intersection requirements. The second increment extends the widening in the middle portion of this roadway to accommodate future transit use per the community plan. Timing of each increment of widening will be based on the transportation phasing plan. This is Project T-4.4 in the Torrey Highlands Public Facilities Financing Plan (PFFP) and Project T-22.2 in the Black Mountain Ranch PFFP.,This facility is required to accommodate traffic generated by new development in Torrey Highlands and surrounding communities as well as existing sub-regional traffic needs.,0,0,0,0,0,0,0
2020,Trans - Bridge - Vehicular,379,Transportation,Carroll Cyn Rd,,,Council District: 1 6; Community Plan: Mira Mesa; Torrey Pines,20768153,20768153,"This project provides for a modified four-lane collector street from Sorrento Valley Road, under Interstate 805, to Scranton Road as part of a joint project with Caltrans. Carroll Canyon Road will include Class II bike lanes and direct access ramps onto Interstate 805 from Carroll Canyon Road to the Interstate 5 interchange. This is project T-29 in the Mira Mesa Public Facilities Financing Plan.","The Carroll Canyon Road extension project is necessary according to the community plan and the average daily trip forecast of 25,000 vehicles per day. Currently, there is no roadway and the traffic is pushed to Mira Mesa Boulevard, which is over capacity. This project will improve traffic circulation in the area.",0,0,0,0,0,0,0
2020,Trans - Ped Fac - Sidewalks,380,Transportation,City Heights Pedestrian Improvements,,,Council District: 9; Community Plan: Mid-City: City Heights,3468672,3468672,"This project will remove, replace and install new sidewalks, curbs, gutters and pedestrian ramps. New streetlights will be installed as needed. Streets impacted by construction will be repaved. The City Heights Pedestrian Improvement Projects includes improvement projects in the Colina Del Sol area and on East Euclid Avenue.","This project will advance the visions and goals of the community by improving public safety by providing streetlights; improving walkability by installing sidewalks, curbs, gutters, street improvements, and ADA pedestrian ramps; providing essential capital improvements for an area with a high percentage of low and moderate-income families, as well as, disabled persons who rely heavily on walking as a means of travel while helping to develop a cohesive and attractive walking system that provides links within the area and to surrounding neighborhoods.",0,0,0,0,0,0,0
2020,Trans - Ped Fac - Sidewalks,381,Transportation,City Heights Sidewalks and Streetlights,,,Council District: 9; Community Plan: Mid-City: City Heights,999999,1000000,"The City Heights Sidewalks and Streetlights project will provide for hardscape improvements mainly along East Euclid Avenue. The project will remove, replace and install new sidewalks, curbs, gutters and pedestrian ramps. New streetlights will be installed as needed. Streets impacted by construction will be repaved.","This project will improve public safety by providing streetlights; improving walkability by installing sidewalks, curbs, gutters, street improvements, and ADA pedestrian ramps; providing essential capital improvements for the area.",0,0,0,0,0,0,0
2020,Trans - Roadway,382,Transportation,Cmo Del Sur Wide-San Dieguito-Carmel Valley,,,Council District: 5; Community Plan: Black Mountain Ranch,364350,364350,This project provides for reimbursement to a developer for the design and construction of the additional two lanes of Camino Del Sur from San Dieguito Rd. to Carmel Valley Rd. This is project T-10 in the Black Mountain Ranch Public Facilities Financing Plan.,This project implements the Black Mountain Ranch Subarea Plan and associated Transportation Phasing Plans.,0,0,0,0,0,0,0
2020,Trans - Roadway,383,Transportation,Cmo Del Sur Wildlife Xing(San Dieguito),,,Council District: 5; Community Plan: Black Mountain Ranch,623392,623392,This project provides for reimbursement to a developer for the design and construction of the additional width for the wildlife crossing under Camino Del Sur to allow for the widening of Camino Del Sur from San Dieguito Rd. to Carmel Valley Rd. This is project T-12 in the Black Mountain Ranch Public Facilities Financing Plan.,This project implements the Black Mountain Ranch Subarea Plan and associated Transportation Phasing Plans.,0,0,0,0,0,0,0
2020,Trans - Roadway,384,Transportation,Cmo San Bern (Nicole Rd E-City Limit),,,Council District: 5; Community Plan: Black Mountain Ranch,299258,299258,This project provides for reimbursement to a developer for the design and construction of Camino San Bernardo as a two-lane collector from Nighthawk Lane and Nicole Ridge Road. This is project T-47.2 in the Black Mountain Ranch Public Facilities Financing Plan.,This project implements the Black Mountain Ranch Subarea Plan and associated Transportation Phasing Plans.,0,0,0,0,0,0,0
2020,Trans - Bicycle Facilities (All Class.),385,Transportation,Coastal Rail Trail,2021,2022,Council District: 1; Community Plan: La Jolla,5043421,25043422,"This project is the Gilman Drive segment of the regional 40-mile bicycle corridor. The proposed alignment will follow Gilman Drive between La Jolla Village Drive and Interstate 5, installing a one-way protected cycle-track in each direction and a continuous sidewalk on the west side of the road.","This project is part of a larger multi-jurisdictional project, which proposes a bikeway along the coast in the cities of Oceanside, Encinitas, Solana Beach, Carlsbad, Del Mar, and San Diego. It is intended to provide regional connectivity for both commuting bicyclists and recreational activities.",0,4500000,15500000,0,0,0,0
2020,Trans - Roadway,386,Transportation,Del Sol Boulevard-Central,,,Council District: 8; Community Plan: Otay Mesa,5529194,5529194,"This project provides for construction of the central section of Del Sol Boulevard from the eastern boundary of Palm Ridge through the Multiple Species Conservation Program (MSCP) open space, and along the frontage of the proposed community park, elementary, and middle school site. The roadway will consist of 800 linear feet of a two-lane collector street and 2,000 linear feet of a four-lane collector street. Phase I will construct approximately 1,000 linear feet of new road west of Surfcrest Drive along the frontage of the new school. Phase II of this project will be constructed in a new project.","The transportation element of the Otay Mesa Community Plan suggests that an integrated transportation network will provide mobility and accessibility for the residents and business travelers to, from, and through the community. See companion projects T-4.1 and T-4.2 in the Otay Mesa Public Facilities Financing Plan.",0,0,0,0,0,0,0
2020,Trans - Bridge - Vehicular,387,Transportation,El Camino Real to ViaDeLaValle (1/2 mile),2021,2025,Council District: 1; Community Plan: N Cty Future Urbanizing Area - Subarea 2,11631796,37949391,This project provides for replacing the existing two-lane bridge with a four-lane bridge and widening the existing two-lane roadway to a modified four-lane major road. This project will also provide for improvements on eastbound Via de la Valle as far as northbound El Camino Real.,"This project will replace the existing bridge and modify the segment of El Camino Real between Via de la Valle and San Dieguito Road in order to ensure a structurally sound bridge over the San Dieguito river, alleviate problems associated with high flood events, improve pedestrian and vehicular access to nearby coastal and recreational resources, relieve traffic congestion, and improve consistency with the adopted land-use plan for the project area.",2519936,1992000,20695658,0,0,1110000,0
2020,Trans - Roadway,388,Transportation,Euclid Avenue & Home Improvements,,,Council District: 9; Community Plan: Mid-City: Normal Heights,1032739,1032739,"This project provides for street improvements recommended in the Euclid Avenue Revitalization Program and the Mid-City Community Plan. Improvements will extend from Home Avenue to Thorn Street and will include curb, gutter, sidewalk, paving, traffic calming installations, and landscape.","Euclid Avenue carries a traffic volume in excess of its design capacity, resulting in significant congestion, which impacts neighboring properties. Traffic speed, volume, and a deficiency in pedestrian infrastructure compromise pedestrian safety.",0,0,0,0,0,0,0
2020,Trans - Bridge - Vehicular,389,Transportation,Genesee Avenue Widen I-5 Crossing,,,Council District: 1; Community Plan: University,22587666,22587667,"This project provides for widening Genesee Avenue to six lanes plus dual turn lanes and replacing the existing Genesee Avenue overcrossing with a higher, wider (124-foot) structure and the modification of the existing ramps. The environmental document will also clear additional Interstate 5 Corridor improvements including auxiliary lanes on both sides of the freeway, north and south of Genesee Avenue, and the replacement of the Voight Drive Overcrossing.",This project is needed to improve traffic flow. It is included in the Council-approved North University City Public Facilities Financing Plan (PFFP) as Project Number 24.,0,0,0,0,0,0,0
2020,Trans - Bridge - Vehicular,390,Transportation,Georgia Street Bridge Improvements,,,Council District: 3; Community Plan: Greater North Park,16700587,16700588,This project provides for seismic and structural improvements of the bridge and the adjacent retaining walls.,This bridge has severe spalling due to age and has severe height limitations which need to be corrected. Trucks continue to hit the low arches of the bridge.,0,0,0,0,0,0,0
2020,Trans - Roadway - GRails/BRails/Safety,391,Transportation,Guard Rails,2022,2022,Council District: Citywide; Community Plan: Citywide,2533557,3800258,This annual allocation provides for installing new and replacing old guard rails along streets where needed.,The City maintains an ongoing program to promote safety within the public right- of-way. Analysis of accident patterns at a particular location will occasionally show that some minor improvements in the area would help to reduce the number and/or severity of accidents. This annual allocation provides the flexibility necessary for timely initiation of such improvements.,446800,0,819900,0,0,0,0
2020,Trans - Signals - Traffic Signals,392,Transportation,Install T/S Interconnect Systems,2022,2025,Council District: Citywide; Community Plan: Citywide,9215603,133056004,"This annual allocation provides for the installation of, and modifications to, traffic signal interconnect systems citywide.",This project provides for increased traffic signal coordination which will reduce traffic congestion.,123440400,0,100000,100000,100000,100000,0
2020,Trans - Roadway - Street Lighting,393,Transportation,Installation of City Owned Street Lights,2021,2025,Council District: Citywide; Community Plan: Citywide,6431711,184836008,"This annual allocation provides for the installation of new street lights, and the replacement of existing street lights, where needed.","Additional street lights will increase the level of lighting for motorists, bicyclists, and pedestrians on public streets.",176040400,1563897,200000,200000,200000,200000,0
2020,Trans - Bicycle Facilities (All Class.),394,Transportation,Interstate 5 Underpass-Bikeway,,,Council District: 1; Community Plan: Carmel Valley,2250000,2250000,"This project will link two existing bike/pedestrian paths: the regional bike connection that runs parallel to State Route 56 corridor and the Sorrento Valley Road multi-use bike/pedestrian path; and will pass under Interstate 5, just south of the Carmel Mountain Road interchange.","Currently, cyclists and pedestrians must use the shoulders of Carmel Valley Road to access the west side of Interstate 5. High traffic volumes coupled with commercial driveways and freeway ramps make it difficult for pedestrians and cyclists to travel from one side of the freeway to the other.",0,0,0,0,0,0,0
2020,Trans - Roadway,395,Transportation,Juan Street Concrete Street,,,Council District: 3; Community Plan: Old San Diego; Uptown,8354842,8354843,"This project provides for the replacement of the existing concrete pavement on Juan Street from Taylor Street to Sunset Road. The improvements include the construction of curb, gutter, curb ramps, sidewalks (east and west sides), underground utilities, and replacement of the water mains, as well as construction of a new storm drain system.",This project is needed to reconstruct the roadway due to deterioration of the existing roadway. This project location is one of the lowest rated non-residential concrete streets within the City based on Overall Condition Index (OCI) rating.,0,0,0,0,0,0,0
2020,Trans - Bridge - Vehicular,396,Transportation,La Jolla Village Drive-I-805 Ramps,,,Council District: 1; Community Plan: University,23974535,23974536,"This project converts the existing La Jolla Village Drive/Interstate 805 full cloverleaf interchange configuration to a partial cloverleaf configuration, including widening the overpass structure and approaches to provide three through lanes with an auxiliary lane in each direction. The project also provides for widening La Jolla Village Drive to eight lanes and constructing three lanes to the southbound on-ramp. Bike lanes will be included.",This project is needed to improve traffic circulation and safety in the University community per the North University City Public Facilities Financing Plan - Project C.,0,0,0,0,0,0,0
2020,Trans - Roads/Widening/Reconfiguration,397,Transportation,La Media Road Improvements,2021,2021,Council District: 8; Community Plan: Otay Mesa,15283237,42700000,"This project will widen La Media Road between SR-905 to Siempre Viva Road. La Media Road will be widened to a six-lane primary arterial from SR-905 to Airway Road, a five-lane major between Airway Road and Siempre Viva Road with three southbound lanes and two northbound lanes. This project will also improve drainage at the intersection of La Media Road and Airway Road. This project may be built in phases, which will be determined by design and funding at a later date. Improvements from Siempre Viva to Otay Truck Route will be constructed under a different project.",La Media Road is part of the designated Truck Route for the Otay Mesa Port of Entry. These improvements are needed to accommodate future development and future truck traffic.,26689262,727500,0,0,0,0,0
2020,Trans - Roadway,398,Transportation,Linda Vista,,,Council District: 6; Community Plan: Linda Vista,1109720,1109721,This project provides for lengthening the Genesee Avenue westbound left-turn lanes to 300 feet and re-striping Genesee Avenue to provide an exclusive eastbound right-turn lane. It will also widen Linda Vista Road to provide an exclusive northbound right-turn lane.,This project will improve the traffic flow through the intersection.,0,0,0,0,0,0,0
2020,Trans - Ped Fac - Sidewalks,399,Transportation,Market St-Euclid to Pitta-Improvements,,,Council District: 4; Community Plan: Southeastern (Encanto Neighborhoods),592499,5569100,"This project provides for sidewalks, curb ramps, bicycle facility improvements, and additional streetlights on Market Street between Euclid Avenue and Pitta Street.",Improvements are needed on Market Street between Euclid Avenue and Pitta Street to enhance safety for bicycles and pedestrians. The project location is close to Malcolm X Library and Elementary Institute of Science.,4976600,0,0,0,0,0,0
2020,Trans - Roadway - Enhance/Scape/Medians,400,Transportation,Market Street-47th to Euclid-Complete Street,2021,2021,Council District: 4; Community Plan: Southeastern (Encanto Neighborhoods),7805083,9805084,"This project provides pedestrian and bicycle focused infrastructure improvements to portions of three auto-oriented streets, including: Euclid Avenue, between Naranja Street and Guymon Street; Market Street, from 47th Street to east of Euclid Avenue; and Guymon Street in front of Horton Elementary School.",The purpose of this project is to increase the safety of children walking and cycling to school at Horton Elementary and Millennial Tech Middle School; and make it more likely for community residents and visitors to choose walking or cycling as their mode of transportation to move within the community and access various destinations.,0,2000000,0,0,0,0,0
2020,Trans - Roadway - Enhance/Scape/Medians,401,Transportation,Median Installation,2021,2025,Council District: Citywide; Community Plan: Citywide,5488600,19018601,"This annual allocation provides for the installation and improvements of medians, traffic circles, and roundabouts citywide.","This project provides for safety improvements where medians, traffic circles, and roundabouts are warranted.",9030000,500000,1000000,1000000,1000000,1000000,0
2020,Trans - Roadway,402,Transportation,Miramar Road-I-805 Easterly Ramps,,,Council District: 1; Community Plan: University,8394072,8394073,This two-phase project provides for widening Miramar Road to eight lanes from the Interstate 805 easterly on and off-ramps to 300 feet east of Eastgate Mall. It includes dual left- turn lanes at Eastgate Mall. Phase I constructed road improvements west of Eastgate Mall. Phase II will construct an exclusive right turn lane on westbound Miramar Road approaching Eastgate Mall and an exclusive right turn lane on southbound Eastgate Mall.,This project is needed to improve traffic flow and is included in the Council- approved North University City Community Plan and Facilities Benefit Assessment Document per the North University City Public Facilities Financing Plan - Project 50.,0,0,0,0,0,0,0
2020,Trans - Bridge - Vehicular,403,Transportation,N Torrey Pines Rd Bridge,,,Council District: 1; Community Plan: Torrey Pines,14760651,15060652,"This project provides for demolishing and reconstructing the North Torrey Pines Road Bridge over Los Peñasquitos Creek and for transitionally widening both road approaches from approximately 770 feet south of the bridge to 1,100 feet north of the bridge. Tidal action from Los Peñasquitos Lagoon is compromising beach access. Tidal action has become an issue due to the new configuration of the bridge span over the lagoon. Scouring of the access point from the State parking lot is an issue for State maintenance vehicles and beach patrons. Phase II of this project will include permanent repairs to the slope protection adjacent to the westerly pedestrian walkway of North Torrey Pines Road, as well as reconstructing the public beach access ramp under the bridge.",This project provides the replacement of the structurally deficient bridge to promote safe access and regular use.,300000,0,0,0,0,0,0
2020,Trans - Ped Fac - Sidewalks,404,Transportation,New Walkways,2021,2025,Council District: Citywide; Community Plan: Citywide,17541377,108891377,This annual allocation provides for the construction of new sidewalks citywide.,This project provides permanent sidewalks to promote pedestrian safety and access.,84850000,2500000,1000000,1000000,1000000,1000000,0
2020,Trans - Roadway,405,Transportation,Old Otay Mesa Road-Westerly,,,Council District: 8; Community Plan: Otay Mesa; Otay Mesa - Nestor,15827517,15827517,"The project is located south of State Route 905 and east of Interstate 805 along a portion of Otay Mesa Road extending east from the intersection of Hawken Drive and Otay Mesa Road and terminating just westerly of Crescent Bay Drive within the Otay Mesa Community Plan area (Council District 8). The roadway improvements will include widening and realigning an existing two-lane undivided road to a modified two lane local collector in accordance with the City of San Diego Street Design Manual; two striped vehicular travel lanes; two buffers; two Class II bicycle lanes; new sidewalks on each side of the roadway with curb and gutter; driveways; pedestrian ramps; street signage; utility relocations and adjustments; crib walls, faux-rock retaining walls, street lights, striping, and a new storm water drainage system. A guardrail and chain-link fencing will be constructed along the sidewalk on the north side of Otay Mesa Road for pedestrian safety. Street lighting will be installed. Disturbed areas will be revegetated with native plant species appropriate to the surrounding areas per the approved revegetation/erosion control plan.","The transportation element of the Otay Mesa Community Plan suggests that an integrated transportation network will provide mobility, accessibility, and safety for persons traveling to, from, and through the community.",0,0,0,0,0,0,0
2020,Trans - Roadway,406,Transportation,Otay Mesa Truck Route Phase 4,,,Council District: 8; Community Plan: Otay Mesa,16829297,26160000,The Otay Truck Route Eastern Phase provides for the construction of an additional lane to the existing Otay Truck Route between La Media Road and Drucker Lane. The Otay Truck Route Western Phase provides for the extension of the Truck Route (two lanes) along Britannia Boulevard from Britannia Court to the border and from Britannia Boulevard to La Media Road.,The Otay Truck Route Eastern and Western Phases will remove cargo traffic from local streets and further expedite international truck traffic southbound into Mexico at the Otay Mesa Port of Entry.,9330702,0,0,0,0,0,0
2020,Trans - Bridge - Vehicular,407,Transportation,Palm Avenue Interstate 805 Interchange,,,Council District: 8; Community Plan: Otay Mesa; Otay Mesa - Nestor,9118662,35618663,"This project provides for improving the Palm Avenue/Interstate 805 Interchange in three phases. The first phase has been completed which included restriping of travel lanes and signal modification. The second phase consists of environmental determination and design of the project, construction repairs to the bridge approaches and abutments; bridge widening to the south, installation of sidewalk and signals; restriping; and signage modifications. The second phase will also add a Class IV bicycle facility along Palm Avenue within the project's limits. The third phase, which will be completed in a separate project once funding is identified, consists of construction of the bridge widening to the north, relocation of north bound on/off ramps and widening of the two on-ramps. All phases of the project improvements are included in the Otay Mesa Public Facility Financing Plan (Projects T1.1, 1.2, 1.3, and 1.4).",This project is required to accommodate the additional traffic generated due to development in the Otay Mesa community. Improvements to this interchange will also help to reduce traffic volumes on State Route 905.,26500000,0,0,0,0,0,0
2020,Trans - Roadway,408,Transportation,Palm Avenue Roadway Improvements,,,Council District: 8; Community Plan: Otay Mesa - Nestor,4817208,4817209,"This project provides for vehicular and pedestrian safety improvements on Palm Avenue from Beyer Way to Del Cardo Avenue in two phases. Phase 1, from east of Beyer Way to Del Cardo Avenue, includes the installation of raised center medians, turn pockets, traffic signals, pedestrian refuge areas, crosswalks, striping, and signage. Phase 2 consists of vehicular and pedestrian safety improvements at the intersection of Palm Avenue and Beyer Way.",These improvements will benefit the community by increasing the safety and flow of traffic.,0,0,0,0,0,0,0
2020,Trans - Roadway,409,Transportation,Park Boulevard At-Grade Crossing,2021,2021,Council District: 3 8; Community Plan: Barrio Logan; Centre City,5755948,26755948,"This project provides for the extension of Park Boulevard to Harbor Drive and for the widening of Tony Gwynn Way. The project will construct new pavement, curb and gutter, sidewalks, pedestrian ramps, railroad track, railroad signals and signage, storm drain, and other various infrastructure adjacent to the project.","This project will open Park Boulevard to Harbor Drive, as part of the Ballpark Infrastructure Design/Build Agreement which closed the 8th Avenue crossing to Harbor Drive.",0,21000000,0,0,0,0,0
2020,Trans - Roadway,410,Transportation,Paseo Del Sur (Potomac Ridge Rd-CDS),,,Council District: 5; Community Plan: Black Mountain Ranch,1466809,1466809,This project provides for reimbursement to a developer for the design and construction of Paseo Del Sur as a two-lane collector street from Potomac Ridge Road to Camino Del Sur. This is project T-47.3 in the Black Mountain Ranch Public Facilities Financing Plan.,This project implements the Black Mountain Ranch Subarea Plan and associated Transportation Phasing Plans.,0,0,0,0,0,0,0
2020,Trans - Roadway,411,Transportation,Paseo Del Sur(Camino D Sur E to HS Entr),,,Council District: 5; Community Plan: Black Mountain Ranch,1545522,1545522,This project provides for reimbursement to a developer for the design and construction of Paseo Del Sur as a two-lane collector street from Babcock Street easterly to Del Norte High School entrance. This is project T-47.1 in the Black Mountain Ranch Public Facilities Financing Plan.,This project implements the Black Mountain Ranch Subarea Plan and associated Transportation Phasing Plans.,0,0,0,0,0,0,0
2020,Trans - Roadway,412,Transportation,Playa del Sol Parkway,,,Council District: 8; Community Plan: Otay Mesa,3119999,3120000,"This project provides for reimbursement to a developer for the design and construction of Playa Del Sol (Street “A”) from Ocean Hills Parkway to Otay Mesa Road as a four- lane major road. Improvements include pavement, raised median, sidewalk, curb and gutter, landscaping, storm drain facilities, and street lighting. This is project T-6.1 in the Otay Mesa Public Facilities Financing Plan.",This project implements the Otay Mesa Community Plan.,0,0,0,0,0,0,0
2020,Trans - Roadway,413,Transportation,Rancho Bernardo Rd Widening I-15,,,Council District: 5; Community Plan: Black Mountain Ranch,3050054,3050055,This project provides for reimbursement to a developer for the widening of a portion of Rancho Bernardo Road between the I-15 northbound ramps and Bernardo Center Drive to attain the six-lane major cross section identified in the adopted Subarea Plan. This is project T-40 in the Black Mountain Ranch Public Facilities Financing Plan.,This facility is required to accommodate traffic generated by new development in Black Mountain Ranch and surrounding communities as well as existing sub-regional traffic needs.,0,0,0,0,0,0,0
2020,Trans - Roadway,414,Transportation,Regents Rd Widening-Genesee to Executive,,,Council District: 1; Community Plan: University,8179999,8180000,"This project provides for widening Regents Road to a modified four-lane major street from Genesee Avenue to Executive Drive, relocation of the Genesee Avenue/Regents Road intersection to the east, and bike lanes.",This project is needed to improve traffic flow and is included in the Council- approved North University City Community Financing Plan - Project 13 and Facilities Benefit Assessment Document.,0,0,0,0,0,0,0
2020,Trans - Roadway,415,Transportation,Rosecrans Street Corridor Improvements,,,Council District: 2; Community Plan: Midway - Pacific Highway; Peninsula,1398325,1398325,"This project provides for improvements to the former State Route 209, which includes all or parts of Camino del Rio West, Rosecrans Street, Canon Street, Catalina Boulevard, and Cabrillo Memorial Drive. Project scope could include but is not limited to construction of sidewalks, modification of existing traffic signals, traffic calming measures, and bicycle facility improvements.",Redevelopment in the area resulted in increased traffic and pedestrian activity.,0,0,0,0,0,0,0
2020,Trans - Bridge - Vehicular,416,Transportation,Sea World Dr,,,Council District: 6; Community Plan: Mission Bay Park,1090537,120163108,"This project proposes to realign and widen the southbound off-ramp, reconfigure the off-ramp intersection to eliminate the free right turn onto Sea World Drive, widen the eastbound approach to the southbound on-ramp, and increase storage on the overcrossing for the eastbound to northbound left turn at the northbound on-ramp. In addition, this alternative proposes to provide a loop on ramp to northbound Interstate 5 from eastbound Sea World Drive. The eastbound and westbound approaches would be modified to provide required storage and the entire interchange would be relocated approximately 30-feet to the south to accommodate phased construction of a new overcrossing. In addition, when funding is identified, Sea World Drive will be widened to six lanes between Sea World Way and Interstate 5.",Widening Sea World Drive to six lanes and improving the Sea World Drive/Interstate 5 interchange are necessary to meet existing and forecasted traffic volumes.,119072571,0,0,0,0,0,0
2020,Trans - Ped Fac - Sidewalks,417,Transportation,Sidewalk Repair and Reconstruction,2021,2021,Council District: Citywide; Community Plan: Citywide,13468933,78168933,"This annual allocation provides for the replacement of damaged sidewalks, curbs, and gutters, as well as the installation of curb ramps, Citywide.","This project replaces damaged sidewalks, curbs, and gutters which contribute to the City's ongoing efforts to promote walking as a mode of transportation.",61400000,3300000,0,0,0,0,0
2020,Trans - Bridge - Vehicular,418,Transportation,SR 163,,,Council District: 6; Community Plan: Kearny Mesa,18346433,18346434,This project provides for improving Clairemont Mesa Boulevard/State Route 163 to six-lane prime arterial standards. Phase I of the project consists of bridge widening and ramp realignment on the eastern side of the interchange. Phase II consists of ramp realignment on the western side. The interchange will be re-configured to eliminate existing continuous-flow freeway connections and the ramps will be re-configured to intersect Clairemont Mesa Boulevard at standard signalized intersections. High-occupancy vehicle/bus bypass lanes will be incorporated on the on-ramps.,"These improvements will eliminate existing pedestrian/bike high-speed crossings and all vehicle, bike, and pedestrian moves will be controlled, thus improving safety. Transit movement through the interchange area will be greatly enhanced.",0,0,0,0,0,0,0
2020,Trans - Bridge - Vehicular,419,Transportation,SR 163,,,Council District: 7; Community Plan: Mission Valley,64080996,64080996,"This project provides for construction of a new southbound State Route 163 to westbound Friars Road off-ramp, widening of the Friars Road overcrossing structure to eight lanes extending to Frazee Road, construction of a third westbound lane on Friars Road to Fashion Valley Road, the addition of an exclusive right-turn lane on southbound Frazee Road to westbound Friars Road, other modifications to the existing on and off-ramps, and improvements to the existing State Route 163 southbound travel lanes to improve the weaving problems. This project also includes an auxiliary lane on southbound State Route 163 from Genesee Avenue to westbound Interstate 8, which requires major structural work to widen the bridge over the San Diego River. Additionally, over 5,300 feet of retaining walls will need to be constructed along State Route 163 and Friars Road, including one that is over 30 feet high. Friars Road widening and ramp improvements at Friars Road will be constructed with Phase I. All other improvements will be constructed in future phases as part of a separate project.",This project will alleviate some of the severe traffic delays along Friars Road due to new development in Mission Valley and the backup that occurs on the existing southbound off- ramp because of the weaving situation with the southbound on-ramp.,0,0,0,0,0,0,0
2020,Trans - Roadway,420,Transportation,SR94,,,Council District: 4; Community Plan: Southeastern (Encanto Neighborhoods),6569799,6569800,"The State Route 94/Euclid Avenue interchange is an uncontrolled intersection with higher than average accident rates. The Euclid Avenue overpass crosses State Route 94, one of the region’s most important east-west connections. The City of San Diego is considering improvements to the interchange to enhance safety features through this corridor and the optimization of the level of service for both Euclid Avenue and State Route 94.",The project will evaluate the State Route 94 / Euclid Avenue Interchange for improvements to enhance Level of Service of the interchange and safety improvement measures for all modes of transportation.,0,0,0,0,0,0,0
2020,Trans - Roadway,421,Transportation,State Route 56 Freeway Expansion,2026,2026,Council District: 1; Community Plan: Priority Category: N/A,22983842,123579843,This project provides for the conversion of the four-lane freeway into a six-lane facility. This project will be completed in multiple phases as funding becomes available.,"Due to the regional servicing nature of this freeway, it is anticipated that Federal, State, or other outside funding for this segment of SR-56 will be obtained. In the absence of these other funding sources, development within the individual subareas of the North City Future Urbanizing area may be required to advance the cost of this project. See Project Page T-1.2B in the Torrey Highlands Public Facilities Financing Plan.",90000000,0,0,0,0,0,10596000
2020,Trans - Roadway,422,Transportation,Streamview Drive Improvements,,,Council District: 4; Community Plan: Mid-City: City Heights,4449949,4449950,"This project provides for the installation of new raised median, new sidewalk including curb and gutter, and traffic circles on Streamview Drive from 54th Street to College Avenue. The first phase of the project is on Streamview Drive between Gayle Street and Lynn/Michael Streets.","This project provides for safety/capacity improvements on Streamview Drive from 54th Street to College Avenue to reduce excessive speeds, increase safety, and enhance visual impacts.",0,0,0,0,0,0,0
2020,Trans - Roadway,423,Transportation,Streamview Drive Improvements Phase 2,,,Council District: 4; Community Plan: Mid-City: Eastern Area,2701798,14562199,"This project provides for the installation of roundabouts, a new raised median, curb extensions, sidewalk, curb and gutter, driveways, drainage improvements, green infrastructure, signage, and striping on Streamview Drive from 54th Street to Lynn Street/Michael Street, and on Streamview Drive from Gayle Street to College Avenue. The first phase of the project, Streamview Drive between Gayle Street and Lynn/Michael Streets has been completed. The second phase of the project is located on Streamview Drive between 54th Street and Lynn/Michael Streets, and on Streamview Drive between Gayle Street and College Avenue.","This project provides for safety/capacity improvements on Streamview Drive from 54th Street to College Avenue to reduce excessive speeds, increase pedestrian and cyclist safety, and enhance visual impacts.",11860401,0,0,0,0,0,0
2020,Trans - Roadway - Street Lighting,424,Transportation,Street Light Circuit Upgrades,2021,2021,Council District: Citywide; Community Plan: Citywide,3413927,26713928,This annual allocation provides for the replacement of obsolete street light series circuits.,Series circuits are over 70 years old and no longer meet current standards and they constantly have maintenance problems which impact a large number of lights.,22300000,1000000,0,0,0,0,0
2020,Trans - Roadway,425,Transportation,Street Resurfacing and Reconstruction,2021,2025,Council District: Citywide; Community Plan: Citywide,167686295,503559648,"This annual allocation provides for roadway resurfacing, repair, and reconstruction including the repair and reconstruction of concrete streets.","This project provides for resurfacing, repair, and reconstruction of City streets, which are necessary to maintain the streets in serviceable condition and to mitigate roadway deterioration.",0,64673352,67800000,67800000,67800000,67800000,0
2020,Trans - Bridge - Vehicular,426,Transportation,Torrey Meadows Drive Overcrossing,,,Council District: 5; Community Plan: Torrey Highlands,15214999,15215000,"This project provides for the design and construction of a two-lane over crossing of Torrey Meadows Drive over State Route 56. This project will include the bridge approaches on each side of the bridge, approximately 200 linear feet of a two-lane local collector road, together with any right-of-way not previously acquired as part of the State Route 56 project. The City has a reimbursement agreement with the developer to provide design plans and construction specifications for future construction of the project.","This two-lane connection will provide access to the neighborhood park, elementary and high schools, and the local mixed-use zone for those properties south of State Route 56. The project should alleviate traffic congestion on the Camino Del Sur Interchange and provide enhanced traffic flow.",0,0,0,0,0,0,0
2020,Trans - Ped Fac - Sidewalks,427,Transportation,Torrey Pines Road Improvement Phase 2,,,Council District: 1; Community Plan: Torrey Pines,2127467,2127468,"This project provides an additional path of travel for pedestrians on the south side of Torrey Pines Road between Hillside Drive and Amalfi Street, provides a safe pedestrian crossing of Torrey Pines Road just westerly of Princess Drive, increases safety of bicyclists utilizing Buffered Bike Lanes along Torrey Pines Road from La Jolla Shores Drive to Amalfi Drive, and provides a gateway into the La Jolla Village area by installation of a painted stamped asphalt median between Roseland Drive and Hillside Drive.","Improvements are needed on Torrey Pines Road between La Jolla Parkway and Prospect Place in order to accommodate existing and future traffic volumes, and to provide for roadway features to enhance safety and traffic flow for vehicles, bicycles, and pedestrians. A corridor study has been completed and potential improvements have been identified to enhance traffic safety and walkability along the Torrey Pines Road.",0,0,0,0,0,0,0
2020,Trans - Roadway - Erosion/Slope/Ret Wall,428,Transportation,Torrey Pines Road Slope Restoration,,,Council District: 1; Community Plan: La Jolla,4597719,4597720,This project provides for reconstructing a 350-foot section of earthen slope along the south side of Torrey Pines Road between Little Street and Roseland Drive.,The existing slope is eroding. This project will eliminate the possibility of soil slough landing in the travel lane of a primary arterial street.,0,0,0,0,0,0,0
2020,Trans - Signals - Calming/Speed Abatemt,429,Transportation,Traffic Calming,2021,2025,Council District: Citywide; Community Plan: Citywide,6729238,15745238,This annual allocation provides for installing traffic control measures on an as- needed basis. These improvements respond to a variety of traffic concerns such as speeding motorists and shortcutting traffic. Solutions used may include the construction of rectangular rapid flashing beacons and geometric design features such as road humps and traffic islands.,"This annual allocation is needed to improve safety by mitigating traffic problems on streets such as speeding, shortcutting traffic, and the need for increased pedestrian safety.",6516000,500000,500000,500000,500000,500000,0
2020,Trans - Signals - Traffic Signals,430,Transportation,Traffic Signals - Citywide,2021,2025,Council District: Citywide; Community Plan: Citywide,7892286,18558386,This annual allocation provides for the installation of traffic signals and HAWK beacons at high-priority locations and the City's share of the costs of traffic signals undertaken in cooperation with others.,"The City maintains an inventory of candidate intersections which are periodically surveyed for significant changes in operating conditions. Installing traffic signals in select intersections provides for the orderly movement of traffic, increased traffic handling capacity, reduced frequency of accidents, and for improved traffic flow. Signals also permit vehicles and pedestrians from a minor street to enter or cross continuous traffic on the major street. The criteria for installing traffic signals are governed by Council Policy 200-6.",6666100,1000000,750000,750000,750000,750000,0
2020,Trans - Signals - Traffic Signals,431,Transportation,Traffic Signals Modification,2021,2025,Council District: Citywide; Community Plan: Citywide,8476272,21987272,"This annual allocation provides for upgrading existing traffic signals as necessary to improve traffic flow and promote safety. Improvements may include conversion from post- mounted to mast-arm-mounted indicators, addition of accessible pedestrian signals, and additional phases to accommodate separate turning moves.","The City maintains an ongoing program to promote safety within the public right- of-way. Analysis of accident patterns at a particular location often shows that some minor improvement would help to reduce the number and/or severity of accidents. In addition, increasing traffic volumes and changing traffic patterns typically reduce the effectiveness and efficiency of existing traffic signal controls at certain intersections, warranting upgrades.",8011000,1500000,1000000,1000000,1000000,1000000,0
2020,Trans - Signals - Calming/Speed Abatemt,432,Transportation,University Avenue Complete Street Phase1,2021,2021,Council District: 9; Community Plan: Mid-City: City Heights,1878139,6972720,"This project will provide increased safety on University Avenue between Fairmount Avenue and Euclid Avenue. The project includes installing three roundabouts and medians with enhanced pedestrian crossings. This will also include new pavement, wider sidewalks, and trees along this portion of University Avenue.",This corridor has been identified as a high frequency pedestrian crash segment. It is part of the Mayor's Vision Zero strategy to eliminate severe and fatal crashes in the City.,0,5094580,0,0,0,0,0
2020,Trans - Roadway - Enhance/Scape/Medians,433,Transportation,University Avenue Mobility,,,Council District: 3; Community Plan: Greater North Park,9277310,9277310,"The major elements of the University Avenue Mobility Project are restriping to provide painted medians and construction of raised medians, left turn pockets and improved lane widths, installation of enhanced pedestrian crosswalks, repainting of existing crosswalks, removal of parallel on-street parking, and re-striping select side streets to provide angled and head-in parking.","This project will significantly improve safety and mobility along the corridor for pedestrians, bicyclists, transit, and automobile traffic.",0,0,0,0,0,0,0
2020,Trans - Roadway,434,Transportation,Utilities Undergrounding Program,2021,2025,Council District: Citywide; Community Plan: Citywide,70676517,120676518,"This annual allocation provides funds for underground conversion of City-owned street lighting, resurfacing and slurry seal of street paving, installing pedestrian curb ramps, and necessary related expenses within an Underground Utilities District.","The City’s electrical franchise agreement requires the electrical franchisee to pay a surcharge fee to support an expanded program for undergrounding of overhead utilities within the City’s jurisdiction. Revenue collected by this surcharge is deposited within the Underground Surcharge Fund and may only be used for utility undergrounding and related work, as defined within Council Policy 600-08. Funds to perform the described City infrastructure work must be managed as CIP funds and therefore a portion of the Underground Surcharge Fund is allocated to a CIP account that may only be used for this purpose. Financial details of the Utilities Undergrounding Program, including",0,10000000,10000000,10000000,10000000,10000000,0
2020,Trans - Roadway,435,Transportation,Via de la Valle Widening,2026,2026,Council District: 1; Community Plan: Black Mountain Ranch,8739946,10430244,This project provides for reimbursement to a developer for the reconstruction of Via de la Valle between San Andres Drive and El Camino Real West to a modified four-lane major street to accommodate existing and projected sub-regional traffic. Scope of the project includes modification of the traffic signals at San Andres Drive and El Camino Real West as required and the relocation of existing overhead utilities to underground locations. Via de la Valle between San Andres Drive and Interstate 5 will be restriped to six lanes. This is project T-32.1 in the Black Mountain Ranch Public Facilities Financing Plan.,This facility is required to accommodate traffic generated by new development in Black Mountain Ranch and surrounding communities as well as existing sub-regional traffic needs.,0,0,0,0,0,0,1690298
2020,Trans - Roadway,436,Transportation,Village Center Loop Rd-N Carmel Valley Rd,,,Council District: 1; Community Plan: Pacific Highlands Ranch,3800000,3800000,This project will construct the Village Loop Drive from the Lin property line northerly to a second intersection of Carmel Valley Road (approximately 800 linear feet) as a four-lane collector roadway within a 108-foot right-of-way. The second phase will complete the loop and will be built as part of a second project dependent upon the development of the adjacent village and the remainder of the core residential areas.,"This project is consistent with Pacific Highland Ranch Subarea Plan, is in conformance with City's General Plan, and is needed to serve the community.",0,0,0,0,0,0,0
2020,Trans - Roadway,437,Transportation,W Bernardo Dr at Bernardo Ctr Dr Inter,,,Council District: 5; Community Plan: Black Mountain Ranch,818757,818758,This project provides for reimbursement to a developer for the design and construction of intersection improvements to provide additional right turns from Bernardo Center Drive to West Bernardo Drive. This is project T-45 in the Black Mountain Ranch Public Facilities Financing Plan.,This project implements the Black Mountain Ranch Subarea Plan and associated Transportation Phasing Plans.,0,0,0,0,0,0,0
2020,Trans - Bridge - Vehicular,438,Transportation,W Mission Bay Dr Bridge Over SD River,2021,2021,Council District: 2; Community Plan: Midway - Pacific Highway; Mission Bay Park; Peninsula,147616677,149403719,"This project provides for replacing the existing four-lane West Mission Bay Drive bridge with a six-lane bridge, sidewalk, bike lanes, and shoulder improvements.",A six-lane facility is needed to accommodate both the existing and the projected future traffic volumes. The existing bridge has been determined to be functionally obsolete and structurally deficient.,0,1787041,0,0,0,0,0
