cip_year,project_type,source_page,department,project_name,project_id,start_year,end_year,address_location,previous_appropriations,project_total,project_description,project_justification,unidentified_funding,year_2023,year_2024,year_2025,year_2026,year_2027,year_2028
2022,Airport Assets,107,Airport Management,Brown Field,AAA00002,2024,2028,Council District: 8; Community Plan: Kearny Mesa,2220200,6355876,"This annual allocation provides for as-needed improvements within the City's Brown Field Municipal Airport; which can include, but is not limited to, pavement, drainage, striping, and signage for","This project maintains an airport, which promotes the safe use of the runways as required by the FAA, Caltrans (Division of Aeronautics), and in compliance with Federal Americans with Disabilities Act (ADA) regulations. Additionally, the project improves aging infrastructure in order to better serve tenants in order to continue to generate revenue and be financially self-sustaining.",0,0,3070000,255676,80000,500000,230000
2022,Airport Assets,108,Airport Management,Montgomery-Gibbs Executive Airport,AAA00001,2023,2026,Council District: 6; Community Plan: Kearny Mesa,3053027,4993027,"This annual allocation provides for as-needed improvements within the City's Montgomery-Gibbs Executive Airport, which can include, but is not limited to, pavement, drainage, striping, and signage for","This project maintains an airport which promotes the safe use of the runways as required by the FAA, Caltrans (Division of Aeronautics), and in compliance with Federal Americans with Disabilities Act (ADA) regulations. Additionally, the project improves aging infrastructure in order to better serve tenants in order to continue to generate revenue and be financially self-sustaining.",0,700000,400000,300000,540000,0,0
2022,Bldg - Operations Facility / Structures,115,Citywide,101 Ash Improvements,S17009,,,Council District: 3; Community Plan: Centre City,27628946,27628947,"This project funded the architectural, electrical, plumbing, asbestos mitigation, and mechanical tenant improvements to the 19 floors of 101 Ash Street for multiple City departments, including tenants of the City Operations Building and former tenants of 1010 2nd Ave building. Improvements were anticipated to increase building’s occupancy and bring the building into compliance with current Americans with Disabilities Act (ADA) standards. After near completion of tenant improvements, project work was suspended due to the discovery of Asbestos Containing Materials (ACM). The ultimate completion of this project will be determined at a later date.","These tenant improvements are needed to increase the occupancy of the building by approximately 356 employees and accommodate the office space requirements for a development permit center, as well as several City departments. These improvements will provide the needed office space for the more than 500 employees who were displaced from the 1010 2nd Ave building along with Development Services staff from the City Operations Building, which based on a 2014 estimate, has more than $90 million in deferred maintenance.",0,0,0,0,0,0,0
2022,Intangible Assets - Information Tech,116,Citywide,Accela Implementation Phase 2,T19003,,,,4118757,4118757,"This project is the next phase in the effort to replace Development Services Department's (DSD) Project Tracking System (PTS). PTS is an in-house system which DSD and the Department of IT staff began developing in 1998 and placed into operation in 2001. DSD uses PTS as its core information system to manage the permitting and development functions for the department. These include the review, comment, issuance, inspection, and archiving functions which are needed in managing the department's permits and projects, as well as code enforcement activities. The scope of this project includes the design, configuration, testing, and deployment of the Development Services module of the Accela platform, as well as the enhancement of the Accela Citizen Access portal. Phase 2 will involve the following: create all permit and approval types found in PTS within Accela, enable multiple independent review cycle functionality to occur, accommodate different review methods (e.g., over-the-counter, submittal, and appointment), expand electronic plan review to digitize 100%, develop and update policies and procedures to support the Accela system, develop interfaces between Accela and other technologies, enhance the Accela Citizen Access public portal and develop and deliver employee training.",,0,0,0,0,0,0,0
2022,Bldg - Other City Facility / Structures,117,Citywide,CIP Emergency Reserve,ABT00006,,,Council District: Citywide; Community Plan: Citywide,1000000,1000000,This annual allocation provides funding for urgent repairs due to an emergency or natural disaster.,This annual allocation provides an immediate source of funding for public works contracts when no alternative funding sources are available in order to respond quickly to an emergency or natural disaster.,0,0,0,0,0,0,0
2022,Bldg - Other City Facility / Structures,118,Citywide,Convention Center Phase III Expansion,S12022,,,Council District: 3; Community Plan: Centre City,3370819,685011298,"This project provides for the expansion of the existing San Diego Convention Center. The expansion will increase the existing leasable space by approximately 225,000 square feet of exhibit hall, 101,000 square feet of meeting rooms, and 80,000 square feet of ballrooms for an approximate total of 406,000 square feet.","The existing facility cannot accommodate some of the larger major events, which leads to the loss of events to other venues. The expansion is expected to increase the attendance and numbers of events held at the facility and provide significant economic benefits to the region.",681640478,0,0,0,0,0,0
2022,Trans - Roadway - Enhance/Scape/Medians,119,Citywide,Convoy District Gateway Sign,S23007,2023,2023,Council District: 6; Community Plan: Kearny Mesa,0,1000000,This project will install a large sign with lighting welcoming visitors to the Convoy district.,There is no sign that currently exists to welcome visitors to this area of the neighborhood.,0,1000000,0,0,0,0,0
2022,Intangible Assets - Information Tech,127,Department of Information Technology,Enterprise Funded IT Projects,ATT00002,2023,2023,,12230948,18640237,"This annual allocation provides for upgrades and enhancements to information technology projects that are eligible for capitalization and funded exclusively with enterprise funding sources. Individual projects are expected to result in a city-owned asset, which can include, but is not limited to, equipment, system interfaces, and intellectual property.",This annual allocation provides for improvements and enhancements to information technology projects that are solely funded with enterprise resources and allows for increased reporting on these projects. Projects are also expected to have a duration longer than one fiscal year.,0,6409288,0,0,0,0,0
2022,Intangible Assets - Information Tech,128,Department of Information Technology,Governmental Funded IT Projects,ATT00001,,,,2596619,2596619,"This annual allocation provides for upgrades and enhancements to information technology projects that are eligible for capitalization and funded exclusively with governmental funding sources. Individual projects are expected to have a duration longer than one fiscal year and result in a city-owned asset, which can include but is not limited to equipment, system interfaces, and intellectual property.",This annual allocation provides for improvements and enhancements to information technology projects that are solely funded with governmental resources and allows for increased reporting on these projects. Projects are also expected to have a duration longer than one fiscal year.,0,0,0,0,0,0,0
2022,Landfills,135,Environmental Services,Landfill Improvements,AFA00001,2023,2027,Council District: Citywide; Community Plan: Citywide,7474819,15074820,"This annual allocation provides for improvements to existing sanitary landfills to comply with operating permits and regulatory requirements. Such improvements may include fencing, access roads, drains, small structures, and environmental protection projects. This project also provides for improvements to existing landfill gas systems, including gas migration and groundwater monitoring networks at all landfills managed by the City. Improvements include upgrades to existing or additional facilities as deemed necessary by SB1383, as well as engineering reports and/or design plans and specifications necessary to mitigate landfill gas and groundwater issues or to modify monitoring programs.",,0,3100000,3900000,200000,200000,200000,0
2022,Landfills,136,Environmental Services,Miramar Landfill Facility Improvements,L17000,2023,2024,Council District: Non-City; Community Plan: Non-City,32661102,48861103,This project provides for the construction of infrastructure improvements at the Miramar Landfill. Phase I will provide for the development of a Resource Recovery Facility (RRF) to increase waste diversion from self-haul customers. Phase II will provide for the construction of the Organic Processing Facility project as required to comply with conditions of a State-mandated Waste Discharge Requirement for Composting Operations. Phase III will provide for surface improvements to haul roads. Phase IV will provide for the acquisition of landfill gas collection and processing infrastructure currently in place as part of a transfer of gas rights. Phase V will provide for a backup power system for landfill gas collection and processing infrastructure. Phase VI will provide for the replacement of modular restroom and locker trailers that have exceeded their service life. Phase VII will provide for replacement of modular office trailers that have exceeded their service life.,"The Environmental Services Department (ESD) is responsible for managing operations, maintenance and compliance of the West Miramar Landfill. This CIP will allow for the most efficient execution of future facility improvement projects and helps to implement the City’s Climate Action Plan.",0,6200000,10000000,0,0,0,0
2022,Landfills,137,Environmental Services,Miramar Landfill Storm Water Improvements,L18002,,,Council District: Non-City; Community Plan: Non-City,12299999,12300000,"The project provides for the construction of stormwater infrastructure improvements at the Miramar Landfill to maintain regulatory compliance with the Storm Water Industrial General Permit. The project will be implemented in three phases: Phase I includes paving of haul roads, drainage improvements in the Greenery, stabilization of roadway shoulders and drainage channels, and hydroseeding of inactive fill areas; Phase II includes stabilization and/or hydroseeding of secondary roads, sediment traps, storm drain improvements, and basin expansion; Phase III includes improvements to existing basins and development of new basins where feasible.",The stormwater basins and associated Best Management Practice (BMP) engineered structures at the Miramar Landfill must be properly designed and constructed to ensure compliance with National Pollutant Discharge Elimination System (NPDES) requirements and to avoid regulatory violations.,0,0,0,0,0,0,0
2022,Bldg - Pub Safety - Fire Fac / Struct,145,Fire-Rescue,Fairmount Avenue Fire Station,S14018,2023,2023,Council District: 4; Community Plan: Mid-City: City Heights,2327794,23727795,"This project provides for the design and construction of a new permanent fire station of approximately 14,273 square feet. The project will also include the purchase of a new fire engine apparatus. The facility will accommodate ten fire personnel and will include an apparatus bay, dorm rooms, kitchen, watch room, ready room, and station alerting system. The new fire station will comply with Fire’s current station design and construction standards and specifications. This project was included in the Citygate Report.",This project will provide for a fire station to meet emergency response times for the community.,20000000,1400000,0,0,0,0,0
2022,Bldg - Pub Safety - Fire Fac / Struct,146,Fire-Rescue,Fire Station No. 48 - Black Mountain Ranch,S15015,2023,2023,Council District: 5; Community Plan: Black Mountain Ranch,15090999,21091000,"This project provides for the land acquisition, design and construction of a new permanent fire station of approximately 11,500 square feet. The facility will accommodate ten crewmembers and will include an apparatus bay, dorm rooms, kitchen, watch room, ready room, station alerting system, and training classroom/multi-purpose room. This project will also include the cost for the purchase of one fire engine. The new station will be located at Carmel Valley Road and Winecreek Road in the Black Mountain Ranch Community. The new fire station will comply with Fire’s current station design and construction standards and specifications.",This project will provide for the needed fire station to meet the emergency response times of the community. Refer to Black Mountain Ranch Facilities Financing Plan projects.,1800000,4200000,0,0,0,0,0
2022,Bldg - Pub Safety - Fire Fac / Struct,147,Fire-Rescue,Fire Station No. 49 - Otay Mesa,S00784,,,Council District: 8; Community Plan: Otay Mesa - Nestor; Otay Mesa,3086413,26018413,"This project provides for an approximately 13,000 square foot double-house fire station to serve the Otay Mesa and Otay Mesa/Nestor Communities. The fire station will be located across the intersection of Ocean View Hills Parkway and Sea Fire Point and will serve the community in addition to Fire Station 6 located at 693 Twining Avenue. The fire station will accommodate 3 apparatus bays and will also have a training room. This project will also include the cost for the purchase of one fire engine. The new fire station will comply with Fire’s current station design & construction standards & specifications.",A second fire station is needed to serve the Otay Mesa and neighboring communities and it will ensure consistency with the recommendations in the Citygate Report.,22932000,0,0,0,0,0,0
2022,Bldg - Pub Safety - Fire Fac / Struct,148,Fire-Rescue,Fire Station No. 50 - North University City,S13021,,,Council District: 1; Community Plan: University,14999999,15000000,"This new facility will provide support to the University City area and will provide emergency response times that meet City and national standards. This new fire station will accommodate up to twelve crew members, a fire engine, service aerial truck, ambulance, and training room. The size of the station is approximately 13,500 square feet. The building design will comply with Fire’s current design and construction standards.",An additional fire station is needed in this area to ensure consistency with the recommendations in the Citygate Report.,0,0,0,0,0,0,0
2022,Bldg - Pub Safety - Fire Fac / Struct,149,Fire-Rescue,Fire Station No. 51 - Skyline Hills,S14017,2023,2023,Council District: 4; Community Plan: Skyline - Paradise Hills,999999,14840957,"This project provides for the design and construction of a 10,700 square foot permanent station to be built at 7180 Skyline Drive to better serve the growing community of Skyline/Paradise Hills.","An additional fire station is needed in this area to meet response time guidelines in this growing community, as recommended in the Citygate Report.",12890957,950000,0,0,0,0,0
2022,Bldg - Pub Safety - Fire Fac / Struct,150,Fire-Rescue,Fire Station No. 54 - Paradise Hills,S00785,,,Council District: 4; Community Plan: Skyline - Paradise Hills,83653,18605653,"This project provides for the design and construction of a new 12,500 square foot fire station in the Paradise Hills area to serve the Paradise Hills/Skyline area as well as the purchase of a fire engine apparatus. The new station will accommodate 10 fire personnel, include 3 apparatus bays, dorms, kitchen, watch room, ready room, station alerting, and all essential station infrastructure. The site for this project has not been identified. The new fire station will comply with Fire’s current station design and construction standards & specifications.",This station is needed to serve the Paradise Hills/Skyline community and will ensure consistency with the recommendations in the Citygate Report.,18522000,0,0,0,0,0,0
2022,Bldg - Pub Safety - Fire Fac / Struct,151,Fire-Rescue,Fire-Rescue Air Ops Facility - PH II,S18007,,,Council District: 6; Community Plan: Kearny Mesa,4767797,23150245,"This project provides for the design & construction of a permanent Fire-Rescue Air Operations Facility station at the City's Montgomery-Gibbs Executive Airport. This project will include two hangars and parking spaces for five helicopters, an additional helipad, parking and shelter for a single Heli tender, and three fueling tender vehicles. Due to impacts of existing vernal pools, the project will provide off-site mitigation in Otay Mesa in conjunction with the La Media Road widening project. This project will also provide a hangar support area that includes space for maintenance offices, overhaul, avionics, and storage rooms.",SDFD Air Ops personnel currently do not have any hangar space to house or perform maintenance on aircraft. The proposed hangars will mitigate equipment corrosion from the elements and increase both the safety & lifespan of the aircraft. This project will provide a much-needed permanent solution for the Fire-Rescue Air Operations Facility to meet their air rescue operational requirements.,18382448,0,0,0,0,0,0
2022,Bldg - Pub Safety - Lifeguard Stations,152,Fire-Rescue,North Pacific Beach Lifeguard Station,S10119,,,Council District: 2; Community Plan: Pacific Beach,764820,7257598,"This project provides for the North Pacific Beach Lifeguard Station located at the foot of Law Street, which will be a year-round facility replacing the current station. The structure will include an observation tower, first aid room, reception area, kitchen, locker room/restroom areas, and a rescue vehicles facility.",North Pacific Beach has become a highly frequented beach over the years and new facilities will benefit both the public and the employees. Lifeguards are currently operating from a seasonal tower structure supported by a container-type of facility where medical aids and other daily activities like food preparation take place. This can create health issues for both the public and the employees.,6492777,0,0,0,0,0,0
2022,Bldg - Pub Safety - Fire Fac / Struct,153,Fire-Rescue,Torrey Pines Fire Station,S19003,,,Council District: 1; Community Plan: La Jolla,20555999,20856000,"This project provides for the design and construction of a new permanent 3-bay fire station of approximately 14,664 square feet. The facility will accommodate a crew of nine to eleven fire personnel, and onsite surface parking for Fire-Rescue personnel. In addition, the offsite improvements include but are not limited to site grading, utility, and street/traffic improvements within the public right-of-way along Torrey Pines Road to allow for emergency response apparatus egress and ingress.",This project will provide for the permanent fire station and the associated infrastructure necessary to meet the Fire-Rescue Department’s current operational requirements.,300000,0,0,0,0,0,0
2022,Bldg - Other City Facility / Structures,163,General Services,City Facilities Improvements,ABT00001,2023,2026,Council District: Citywide; Community Plan: Citywide,26867075,826273747,"This annual allocation provides for capital improvements at City facilities. Potential improvements include improvements to roofs, heating, ventilation, air- conditioning, elevator replacements, adjacent parking lots, and facility expansions.",Several City-owned facilities are in need of repair or major improvements. High- priority repairs and City improvements will be completed with this allocation. Funding for this annual allocation will ensure City facilities remain safe and operable.,782966216,6245784,5194672,3500000,1500000,0,0
2022,Bldg - Other City Facility / Structures,164,General Services,Fleet Operations Facilities,L14002,,,Council District: Citywide; Community Plan: Citywide,2328735,10652886,"This project will provide needed improvements within the City's Fleet Operations repair facilities. Phase 1 of this project provides for the electrical improvements at the Miramar Place Fleet Services. Phase 2 of this project provides for the electrical improvements at the Rose Canyon Fleet Services. Phase 3 of this project provides for the replacement of pump systems, sprayers, brushes, buildings/awnings, surrounding structures, etc. for three large car washes located at Chollas Operations Yard, 20th & B St. and at Rose Canyon. Phase 4 of this project provides for the replacement of two existing non-operational cranes with a runway system each with a 33-foot span and a capacity of 2- tons located within the Fleet Repair Facilities at the Chollas Operations Yard. Phase 5 of this project provides for the replacement of the Chollas Operations Yard paint booth that was built in the 1960's. Phase 6 of this project provides for the replacement or rehabilitation of nine existing small car washes located at the Police substations.",This project is necessary to properly equip the existing City's Fleet repair facilities to support the car and truck washes at 20th and B St. and the Chollas Operations Yard which are non-functional and in need of replacement. The other car and truck washes require a variety of repairs and upgrades. Washing City vehicles is a storm water compliance requirement to keep debris from falling in the roadway and the repairs and replacements are necessary to remain in compliance with storm water regulations. Chollas Operations Yard crane replacement and related improvements are needed to assist Fleet staff to safely and efficiently complete necessary repairs.,8324151,0,0,0,0,0,0
2022,Bldg - Operations Facility / Structures,165,General Services,Kearny Mesa Facility Improvements,S20009,,,Council District: 6; Community Plan: Kearny Mesa,16421599,16421600,"This project will include tenant improvements to the fire vehicle repair facility located at 8050 Othello Avenue, which will be completed by the lessor with input from the City. The centrally located Kearny Mesa Repair Facility will serve as the primary facility for the repair and maintenance of the City's heavy-duty fire apparatus, as well as a storage facility for the Fire-Rescue Department reserve fleet.","In April 2017, the City entered into a 10-year lease of the facility on Othello Avenue which was intended to serve as a new maintenance and repair facility for heavy-duty fire apparatus. This was in response to findings by CST Fleet Services, a fleet consultant hired by the City, that separate shop space would increase maintenance efficiency for the City's 100+ heavy-duty fire apparatus, rather than sharing space with the refuse packers at the Miramar facility. The City completed additional lease negotiations in September 2019 and has secured rights to the facility for up to 30 years (15 years with three 5-year renewal options) along with right of first refusal to purchase the facility, if owner desires to sell.",0,0,0,0,0,0,0
2022,Bldg - Libraries,175,Library,Oak Park Library,S22011,2023,2023,Council District: 4; Community Plan: Mid-City: Eastern Area,438862,21049862,This project provides for the design and construction of a new Oak Park Library Branch. This project was converted from P20004 in Fiscal Year 2022.,"The existing Oak Park Library is only 5,200 square feet and is insufficient to meet the needs of the growing community. The existing library is too small to provide adequate programming and informational services to the library system and the region, and could not support the technological and programmatic needs of the future. The proposed project will utilize a Community Based Competitive Design (CBCD) delivery method to reach the ultimate goal of expanding the Oak Park Branch Library to a new 20,000 square foot facility. Under the CBCD method, teams of designers and contractors will compete for public votes on their unique designs of the library. Designs will be based on community input and desires, including exterior looks and interior features and amenities.",0,20611000,0,0,0,0,0
2022,Bldg - Libraries,176,Library,Ocean Beach Branch Library,S20015,2023,2024,Council District: 2; Community Plan: Ocean Beach,1051488,11902301,"The new extension will create space for an expanded book collection area, a community meeting room, study room, office space, makers space for computers/arts & crafts and a teen room, storage rooms, outdoor gathering area and two restrooms.",This project provides for the expansion of the Ocean Beach Library using the current site and adjacent property to serve the Ocean Beach community. This project is part of the 21st Century Library System/Library Department Facility Improvements Program.,3350813,4500000,3000000,0,0,0,0
2022,Bldg - Libraries,177,Library,Pacific Highlands Ranch Branch Library,S14023,,,Council District: 1; Community Plan: Priority Category: Low,27664177,27664178,This project provides for a new branch library facility on a 1.5-acre site in Pacific Highlands Ranch to serve the entire North City Future Urbanizing Area (NCFUA).,This project will provide branch library service to the NCFUA for future development and population.,0,0,0,0,0,0,0
2022,Bldg - Libraries,178,Library,San Carlos Branch Library,S00800,2023,2023,Council District: 7; Community Plan: Navajo,3252740,27039725,"This project provides for the acquisition of a lot adjoining the existing branch library located at 7265 Jackson Drive and building a new 25,000 square-foot library. This project is part of the 21st Century Library System/Library Department Facility Improvements Program. The new building will serve as the district's flagship library.","The existing library does not have adequate programming or community meeting space. It does not have a dedicated children’s or teen area, adequate parking, or necessary infrastructure for technology upgrades and improvements.",20786984,3000000,0,0,0,0,0
2022,Bldg - Libraries,179,Library,Scripps Miramar Ranch Library,S00811,,,Council District: 5; Community Plan: Scripps Miramar Ranch,6754383,6754384,This project provides for an expansion of the Scripps Miramar Ranch Branch Library parking lot located at 10301 Scripps Lake Drive. This project is part of the 21st Century Library System/Library Department Facility Improvements Program.,"The current facility is fully occupied, and the current parking lot does not have the capacity to serve the needs of the community.",0,0,0,0,0,0,0
2022,Bldg - Other City Facility / Structures,193,Parks & Recreation,Balboa Park Botanical Bldg Improvments,S20005,,,Council District: 3; Community Plan: Balboa Park,21452999,21453000,"This project provides for the enhancement and restoration of the Balboa Park Botanical Building. Improvements may include: the restoration of the window arcades, fabrication and installation of the arched store front and doors, restoration of the cupola, lattice work, structural repairs and upgrades, addition of a storage and maintenance area, hardscape and landscape improvements, lighting and electrical upgrades, and accessibility enhancements.",The project is needed to bring the building into compliance with current building standards.,0,0,0,0,0,0,0
2022,Golf Courses,194,Parks & Recreation,Balboa Park Golf Course,AEA00002,,,Council District: 3; Community Plan: Balboa Park; Mission Bay Park; University,676466,676467,"This annual allocation provides for replacement of minor capital assets on an as-needed basis at the City's Municipal Golf Course - Balboa Park, which may include minor replacements of golf course building structures, fairway, and green systems.",This annual allocation will provide for a capital assets cost-avoidance program allowing for timely replacement of unanticipated failure of golf capital assets.,0,0,0,0,0,0,0
2022,Bldg - Other City Facility / Structures,195,Parks & Recreation,Balboa Park West Mesa Comfort Station Replacement,S15036,,,Council District: 3; Community Plan: Balboa Park,2378962,2378962,"This project provides for the design and construction of two replacement comfort stations on the West Mesa of Balboa Park, one north of the children's play area and one near the intersection of 6th Avenue and Nutmeg Street. The project also includes the demolition of the existing comfort stations at these locations and associated path of travel improvements. It is anticipated the new comfort stations will be prefabricated buildings.","The improvements will bring the park into compliance with the Americans with Disabilities Act (ADA), federal and State accessibility requirements, making these park facilities available to users with disabilities.",0,0,0,0,0,0,0
2022,Bldg - Parks - Recreation/Pool Centers,196,Parks & Recreation,Balboa Pk Bud Kearns Aquatic Complex Imp,S17000,,,Council District: 3; Community Plan: Balboa Park,3643999,3644000,"This project provides for the design and construction of various improvements of the Bud Kearns Aquatic Complex located in the Morley Field area of Balboa Park. Improvements include mechanical systems, fencing, accessibility upgrades, pool decking, replacing an outdated steam boiler, platforms, columns, and pool coping.",The improvements are necessary to bring the aquatic complex into full compliance with the San Diego County Department of Environmental Health requirements.,0,0,0,0,0,0,0
2022,Parks - Community,197,Parks & Recreation,Bay Terrace Senior Center,S16060,,,Council District: 4; Community Plan: Skyline - Paradise Hills,6072763,6072763,"This project provides for the design and construction of a senior center within Bay Terraces Community Park. The senior center will be approximately 3,500 square feet and will contain a multi-purpose area, restrooms, one staff office, a kitchen, and storage closet.",The improvements are necessary to meet the needs of the community.,0,0,0,0,0,0,0
2022,Parks - Community,198,Parks & Recreation,Beyer Park Development,S00752,2023,2023,Council District: 8; Community Plan: Otay Mesa; San Ysidro,14305765,33636000,"This project provides for the acquisition, design, and construction of approximately eight useable acres, out of approximately 43 total acres, of a community and neighborhood park on Beyer Boulevard. Beyer Park will be constructed in two phases. Phase I consists of the design of all amenities. Phase I also includes the construction of the children’s play area and skate park. Phase II will include the construction of the comfort station, multi-use turf fields, picnic structures, on-site parking, sports field lighting, walking paths, and a dog park.",This project provides population-based park acreage in accordance with the City's General Plan standards to accommodate the park and recreational needs of the residents within the Otay Mesa and San Ysidro Communities.,8092634,11237600,0,0,0,0,0
2022,Parks - Neighborhood,199,Parks & Recreation,Black Mountain Ranch Park Ph2,RD21001,2024,2025,Council District: 5; Community Plan: Black Mountain Ranch,9777641,11034475,"This project provides for the design and construction of Phase 2 of the 30-acre Black Mountain Ranch Community Park. Phase 1 was completed by a developer per a Reimbursement Agreement with the City in 2006 and included the following amenities: Four multipurpose sports fields comprising 13 acres of turf, four basketball courts, security lighting and prefabricated restroom facility. Phase 2 will provide for the design and construction of an additional 17 acres of multipurpose sports fields, hardcourts, two restrooms, one including a concession stand, two children’s playgrounds, concrete pedestrian paving to meet ADA accessibility requirements, sports field lighting, drainage facilities, off-leash dog areas, landscaping and irrigation improvements.",This project implements the Black Mountain Ranch Subarea Plan.,0,0,153386,1103447,0,0,0
2022,Parks - Miscellaneous Parks,200,Parks & Recreation,Canon Street Pocket Park,S16047,2023,2023,Council District: 2; Community Plan: Peninsula,1649406,3200314,"This project provides for the design and construction of a pocket park of approximately 0.75 acres and will provide park amenities such as a small children's play area, picnic areas, walkways, landscaping, art and/or interpretive signs.",This project will expand the use of the park and contribute to satisfying population-based park acreage requirements as set forth in the City's General Plan to serve residents.,0,1550908,0,0,0,0,0
2022,Parks - Community,201,Parks & Recreation,Canyonside Community Park Improvements,S12004,,,Council District: 6; Community Plan: Rancho Penasquitos,2251125,2251125,"This project provides for miscellaneous improvements to serve park users, such as accessibility upgrades to the children's play area, drainage repair at the western parking lot, and creation of a parking area in the northwest corner to accommodate overflow parking needs at the Canyonside Community Park.",This project will provide upgraded and additional recreation amenities to serve the residents of Rancho Penasquitos which is park-deficient by General Plan standards.,0,0,0,0,0,0,0
2022,Parks - Neighborhood,202,Parks & Recreation,Carmel Del Mar NP Comfort Station-Development,S16034,,,Council District: 1; Community Plan: Carmel Valley,2930563,2930563,"This project provides for the demolition of the existing comfort station and the design and construction of a new comfort station, which provides accessibility improvements to the children's play area and path of travel. This project is now categorized as a Priority Development Project (PDP). Thus, implementation of permanent structural stormwater Best Management Practices (BMPs) are required.",This project will expand the use of the park and contribute to satisfying population-based park acreage requirements as set forth in the City’s General Plan to serve residents.,0,0,0,0,0,0,0
2022,Parks - Neighborhood,203,Parks & Recreation,Carmel Grove NP Comfort Station and Park,S16038,,,Council District: 1; Community Plan: Carmel Valley,2061500,2061500,This project provides for the design and construction of a new 350 square foot prefabricated comfort station within the neighborhood park.,This project will expand the use of the park and contribute to satisfying population-based park acreage requirements as set forth in the City's General Plan to serve residents.,0,0,0,0,0,0,0
2022,Parks - Neighborhood,204,Parks & Recreation,Carmel Knolls NP Comfort Station-Development,S16033,,,Council District: 1; Community Plan: Carmel Valley,1478699,1478700,This project provides for the design and construction of a new 350 square foot prefabricated comfort station within the neighborhood park.,This project will expand the use of the park and contribute to satisfying population-based park acreage requirements as set forth in the City’s General Plan to serve residents.,0,0,0,0,0,0,0
2022,Parks - Neighborhood,205,Parks & Recreation,Carmel Mission NP Comfort Station Development,S16039,,,Council District: 1; Community Plan: Carmel Valley,1427999,1428000,This project provides for the design and construction of a new 350 square foot prefabricated comfort station within the neighborhood park.,This project will expand the use of the park and contribute to satisfying population-based park acreage requirements as set forth in the City’s General Plan to serve residents.,0,0,0,0,0,0,0
2022,Parks - Miscellaneous Parks,206,Parks & Recreation,Carmel Valley CP-Turf Upgrades,S16029,,,Council District: 1; Community Plan: Carmel Valley,4774120,4774121,This project provides for the design and construction of approximately 3.2 acres of multi-purpose synthetic turf fields on the joint use field and upgrades to the associated accessible path of travel.,This project will expand the use of the park and contribute to satisfying population-based park acreage requirements as set forth in the City's General Plan to serve residents.,0,0,0,0,0,0,0
2022,Bldg - Other City Facility / Structures,207,Parks & Recreation,Casa Del Prado Reconstruction,S22007,2023,2023,Council District: 3; Community Plan: Balboa Park,2199999,5900000,"This project provides for the design and reconstruction to restore Casa Del Prado in Balboa Park. The scope of work includes, but is not limited to, the replacing of stucco, repainting, upgrading the historical building facades and any building systems issues associated in extending the lifecycle of this building such as mechanical, electrical, plumbing, and structural, along with the upgrade of the restroom which is currently part of the Balboa Park Restroom upgrade CIP.",,0,3700000,0,0,0,0,0
2022,Parks - Miscellaneous Parks,208,Parks & Recreation,Children's Park Improvements,S16013,,,Council District: 3; Community Plan: Centre City,8200919,8200920,"This project provides for the design and construction of improvements to the existing Children's Park that could include large multi-purpose lawn areas, a comfort station, children's play area, interactive water fountain, and vendor's building.","This project implements the Downtown Community Plan Policy which implements a program to reclaim open spaces that have deteriorated, have design features that provide use opportunities, and/or are in need of activity and revitalization.",0,0,0,0,0,0,0
2022,Parks - Community,209,Parks & Recreation,Chollas Community Park Comfort Station,S16058,,,Council District: 4; Community Plan: Mid-City: Eastern Area,3134378,3134379,"This project provides for the continuation of the design and development of North Chollas Community Park, located on College Grove Drive midway between 54th Street and College Avenue. The project will consist of a comfort station with a concession area.",This project will expand the use of the park and contribute to satisfying population-based park acreage requirements as set forth in the City's General Plan to serve residents.,0,0,0,0,0,0,0
2022,Parks - Trails,210,Parks & Recreation,Chollas Creek Oak Park Trail,S20012,,,Council District: 4 9; Community Plan: Mid-City: Eastern Area; City Heights,1752000,1752000,"The project includes the construction of a 2.3-mile multi-use recreation and active transportation trail with two bridges to cross the creek, informational kiosks, and stairs and fencing where needed. The trail will run northeast from Sunshine Berardini Park (intersection of SR-94 and I-805) along the Chollas Creek, Oak Park Branch to Chollas Parkway-54th Street intersection.","The proposed Oak Park Trail is needed to address local park deficiencies, improve public health, and increase active transportation mobility and access to neighborhood destinations.",0,0,0,0,0,0,0
2022,Parks - Community,211,Parks & Recreation,Chollas Lake Improvements,L18001,2023,2023,Council District: 4; Community Plan: Mid-City: Eastern Area,1392032,6589163,"This project will be implemented in phases for improvements such as providing electricity to a newly installed ranger station, adding security lights to the parking lot and comfort station, enhancing the youth fishing programs by improving the health of the aquatic environment for fish and other wildlife, accessibility upgrades, and other park improvements. Phase 1 of the project is to provide electrical service to the park which will allow extended use of the park and provide a higher level of security. Future phases will include accessibility upgrades and other park improvements.","Currently, the facilities at Chollas Lake Park do not have electricity. Providing electrical service to Chollas Lake Park will expand the use of the park by allowing new park programs to be developed and offered to the community. Electrical service will also enhance security within the park by providing the opportunity to install security lighting and supply the park rangers with additional resources to enhance their patrol duties.",4909966,287164,0,0,0,0,0
2022,Parks - Miscellaneous Parks,212,Parks & Recreation,Coastal Erosion and Access,AGF00006,2023,2027,Council District: Citywide; Community Plan: Citywide,5745947,20541176,"This annual allocation provides funding for coastal infrastructure improvements at 71 sites, from Sunset Cliffs Park to Torrey Pines State Beach, which were identified and prioritized in a 2003 Coastal Erosion Assessment Survey. High priority sites are those that present potential public hazards.",This project provides improvements to coastal erosion sites that present potential public hazards.,8770228,2825000,800000,800000,800000,800000,0
2022,Parks - Neighborhood,213,Parks & Recreation,Dennery Ranch Neigh Park,RD22001,2023,2023,Council District: 8; Community Plan: Otay Mesa,12490223,22000000,"This project provides for the acquisition, design, and construction of a nine useable acre park site in the Otay Mesa Community Plan and the Dennery Ranch Precise Plan areas. The park may include a multi-purpose court, multi-purpose sports fields, comfort station, children's play area, picnic area and facilities, open turf area, staging area, and trail with connectivity to the Otay Valley Regional Park. This project was converted from a standalone project, S00636, to a developer reimbursement project in Fiscal Year 2022.",This project provides population-based park acreage in accordance with the City's General Plan standards to accommodate the park and recreational needs of the residents within the Dennery Ranch Subdivision.,6757648,2752128,0,0,0,0,0
2022,Parks - Miscellaneous Parks,214,Parks & Recreation,East Village Green Phase 1,S16012,2023,2024,Council District: 3; Community Plan: Centre City - East Village,51220251,78520252,"This project provides for the design and construction for Phase 1 of the East Village Green Park. Phase 1 park amenities could include a recreation center, comfort station, below-grade parking, an off-leash dog park, children's play area, outdoor seating, and landscaping.",This project will contribute to satisfying population-based park acreage requirements set forth in the City's General Plan to serve residents in this park-deficient community.,0,22324709,4975291,0,0,0,0
2022,Bldg - Other City Facility / Structures,215,Parks & Recreation,EB Scripps Pk Comfort Station Replacement,S15035,2023,2023,Council District: 1; Community Plan: La Jolla,5518469,5608469,This project provides for the design and construction of a replacement comfort station located in Ellen Browning Scripps Park adjacent to La Jolla Cove. The project also includes the demolition of the existing comfort station and installation of associated path of travel improvements.,The existing comfort station was constructed in the 1960s and has reached the end of its useful life. The salt air from the ocean has accelerated the deterioration of the metal structural components within the building. This project corresponds with Project P-22 of the La Jolla Public Facilities Financing Plan.,0,90000,0,0,0,0,0
2022,Parks - Community,216,Parks & Recreation,Egger,S15031,2023,2023,Council District: 8; Community Plan: Otay Mesa - Nestor,2730144,5580144,This project provides for the design and construction of Americans with Disabilities Act (ADA) improvements for the children's play areas and paths of travel at Robert Egger/South Bay Community Park to comply with accessibility requirements.,The project is needed to provide Americans with Disabilities Act improvements to meet federal and State safety and accessibility regulations and will serve the needs of existing and future residents.,0,2850000,0,0,0,0,0
2022,Parks - Open Space,217,Parks & Recreation,El Cuervo Adobe Improvements,S14006,,,Council District: 6; Community Plan: Rancho Penasquitos,605999,606000,This project provides for the analysis of drainage and environmental conditions and provides interpretive signage of the El Cuervo Adobe wall ruins.,"The El Cuervo Adobe Ruins site has been designated as historic by the City Historic Site Board, California Historic Resources Inventory, and the National Register of Historic Places. Only two of the original structural adobe walls remained until a portion of one wall (the north wall) collapsed in December 2011. This project will protect the historic resource consistent with National Park Service Standards and San Diego Municipal Code Section 143.0205(f).",0,0,0,0,0,0,0
2022,Parks - Neighborhood,218,Parks & Recreation,Fairbrook Neighborhood Park Development,S01083,,,Council District: 5; Community Plan: Scripps Miramar Ranch,6011280,6011280,"This project provides for development of an approximately three-acre neighborhood park south of Pomerado Road in the Scripps Miramar Ranch area. Rough grading, adjacent half-width street improvements, and utilities to serve the park were provided by a developer per the Vesting Tentative Map (VTM) conditions.",This project provides population-based park acreage in accordance with the City's General Plan standards to accommodate the park and recreational needs of the residents within the Fairbrook Subdivision.,0,0,0,0,0,0,0
2022,Drainage - Channels,219,Parks & Recreation,Famosa Slough Salt Marsh Creation,S00605,,,Council District: 2; Community Plan: Peninsula,556397,556397,"The 0.64-acre mitigation project in Famosa Slough is required by the Army Corps of Engineers, Coastal Commission, and California Department of Fish and Game permits and agreements. The mitigation is a required component of the Transportation and Storm Water Department's channel clearing efforts to prevent flooding in the Sorrento Valley area, and restoration of this site will enhance the functions and values of this important biological resource consistent with a variety of City policies and objectives.","The 0.64-acre mitigation project in Famosa Slough is required by the Army Corps of Engineers, Coastal Commission, and California Department of Fish and Game permits and agreements. The Famosa Slough was chosen as the mitigation site because opportunities for coastal salt marsh mitigation in the Los Penasquitos Lagoon have been exhausted. This option utilizes an available, City-owned site within the Coastal Zone and is consistent with the 1993 Famosa Slough Enhancement Plan.",0,0,0,0,0,0,0
2022,Trans - Bicycle Facilities (All Class.),220,Parks & Recreation,Golf Course Drive Improvements,S15040,2023,2023,Council District: 3; Community Plan: Balboa Park,2045384,6499999,This project provides for the design and construction of a paved pedestrian pathway and bike facility along Golf Course Drive.,"This project will provide needed pedestrian/bike access along Golf Course Drive, connecting the existing Golden Hill Recreation Center to 28th Street.",981175,3473439,0,0,0,0,0
2022,Parks - Miscellaneous Parks,221,Parks & Recreation,Hickman Fields Athletic Area,S00751,,,Council District: 6; Community Plan: Kearny Mesa; Serra Mesa; Clairemont Mesa,11066319,11066319,"The Phase I scope of work for this facility includes two restrooms, one including a concession stand, automobile parking and park circulation roads, ingress and egress improvements along Hickman Field Drive, security lighting, paved pedestrian pathways, landscaping, irrigation and infrastructure and utility improvements for current and future needs on the 44-acre athletic area. The improvements will serve residents within the Kearny Mesa, Clairemont Mesa and Sierra Mesa Communities and shall be in compliance with federal, state and local accessibility guidelines and regulations. Future phases may include reconfiguration of turf fields and irrigation upgrades, children's play areas, comfort stations and multi-use aquatic complex.","This project provides park and recreational facilities to serve the needs of existing and future residents within the Kearny Mesa, Clairemont Mesa, and Serra Mesa Communities in accordance with the City's General Plan guidelines.",0,0,0,0,0,0,0
2022,Parks - Neighborhood,222,Parks & Recreation,Hidden Trails Neighborhood Park,S00995,2023,2025,Council District: 8; Community Plan: Otay Mesa,2013195,9150000,"This project provides for the acquisition, design, and construction of an approximately 4.0 useable acre neighborhood park serving the Ocean View Hills Community. Amenities may include an open turfed area, children's play area, picnic areas, and other park amenities.",This project provides population-based park acreage in accordance with the City's General Plan standards to accommodate the park and recreational needs of the residents within the Hidden Trails Subdivision.,346191,1300000,0,5490613,0,0,0
2022,Parks - Neighborhood,223,Parks & Recreation,Jerabek Park Improvements,S20007,,,Council District: 5; Community Plan: Scripps Miramar Ranch,7326399,7326400,"This project provides for the design and construction of accessibility improvements that may include playground renovation, walkway improvements, comfort station upgrades, concession stand upgrades, parking lot upgrades, security lighting, and other accessibility improvements as identified during the design phase.",This project will contribute to satisfying population-based park acreage requirements set forth in the General Plan to serve residents in this park-deficient community.,0,0,0,0,0,0,0
2022,Parks - Neighborhood,224,Parks & Recreation,John Baca Park,S22004,,,Council District: 7; Community Plan: Linda Vista,142633,4973000,"This project provides for the design and construction of improvements of an existing park. The improvements for this project include the addition of a children's playground, ADA upgrades, new walkways, landscape and irrigation, upgraded security lights, and other improvements as identified during the community input process. Preliminary engineering was performed under P19003 and the project was converted to a standalone project in Fiscal Year 2022.",This project is needed to upgrade existing site conditions and play area facilities to meet current federal and state safety and accessibility regulations.,4830366,0,0,0,0,0,0
2022,Parks - Miscellaneous Parks,225,Parks & Recreation,Junipero Serra Museum ADA Improvements,S15034,2023,2024,Council District: 3; Community Plan: Old San Diego,845325,2809787,"This project provides for the design and construction of improvements to provide Americans with Disabilities Act (ADA) access to the Junipero Serra Museum within Presidio Park. The project may include a new parking lot, security lighting, walkways and/or accessible ramps, site furnishings, and landscape enhancements.",The ADA improvements will make the historic Junipero Serra Museum more accessible to park users with disabilities.,264461,500000,1200000,0,0,0,0
2022,Parks - Mini Parks,226,Parks & Recreation,La Paz Mini Park,S11103,,,Council District: 4; Community Plan: Southeastern (Encanto Neighborhoods),2602839,2602839,"This project provides for the acquisition, design and construction of approximately 0.46 acres (composed of three separate parcels) of unimproved property. The project will expand useable park acreage in the Southeastern San Diego-Encanto Neighborhoods Community. Improvements will include amenities such as multi-purpose turf areas, a children's play area, seating, walkways, landscaping, and security lighting.",This project will contribute to satisfying population-based park acreage requirements set forth in the City's General Plan in a community currently deficient in population-based parks per General Plan guidelines.,0,0,0,0,0,0,0
2022,Golf Courses,227,Parks & Recreation,MB GC Clbhouse Demo,S01090,,,Council District: 2; Community Plan: Mission Bay Park,7685083,7685084,"This project provides for the demolition of the existing, antiquated practice center and clubhouse buildings, and installation of modular buildings and portables at the Mission Bay Golf Course until such time as the new clubhouse is constructed. One modular building will house the golf operations and retail shop and the other will be a bar and grill element. This project will also include ancillary site improvements including patio area, lighting, shade element, island renovation including replacing two pedestrian bridges, perimeter lighting, and landscaping.","These improvements are necessary to comply with current codes, address maintenance needs, and increase the viability of identifying potential future lessees.",0,0,0,0,0,0,0
2022,Golf Courses,228,Parks & Recreation,MBGC Irrigation & Electrical Upgrades,S11010,2023,2023,Council District: 2; Community Plan: Mission Bay Park,5499999,6000000,"This project provides for the design and construction of various improvements within Mission Bay Golf Course. Work will include demolition, minor grading, drinking fountains, fencing, turf repair, new irrigation systems, and electrical upgrades.","This project is needed to provide the long-awaited improvements to the 18-hole golf course. For example, the new computerized irrigation system will replace a system that is outdated, inefficient, and does not meet current or future water restriction requirements. These improvements will help bring the golf course within industry standards for municipal golf courses.",0,500000,0,0,0,0,0
2022,Parks - Neighborhood,229,Parks & Recreation,McGonigle Canyon Park P-2,RD22000,2024,2024,Council District: 1; Community Plan: Pacific Highlands Ranch,8179628,8992183,"This project provides for the design, and construction of a five usable acre neighborhood park site in the Pacific Highlands Ranch Community Plan area. The park may include turfed multi-purpose sports fields, a children's play area, multi-purpose courts, picnic facilities, walkways, security lighting, landscaping, a comfort station, half-width street improvements for the local roadways adjacent to the park and utilities to serve the park.",This project provides population-based park acreage in accordance with the City's General Plan standards to accommodate the park and recreational needs of the residents within Pacific Highlands Ranch Community.,0,0,812554,0,0,0,0
2022,Bldg - Parks - Recreation/Pool Centers,230,Parks & Recreation,Mira Mesa Community Pk Improvements,L16002,,,Council District: 6; Community Plan: Mira Mesa,40680706,40680707,"This project provides for Phase II improvements at Mira Mesa Community Park. Phase II will include an entry plaza, pool and aquatic center, new basketball courts, playground, public art, and renovation of the existing recreation center.",This project will contribute to satisfying the population-based park acreage requirements set forth in the City's General Plan.,0,0,0,0,0,0,0
2022,Golf Courses,231,Parks & Recreation,Mission Bay Golf Course,AEA00003,,,Council District: 2; Community Plan: Balboa Park; Mission Bay Park; University,50000,50000,This annual allocation provides for the replacement of minor capital assets on an as-needed basis at the City's Municipal Golf Course - Mission Bay.,This annual allocation will provide a capital assets cost-avoidance program allowing for the timely replacement of golf capital assets in order to prevent unanticipated failures.,0,0,0,0,0,0,0
2022,Parks - Miscellaneous Parks,232,Parks & Recreation,Mission Bay Improvements,AGF00004,2023,2027,Council District: 2; Community Plan: Citywide,63017808,162536739,"This annual allocation provides for permanent public capital improvements and deferred maintenance of existing facilities within the Mission Bay Park Improvement Zone in accordance with City Charter, Article V, Section 55.2. The priority projects identified in Section 55.2 include the restoration of navigable waters within Mission Bay Park, wetland expansion and water quality improvements, restoration of shoreline treatments, expansion of endangered or threatened species preserves, completion of bicycle and pedestrian paths, restoration of the seawall bulkhead on Oceanfront Walk, and deferred maintenance on existing facilities.",,65952318,7566612,6500000,6500000,6500000,6500000,0
2022,Parks - Open Space,233,Parks & Recreation,Mohnike Adobe and Barn Restoration,S13008,,,Council District: 6; Community Plan: Los Penasquitos Canyon Preserve,1443026,2852000,"This project provides for the rehabilitation/restoration of the historic adobe and hay barn located within the 14-acre Rancho Penasquitos Equestrian Center on the eastern end of the Los Penasquitos Canyon Preserve. Completion of a site assessment of the current condition of the 2,512 square-foot adobe structure, the hay barn and surrounding grounds shall include the following items: exterior walls, north and west porches, roof, interior walls, ceilings and wood floors, drainage swale on southwest, and accessibility needs to determine Phase II of rehabilitation program. Additionally, a treatment plan and historic structure report are required prior to preparation of Phase II design and construction plans for the rehabilitation due to storm damage which the barn sustained in 2010. Emergency work to shore up the barn, until a rehabilitation/restoration plan can be prepared and implemented, was completed in 2011.","Phase I of a rehabilitation program was completed in 2005, consistent with the historic structures report prepared for the Mohnike Adobe and Hay Barn, by Ferris, Johnson and Perkins Architects, Inc. in 1999. Architectural design and construction plans are required to proceed with Phase II of the project.",1408973,0,0,0,0,0,0
2022,Parks - Community,234,Parks & Recreation,North Chollas CP Improvements,L22004,,,Council District: 4; Community Plan: Mid-City: Eastern Area,977999,978000,"This project provides for the design and construction of improvements at North Chollas Community Park for Phase I & II. Phase 1 will include fencing and lighting for the sports fields, a batting cage/tunnel, cargo storage, a tot lot, a new maintenance/service road, a paved pedestrian plaza, a new pedestrian pathway, a new temporary dog park, new temporary ADA access, and electric vehicle charging stations. Phase 2 will include creek enhancements, extension of road and parking, pedestrian bridges, basketball courts, parking lot and lawn/picnic area, a new north entrance with parking and overlook deck, and retaining walls.",,0,0,0,0,0,0,0
2022,Parks - Mini Parks,235,Parks & Recreation,North Park Mini Park,S10050,2023,2023,Council District: 3; Community Plan: Greater North Park,5012503,5437503,"This project provides for the design and construction of an approximately 0.50 useable acre urban mini-park to be located behind the recently renovated North Park Theatre. The project may include plaza areas, specialty/enhanced paving areas for performances and events, an amphitheater or audience seating area, a gazebo/shade structure, walkways, seat walls, security/decorative lighting, and landscape and irrigation.","The community is currently deficient in population-based park requirements set forth in the City's General Plan. This project will add population-based park acreage to the community, contributing toward the City's population-based park requirements.",0,425000,0,0,0,0,0
2022,Bldg - Parks - Recreation/Pool Centers,236,Parks & Recreation,NTC Aquatic Center,S10000,,,Council District: 2; Community Plan: Peninsula,2067360,10067361,"This project will provide for the planning, design, and construction of a new aquatic facility center at Naval Training Center Park. The proposed facility will include but will not be limited to two competitive and recreational pools, a leisure pool with water playground features, spectator seating deck, bath house facility, and associated site improvements.",This project will contribute to satisfying the recreation facility requirement set forth in the City's General Plan.,8000000,0,0,0,0,0,0
2022,Parks - Community,237,Parks & Recreation,Ocean Air Comfort Station and Park Improvements,S16031,,,Council District: 1; Community Plan: Carmel Valley,2181792,2181793,"This project provides for the design and construction of a comfort station/concession/storage building of approximately 2,700 square feet, two new group picnic areas (six picnic tables each), and two new shade structures.",This project will expand the use of the park and contribute to satisfying population-based park acreage requirements as set forth in the City’s General Plan to serve residents.,0,0,0,0,0,0,0
2022,Parks - Shorelines,238,Parks & Recreation,Ocean Beach Pier Improvements,S20011,,,Council District: 2; Community Plan: Ocean Beach,1232905,1232906,"This project includes studies of the existing condition of the pier and analyzes alternatives for the repair, rehabilitation, or replacement of the pier. Additionally, this project provides for the emergency construction to repair two piles of the Ocean Beach Pier to address the immediate damage and to open the full length of the pier.",The project is needed to address the immediate structural damage with the pier that may be safety issues to the public.,0,0,0,0,0,0,0
2022,Parks - Shorelines,239,Parks & Recreation,Ocean Beach Pier Replacement,L22001,,,Council District: 2; Community Plan: Ocean Beach,8250000,8250000,The project provides for the design and construction of a new pier in Ocean Beach. It will also include the demolition of the existing pier.,The project is needed to address structural issues with the pier as it reaches the end of its useful life.,0,0,0,0,0,0,0
2022,Parks - Miscellaneous Parks,240,Parks & Recreation,Olive Grove Community Park ADA Improve,S15028,2023,2023,Council District: 6; Community Plan: Clairemont Mesa,1721865,5021866,"This project provides for the design and construction of Americans with Disabilities Act (ADA) improvements to the existing comfort station, children's play areas, repaving of basketball courts and parking lot, new trash enclosure, and associated paths of travel to comply with federal and State accessibility requirements.","This project is needed to upgrade the existing comfort station, new children's play areas, and associated paths of travel to comply with federal and state accessibility requirements.",0,3300000,0,0,0,0,0
2022,Parks - Mini Parks,241,Parks & Recreation,Olive St Park Acquisition and Development,S10051,,,Council District: 3; Community Plan: Uptown,5171584,5171585,"This project provides for the acquisition, design, and construction of approximately 0.36 acres of unimproved property contiguous with the south end of the existing Olive Street Park. The project will expand useable park acreage in the Uptown Community. Amenities will include multi-purpose turf areas, adult exercise area, children's play area, AIDS Memorial, overlook deck, seating, walkways, landscaping, and security lighting.",This project will contribute to satisfying population-based park acreage requirements set forth in the City's General Plan in a community currently deficient in population-based parks per General Plan guidelines.,0,0,0,0,0,0,0
2022,Bldg - Parks - Recreation/Pool Centers,242,Parks & Recreation,Park de la Cruz Community Ctr & Gym Bldg,S16059,,,Council District: 9; Community Plan: Mid-City: City Heights,10353668,10353669,"This project provides for the design and construction of tenant improvements and accessibility to of the former Copley YMCA, which will now be known as the Park de la Cruz Community Center and Gym Building. The community center will house the Therapeutic Recreation Services Program. Existing staff from Community Parks II Division and Therapeutic Recreation Services will operate and maintain the new Park de la Cruz Community Center and Gymnasium.",This project will provide an additional recreational use to serve residents in this park-deficient community and will create a new one-stop facility for the Therapeutic Recreation Services Program,0,0,0,0,0,0,0
2022,Parks - Miscellaneous Parks,243,Parks & Recreation,Park Improvements,AGF00007,2023,2024,Council District: Citywide; Community Plan: Citywide,25719659,498723372,"This annual allocation provides for the handling of all improvements to community parks, mini parks, neighborhood parks, and miscellaneous parks. Improvements include playground upgrades, accessibility improvements, lighting upgrades, and other improvements to existing parks.",This annual allocation provides improvements to existing parks that are required to meet regulations and community needs.,450408309,21845403,750000,0,0,0,0
2022,Parks - Community,244,Parks & Recreation,Rancho Bernardo CP Improvements,L20000,2023,2023,Council District: 5; Community Plan: Rancho Bernardo,2244761,2994762,"Phase I of this project will provide for the design and construction of sports field lighting at the Rancho Bernardo Community Park. Phase II will include parking lot accessibility improvements, including improvements leading to and in the dog off-leash area. Phase III of this project will provide for the design and construction of tennis courts at the Rancho Bernardo Community Park. Additional phases may include a skatepark, new playground, and pickleball and tennis courts, dependent upon General Development Plan amendment.",This project is needed to expand the hours of facility use and its capacity to serve the community's residential growth.,0,750000,0,0,0,0,0
2022,Parks - Neighborhood,245,Parks & Recreation,Rancho Mission Canyon Park Upgrades,S15004,,,Council District: 7; Community Plan: Navajo,2404694,2404695,This project provides for the design and construction of upgrades to the existing children's play area and associated paths of travel within the Rancho Mission Neighborhood Park to comply with the Americans with Disabilities Act (ADA) upgrades and improvements to comply with State and federal safety and accessibility guidelines.,This project will allow for an upgraded play area as well as accessible paths of travel to meet current State and federal safety and accessibility guidelines within the Rancho Mission Neighborhood Park play area upgrade.,0,0,0,0,0,0,0
2022,Parks - Miscellaneous Parks,246,Parks & Recreation,Regional Park Improvements,AGF00005,2024,2027,Council District: Citywide; Community Plan: Citywide,7106373,140560405,"This annual allocation provides funding for planning and implementation of permanent public capital improvements, including land acquisitions for San Diego regional parks.","San Diego's regional park system contains recreation resources unique to the City. Parks such as Balboa Park, Chicano Park, Chollas Creek, Chollas Lake, Mission Bay Park, Mission Trails Regional Park, Otay River Valley Park, Presidio Park, and San Diego River Park, as well as open space parks, coastal beaches, and contiguous coastal parks. These areas help define the City's identity, enrich the quality of life for residents, and serve as visitor attractions that strengthen the local economy. These regional treasures are threatened by increasing use and a backlog of needed improvements.",131204032,0,750000,500000,500000,500000,0
2022,Parks - Resource Based,247,Parks & Recreation,Resource-Based Open Space Parks,AGE00001,2023,2023,Council District: Citywide; Community Plan: Citywide,2434144,9993925,"This annual allocation provides for developing public facilities within the City's resource-based open space parks, including Black Mountain Open Space Natural Park, Los Penasquitos Canyon Preserve, Mission Trails Regional Park, Marian Bear Memorial Park, Tecolote Canyon Natural Park, Otay Valley Regional Park, and Rose Canyon. Other open space systems may be included as additional acquisitions are completed.","The City's open space acquisitions have resulted in increased interest by citizens, elected representatives, and government agencies in commencing development of open space public facilities, which are consistent with open space concepts such as trails, signs, historic site improvements, picnic facilities, and entry points.",6409780,1150000,0,0,0,0,0
2022,Parks - Neighborhood,248,Parks & Recreation,Riviera Del Sol Neighborhood Park,S00999,,,Council District: 8; Community Plan: Otay Mesa,9570837,9570838,"This project provides for land acquisition and development of a 4.9 useable acre neighborhood park at a site located in the Riviera del Sol Subdivision. Improvements include open lawn areas, basketball court, picnic areas, playgrounds, fitness stations, security lighting, picnic shelters, restroom building, site furnishings, and other park amenities.",This project provides population-based park acreage in accordance with the City's General Plan standards to accommodate the park and recreational needs of the residents within the Otay Mesa community.,0,0,0,0,0,0,0
2022,Parks - Miscellaneous Parks,249,Parks & Recreation,Rolando Joint Use Facility Development,S15029,,,Council District: 4; Community Plan: Mid-City: Eastern Area,1219999,1220000,This project provides for the design and construction of a joint-use facility at Rolando Park Elementary School consisting of East and West fields.,This project will contribute to satisfying population-based park acreage requirements as a park equivalency as set forth in the City's General Plan to serve residents in this park-deficient community.,0,0,0,0,0,0,0
2022,Parks - Neighborhood,250,Parks & Recreation,Sage Canyon NP Concession Bldg-Develop,S16035,,,Council District: 1; Community Plan: Carmel Valley,2010499,2010500,This project provides for the design and construction of a new concession building and the associated ADA improvements within the neighborhood park.,This project will expand the use of the park and contribute to satisfying population-based park acreage requirements as set forth in the City’s General Plan to serve residents.,0,0,0,0,0,0,0
2022,Parks - Neighborhood,251,Parks & Recreation,Salk Neighborhood Park & Joint Use Devel,S14007,,,Council District: 6; Community Plan: Mira Mesa,11287278,11287278,"This project provides for recreation improvements on 4.1 useable park acres and 2.0 useable joint-use acres at the Salk Elementary School within the Mira Mesa Community. Improvements may include a comfort station, turfed multi-purpose fields, and other park amenities as determined through a community input process.","This project is mitigation for the development of Salk Elementary School pursuant to an approved Memorandum of Understanding between the City of San Diego and the San Diego Unified School District dated October 5, 2009, and will contribute to satisfying population-based park acreage requirements set forth in the General Plan to serve residents in this park-deficient community.",0,0,0,0,0,0,0
2022,Parks - Neighborhood,252,Parks & Recreation,Solana Highlands NP-Comfort Station Development,S16032,,,Council District: 1; Community Plan: Carmel Valley,2490999,2491000,This project provides for the design and construction of a new 350 square foot comfort station within the neighborhood park.,This project will expand the use of the park and contribute to satisfying population-based park acreage requirements as set forth in the City’s General Plan to serve residents.,0,0,0,0,0,0,0
2022,Parks - Mini Parks,253,Parks & Recreation,Southeastern Mini Park Improvements,L16000,,,Council District: 8; Community Plan: Southeastern San Diego,8198151,8198152,"This project provides for the design and replacement of playground equipment, paths of travel, picnic tables, and benches at four mini parks (Island Avenue, Clay Avenue, J Street, and Gamma Mini Park which was formerly S15032 Gamma Street Mini-Park ADA Improvements) to make each Americans with Disabilities Act (ADA) accessible.",The improvements are necessary to meet accessibility standards.,0,0,0,0,0,0,0
2022,Parks - Neighborhood,254,Parks & Recreation,Southwest Neighborhood Park,S22002,,,Council District: 8; Community Plan: Otay Mesa - Nestor,1274301,1274301,"This project provides for the design and construction of a 11.53-acre neighborhood park. Park amenities may include multi-sports field (lighted), multi-purpose courts, picnic area shelter, parking lots, comfort station, and security lighting. Preliminary Engineering was completed under P18010 and the project was converted to a standalone in Fiscal Year 2022.",This project provides population-based park acreage in accordance with the City's General Plan standards to accommodate the park and recreational needs of the residents within the Otay Mesa Nestor community.,0,0,0,0,0,0,0
2022,Parks - Open Space,255,Parks & Recreation,Sunset Cliffs Natural Pk Hillside Imp Preserv Phas,L16001,,,Council District: 2; Community Plan: Peninsula,4502725,4502726,"This project will complete improvements to the Sunset Cliffs Natural Park, Hillside Park which is considered as one of the unique coastal environments in San Diego County. Phase I includes the re-vegetation of an area of the Dixon Estate structures within the Sunset Cliffs Natural Park as well as the implementation of a trail and removal of exotic non-native plants as per the community master plan. Phase II includes the re-vegetation of the remainder of Sunset Cliffs Natural Park excluding the area where the existing Ladera Street and Lomaland Drive houses are located, the construction of a trail system, observation points, pedestrian bridge, interpretive signs, re-contouring of the old ball field, and additional removal of exotic non-native plants.","This project is needed to preserve and enhance the Sunset Cliffs Natural Park, one of the unique coastal environments in San Diego County. The project begins the implementation of the Sunset Cliffs Natural Park Master Plan which was approved in 2005.",0,0,0,0,0,0,0
2022,Parks - Miscellaneous Parks,256,Parks & Recreation,Sunset Cliffs Park Drainage Improvements,L14005,2023,2027,Council District: 2; Community Plan: Peninsula,2138657,7802287,"This project provides for drainage improvements at Sunset Cliffs Natural Park, Hillside section, including the removal of existing houses located on parkland, restoration of natural areas to allow water percolation, and installation of site appropriate drainage devices. Phase I includes the removal of four existing homes located in the Sunset Cliffs Natural Park, the restoration and re-vegetation of these areas, ADA parking, and the inclusion of trails and lookouts per the community master plan. Phase II includes the evaluation of the drainage within the Sunset Cliffs Natural Park and the implementation of a complete drainage system.",This project will preserve and protect the coastal bluffs at Sunset Cliffs Natural Park from storm water runoff and soil erosion.,2968630,1095000,0,0,800000,800000,0
2022,Parks - Miscellaneous Parks,257,Parks & Recreation,Taft Joint Use Facility Development,S15026,,,Council District: 7; Community Plan: Serra Mesa,3454599,3454600,This project provides for the design and construction of a joint-use facility at Taft Middle School.,"This project will contribute towards satisfying population-based park acreage requirements as a park equivalency, as set forth in the City's General Plan to serve residents in this park-deficient community.",0,0,0,0,0,0,0
2022,Trans - Roadway - Enhance/Scape/Medians,258,Parks & Recreation,Talmadge Traffic Calming Infrastructure,S17001,,,Council District: 9; Community Plan: Mid-City: Kensington # Talmadge,329999,330000,"This project provides for the design, installation, and/or modifications to street infrastructure for traffic calming purposes within the Talmadge Maintenance Assessment District (MAD) boundaries at the intersection of Contour Boulevard/Madison Avenue and 51st Street.",The Talmadge MAD Community Advisory group discussed and approved a request for streetscape improvements and traffic calming modifications.,0,0,0,0,0,0,0
2022,Parks - Neighborhood,259,Parks & Recreation,Torrey Highlands NP Upgrades,S16036,,,Council District: 1; Community Plan: Carmel Valley,1718400,1718401,"This project provides for the design and construction of an approximately 0.5- acre additional parking area, landscaping, Americans with Disabilities Act (ADA) improvements to the existing comfort station, associated paths of travel to comply with federal and State accessibility requirements, and one new shade structure with four benches.",This project will expand the use of the park and contribute to satisfying population-based park acreage requirements as set forth in the City’s General Plan to serve residents.,0,0,0,0,0,0,0
2022,Parks - Trails,260,Parks & Recreation,Torrey Highlands Trail System,RD21003,,,Council District: 5; Community Plan: Torrey Highlands,39290,39290,"The Torrey Highlands Trail system consists of approximately 50,300 lineal feet (9.5 miles) of bicycle, hiking, and equestrian trails to be located throughout the community in accordance with the Torrey Highlands Subarea Plan. There are 3,400 linear feet of unpaved trails to be completed. This project will consist of the construction of approximately 1,200 linear feet of 4-foot wide decomposed granite trails along Camino Del Sur and Carmel Mountain Road, and approximately 700 linear feet of 6-foot wide decomposed granite trail connecting Camino Del Sur to the Del Mar Mesa and Darkwood Canyon trail system.",This project implements the Torrey Highlands Subarea Plan.,0,0,0,0,0,0,0
2022,Golf Courses,261,Parks & Recreation,Torrey Pines GC Clubhouse & Maintenance,S23005,2023,2023,Council District: 1; Community Plan: Torrey Pines,0,2000000,New clubhouse and maintenance facility at Torrey Pines Golf Course. The project will consist of the demolition of the current clubhouse and maintenance building.,"The current clubhouse experienced structural damage that required emergency action and it is necessary to replace the building before it becomes a liability to the City. The maintenance facility is not of adequate size to house all the equipment necessary to maintain the property. Torrey Pines Golf Course hosts major national championships and is currently bidding to be a future site of the U.S. Open Golf Championship. The enhancement of the property would not only improve the chances to host another U.S. Open but would be a benefit to the annual PGA Tour event hosted at Torrey Pines Golf Course, the Farmers Insurance Open.",0,2000000,0,0,0,0,0
2022,Golf Courses,262,Parks & Recreation,Torrey Pines Golf Course,AEA00001,,,Council District: 1; Community Plan: Balboa Park; Mission Bay Park; University,4409999,4410000,This annual allocation provides for the unexpected replacement of minor capital assets on an as-needed basis at the City's Municipal Golf Course - Torrey Pines.,This annual allocation will provide a capital assets cost-avoidance program allowing for the timely replacement of unanticipated failure of golf capital assets.,0,0,0,0,0,0,0
2022,Parks - Neighborhood,263,Parks & Recreation,Villa Monserate Neighborhood Park Upgrades,S16048,,,Council District: 7; Community Plan: Tierrasanta,1670102,1670103,This project provides for the design and construction of an expansion to the existing park by upgrading the two children's play areas and associated path of travel to meet accessibility requirements and providing a picnic shelter to expand the park use.,This project will expand the use of the park and contribute to satisfying population-based park acreage requirements as set forth in the City’s General Plan to serve residents.,0,0,0,0,0,0,0
2022,Parks - Miscellaneous Parks,264,Parks & Recreation,Wangenheim Joint Use Facility,S15007,,,Council District: 6; Community Plan: Mira Mesa,9517666,9517667,"This project provides for the design and construction to expand the existing joint use facility by approximately 4.0 acres at Wangenheim Middle School to supplement existing park acreage in the Mira Mesa community. Joint use improvements include multi- use sports fields, multi-purpose courts, comfort station, walkways, landscaping, parking, sports field lighting, and improvements to comply with accessibility guidelines.",This project will contribute to satisfying population-based park acreage requirements set forth in the City's General Plan to serve residents in this park-deficient community.,0,0,0,0,0,0,0
2022,Parks - Neighborhood,265,Parks & Recreation,Wightman Street Neighborhood Park,S00767,,,Council District: 9; Community Plan: Mid-City: City Heights,3530778,3530779,"This project provides for the design and development of Wightman Street Neighborhood Park on 0.9 acres of parkland. The park development will also include the implementation of the Chollas Creek Enhancement Program for Auburn Creek which is located on site. Amenities will include two half-court basketball courts, children's playground, turfed areas, and natural vegetation.",This project will contribute to satisfying the population-based park acreage requirements set forth in the City's General Plan.,0,0,0,0,0,0,0
2022,Bldg - Pub Safety - Police Fac / Struct,275,Police,Police Range Refurbishment Phase II,S18005,,,Council District: 9; Community Plan: Mid-City: City Heights,11999999,17800000,"This project includes the demolition of the dilapidated bullet back stops, removal of lead contaminated soil berms, installation of new bullet recovery systems, and other needed improvements throughout the facility.",This project will enhance safety and provide usability as a training academy for the San Diego Police Department and multiple enforcement agencies. This project also allows for the facility to be open to the public through the Revolver Club.,5800000,0,0,0,0,0,0
2022,Water - Distribution Sys - Transmission,287,Public Utilities,30th Street Pipeline Replacement,S12010,,,Council District: 3 8; Community Plan: Priority Category: Medium,33503591,33503592,"This project will replace approximately 5.11 miles of existing cast iron mains from Polk Avenue to Commercial Street. Also, it will update the transmission and distribution system in the University Heights (390 Zone) to meet its current and future needs.","This project will replace the cast iron pipe, provide supply reliability to the south end of the 390 Zone and improve water quality.",0,0,0,0,0,0,0
2022,Bldg - Water - Pump Stations,288,Public Utilities,69th & Mohawk Pump Station,S12011,2023,2023,Council District: 4 9; Community Plan: College Area; Mid-City: Eastern Area,15588593,16838594,This project will construct a new pump station at the corner of 69th Street and Mohawk Street. The new pump station will feed the 645 Redwood Village Pressure Zone.,This project will replace the existing 40-year-old Montezuma Pump Station for Redwood Village which is reaching the end of its lifecycle.,0,1250000,0,0,0,0,0
2022,Bldg - Other City Facility / Structures,289,Public Utilities,Advanced Metering Infrastructure,S17008,2023,2025,Council District: Citywide; Community Plan: Citywide,73996100,126535325,"This project deploys Advanced Metering Infrastructure (AMI) technology to approximately 280,000 water meters citywide. The AMI technology allows water meters to be read electronically rather than by direct visual inspection by field staff, which improves the accuracy of the meter reads. AMI offers several benefits, including mitigating human error in meter readings, automatically detecting leaks, and allowing customers to monitor their own hourly water consumption. This enhances customer service and assists customers with water conservation. This project also helps to implement the City's Climate Action Plan.","This project streamlines the collection of water meter information, provides near real time data, assists with promptly solving water usage and billing questions and provides customers with a tool to conserve and manage their water consumption.",0,17844981,22276782,12417461,0,0,0
2022,Water - Distribution Sys - Transmission,290,Public Utilities,Alvarado 2nd Extension Pipeline,S12013,2023,2028,Council District: 2 7; Community Plan: Mission Valley; Mission Bay Park; Linda Vista,16724241,125000000,"The Alvarado 2nd Extension Pipeline project is proposing to build a new 48-inch and a 24-inch main, extending the existing Alvarado 2nd Pipeline westerly, connecting to the new 20-inch Pacific Beach Pipeline along West Mission Bay Dr. (approx. 6.42 miles). A 536 to 390 HGL Pressure Reducing Station (PRS) will be built along the new 30-inch pipeline at the Friars Rd. and Napa St. intersection. This project includes the replacement of all parallel 16- inch AC water mains. The AC mains run along Friars Rd. between Morena Blvd. and East of Mission Center Rd. (approx. 3.90 miles). Total length of this project is approximately 10.32 miles.","This project was driven by the need to provide redundant transmission to the coastal zones of La Jolla and Pacific Beach for supply reliability. The proposed Alvarado 2nd Pipeline Extension will be the main feed to Pacific Beach Zones. With the new pipeline feeding from the Alvarado Water Treatment Plant (WTP), the San Diego County Water Authority (CWA) treated water intake at San Diego Connection #11, which currently feeds those zones will be greatly reduced. This will also provide supply flexibility between the Alvarado and Miramar WTP Service Areas.",0,35500000,240000,35000000,32000000,4535758,1000000
2022,Bldg - MWWD - Laboratories,291,Public Utilities,Alvarado Laboratory Improvements,L22000,2023,2027,Council District: 7; Community Plan: Navajo,299999,91200000,"This project will renovate Alvarado Laboratory to meet State of CA Environmental Laboratory Accreditation Program (ELAP) standards. Phase 1 includes the construction of a new lab building to increase footprint capacity from 52,595 to 73,115 square feet. New lab spaces shall create an 'open design concept' to increase opportunities for communication and collaboration to house the City's drinking water and wastewater chemistry and biology labs. In addition, new space capacity will also accommodate Industrial Wastewater Control Program and Water Systems Operation (WSO) Division staff at Alvarado. Phase 2 includes the improvement and retrofitting of the existing lab building and relocation of employees from the existing lab to the new building. In Fiscal Year 2022, this project was converted from standalone project S22000 to an L-project.","ELAP standards are required to be met for the labs to analyze samples for multiple regulatory programs; failure to meet these standards could jeopardize laboratory certifications, effectively preventing the laboratories from conducting permit-required analyses. Lab testing groups can be reorganized to share common equipment, thus reducing needs for additional lab equipment. Labs shall have independently functioning climate control systems to minimize possibility of contamination from other lab systems.",0,5855000,7136000,10000000,26169000,41740000,0
2022,Wastewater - Collection Sys - Trunk Swr,292,Public Utilities,Alvarado Trunk Sewer Phase IV,S15019,2024,2026,Council District: 7 9; Community Plan: Navajo; College Area,37079999,72350000,This project replaces and upsizes 3.12 miles of the Alvarado Trunk Sewer to provide additional capacity.,This trunk sewer will be upgraded with a larger pipe to improve capacity and condition.,0,0,14809000,11780000,8681000,0,0
2022,Bldg - Operations Facility / Structures,293,Public Utilities,Chollas Building,S11025,2023,2023,Council District: 4; Community Plan: Mid-City: Eastern Area,42951475,42011561,"This project will construct two new buildings: one two-story building for administration staff and a one-story maintenance shop. In addition, new compartment material storage bins will be constructed.",This project will allow for Water Operations Division to consolidate their staff in one central facility. The existing facility is not adequate for current needs and has surpassed the intended useful life of the structure.,0,-939914,0,0,0,0,0
2022,Bldg - Water - Pump Stations,294,Public Utilities,Cielo & Woodman Pump Station,S12012,2023,2025,Council District: 4; Community Plan: Southeastern (Encanto Neighborhoods),5877999,11040973,This project provides for the replacement of the existing Cielo and Woodman Pump Station with an 11 MGD capacity pump station and a backup generator. The Cielo & Woodman Pump Station works in conjunction with the Paradise Mesa Standpipe and three pressure regulating stations which are fed by San Diego County Water Authority connection SD#19.,This replacement of the existing deteriorating pump station will expand capacity and improve efficiency and reliability of the water system.,0,3000000,1000000,1162973,0,0,0
2022,Water - Distribution Sys - Transmission,295,Public Utilities,Corrosion Control,AKA00001,2024,2024,Council District: Citywide; Community Plan: Citywide,499999,600000,This annual allocation provides for renovating or replacing deteriorating corrosion control and monitoring systems throughout the City.,Deteriorating corrosion control and monitoring systems are in need of rehabilitation. This annual allocation provides for an ongoing program to rehabilitate over 600 existing corrosion protection stations.,0,0,100000,0,0,0,0
2022,Bldg - Water - Reservoirs/Dams,296,Public Utilities,Dams & Reservoirs Security Improvements,S22013,2023,2026,Council District: Citywide; Community Plan: Citywide,4668150,22560000,Security improvement is required to be performed at ten City-owned and operated dams to improve security and protect the raw water supply across the San Diego Region including physical and electronic security. The project was converted from sublet B21067 (ABL00001 Standpipe & Reservoir Rehabilitations) to a standalone CIP in Fiscal Year 2022.,"The City of San Diego owns and operates 10 dams and reservoirs (lakes) to store water for use when needed. While some monitoring and guarding elements are already in place and operating, there are additional security improvements that can be implemented to augment the existing security elements. This project will add physical and electronic security measures and a wireless microwave communication system to further secure the safety and security of this critical infrastructure, preventing potential loss of life should any of these facilities catastrophically fail.",0,1328709,7560000,7000000,2003140,0,0
2022,Water - Distribution Sys - Distribution,297,Public Utilities,El Camino Real Pipeline,S23000,2023,2027,Council District: 1; Community Plan: Priority Category: Low,0,9100000,"This project will install new 6,670 linear feet 16inch PVC pipeline from 24inch Cement Mortar Lined and Coated Steel (CMLCS) El Camino Real Pipeline near Rosecroft Way ‐ ‐ to proposed 16inch PVC Via De La Valle Pipeline. Other improvements include replacing valves with spools at El Camino Real and Sea Country Pressure Reducing Station (PRS), ‐ installing new El Camino Real and Modena #2 PRS next to existing El Camino West of Modena PRS, connecting new PRS to both 24inch and 12inch pipelines, adding 12inch PVC connection from existing El Camino West of Modena PRS to 12inch Asbestos Cement ‐ ‐ ‐ pipeline and upsizing Half Mile & Land Fair PRS from 10inch and 2inch to dual 12inch ‐ pipelines. ‐ ‐ ‐",,0,500000,1100000,2900000,3400000,1200000,0
2022,Water - Distribution Sys - Distribution,298,Public Utilities,El Monte Pipeline No 2,S10008,2023,2026,Council District: 7 Non-City; Community Plan: Navajo; Non City,6447999,24999951,"This project consists of the replacement of pipeline segments and tunnel repair to the El Monte Pipeline. This project also includes spot repair of the pipeline walls and joints, and air/vacuum relief valves adjustment.",The replacement and repairs are needed to mitigate the potential of a pipeline failure and reduce leakage. The project allows for more reliable operation of the pipeline and therefore facilitate water transports between the San Vicente and El Capitan Reservoir to Lake Murray and the Alvarado Water Treatment Plant.,0,6200000,7299951,3027000,2025000,0,0
2022,Bldg - MWWD - Laboratories,299,Public Utilities,EMTS Boat Dock Esplanade,S00319,,,Council District: 2; Community Plan: Peninsula,3430850,3430851,This project provides for the design and construction of the Environmental Monitoring and Technical Services (EMTS) Laboratory Boat esplanade. Approximately 33 percent of all Metro Sewer Utility Fund,"Per the terms of the land transfer from the Federal Government, Public Utilities Department (PUD) designed and constructed a 40,000 square foot ocean monitoring laboratory which is now in operation. This project will fulfill the City's commitment to develop the esplanade as required.",0,0,0,0,0,0,0
2022,Bldg - MWWD - Laboratories,300,Public Utilities,Enviro Monitoring Tech Svcs Div Lab Remodel at NTC,S21003,2023,2028,Council District: 2; Community Plan: Peninsula,1999999,33290000,"This project will renovate, remodel, and reconfigure existing office and laboratory spaces, upgrade the structural system at strategic locations, and construction of a new high bay Ocean Operations building, including site improvement of existing parking lot on the Public Utilities, EMTS Division Lab located at the Naval Training Center (NTC) facility.","Upgrade and remodel offices and laboratory spaces to increase functionality, address recurring HVAC and mechanical issues, comply with structural and seismic code. The remodeled facility aims to comply with the State of California Environmental Laboratory Accreditation Program (ELAP) standards for a lab testing facility and to achieve the LEED Silver for Commercial Interiors.",0,3000000,1120000,23778770,900000,900000,1591230
2022,Water - Distribution Sys - Distribution,301,Public Utilities,Freeway Relocation,AKB00002,,,Council District: Citywide; Community Plan: Citywide,2371999,2372000,This annual allocation provides funding to relocate water lines in conflict with highway construction zones.,Waterline relocation is required by the State Department of Transportation's effort to expand the State Highway System. Relocation projects are accomplished in conjunction with highway projects,0,0,0,0,0,0,0
2022,Bldg - Water - Wells,302,Public Utilities,Groundwater Asset Development Program,ABM00001,,,Council District: Citywide; Community Plan: Citywide,495328,495328,"This annual allocation provides for investigation work related to legal, technical, regulatory, and water quality issues; and for the planning, design, and construction of groundwater facilities to increase the local water supply.","The City imports 85 percent of its water from the Colorado River and the State Water Project. The City has access to several under-utilized groundwater assets that could be developed to supply new yield, seasonal storage, or carryover storage.",0,0,0,0,0,0,0
2022,Wastewater - Collection Sys - Trunk Swr,303,Public Utilities,Harbor Drive Trunk Sewer,S18006,2023,2024,Council District: 3 8; Community Plan: Barrio Logan; Centre City,21045000,44200000,"This project will upsize the existing 12-inch, 15-inch, 18-inch, and 24-inch Harbor Drive Trunk Sewer from 12th Avenue and Imperial Avenue to Sewer Pump Station #5 (Beardsley Street and Harbor Drive) with 18-inch, 21-inch, and 30-inch diameter sewer mains for a total length of 4,650 lineal feet. The project was originally setup as a participation agreement under RD16001 and was later converted to a standalone project.","The Harbor Drive Trunk Sewer is constructed of Techite pipe, which is known to be a high risk for catastrophic failure. The replacement of this trunk sewer will address the structural integrity of the existing sewer mains and provide additional capacity to accommodate the future flows.",0,5454999,17700000,0,0,0,0
2022,Water - Distribution Sys - Distribution,304,Public Utilities,Instrumentation and Control,AKB00007,,,Council District: Citywide; Community Plan: Citywide,200000,200000,This Annual Allocation provides for replacement and upgrades of the existing Supervisory Control and Data Acquisition (SCADA) equipment for the water distribution system.,The existing control system is outdated and exceeded its life cycle. This replacement will improve and enhance the control system capabilities as well as update the system to the current technology.,0,0,0,0,0,0,0
2022,Wastewater - Collection Sys - Trunk Swr,305,Public Utilities,Kearny Mesa Trunk Sewer,S20000,2023,2026,Council District: 6 7; Community Plan: Kearny Mesa; Serra Mesa; Mission Valley,5499999,24868300,"This project involves the repair and rehabilitation of 7.89 miles of existing 12- inch to 36-inch deteriorated sewer pipes, repair/rehabilitation of 56 manholes and replacement of 2.18 miles of pipes ranging from 12-inch to 33-inch and 24 manholes. The scope also includes the abandonment of 3,012 feet of the existing 12-inch sewer mains and 8 manholes located in the northwest corridor of 52 Freeway and Interstate 15.",Replace and rehabilitate deteriorated sewer pipes and manholes.,0,300000,425000,8475000,10168300,0,0
2022,Water - Distribution Sys - Transmission,306,Public Utilities,Kearny Villa Rd Pipeline,S23001,2023,2028,Council District: 6; Community Plan: Kearny Mesa,0,48400000,"This project will install 24,170 linear feet of 36-inch pipeline on Kearny Villa Road between Miramar Road and Clairemont Mesa Boulevard.",To provide a second feed to ensure water reliability to the community.,0,500000,4500000,10000000,10000000,10000000,13400000
2022,Water - Distribution Sys - Transmission,307,Public Utilities,La Jolla Scenic Drive 16inch Main,S12009,,,Council District: 1; Community Plan: La Jolla,12347999,12348000,"This project provides for replacement of 18,555 linear feet (3.51 miles) of existing 6-inch to 12-inch asbestos cement water main, and 1,573 linear feet (0.30 miles) of existing 8-inch polyvinyl chloride (PVC) water main and installation of 902 linear feet (0.17 miles) of 16-inch PVC transmission line between Soledad Mountain Road and the existing Mount Soledad Pump Station. In addition, it includes the installation of all associated water services, fire hydrants, curb ramps, traffic control, and abandon by slurry fill a total of 1,089 linear feet (0.21 miles) of existing 16-inch water main, of which 300 linear feet is ductile iron and 789 linear feet is asbestos cement. This project also includes the relocation of an existing pressure reducing station.","The current distribution grid has insufficient capacity to meet fire flow and is a bottleneck that leads to two isolated portions of the 725 Zone. If either of the pump/reservoir tandems that feed the zone go out of service, feed from the other tandem could not effectively be moved across the zone.",0,0,0,0,0,0,0
2022,Water - Distribution Sys - Distribution,308,Public Utilities,La Jolla View Reservoir,S15027,2025,2027,Council District: 1; Community Plan: La Jolla,6217500,35752777,"This project will provide for the construction of a new 0.72 million gallons (MG) prestressed concrete reservoir. Also, it will install 600 feet of 16-inch pipeline and demolish the old La Jolla View Reservoir and the La Jolla Exchange Place Reservoir and Pump Station.","This project will replace the existing La Jolla View Reservoir which will improve water quality, set the new reservoir to appropriate health guidelines and improve fire flow capacity in the 610 Zone.",0,0,0,5635157,8512500,15387619,0
2022,Bldg - Water - Reservoirs/Dams,309,Public Utilities,Lake Hodges Dam Replacement,S23002,2023,2028,Council District: 5; Community Plan: San Pasqual,0,150000000,"This project will construct a new roller compacted concrete dam about 100 feet downstream of the existing dam. While the dam is a City asset, the project will include cost- sharing with the other jurisdictions, including the San Diego County Water Authority, which maintains capacity rights to the 30,633 Acre Feet (AF) of storage. The City maintains 5,317 AF of capacity rights. The City expects to maintain ownership of the new dam.","Hodges Dam is over 100 years old and is the second oldest dam in the City's system. Currently, the dam has its capacity limited to 13,401 AF based on restrictions from the California Department of Water Resources' Division of Safety of Dams to mitigate risk of dam failure. This project will provide a long-term solution to mitigate these risks and ensure that Lake Hodges continues to be a critical asset in the region's water delivery system.",0,500000,5000000,10000000,20000000,20000000,94500000
2022,Water - Distribution Sys - Transmission,310,Public Utilities,Lakeside Valve Station Replacement,S22003,2023,2025,Council District: Non-City; Community Plan: Non City,17589999,42397105,This project will replace the existing deteriorated and underground Lakeside Valve Station with a new valve station. Relocate the new station above ground by demolishing the onsite out-of-service Lakeside Valve Station and adjacent out-of-service keeper's house. Build a new valve station and building at the location of the existing valve station and also includes an emergency generator. This project was converted from sublet project B17082 (AKA00003 Large Diameter Water Transmission PPL) to a standalone CIP in Fiscal Year 2022.,This replacement of the existing deteriorating valve station will improve efficiency and reliability of the raw water system.,0,5617782,10000000,9189323,0,0,0
2022,Water - Distribution Sys - Transmission,311,Public Utilities,Large Diameter Water Transmission PPL,AKA00003,2023,2027,Council District: Citywide; Community Plan: Citywide,54081413,126727604,This annual allocation allows for the replacement of 16-inch and larger diameter water pipelines at various locations throughout the City.,This annual allocation provides for the replacement of large diameter pipelines that are deteriorated in condition or have reached the end of their service life.,0,10898319,27318709,18010294,10229583,6189286,0
2022,Bldg - MWWD - Treatment Plants,312,Public Utilities,MBC Equipment Upgrades,S17013,2023,2025,Council District: 6; Community Plan: Kearny Mesa,42256843,54891713,"Project consists of replacing aging equipment throughout various process areas to ensure the plant operates reliably. Improvements include installation of new raw solids feed pumps, replacement of existing thickening centrifuges, upgrades to anaerobic digesters, improvements to the sludge dewatering system and other upgrades. Approximately 33 percent of all Metro Sewer Utility Fund","To ensure that the plant operates reliably and efficiently, process equipment associated with anaerobic digestion and sludge dewatering must be replaced.",0,6245622,4920590,1468657,0,0,0
2022,Bldg - MWWD - Treatment Plants,313,Public Utilities,Metro Treatment Plants,ABO00001,2023,2027,Council District: 2 6 7 8; Community Plan: Peninsula; University; Tijuana River Valley,30906941,58263546,"This annual allocation provides for replacement or improvements of facilities at Metro Treatment Plants: Point Loma Wastewater Treatment Plant (PLWTP), North City Water Reclamation Plant (NCWRP), South Bay Water Reclamation Plant (SBWRP), and Metro Biosolids Center (MBC). Approximately 33 percent of all Metro Sewer Utility Fund",Various facilities require replacement due to increasing wastewater flows and to be compliant with current regulatory requirements. This annual allocation will be considered an enhancement to the facility and does not include operation and maintenance.,0,14110687,8162109,4401152,287170,395487,0
2022,Bldg - MWWD - Pump Stations,314,Public Utilities,Metropolitan System Pump Stations,ABP00002,2023,2027,Council District: Citywide; Community Plan: Citywide,5611269,30858443,"This annual allocation provides for comprehensive upgrades, design modifications, and renovations or replacement of equipment such as pumps, valves, tanks, controls, odor control systems, etc. at Metropolitan System Pump Stations 1, 2, Otay River, and Grove Avenue. Approximately 33 percent of all Metro Sewer Utility Fund",,0,1620000,3680734,7552599,8438966,3954875,0
2022,Wastewater - Collection Sys - Trunk Swr,315,Public Utilities,Metropolitan Waste Water Department Trunk Sewers,AJB00001,2023,2026,Council District: Citywide; Community Plan: Citywide,15610284,38789229,"This annual allocation provides for the replacement of trunk sewers at various locations, including canyons, within the City limits. Approximately 33 percent of all Metro Sewer Utility Fund","This annual allocation provides for the upgrading of trunk sewers to improve the level of service to residents of the City of San Diego, and to comply with regulatory agencies by reducing the possibility of sewer spills.",0,2200000,12341283,5134279,3503382,0,0
2022,Bldg - Water - Standpipes,316,Public Utilities,Miramar Clearwell Improvements,S11024,,,Council District: 5; Community Plan: Scripps Miramar Ranch; Miramar Ranch North,120328743,120328744,"This project constructs two new potable water storage clearwells, associated piping and facilities for a total storage capacity of 58.3 million gallons (MG); removes existing Clearwell Nos. 1 and 2 and associated piping and facilities; constructs a new chlorine contact chamber with an adjoining lift station for a maximum plant capacity of 215 million gallons per day (MGD), a new maintenance building, a new guard house, and installs a one megawatt Photovoltaic System on the deck of Clearwell No. 2.",The existing clearwells were determined to have significant structural stability concerns. The lift station will improve filter performance and increase hydraulic grade line to 712 feet.,0,0,0,0,0,0,0
2022,Water - Distribution Sys - Distribution,317,Public Utilities,Montezuma,S11026,2024,2025,Council District: 7 9; Community Plan: College Area; Navajo,32092199,63092200,"This project will construct a new 66-inch pipeline from the Alvarado Water Treatment Plant Clearwells to the 69th and Mohawk pump station. Approximate pipeline length is 5,297 linear feet. This project also includes street resurfacing of 70th Street and Lake Murray Boulevard as part of a future reimbursement agreement with the City of La Mesa. This project was added to the City's existing litigation with SDG&E (which is primarily associated with the Pure Water project) regarding costs to relocated SDG&E in Fiscal Year 2021.","This project will give complete redundancy to the Trojan Pipeline and will add transmission capacity to all of San Diego south of Highway 8. The project will provide a back- up supply for the aging 54-inch Trojan Pipeline that currently supplies the Mid-City Pipeline west of the 63rd Street inter-tie, a second supply line to the largest region of the Alvarado Water Treatment Plant service area, and a back-up service that will allow the Trojan Pipeline to be removed from service for inspection. In addition, the project provides connections for a new 69th and Mohawk Pump Station to become the lead supply to the Redwood Village (645 Zone).",0,0,20000000,11000000,0,0,0
2022,Water - Distribution Sys - Transmission,318,Public Utilities,Morena Pipeline,S16027,2023,2025,Council District: 2 6 7; Community Plan: Linda Vista; Clairemont Mesa; Mission Valley,38736152,73731014,"This project will replace 19,765 feet of existing cast iron and asbestos cement 16-inch pipeline with 16-inch PVC and install 17,440 feet of new 36-inch steel pipeline (CML & C)along Morena Blvd from Friars Road to Balboa Avenue. Total length of this project is 38,012 feet.",This project was driven by the need to provide redundant transmission capacity to the coastal regions of Pacific Beach and La Jolla. This pipeline will also allow the beach areas to be fed by the Alvarado Water Treatment Plant which helps maximize local water resources.,0,12077110,12350414,10567337,0,0,0
2022,Wastewater - Collection Sys - Trunk Swr,319,Public Utilities,Murphy Canyon Trunk Sewer Repair,S22014,2023,2026,Council District: 6 7; Community Plan: Kearny Mesa; Mission Valley; Serra Mesa; Tierrasanta,3957387,39072000,"This project will improve the capacity of existing trunk sewer infrastructure by installing approximately 1.3 miles of new gravity sewer pipelines, rehabilitating approximately 5.2 miles of existing sewer pipelines, and abandoning approx. 1.1 miles of existing sewer pipeline and manholes. The existing trunk sewer is located parallel to I-15, mainly on or near Murphy Canyon Road from Clairemont Mesa Boulevard to south of Friars Road. In addition, part of sewer rehabilitation will take place on Ruffin Road from Balboa Avenue to Aero Drive and on Aero Drive from Ruffin Road to Sandrock Road. This project was converted from sublet B17005 (AJB00001 Metropolitan Waste Water Department Trunk Sewers) to a standalone project in Fiscal Year 2022.","This project will replace or rehabilitate more than 35,765 linear feet of aging and deteriorating sewer pipe servicing communities. The new and rehabilitated sewer distribution pipelines will bring the existing mains up to modern standards, accommodate community growth and reduce maintenance requirements.",0,4000000,18000000,11000000,2114612,0,0
2022,Bldg - MWWD - Treatment Plants,320,Public Utilities,NCWRP Improvements to 30 mgd,S17012,2023,2026,Council District: 1; Community Plan: University,24837684,40825731,"The North City Water Reclamation Plant (NCWRP) treats wastewater from several San Diego communities and distributes recycled water for irrigation and industrial purposes throughout the surrounding areas. The condition and hydraulic capacity of the existing equipment at the NCWRP has been assessed through the review and examination of the plant design drawings, operation and assessment. It was determined that improvements to the process equipment are needed in order to ensure the facility is capable of operating reliably at its design capacity of 30 million gallons per day (MGD). Approximately 33 percent of all Metro Sewer Utility Fund",This project entails improvements to the process equipment at the NCWRP in order to ensure the facility is capable of operating reliably at its design capacity of 30 MGD.,0,9445956,4134236,1776790,631064,0,0
2022,Wastewater - Collection Sys - Main,321,Public Utilities,North,S22001,2023,2027,Council District: 2 3 7 8; Community Plan: Priority Category: High,0,26000000,Repair and rehabilitation of the North Metropolitan Interceptors (NMI) and South Metropolitan Interceptors (SMI) and access structures. Several pipeline segments will be rehabilitated or repaired. Several access structures and siphon access structures will be repaired. Approximately 33 percent of all Metro Sewer Utility Fund,"NMI and SMI are singular critical interceptors conveying wastewater flows from North and South of the City to PLWTP via PS2. SMI and a portion of NMI do not have a redundancy pipeline for backup in the event these pipelines go out of service. If NMI and SMI are not repaired or maintained, there is the potential risk of major wastewater collection interruption, sewer overflow, property and environmental damage, and fines due to pipe failure.",0,500000,3000000,4500000,8000000,10000000,0
2022,Water - Distribution Sys - Transmission,322,Public Utilities,Otay 1st/2nd PPL West of Highland Avenue,S12016,,,Council District: 3 9; Community Plan: City Heights; North Park,29440499,29440500,"This project provides for replacement of the Otay 1st and 2nd Pipeline (west of Highland Avenue, along the existing Otay 2nd alignment). It will replace 26,090 linear feet of existing cast iron and asbestos cement transmission mains and distribution mains with new mains.",This project will replace the existing deteriorated cast iron pipe. The new pipeline will provide supply reliability and improve water quality.,0,0,0,0,0,0,0
2022,Water - Distribution Sys - Transmission,323,Public Utilities,Otay 2nd Pipeline Phase 4,S20001,2025,2028,Council District: Non-City; Community Plan: Non City,4149999,38008900,"This project will replace an existing portion of the Otay 2nd Pipeline in the County of San Diego and in the City of Chula Vista between Bonita Road (North end) and Telegraph Canyon Road (South end) and install a new distribution main to supply water to a number of existing customers currently connected directly into the main transmission pipeline. The work will replace approximately 16,910 linear feet of existing Otay 2nd steel piping with new 48” Cement Mortar Lined and Tape Coated piping, and construct approximately 1,041 linear feet of new 8” distribution piping to serve existing customers.",This project will replace and up-size existing deteriorated piping to provide supply reliability for the Alvarado service area and increase operational flexibility of the system. Several existing residential water connections will be transferred to the new 8” distribution pipe in compliance with the City’s design guidelines.,0,0,0,10000000,10000000,10000000,3858900
2022,Water - Distribution Sys - Transmission,324,Public Utilities,Otay 2nd Pipeline Steel Replacement Ph 5,S21000,2023,2028,Council District: 4; Community Plan: Mid-City: Eastern Area; Southeastern (Encanto Neighborhoods),1099999,20129000,This project will replace the existing 36-inch Steel Cylinder Cement (CMLCS) pipe with 42-inch CMLCS pipe from Balboa Vista Drive south of Seifert Street to the intersection of 60th Street and Tooley Street. The project also includes a new tunneling segment under SR- 94.,This project will replace and up-size existing deteriorated piping to provide supply reliability for the Alvarado service area and increase operational flexibility of the system. Seventeen existing residential water connections will be transferred to the new 8” distribution pipe in compliance with the City’s design guidelines.,0,2000000,1000000,500000,500000,7000000,8029000
2022,Water - Distribution Sys - Transmission,325,Public Utilities,Otay Second Pipeline Relocation-PA,S15016,2023,2027,Council District: Non-City; Community Plan: Non-City,13096170,28093224,"This project is a participation agreement and will relocate 7.82 miles of potable water transmission pipelines from Otay Water Treatment to Olympic Parkway. The participation agreement outlines each segment of work, the City and Developer costs, and the","As the Otay Ranch Community develops, the existing Otay 2nd Pipeline, Otay 3rd Pipeline, South San Diego Pipeline No. 1, and South San Diego Pipeline No. 2 will be relocated into the City of Chula Vista’s public rights-of-way.",0,7750000,2000000,2000000,2000000,1247053,0
2022,Bldg - Water - Treatment Plants,326,Public Utilities,Otay Water Treatment Plant Upgrade Ph 3,S23003,2023,2028,Council District: Non-City; Community Plan: Non-City,0,32000000,"Rehabilitate two existing flocculation and sedimentation basins by adding plate settlers, launders, and a new sludge collection system. Apply coatings to filter effluent channels and the filters 9-16 influent channel and replace valves on filters 1-16. Upgrade chemical tanks, feed systems, and install flow controls. Expand and improve the operations building. Other improvements include install raw water meter, throttling valve and overflow structure on San Diego County Water Authority connection, perform seismic improvements, and perform improvements for security guard station.",,0,500000,1000000,2500000,5000000,5000000,18000000
2022,Water - Distribution Sys - Transmission,327,Public Utilities,Pacific Beach Pipeline South (W),S12015,,,Council District: 2; Community Plan: Priority Category: Low,44359932,44359933,"Replacement of approximately 7.8 miles of existing transmission and distribution mains known as Pacific Beach Pipeline along Ingraham Street, West Mission Bay Drive, Sports Arena Boulevard, Midway Drive, Enterprise Street, Pacific Highway, Kurtz Street, Hancock Street, California Street, West Walnut Avenue, Vine Street, and Kettner Boulevard from the Buena Vista Street and Ingraham Street intersection through the Upas and Kettner Boulevard intersection. The project also includes demolition of the existing Pacific Beach Reservoir, abandonment of existing 16-inch pipeline from this reservoir through Tourmaline Street and Foothill Boulevard, and replacement of adjacent water mains along West Mission Bay Drive from Mission Boulevard through Ingraham Street, along Hancock Street from Estudillo Street through Noell Street, along West Washington Street from Hancock Street through Pacific Highway, and along Anna Avenue from Pacific Highway to Lovelock Street.",,0,0,0,0,0,0,0
2022,Wastewater - Collection Sys - Main,328,Public Utilities,Pipeline Rehabilitation,AJA00002,2023,2027,Council District: Citywide; Community Plan: Citywide,86511438,115301978,This annual allocation provides for the rehabilitation and repair of deteriorated sewers and manholes at various locations within the Municipal Wastewater System.,"This annual allocation provides for the extension of the useful life of sewers and manholes, improvements in the level of service to the residents of San Diego, and compliance with regulatory agencies' standards by reducing the possibility of sewer spills.",0,4369229,3110193,2121582,2710777,16478758,0
2022,Water - Distribution Sys - Transmission,329,Public Utilities,Pressure Reduction Facility Upgrades,AKA00002,2023,2027,Council District: Citywide; Community Plan: Citywide,5192223,37856251,This annual allocation provides for replacing existing pressure reducing stations or expanding pressure capacities to meet present and future water demands.,Increasing demands for water throughout the City requires pressure reducing stations to better control water pressure throughout the City's system. This annual allocation will continue to fund the replacement and expansion of pressure reduction facilities.,0,200000,5564258,7910766,12065031,6923972,0
2022,Bldg - MWWD - Pump Stations,330,Public Utilities,PS2 Power Reliability & Surge Protection,S00312,,,Council District: 2; Community Plan: Peninsula,76100799,76100800,This project improves the reliability of Pump Station 2 and provides the required surge protection and backup power against an electrical outage in compliance with the Environmental Protection Agency (EPA) recommendation of standby power for essential facilities. This project also provides the required building upgrades (ADA compliant restrooms and offices). Approximately 33 percent of all Metro Sewer Utility Fund,"Sewer Pump Station 2 currently has three feeds from San Diego Gas and Electric (SDG&E). Two of the feeds are fed from the same substation. Neither of the two SDG&E substations provide 100% power to Pump Station 2. EPA guidelines recommend that facilities like Pump Station 2 be equipped with two separate and independent sources of electrical power provided from either two separate utility substations or from a single substation and a plant base generator. The current pump station electrical configuration does not comply with the EPA recommendations. Besides satisfying the EPA guidelines, it is also required that force main surge protection be provided at all times during pump station operation and in the event of a total power failure.",0,0,0,0,0,0,0
2022,Bldg - MWWD - Pump Stations,331,Public Utilities,Pump Station Restorations,ABP00001,2024,2027,Council District: Citywide; Community Plan: Citywide,14986652,15289049,This annual allocation provides for the replacement of deteriorated municipal pumping equipment and/or pipeline appurtenances.,Many existing sewer pump stations have reached or exceeded their anticipated service life.,0,0,72171,74410,76718,79097,0
2022,Potable Reuse,332,Public Utilities,Pure Water Phase 2,ALA00002,2023,2028,Council District: Citywide; Community Plan: Citywide,3536568,3500199999,"The Pure Water Program will be implemented in two phases. This annual allocation provides funding for Phase 2 of the Program. It includes the design and construction of several facilities including a Small-Scale Facility that will be used to pilot technology, a 53 million gallon per day (MGD) Pure Water Facility, and a Central Area Water Reclamation Plant. An extensive conveyance system to deliver pure water between each facility and, ultimately, to a reservoir is also included.",This project is needed to meet the requirements in the upcoming Ocean Pollution Reduction Act II (OPRA II) legislation and to reduce reliance on external water sources by providing an uninterruptable local water supply.,0,36000000,6236692,6430140,6629589,3444702,3437922308
2022,Potable Reuse,333,Public Utilities,PURE Water Program,ALA00001,2023,2026,Council District: Citywide; Community Plan: Citywide,975288268,1476428105,"The Pure Water Program will be implemented in two phases. This annual allocation provides funding for Phase I of the Program and it includes the design and construction of several facilities including a 30 million gallons per day (MGD) Pure Water Facility, expansion of the existing North City Water Reclamation Plant from 30 MGD to 52 MGD, 30 MGD Pure Water Pump Station and Conveyance system to deliver pure water to Miramar Reservoir, and a 37 MGD pump station and forcemain on Morena Blvd, which will convey additional wastewater from the central area of San Diego to the North City Water Reclamation Plant. The Phase I project will also include an upgrade to the MBC Facility. The capacity and location of the Phase II Pure Water project will be determined once Phase II Pure Water Program validation is complete.",This project is needed to meet the new permit requirement stipulated in the 2015 Point Loma Wastewater Treatment Plant permit application and to reduce reliance on external water sources by providing an uninterruptable local water supply.,0,302511779,152397386,35909845,10320827,0,0
2022,Bldg - Water - Pump Stations,335,Public Utilities,Rancho Bernardo Industrial Pump Stn Replacement,S21004,2023,2027,Council District: 5; Community Plan: Rancho Bernardo,2399999,13048000,Construct a new Rancho Bernardo Industrial Pump Station (RBI PS) to meet future demand and fire flow in the Pomerado Park HGL 920 zone. This project also includes the demolition of the existing pump station.,The existing RBI PS needs to be replaced due to aging infrastructure and exceeded service life.,0,500000,0,3648000,4500000,2000000,0
2022,Reclaimed Water System - Pipelines,336,Public Utilities,Recycled Water Systems Upgrades,AHC00004,,,Council District: Citywide; Community Plan: Citywide,49999,49999,This annual allocation provides for the upgrade and replacement of recycled water system components as necessary.,Replacement and upgrades are necessary for the ongoing operation of the recycled water system.,0,0,0,0,0,0,0
2022,Bldg - MWWD - Treatment Plants,337,Public Utilities,SBWR Plant Demineralization,S00310,,,Council District: 8; Community Plan: Tijuana River Valley,5716910,5716911,This project provides demineralization of reclaimed water using the Electrodialysis Reversal (EDR) process. The project relocated two trailer mounted EDR units from the North City Water Reclamation Plant to the South Bay Water Reclamation Plant to reduce the Total Dissolved Solids (TDS) in the reclaimed water. Approximately 33 percent of all Metro Sewer Utility Fund,The majority of reclaimed water is used for irrigation. Demineralization reduces the level of total dissolved solids in the reclaimed water.,0,0,0,0,0,0,0
2022,Bldg - Other City Facility / Structures,338,Public Utilities,Sewer CIP Emergency Reserve,ABT00007,,,Council District: Citywide; Community Plan: Citywide,10000000,10000000,This project is an emergency capital reserve intended to be used for emergency capital needs.,This reserve is required to comply with the City's reserve policy 100-20.,0,0,0,0,0,0,0
2022,Wastewater - Collection Sys - Main,339,Public Utilities,Sewer Main Replacements,AJA00001,2023,2027,Council District: Citywide; Community Plan: Citywide,364686691,697099287,This annual allocation provides for the installation/replacement of deteriorated and undersized sewer mains at various locations within the Municipal Wastewater System.,This annual allocation provides for the replacement of sewer mains that are in a deteriorated condition or are undersized.,0,66884337,85292180,97752273,46009634,36474171,0
2022,Bldg - Water - Reservoirs/Dams,340,Public Utilities,South San Diego Reservoir Replacement,S23004,2023,2028,Council District: Non-City; Community Plan: Non-City,0,45600000,The project will replace the existing 15 million gallons (MG) rectangular concrete reservoir with two (2) 7.7 MG prestressed circular tanks and relocate Coronado Wye valving to reservoir site.,The reservoir has reached the end of its estimated useful life.,0,500000,2000000,8000000,14000000,12000000,9100000
2022,Bldg - Water - Standpipes,341,Public Utilities,Standpipe and Reservoir Rehabilitations,ABL00001,2023,2027,Council District: Citywide; Community Plan: Citywide,25436938,60511210,"This annual allocation provides for rehabilitation, upgrades, and improvement projects at reservoirs, dams, and standpipes to improve operations and extend their service life.","The existing reservoirs, dams, and standpipes in the water system have deteriorated and need to be reconstructed or replaced to meet the current Occupational Safety and Health Act and Environmental Protection Agency safety and water quality standards.",0,2300000,7990436,14781595,8118993,1883247,0
2022,Wastewater - Collection Sys - Trunk Swr,342,Public Utilities,Tecolote Canyon Trunk Sewer Improvement,S15020,2023,2026,Council District: 2 6 7; Community Plan: Clairemont Mesa; Linda Vista,20179999,48000000,"This project upsizes approximately 3.82 miles of existing 15 to 21-inch vitrified clay (VC) sewer pipe to new 18- to 30-inch PVC in Tecolote Canyon to provide additional capacity, and to rehabilitate approximately 1.21 miles of existing 15-inch VC sewer pipe. An access path is also being designed and constructed as part of the project.",Improvements are needed to accommodate future flow capacity and address deteriorated conditions within the Tecolote Canyon Trunk Sewer.,0,16000000,6000000,5000000,820000,0,0
2022,Water - Distribution Sys - Transmission,343,Public Utilities,"TH 16"" Water Mains",RD21007,,,Council District: 5; Community Plan: Torrey Highlands,338136,338137,"This project is the extension of a 16” water line in Camino Del Sur from the SR- 56 to 1,600 feet north of Park Village Road and in Carmel Mountain Road from the SR-56 to Camino Del Sur. Project also includes a 16” recycled water line extension in Camino Del Sur from the SR-56 to 1,600 feet north of Park Village Road. This is project U-3 in the Torrey Highlands Public Facilities Financing Plan.",This project implements the Torrey Highlands Subarea Plan.,0,0,0,0,0,0,0
2022,Bldg - Water - Pump Stations,344,Public Utilities,Tierrasanta (Via Dominique) Pump Station,S12040,,,Council District: 7; Community Plan: Tierrasanta,18918995,18918996,"This project provides for a new station with a total pump station capacity of 13.9 million gallons per day (MGD), and 2,900 feet of 16-inch transmission mains. It will replace the existing temporary Tierrasanta Pump Station and Via Dominique Pump Station and will serve the Tierrasanta Norte 900 Zone and the Tierrasanta 752 Zone.",The existing pump stations are past their useful life and are heavily deteriorated and inefficient.,0,0,0,0,0,0,0
2022,Water - Distribution Sys - Distribution,345,Public Utilities,University Ave Pipeline Replacement,S11021,,,Council District: 3; Community Plan: Uptown; North Park,29299999,29300000,"This project replaces 23,072 linear feet of the existing cast iron University Avenue Pipeline with a new 16-inch distribution line along the entire alignment of the pipeline. This project will connect crossing distribution lines at all intersections, and re- connect all services, including tunneling at State Route 163.",This project will replace the existing deteriorated cast iron pipe. The University Avenue Pipeline was built in 1912 and lined with concrete in 1974. The replacement of cast- iron pipes is mandated by the California Department of Public Health's (CDPH) Compliance Order. The new pipeline will provide supply reliability and improve water quality.,0,0,0,0,0,0,0
2022,Bldg - Water - Reservoirs/Dams,346,Public Utilities,University Heights Reservoir Rehabilitation,S20002,2024,2026,Council District: 3; Community Plan: Greater North Park,1999999,18200000,"This project will install Supervisory Control and Data Acquisition (SCADA) and instruments, install valves, update the Valve Building, install mixing appurtenance, and fix structural issues with reservoir.","The Reservoir needs repairs to remain in service, the yard-piping needs to be reconfigured to connect to the proposed Otay 1st and 2nd Pipelines West of Highland Avenue Project, and address water quality issues.",0,0,4500000,4400000,7300000,0,0
2022,Wastewater - Collection Sys - Main,347,Public Utilities,Unscheduled Projects,AJA00003,,,Council District: Citywide; Community Plan: Citywide,1500897,1500898,This annual allocation provides for the repair and replacement of municipal and metropolitan sewers in need of emergency repairs.,This annual allocation provides for emergency repairs and replacement of sewer pipeline to avoid failures of the Municipal and Metropolitan Sewer System.,0,0,0,0,0,0,0
2022,Water - Distribution Sys - Distribution,348,Public Utilities,Upas St Pipeline Replacement,S11022,,,Council District: 2 3; Community Plan: Uptown; Greater North Park; Midway - Pacific Highway,36265019,36265019,"This project replaces 5.67 miles of cast iron mains along the Upas Street Pipeline from Ray Street to Pacific Highway, as well as portions of the 5th Avenue pipeline and the Park Boulevard pipeline. This project also installs one new pressure reducing station and replaces three existing pressure reducing stations.",This project will replace the existing deteriorated cast iron pipe. The new pipeline will improve supply reliability and water quality.,0,0,0,0,0,0,0
2022,Water - Distribution Sys - Distribution,349,Public Utilities,Water & Sewer Group Job 816 (W),S13015,,,Council District: 2; Community Plan: Pacific Beach,18199391,18199392,"This project is in the Pacific Beach Community and provides for the replacement and expansion of 30,879 linear feet of various pipe materials and sizes. This project also installs curb ramps and paving due to modifications to a pressure reducing station.",The majority of Pacific Beach Community pipelines are made of cast iron and are due for replacement in accordance with California Department of Public Health's (CDPH) Compliance Order. This project is intended to reduce maintenance and improve service.,0,0,0,0,0,0,0
2022,Bldg - Other City Facility / Structures,350,Public Utilities,Water CIP Emergency Reserve,ABT00008,,,Council District: Citywide; Community Plan: Citywide,5000000,5000000,This annual allocation provides for an emergency financial reserve for Water Fund capital improvement projects.,This reserve is required to comply with the City's reserve policy 100-20.,0,0,0,0,0,0,0
2022,Water - Distribution Sys - Distribution,351,Public Utilities,Water Main Replacements,AKB00003,2023,2027,Council District: Citywide; Community Plan: Citywide,516734525,956030777,This annual allocation allows for the installation/replacement of water mains at various locations throughout the City.,Water mains require replacement due to their deteriorated condition or size limitation. The existing pipeline is either approaching or has exceeded its expected life. The replacement of cast iron pipes is mandated by the California Department of Public Health's (CDPH) Compliance Order.,0,98897872,110295349,93500958,64864291,71737782,0
2022,Bldg - Water - Pump Stations,352,Public Utilities,Water Pump Station Restoration,ABJ00001,2024,2027,Council District: Citywide; Community Plan: Citywide,29906118,59030481,This annual allocation provides for replacing deteriorated pumping equipment and appurtenances or expanding pumping capacities to meet present and future water demands.,"Many existing water pump stations have reached or exceeded their anticipated service life or demands have exceeded their maximum pumping capacity. However, because of the widely varying actual lengths of service life, scheduling for pump station restoration is difficult.",0,0,2590948,5678237,9781529,11073649,0
2022,Intangible Assets - Information Tech,353,Public Utilities,Water SCADA IT Upgrades,T22001,2023,2026,Council District: Citywide; Community Plan: Citywide,1699999,16100000,This project will replace and upgrade the existing Supervisory Control and Data Acquisition (SCADA) equipment for the water system. This project was converted from S21001 - Water SCADA IT Upgrades in Fiscal Year 2022.,The current system is over 20 years old and obsolete. The new system will enhance monitoring and control capabilities.,0,2500000,8000000,3500000,400000,0,0
2022,Bldg - Water - Treatment Plants,354,Public Utilities,Water Treatment Plants,ABI00001,2023,2027,Council District: 5 7 Non-City; Community Plan: Scripps Miramar Ranch; Navajo; Non-City,9021500,15595675,"This annual allocation provides for upgrades and replacement of the treatment facilities at Alvarado, Miramar, and Otay water treatment plants.",These improvements are necessary to ensure a reliable water supply to the customers and for compliance under the Safe Drinking Water Act.,0,1000000,1803464,1447758,1611075,711877,0
2022,Drainage - Storm Drain Pipes,361,Stormwater,Alta La Jolla Drive Drainage Repair PhII,S10001,,,Council District: 1; Community Plan: La Jolla,6222104,6222105,This project will repair the erosion and damage to the lower La Jolla Canyon bounded by Alta La Jolla Drive and the cul-de-sac at Vickie Drive.,This project is part of the settlement agreement and limited release entered into by the La Jolla Alta Master Council and the City of San Diego.,0,0,0,0,0,0,0
2022,Drainage - Channels,362,Stormwater,Carmel Country Road Low Flow Channel,S00969,,,Council District: 1; Community Plan: Carmel Valley,2711999,2712000,"The Carmel Valley Creek Bike Path is located along the banks of Carmel Valley Creek and is heavily used daily by cyclists, runners, and pedestrians. The portion of the path which crosses the creek just upstream of the Carmel Country Road Bridge has experienced flooding during rain events preventing use by the public during and for days following rain events. This project provides drainage improvements to Carmel Creek downstream of the bike path to alleviate flooding. The project proposes channel enhancement and vegetation removal to improve drainage capacity of Carmel Creek in the vicinity of the bike path.",This project will provide for relief of water pooling the bike path crossing over the creek located just upstream of the Carmel Country Road Bridge and to the east of the bridge on the Palacio Del Mar property. This flooding condition has created a health and safety issue for area residents.,0,0,0,0,0,0,0
2022,Drainage - Best Mgt Practices (BMPs),363,Stormwater,Chollas Creek Restoration 54th St & Euclid Ave,S22009,2023,2023,Council District: 4 9; Community Plan: Mid-City: City Heights,249999,1232855,"This project will restore and enhance segments of Chollas Creek channel from 54th St to Euclid Ave and stabilize the stream bank to reduce erosive flows and increase the channel’s conveyance capacity. The project also includes a biofiltration basin north of the channel to improve water quality and help meeting Chollas Creek Total Maximum Daily Load (TMDL) goals by reducing pollutants load. The stream restoration will also increase jurisdictional habitat areas and yield additional storage volume to help decrease peak flow. In addition, the project incorporates public access, a pedestrian bridge, a hiking trail, and interpretive signage.","The project included the stream restoration of Las Chollas Creek from the culvert outlet at 54th street, at the northern upstream limit, down to the culvert outlet at Euclid Avenue, at the southern and downstream limit. The project study area which is located along the outer extents of a highly urbanized area in City Heights, shows signs of high-velocity, erosive flows. At several locations throughout the study area the creek has very steep, nearly vertical, side slopes, which may be unstable or tend to degrade if the creek is unchecked. In addition, the watershed to the project area does not have regional storm water quality measures in place, and significant amounts of trash and debris have been observed within the project area. This stream restoration project proposes stream restoration, water quality, and hydraulic conveyance improvements within the existing channel.",0,982855,0,0,0,0,0
2022,Drainage - Channels,366,Stormwater,Maple Canyon Storm Drain Upgrade,S20003,,,Council District: 2 3; Community Plan: Centre City; Uptown; Midway - Pacific Highway,1074999,36000000,"Project aims to replace, realign, and upgrade approximately 3,000 feet of existing drainage system between the San Diego Airport, a private industrial Facility, and Pacific Highway.",The existing alignment of the pipes prevents maintenance and repairs from occurring because a large portion of the system flows underneath a private property. The system is significantly undersized to convey the flow and sediment coming from the large connected tributary Maple Canyon watershed located upstream of the project which historically caused severe flooding in the project area resulting in significant property damage.,34925000,0,0,0,0,0,0
2022,Drainage - Pump Stations,367,Stormwater,Pump Station D Upgrade,S22015,2023,2023,Council District: 2; Community Plan: Midway - Pacific Highway,1522607,4022607,"Comprehensive improvements of structural, mechanical and electrical components to increase the Pump Station capacity and upgrade all components to current standards to protect the surrounding community from flooding. B17119 (ACA00001) was converted to a standalone project in Fiscal Year 2022.","Pump Station D (PS-D) is located at 3992 Rosecrans St. in San Diego, California, PS-D is one of the City’s larger storm water facilities and serves an area of approximately 500 acres. PS-D was constructed in the 1940s to help service drainage from the Old Town San Diego area northeast of I-5 and south of I-8, portions of the industrial area between Pacific Highway and I-5, and portions of the Rosecrans corridor from I-5 south to Sports Arena and Midway. Based on recent analysis, Pump station D currently is undersized and not capable of handling the 50-Yr and 100-Yr storm events which causes flooding within the drainage basin. Therefore, the project proposes electrical, structural, and mechanical improvements to increase pump station capacity and upgrade the components to the current standard requirements.",0,2500000,0,0,0,0,0
2022,Drainage - Channels,368,Stormwater,SD River Dredging Qualcomm Way to SR163,S00606,,,Council District: 7; Community Plan: Mission Valley,838999,1914000,This project provides removal of all necessary sediment that has been deposited into San Diego River because of discharge from four 84 inches CMP storm drain to return the channel to its original design. The project area is located within the San Diego River channel on the east side of state route 163 to Mission Center Road.,"This project will return the San Diego River channel to its original design by removing necessary sediment. As a result, the adjacent properties will be protected from potential flooding during severe rain events. Additionally, accumulated sediment samples were reported to have concentrations of TPH, VOCs, Arsenic and Chromium above laboratory reporting limits that justify sediment removal projects.",1075000,0,0,0,0,0,0
2022,Drainage - Best Mgt Practices (BMPs),369,Stormwater,Stormwater Green Infrastructure,ACC00001,2023,2027,Council District: Citywide; Community Plan: Citywide,52745340,1362183078,"This annual allocation provides for the design and construction of green infrastructure, restoration, and revitalization capital projects. These projects, in conjunction with non-structural water quality projects, address storm drain discharge water quality standards.",The purpose of these projects is to remove pollutants from stormwater before it enters the City's public waterways or to reuse the stormwater and keep it from entering public waterways. This results in reduced pollutants entering the ocean and various San Diego rivers and bays. These projects satisfy watershed-based water quality activity requirements in the Regional Water Quality Control Board's Municipal Stormwater National Pollutant Discharge Elimination System (NPDES) permit.,1001637347,31845829,117180514,13740514,39774928,105258605,0
2022,Drainage - Best Mgt Practices (BMPs),370,Stormwater,Upper Auburn Creek Revitalization Project,S22008,2023,2023,Council District: 9; Community Plan: Mid-City: City Heights,249999,1232856,"This project proposes flood resilience improvements, green infrastructure features and stream restoration. The project will alleviate flooding and reduce erosion through the replacement and upgrade of existing severely undersized culverts and channel widening. It also includes a biofiltration basin north of the channel to improve water quality and help meeting Chollas Creek Total Maximum Daily Load (TMDL) goals by reducing pollutants load. The stream restoration will also increase jurisdictional habitat areas and yield additional storage volume to help decrease peak flow. In addition, the project incorporates public access, a pedestrian bridge, a hiking trail, and interpretive signage.","The Auburn Creek channel between University Avenue and Auburn Drive frequently experiences storm events that cause flooding of adjacent areas, including residential structures, roads, and public parks. Auburn Creek also shows signs of severe erosion caused by high-velocity flows and restricted creek capacity along much of the creek corridor. There is also significant illegal dumping occurs along this stretch, resulting in large amounts of trash and debris that are conveyed into the existing creek. The project proposes creek widening, pedestrian trail, water quality basin, and culvert improvements.",0,982856,0,0,0,0,0
2022,Bldg - Other City Facility / Structures,379,Sustainability & Mobility,Citywide Energy Improvements,ABT00003,2023,2026,Council District: Citywide; Community Plan: Citywide,12692628,17725705,"This annual allocation will provide for energy efficiency improvements in City facilities. Projects typically address lighting, air conditioning, chiller, pumping and fan systems, invertors, and City-owned solar systems. Newer, more efficient technologies greatly reduce energy consumption.","Energy efficiency improvements repay capital costs in one to nine years, depending upon the project. The energy savings continue each year thereafter. Energy audits are performed in a variety of City-owned facilities to identify opportunities for energy savings.",0,2547500,946459,1380922,158195,0,0
2022,Trans - Roadway - Enhance/Scape/Medians,393,Transportation,5th Avenue Promenade,L22002,,,Council District: 3; Community Plan: Centre City,1473536,1473536,The purpose of this project is to close 5th Ave between Broadway and L Street to vehicular traffic on a daily basis between 11 a.m. to 4 a.m. and use the space as pedestrian plaza and outdoor dining. The project scope includes installation of barricades to prevent vehicular traffic from entering into 5th Ave between Broadway and L Street during the closure hours. The preliminary engineering phase started under P21001. This project was converted to a standalone project in Fiscal Year 2022.,"Pedestrian Plazas foster a more walkable, pedestrian-friendly environment, and offer additional seating areas for pedestrians and patrons of the surrounding businesses.",0,0,0,0,0,0,0
2022,Trans - Roadway,394,Transportation,Alvarado Canyon Rd Realignment Project,S22005,,,Council District: 7; Community Plan: Navajo,1158622,1158622,"Realignment of Alvarado Canyon Road to the intersection with Fairmount Ave and Mission Gorge Road, construction of a cul-de-sac on Alvarado Canyon Road, widening of Fairmount Ave from a four-lane Major Street to a 6-lane Major Street, a new two-lane connector road between Alvarado Canyon Road and Mission Gorge Place, widened sidewalks, bicycle and pedestrian improvements including buffered bike lanes and ADA compliant curb ramps and cross walks, storm drain upgrades, water quality features, upgrades to the existing triple-box culvert within Alvarado Creek, Alvarado Creek channel wall reconstruction, a new bridge over Alvarado Creek, traffic congestion improvements, roadway geometric improvements and utility relocations. Preliminary Engineering started within P18007 and the project was converted to a standalone project in Fiscal Year 2022.","The project purpose is to alleviate current and projected future traffic congestion on Fairmount Avenue, Mission Gorge Road, Alvarado Canyon Road, and the westbound I8 offramp at Fairmount Ave, along with the adjoining intersections, and address localized flooding issues within the Grantville area north of Alvarado Creek. A ‐ ‐ project study report has been completed.",0,0,0,0,0,0,0
2022,Trans - Roadway - Enhance/Scape/Medians,395,Transportation,Balboa Avenue Corridor Improvements,S00831,,,Council District: 2 6; Community Plan: Clairemont Mesa; Kearny Mesa,3143986,3143987,"This project provides improvements to Balboa Avenue (formerly known as State Route 274). The project is located between Interstate 5 and Interstate 805. The project will provide new sidewalks, improvements to curb ramps and medians, modification of existing traffic signals, bicycle facility improvements, and traffic calming measures through the corridor. The sidewalk improvement between Mount Culebra Avenue and Mount Everest Boulevard, and the addition of new Pedestrian Countdown Timers at various intersections between Interstate 5 and Interstate 805 have been completed. The second phase of improvements will consist of traffic signal modifications, landscaping of existing median, and various pedestrian improvements.",This project is funded by a State contribution agreement as part of the relinquishment of State Route 274 to the City of San Diego.,0,0,0,0,0,0,0
2022,Trans - Bicycle Facilities (All Class.),396,Transportation,Bicycle Facilities,AIA00001,2023,2027,Council District: Citywide; Community Plan: Citywide,26189236,146168671,"This annual allocation provides for the installation of bike facilities including Class I, Class II, Class III, and Class IV bike facilities that are capital in nature, throughout the City.",This project will provide funding for various capital bike facilities.,104879435,7100000,2000000,2000000,2000000,2000000,0
2022,Trans - Roadway - GRails/BRails/Safety,397,Transportation,Bridge Rehabilitation,AIE00001,2024,2028,Council District: Citywide; Community Plan: Citywide,7262737,163663153,"This annual allocation provides for the widening, replacement, or retrofitting of miscellaneous bridge rehabilitation projects.",This project maintains an ongoing program to promote safety on City bridges. Funding is provided on an on-going basis.,148039989,0,217706,892305,200000,200000,6850416
2022,Trans - Roadway,398,Transportation,Bus Stop Improvements,AID00007,2024,2026,Council District: Citywide; Community Plan: Citywide,4942,574942,This annual allocation will provide for the installation of improvements such as bus pads and sidewalks near bus stops citywide. This project is funded by the City's share of bus stop advertising revenue. Funding for the project was provided per terms of an agreement with San Diego Metropolitan Transit System (MTS) in Fiscal Years 2010 through 2015. This agreement was extended through Fiscal Year 2024.,"Pavement at bus stops may be damaged by rippling and potholing caused by friction from bus tires when buses decelerate, accelerate, or turn. This project provides for replacing paving at bus stops with stronger pavement sections. This extends pavement life and reduces maintenance costs. Also, this project may include sidewalk betterments at bus stops that improve access and bus passenger loading area.",0,0,190000,190000,190000,0,0
2022,Trans - Roadway,399,Transportation,Camino Del Sur Widening - North,RD21005,,,Council District: 5; Community Plan: Torrey Highlands,3017572,3017572,This project provides for the design and construction of Camino Del Sur North as a 4/6 lane major/urban road from SR-56/Torrey Santa Fe to Carmel Mountain Road. This is project T-3.1B in the Torrey Highlands Public Facilities Financing Plan.,This project implements the Torrey Highlands Subarea Plan and associated Transportation Phasing Plan.,0,0,0,0,0,0,0
2022,Trans - Roadway,400,Transportation,Camino Del Sur Widening - South,RD21004,,,Council District: 5; Community Plan: Torrey Highlands; Rancho Penasquitos,3175318,3175319,"This project provides for the design and construction of Camino Del Sur South as a two-lane modified collector street from Carmel Mountain Road to approximately 1,600 feet north of Park Village Road. The project includes a traffic signal or roundabout with sound attenuation, if warranted, at the Camino Del Sur/Dormouse intersection. This is project T-3.1A in the Torrey Highlands Public Facilities Financing Plan, and project T-4B in the Rancho Peñasquitos Public Facilities Financing Plan.","This project implements the Torrey Highlands Subarea Plan, Rancho Peñasquitos Community Plan, and associated Transportation Phasing Plans.",0,0,0,0,0,0,0
2022,Trans - Roadway,401,Transportation,Carmel Mountain Road Widening,RD21006,,,Council District: 5; Community Plan: Torrey Highlands,1673150,1673151,"This project provides for the design and construction of Carmel Mountain Road as a four-lane major street, complete with median improvements from Camino Del Sur to the existing terminus of the road in Rancho Peñasquitos. This widening was divided into four phases. Three phases have been completed. The final phase is the widening from Via Panacea south to Camino Del Sur. This is project T-5.2 in the Torrey Highlands Public Facilities Financing Plan.",This project implements the Torrey Highlands Subarea Plan and associated Transportation Phasing Plan.,0,0,0,0,0,0,0
2022,Trans - Bridge - Vehicular,402,Transportation,Carroll Cyn Rd,S00841,,,Council District: 1 6; Community Plan: Mira Mesa; Torrey Pines,20768152,20768153,"This project provides for a modified four-lane collector street from Sorrento Valley Road, under Interstate 805, to Scranton Road as part of a joint project with Caltrans. Carroll Canyon Road will include Class II bike lanes and direct access ramps onto Interstate 805 from Carroll Canyon Road to the Interstate 5 interchange. This is project T-29 in the Mira Mesa Public Facilities Financing Plan.","The Carroll Canyon Road extension project is necessary according to the community plan and the average daily trip forecast of 25,000 vehicles per day. Currently, there is no roadway and the traffic is pushed to Mira Mesa Boulevard, which is over capacity. This project will improve traffic circulation in the area.",0,0,0,0,0,0,0
2022,Trans - Ped Fac - Sidewalks,403,Transportation,City Heights Pedestrian Improvements,S15044,,,Council District: 9; Community Plan: Mid-City: City Heights,3468672,3568672,"This project will remove, replace and install new sidewalks, curbs, gutters, and pedestrian ramps. New streetlights will be installed as needed. Streets impacted by construction will be repaved. The City Heights Pedestrian Improvement Projects includes improvement projects in the Colina Del Sol area and on East Euclid Avenue.","This project will advance the visions and goals of the community by improving public safety by providing streetlights, improving walkability by installing sidewalks, curbs, gutters, street improvements, and ADA pedestrian ramps and providing essential capital improvements for an area with a high percentage of low and moderate-income families, as well as, disabled persons who rely heavily on walking as a means of travel, while helping to develop a cohesive and attractive walking system that provides links within the area and to surrounding neighborhoods.",100000,0,0,0,0,0,0
2022,Trans - Ped Fac - Sidewalks,404,Transportation,City Heights Sidewalks and Streetlights,S19005,,,Council District: 9; Community Plan: Mid-City: City Heights,999999,3600000,"The City Heights Sidewalks and Streetlights project will provide for hardscape improvements along East Euclid Avenue between Dwight Street to just south of Myrtle Avenue. The project will remove, replace and install new sidewalks, curbs, gutters and pedestrian ramps. New streetlights will be installed as needed. Streets impacted by construction will be repaved.","This project will improve public safety by providing streetlights; improving walkability by installing sidewalks, curbs, gutters, street improvements, and ADA pedestrian ramps; providing essential capital improvements for the area.",2600000,0,0,0,0,0,0
2022,Trans - Bicycle Facilities (All Class.),405,Transportation,Coastal Rail Trail,S00951,2024,2024,Council District: 1; Community Plan: La Jolla; University,13810779,23510780,"This project is the Gilman Drive segment of the regional 40-mile bicycle corridor. The proposed alignment will follow Gilman Drive between La Jolla Village Drive and Interstate 5, installing a one-way protected cycle-track in each direction and a continuous sidewalk on the west side of the road.","This project is part of a larger multi-jurisdictional project, which proposes a bikeway along the coast in the cities of Oceanside, Encinitas, Solana Beach, Carlsbad, Del Mar, and San Diego. It is intended to provide regional connectivity for both commuting bicyclists and recreational activities.",0,0,9700000,0,0,0,0
2022,Trans - Roadway,406,Transportation,Del Sol Boulevard-Central,S00858,,,Council District: 8; Community Plan: Otay Mesa,5429193,5429194,"This project provides for construction of the central section of Del Sol Boulevard from the eastern boundary of Palm Ridge through the Multiple Species Conservation Program (MSCP) open space, and along the frontage of the proposed community park, elementary, and middle school site. The roadway will consist of 800 linear feet of a two-lane collector street and 2,000 linear feet of a four-lane collector street. Phase I will construct approximately 1,000 linear feet of new road west of Surfcrest Drive along the frontage of the new school. Phase II of this project will be constructed in a new project.","The transportation element of the Otay Mesa Community Plan suggests that an integrated transportation network will provide mobility and accessibility for the residents and business travelers to, from, and through the community. See companion projects T-4.1 and T-4.2 in the Otay Mesa Public Facilities Financing Plan.",0,0,0,0,0,0,0
2022,Trans - Bridge - Vehicular,407,Transportation,El Camino Real to ViaDeLaValle (1/2 mile),S00856,2023,2023,Council District: 1; Community Plan: N Cty Future Urbanizing Area - Subarea 2,14688796,61787000,This project provides for replacing the existing two-lane bridge with a four-lane bridge and widening the existing two-lane roadway to a modified four-lane major road. This project will also provide for improvements on eastbound Via de la Valle as far as northbound El Camino Real.,"This project will replace the existing bridge and modify the segment of El Camino Real between Via de la Valle and San Dieguito Road in order to ensure a structurally sound bridge over the San Dieguito River, alleviate problems associated with high flood events, improve pedestrian and vehicular access to nearby coastal and recreational resources, relieve traffic congestion, and improve consistency with the adopted land-use plan for the project area.",13187838,33910365,0,0,0,0,0
2022,Trans - Bridge - Vehicular,408,Transportation,Genesee Avenue Widen I-5 Crossing,S00839,,,Council District: 1; Community Plan: University,22617666,22617667,"This project provides for widening Genesee Avenue to six lanes plus dual turn lanes and replacing the existing Genesee Avenue overcrossing with a higher, wider (124-foot) structure and the modification of the existing ramps. The environmental document will also clear additional Interstate 5 Corridor improvements including auxiliary lanes on both sides of the freeway, north and south of Genesee Avenue, and the replacement of the Voight Drive Overcrossing.",This project is needed to improve traffic flow. It is included in the Council- approved North University City Public Facilities Financing Plan (PFFP) as Project Number 24.,0,0,0,0,0,0,0
2022,Trans - Bridge - Vehicular,409,Transportation,Georgia Street Bridge Improvements,S00863,,,Council District: 3; Community Plan: Greater North Park,16700588,16700588,This project provides for seismic and structural improvements of the bridge and the adjacent retaining walls.,This bridge has severe spalling due to age and has severe height limitations which need to be corrected. Trucks continue to hit the low arches of the bridge.,0,0,0,0,0,0,0
2022,Trans - Roadway - GRails/BRails/Safety,410,Transportation,Guard Rails,AIE00002,2023,2023,Council District: Citywide; Community Plan: Citywide,1271053,2771054,This annual allocation provides for installing new and replacing old guard rails along streets where needed.,The City maintains an ongoing program to promote safety within the public right-of-way. Analysis of accident patterns at a particular location will occasionally show that some minor improvements in the area would help to reduce the number and/or severity of accidents. This annual allocation provides the flexibility necessary for timely initiation of such improvements.,1218700,281300,0,0,0,0,0
2022,Trans - Signals - Traffic Signals,411,Transportation,Install T/S Interconnect Systems,AIL00002,2024,2027,Council District: Citywide; Community Plan: Citywide,10194375,143211376,"This annual allocation provides for the installation of, and modifications to, traffic signal interconnect systems citywide.",This project provides for increased traffic signal coordination which will reduce traffic congestion.,132617000,0,100000,100000,100000,100000,0
2022,Trans - Roadway - Street Lighting,412,Transportation,Installation of City Owned Street Lights,AIH00001,2023,2027,Council District: Citywide; Community Plan: Citywide,9661142,278245142,"This annual allocation provides for the installation of new streetlights, and the replacement of existing streetlights, where needed.","Additional streetlights will increase the level of lighting for motorists, bicyclists, and pedestrians on public streets.",264858900,2925100,200000,200000,200000,200000,0
2022,Trans - Bicycle Facilities (All Class.),413,Transportation,Interstate 5 Underpass-Bikeway,S00982,,,Council District: 1; Community Plan: Carmel Valley,2250000,2250000,"This project will link two existing bike/pedestrian paths: the regional bike connection that runs parallel to State Route 56 corridor and the Sorrento Valley Road multi- use bike/pedestrian path; and will pass under Interstate 5, just south of the Carmel Mountain Road interchange.","Currently, cyclists and pedestrians must use the shoulders of Carmel Valley Road to access the west side of Interstate 5. High traffic volumes coupled with commercial driveways and freeway ramps make it difficult for pedestrians and cyclists to travel from one side of the freeway to the other.",0,0,0,0,0,0,0
2022,Trans - Bridge - Vehicular,414,Transportation,La Jolla Village Drive-I-805 Ramps,S00857,,,Council District: 1; Community Plan: University,23974535,23974536,"This project converts the existing La Jolla Village Drive/Interstate 805 full cloverleaf interchange configuration to a partial cloverleaf configuration, including widening the overpass structure and approaches to provide three through lanes with an auxiliary lane in each direction. The project also provides for widening La Jolla Village Drive to eight lanes and constructing three lanes to the southbound on-ramp. Bike lanes will be included.",This project is needed to improve traffic circulation and safety in the University community per the North University City Public Facilities Financing Plan - Project C.,0,0,0,0,0,0,0
2022,Trans - Roadway,415,Transportation,La Media Improv-Siempre Viva to Truck Rte,S22006,2023,2023,Council District: 8; Community Plan: Otay Mesa,1120182,17602031,"This project will improve La Media Road from Siempre Viva to the Otay Truck Route to a three-lane facility with two southbound truck route lanes as well as one northbound lane for Customs and Border Protection vehicles. Additional project improvements include sidewalk, curb and gutters, streetlights, and curb ramps. This project was converted from B19020 (AIK00001 - New Walkways) in Fiscal Year 2022.",La Media Road is part of the designated Truck Route for the Otay Mesa Port of Entry. These improvements are needed to accommodate future development and future truck traffic.,15231849,1250000,0,0,0,0,0
2022,Trans - Roads/Widening/Reconfiguration,416,Transportation,La Media Road Improvements,S15018,2023,2023,Council District: 8; Community Plan: Otay Mesa,24672380,54317250,"This project will widen La Media Road between SR-905 to Siempre Viva Road. La Media Road will be widened to a six-lane primary arterial from SR-905 to Airway Road, a five- lane major between Airway Road and Siempre Viva Road with three southbound lanes and two northbound lanes. This project will also improve drainage at the intersection of La Media Road and Airway Road. This project may be built in phases, which will be determined by design and funding at a later date. Improvements from Siempre Viva to Otay Truck Route will be constructed under a different project.",La Media Road is part of the designated Truck Route for the Otay Mesa Port of Entry. These improvements are needed to accommodate future development and future truck traffic.,0,29644869,0,0,0,0,0
2022,Trans - Ped Fac - Sidewalks,417,Transportation,Market St-Euclid to Pitta-Improvements,S16022,,,Council District: 4; Community Plan: Southeastern (Encanto Neighborhoods),592499,5569100,"This project provides for sidewalks, curb ramps, bicycle facility improvements, and additional streetlights on Market Street between Euclid Avenue and Pitta Street.",Improvements are needed on Market Street between Euclid Avenue and Pitta Street to enhance safety for bicycles and pedestrians. The project location is close to Malcolm X Library and Elementary Institute of Science.,4976600,0,0,0,0,0,0
2022,Trans - Roadway - Enhance/Scape/Medians,418,Transportation,Market Street-47th to Euclid-Complete Street,S16061,,,Council District: 4; Community Plan: Southeastern (Encanto Neighborhoods),10855083,10855084,"This project provides pedestrian and bicycle focused infrastructure improvements to portions of three auto-oriented streets, including: Euclid Avenue, between Naranja Street and Guymon Street; Market Street, from 47th Street to east of Euclid Avenue; and Guymon Street in front of Horton Elementary School.",The purpose of this project is to increase the safety of children walking and cycling to school at Horton Elementary and Millennial Tech Middle School and make it more likely for community residents and visitors to choose walking or cycling as their mode of transportation within the community to access various destinations.,0,0,0,0,0,0,0
2022,Trans - Roadway - Enhance/Scape/Medians,419,Transportation,Median Installation,AIG00001,2023,2027,Council District: Citywide; Community Plan: Citywide,9159227,33526228,"This annual allocation provides for the installation and improvements of medians, traffic circles, and roundabouts citywide.","This project provides for safety improvements where medians, traffic circles, and roundabouts are warranted.",12192000,8175000,1000000,1000000,1000000,1000000,0
2022,Trans - Roadway,420,Transportation,Miramar Road-I-805 Easterly Ramps,S00880,,,Council District: 1; Community Plan: University,8919072,11429930,This two-phase project provides for widening Miramar Road to eight lanes from the Interstate 805 easterly on and off-ramps to 300 feet east of Eastgate Mall. It includes dual left-turn lanes at Eastgate Mall. Phase I constructed road improvements west of Eastgate Mall. Phase II will construct an exclusive right turn lane on westbound Miramar Road approaching Eastgate Mall and an exclusive right turn lane on southbound Eastgate Mall.,This project is needed to improve traffic flow and is included in the Council- approved North University City Community Plan and Facilities Benefit Assessment Document per the North University City Public Facilities Financing Plan - Project 50.,2510857,0,0,0,0,0,0
2022,Trans - Bridge - Vehicular,421,Transportation,N Torrey Pines Rd Bridge,S00935,,,Council District: 1; Community Plan: Torrey Pines,14910652,15020652,"This project provides for demolishing and reconstructing the North Torrey Pines Road Bridge over Los Penasquitos Creek and for transitionally widening both road approaches from approximately 770 feet south of the bridge to 1,100 feet north of the bridge. Tidal action from Los Penasquitos Lagoon is compromising beach access. Tidal action has become an issue due to the new configuration of the bridge span over the lagoon. Scouring of the access point from the State parking lot is an issue for State maintenance vehicles and beach patrons. Phase II of this project will include permanent repairs to the slope protection adjacent to the westerly pedestrian walkway of North Torrey Pines Road, as well as reconstructing the public beach access ramp under the bridge.",This project provides the replacement of the structurally deficient bridge to promote safe access and regular use.,110000,0,0,0,0,0,0
2022,Trans - Ped Fac - Sidewalks,422,Transportation,New Walkways,AIK00001,2023,2027,Council District: Citywide; Community Plan: Citywide,22007268,130328269,This annual allocation provides for the construction of new sidewalks citywide.,This project provides permanent sidewalks to promote pedestrian safety and access.,102997000,1324000,1000000,1000000,1000000,1000000,0
2022,Trans - Signals - Calming/Speed Abatemt,423,Transportation,Normal Street Promenade,S22012,2023,2023,Council District: 3; Community Plan: Uptown,2199999,3400000,"This project will construct a pedestrian promenade and bikeway on Normal Street from University Avenue to Washington Street; part of the Eastern Hillcrest bikeway project designed and managed by SANDAG. The City is partnering to include additional community plan elements, stormwater improvements and thematic feature enhancements at Pride Plaza. Preliminary Engineering started in Fiscal Year 2019 under B19096 (AIK00001 - New Walkways) and was converted to a standalone project in Fiscal Year 2022.",Normal Street Promenade is part of the Uptown Community Plan. The project will improve pedestrian and bicycle conditions of the community.,0,1200000,0,0,0,0,0
2022,Trans - Roadway,424,Transportation,Old Otay Mesa Road-Westerly,S00870,,,Council District: 8; Community Plan: Otay Mesa; Otay Mesa - Nestor,15947516,15947516,"The project is located south of State Route 905 and east of Interstate 805 along a portion of Otay Mesa Road extending east from the intersection of Hawken Drive and Otay Mesa Road and terminating just westerly of Crescent Bay Drive within the Otay Mesa Community Plan area (Council District 8). The roadway improvements will include widening and realigning an existing two-lane undivided road to a modified two lane local collector in accordance with the City of San Diego Street Design Manual; two striped vehicular travel lanes; two buffers; two Class II bicycle lanes; new sidewalks on each side of the roadway with curb and gutter; driveways; pedestrian ramps; street signage; utility relocations and adjustments; crib walls, faux-rock retaining walls, street lights, striping, and a new storm water drainage system. A guardrail and chain-link fencing will be constructed along the sidewalk on the north side of Otay Mesa Road for pedestrian safety. Street lighting will be installed. Disturbed areas will be revegetated with native plant species appropriate to the surrounding areas per the approved revegetation/erosion control plan.",,0,0,0,0,0,0,0
2022,Trans - Roadway,425,Transportation,OM Road T-9.2 & Traffic Signals T-35,RD22002,,,Council District: 8; Community Plan: Otay Mesa,3134394,3134395,"This project provides for the design and construction of improvements including the installation of intersection turn lanes, sidewalk and curb and gutters on a portion of the North side and all of the South side of the road, as well as landscaping and street lighting on both sides. This road segment is approximately 5,680 feet.",The Otay Mesa Community Plan transportation element suggests that an integrated transportation network will provide mobility and accessibility to the residents and businesses of the community.,0,0,0,0,0,0,0
2022,Trans - Roadway,426,Transportation,Otay Mesa Truck Route Phase 4,S11060,,,Council District: 8; Community Plan: Otay Mesa,19729297,30360000,The Otay Truck Route Eastern Phase provides for the construction of an additional lane to the existing Otay Truck Route between La Media Road and Drucker Lane. The Otay Truck Route Western Phase provides for the extension of the Truck Route (two lanes) along Britannia Boulevard from Britannia Court to the border and from Britannia Boulevard to La Media Road.,The Otay Truck Route Eastern and Western Phases will remove cargo traffic from local streets and further expedite international truck traffic southbound into Mexico at the Otay Mesa Port of Entry.,10630702,0,0,0,0,0,0
2022,Trans - Bridge - Vehicular,427,Transportation,Palm Avenue Interstate 805 Interchange,S00869,,,Council District: 8; Community Plan: Otay Mesa; Otay Mesa - Nestor,9218662,29921305,"This project provides for improving the Palm Avenue/Interstate 805 Interchange in three phases. The first phase has been completed which included restriping of travel lanes and signal modification. The second phase consists of environmental determination and design of the project, construction repairs to the bridge approaches and abutments; bridge widening to the south, installation of sidewalk and signals; restriping; and signage modifications. The second phase will also add a Class IV bicycle facility along Palm Avenue within the project's limits. The third phase, which will be completed in a separate project once funding is identified, consists of construction of the bridge widening to the north, relocation of north bound on/off ramps and widening of the two on-ramps. All phases of the project improvements are included in the Otay Mesa Public Facility Financing Plan (Projects T1.1, 1.2, 1.3, and 1.4).",This project is required to accommodate the additional traffic generated due to development in the Otay Mesa community. Improvements to this interchange will also help to reduce traffic volumes on State Route 905.,20702642,0,0,0,0,0,0
2022,Trans - Roadway,428,Transportation,Park Boulevard At-Grade Crossing,S15045,,,Council District: 3 8; Community Plan: Barrio Logan; Centre City,26755947,26755948,"This project provides for the extension of Park Boulevard to Harbor Drive and for the widening of Tony Gwynn Way. The project will construct new pavement, curb and gutter, sidewalks, pedestrian ramps, railroad track, railroad signals and signage, storm drain, and other various infrastructure adjacent to the project.","This project will open Park Boulevard to Harbor Drive, as part of the Ballpark Infrastructure Design/Build Agreement which closed the 8th Avenue crossing to Harbor Drive.",0,0,0,0,0,0,0
2022,Trans - Roadway,429,Transportation,Playa del Sol Parkway,RD20000,2023,2023,Council District: 8; Community Plan: Otay Mesa,3119999,3123640,"This project provides for reimbursement to a developer for the design and construction of Playa Del Sol (Street “A”) from Ocean Hills Parkway to Otay Mesa Road as a four-lane major road. Improvements include pavement, raised median, sidewalk, curb and gutter, landscaping, storm drain facilities, and street lighting. This is project T-6.1 in the Otay Mesa Public Facilities Financing Plan.",This project implements the Otay Mesa Community Plan.,0,3640,0,0,0,0,0
2022,Trans - Bridge - Vehicular,430,Transportation,Sea World Dr,I5,,,Council District: 6; Community Plan: Mission Bay Park,1090537,120163108,"This project proposes to realign and widen the southbound off-ramp, reconfigure the off-ramp intersection to eliminate the free right turn onto Sea World Drive, widen the eastbound approach to the southbound on-ramp, and increase storage on the overcrossing for the eastbound to northbound left turn at the northbound on-ramp. In addition, this alternative proposes to provide a loop on ramp to northbound Interstate 5 from eastbound Sea World Drive. The eastbound and westbound approaches would be modified to provide required storage and the entire interchange would be relocated approximately 30-feet to the south to accommodate phased construction of a new overcrossing. In addition, when funding is identified, Sea World Drive will be widened to six lanes between Sea World Way and Interstate 5.",Widening Sea World Drive to six lanes and improving the Sea World Drive/Interstate 5 interchange are necessary to meet existing and forecasted traffic volumes.,119072571,0,0,0,0,0,0
2022,Trans - Ped Fac - Sidewalks,431,Transportation,Sidewalk Repair and Reconstruction,AIK00003,2023,2023,Council District: Citywide; Community Plan: Citywide,19076270,98703271,"This annual allocation provides for the replacement of damaged sidewalks, curbs, and gutters, as well as the installation of curb ramps and accessibility improvements for existing sidewalks, Citywide.","This project replaces damaged sidewalks, curbs, and gutters which contribute to the City's ongoing efforts to promote walking as a mode of transportation.",72627000,7000000,0,0,0,0,0
2022,Trans - Bridge - Vehicular,432,Transportation,SR 163,S00905,2023,2023,Council District: 6; Community Plan: Kearny Mesa,18349717,18346200,This project provides for improving Clairemont Mesa Boulevard/State Route 163 to six-lane prime arterial standards. Phase I of the project consists of bridge widening and ramp realignment on the eastern side of the interchange. Phase II consists of ramp realignment on the western side. The interchange will be re-configured to eliminate existing continuous-flow freeway connections and the ramps will be re-configured to intersect Clairemont Mesa Boulevard at standard signalized intersections. High-occupancy vehicle/bus bypass lanes will be incorporated on the on-ramps.,"These improvements will eliminate existing pedestrian/bike high-speed crossings and all vehicle, bike, and pedestrian moves will be controlled, thus improving safety. Transit movement through the interchange area will be greatly enhanced.",0,-3518,0,0,0,0,0
2022,Trans - Bridge - Vehicular,433,Transportation,SR 163,S00851,,,Council District: 7; Community Plan: Mission Valley,64080996,64080996,"This project provides for construction of a new southbound State Route 163 to westbound Friars Road off-ramp, widening of the Friars Road overcrossing structure to eight lanes extending to Frazee Road, construction of a third westbound lane on Friars Road to Fashion Valley Road, the addition of an exclusive right-turn lane on southbound Frazee Road to westbound Friars Road, other modifications to the existing on and off-ramps, and improvements to the existing State Route 163 southbound travel lanes to improve the weaving problems. This project also includes an auxiliary lane on southbound State Route 163 from Genesee Avenue to westbound Interstate 8, which requires major structural work to widen the bridge over the San Diego River. Additionally, over 5,300 feet of retaining walls will need to be constructed along State Route 163 and Friars Road, including one that is over 30 feet high. Friars Road widening and ramp improvements at Friars Road will be constructed with Phase I. All other improvements will be constructed in future phases as part of a separate project.",This project will alleviate some of the severe traffic delays along Friars Road due to new development in Mission Valley and the backup that occurs on the existing southbound off-ramp because of the weaving situation with the southbound on-ramp.,0,0,0,0,0,0,0
2022,Trans - Roadway,434,Transportation,SR94,S14009,,,Council District: 4; Community Plan: Southeastern (Encanto Neighborhoods),6869799,6869800,"The State Route 94/Euclid Avenue interchange is an uncontrolled intersection with higher-than-average accident rates. The Euclid Avenue overpass crosses State Route 94, one of the region’s most important east-west connections. The City of San Diego is considering improvements to the interchange to enhance safety features through this corridor and the optimization of the level of service for both Euclid Avenue and State Route 94.",The project will evaluate the State Route 94 / Euclid Avenue Interchange for improvements to enhance Level of Service of the interchange and safety improvement measures for all modes of transportation.,0,0,0,0,0,0,0
2022,Trans - Roadway,435,Transportation,State Route 56 Freeway Expansion,RD14000,,,Council District: 1; Community Plan: Priority Category: N/A,22983842,22983843,This project provides for the conversion of the four-lane freeway into a six-lane facility. The City’s fair share of the project is $22.5 million. The project is being designed and will be constructed by Caltrans.,"SR 56 currently experience significant levels of congestion and is currently identified in the current community plan to be widened to a six (6) lane freeway. The corridor, due to increases in interregional and commuter traffic and in consideration of projected increases generated by proposed developments adjacent to the SR 56 corridor, are expected to experience heavier congestion in the future. Transportation improvements will be needed to reduce traffic congestion. A Project Study Report (PSR) was completed by Caltrans in 2019. Proposed improvements include adding High Occupancy Vehicle (HOV) lanes on SR56 for westbound and eastbound traffic between I-5 and Gonzales Creek Bridge, and ped/bike improvement at the SR56/I-15 interchange. To help fund this project, the City will contribute up to $22,500,000 for the construction. Caltrans will be responsible for the remaining financial obligations and completion of the project.",0,0,0,0,0,0,0
2022,Trans - Roadway,436,Transportation,Streamview Drive Improvements Phase 2,S18000,,,Council District: 4; Community Plan: Mid-City: Eastern Area,10697879,16721840,"This project provides for the installation of roundabouts, a new raised median, curb extensions, sidewalk, curb and gutter, driveways, drainage improvements, green infrastructure, signage, and striping on Streamview Drive from 54th Street to Lynn Street/Michael Street, and on Streamview Drive from Gayle Street to College Avenue. The first phase of the project, Streamview Drive between Gayle Street and Lynn/Michael Streets has been completed. The second phase of the project is located on Streamview Drive between 54th Street and Lynn/Michael Streets, and on Streamview Drive between Gayle Street and College Avenue.","This project provides for safety/capacity improvements on Streamview Drive from 54th Street to College Avenue to reduce excessive speeds, increase pedestrian and cyclist safety, and enhance visual impacts.",6023961,0,0,0,0,0,0
2022,Trans - Roadway - Street Lighting,437,Transportation,Street Light Circuit Upgrades,AIH00002,2023,2023,Council District: Citywide; Community Plan: Citywide,12145208,30128208,This annual allocation provides for the replacement of obsolete streetlight series circuits.,"Series circuits are over 70 years old, no longer meet current standards and have frequent maintenance problems which impact a large number of lights.",16983000,1000000,0,0,0,0,0
2022,Trans - Roadway,438,Transportation,Street Resurfacing and Reconstruction,AID00005,2023,2027,Council District: Citywide; Community Plan: Citywide,210846760,650326760,"This annual allocation provides for roadway resurfacing, repair, and reconstruction including the repair and reconstruction of concrete streets.","This project provides for resurfacing, repair, and reconstruction of City streets, which are necessary to maintain the streets in serviceable condition and to mitigate roadway deterioration.",356672916,20412312,9350719,16657790,17673728,18712535,0
2022,Trans - Roadway,439,Transportation,Sunset Cliffs Seawall Improvement,S23006,2023,2023,Council District: 2; Community Plan: Peninsula,0,6038775,"Planning, Estimate, Design, Environmental Clearance, Permit acquisition and Construction for 2-phase seawall improvement for assurance of public safety and protection of infrastructure assets including Sunset Cliffs Blvd and associated underground utilities. This includes a secant pile wall and a retaining wall structure. Street resurfacing will follow seawall and other utility improvements.",Significant retreat of the bluffs between 1981 and 2021 triggered this project. The recession of the bluffs is emphasized by the exposure of the south end of the seawall which imposes potential threats to surrounding critical infrastructure.,4838775,1200000,0,0,0,0,0
2022,Trans - Bridge - Vehicular,440,Transportation,Torrey Meadows Drive Overcrossing,S10015,2023,2023,Council District: 5; Community Plan: Torrey Highlands,15214999,14015000,"This project provides for the design and construction of a two-lane over crossing of Torrey Meadows Drive over State Route 56. This project will include the bridge approaches on each side of the bridge, approximately 200 linear feet of a two-lane local collector road, together with any right-of-way not previously acquired as part of the State Route 56 project. The City has a reimbursement agreement with the developer to provide design plans and construction specifications for future construction of the project.","This two-lane connection will provide access to the neighborhood park, elementary and high schools, and the local mixed-use zone for those properties south of State Route 56. The project should alleviate traffic congestion on the Camino Del Sur Interchange and provide enhanced traffic flow.",0,-1200000,0,0,0,0,0
2022,Trans - Roadway - Erosion/Slope/Ret Wall,441,Transportation,Torrey Pines Road Slope Restoration,S00877,,,Council District: 1; Community Plan: La Jolla,4597719,4597720,This project provides for reconstructing a 350-foot section of earthen slope along the south side of Torrey Pines Road between Little Street and Roseland Drive.,The existing slope is eroding. This project will eliminate the possibility of soil slough landing in the travel lane of a primary arterial street.,0,0,0,0,0,0,0
2022,Trans - Signals - Calming/Speed Abatemt,442,Transportation,Traffic Calming,AIL00001,2023,2027,Council District: Citywide; Community Plan: Citywide,5481665,16250666,This annual allocation provides for installing traffic control measures on an as- needed basis. These improvements respond to a variety of traffic concerns such as speeding motorists and shortcutting traffic. Solutions used may include the construction of rectangular rapid flashing beacons and geometric design features such as road humps and traffic islands.,"This annual allocation is needed to improve safety by mitigating traffic problems on streets such as speeding, shortcutting traffic, and the need for increased pedestrian safety.",5851000,2918000,500000,500000,500000,500000,0
2022,Trans - Signals - Traffic Signals,443,Transportation,Traffic Signals - Citywide,AIL00004,2023,2027,Council District: Citywide; Community Plan: Citywide,10348270,23951270,This annual allocation provides for the installation of traffic signals and HAWK beacons at high-priority locations and the City's share of the costs of traffic signals undertaken in cooperation with others.,"The City maintains an inventory of candidate intersections which are periodically surveyed for significant changes in operating conditions. Installing traffic signals in select intersections provides for the orderly movement of traffic, increased traffic handling capacity, reduced frequency of accidents, and for improved traffic flow. Signals also permit vehicles and pedestrians from a minor street to enter or cross continuous traffic on the major street. The criteria for installing traffic signals are governed by Council Policy 200- 6.",6742150,2860850,1000000,1000000,1000000,1000000,0
2022,Trans - Signals - Traffic Signals,444,Transportation,Traffic Signals Modification,AIL00005,2023,2027,Council District: Citywide; Community Plan: Citywide,11731618,26604618,"This annual allocation provides for upgrading existing traffic signals as necessary to improve traffic flow and promote safety. Improvements may include conversion from post-mounted to mast-arm-mounted indicators, addition of accessible pedestrian signals, and additional phases to accommodate separate turning moves.","The City maintains an ongoing program to promote safety within the public right-of-way. Analysis of accident patterns at a particular location often shows that some minor improvement would help to reduce the number and/or severity of accidents. In addition, increasing traffic volumes and changing traffic patterns typically reduce the effectiveness and efficiency of existing traffic signal controls at certain intersections, warranting upgrades.",11123000,750000,750000,750000,750000,750000,0
2022,Trans - Signals - Calming/Speed Abatemt,445,Transportation,University Avenue Complete Street Phase1,S18001,,,Council District: 9; Community Plan: Mid-City: City Heights,10847849,12379850,"This project will provide increased safety on University Avenue between Fairmount Avenue and Euclid Avenue. The project includes installing three roundabouts and medians with enhanced pedestrian crossings. This will also include new pavement, wider sidewalks, and trees along this portion of University Avenue.",This corridor has been identified as a high frequency pedestrian crash segment. It is part of the Mayor's Vision Zero strategy to eliminate severe and fatal crashes in the City.,1532000,0,0,0,0,0,0
2022,Trans - Roadway - Enhance/Scape/Medians,446,Transportation,University Avenue Mobility,S00915,,,Council District: 3; Community Plan: Greater North Park,9957309,9957310,"The major elements of the University Avenue Mobility Project are restriping to provide painted medians and construction of raised medians, left turn pockets and improved lane widths, installation of enhanced pedestrian crosswalks, repainting of existing crosswalks, removal of parallel on-street parking, and re-striping select side streets to provide angled and head-in parking.","This project will significantly improve safety and mobility along the corridor for pedestrians, bicyclists, transit, and automobile traffic.",0,0,0,0,0,0,0
2022,Trans - Roadway,447,Transportation,Utilities Undergrounding Program,AID00001,2023,2027,Council District: Citywide; Community Plan: Citywide,47005628,92005628,"This annual allocation provides funds for underground conversion of City- owned street lighting, resurfacing and slurry seal of street paving, installing pedestrian curb ramps, and necessary related expenses within an Underground Utilities District.","The City’s electrical franchise agreement requires the electrical franchisee to pay a surcharge fee to support an expanded program for undergrounding of overhead utilities within the City’s jurisdiction. Revenue collected by this surcharge is deposited within the Underground Surcharge Fund and may only be used for utility undergrounding and related work, as defined within Council Policy 600-08. Funds to perform the described City infrastructure work must be managed as CIP funds and therefore a portion of the Underground Surcharge Fund is allocated to a CIP account that may only be used for this purpose. Financial details of the Utilities Undergrounding Program, including",0,5000000,10000000,10000000,10000000,10000000,0
2022,Trans - Roadway,448,Transportation,Via de la Valle Widening,RD11001,2028,2028,Council District: 1; Community Plan: Black Mountain Ranch,8739946,35037867,This project provides for reimbursement to a developer for the reconstruction of Via de la Valle between San Andres Drive and El Camino Real West to a modified four-lane major street to accommodate existing and projected sub-regional traffic. Scope of the project includes modification of the traffic signals at San Andres Drive and El Camino Real West as required and the relocation of existing overhead utilities to underground locations. Via de la Valle between San Andres Drive and Interstate 5 will be restriped to six lanes. This is project T-32.1 in the Black Mountain Ranch Public Facilities Financing Plan.,This facility is required to accommodate traffic generated by new development in Black Mountain Ranch and surrounding communities as well as existing sub-regional traffic needs.,24607623,0,0,0,0,0,1690298
2022,Trans - Roadway,449,Transportation,Village Center Loop Rd-N Carmel Valley Rd,S19002,,,Council District: 1; Community Plan: Pacific Highlands Ranch,3800000,53000000,This project will construct the Village Loop Drive from the Lin property line northerly to a second intersection of Carmel Valley Road (approximately 800 linear feet) as a four-lane collector roadway within a 108-foot right-of-way. The second phase will complete the loop and will be built as part of a second project dependent upon the development of the adjacent village and the remainder of the core residential areas.,"This project is consistent with Pacific Highland Ranch Subarea Plan, is in conformance with City's General Plan, and is needed to serve the community.",49200000,0,0,0,0,0,0
2022,Trans - Roadway,450,Transportation,W Bernardo Dr at Bernardo Ctr Dr Inter,RD20007,2023,2023,Council District: 5; Community Plan: Black Mountain Ranch,818757,839532,This project provides for reimbursement to a developer for the design and construction of intersection improvements to provide additional right turns from Bernardo Center Drive to West Bernardo Drive. This is project T-45 in the Black Mountain Ranch Public Facilities Financing Plan.,This project implements the Black Mountain Ranch Subarea Plan and associated Transportation Phasing Plans.,0,20774,0,0,0,0,0
2022,Trans - Bridge - Vehicular,451,Transportation,W Mission Bay Dr Bridge Over SD River,S00871,,,Council District: 2; Community Plan: Midway - Pacific Highway; Mission Bay Park; Peninsula,150951719,150951719,"This project provides for replacing the existing four-lane West Mission Bay Drive bridge with a six-lane bridge, sidewalk, bike lanes, and shoulder improvements.",A six-lane facility is needed to accommodate both the existing and the projected future traffic volumes. The existing bridge has been determined to be functionally obsolete and structurally deficient.,0,0,0,0,0,0,0
