cip_year,project_type,source_page,department,project_name,start_year,end_year,previous_appropriations,project_total,year_2016,year_2017,year_2018,year_2019
2015,Love Field Major Maintenance,14,Aviation Facilities,Administrative Office Relocation,,,881650,881650,0,0,0,0
2015,Love Field Major Maintenance,14,Aviation Facilities,Airport Perimeter Roads Rehabilitation Sections 1 & 2 (Design),2016,2016,0,1000000,1000000,0,0,0
2015,Terminal,14,Aviation Facilities,Airport Planning and Advisory Services,,,3405000,3405000,0,0,0,0
2015,Safety/Security,14,Aviation Facilities,ARFF Truck 2 Replacement,2016,2016,0,461450,461450,0,0,0
2015,Safety/Security,14,Aviation Facilities,ARFF Vehicle,,,1000000,1000000,0,0,0,0
2015,Aviation Land Acquisition,14,Aviation Facilities,Aviation Land Acquisition,,,19222844,19222844,0,0,0,0
2015,Parking,14,Aviation Facilities,Aviation Parking Garage,,,329863,329863,0,0,0,0
2015,Parking,14,Aviation Facilities,Computerized Parking and Taxi System,,,3461494,3461494,0,0,0,0
2015,Parking,14,Aviation Facilities,Construct Taxicab Queuing Lot over Tom Braniff Channel (Construction),2016,2016,0,3684212,3684212,0,0,0
2015,Pavement Maintenance / Construction,14,Aviation Facilities,Conversion of Runway 18/36 to Taxiway,,,575660,575660,0,0,0,0
2015,Aviation Land Acquisition,14,Aviation Facilities,Dallas Executive Airport Platting,,,387000,387000,0,0,0,0
2015,Pavement Maintenance / Construction,14,Aviation Facilities,Dallas Executive Airport Runway Replacement,,,7069800,7069800,0,0,0,0
2015,Pavement Maintenance / Construction,15,Aviation Facilities,Intersection of 18/36 Reconstruction and Rehabilitation,,,1102660,1102660,0,0,0,0
2015,Love Field Major Maintenance,15,Aviation Facilities,Love Field Employee Parking Garage,,,3267388,3267388,0,0,0,0
2015,Terminal,15,Aviation Facilities,Love Field Modernization Program,2016,2016,26657376,29870637,3213261,0,0,0
2015,Pavement Maintenance / Construction,15,Aviation Facilities,Love Field Perimeter Rd. Rehab- Phase I,,,1395000,1395000,0,0,0,0
2015,Love Field Major Maintenance,15,Aviation Facilities,Love Field Platting,,,1472510,1472510,0,0,0,0
2015,Love Field Major Maintenance,15,Aviation Facilities,Miscellaneous Storm Drainage Improvements,2016,2016,0,1000000,1000000,0,0,0
2015,Parking,15,Aviation Facilities,Parking Garage Expansion,,,16738425,16738425,0,0,0,0
2015,Terminal,15,Aviation Facilities,Passenger Facility Charge Program,,,39176805,39176805,0,0,0,0
2015,Safety/Security,15,Aviation Facilities,Pavement Condition Analysis Equipment,,,2637661,2637661,0,0,0,0
2015,Love Field Major Maintenance,15,Aviation Facilities,People-Mover Connector,,,5311092,5311092,0,0,0,0
2015,Safety/Security,15,Aviation Facilities,Police Hangar and Apron at Dallas Executive Airport,,,50000,50000,0,0,0,0
2015,Love Field Major Maintenance,16,Aviation Facilities,Program Management for Love Field Modernization Program (LFMP) and Capital Improvement Projects (CIP),,,23534778,23534778,0,0,0,0
2015,Public Private Partnership,16,Aviation Facilities,Redbird Commemorative Air Force Project,,,2000000,2000000,0,0,0,0
2015,Love Field Major Maintenance,16,Aviation Facilities,Rehabilitate Taxiway B from B1 to B3 and Connectors B3 & B4 (Construction),2016,2016,0,619052,619052,0,0,0
2015,Love Field Major Maintenance,16,Aviation Facilities,Runway 18-36 Conversion Phase 1 (Construction),2016,2017,0,3640454,1355948,2284506,0,0
2015,Safety/Security,16,Aviation Facilities,Runway Hold Position Relocation,,,555000,555000,0,0,0,0
2015,Safety/Security,16,Aviation Facilities,Security Controls Enhancements (Construction),2016,2016,0,1000000,1000000,0,0,0
2015,Pavement Maintenance / Construction,16,Aviation Facilities,Taxiway B Reconstruction and Rehabilitation,,,932560,932560,0,0,0,0
2015,Love Field Major Maintenance,16,Aviation Facilities,Tom Braniff Channel Cover Project,,,250000,250000,0,0,0,0
2015,Major Maintenance - City Facilities,21,City Facilities,Animal Shelter,,,156291,156291,0,0,0,0
2015,Land Acquisition,21,City Facilities,Cadillac Heights Land Acquisition,2018,2018,10194414,23743414,0,0,13549000,0
2015,Library Facilities,21,City Facilities,Central Library,,,258616,258616,0,0,0,0
2015,Library Facilities,21,City Facilities,Central Library- 7th Floor Renovation,,,5373034,5373034,0,0,0,0
2015,Professional Services and Debt Issuance,21,City Facilities,CIP Engineering,,,643061,643061,0,0,0,0
2015,City Facilities,21,City Facilities,City Facilities,2016,2016,2719571,8114571,5395000,0,0,0
2015,City Facilities,22,City Facilities,City Facility Major Maintenance,,,3014104,3014104,0,0,0,0
2015,Major Maintenance - City Facilities,22,City Facilities,City Hall,,,7652724,7652724,0,0,0,0
2015,Major Maintenance - City Facilities,22,City Facilities,City Hall Data Center,,,5500000,5500000,0,0,0,0
2015,City Facilities,22,City Facilities,Contingency,,,1847321,1847321,0,0,0,0
2015,Fire Protection Facilities,22,City Facilities,Contingency Reserve,2016,2018,3037503,7928237,29943,4503566,357225,0
2015,Public Service Facilities,22,City Facilities,Cypress Waters Public Safety Facility,,,261850,261850,0,0,0,0
2015,Farmers Market Improvements,23,City Facilities,Farmers Market Improvements,,,6624027,6624027,0,0,0,0
2015,Farmers Market Improvements,23,City Facilities,Farmers Market Shed No. 2,,,3154400,3154400,0,0,0,0
2015,Major Maintenance - Public Safety,23,City Facilities,Fire Museum,,,90000,90000,0,0,0,0
2015,Major Maintenance - Public Safety,23,City Facilities,Fire Station #05 (N. St. Augustine at Bruton Rd.),,,60000,60000,0,0,0,0
2015,Fire Protection Facilities,23,City Facilities,Fire Station #06 (Harwood St. at Park Row Blvd),,,7276704,7276704,0,0,0,0
2015,Major Maintenance - Public Safety,23,City Facilities,Fire Station #07 (Davenport Rd. at Preston Rd.),,,65000,65000,0,0,0,0
2015,Fire Protection Facilities,23,City Facilities,Fire Station #27 (Douglas Ave. at NW Hwy.),,,8307201,8307201,0,0,0,0
2015,Major Maintenance - Public Safety,23,City Facilities,Fire Station #29 (Shadow Way at Audelia Rd.) -Structural Improvements,,,53092,53092,0,0,0,0
2015,Roof Replacement,23,City Facilities,Fire Station #3,,,170000,170000,0,0,0,0
2015,Fire Protection Facilities,23,City Facilities,Fire Station #32 (Benning Ave. at Jim Miller Rd.),,,5597157,5597157,0,0,0,0
2015,Major Maintenance - Public Safety,23,City Facilities,Fire Station #36,,,60723,60723,0,0,0,0
2015,Fire Protection Facilities,23,City Facilities,Fire Station #37 (Greenville Ave. at Blackwell Dr.),,,7820386,7820386,0,0,0,0
2015,Roof Replacement,24,City Facilities,Fire Station #4,,,60000,60000,0,0,0,0
2015,Fire Protection Facilities,24,City Facilities,Fire Station #44 (Frank St. at Lagow St.),,,5899884,5899884,0,0,0,0
2015,Major Maintenance - Public Safety,24,City Facilities,Fire Station #49 (S. Hampton Rd at Challenger),,,50000,50000,0,0,0,0
2015,Fire Protection Facilities,24,City Facilities,Fire Station #50 (Keeneland and Walton Walker),,,6632559,6632559,0,0,0,0
2015,Major Maintenance - City Facilities,24,City Facilities,Fire Station No. 51,,,34037,34037,0,0,0,0
2015,Major Maintenance - Public Safety,24,City Facilities,Fire Station Roof Abatement,,,560000,560000,0,0,0,0
2015,Fire Protection Facilities,24,City Facilities,Fire Stations,,,2908727,2908727,0,0,0,0
2015,Library Facilities,24,City Facilities,Fretz Park Branch Library,,,6532566,6532566,0,0,0,0
2015,City Facilities,24,City Facilities,General Capital Reserve Payment for Madill Corridor Easement from Dallas Water Utilities,2016,2016,0,155000,155000,0,0,0
2015,Professional Services and Debt Issuance,24,City Facilities,General Capital Reserve Transfer to Capital Construction,2016,2016,12746000,19591000,6845000,0,0,0
2015,Library Facilities,24,City Facilities,Highland Hills Branch Library- Construction,,,6651315,6651315,0,0,0,0
2015,Major Maintenance - Public Safety,25,City Facilities,Jack Evans DPD Headquarters,,,230000,230000,0,0,0,0
2015,Major Maintenance - Public Safety,25,City Facilities,Jack Evans Headquarters-Parking Garage Drains,,,75000,75000,0,0,0,0
2015,Major Maintenance - City Facilities,25,City Facilities,McCommas Bluff Landfill,,,261679,261679,0,0,0,0
2015,Administrative and Internal Service Facilities,25,City Facilities,Muchert Center Renovations,,,4285000,4285000,0,0,0,0
2015,Municipal Courts Facilities,25,City Facilities,Municipal Courts Building,,,26940171,26940171,0,0,0,0
2015,Library Facilities,25,City Facilities,Park Forest Branch Library,,,1328997,1328997,0,0,0,0
2015,Police Facilities,26,City Facilities,Police Academy,,,1749670,1749670,0,0,0,0
2015,Police Facilities,26,City Facilities,Police Academy - Phase I,,,6228775,6228775,0,0,0,0
2015,Major Maintenance - Public Safety,26,City Facilities,Police Facilities,,,320000,320000,0,0,0,0
2015,Major Maintenance - Public Safety,26,City Facilities,Police Substation - Central,,,481980,481980,0,0,0,0
2015,Major Maintenance - Public Safety,26,City Facilities,Police Substation - Northeast,,,230000,230000,0,0,0,0
2015,Major Maintenance - Public Safety,26,City Facilities,Police Substation - Northwest,,,124270,124270,0,0,0,0
2015,Major Maintenance - Public Safety,26,City Facilities,Police Substation - Southeast,,,443366,443366,0,0,0,0
2015,Major Maintenance - Public Safety,26,City Facilities,Police Substation - Southwest,,,1397275,1397275,0,0,0,0
2015,Public Art,27,City Facilities,Public Art Administration,2016,2016,1592016,1792016,200000,0,0,0
2015,Public Art,27,City Facilities,Public Art Projects,2016,2016,5927299,6327299,400000,0,0,0
2015,City Facilities,28,City Facilities,Southeast Service Center,2016,2016,9905032,10014638,109606,0,0,0
2015,Environmental,28,City Facilities,Underground Storage Tank Removal,2016,2016,0,600000,600000,0,0,0
2015,Convention Center Improvements,32,Convention And Event Services Facilities Improvements,Asbestos Abatement,,,933409,933409,0,0,0,0
2015,Convention Center Improvements,32,Convention And Event Services Facilities Improvements,Civic Center Convention Complex,,,69275,69275,0,0,0,0
2015,Convention Center Improvements,32,Convention And Event Services Facilities Improvements,Civic Center Convention Complex Improvements,2016,2016,20905989,26055989,5150000,0,0,0
2015,Convention Center Improvements,32,Convention And Event Services Facilities Improvements,Dallas Convention Center Capital Improvement Program,,,24748155,24748155,0,0,0,0
2015,Convention Center Improvements,32,Convention And Event Services Facilities Improvements,DCC Upper Level D,,,15907034,15907034,0,0,0,0
2015,Convention Center Improvements,32,Convention And Event Services Facilities Improvements,Mechanical Electrical Plumbing (MEP) Project,,,3350127,3350127,0,0,0,0
2015,Convention Center Improvements,32,Convention And Event Services Facilities Improvements,Parking Lot Landscaping,,,29250,29250,0,0,0,0
2015,Convention Center Improvements,32,Convention And Event Services Facilities Improvements,Project Contingency,,,11977188,11977188,0,0,0,0
2015,Convention Center Improvements,32,Convention And Event Services Facilities Improvements,Retrofit and Equipment,,,17655805,17655805,0,0,0,0
2015,Cultural Facilities,37,Cultural Facilities,Arts Incubator,,,1039401,1039401,0,0,0,0
2015,Major Maintenance - Cultural Facilities,37,Cultural Facilities,Dallas Museum of Art,,,2000000,2000000,0,0,0,0
2015,Major Maintenance - Cultural Facilities,37,Cultural Facilities,Dallas Museum of Natural History,2016,2016,2100000,2150000,50000,0,0,0
2015,Major Maintenance - Cultural Facilities,37,Cultural Facilities,Dallas Theater Center,,,1253329,1253329,0,0,0,0
2015,Cultural Facilities,37,Cultural Facilities,Latino Cultural Center,2016,2016,1770186,3940875,2170689,0,0,0
2015,Cultural Facilities,37,Cultural Facilities,Latino Cultural Center - Phase II,2016,2016,690728,957225,266497,0,0,0
2015,Major Maintenance - Cultural Facilities,38,Cultural Facilities,Morton H. Meyerson Symphony Center,,,900000,900000,0,0,0,0
2015,Public Private Partnership,47,Cultural Facilities,1400 Bellview Public Improvements,,,1657916,1657916,0,0,0,0
2015,Public Private Partnership,47,Cultural Facilities,1600 Pacific Building Redevelopment,,,9230400,9230400,0,0,0,0
2015,Public Private Partnership,47,Cultural Facilities,2012 Bond Program-Economic Development Projects,,,250000,250000,0,0,0,0
2015,Housing Infrastructure Improvements,47,Cultural Facilities,Bexar Street Redevelopment Investment Center,,,2000000,2000000,0,0,0,0
2015,Economic and Business Development,47,Cultural Facilities,Bonnieview/Langdon- Water and Sewer Improvements,,,1222527,1222527,0,0,0,0
2015,Cedars Tax Increment Financing District,47,Cultural Facilities,Cedars TIF Public Improvements,2016,2016,1983523,2570803,587280,0,0,0
2015,Cedars Tax Increment Financing District,47,Cultural Facilities,Cedars TIF Administration,,,859175,859175,0,0,0,0
2015,Economic and Business Development,47,Cultural Facilities,Chapter 380 Grants- Various Projects,,,100000,100000,0,0,0,0
2015,City Center Tax Increment Financing District,47,Cultural Facilities,City Center TIF,,,40023540,40023540,0,0,0,0
2015,Cityplace Tax Increment Financing District,48,Cultural Facilities,Cityplace TIF,,,1719050,1719050,0,0,0,0
2015,Public Private Partnership,48,Cultural Facilities,Continental Building Redevelopment Project,,,3700000,3700000,0,0,0,0
2015,PID/TIF Development,48,Cultural Facilities,Cypress Waters,2016,2016,672313,1837562,1165249,0,0,0
2015,Public Private Partnership,48,Cultural Facilities,Dallas Eco-Business Park (McCommas),,,2175230,2175230,0,0,0,0
2015,Davis Garden Tax Increment Financing District,48,Cultural Facilities,Davis Garden TIF,2016,2016,1201527,1656862,455335,0,0,0
2015,Economic and Business Development,48,Cultural Facilities,Davis Street Infrastructure Improvements,,,543177,543177,0,0,0,0
2015,Deep Ellum Tax Increment Financing District,49,Cultural Facilities,Deep Ellum TIF,2016,2016,2078568,3106330,1027762,0,0,0
2015,Design District Tax Increment Financing District,49,Cultural Facilities,Design District TIF,2016,2016,4885284,7556449,2671165,0,0,0
2015,Downtown Connection Tax Increment Financing District,49,Cultural Facilities,Downtown Connection TIF,,,38634231,38634231,0,0,0,0
2015,Housing Infrastructure Improvements,49,Cultural Facilities,East Dallas Chariot Drive,,,450000,450000,0,0,0,0
2015,Infrastructure Support,49,Cultural Facilities,Economic Development,,,18921521,18921521,0,0,0,0
2015,Economic and Business Development,49,Cultural Facilities,Economic Development and Housing Demand Driven Projects,2016,2016,23778050,27442248,3664198,0,0,0
2015,Public Private Partnership,49,Cultural Facilities,Economic Redevelopment,,,2556194,2556194,0,0,0,0
2015,City Center Tax Increment Financing District,49,Cultural Facilities,Elm St. Fire Corridor,,,198000,198000,0,0,0,0
2015,Economic and Business Development,49,Cultural Facilities,Farmers Market Tax Increment,,,588383,588383,0,0,0,0
2015,Farmers Market Tax Increment Financing District,50,Cultural Facilities,Farmers Market TIF Administration,,,673890,673890,0,0,0,0
2015,Farmers Market Tax Increment Financing District,50,Cultural Facilities,Farmers Market TIF Miscellaneous/Professional Services,,,50000,50000,0,0,0,0
2015,Farmers Market Tax Increment Financing District,50,Cultural Facilities,Farmers Market TIF Public Improvement,2016,2016,2324061,3665593,1341532,0,0,0
2015,Farmers Market Tax Increment Financing District,50,Cultural Facilities,Farmers Market Townhomes,,,563759,563759,0,0,0,0
2015,Fort Worth Ave Tax Increment Financing District,50,Cultural Facilities,Fort Worth Ave TIF,2016,2016,835288,1479900,644612,0,0,0
2015,Grand Park South Tax Increment Financing District,50,Cultural Facilities,Grand Park South,2016,2016,247728,299395,51667,0,0,0
2015,Housing Infrastructure Improvements,50,Cultural Facilities,Heros House,,,450000,450000,0,0,0,0
2015,Acquisition and Demolition,50,Cultural Facilities,Housing,,,16703770,16703770,0,0,0,0
2015,Housing Infrastructure Improvements,50,Cultural Facilities,Housing Demand Driven Projects,2016,2016,12025000,16075000,4050000,0,0,0
2015,Public Private Partnership,51,Cultural Facilities,Inland Port,,,1807500,1807500,0,0,0,0
2015,Affordable Housing,51,Cultural Facilities,Land Acquisition for development of low/mod Income Owner-Occupied Single Family Homes,,,3030000,3030000,0,0,0,0
2015,Housing Infrastructure Improvements,51,Cultural Facilities,Malcolm X Boulevard Housing Project,,,1500000,1500000,0,0,0,0
2015,Maple/Mockingbird Tax Increment Financing District,51,Cultural Facilities,Maple/Mockingbird TIF,2016,2016,1568453,3142359,1573906,0,0,0
2015,Infrastructure Support,51,Cultural Facilities,Marsalis,,,2236166,2236166,0,0,0,0
2015,Downtown Connection Tax Increment Financing District,51,Cultural Facilities,Mercantile Building Redevelopment,,,100000,100000,0,0,0,0
2015,Public Private Partnership,51,Cultural Facilities,Miscellaneous Economic Redevelopment Area Wide,,,47565528,47565528,0,0,0,0
2015,Public Private Partnership,51,Cultural Facilities,Mountain Creek Industrial Business Park,,,5959428,5959428,0,0,0,0
2015,Public Private Partnership,51,Cultural Facilities,Neighborhood Street Assessment Program,,,25000,25000,0,0,0,0
2015,Public Private Partnership,51,Cultural Facilities,North Parking Garage Project,,,6078886,6078886,0,0,0,0
2015,Oak Cliff Gateway Tax Increment Financing District,51,Cultural Facilities,Oak Cliff Gateway Public Improvements,2016,2016,1532709,3100832,1568123,0,0,0
2015,Oak Cliff Gateway Tax Increment Financing District,52,Cultural Facilities,Oak Cliff Gateway TIF Administration,,,715722,715722,0,0,0,0
2015,Public Private Partnership,52,Cultural Facilities,Plaza Hotel Project,,,886089,886089,0,0,0,0
2015,Public Private Partnership,52,Cultural Facilities,Public Private Economic Development Infrastructure (PILOT),2016,2016,20398273,29898273,9500000,0,0,0
2015,Public Private Partnership,52,Cultural Facilities,Public Private Infrastructure Cost Participation,,,3582988,3582988,0,0,0,0
2015,Public Private Partnership,52,Cultural Facilities,Public Private Partnership,2016,2016,0,1000000,1000000,0,0,0
2015,Public Private Partnership,52,Cultural Facilities,SD Adaptive Reuse Program,,,150000,150000,0,0,0,0
2015,Skillman Corridor Tax Increment Financing District,52,Cultural Facilities,Skillman Corridor TIF,2016,2016,3258053,5546639,2288586,0,0,0
2015,Public Private Partnership,53,Cultural Facilities,Small Business Façade,,,100000,100000,0,0,0,0
2015,Public Private Partnership,53,Cultural Facilities,Southern Sector,,,200000,200000,0,0,0,0
2015,Southwestern Medical Tax Increment Financing District,53,Cultural Facilities,Southwestern Medical TIF,2016,2016,3422199,4301662,879463,0,0,0
2015,Sports Arena Tax Increment Financing District,53,Cultural Facilities,Sports Arena TIF,,,10421720,10421720,0,0,0,0
2015,Public Private Partnership,53,Cultural Facilities,The Canyon Project,,,4221951,4221951,0,0,0,0
2015,TOD Tax Increment Financing District,53,Cultural Facilities,Transit Oriented TIF,2016,2016,2103116,3434858,1331742,0,0,0
2015,Public Private Partnership,53,Cultural Facilities,Trinity Groves Improvement,,,3505000,3505000,0,0,0,0
2015,Public Private Partnership,54,Cultural Facilities,Turtle Creek Median Improvements,,,116356,116356,0,0,0,0
2015,Vickery Meadow Tax Increment Financing District,54,Cultural Facilities,Vickery Meadow TIF,2016,2016,6738690,8489251,1750561,0,0,0
2015,Housing Infrastructure Improvements,54,Cultural Facilities,West Dallas - Singleton Blvd.,,,1275000,1275000,0,0,0,0
2015,Economic and Business Development,54,Cultural Facilities,Zang Triangle at 1335 N. Zang,,,5239765,5239765,0,0,0,0
2015,Technology,58,Cultural Facilities,AMS Financial System Upgrade,,,1864000,1864000,0,0,0,0
2015,Technology,58,Cultural Facilities,Court and Detention Services,,,1105000,1105000,0,0,0,0
2015,Technology,58,Cultural Facilities,Court and Detention Services- Case Management System Replacement,,,3379178,3379178,0,0,0,0
2015,Fleet Replacement - Public Safety,58,Cultural Facilities,Dallas Fire- Rescue,2016,2016,32276452,41923323,9646871,0,0,0
2015,Technology - Public Safety,58,Cultural Facilities,Dallas Fire-Rescue,2016,2016,0,742844,742844,0,0,0
2015,Technology - Public Safety,58,Cultural Facilities,Dallas Fire-Rescue Department/Dallas Police Department- CAD Server and Workstation,,,2018825,2018825,0,0,0,0
2015,Technology,58,Cultural Facilities,Dallas Police Department,2016,2016,1725000,4265000,2540000,0,0,0
2015,Technology,58,Cultural Facilities,Enterprise Virtual Tape Library,,,1580304,1580304,0,0,0,0
2015,Fleet Replacement,58,Cultural Facilities,Equipment and Building Services,2016,2016,0,3661260,3661260,0,0,0
2015,Fleet Replacement,58,Cultural Facilities,Equipment and Building Services- Fleet Replacement,2016,2016,24902929,28491832,3588903,0,0,0
2015,Technology,59,Cultural Facilities,Financial Development Software,,,2200000,2200000,0,0,0,0
2015,Technology,59,Cultural Facilities,IT Improvements,2016,2016,0,817156,817156,0,0,0
2015,Technology,59,Cultural Facilities,IT Improvements (Various Systems),2016,2016,13099731,13999731,900000,0,0,0
2015,Technology,59,Cultural Facilities,Library Public-Use Computers,,,235560,235560,0,0,0,0
2015,Fleet Replacement,59,Cultural Facilities,Sanitation,2016,2016,14440840,19459832,5018992,0,0,0
2015,Fleet Replacement - Sanitation,59,Cultural Facilities,Sanitation - Fleet Replacement,,,8270000,8270000,0,0,0,0
2015,Fleet Replacement - Sanitation,59,Cultural Facilities,Sanitation- Landfill Equipment,2016,2016,6413986,9497960,3083974,0,0,0
2015,Fleet Replacement,59,Cultural Facilities,Storm Drainage Management- Fleet Replacement,,,2407161,2407161,0,0,0,0
2015,Operational Equipment,59,Cultural Facilities,Street Services- Equipment,,,797637,797637,0,0,0,0
2015,Erosion Control,63,Flood Protection And Storm Drainage,Abrams Road Bridge- Hike & Bike Trail,2017,2017,7200,48000,0,40800,0,0
2015,Erosion Control,63,Flood Protection And Storm Drainage,Anderson Bonner Park Site 1- Hike & Bike Trail (WRC 164),2017,2017,34710,231400,0,196690,0,0
2015,Flood Management,63,Flood Protection And Storm Drainage,Ash Creek - S. Fork,,,3952069,3952069,0,0,0,0
2015,Storm Drainage Relief System,63,Flood Protection And Storm Drainage,Ash Creek Estates at Meadow Way,2016,2016,368447,416583,48136,0,0,0
2015,Erosion Control,63,Flood Protection And Storm Drainage,Audelia 11601 (Audelia Branch,2017,2017,92655,617700,0,525045,0,0
2015,Flood Management,63,Flood Protection And Storm Drainage,Bahama Drive Relief System,,,596500,596500,0,0,0,0
2015,Erosion Control,63,Flood Protection And Storm Drainage,Bainbridge 2733,2017,2017,13710,91400,0,77690,0,0
2015,Erosion Control,63,Flood Protection And Storm Drainage,Beechmont Dr. 2507,2017,2017,8220,54800,0,46580,0,0
2015,Erosion Control,63,Flood Protection And Storm Drainage,Blackstone 2709,2017,2017,17145,114300,0,97155,0,0
2015,Erosion Control,63,Flood Protection And Storm Drainage,Blackstone 2729,2017,2017,13710,91400,0,77690,0,0
2015,Erosion Control,63,Flood Protection And Storm Drainage,Blackstone 2745,2017,2017,33075,220500,0,187425,0,0
2015,Erosion Control,64,Flood Protection And Storm Drainage,Blue Ridge 3721,2017,2017,18525,123500,0,104975,0,0
2015,Erosion Control,64,Flood Protection And Storm Drainage,Burninglog 13156,2017,2017,10290,68600,0,58310,0,0
2015,Erosion Control,64,Flood Protection And Storm Drainage,Caracas 5410 and 5416,2017,2017,25710,171400,0,145690,0,0
2015,Erosion Control,64,Flood Protection And Storm Drainage,Cavender 445,2017,2017,10965,73100,0,62135,0,0
2015,Erosion Control,64,Flood Protection And Storm Drainage,Cedar Springs 5910,2017,2017,27765,185100,0,157335,0,0
2015,Erosion Control,64,Flood Protection And Storm Drainage,Church Road 9233,2017,2017,24000,160000,0,136000,0,0
2015,Erosion Control,64,Flood Protection And Storm Drainage,Clarendon 3435,2017,2017,16680,111200,0,94520,0,0
2015,Erosion Control,64,Flood Protection And Storm Drainage,Clubhouse Circle 6523 and 6527,2017,2017,17145,114300,0,97155,0,0
2015,Erosion Control,64,Flood Protection And Storm Drainage,Colorado (W) 705,2017,2017,11655,77700,0,66045,0,0
2015,Storm Drainage Relief System,64,Flood Protection And Storm Drainage,Conrad 216,2016,2016,14650,94809,80159,0,0,0
2015,Erosion Control,64,Flood Protection And Storm Drainage,Country Brook Pond between Park Grove Ln and Quail Hollow Rd,2017,2017,6000,40000,0,34000,0,0
2015,Flood Management,65,Flood Protection And Storm Drainage,Dallas Floodway Levee Land Acquisition,,,549200,549200,0,0,0,0
2015,Erosion Control,65,Flood Protection And Storm Drainage,Deep Hill Circle 2671 2675 2679 2683,2017,2017,83025,553500,0,470475,0,0
2015,Erosion Control,65,Flood Protection And Storm Drainage,Dixon Branch at Easton Road,2017,2017,27420,182800,0,155380,0,0
2015,Flood Management,65,Flood Protection And Storm Drainage,Elmwood Branch Bridge at Franklin,2016,2016,52579,373489,320910,0,0,0
2015,Erosion Control,65,Flood Protection And Storm Drainage,Fair Oaks Crossing 8201,2017,2017,17145,114300,0,97155,0,0
2015,Erosion Control,65,Flood Protection And Storm Drainage,Fair Oaks Crossing 8849,2017,2017,42840,285600,0,242760,0,0
2015,Erosion Control,65,Flood Protection And Storm Drainage,Five Mile Pkwy W. 922,2017,2017,33360,222400,0,189040,0,0
2015,Flood Management,65,Flood Protection And Storm Drainage,Glen Oaks 326,,,193998,193998,0,0,0,0
2015,Erosion Control,65,Flood Protection And Storm Drainage,Glen Oaks 816,2017,2017,20565,137100,0,116535,0,0
2015,Erosion Control,65,Flood Protection And Storm Drainage,Glendale Park Site 1- Pavilion,2017,2017,10290,68600,0,58310,0,0
2015,Erosion Control,65,Flood Protection And Storm Drainage,Glendale Park Site 3- S. of footbridge,2017,2017,5145,34300,0,29155,0,0
2015,Erosion Control,65,Flood Protection And Storm Drainage,Glendale Park Site 4- N. of footbridge,2017,2017,5145,34300,0,29155,0,0
2015,Erosion Control,66,Flood Protection And Storm Drainage,Green Oaks Circle 9032,2017,2017,20565,137100,0,116535,0,0
2015,Erosion Control,66,Flood Protection And Storm Drainage,Greenville Avenue 9320/Vista View 8915,2017,2017,29655,197700,0,168045,0,0
2015,Erosion Control,66,Flood Protection And Storm Drainage,Hampton Road (S) 3817,2017,2017,34275,228500,0,194225,0,0
2015,Erosion Control,66,Flood Protection And Storm Drainage,Harry Moss Park Site 1- S. of pedestrian bridge,2017,2017,10290,68600,0,58310,0,0
2015,Erosion Control,66,Flood Protection And Storm Drainage,Healey 2116 and Kingsman 9869,2017,2017,20565,137100,0,116535,0,0
2015,Flood Management,66,Flood Protection And Storm Drainage,Inland Port Area,,,2694090,2694090,0,0,0,0
2015,Erosion Control,66,Flood Protection And Storm Drainage,Kalani 6323,2017,2017,11865,79100,0,67235,0,0
2015,Erosion Control,66,Flood Protection And Storm Drainage,Kiesthill Drive 3431,2017,2017,33360,222400,0,189040,0,0
2015,Erosion Control,66,Flood Protection And Storm Drainage,Kildare 4927,2017,2017,12855,85700,0,72845,0,0
2015,Erosion Control,66,Flood Protection And Storm Drainage,Kiltartan 1511,2017,2017,26685,177900,0,151215,0,0
2015,Erosion Control,66,Flood Protection And Storm Drainage,Kiowa Parkway Hike and Bike Trail,2017,2017,12345,82300,0,69955,0,0
2015,Erosion Control,66,Flood Protection And Storm Drainage,Lanett Circle N. 10741,2017,2017,21420,142800,0,121380,0,0
2015,Erosion Control,67,Flood Protection And Storm Drainage,Langdale Circle 8668 and 8656,2017,2017,42840,285600,0,242760,0,0
2015,Flood Management,67,Flood Protection And Storm Drainage,Levee Drainage System,2016,2016,70406749,75307363,4900614,0,0,0
2015,Flood Management,67,Flood Protection And Storm Drainage,Levee Drainage System- Sump A (Able Pump Station),,,91700000,91700000,0,0,0,0
2015,Flood Management,67,Flood Protection And Storm Drainage,Levee Peer Review,,,1184993,1184993,0,0,0,0
2015,Erosion Control,67,Flood Protection And Storm Drainage,Lyre Lane 6909 and Chantilly Court,2017,2017,10290,68600,0,58310,0,0
2015,Erosion Control,67,Flood Protection And Storm Drainage,Martin Weiss Park Site 1- Pavilion,2017,2017,10290,68600,0,58310,0,0
2015,Erosion Control,67,Flood Protection And Storm Drainage,Martin Weiss Park Site 3- Pedestrian Bridge,2017,2017,5235,34900,0,29665,0,0
2015,Flood Management,67,Flood Protection And Storm Drainage,McCree Branch,,,1311134,1311134,0,0,0,0
2015,Flood Management,67,Flood Protection And Storm Drainage,McKamy Swale from Mapleshade Ln to Villa Rd,,,2416083,2416083,0,0,0,0
2015,Erosion Control,68,Flood Protection And Storm Drainage,Mercedes 6607 6615 6621,2017,2017,17145,114300,0,97155,0,0
2015,Storm Drainage Relief System,68,Flood Protection And Storm Drainage,Mercedes Ave. 5500 Blk at Worcola,2016,2016,15316,102104,86788,0,0,0
2015,Storm Drainage Relief System,68,Flood Protection And Storm Drainage,Middle Peaks Branch - Phase I,2016,2016,14259863,22340355,8080492,0,0,0
2015,Storm Drainage Relief System,68,Flood Protection And Storm Drainage,Middle Peaks Branch - Phase II,2016,2016,2978777,12566450,9587673,0,0,0
2015,Storm Drainage Relief System,68,Flood Protection And Storm Drainage,Mill Creek Drainage Relief System,2016,2016,16698958,68481901,51782943,0,0,0
2015,Flood Management,68,Flood Protection And Storm Drainage,Mill Creek Peaks Branch and State Thomas,2016,2016,0,218600000,218600000,0,0,0
2015,Flood Management,68,Flood Protection And Storm Drainage,Mockingbird Ln from Maple Ave to Forest Park Blvd,,,2371245,2371245,0,0,0,0
2015,Storm Drainage Relief System,68,Flood Protection And Storm Drainage,Non-Structural Flood Management Projects,2016,2016,0,300000,300000,0,0,0
2015,Erosion Control,68,Flood Protection And Storm Drainage,Pagewood 10553,2017,2017,4455,29700,0,25245,0,0
2015,Storm Drainage Relief System,68,Flood Protection And Storm Drainage,Peavy at Galway,2016,2016,65200,204208,139008,0,0,0
2015,Erosion Control,69,Flood Protection And Storm Drainage,Rocky Branch @ Middle Downs Sites 1 2 3 4,2017,2017,99945,666300,0,566355,0,0
2015,Erosion Control,69,Flood Protection And Storm Drainage,Rosemont Rd. 7322,2016,2017,0,114300,17145,97155,0,0
2015,Erosion Control,69,Flood Protection And Storm Drainage,Royal Lane 7832 and 7920,2017,2017,74040,493600,0,419560,0,0
2015,Erosion Control,69,Flood Protection And Storm Drainage,Royal Lane 9750 (Jackson Branch- E. Bank downstream of Royal Bridge),2017,2017,38910,259400,0,220490,0,0
2015,Storm Drainage Relief System,69,Flood Protection And Storm Drainage,Shorecrest 3852,,,55854,55854,0,0,0,0
2015,Erosion Control,69,Flood Protection And Storm Drainage,Skillman 7920 (Jackson Branch- E. Bank downstream of Skillman Br),2017,2017,77835,518900,0,441065,0,0
2015,Erosion Control,69,Flood Protection And Storm Drainage,Skillman 8109,2017,2017,24510,163400,0,138890,0,0
2015,Erosion Control,69,Flood Protection And Storm Drainage,Sperry St. 3220,2017,2017,12600,84000,0,71400,0,0
2015,Erosion Control,69,Flood Protection And Storm Drainage,Spring Grove 13316,2017,2017,11100,74000,0,62900,0,0
2015,Erosion Control,70,Flood Protection And Storm Drainage,Spring Valley 8444,2017,2017,44565,297100,0,252535,0,0
2015,Erosion Control,70,Flood Protection And Storm Drainage,Springwater 9204 9210 9216,2017,2017,44565,297100,0,252535,0,0
2015,Erosion Control,70,Flood Protection And Storm Drainage,Squaw Valley 17628,2016,2017,491,91400,13219,77690,0,0
2015,Storm Drainage Relief System,70,Flood Protection And Storm Drainage,State-Thomas,,,4977204,4977204,0,0,0,0
2015,Storm Drainage Relief System,70,Flood Protection And Storm Drainage,State-Thomas at Woodall Rodgers,,,8509392,8509392,0,0,0,0
2015,Flood Management,70,Flood Protection And Storm Drainage,Storm Water Drainage Management Capital Improvement Projects,,,18227896,18227896,0,0,0,0
2015,Erosion Control,70,Flood Protection And Storm Drainage,Summer Creek Circle 6121 6123 6125 6127 6139 6141,2016,2017,0,434200,65130,369070,0,0
2015,Erosion Control,70,Flood Protection And Storm Drainage,Sunland Street 11825,2017,2017,6855,45700,0,38845,0,0
2015,Storm Drainage Relief System,70,Flood Protection And Storm Drainage,Sylvan Ave. 1667,,,415025,415025,0,0,0,0
2015,Erosion Control,70,Flood Protection And Storm Drainage,Tamarack 1745 1739 1751,,,308500,308500,0,0,0,0
2015,Erosion Control,71,Flood Protection And Storm Drainage,Tranquilla Dr. 1251,2017,2017,16455,109700,0,93245,0,0
2015,Trinity River Projects,71,Flood Protection And Storm Drainage,Trinity River Chain of Lakes,,,36016543,36016543,0,0,0,0
2015,Erosion Control,71,Flood Protection And Storm Drainage,Turtle Creek Greenbelt Site 1- Bike Trail,2016,2017,0,222800,33420,189380,0,0
2015,Erosion Control,71,Flood Protection And Storm Drainage,Twin Creek 9726,2016,2017,0,123500,18525,104975,0,0
2015,Erosion Control,71,Flood Protection And Storm Drainage,Twin Falls Park Trail,2016,2017,0,257100,38565,218535,0,0
2015,Storm Drainage Relief System,71,Flood Protection And Storm Drainage,West Dallas,,,10009933,10009933,0,0,0,0
2015,Erosion Control,71,Flood Protection And Storm Drainage,Whitehurst 9727 (Jackson Branch- E. Bank upstream of Whitehurst Br),2016,2017,0,345900,51885,294015,0,0
2015,Erosion Control,71,Flood Protection And Storm Drainage,Whitehurst 9730 (Audelia Branch- W. Bank downstream of Whitehurst),2016,2017,0,444700,66620,378080,0,0
2015,Erosion Control,71,Flood Protection And Storm Drainage,Wild Oak 2488,2016,2017,0,148300,22245,126055,0,0
2015,Storm Drainage Relief System,71,Flood Protection And Storm Drainage,Winnetka (N),,,28401,28401,0,0,0,0
2015,Storm Drainage Relief System,72,Flood Protection And Storm Drainage,Yewpon- Kingsley Area,,,2277968,2277968,0,0,0,0
2015,Storm Drainage Relief System,72,Flood Protection And Storm Drainage,Zang to Illinois Drainage Relief System,,,4000001,4000001,0,0,0,0
2015,Code Compliance Safety and Security,79,Park And Recreation,Accessibility and Code Compliance Improvements at Various Facilities,2016,2016,1243275,1368275,125000,0,0,0
2015,Major Maintenance - Park Facilities,79,Park And Recreation,Arlington Recreation Center,,,1029519,1029519,0,0,0,0
2015,Major Park Facilities,79,Park And Recreation,Athletic Field Lighting- Various Locations,2016,2016,1095136,1195136,100000,0,0,0
2015,Recreation Facilities and Site Development,79,Park And Recreation,Bachman Lake Site Development,2016,2016,1195608,2188439,992831,0,0,0
2015,Major Maintenance - Park Facilities,79,Park And Recreation,Bachman Recreation Center,2016,2016,1900186,1969105,68919,0,0,0
2015,Community Parks,79,Park And Recreation,Buckner Site Acquisition,,,1063987,1063987,0,0,0,0
2015,Park Land Acquisition,80,Park And Recreation,Chalk Hill Trail Land Acquisition,2016,2016,2234369,2884369,650000,0,0,0
2015,Code Compliance Safety and Security,80,Park And Recreation,Citywide Security Lighting,2016,2016,833006,1033006,200000,0,0,0
2015,Aquatic Facilities,80,Park And Recreation,Community Pool Enhancements,,,1355242,1355242,0,0,0,0
2015,Citywide Parks,81,Park And Recreation,Contract Management Assessment,2016,2016,2428446,3220634,792188,0,0,0
2015,Recreation Facilities and Site Development,81,Park And Recreation,Crawford Memorial Master Plan and Design,2016,2016,816947,1382958,566011,0,0,0
2015,Recreation Facilities and Site Development,81,Park And Recreation,Cummings Recreation Center- Renovations,,,1270380,1270380,0,0,0,0
2015,Dallas Arboretum,81,Park And Recreation,Dallas Arboretum Parking,,,7600000,7600000,0,0,0,0
2015,Special Use Areas,82,Park And Recreation,Dallas Arboretum Site Development,,,1522134,1522134,0,0,0,0
2015,Major Maintenance - Park Facilities,82,Park And Recreation,Dallas Zoo,,,170019,170019,0,0,0,0
2015,Recreation Facilities and Site Development,82,Park And Recreation,Dickerson Street Development,,,1035110,1035110,0,0,0,0
2015,Administrative and Internal Service Facilities,82,Park And Recreation,District 2 Service Center- 1400 Guard Drive,,,1685065,1685065,0,0,0,0
2015,Major Park Facilities,82,Park And Recreation,Downtown Parks Development,,,2383600,2383600,0,0,0,0
2015,Regional Parks,82,Park And Recreation,Elm Fork Athletic Complex,,,2856905,2856905,0,0,0,0
2015,Major Park Facilities,82,Park And Recreation,Elm Fork Greenbelt,,,140500,140500,0,0,0,0
2015,Major Park Facilities,82,Park And Recreation,Elm Fork Soccer Complex Phase I Construction,,,10653667,10653667,0,0,0,0
2015,Major Maintenance - Park Facilities,82,Park And Recreation,Eloise Lundy Recreation Center,,,530750,530750,0,0,0,0
2015,Environmental,83,Park And Recreation,Environmental Conservation,2016,2016,1363555,1490555,127000,0,0,0
2015,Fair Park,83,Park And Recreation,Fair Park,,,13314955,13314955,0,0,0,0
2015,Major Maintenance - Park Facilities,83,Park And Recreation,Fireside Recreation Center,,,34118,34118,0,0,0,0
2015,Trail Development,83,Park And Recreation,Five Mile Creek Trail,,,2195250,2195250,0,0,0,0
2015,Land Acquisition,83,Park And Recreation,Forest/Audelia Area Park Project,,,3840339,3840339,0,0,0,0
2015,Recreation Facilities and Site Development,83,Park And Recreation,Fretz Park Recreation Center,,,348520,348520,0,0,0,0
2015,Recreation Facilities and Site Development,83,Park And Recreation,Garrett Site Improvements,2016,2016,200000,400000,200000,0,0,0
2015,Recreation Facilities and Site Development,83,Park And Recreation,Glencoe Pavillion,,,256913,256913,0,0,0,0
2015,Citywide Parks,84,Park And Recreation,Grant Matching Funds-Park & Trail Projects,,,868330,868330,0,0,0,0
2015,Recreation Facilities and Site Development,84,Park And Recreation,Hamilton Open-air Gym/Parking/Pavillion,,,370194,370194,0,0,0,0
2015,Recreation Facilities and Site Development,84,Park And Recreation,Harry Stone Recreation Center,,,1081768,1081768,0,0,0,0
2015,Studies and Master Plans,84,Park And Recreation,Janie C. Turner Recreation Center,,,341699,341699,0,0,0,0
2015,Major Maintenance - Park Facilities,84,Park And Recreation,John C. Phelps Recreation Center,,,200000,200000,0,0,0,0
2015,Recreation Facilities and Site Development,84,Park And Recreation,K. B. Polk Land Acquisition and Parking Improvements,,,531986,531986,0,0,0,0
2015,Recreation Facilities and Site Development,84,Park And Recreation,Katy Trail,,,536485,536485,0,0,0,0
2015,Recreation Facilities and Site Development,84,Park And Recreation,Kidd Springs Pavilion,,,320541,320541,0,0,0,0
2015,Recreation Facilities and Site Development,84,Park And Recreation,Kidd Springs Walkways,,,117606,117606,0,0,0,0
2015,Recreation Facilities and Site Development,85,Park And Recreation,Kiest Trail,,,2168897,2168897,0,0,0,0
2015,Trail Development,85,Park And Recreation,Kiestwood Trail Amenities,,,222804,222804,0,0,0,0
2015,Major Maintenance - Park Facilities,85,Park And Recreation,Kleberg Rylie Recreation Center,,,23900,23900,0,0,0,0
2015,Trail Development,85,Park And Recreation,Lake Highlands Trail (Ferndale to Lake Highlands High School),,,167480,167480,0,0,0,0
2015,Recreation Facilities and Site Development,85,Park And Recreation,Lakeland Hills,,,505772,505772,0,0,0,0
2015,Park Land Acquisition,85,Park And Recreation,Land Acquisition,,,5207897,5207897,0,0,0,0
2015,Citywide Parks,85,Park And Recreation,Land Acquisition and Planning,,,1116306,1116306,0,0,0,0
2015,Administrative and Internal Service Facilities,85,Park And Recreation,Luna Vista Service Center,,,961151,961151,0,0,0,0
2015,Recreation Facilities and Site Development,86,Park And Recreation,Main Street Garden Playground Replacement,,,253455,253455,0,0,0,0
2015,Major Maintenance - Park Facilities,86,Park And Recreation,Marcus Recreation Center,,,300330,300330,0,0,0,0
2015,Recreation Facilities and Site Development,86,Park And Recreation,McCree Park Pavillion,,,334587,334587,0,0,0,0
2015,Trail Development,86,Park And Recreation,Northaven Trail (Valley Dale to Preston),2016,2016,1151887,1551887,400000,0,0,0
2015,Park Land Acquisition,86,Park And Recreation,Park District 6 Service Center- Land Acquisition,,,3716574,3716574,0,0,0,0
2015,Recreation Facilities and Site Development,86,Park And Recreation,Park in the Woods Parking Improvements,,,191500,191500,0,0,0,0
2015,Recreation Facilities and Site Development,86,Park And Recreation,Park in the Woods Security Lighting,,,95000,95000,0,0,0,0
2015,Recreation Facilities and Site Development,86,Park And Recreation,Park Signage,2016,2016,628989,886500,257511,0,0,0
2015,Recreation Facilities and Site Development,86,Park And Recreation,Pike Master Plan and Schematic,,,100479,100479,0,0,0,0
2015,Recreation Facilities and Site Development,86,Park And Recreation,Pleasant Oaks Recreation Center Renovation,,,2237473,2237473,0,0,0,0
2015,Recreation Facilities and Site Development,87,Park And Recreation,Reverchon Master Plan Implementation,,,648314,648314,0,0,0,0
2015,Recreation Facilities and Site Development,87,Park And Recreation,Robert E. Lee Croquet Courts Restoration,,,387653,387653,0,0,0,0
2015,Code Compliance Safety and Security,87,Park And Recreation,Security Cameras,2016,2016,517050,637050,120000,0,0,0
2015,Historic Preservation,87,Park And Recreation,Sharrock- Niblo Structure Stabilizaion,,,383927,383927,0,0,0,0
2015,Major Maintenance - Park Facilities,87,Park And Recreation,Singing Hills Recreation Center,,,5846353,5846353,0,0,0,0
2015,Recreation Facilities and Site Development,87,Park And Recreation,South Central and Joppa Gateway (District 4),,,839496,839496,0,0,0,0
2015,Recreation Facilities and Site Development,88,Park And Recreation,South Central and Joppa Gateway (District 5),,,570000,570000,0,0,0,0
2015,Citywide Parks,88,Park And Recreation,Stormwater Quality Site Improvements,,,554389,554389,0,0,0,0
2015,Major Park Facilities,88,Park And Recreation,Texas Horse Park Land Acquisition and Development,,,14783400,14783400,0,0,0,0
2015,Recreation Facilities and Site Development,88,Park And Recreation,Timberglen Site Improvements,,,1606353,1606353,0,0,0,0
2015,Trail Development,88,Park And Recreation,Timberglen Trail (Timberglen to Barry Barker),,,143625,143625,0,0,0,0
2015,Major Maintenance - Park Facilities,88,Park And Recreation,Tommie Allen Recreation Center,,,289500,289500,0,0,0,0
2015,Recreation Facilities and Site Development,88,Park And Recreation,Tommie Allen Security Lights,,,71250,71250,0,0,0,0
2015,Trail Development,88,Park And Recreation,Trail Development,2016,2016,447383,647383,200000,0,0,0
2015,Trail Development,88,Park And Recreation,Trinity Strand,,,1223280,1223280,0,0,0,0
2015,Trail Development,89,Park And Recreation,Trinity Strand Fiezy Connection,,,209142,209142,0,0,0,0
2015,Linear/Linkage Areas,89,Park And Recreation,Trinity Strand Trail,,,810628,810628,0,0,0,0
2015,Trail Development,89,Park And Recreation,Turtle Creek Trail Site Improvements,,,287250,287250,0,0,0,0
2015,Recreation Facilities and Site Development,89,Park And Recreation,Valley View Trail and Trailhead,,,335824,335824,0,0,0,0
2015,Major Maintenance - Park Facilities,89,Park And Recreation,Walnut Hill Recreation Center,,,1669516,1669516,0,0,0,0
2015,Major Park Facilities,89,Park And Recreation,West Dallas Gateway,2018,2018,2430322,36010000,0,0,33579678,0
2015,Recreation Facilities and Site Development,89,Park And Recreation,White Rock Hills Recreation Center,,,4750000,4750000,0,0,0,0
2015,Recreation Facilities and Site Development,89,Park And Recreation,White Rock Lake East Lawther Trail Replacement,,,1772684,1772684,0,0,0,0
2015,Recreation Facilities and Site Development,89,Park And Recreation,White Rock Lake Mockingbird Point Improvements,,,1461054,1461054,0,0,0,0
2015,Recreation Facilities and Site Development,90,Park And Recreation,White Rock Lake Security Lights,,,271199,271199,0,0,0,0
2015,Major Maintenance,90,Park And Recreation,White Rock Lake Stone Tables,,,113957,113957,0,0,0,0
2015,Public Art,99,Street And Thoroughfare,2012 Public Art Administration,,,337625,337625,0,0,0,0
2015,Street Reconstruction - Local Streets,99,Street And Thoroughfare,Aberdeen Ave from Preston Rd to Tulane St,,,910783,910783,0,0,0,0
2015,Street Resurfacing,99,Street And Thoroughfare,Abrams Rd from Mockingbird Ln to Lange Cir,2016,2016,21349,545949,524600,0,0,0
2015,Target Neighborhood,99,Street And Thoroughfare,Adams (N) from Davis to 9th,,,841777,841777,0,0,0,0
2015,Alley Reconstruction,99,Street And Thoroughfare,Aldwick Dr (8805-9031) And Fenchurch Rd (8904-9020),,,217600,217600,0,0,0,0
2015,Street Resurfacing,99,Street And Thoroughfare,Aledo Dr from Crest Ridge Dr to Tisinger Ave,,,721700,721700,0,0,0,0
2015,Alley Reconstruction,99,Street And Thoroughfare,Allencrest Ln (4608-4732) And Forest Ln (4609-4719),,,209400,209400,0,0,0,0
2015,Alley Reconstruction,99,Street And Thoroughfare,Allencrest Ln (4807-4931) And Nashwood Ln (4808-4918),,,274000,274000,0,0,0,0
2015,Thoroughfares,100,Street And Thoroughfare,Alpha Rd. - Dallas Pkwy. to Preston Rd.,2017,2017,255880,1245750,0,989870,0,0
2015,Intergovernmental Partnership Projects,100,Street And Thoroughfare,Alpha Rd.,2017,2017,5359,4462691,0,4457332,0,0
2015,Alley Reconstruction,100,Street And Thoroughfare,Alto Caro Dr (7305-7447) And Clearhaven Dr (7306-7446),,,260200,260200,0,0,0,0
2015,Street Resurfacing,100,Street And Thoroughfare,Ambassador Row from Regal Row to Dividend Drive,2016,2016,0,714600,714600,0,0,0
2015,Alley Reconstruction,100,Street And Thoroughfare,Amberwood Rd (16101-16239) And Wickerwood Dr (6401-6535),,,347000,347000,0,0,0,0
2015,Street Resurfacing,100,Street And Thoroughfare,Ann Arbor Ave from Malden Ln to Strobel Ave,,,234800,234800,0,0,0,0
2015,Alley Reconstruction,100,Street And Thoroughfare,Arapaho Rd (7630-7630) And El Padre (7707-7707),,,204376,204376,0,0,0,0
2015,Street Resurfacing,100,Street And Thoroughfare,Arboreal Dr from 300' north of NW Highway to Walling Ln,,,461900,461900,0,0,0,0
2015,Target Neighborhood,100,Street And Thoroughfare,Arizona from Saner to Kiest,2016,2016,269595,1726570,1456974,0,0,0
2015,Street Resurfacing,101,Street And Thoroughfare,Autumn Woods Trl from W. Red Bird Ln to Highcrest Dr,2017,2017,0,352200,0,352200,0,0
2015,Street Resurfacing,101,Street And Thoroughfare,Avondale from Throckmorton to Oak Lawn,,,103602,103602,0,0,0,0
2015,Alley Reconstruction,101,Street And Thoroughfare,Azalea Ln (6121-6339) And Royalton Dr (6142-6342),,,253900,253900,0,0,0,0
2015,Alley Reconstruction,101,Street And Thoroughfare,Azalea Ln (7107-7239) And Currin Dr (7106-7238),,,258700,258700,0,0,0,0
2015,Trails,101,Street And Thoroughfare,Bachman Lake Trail,2016,2016,241000,1601000,1360000,0,0,0
2015,Street Resurfacing,101,Street And Thoroughfare,Barnett Ave from Irwindell Blvd to Brooklyndell Ave,,,77600,77600,0,0,0,0
2015,Barrier Free Ramps,101,Street And Thoroughfare,Barrier Free Ramps and Sidewalks,2016,2018,0,2869150,869150,1600000,400000,0
2015,Alley Reconstruction,101,Street And Thoroughfare,Baxtershire Dr (7110-7250) And Eudora Dr (7109-7239),,,273806,273806,0,0,0,0
2015,Street Reconstruction - Local Streets,101,Street And Thoroughfare,Beall Street from Dolphin to Gifford Street,2016,2016,54765,365100,310335,0,0,0
2015,Alley Reconstruction,101,Street And Thoroughfare,Beauty Ln (10804-11030) And Royal Ln (3461-3461),,,326336,326336,0,0,0,0
2015,Intergovernmental Partnership Projects,101,Street And Thoroughfare,Beckley Ave. at Colorado and West Commerce,,,93784,93784,0,0,0,0
2015,Street Improvements,102,Street And Thoroughfare,Beckley Ave. at Colorado and W. Commerce,,,2856000,2856000,0,0,0,0
2015,Street Resurfacing,102,Street And Thoroughfare,Belgrade Ave from Lawnview Ave to Bisbee Dr,,,257000,257000,0,0,0,0
2015,Street Resurfacing,102,Street And Thoroughfare,Belknap Ave from Illinois Ave to Sutter St,,,249200,249200,0,0,0,0
2015,Thoroughfares,102,Street And Thoroughfare,Belleview,,,1000000,1000000,0,0,0,0
2015,Street Reconstruction - Local Streets,102,Street And Thoroughfare,Berry Trail from Preston Rd to Copperhill Dr,,,758461,758461,0,0,0,0
2015,Thoroughfares,102,Street And Thoroughfare,Bexar St.,,,1713526,1713526,0,0,0,0
2015,Streetscape/Urban Design,102,Street And Thoroughfare,Bexar St. Corridor- US 175 to Rochester,,,4039162,4039162,0,0,0,0
2015,Alley Petitions,102,Street And Thoroughfare,Bishop Avenue and Haines Avenue from Neches Street to Wickford Street,,,174522,174522,0,0,0,0
2015,Complete Street,103,Street And Thoroughfare,Bishop from Jefferson to 8th,2016,2016,569746,3550635,2980889,0,0,0
2015,Street Reconstruction - Local Streets,103,Street And Thoroughfare,Bismark Dr from E. Ledbetter to 51st,,,903512,903512,0,0,0,0
2015,Alley Reconstruction,103,Street And Thoroughfare,Blue Mesa Dr (6834-6922) And Hillcrest Rd (17702-17726),,,184633,184633,0,0,0,0
2015,Alley Petitions,103,Street And Thoroughfare,Bluffman Drive Castle Hills Drive & Lovingood Dr. - Lovingood Dr.,,,225113,225113,0,0,0,0
2015,Street Resurfacing,103,Street And Thoroughfare,Blyth Dr from Freeport Dr to Shiloh Rd,,,310100,310100,0,0,0,0
2015,Alley Reconstruction,103,Street And Thoroughfare,Boca Bay Dr (4109-4263) And Shady Bend Dr (4110-4264),,,376600,376600,0,0,0,0
2015,Thoroughfares,103,Street And Thoroughfare,Bonnie View,,,14501094,14501094,0,0,0,0
2015,Street Reconstruction - Local Streets,103,Street And Thoroughfare,Bonnie View from Overton to Springview,,,525374,525374,0,0,0,0
2015,Street Resurfacing,104,Street And Thoroughfare,Bonnie View from Springview to Fordham,2016,2016,0,316400,316400,0,0,0
2015,Intergovernmental Partnership Projects,104,Street And Thoroughfare,Bonnie View Rd.,,,6037582,6037582,0,0,0,0
2015,Street Resurfacing,104,Street And Thoroughfare,Bowen St from McKinney Ave to Turtle Creek,,,303503,303503,0,0,0,0
2015,Street Resurfacing,104,Street And Thoroughfare,Bowling Brook Dr from Humoresque Dr To Lazy River Dr,2017,2017,0,121800,0,121800,0,0
2015,Bridge Repair and Modification,104,Street And Thoroughfare,Bridge Repair and Modification,2016,2017,0,7653335,2051949,5601386,0,0
2015,Street Reconstruction - Local Streets,104,Street And Thoroughfare,Brierfield Dr From Brierfield Cir To W Camp Wisdom Rd,,,594847,594847,0,0,0,0
2015,Street Resurfacing,104,Street And Thoroughfare,Briscoe Blvd (S) from W. 10th to W. 12th,,,184000,184000,0,0,0,0
2015,Alley Reconstruction,104,Street And Thoroughfare,Brookview Dr (4400-4538) And Gloster Rd (4407-4533),,,295500,295500,0,0,0,0
2015,Street Resurfacing,104,Street And Thoroughfare,Bruton Rd from McKim to N Prairie Creek,,,355276,355276,0,0,0,0
2015,Thoroughfares,105,Street And Thoroughfare,Burbank St.,,,3590584,3590584,0,0,0,0
2015,Alley Reconstruction,105,Street And Thoroughfare,Buxhill Dr (9405-9735) And Lanshire Dr (9408-9636),,,310400,310400,0,0,0,0
2015,Alley Reconstruction,105,Street And Thoroughfare,Buxhill Dr (9406-9734) And Shady Dale Ln (9607-9735),,,244500,244500,0,0,0,0
2015,Thoroughfares,105,Street And Thoroughfare,Cadiz St.,,,4919911,4919911,0,0,0,0
2015,Street Resurfacing,105,Street And Thoroughfare,Camille Ave from Davenport to Cansler,2017,2017,0,175500,0,175500,0,0
2015,Street Resurfacing,105,Street And Thoroughfare,Camp Wisdom Rd (W) from Woodwick Dr to Polk St,,,206900,206900,0,0,0,0
2015,Street Resurfacing,105,Street And Thoroughfare,Campanella Dr from Rialto Dr To TI Blvd,2017,2017,0,245800,0,245800,0,0
2015,Street Reconstruction - Thoroughfares,105,Street And Thoroughfare,Canada Dr from Tamerisk St to Westmoreland Rd,2016,2016,810772,4690772,3880000,0,0,0
2015,Street Resurfacing,105,Street And Thoroughfare,Canty St (W) from Beckley Ave to Madison Ave,,,188476,188476,0,0,0,0
2015,Technology,106,Street And Thoroughfare,Capital Projects Data Management,,,50000,50000,0,0,0,0
2015,Alley Petitions,106,Street And Thoroughfare,Capps Dr & Rexford Dr from. Lemmon Ave parallel to Glencrest Ln,,,146000,146000,0,0,0,0
2015,Street Resurfacing,106,Street And Thoroughfare,Caravan Trl from Singing Hills Dr to Lazy River Dr,2016,2016,0,263400,263400,0,0,0
2015,Street Resurfacing,106,Street And Thoroughfare,Carlisle St from Sneed St to N. Hall St,,,217600,217600,0,0,0,0
2015,Street Reconstruction - Local Streets,106,Street And Thoroughfare,Carthage Ln from Chandler Dr to Buckingham Rd (13300 block),,,455762,455762,0,0,0,0
2015,Alley Reconstruction,106,Street And Thoroughfare,Caruth Blvd (7403-7543) And Colgate Ave (7402-7542),,,241000,241000,0,0,0,0
2015,Alley Reconstruction,106,Street And Thoroughfare,Catamore Ln (3117-3185) And Flowerdale Ln (3112-3162),,,195801,195801,0,0,0,0
2015,Alley Reconstruction,106,Street And Thoroughfare,Caulfield Dr (6701-6805) And Spanky Branch Ct (6904-7000),,,203500,203500,0,0,0,0
2015,Intergovernmental Partnership Projects,106,Street And Thoroughfare,CBD Fair Link- Hall St. to IH 30,,,5823013,5823013,0,0,0,0
2015,Transportation Systems Management,107,Street And Thoroughfare,CBD Wayfinding & Signage Program Phase III,,,100000,100000,0,0,0,0
2015,Alley Reconstruction,107,Street And Thoroughfare,Cedar Bend Dr (12317-12417),,,191920,191920,0,0,0,0
2015,Complete Street,107,Street And Thoroughfare,Cedar Springs Ave from Douglas to Oak Lawn,2016,2016,24900,1329000,1304100,0,0,0
2015,Alley Reconstruction,107,Street And Thoroughfare,Cedarbrush Dr (3809-3951) And Goodfellow Dr (3810-3948),,,304750,304750,0,0,0,0
2015,Traffic Signal Upgrades,107,Street And Thoroughfare,Central Signal Computer/ Software Upgrade,,,2867983,2867983,0,0,0,0
2015,Thoroughfares,107,Street And Thoroughfare,Chalk Hill Rd.,,,17006295,17006295,0,0,0,0
2015,Street Reconstruction - Local Streets,107,Street And Thoroughfare,Chandler Dr from Carthage Ln to Carthage Ln 12900 to 13100,,,1102393,1102393,0,0,0,0
2015,Street Resurfacing,108,Street And Thoroughfare,Channel from Royal to Talisman,,,343700,343700,0,0,0,0
2015,Alley Reconstruction,108,Street And Thoroughfare,Chapel Downs Dr (3108-3256) And Timberview Rd (3111-3253),,,349000,349000,0,0,0,0
2015,Alley Reconstruction,108,Street And Thoroughfare,Chattington Dr (7403-7439) And Meandering Pl (15105-15115),,,27045,27045,0,0,0,0
2015,Alley Reconstruction,108,Street And Thoroughfare,Chattington Dr (7507-7625) And Woodstone Ln (7524-7624),,,37467,37467,0,0,0,0
2015,Alley Reconstruction,108,Street And Thoroughfare,Chesterton Dr (10206-10432) And Walnut Hill Ln (10201-10201),,,302100,302100,0,0,0,0
2015,Alley Reconstruction,108,Street And Thoroughfare,Chiswell Rd (9707-9747) And Lanshire Dr (9718-9738),,,87890,87890,0,0,0,0
2015,Alley Reconstruction,108,Street And Thoroughfare,Churchill Way (6824-6838) And Hillcrest Rd (12361-12361),,,13605,13605,0,0,0,0
2015,Street Resurfacing,108,Street And Thoroughfare,Churchill Way from Whitley to Preston,2017,2017,2310,119300,0,116990,0,0
2015,Professional Services and Debt Issuance,108,Street And Thoroughfare,CIP Reimbursement,2017,2018,577594,9936795,0,8300000,743163,316038
2015,Street Resurfacing,109,Street And Thoroughfare,Claremont Dr from Highland Rd to Ferguson Rd,,,428670,428670,0,0,0,0
2015,Alley Reconstruction,109,Street And Thoroughfare,Claren Ct (7114-7122) And Judi Ct (7104-7112),,,165822,165822,0,0,0,0
2015,Alley Reconstruction,109,Street And Thoroughfare,Clearhaven Dr (7206-7246) And Alto Caro Dr (7249-7279),,,126280,126280,0,0,0,0
2015,Street Resurfacing,109,Street And Thoroughfare,Clearwater from Boundbrook to Woodbrook,2017,2017,0,130500,0,130500,0,0
2015,Thoroughfares,109,Street And Thoroughfare,Cleveland Rd-Bonnieview Rd to West of BNSF RR,,,2823735,2823735,0,0,0,0
2015,Street Resurfacing,109,Street And Thoroughfare,Clodus Fields Rd from Merit Rd to Coit Rd,2017,2017,0,171100,0,171100,0,0
2015,Alley Reconstruction,109,Street And Thoroughfare,Coach Light Rd (7204-7260) And Pecan Ridge Dr (7322-7346),,,316100,316100,0,0,0,0
2015,Intergovernmental Partnership Projects,109,Street And Thoroughfare,Cockrell Hill,2017,2017,3822787,5721258,0,1898471,0,0
2015,Street Resurfacing,109,Street And Thoroughfare,Cole from Harvard to Lee,2016,2016,567439,1194966,627527,0,0,0
2015,Streetscape/Urban Design,109,Street And Thoroughfare,Colorado Blvd/Beckley Ave Area Sidewalk Enhancement,,,3331109,3331109,0,0,0,0
2015,Traffic Signal Upgrades,110,Street And Thoroughfare,Columbia at Fitzhugh,2016,2016,27098,95045,67947,0,0,0
2015,Street Improvements,110,Street And Thoroughfare,Comcast Utility Operate,,,150000,150000,0,0,0,0
2015,Thoroughfares,110,Street And Thoroughfare,Commerce St.,,,592742,592742,0,0,0,0
2015,Thoroughfares,110,Street And Thoroughfare,Community,,,1172447,1172447,0,0,0,0
2015,Thoroughfares,110,Street And Thoroughfare,Continental,,,5870363,5870363,0,0,0,0
2015,Street Resurfacing,111,Street And Thoroughfare,Coolglen Dr from Meadowcreek Dr to end of pavement,2017,2017,0,105700,0,105700,0,0
2015,Hike and Bike Trails,111,Street And Thoroughfare,Coombs Creek Trail Phase III (Stevens Park Tennis Court to H),,,1473982,1473982,0,0,0,0
2015,Alley Reconstruction,111,Street And Thoroughfare,Coral Gables Dr (3608-3660) And Pallos Verdas Dr (3627-3675),,,186000,186000,0,0,0,0
2015,Street Resurfacing,111,Street And Thoroughfare,Corinth St (S) from Woodbine Ave to 11th St,,,243400,243400,0,0,0,0
2015,Street Resurfacing,111,Street And Thoroughfare,Countess from Camelot to end of pavement north of Regent,,,383229,383229,0,0,0,0
2015,Alley Reconstruction,111,Street And Thoroughfare,Country Brook Dr (4204-4328),,,252369,252369,0,0,0,0
2015,Street Petitions,111,Street And Thoroughfare,Crenshaw Dr from Cushing Dr to Old Seagoville Rd,,,851950,851950,0,0,0,0
2015,Alley Reconstruction,111,Street And Thoroughfare,Crest Brook Dr (11311-11439) And Parkchester Dr (11402-11468),,,342238,342238,0,0,0,0
2015,Alley Reconstruction,111,Street And Thoroughfare,Cromwell Dr (12112-12132) And High Mesa Dr (3404-3416),,,81700,81700,0,0,0,0
2015,Sidewalk Improvements,112,Street And Thoroughfare,Cypress Hills Dr from La Cosa Dr to south of Liberty Hill (east side),,,109519,109519,0,0,0,0
2015,Street Reconstruction - Local Streets,112,Street And Thoroughfare,Dahman Cir from Church Rd to end of pavement,,,231385,231385,0,0,0,0
2015,Street Resurfacing,112,Street And Thoroughfare,Dale Crest Dr from Park Ln to Walnut Hill Ln,,,272660,272660,0,0,0,0
2015,Intergovernmental Partnership Projects,112,Street And Thoroughfare,Dallas County,,,888704,888704,0,0,0,0
2015,Street Resurfacing,112,Street And Thoroughfare,Danbury Ln from Abrams Rd to Kelman St,,,112500,112500,0,0,0,0
2015,Intergovernmental Partnership Projects,112,Street And Thoroughfare,Davis,2017,2017,2806,5293840,0,5291034,0,0
2015,Complete Street,112,Street And Thoroughfare,Davis Street from Beckley to Hampton,,,277621,277621,0,0,0,0
2015,Alley Reconstruction,112,Street And Thoroughfare,Daybreak Dr (2303-2715) And Harbinger Ln (2304- 2612),,,539500,539500,0,0,0,0
2015,Streetscape/Urban Design,113,Street And Thoroughfare,Deep Ellum Streetscape Design Project,,,371698,371698,0,0,0,0
2015,Alley Reconstruction,113,Street And Thoroughfare,Deep Valley Dr (3920-3980) And Clear Cove Ln (3911-3951),,,318700,318700,0,0,0,0
2015,Street Resurfacing,113,Street And Thoroughfare,Deerwood Dr from Library Ln To End of Pavement,,,59600,59600,0,0,0,0
2015,Alley Reconstruction,113,Street And Thoroughfare,Del Roy Dr (5209-5439) And Preston Haven Dr (5208-5438),,,356710,356710,0,0,0,0
2015,Alley Reconstruction,113,Street And Thoroughfare,Delmeta Dr (6811-6957) And Quarterway Dr (6810-6950),,,44520,44520,0,0,0,0
2015,Intergovernmental Partnership Projects,113,Street And Thoroughfare,Denton Drive Phase 1 (Walnut Hill to Royal),,,5990999,5990999,0,0,0,0
2015,Target Neighborhood,113,Street And Thoroughfare,Dickerson St.,,,3377935,3377935,0,0,0,0
2015,Street Resurfacing,113,Street And Thoroughfare,Duchess from Royal Club to Marquis,,,182064,182064,0,0,0,0
2015,Alley Reconstruction,113,Street And Thoroughfare,Duffield Dr (6321-6415) And Earthwind Dr (17134-17222),,,141496,141496,0,0,0,0
2015,Street Resurfacing,114,Street And Thoroughfare,Earlport Dr from Roundrock Rd to Winterwood Ln,2017,2017,0,73400,0,73400,0,0
2015,Street Resurfacing,114,Street And Thoroughfare,Earlshire from Regent to Royal,,,44335,44335,0,0,0,0
2015,Alley Reconstruction,114,Street And Thoroughfare,Earthwind Dr (17101-17409) And Campbell Rd (6001-6101),,,509291,509291,0,0,0,0
2015,Street Improvements,114,Street And Thoroughfare,East Dallas Veloway,,,501075,501075,0,0,0,0
2015,Street Resurfacing,114,Street And Thoroughfare,Easton Rd from Garland Rd to Gus Thomasson (Zacha Dr),,,451800,451800,0,0,0,0
2015,Street Resurfacing,114,Street And Thoroughfare,Easton Rd from Northwest Highway to concrete east of Bon Aire Dr,2016,2016,0,710700,710700,0,0,0
2015,Street Resurfacing,114,Street And Thoroughfare,Edgefield from Clarendon to Illinois,2016,2016,15324,889600,874276,0,0,0
2015,Street Resurfacing,114,Street And Thoroughfare,Edgemere from Park Lane to Prestonshire,,,141700,141700,0,0,0,0
2015,Alley Reconstruction,114,Street And Thoroughfare,El Padre Ln (7707-7747) And El Santo Ln (7706-7746),,,157009,157009,0,0,0,0
2015,Streetscape/Urban Design,114,Street And Thoroughfare,Elm St.,,,6711840,6711840,0,0,0,0
2015,Traffic Signal Upgrades,115,Street And Thoroughfare,Elm St. at Market,,,82138,82138,0,0,0,0
2015,Street Petitions,115,Street And Thoroughfare,Elmdale Pl from Polk St to Tyler St,,,474330,474330,0,0,0,0
2015,Trails,115,Street And Thoroughfare,Elmwood Parkway pedestrian connection to Kiest Park,,,964132,964132,0,0,0,0
2015,Street Resurfacing,115,Street And Thoroughfare,Emerald Isle Dr from Garland Rd to park entrance (1000-1100 blocks),,,115400,115400,0,0,0,0
2015,Street Resurfacing,115,Street And Thoroughfare,Emeraldwood Dr from Harvest Glen Dr to Belt Line Rd,,,46106,46106,0,0,0,0
2015,Street Resurfacing,115,Street And Thoroughfare,Empire Central St from Harry Hines Blvd to Heartsill Dr,2016,2016,0,374300,374300,0,0,0
2015,Alley Reconstruction,115,Street And Thoroughfare,Estate Ln (10111-10171) And Caribou Trl (9909-9949) A8686,,,190210,190210,0,0,0,0
2015,Street Reconstruction - Thoroughfares,115,Street And Thoroughfare,Ewing Ave (S) from Galloway Ave to Genoa Ave,2016,2016,177177,1164027,986850,0,0,0
2015,Street Resurfacing,116,Street And Thoroughfare,Ewing Ave (S) from IH 35 to Viola,,,94702,94702,0,0,0,0
2015,Street Resurfacing,116,Street And Thoroughfare,Ewing from 8th to Comal,,,305500,305500,0,0,0,0
2015,Intergovernmental Partnership Projects,116,Street And Thoroughfare,Fair Park Link,,,2460664,2460664,0,0,0,0
2015,Alley Reconstruction,116,Street And Thoroughfare,Fallmeadow Ln (7612-7668) And Meandering Way (14800-14800),,,194979,194979,0,0,0,0
2015,Street Reconstruction,116,Street And Thoroughfare,Farmers Market Pearl Utilities Relocation ~ SREC,,,37150,37150,0,0,0,0
2015,Traffic Signal Upgrades,116,Street And Thoroughfare,Ferguson Rd. at Gus Thomasson,,,98199,98199,0,0,0,0
2015,Street Reconstruction - Local Streets,116,Street And Thoroughfare,Fern Ave from Godfrey Ave To C F Hawn Serv Rd,,,149745,149745,0,0,0,0
2015,Street Resurfacing,116,Street And Thoroughfare,Ferndale Rd from Linkwood to Longmont,2016,2016,0,66700,66700,0,0,0
2015,Street Resurfacing,116,Street And Thoroughfare,Ferndale Rd from Shoreview to NW Highway,2016,2016,0,91500,91500,0,0,0
2015,Street Resurfacing,116,Street And Thoroughfare,Ferndale Rd from Walnut Hill Ln to Vistadale Dr,,,772913,772913,0,0,0,0
2015,Street Petitions,117,Street And Thoroughfare,Fernheath Ln from South Beltline Rd. to Dead End,,,1277825,1277825,0,0,0,0
2015,Street Reconstruction - Local Streets,117,Street And Thoroughfare,Five Mile Dr from Frio Dr To Burnside Ave,,,213296,213296,0,0,0,0
2015,Trails,117,Street And Thoroughfare,Flag Pole Hill Trail from Goforth to the future Park facility at the Jules Muchart Army Reserve Building,2016,2016,185200,1205200,1020000,0,0,0
2015,Alley Reconstruction,117,Street And Thoroughfare,Flowerdale Ln and Catamore Ln- Dundee to Royal Chapel Dr,,,146073,146073,0,0,0,0
2015,Street Reconstruction - Thoroughfares,117,Street And Thoroughfare,Fordham from Bonnie View to Illinois,,,1523549,1523549,0,0,0,0
2015,Street Resurfacing,117,Street And Thoroughfare,Forest from High Meadow to Josey,2016,2016,0,1277900,1277900,0,0,0
2015,Street Resurfacing,117,Street And Thoroughfare,Forest Ln from Preston Haven Dr to High Forest Dr,2016,2016,0,273800,273800,0,0,0
2015,Thoroughfares,118,Street And Thoroughfare,Fort Worth Ave from Sylvan to West Commerce,,,1411358,1411358,0,0,0,0
2015,Streetscape/Urban Design,118,Street And Thoroughfare,Fort Worth Ave.,,,198500,198500,0,0,0,0
2015,Alley Reconstruction,118,Street And Thoroughfare,Fox Hill Ln (5949-5977) and W. Red Bird (1007-1031),,,115600,115600,0,0,0,0
2015,Street Reconstruction,118,Street And Thoroughfare,Frankford at Kelly,,,263477,263477,0,0,0,0
2015,Street Resurfacing,118,Street And Thoroughfare,Freeport Dr from Gross Rd to Bluffton Dr,,,76700,76700,0,0,0,0
2015,Street Petitions,118,Street And Thoroughfare,Gardenview Dr from Alto Garden Dr to Loma Garden Av,2016,2016,220410,1469400,1248990,0,0,0
2015,Street Reconstruction - Local Streets,118,Street And Thoroughfare,Gentle River Dr from end of pavement to Hidden Trail Dr,,,458167,458167,0,0,0,0
2015,Street Resurfacing,118,Street And Thoroughfare,Glen Regal Dr from Rialto Dr To Hallum St,2017,2017,0,149700,0,149700,0,0
2015,Street Resurfacing,118,Street And Thoroughfare,Goldwood Dr from Polk to Woodspan,2016,2016,0,304300,304300,0,0,0
2015,Target Neighborhood,119,Street And Thoroughfare,Gooch St from S Lancaster Rd To Tracy Rd Block,2016,2016,185176,1285896,1100720,0,0,0
2015,Street Reconstruction,119,Street And Thoroughfare,Good Latimer Expwy. (S),,,1160735,1160735,0,0,0,0
2015,Street Reconstruction,119,Street And Thoroughfare,Good Latimer Expwy. (S) -Dawson St. to Ferris St.,,,1037860,1037860,0,0,0,0
2015,Thoroughfares,119,Street And Thoroughfare,Goodnight,2016,2016,3200360,7243253,4042893,0,0,0
2015,Street Resurfacing,119,Street And Thoroughfare,Governor's Row from Regal Row to Empire Central,2017,2017,0,421800,0,421800,0,0
2015,Street Resurfacing,119,Street And Thoroughfare,Graham Ave from Lindsley to Terry St,,,176500,176500,0,0,0,0
2015,Complete Street,119,Street And Thoroughfare,Grand from R.B. Cullum to Good Latimer,,,1586161,1586161,0,0,0,0
2015,Alley Reconstruction,120,Street And Thoroughfare,Gray Wolf Trl (6203-6251) And Bentwood Trl (6211-6247),,,169600,169600,0,0,0,0
2015,Street Resurfacing,120,Street And Thoroughfare,Grayport Dr from Harvest Glen Dr to Woodbriar Dr,,,122200,122200,0,0,0,0
2015,Complete Street,120,Street And Thoroughfare,Greenville Ave Retail Areas,,,0,820400,0,0,0,820400
2015,Complete Street,120,Street And Thoroughfare,Greenville from Belmont to Bell and from Alta to Ross,,,547880,547880,0,0,0,0
2015,Street Resurfacing,120,Street And Thoroughfare,Gretchen Ln from Davenport Rd to Peppy Pl,,,225340,225340,0,0,0,0
2015,Streetscape/Urban Design,120,Street And Thoroughfare,Griffin St.,,,3493413,3493413,0,0,0,0
2015,Street Resurfacing,120,Street And Thoroughfare,Gross Rd from Shiloh Rd to La Prada Dr,,,171800,171800,0,0,0,0
2015,Street Resurfacing,120,Street And Thoroughfare,Gus Thomasson Rd from Materhorn Dr to Maylee Blvd,2016,2016,0,364100,364100,0,0,0
2015,Street Resurfacing,120,Street And Thoroughfare,Gus Thomasson Rd from Zacha Dr to Desdemona Dr,,,401600,401600,0,0,0,0
2015,Street Reconstruction - Local Streets,120,Street And Thoroughfare,Haas from Marjorie to 51st,,,417717,417717,0,0,0,0
2015,Street Reconstruction - Thoroughfares,121,Street And Thoroughfare,Hampton Rd (S) from Crow Creek Dr to north of W. Ledbetter Dr.,2016,2016,281385,1858900,1577515,0,0,0
2015,Alley Reconstruction,121,Street And Thoroughfare,Harbinger Ln (2303-2423) And Kingsridge Dr (2308-2424),,,224618,224618,0,0,0,0
2015,Alley Reconstruction,121,Street And Thoroughfare,Harbinger Ln (2503-2623) And Kingsridge Dr (2504-2624),,,214700,214700,0,0,0,0
2015,Street Resurfacing,121,Street And Thoroughfare,Harry Hines Blvd from Medical District Drive to Butler Street,2016,2016,27820,607860,580040,0,0,0
2015,Street Resurfacing,121,Street And Thoroughfare,Harwich Dr from Park Ln to Walnut Hill Ln,,,230700,230700,0,0,0,0
2015,Traffic Signal Upgrades,121,Street And Thoroughfare,Harwood St. at Main St.,,,61202,61202,0,0,0,0
2015,Street Resurfacing,121,Street And Thoroughfare,Haskell Ave from Lemmon to Ross,,,397605,397605,0,0,0,0
2015,Participation With Other Government Agencies - Thoroughfares,121,Street And Thoroughfare,Hatcher (Dolphin Rd.),,,178308,178308,0,0,0,0
2015,Street Resurfacing,122,Street And Thoroughfare,Havenwood Dr from Woodshire Dr to Woodspan Dr,2016,2016,0,273600,273600,0,0,0
2015,Street Reconstruction - Local Streets,122,Street And Thoroughfare,Heatherdale from Dove Meadow to Abrams,,,695812,695812,0,0,0,0
2015,Street Resurfacing,122,Street And Thoroughfare,Henderson Ave (N) from Richard to Ross,2017,2017,0,740200,0,740200,0,0
2015,Street Reconstruction,122,Street And Thoroughfare,Henderson Ave. (S),,,593306,593306,0,0,0,0
2015,Complete Street,122,Street And Thoroughfare,Henderson St from US 75 to Ross Ave,2017,2017,0,1115285,0,1115285,0,0
2015,Target Neighborhood,122,Street And Thoroughfare,Hendricks from Denley to Moore,,,551000,551000,0,0,0,0
2015,Alley Petitions,122,Street And Thoroughfare,Hibernia Street and McKinney Avenue from Routh Street to Boll Street,,,93723,93723,0,0,0,0
2015,Alley Petitions,122,Street And Thoroughfare,Hibernia Street and State Street from Boll Street to Worthington Street,,,92600,92600,0,0,0,0
2015,Street Reconstruction - Local Streets,122,Street And Thoroughfare,Highland Hills Dr from Simpson Stuart Rd to Bonnie View Rd,,,1259662,1259662,0,0,0,0
2015,Thoroughfares,122,Street And Thoroughfare,Highland Road from Ferguson to north of the entrance to Primrose at Highland (1500' to NE),2016,2016,211455,1224500,1013045,0,0,0
2015,Street Resurfacing,123,Street And Thoroughfare,Hillburn Dr from Ravehill Ln to Piedmont Dr,,,314666,314666,0,0,0,0
2015,Alley Reconstruction,123,Street And Thoroughfare,Hillcrest Rd (17726-17820) And Blue Mesa Dr (6926-6930),,,133670,133670,0,0,0,0
2015,Alley Reconstruction,123,Street And Thoroughfare,Hillcrest Rd (17920-18014) And Bremerton Dr (7003-7011),,,139007,139007,0,0,0,0
2015,Street Reconstruction - Local Streets,123,Street And Thoroughfare,Hillcrest Rd from Wester Way to McKamy,,,1138786,1138786,0,0,0,0
2015,Alley Reconstruction,123,Street And Thoroughfare,Hillfawn Cir (7905-7947) And Woodstone Ln (7938-7992),,,142060,142060,0,0,0,0
2015,Alley Reconstruction,123,Street And Thoroughfare,Hilton Head Dr (5211-5315) And River Hill Cir (4708-4724),,,159900,159900,0,0,0,0
2015,Alley Reconstruction,123,Street And Thoroughfare,Hilton Head Dr (5310-5420) And Harbor Town Dr (5305-5323),,,181200,181200,0,0,0,0
2015,Target Neighborhood,123,Street And Thoroughfare,Holly Hill from Phoenix to Pineland,,,851950,851950,0,0,0,0
2015,Bridge Repair and Modification,123,Street And Thoroughfare,Houston Street Viaduct,,,5615979,5615979,0,0,0,0
2015,Street Resurfacing,123,Street And Thoroughfare,Hudspeth Ave from Biglow St to Cardinal Dr,2016,2016,0,387700,387700,0,0,0
2015,Target Neighborhood,124,Street And Thoroughfare,Hughes Lane from Churchill Way to Lafayette Way,,,809313,809313,0,0,0,0
2015,Sidewalk Improvements,124,Street And Thoroughfare,Hughes Lane from Lafayette Way to the alley north of Linden Ln,,,136956,136956,0,0,0,0
2015,Street Resurfacing,124,Street And Thoroughfare,Hume Dr from Piedmont Dr to Prichard Ln,,,218557,218557,0,0,0,0
2015,Street Resurfacing,124,Street And Thoroughfare,Humphrey Dr from Linfield Rd To Seaton Dr,,,84900,84900,0,0,0,0
2015,Alley Petitions,124,Street And Thoroughfare,"Hurley Way and Lenel Place from Williamsburg Road to ""T"" alley south of Walnut Hill Lane",,,202263,202263,0,0,0,0
2015,Alley Petitions,124,Street And Thoroughfare,Idaho Ave and Maryland Ave from Holden Ave an estimated 250' south to Dallas Power & Light property,,,85175,85175,0,0,0,0
2015,Intergovernmental Partnership Projects,124,Street And Thoroughfare,IH-20 Ramps from Haymarket Rd to West of US-175,,,420000,420000,0,0,0,0
2015,Bridge Repair and Modification,124,Street And Thoroughfare,IH-30 Bridge Concept,,,20000,20000,0,0,0,0
2015,Bridge Repair and Modification,124,Street And Thoroughfare,IH-30 Signature Design,,,8703080,8703080,0,0,0,0
2015,Street Reconstruction - Thoroughfares,124,Street And Thoroughfare,IH-35E Northbound Frontage Rd.,2017,2017,0,500000,0,500000,0,0
2015,Intergovernmental Partnership Projects,125,Street And Thoroughfare,IH-635 (LBJ),,,10165086,10165086,0,0,0,0
2015,Intergovernmental Partnership Projects,125,Street And Thoroughfare,IH-635 (LBJ) at Skillman Interchange,2016,2016,2632167,4346467,1714300,0,0,0
2015,Thoroughfares,125,Street And Thoroughfare,IH-635 corridor (LBJ) - Approaches and Transitions,,,1609785,1609785,0,0,0,0
2015,Street Resurfacing,125,Street And Thoroughfare,Illinois Ave from Orial Ave to Michigan Ave,2016,2016,30927,675377,644450,0,0,0
2015,Street Reconstruction - Local Streets,125,Street And Thoroughfare,Imperial St from Bertrand Ave To Lagow St,,,649785,649785,0,0,0,0
2015,Alley Reconstruction,125,Street And Thoroughfare,Indian Springs Rd (7609-7679) And Tophill Ln (7614-7652),,,26550,26550,0,0,0,0
2015,Intergovernmental Partnership Projects,125,Street And Thoroughfare,Industrial Blvd.,,,406915,406915,0,0,0,0
2015,Public Private Partnership,126,Street And Thoroughfare,Infrastructure improvements related to Public and Private Partnership,,,2352374,2352374,0,0,0,0
2015,Alley Reconstruction,126,Street And Thoroughfare,Ivywood Dr (807-955) And Havenwood Dr (806-948),,,263700,263700,0,0,0,0
2015,Street Resurfacing,126,Street And Thoroughfare,Ivywood Dr from Woodspan Dr to Woodshire Dr,2016,2016,0,274100,274100,0,0,0
2015,Street Reconstruction - Local Streets,126,Street And Thoroughfare,JB Jackson from Grand to MLK,,,1864965,1864965,0,0,0,0
2015,Street Resurfacing,126,Street And Thoroughfare,Jefferson (W) from Beckley to Madison,2017,2017,0,293300,0,293300,0,0
2015,Street Resurfacing,126,Street And Thoroughfare,Jefferson (W) from Rosemont to Hampton,2016,2016,0,949300,949300,0,0,0
2015,Complete Street,126,Street And Thoroughfare,Jefferson Blvd from Crawford to Van Buren,,,220410,220410,0,0,0,0
2015,Participation With Other Government Agencies - Alternate Modes,126,Street And Thoroughfare,Kathy Trail Extension Phase III,,,2480080,2480080,0,0,0,0
2015,Intergovernmental Partnership Projects,126,Street And Thoroughfare,Katy Trail Extension,,,16135963,16135963,0,0,0,0
2015,Street Resurfacing,127,Street And Thoroughfare,Keats Dr from Poinsettia Dr to Illinois Ave,,,238500,238500,0,0,0,0
2015,Intergovernmental Partnership Projects,127,Street And Thoroughfare,Keller Springs / Preston / Westgrove,,,652368,652368,0,0,0,0
2015,Street Improvements,127,Street And Thoroughfare,Keller Springs Rd. at West Grove Dr Roundabout,,,24963,24963,0,0,0,0
2015,Street Resurfacing,127,Street And Thoroughfare,Kenwood Ave from Sperry St to Frontier Ln,2016,2016,0,140200,140200,0,0,0
2015,Street Resurfacing,127,Street And Thoroughfare,Kiest Blvd (E) from S. Lancaster Rd to Kellogg Ave,,,1028443,1028443,0,0,0,0
2015,Street Resurfacing,127,Street And Thoroughfare,Kiest Blvd (W) from Beckley Ave to NB IH 35E Service Rd,,,314700,314700,0,0,0,0
2015,Alley Reconstruction,127,Street And Thoroughfare,Kingsridge Dr (2307-2627) And Silverthorne Dr (2304-2516),,,502478,502478,0,0,0,0
2015,Alley Reconstruction,128,Street And Thoroughfare,Kirnwood Dr (306-426) And Ryanridge Dr (7729-7769),,,166532,166532,0,0,0,0
2015,Street Resurfacing,128,Street And Thoroughfare,Kirnwood Dr from Leigh Ann Dr to Woodspan Dr,2016,2016,0,228800,228800,0,0,0
2015,Alley Reconstruction,128,Street And Thoroughfare,Knollview Dr (14810-14856) And Tophill Cir (7105-7115),,,21525,21525,0,0,0,0
2015,Complete Street,128,Street And Thoroughfare,Knox from Katy Trail to US 75,2017,2017,0,624495,0,624495,0,0
2015,Alley Reconstruction,128,Street And Thoroughfare,La Avenida Dr (7505-7607) And Meandering Way,,,183800,183800,0,0,0,0
2015,Alley Reconstruction,128,Street And Thoroughfare,La Avenida Dr (7607-7747) And La Bolsa Dr (7616-7748),,,322500,322500,0,0,0,0
2015,Alley Reconstruction,128,Street And Thoroughfare,La Cabeza (7707-7765) And Scotia (7702-7718),,,176800,176800,0,0,0,0
2015,Street Resurfacing,128,Street And Thoroughfare,La Cabeza Dr from Spring Creek Rd To Querida Ln,2017,2017,0,122900,0,122900,0,0
2015,Alley Reconstruction,128,Street And Thoroughfare,La Cosa Dr (7604-7760) And Chalkstone Dr (7605-7747),,,406856,406856,0,0,0,0
2015,Alley Reconstruction,128,Street And Thoroughfare,La Cosa Dr (7705-7761) And El Padre Ln (7706-7746) A9258,,,140937,140937,0,0,0,0
2015,Alley Reconstruction,129,Street And Thoroughfare,La Cosa Dr (7804-7960) And Fallmeadow Ln (7931-7997),,,309577,309577,0,0,0,0
2015,Alley Reconstruction,129,Street And Thoroughfare,La Manga Dr (7707-7765) And La Cabeza Dr (7708-7764),,,178500,178500,0,0,0,0
2015,Intergovernmental Partnership Projects,129,Street And Thoroughfare,La Prada,,,970894,970894,0,0,0,0
2015,Alley Reconstruction,129,Street And Thoroughfare,Lacehaven Dr (14907-14957) And Knollview Dr (14908-14944),,,37425,37425,0,0,0,0
2015,Alley Reconstruction,129,Street And Thoroughfare,Lafayette Way (6207-6263) And Prestoncrest Ln (6206-6262),,,27570,27570,0,0,0,0
2015,Trails,129,Street And Thoroughfare,Lake Highlands Trail from the White Rock Creek Trail to Skillman,2016,2016,245392,1605392,1360000,0,0,0
2015,Street Reconstruction,129,Street And Thoroughfare,Lake June Rd.,,,989406,989406,0,0,0,0
2015,Alley Reconstruction,129,Street And Thoroughfare,Lakemere Dr (9807-9951) And Crestwick Dr (9806-9940),,,305210,305210,0,0,0,0
2015,Thoroughfares,130,Street And Thoroughfare,Lamar (S) from IH45 to Hatcher,,,15557646,15557646,0,0,0,0
2015,Street Resurfacing,130,Street And Thoroughfare,Lanewood Cir from Neering Dr to Jupiter Rd,2016,2016,0,236800,236800,0,0,0
2015,Street Reconstruction - Local Streets,130,Street And Thoroughfare,Langdon Ave from Thurston Dr to Denton Dr,,,476842,476842,0,0,0,0
2015,Street Petitions,130,Street And Thoroughfare,Lauderdale Dr.,,,746725,746725,0,0,0,0
2015,Alley Reconstruction,130,Street And Thoroughfare,Lavendale Ave (6111-6339) And Azalea Ln (6118-6338),,,296045,296045,0,0,0,0
2015,Alley Reconstruction,130,Street And Thoroughfare,Lavendale Ave (6120-6338) And Royal Ln (6121-6339),,,268929,268929,0,0,0,0
2015,Alley Reconstruction,130,Street And Thoroughfare,Lavendale Ave (6404-6474) And Royal Ln (6405-6475),,,229200,229200,0,0,0,0
2015,Alley Reconstruction,130,Street And Thoroughfare,Lavendale Ave (6405-6441) And Royalton Dr (6456-6480),,,158550,158550,0,0,0,0
2015,Alley Reconstruction,130,Street And Thoroughfare,Lavendale Ave (6908-7048) And Royal Ln (6907-7047),2016,2016,44295,295300,251005,0,0,0
2015,Street Resurfacing,131,Street And Thoroughfare,Lawnview Ave from Scyene Rd to Fairway Ave,,,451800,451800,0,0,0,0
2015,Street Resurfacing,131,Street And Thoroughfare,Lazy River Dr from Red Bird Ln to University Hills Blvd,2016,2016,0,672300,672300,0,0,0
2015,Street Reconstruction - Local Streets,131,Street And Thoroughfare,Lazy River Dr From Wagon Wheels Trl To E. Red Bird Ln,,,609696,609696,0,0,0,0
2015,Alley Reconstruction,131,Street And Thoroughfare,Leameadow Dr (7008-7028) And Knollview Dr (14944-14956),,,22636,22636,0,0,0,0
2015,Street Resurfacing,131,Street And Thoroughfare,Leavalley Dr from Hillwood Ln to Winterwood Ln,2017,2017,0,53200,0,53200,0,0
2015,Street Reconstruction - Local Streets,131,Street And Thoroughfare,Ledbetter Dr (E) from Kolloch Dr To Mayforge Dr,,,580906,580906,0,0,0,0
2015,Intergovernmental Partnership Projects,131,Street And Thoroughfare,Ledbetter Ext.,,,315604,315604,0,0,0,0
2015,Intergovernmental Partnership Projects,131,Street And Thoroughfare,Ledbetter/Grady Niblo Ext,,,2155148,2155148,0,0,0,0
2015,Street Resurfacing,132,Street And Thoroughfare,Lemmon Ave from W. University Blvd to Bluffview Blvd,2016,2016,0,407700,407700,0,0,0
2015,Street Reconstruction - Thoroughfares,132,Street And Thoroughfare,Lindsley from Beacon to Munger,,,342600,342600,0,0,0,0
2015,Street Resurfacing,132,Street And Thoroughfare,Linfield Rd from Seay Dr To Humphrey Dr,2016,2016,0,57700,57700,0,0,0
2015,Thoroughfares,132,Street And Thoroughfare,Live Oak -Olive to Central Blvd.,,,477760,477760,0,0,0,0
2015,Street Petitions,132,Street And Thoroughfare,Longhorn Street from Bar X St to Ferguson Rd,2017,2017,128226,836021,0,707795,0,0
2015,Intergovernmental Partnership Projects,132,Street And Thoroughfare,Loop 12,,,126779,126779,0,0,0,0
2015,Intergovernmental Partnership Projects,132,Street And Thoroughfare,Macon St./Sunday St. Railroad Crossing,,,1116784,1116784,0,0,0,0
2015,Target Neighborhood,132,Street And Thoroughfare,Madison (N) from 7th to 9th,,,665368,665368,0,0,0,0
2015,Complete Street,132,Street And Thoroughfare,Main St from Good Latimer to Exposition,,,730200,730200,0,0,0,0
2015,Street Resurfacing,133,Street And Thoroughfare,Main St from Harwood to Lamar,2016,2016,34356,750396,716040,0,0,0
2015,Streetscape/Urban Design,133,Street And Thoroughfare,Main St.,,,2370510,2370510,0,0,0,0
2015,Alley Petitions,133,Street And Thoroughfare,Manana Drive and Park Lane from Larga Drive to Marsh Lane,,,368969,368969,0,0,0,0
2015,Street Reconstruction - Thoroughfares,133,Street And Thoroughfare,Maple Ave from 700' south of Mockingbird Ln to Mockingbird Ln,,,730200,730200,0,0,0,0
2015,Alley Reconstruction,133,Street And Thoroughfare,Marbrook Dr (12109-12323) And Madeleine Cir (12104-12136),,,44618,44618,0,0,0,0
2015,Street Resurfacing,133,Street And Thoroughfare,Marquis from Norcross to Royal,,,228811,228811,0,0,0,0
2015,Street Resurfacing,133,Street And Thoroughfare,Marsalis Ave (S) from Elmore Ave to Corning Ave,,,941299,941299,0,0,0,0
2015,Street Resurfacing,133,Street And Thoroughfare,Mather Ct from Albrook St to S. Randolph Dr,,,123400,123400,0,0,0,0
2015,Street Reconstruction - Local Streets,133,Street And Thoroughfare,Mayforge Dr from Le Forge Ave To E Ledbetter Dr,,,294585,294585,0,0,0,0
2015,Street Resurfacing,134,Street And Thoroughfare,McKinney Ave from Hall to Oak Grove,,,246800,246800,0,0,0,0
2015,Street Resurfacing,134,Street And Thoroughfare,McMillan from Willis to Monticello,2017,2017,49257,404547,0,355290,0,0
2015,Target Neighborhood,134,Street And Thoroughfare,McVey from Beckley to Marsalis,,,1339013,1339013,0,0,0,0
2015,Alley Reconstruction,134,Street And Thoroughfare,Meadow Bluff Ln (2703-2755) And W Camp Wisdom Rd (2400-2400),,,155596,155596,0,0,0,0
2015,Alley Reconstruction,134,Street And Thoroughfare,Meadow Dawn Ln (2705-2759) And Meadow Bluff Ln (2706-2756),,,258265,258265,0,0,0,0
2015,Alley Reconstruction,134,Street And Thoroughfare,Meadow Dawn Ln (2706-2760) And Meadow Harvest Ln (2705-2759),,,166996,166996,0,0,0,0
2015,Alley Reconstruction,134,Street And Thoroughfare,Meadow Gate Ln (2703-2763) And Meadow Isle Ln (2704-2764),,,195465,195465,0,0,0,0
2015,Alley Reconstruction,134,Street And Thoroughfare,Meadow Harvest Ln (2706-2760) And Meadow Isle Ln (2709-2763),,,166178,166178,0,0,0,0
2015,Alley Reconstruction,134,Street And Thoroughfare,Meadow Stone Ln (2705-2759) And Meadow Gate Ln (2710-2762),,,163265,163265,0,0,0,0
2015,Complete Street,135,Street And Thoroughfare,Meadowcreek Drive Arapaho to Campbell,,,270135,270135,0,0,0,0
2015,Street Resurfacing,135,Street And Thoroughfare,Meandering Way from Birchwood Dr to Spring Valley Rd,2016,2016,0,207400,207400,0,0,0
2015,Street Resurfacing,135,Street And Thoroughfare,Meandering Way from Spring Valley Rd to Belt Line Rd,2016,2016,0,654300,654300,0,0,0
2015,Public Private Partnership,135,Street And Thoroughfare,Meek St. from Carbondale St. to Hull St.,,,88201,88201,0,0,0,0
2015,Street Reconstruction - Thoroughfares,135,Street And Thoroughfare,Merit from Park Central to Clodus Fields,,,1054700,1054700,0,0,0,0
2015,Target Neighborhood,135,Street And Thoroughfare,Mican Dr from Schofield Dr to end of pavement,,,497000,497000,0,0,0,0
2015,Street Petitions,135,Street And Thoroughfare,Michigan Ave from Saner Ave to Hobson Ave,,,444163,444163,0,0,0,0
2015,Alley Reconstruction,135,Street And Thoroughfare,Midbury Dr (7806-7848) And Northaven Rd (7807-7847),,,130144,130144,0,0,0,0
2015,Street Reconstruction - Local Streets,135,Street And Thoroughfare,Mingo Street from Dolphin to Gault,2016,2016,45645,304300,258655,0,0,0
2015,Alley Reconstruction,135,Street And Thoroughfare,Misty Meadow Dr (3403-3523) And Meadowchase Way (17903-17923),,,340340,340340,0,0,0,0
2015,Street Resurfacing,136,Street And Thoroughfare,Misty Trl from Golden Creek Rd to Warm Mist Ln,2017,2017,0,85300,0,85300,0,0
2015,Complete Street,136,Street And Thoroughfare,MLK Blvd from R.B. Cullum to S.M. Wright,,,1052793,1052793,0,0,0,0
2015,Bridge Repair and Modification,136,Street And Thoroughfare,Mockingbird Lane Bridge at Santa Barbara Dr,,,4093,4093,0,0,0,0
2015,Street Resurfacing,136,Street And Thoroughfare,Mockingbird Ln (E) from Rockaway Dr to Hillgreen Dr,,,937143,937143,0,0,0,0
2015,Street Resurfacing,136,Street And Thoroughfare,Mockingbird Ln (W) from Maple to Harry Hines,2016,2016,0,1010100,1010100,0,0,0
2015,Street Resurfacing,136,Street And Thoroughfare,Montclair Ave from Brooklyn Ave to Clarendon Dr,2017,2017,0,165300,0,165300,0,0
2015,Street Reconstruction - Local Streets,136,Street And Thoroughfare,Montie St from Scyene Rd To Junction St,,,860400,860400,0,0,0,0
2015,Street Resurfacing,136,Street And Thoroughfare,Montreal Ave (S) from Clarendon Dr to Brandon St,2017,2017,0,157500,0,157500,0,0
2015,Thoroughfares,136,Street And Thoroughfare,Motor St.,,,21498747,21498747,0,0,0,0
2015,Intergovernmental Partnership Projects,137,Street And Thoroughfare,Mountain Creek Parkway from 2400’ southeast of Eagle Ford to Clark Road,,,2500094,2500094,0,0,0,0
2015,Alley Petitions,137,Street And Thoroughfare,Mt. Nebo Street and Mt. Shasta Street from Mt. Royal Street to Mt. Ranier Street,,,250074,250074,0,0,0,0
2015,Street Resurfacing,137,Street And Thoroughfare,Mt. Ranier St from Albrook St to N. Randolph St,,,226800,226800,0,0,0,0
2015,Street Reconstruction - Thoroughfares,137,Street And Thoroughfare,Munger Blvd (N) from Rieger to Tremont,,,1276167,1276167,0,0,0,0
2015,Street Resurfacing,137,Street And Thoroughfare,Norcross from Webb Chapel to Cromwell,2016,2016,0,294500,294500,0,0,0
2015,Street Reconstruction,137,Street And Thoroughfare,North Beckley Ave at Commer Street ~SREC,,,3566089,3566089,0,0,0,0
2015,Trails,137,Street And Thoroughfare,Northaven Trail Extension,2016,2016,256590,1710600,1454010,0,0,0
2015,Street Resurfacing,137,Street And Thoroughfare,Ocalla Ave from Garland Rd to San Fernando Way,2017,2017,0,88100,0,88100,0,0
2015,Street Resurfacing,138,Street And Thoroughfare,Old Ox Rd from Red Bird Ln to Trade Winds Dr,2017,2017,0,196900,0,196900,0,0
2015,Traffic Signal Upgrades,138,Street And Thoroughfare,Olive St. at Ross,,,92233,92233,0,0,0,0
2015,Street Resurfacing,138,Street And Thoroughfare,Olusta Dr from Oklaunion Dr to Murdock Rd,2017,2017,0,205100,0,205100,0,0
2015,Streetscape/Urban Design,138,Street And Thoroughfare,Omni Convention Center Hotel/CCT Street Infra Project,,,2078117,2078117,0,0,0,0
2015,Street Reconstruction - Thoroughfares,138,Street And Thoroughfare,Overton Rd (E) from Biglow to Garrison,,,243797,243797,0,0,0,0
2015,Alley Reconstruction,138,Street And Thoroughfare,Overwood Rd (9406-9536) And Parkford Dr (9407-9529),,,242288,242288,0,0,0,0
2015,Street Petitions,138,Street And Thoroughfare,Palacios Ave from Ottawa Rd to Canada Dr,,,469034,469034,0,0,0,0
2015,Alley Reconstruction,138,Street And Thoroughfare,Park Grove Ln (18627-18851) And Kirkmeadow Ln (4007-4131),,,302500,302500,0,0,0,0
2015,Participation With Other Government Agencies - Thoroughfares,138,Street And Thoroughfare,Park Ln.,,,2007653,2007653,0,0,0,0
2015,Bridge Repair and Modification,139,Street And Thoroughfare,Park Ln. Bridge Over Bachman Branch,,,11400,11400,0,0,0,0
2015,Street Resurfacing,139,Street And Thoroughfare,Park Ln. from Thackery St to Hillcrest Rd,2016,2016,0,171400,171400,0,0,0
2015,Street Resurfacing,139,Street And Thoroughfare,Park Ln. from Tulane St to Edgemere Rd,,,162600,162600,0,0,0,0
2015,Street Resurfacing,139,Street And Thoroughfare,Parkdale Dr from Laverne Ave to Hilltop St,,,242900,242900,0,0,0,0
2015,Alley Reconstruction,139,Street And Thoroughfare,Parkford Dr (9819-9963) And Ridgehaven Dr (9806-9950),,,309200,309200,0,0,0,0
2015,Street Resurfacing,139,Street And Thoroughfare,Parkshire Lizshire Sanshire Danashire Debshire Clayshire Pegshire,2017,2017,0,371200,0,371200,0,0
2015,Street Improvements,139,Street And Thoroughfare,Partial Reconstruction of Major Thoroughfares,2016,2016,2500000,5000000,2500000,0,0,0
2015,Street Resurfacing,139,Street And Thoroughfare,Patton from Davis to 6th,,,184145,184145,0,0,0,0
2015,Thoroughfares,139,Street And Thoroughfare,Pearl -Commerce to Live Oak,,,4425518,4425518,0,0,0,0
2015,Street Resurfacing,140,Street And Thoroughfare,Peavy Rd from E. Lake Highlands Dr to Northcliff Dr,2016,2016,0,351700,351700,0,0,0
2015,Streetscape/Urban Design,140,Street And Thoroughfare,Pedestrian Way on Elm St. between Ervay and Stone St.,,,2335629,2335629,0,0,0,0
2015,Street Resurfacing,140,Street And Thoroughfare,Pensive from Walnut Hill to Merrell,2016,2016,0,327900,327900,0,0,0
2015,Target Neighborhood,140,Street And Thoroughfare,Phoenix from Fair Oaks to Holly Hill,,,851950,851950,0,0,0,0
2015,Street Reconstruction,140,Street And Thoroughfare,Plowman Ave.,,,1722,1722,0,0,0,0
2015,Street Resurfacing,140,Street And Thoroughfare,Plummer Dr from Strayhorn Dr to Ferguson Rd,,,563181,563181,0,0,0,0
2015,Street Resurfacing,140,Street And Thoroughfare,Polk St (S) from Town Creek Drive to Brook Valley Lane,2017,2017,0,98800,0,98800,0,0
2015,Street Resurfacing,140,Street And Thoroughfare,Polk St from Jefferson Blvd to Davis,2016,2016,0,474600,474600,0,0,0
2015,Target Neighborhood,140,Street And Thoroughfare,Polk St. (S),,,3146061,3146061,0,0,0,0
2015,Traffic Intersection Capacity and Safety Improvement,141,Street And Thoroughfare,Polk/Tyler Roundabouts,,,381781,381781,0,0,0,0
2015,Intergovernmental Partnership Projects,141,Street And Thoroughfare,Preston Rd. at Royal Ln. (CMAQ),,,15000,15000,0,0,0,0
2015,Intergovernmental Partnership Projects,141,Street And Thoroughfare,Preston Road at Beltline (CMAQ),,,15000,15000,0,0,0,0
2015,Street Resurfacing,141,Street And Thoroughfare,Prestonshire from Tulane to Edgemere,,,162800,162800,0,0,0,0
2015,Alley Reconstruction,142,Street And Thoroughfare,Racine Dr (6507-6711) And Autumn Woods Trl (6506-6658),,,418588,418588,0,0,0,0
2015,Street Resurfacing,142,Street And Thoroughfare,Racine Dr from Kirnwood to Cleardale,2017,2017,0,150400,0,150400,0,0
2015,Street Resurfacing,142,Street And Thoroughfare,Ravehill Ln from Waycross Dr to Prichard Ln,,,386706,386706,0,0,0,0
2015,Thoroughfares,142,Street And Thoroughfare,Red Bird Area Street Improvements,,,0,1987800,0,0,0,1987800
2015,Thoroughfares,142,Street And Thoroughfare,RED BIRD LANE AND POLK STREET,,,69945,69945,0,0,0,0
2015,Street Resurfacing,142,Street And Thoroughfare,Red Bird Ln (W) from S Polk Street to Bar Harbor Drive,2016,2016,0,765000,765000,0,0,0
2015,Street Reconstruction - Local Streets,142,Street And Thoroughfare,Red Fern Ln From Coit Rd To Blossomheath Ln,,,601311,601311,0,0,0,0
2015,Street Resurfacing,142,Street And Thoroughfare,Regent from Webb Chapel to Countess,,,240775,240775,0,0,0,0
2015,Street Reconstruction - Local Streets,142,Street And Thoroughfare,Reynoldston from Hampton to Heather Glen,2017,2017,155079,1079499,0,924420,0,0
2015,Street Resurfacing,143,Street And Thoroughfare,Rialto Dr from Glen Regal Dr to Bunche Dr,2017,2017,0,73000,0,73000,0,0
2015,Street Reconstruction - Local Streets,143,Street And Thoroughfare,Rilla Ave from Dasch St To Hillburn Dr,,,277717,277717,0,0,0,0
2015,Intergovernmental Partnership Projects,143,Street And Thoroughfare,Riverfront Blvd.,,,4375057,4375057,0,0,0,0
2015,Street Resurfacing,143,Street And Thoroughfare,Roanoke Ave from Huron Dr to Mohawk Dr,2017,2017,0,53800,0,53800,0,0
2015,Street Petitions,143,Street And Thoroughfare,Rockwood St from Jerden Ln to Pembroke Ave,,,1045540,1045540,0,0,0,0
2015,Street Reconstruction - Local Streets,143,Street And Thoroughfare,Rocky Ridge Rd From E Ledbetter Dr To Woodacre Dr,,,408100,408100,0,0,0,0
2015,Street Resurfacing,143,Street And Thoroughfare,Rolling Vista Dr from Woodbriar Dr to Harvest Glen Dr,,,168900,168900,0,0,0,0
2015,Street Resurfacing,143,Street And Thoroughfare,Ross Ave from N. Field St to Crockette St,,,441000,441000,0,0,0,0
2015,Alley Reconstruction,144,Street And Thoroughfare,Roundrock Rd (7707-7823) And Briaridge Rd (7708-7820),,,166516,166516,0,0,0,0
2015,Thoroughfares,144,Street And Thoroughfare,Routh St.,,,2885812,2885812,0,0,0,0
2015,Street Resurfacing,144,Street And Thoroughfare,Royal Club from Merrell to Regent,,,271839,271839,0,0,0,0
2015,Streetscape/Urban Design,144,Street And Thoroughfare,Royal Lane at Denton,,,500000,500000,0,0,0,0
2015,Street Resurfacing,144,Street And Thoroughfare,Royal Ln from Marsh Lane to Cox Lane,,,391100,391100,0,0,0,0
2015,Trails,144,Street And Thoroughfare,Runyon Creek Greenbelt Trail (Glendale Park Loop Trail from Wagon Wheels Trl. and Lazy River Dr. south along Ricketts Br.),2016,2017,438681,3676010,2932896,304433,0,0
2015,Street Resurfacing,144,Street And Thoroughfare,Rupley Ln from Sunland St to Jupiter Rd,2016,2016,0,153600,153600,0,0,0
2015,Alley Reconstruction,144,Street And Thoroughfare,Rustic Valley Dr (7238-7420) And Echo Bluff Dr (7104-7132),,,409600,409600,0,0,0,0
2015,Street Resurfacing,144,Street And Thoroughfare,Rustown Dr from Oates Dr to Inadale Ave,,,170400,170400,0,0,0,0
2015,Street Petitions,145,Street And Thoroughfare,San Leon Ave.,,,610389,610389,0,0,0,0
2015,Street Resurfacing,145,Street And Thoroughfare,Saner Ave (E) from Michigan Ave to S. Marsalis Ave,,,145438,145438,0,0,0,0
2015,Street Resurfacing,145,Street And Thoroughfare,Santa Clara Dr from Lakeland Dr to Ocalla Ave,,,242400,242400,0,0,0,0
2015,Street Resurfacing,145,Street And Thoroughfare,Sebring Dr from Tioga St to Soft Wind Dr,2017,2017,0,176500,0,176500,0,0
2015,Alley Reconstruction,145,Street And Thoroughfare,Seedling Ln (2304-2524) And Old Mill Rd (2311-2519),,,424832,424832,0,0,0,0
2015,Street Resurfacing,145,Street And Thoroughfare,Selecman Dr from La Sobrina Dr to Foxworth Dr,,,4376,4376,0,0,0,0
2015,Street Resurfacing,145,Street And Thoroughfare,Serenade Ln from Singing Hills Dr to Wagon Wheels Trl,,,201300,201300,0,0,0,0
2015,Intergovernmental Partnership Projects,145,Street And Thoroughfare,SH-78,,,230000,230000,0,0,0,0
2015,Street Resurfacing,145,Street And Thoroughfare,Shady Bend from Midway to Haydale,2017,2017,0,205900,0,205900,0,0
2015,Street Resurfacing,146,Street And Thoroughfare,Shiloh Rd from Blyth Dr to Lockhart Ave,2016,2016,0,348400,348400,0,0,0
2015,Street Resurfacing,146,Street And Thoroughfare,Shiloh Rd from Oates Dr to Larry Dr,,,177900,177900,0,0,0,0
2015,Alley Reconstruction,146,Street And Thoroughfare,Shoreview Rd (9222-9246) And Deer Trail Dr (8044-8044),,,74195,74195,0,0,0,0
2015,Alley Reconstruction,146,Street And Thoroughfare,Shoreview Rd (9506-9748) And Audelia Rd (8725-8725),,,369640,369640,0,0,0,0
2015,Alley Petitions,146,Street And Thoroughfare,Shoreview Road from Forest Trail to Nimrod Trail,,,188638,188638,0,0,0,0
2015,Sidewalk Improvements,146,Street And Thoroughfare,Sidewalk Improvements,,,502516,502516,0,0,0,0
2015,Sidewalk Improvements,146,Street And Thoroughfare,Sidewalk Improvements District 12,,,7749,7749,0,0,0,0
2015,Sidewalk Improvements,146,Street And Thoroughfare,Sidewalk Improvements District 2,,,74541,74541,0,0,0,0
2015,Sidewalk Improvements,146,Street And Thoroughfare,Sidewalk Improvements District 4,,,286435,286435,0,0,0,0
2015,Street Resurfacing,147,Street And Thoroughfare,Silverton from Dennis to Caraway,,,125264,125264,0,0,0,0
2015,Street Resurfacing,147,Street And Thoroughfare,Silvery Moon Dr from Singing Hills Dr To Silvery Moon Cir,2016,2016,0,128400,128400,0,0,0
2015,Intelligent Transportation Systems,147,Street And Thoroughfare,Singleton at Walton Walker,,,20000,20000,0,0,0,0
2015,Intelligent Transportation Systems,147,Street And Thoroughfare,Singleton at Westmoreland- Roadside Cameras,,,10000,10000,0,0,0,0
2015,Street Resurfacing,147,Street And Thoroughfare,Sondra Dr from Hillside Dr to Wendover Rd,2016,2016,0,234200,234200,0,0,0
2015,Intergovernmental Partnership Projects,147,Street And Thoroughfare,SOPAC Trail Phase 3 (East Dallas Veloway),,,2081700,2081700,0,0,0,0
2015,Street Reconstruction - Local Streets,147,Street And Thoroughfare,Southview Ln From Coit Rd To Blossomheath Ln,,,483344,483344,0,0,0,0
2015,Alley Reconstruction,147,Street And Thoroughfare,Spring Creek Rd (14906-15022) And Hillfawn Cir (7906-7916),,,170411,170411,0,0,0,0
2015,Alley Reconstruction,147,Street And Thoroughfare,Spring Creek Rd (15408-15432) And Fallmeadow Ln (7927-7931),,,87787,87787,0,0,0,0
2015,Street Resurfacing,148,Street And Thoroughfare,Spring Glen Dr from Willow Glen Dr To Cedar Glen Dr,2016,2016,0,104400,104400,0,0,0
2015,Street Reconstruction - Local Streets,148,Street And Thoroughfare,Spring Grove from Alpha to Coit,2016,2016,338325,2255500,1917175,0,0,0
2015,Intergovernmental Partnership Projects,148,Street And Thoroughfare,Spring Valley Rd from Coit Rd to Goldmark sidewalk and pedestrian improvements,,,152163,152163,0,0,0,0
2015,Intergovernmental Partnership Projects,148,Street And Thoroughfare,Spring Valley Rd. at Goldmark,,,136537,136537,0,0,0,0
2015,Street Resurfacing,148,Street And Thoroughfare,Squaw Valley from End of Pavement to Crested Butte Dr,2017,2017,0,124700,0,124700,0,0
2015,Street Reconstruction,148,Street And Thoroughfare,St. Augustine Rd. (S),,,1391394,1391394,0,0,0,0
2015,Alley Petitions,148,Street And Thoroughfare,State Street and Thomas Avenue from Routh Street to Boll Street,,,91238,91238,0,0,0,0
2015,Street Resurfacing,148,Street And Thoroughfare,Stefani Dr from Thackery St to Hillcrest Rd,2017,2017,0,128500,0,128500,0,0
2015,Street Petitions,148,Street And Thoroughfare,Stevens St from Cayuga Dr to Davilla Ave and Davilla Ave from Stevens St to Drake St,,,669375,669375,0,0,0,0
2015,Street Reconstruction - Local Streets,148,Street And Thoroughfare,Stratton Dr from Calcutta Dr To Penguin Dr,,,213900,213900,0,0,0,0
2015,Street Resurfacing,149,Street And Thoroughfare,Strayhorn Dr from Barnes Bridge Rd to Plummer Dr,2016,2016,0,193700,193700,0,0,0
2015,Street Improvements,149,Street And Thoroughfare,Street and Alley Improvement Projects,2016,2016,0,16832000,16832000,0,0,0
2015,Street Lighting,149,Street And Thoroughfare,Street Assessment Funds,2016,2016,0,1000000,1000000,0,0,0
2015,Street Reconstruction - Local Streets,149,Street And Thoroughfare,Superior St from Catherine to W. Clarendon,,,811052,811052,0,0,0,0
2015,Street Reconstruction - Local Streets,149,Street And Thoroughfare,Sweet Sue Ln from Hidden Valley Dr to Camp Wisdom (E) Rd,,,976568,976568,0,0,0,0
2015,Thoroughfares,149,Street And Thoroughfare,Sylvan Ave. -W Commerce to Singleton,2016,2016,582906,2552599,1969693,0,0,0
2015,Street Reconstruction - Local Streets,149,Street And Thoroughfare,Tacoma from Ann Arbor to Marjorie,,,608500,608500,0,0,0,0
2015,Thoroughfares,149,Street And Thoroughfare,Telephone Rd Phase II,,,4463643,4463643,0,0,0,0
2015,Street Resurfacing,150,Street And Thoroughfare,Tibbs St from Royal Ln to W Ricks Cir,,,206900,206900,0,0,0,0
2015,Alley Reconstruction,150,Street And Thoroughfare,Timber Creek Ln (6001-6037) And Gentle Knoll Ln (6002-6030),,,159490,159490,0,0,0,0
2015,Street Resurfacing,150,Street And Thoroughfare,Timberview from Pensive to Webb Chapel,2016,2016,0,294800,294800,0,0,0
2015,Street Resurfacing,150,Street And Thoroughfare,Tisinger Ave from Aledo Dr to Estacado Dr,,,149200,149200,0,0,0,0
2015,Street Resurfacing,150,Street And Thoroughfare,Tomlinson St from Graystone Dr to Meandering Way,2017,2017,0,98200,0,98200,0,0
2015,Alley Reconstruction,150,Street And Thoroughfare,Townsley Ct (17203-17215),,,114846,114846,0,0,0,0
2015,Intergovernmental Partnership Projects,150,Street And Thoroughfare,Traffic Accident Reduction Roadway Improvements,,,649266,649266,0,0,0,0
2015,Traffic Signal Control Equipment Upgrades,150,Street And Thoroughfare,Traffic Signal Control Equipment Upgrades - Citywide,,,1155513,1155513,0,0,0,0
2015,Trails,150,Street And Thoroughfare,Trail from Timberglen Park to Barry Barker Park,2016,2016,315883,2085328,1769445,0,0,0
2015,Hike and Bike Trails,150,Street And Thoroughfare,Trail Projects,,,886782,886782,0,0,0,0
2015,Street Reconstruction - Local Streets,151,Street And Thoroughfare,Trails End from Berry Trl to Arapaho Rd,,,1428432,1428432,0,0,0,0
2015,Warranted Signals and School Flashers,151,Street And Thoroughfare,Transit Signal Priority System,,,4000000,4000000,0,0,0,0
2015,Participation With Other Government Agencies - Intersections,151,Street And Thoroughfare,Transportation Systems,,,111090,111090,0,0,0,0
2015,Alley Reconstruction,151,Street And Thoroughfare,Tree Shadow Trl (5902-5942) And Flintshire Ct (5901-5923),,,244900,244900,0,0,0,0
2015,Trails,151,Street And Thoroughfare,Trinity River Trail from Sylvan to Moore Park,,,4963437,4963437,0,0,0,0
2015,Trails,151,Street And Thoroughfare,Trinity Strand Phase 2 from IH 35 at Oak Lawn to DART's Inwood Station,2018,2018,163412,3361239,0,0,3197827,0
2015,Hike and Bike Trails,151,Street And Thoroughfare,Trinity Trails Phase II-B,,,86840,86840,0,0,0,0
2015,Street Resurfacing,151,Street And Thoroughfare,Tulane St from Prestonshire Ln to Lupton Dr,,,51100,51100,0,0,0,0
2015,Street Resurfacing,151,Street And Thoroughfare,Tumbling Creek Trl from Leaning Oaks St to Alta Mesa Dr,2017,2017,0,152100,0,152100,0,0
2015,Streetscape/Urban Design,151,Street And Thoroughfare,Twin Sixties Dr.,,,275065,275065,0,0,0,0
2015,Street Resurfacing,152,Street And Thoroughfare,Underwood St from Kilburn Ave To Modree Ave,2017,2017,0,34200,0,34200,0,0
2015,Intergovernmental Partnership Projects,152,Street And Thoroughfare,Valley View and Walnut,,,1107540,1107540,0,0,0,0
2015,Street Resurfacing,152,Street And Thoroughfare,Velasco Ave from Abrams Rd to Pearson Dr,2016,2016,0,233200,233200,0,0,0
2015,Street Resurfacing,152,Street And Thoroughfare,Walmsley Ave from Montclair Ave to Willomet Ave,,,221649,221649,0,0,0,0
2015,Intergovernmental Partnership Projects,152,Street And Thoroughfare,Walnut Hill,,,3888863,3888863,0,0,0,0
2015,Streetscape/Urban Design,152,Street And Thoroughfare,Walnut Hill at Harry Hines,,,700000,700000,0,0,0,0
2015,Street Resurfacing,152,Street And Thoroughfare,Walnut Hill Ln from 500' west of Dale Crest Dr to Webb Chapel,2016,2017,0,1380000,690000,690000,0,0
2015,Warranted Signals and School Flashers,152,Street And Thoroughfare,Warranted Signals and School Flashers (On-Demand),2016,2016,1852316,4030173,2177857,0,0,0
2015,Street Resurfacing,152,Street And Thoroughfare,Waterview Rd from Buckner Blvd to dead end,,,166000,166000,0,0,0,0
2015,Street Petitions,153,Street And Thoroughfare,Watson Dr.,,,858284,858284,0,0,0,0
2015,Street Reconstruction - Local Streets,153,Street And Thoroughfare,Weeburn from Marsh to Mid Pines,,,754100,754100,0,0,0,0
2015,Streetscape/Urban Design,153,Street And Thoroughfare,West End Plaza,,,5382639,5382639,0,0,0,0
2015,Street Resurfacing,153,Street And Thoroughfare,West Shore Dr from Tokalon Dr to Meadow Lake Ave,2016,2016,0,273300,273300,0,0,0
2015,Street Resurfacing,153,Street And Thoroughfare,Western St from Sunnyside Ave to Cockrell Hill Rd,2017,2017,0,103000,0,103000,0,0
2015,Street Petitions,153,Street And Thoroughfare,Westmount Ave.,,,940876,940876,0,0,0,0
2015,Thoroughfares,153,Street And Thoroughfare,Wheatland,2016,2016,906727,5647188,4740461,0,0,0
2015,Street Resurfacing,154,Street And Thoroughfare,White Rose Trl from end of pavement to Trails End Dr,,,100100,100100,0,0,0,0
2015,Street Resurfacing,154,Street And Thoroughfare,Wilton Ave from Ravinia Dr to Hampton Rd,,,429400,429400,0,0,0,0
2015,Street Resurfacing,154,Street And Thoroughfare,Windy Ridge Dr from Meadowcreek Dr to Arbor Downs Dr,,,299034,299034,0,0,0,0
2015,Street Resurfacing,154,Street And Thoroughfare,Wofford Dr from James St to Elmira St,,,179900,179900,0,0,0,0
2015,Street Resurfacing,154,Street And Thoroughfare,Wonderland Trl from Northaven Rd to Peter Pan Dr,2017,2017,0,269200,0,269200,0,0
2015,Street Reconstruction - Local Streets,154,Street And Thoroughfare,Woodmeadow from La Prada west to the end of divided roadway,2016,2016,278860,1705003,1426143,0,0,0
2015,Bridge Repair and Modification,154,Street And Thoroughfare,Woodmeadow Parkway over Long Branch,,,48660,48660,0,0,0,0
2015,Street Resurfacing,154,Street And Thoroughfare,Woodshire Dr from Kirnwood Dr to Clearwood Dr,2016,2016,0,304300,304300,0,0,0
2015,Streetscape/Urban Design,154,Street And Thoroughfare,Yale Blvd.,,,562797,562797,0,0,0,0
2015,Streetscape/Urban Design,154,Street And Thoroughfare,Yale to Mockingbird Light Rail Station,,,276284,276284,0,0,0,0
2015,Target Neighborhood,155,Street And Thoroughfare,Yancy St from Carbondale St to Saipan St,,,501650,501650,0,0,0,0
2015,Trinity River Projects,159,Trinity River Corridor,Beckley Ave. Extension,,,5967525,5967525,0,0,0,0
2015,Trinity River Projects,159,Trinity River Corridor,Cedar Crest Bridge Pedestrian and Bicycle Enhancements,,,7422942,7422942,0,0,0,0
2015,Professional Services and Debt Issuance,159,Trinity River Corridor,CIP Engineering- Trinity River Corridor Improvement,,,2632121,2632121,0,0,0,0
2015,Trinity River Projects,159,Trinity River Corridor,Dallas Floodway Extension,,,32666250,32666250,0,0,0,0
2015,Trinity River Projects,159,Trinity River Corridor,Elm Fork Improvements,,,30012153,30012153,0,0,0,0
2015,Trinity River Projects,159,Trinity River Corridor,Great Trinity Forest Park,,,38339799,38339799,0,0,0,0
2015,Trinity River Projects,159,Trinity River Corridor,IH-30 Pedestrian and Bicycle Bridge Construction,,,8438228,8438228,0,0,0,0
2015,Hike and Bike Trails,160,Trinity River Corridor,Joppa Connector Trail Project,,,2507236,2507236,0,0,0,0
2015,Athletic Facilities Improvements,160,Trinity River Corridor,Trinity Forest Golf Course,,,3970000,3970000,0,0,0,0
2015,Trinity River Projects,160,Trinity River Corridor,Trinity Lakes Phase I,,,1054357,1054357,0,0,0,0
2015,Trinity River Projects,160,Trinity River Corridor,Trinity Parkway Corridor Transportation Projects,,,91869039,91869039,0,0,0,0
2015,Service Centers Offices and Research Facilities,166,Water Utilities,Automated Meter Reading Project (AMR),,,5000000,5000000,0,0,0,0
2015,Water Treatment Plants and Associated Facilities,166,Water Utilities,Bachman Water Treatment Plant,2017,2018,189323960,222823960,0,7500000,10000000,16000000
2015,Professional Services and Debt Issuance,166,Water Utilities,Bond/Commerc Paper Sale Ex,,,618095,618095,0,0,0,0
2015,Wastewater Treatment Plants and Associated Facilities,166,Water Utilities,Central Wastewater Treatment Plant,2016,2018,424173646,512873646,34500000,500000,18000000,35700000
2015,Water Treatment Plants and Associated Facilities,167,Water Utilities,East Side Water Treatment Plant,2016,2018,498519623,628519623,45000000,5000000,42000000,38000000
2015,Water Treatment Plants and Associated Facilities,167,Water Utilities,Elm Fork Water Treatment Plant,2017,2018,310249305,585249305,0,92000000,47000000,136000000
2015,Service Centers Offices and Research Facilities,167,Water Utilities,Enterprise Billing System,,,21391000,21391000,0,0,0,0
2015,Homeowners and Unserved Areas,167,Water Utilities,Future Development Initiatives,,,17000000,17000000,0,0,0,0
2015,Public Art,168,Water Utilities,Public Art Program,2016,2018,3897500,4332500,8000,121000,27000,279000
2015,Raw Water Pumping and Transmission,168,Water Utilities,Raw Water Pumping and Transmission Facilities,2016,2018,273994650,369994650,3000000,15000000,6000000,72000000
2015,Water Supply Reservoirs and Dams,168,Water Utilities,Series 2009C DWU Revenue Bonds,,,94723000,94723000,0,0,0,0
2015,Mains Pump Stations and Associated Facilities,168,Water Utilities,Sewer Mains Interceptors and Lift Stations,2016,2018,601545413,776429413,29730000,25447000,38742000,80965000
2015,Wastewater Treatment Plants and Associated Facilities,169,Water Utilities,Southside Wastewater Treatment Plant,2016,2018,410706091,521206091,4000000,39000000,7500000,60000000
2015,Studies and Master Plans,169,Water Utilities,Studies and Master Plans,,,200000,200000,0,0,0,0
2015,Water Supply Reservoirs and Dams,169,Water Utilities,Supply Reservoirs and Dams,2017,2018,67577821,106077821,0,27000000,5000000,6500000
2015,Water Supply Reservoirs and Dams,170,Water Utilities,Unassigned Debt Services,,,2172279,2172279,0,0,0,0
2015,Inflow/Infiltration Remediation,170,Water Utilities,Wastewater Administrative Order,,,39798210,39798210,0,0,0,0
2015,Rehabilitation and Equipment,170,Water Utilities,Wastewater Facilities Repairs and Rehabilitation,2016,2018,75715797,96355797,3885000,3905000,3950000,8900000
2015,Homeowners and Unserved Areas,170,Water Utilities,Wastewater Homeowners Unserved Areas Extensions and Improvements,2016,2018,32134848,39324848,2779000,2144000,709000,1558000
2015,Relocations In Advance of Paving,170,Water Utilities,Wastewater Relocations,2016,2018,103108627,154308627,10000000,17500000,9700000,14000000
2015,Service Centers Offices and Research Facilities,171,Water Utilities,Wastewater Service Centers Offices and Research Facilities,2016,2018,10698557,23198557,2500000,5000000,5000000,0
2015,Studies and Master Plans,171,Water Utilities,Wastewater Studies and Master Plans,2016,2018,35319831,42319831,1500000,0,2500000,3000000
2015,Wholesale Customer Facilities,171,Water Utilities,Wastewater Wholesale Customer Facilities,,,25365,25365,0,0,0,0
2015,Rehabilitation and Equipment,171,Water Utilities,Water Facilities Repairs and Rehabilitation,2016,2018,134651642,180401642,9150000,9150000,9150000,18300000
2015,Homeowners and Unserved Areas,171,Water Utilities,Water Homeowners Unserved Areas Extensions and Improvements,2016,2018,77563582,87063582,3000000,2000000,1500000,3000000
2015,Mains Pump Stations and Associated Facilities,172,Water Utilities,Water Mains Pumping and Storage Facilities,2016,2018,921994975,1381246975,52251000,117964000,105936000,183101000
2015,Relocations In Advance of Paving,172,Water Utilities,Water Relocations Due to Paving,2016,2018,235283400,277283400,10000000,9500000,8500000,14000000
2015,Service Centers Offices and Research Facilities,172,Water Utilities,Water Service Centers Offices and Research Facilities,2016,2018,44117180,87117180,6000000,13000000,18000000,6000000
2015,Studies and Master Plans,173,Water Utilities,Water Studies and Master Plans,2016,2018,35784974,42834974,1000000,1000000,3500000,1550000
2015,Wholesale Customer Facilities,173,Water Utilities,Water Wholesale Customer Facilities,2016,2018,3838319,6838319,1000000,500000,500000,1000000
