cip_year,source_page,department,project_name,project_type,funding_source,address_location,comp_date,previous_appropriations,spent,remaining,year_2018,year_2019,year_2020,future_cost,project_total,start_year,end_year
2017,20,Aviation Facilities,Administrative Office Relocation,Love Field Major Maintenance,Capital Construction,Citywide,09/18,840259,232614,607645,0,0,0,0,840259,,
2017,20,Aviation Facilities,Airfield Pavement Evaluation,Love Field Major Maintenance,Capital Construction,Citywide,09/17,0,0,0,254699,1000000,0,0,1254699,2018,2019
2017,20,Aviation Facilities,Airport Perimeter Roads Rehabilitation Sections 1 & 2,Love Field Major Maintenance,Capital Construction,Citywide,09/20,3064012,0,3064012,0,0,0,0,3064012,,
2017,20,Aviation Facilities,Airport Planning and Advisory Services,Terminal,Capital Construction,Citywide,01/18,3405000,2403625,1001375,3500000,0,0,0,6905000,2018,2018
2017,20,Aviation Facilities,ARFF Truck 2 Replacement,Safety/Security,Capital Construction,Citywide,12/17,1824712,0,1824712,0,0,0,0,1824712,,
2017,20,Aviation Facilities,Aviation Parking Garage,Parking,Capital Construction,Citywide,09/18,720614,0,720614,0,0,0,0,720614,,
2017,20,Aviation Facilities,Aviation Project Contingency,Love Field Major Maintenance,Capital Construction,Citywide,09/26,1633433,0,1633433,0,0,0,0,1633433,,
2017,20,Aviation Facilities,Computerized Parking and Taxi System - Love Field,Parking,Capital Construction,Citywide,09/18,1476722,104411,1372311,0,0,0,0,1476722,,
2017,20,Aviation Facilities,Construct Taxicab Queuing Lot over Tom Braniff Channel,Parking,Capital Construction,Citywide,12/17,3320000,114112,3205888,0,0,0,0,3320000,,
2017,20,Aviation Facilities,Construction of Taxi Cab Holding Area,Pavement Maintenance / Construction,Capital Construction,Citywide,09/18,1506579,9358,1497221,0,0,0,0,1506579,,
2017,20,Aviation Facilities,Conversion of Runway 18/36 to Taxiway,Pavement Maintenance / Construction,Capital Construction,Citywide,12/17,762604,105537,657067,0,0,0,0,762604,,
2017,20,Aviation Facilities,Crossfield Taxiway Reconfiguration (Environmental),Love Field Major Maintenance,Capital Construction,Citywide,09/22,0,0,0,0,0,0,0,0,,
2017,20,Aviation Facilities,Dal-Entrance Road Improvements,Love Field Major Maintenance,Capital Construction,2,09/20,1071988,0,1071988,1071988,0,0,0,2143976,2018,2018
2017,20,Aviation Facilities,Dalfort Building Demolition,Aviation Land Acquisition,Capital Construction,Citywide,Various,1050258,492,1049766,0,0,0,0,1050258,,
2017,20,Aviation Facilities,Dallas Executive Airport Fuel Farm and Paving Project,Pavement Maintenance / Construction,Capital Construction,2,09/18,512116,0,512116,0,0,0,0,512116,,
2017,20,Aviation Facilities,Dallas Executive Airport Platting,Aviation Land Acquisition,Capital Construction,Citywide,09/17,387000,387000,0,0,0,0,0,387000,,
2017,20,Aviation Facilities,Dallas Executive Airport Runway Replacement,Pavement Maintenance / Construction,Capital Construction,Citywide,09/19,4472341,2732904,1739437,0,0,0,0,4472341,,
2017,20,Aviation Facilities,Dallas Vertiport Fuel System,Love Field Major Maintenance,Capital Construction,Citywide,"43,087",0,0,0,1000000,0,0,0,1000000,2018,2018
2017,21,Aviation Facilities,Drainage Master Plan - Schematic Design,Love Field Major Maintenance,PFC Reimbursement / Capital Construction,2,09/24,250000,250000,0,2000000,0,0,0,2250000,2018,2018
2017,21,Aviation Facilities,Environmental Programs - Love Field and Dallas Executive Airport,Environmental,Capital Construction,Citywide,09/18,2252656,2814,2249842,0,0,0,0,2252656,,
2017,21,Aviation Facilities,Fiber Ring W126,Love Field Major Maintenance,Capital Construction,Citywide,09/18,1000000,0,1000000,0,0,0,0,1000000,,
2017,21,Aviation Facilities,Fiber Ring W127,Love Field Major Maintenance,Capital Construction,Citywide,09/18,150000,0,150000,0,0,0,0,150000,,
2017,21,Aviation Facilities,Intersection of 18/36 Reconstruction and Rehabilitation,Pavement Maintenance / Construction,Capital Construction,Citywide,12/17,4330854,3837070,493784,0,0,0,0,4330854,,
2017,21,Aviation Facilities,Love Field Employee Parking Garage,Love Field Major Maintenance,Capital Construction,Citywide,09/18,1251624,1250328,1296,0,0,0,0,1251624,,
2017,21,Aviation Facilities,Love Field Modernization Program,Love Field Major Maintenance,Capital Construction,Citywide,09/19,3949078,13335,3935743,0,0,0,0,3949078,,
2017,21,Aviation Facilities,Maintenance Facility - Love Field,Terminal,Capital Construction,Citywide,09/18,7218648,134181,7084467,0,0,0,0,7218648,,
2017,21,Aviation Facilities,Mass Casualty Unit,Safety/Security,Capital Construction,2,Various,549537,0,549537,0,0,0,0,549537,,
2017,21,Aviation Facilities,Material Testing for Construction Work,Love Field Major Maintenance,Capital Construction,2,09/19,155670,0,155670,0,500000,0,0,655670,2019,2019
2017,21,Aviation Facilities,Miscellaneous Storm Drainage Improvements,Love Field Major Maintenance,Capital Construction,Citywide,09/19,232300,89776,142524,1209681,0,0,0,1441981,2018,2018
2017,21,Aviation Facilities,Parking Garage Expansion - Love Field,Parking,Capital Construction,Citywide,09/18,16708500,20737,16687763,0,0,0,0,16708500,,
2017,21,Aviation Facilities,Police Hangar and Apron at Dallas Executive Airport,Safety/Security,Capital Construction,Citywide,02/19,357246,249567,107679,7000000,0,0,0,7357246,2018,2018
2017,21,Aviation Facilities,Reconstruct RWY 13R-31L,Love Field Major Maintenance,PFC / AIP,Citywide,09/21,0,0,0,0,0,0,0,0,,
2017,21,Aviation Facilities,Redbird Commemorative Air Force Project,Public Private Partnership,Capital Construction,Citywide,09/19,2000000,0,2000000,1500000,0,0,0,3500000,2018,2018
2017,21,Aviation Facilities,Rehab TWY B - Phase 3: RWY 31R - TWY B1,Love Field Major Maintenance,Capital Construction,Citywide,10/18,0,0,0,0,7350000,0,0,7350000,2019,2019
2017,21,Aviation Facilities,Rehab TWY B - Phase 4: RWY 18- 36 - TWY B3,Love Field Major Maintenance,Capital Construction,Citywide,10/18,0,0,0,1695000,1900000,0,0,3595000,2018,2019
2017,22,Aviation Facilities,Rehabilitate Taxiway B from B1 to B3 and Connectors B3 & B4,Love Field Major Maintenance,Capital Construction / AIP,Citywide,05/19,13073951,9926866,3147085,0,0,0,0,13073951,,
2017,22,Aviation Facilities,Rehabilitate Taxiway B from Runway 13L to Runway 18-36,Love Field Major Maintenance,PFC / AIP,Citywide,09/19,0,0,0,0,0,0,0,0,,
2017,22,Aviation Facilities,Rehabilitate Taxiway C from Taxiway D to Taxiway C2,Love Field Major Maintenance,Capital Construction,Citywide,09/21,0,0,0,0,2441610,0,0,2441610,2019,2019
2017,22,Aviation Facilities,Relocate Runway 31R Glideslope,Safety/Security,Capital Construction,Citywide,09/19,634100,634100,0,3719606,0,0,0,4353706,2018,2018
2017,22,Aviation Facilities,Runway 18-36 Conversion Phase 1,Love Field Major Maintenance,Capital Construction,Citywide,12/17,5723708,5477930,245778,4843830,0,0,0,10567538,2018,2018
2017,22,Aviation Facilities,Runway Hold Position Relocation,Safety/Security,Capital Construction,Citywide,09/17,1933225,96457,1836768,0,0,0,0,1933225,,
2017,22,Aviation Facilities,Security Control Enhancement (Perimeter Fence Cable),Safety/Security,Capital Construction,Citywide,09/18,999712,999712,0,915887,0,0,0,1915599,2018,2018
2017,22,Aviation Facilities,Security Gates and Overlay Runways - Dallas Executive Airport,Pavement Maintenance / Construction,Capital Construction,Citywide,09/18,5025750,108894,4916856,0,0,0,0,5025750,,
2017,22,Aviation Facilities,Signage Improvements - Love Field,Safety/Security,Capital Construction,Citywide,Various,325613,0,325613,0,0,0,0,325613,,
2017,22,Aviation Facilities,Taxiway A 18/36 Runway Incursion Mitigation Project,Love Field Major Maintenance,Capital Construction / AIP,2,10/18,2848981,2662999,185982,0,0,0,0,2848981,,
2017,22,Aviation Facilities,Taxiway B Reconstruction and Rehabilitation,Pavement Maintenance / Construction,Capital Construction,Citywide,05/19,851161,95600,755561,0,0,0,0,851161,,
2017,22,Aviation Facilities,Taxiway M Extension,Love Field Major Maintenance,Capital Construction,Citywide,Various,0,0,0,0,0,0,0,0,,
2017,22,Aviation Facilities,Taxiway M Extension - Rwy 13L to D Design,Love Field Major Maintenance,PFC,2,09/18,698488,0,698488,0,0,0,0,698488,,
2017,22,Aviation Facilities,Terminal Improvements - Love Field,Terminal,Capital Construction,Citywide,Various,14506585,0,14506585,0,0,0,0,14506585,,
2017,22,Aviation Facilities,Tom Braniff Channel Cover Project,Love Field Major Maintenance,Capital Construction,Citywide,05/19,158708,34053,124655,0,0,0,0,158708,,
2017,22,Aviation Facilities,Wildlife Cameras,Safety/Security,Capital Construction,Citywide,09/18,1000000,0,1000000,0,0,0,0,1000000,,
2017,23,Aviation Facilities,DEA - DWU Water Line Relocation,Love Field Major Maintenance,Capital Construction,Citywide,09/20,0,0,0,0,1800000,0,0,1800000,2019,2019
2017,23,Aviation Facilities,DEA - Taxiway Apron Infill,Love Field Major Maintenance,Capital Construction,Citywide,09/20,0,0,0,0,850000,0,0,850000,2019,2019
2017,23,Aviation Facilities,DEA - Paving and Fuel System,Pavement Maintenance / Construction,Capital Construction,Citywide,09/21,0,0,0,0,600000,0,0,600000,2019,2019
2017,23,Aviation Facilities,Entry Road Enhancements,Pavement Maintenance / Construction,Capital Construction,Citywide,09/22,0,0,0,0,3712544,0,0,3712544,2019,2019
2017,30,City Facilities,Animal Shelter Major Maintenance,City Facilities,03 Bond Program,Citywide,09/17,70660,0,70660,0,0,0,0,70660,,
2017,30,City Facilities,Cadillac Heights Land Acquisition,Land Acquisition,06 Bond Program,Citywide,09/20,10194414,8610580,2266763,12549000,0,0,0,22743414,2018,2018
2017,30,City Facilities,Central Library - 7th Floor Renovation,Library Facilities,06 Bond Program,Citywide,07/19,3034363,2652440,381923,0,0,0,0,3034363,,
2017,30,City Facilities,City Facilities - Major Maintenance,City Facilities,General Capital Reserve Fund,Citywide,Various,9959571,3894875,6064696,5000000,6000000,0,0,20959571,2018,2019
2017,30,City Facilities,City Hall - Electrical System Renovations,City Facilities,06 Bond Program,Citywide,09/19,5234653,635197,4599457,0,0,0,0,5234653,,
2017,30,City Facilities,City Hall - Install Automatic Fire Alarm,City Facilities,06 Bond Program,Citywide,07/18,1693540,1035911,657629,0,0,0,0,1693540,,
2017,30,City Facilities,City Hall - Tank Replacement,City Facilities,06 Bond Program,Citywide,09/20,1000000,481405,518595,0,0,0,0,1000000,,
2017,30,City Facilities,Contingency,City Facilities,06 Bond Program,Citywide,Various,1753426,70706,1682720,0,0,0,0,1753426,,
2017,30,City Facilities,Facilities Condition Assessment,City Facilities,06 Bond Program,Citywide,09/20,1942862,1290254,652608,0,0,0,0,1942862,,
2017,30,City Facilities,Farmer's Market,City Facilities,06 Bond Program,Citywide,09/20,6624027,4909123,35819,0,0,0,0,6624027,,
2017,30,City Facilities,Farmers Market Shed #2,City Facilities,03 Bond Program,Citywide,04/13,3154400,2114745,39655,0,0,0,0,3154400,,
2017,30,City Facilities,Fire Museum Slab - 3801 Parry Ave,City Facilities,06 Bond Program,Citywide,08/14,64623,0,64623,0,0,0,0,64623,,
2017,30,City Facilities,Fire Station #05 - Window Improvements,Fire Protection Facilities,06 Bond Program,Citywide,08/14,60000,0,60000,0,0,0,0,60000,,
2017,30,City Facilities,"Fire Station #06 Replacement - Harwood, 2808 S",Fire Protection Facilities,06 Bond Program,Citywide,07/14,7276704,6875128,401576,0,0,0,0,7276704,,
2017,30,City Facilities,Fire Station #07 (Davenport Rd. At Preston Rd.) - Parking Improvement,Fire Protection Facilities,06 Bond Program,Citywide,08/14,65000,0,65000,0,0,0,0,65000,,
2017,31,City Facilities,Fire Station #49 (S. Hampton Rd At Challenger) - Window Impr,Fire Protection Facilities,06 Bond Program,Citywide,09/18,50000,0,50000,0,0,0,0,50000,,
2017,31,City Facilities,Fire Station Abatement - (Various Locations),Fire Protection Facilities,06 Bond Program,Citywide,09/18,1120000,46519,1073481,0,0,0,0,1120000,,
2017,31,City Facilities,Fire Station N. 4 - Kitchen Roof Area Repair,Fire Protection Facilities,06 Bond Program,Citywide,09/18,60000,0,60000,0,0,0,0,60000,,
2017,31,City Facilities,Fire Stations - Storm Water Modifications,Fire Protection Facilities,06 Bond Program,Citywide,09/20,2452230,1306901,1145329,0,0,0,0,2452230,,
2017,31,City Facilities,Fretz Park Branch Library,Library Facilities,06 Bond Program,Citywide,11/17,6032269,5566671,465598,0,0,0,0,6032269,,
2017,31,City Facilities,Jack Evans DPD Headquarters - Masonry Repairs,Police Facilities,06 Bond Program,Citywide,07/19,230000,138068,91932,0,0,0,0,230000,,
2017,31,City Facilities,Jack Evans DPD Headquarters - Physical Security Enhancements,Police Facilities,06 Bond Program,Citywide,09/18,173118,124338,48780,0,0,0,0,173118,,
2017,31,City Facilities,Jack Evans DPD Hq - Ped Bridge Stair Replacement,Police Facilities,06 Bond Program,Citywide,03/07,51628,23628,28000,0,0,0,0,51628,,
2017,31,City Facilities,Northwest Police Substation - Emergency Generator,Police Facilities,06 Bond Program,Citywide,09/18,124270,0,124270,0,0,0,0,124270,,
2017,31,City Facilities,Police Academy Building - Phase I-Design,Police Facilities,03 Bond Program,Citywide,Various,1404920,711905,693015,0,0,0,0,1404920,,
2017,31,City Facilities,Science Place,City Facilities,General Capital Reserve Fund,Citywide,09/17,740466,370233,370233,0,0,0,0,740466,,
2017,31,City Facilities,South Central Police Substation Parking Expansion,Police Facilities,06 Bond Program,Citywide,09/19,690193,0,690193,0,0,0,0,690193,,
2017,31,City Facilities,Southeast Police - Emergency Generator And Hvac Improvements,Police Facilities,06 Bond Program,Citywide,09/18,338366,0,338366,0,0,0,0,338366,,
2017,31,City Facilities,Southeast Service Center - Construction,City Facilities,06 Bond Program,Citywide,09/20,8071776,1455059,6616717,0,0,0,0,8071776,,
2017,31,City Facilities,Underground Storage Tank Removal,City Facilities,Capital Construction,Citywide,09/18,600000,489873,110127,0,0,0,0,600000,,
2017,37,Convention And Event Services,Ballroom A Electrical Upgrade Project,Convention Center Improvements,Capital Construction,2,11/18,2000000,0,2000000,0,0,0,0,2000000,,
2017,37,Convention And Event Services,Civic Center Convention Complex Improvements,Convention Center Improvements,Capital Construction,2,Various,3865432,1186119,2679313,0,0,0,0,3865432,,
2017,37,Convention And Event Services,Convention Center Facility Improvements,Convention Center Improvements,Capital Construction,2,01/21,7300000,0,7300000,4062329,10186026,0,0,21548355,2018,2019
2017,37,Convention And Event Services,Convention Facility Audio System Upgrade Project,Convention Center Improvements,Capital Construction,2,Various,1200000,0,1200000,0,10,0,0,1200010,2019,2019
2017,37,Convention And Event Services,Convention Facility Elevator/Escalator Improvement,Convention Center Improvements,Capital Construction,2,01/22,1125000,0,1125000,0,0,0,0,1125000,,
2017,37,Convention And Event Services,PConjvetntion Facility Operable Wall Replacement,Major Maintenance,Capital Construction,2,10/17,0,436904,0,0,0,0,0,0,,
2017,37,Convention And Event Services,Convention Facility Security System Upgrade Project,Convention Center Improvements,Capital Construction,2,07/18,1450000,0,1450000,0,0,0,0,1450000,,
2017,37,Convention And Event Services,Convention Facility Wayfinding Project,Convention Center Improvements,Capital Construction,2,"42,995",725000,0,725000,0,0,0,0,725000,,
2017,37,Convention And Event Services,Kitchen Improvement Project,Convention Center Improvements,Capital Construction,2,09/18,2388238,2388152,86,1300000,0,0,0,3688238,2018,2018
2017,37,Convention And Event Services,Retrofit and Equipment,Convention Center Improvements,Capital Construction,2,Various,17655805,15580805,2075000,0,0,0,0,17655805,,
2017,37,Convention And Event Services,KBHCCD Water Infiltration Project,Convention Center Improvements,Capital Construction,2,"42,755",0,0,0,3600000,1100000,1000000,0,5700000,2018,2020
2017,37,Convention And Event Services,KBHCCD Interior/Exterior Door Replacement Project,Convention Center Improvements,Capital Construction,2,"44,104",0,0,0,1250000,1000000,250000,0,2500000,2018,2020
2017,37,Convention And Event Services,Electronic/Mechanical Lock Replacement,Convention Center Improvements,Capital Construction,2,"44,104",0,0,0,1250000,500000,250000,0,2000000,2018,2020
2017,43,Cultural Facilities,Arts Incubator ~,Cultural Facilities,03 Bond Program,Citywide,Various,539401,505874,33527,0,0,0,0,539401,,
2017,43,Cultural Facilities,City Performance Hall ~,Cultural Facilities,06 Bond Program,Citywide,06/14,30403096,30334994,68102,0,0,0,0,30403096,,
2017,43,Cultural Facilities,Cultural Arts Facilities,Cultural Facilities,Cultural Facilities,Citywide,Various,600000,0,600000,1000000,1000000,1000000,0,3600000,2018,2020
2017,43,Cultural Facilities,Dallas Black Dance Theater,Cultural Facilities,03 Bond Program,Citywide,04/07,3385900,3360696,25204,0,0,0,0,3385900,,
2017,43,Cultural Facilities,Dallas Museum Of Art - Repair Paving@Sculpture Garden,Cultural Facilities,06 Bond Program,Citywide,09/19,1884431,303765,1580666,0,0,0,0,1884431,,
2017,43,Cultural Facilities,Dallas Museum Of Natural History - Waterproofing,Cultural Facilities,06 Bond Program,Citywide,09/18,290104,49067,241037,0,0,0,0,290104,,
2017,43,Cultural Facilities,Latin Cultural Center,Cultural Facilities,98 Bond Program,Citywide,09/17,500000,487968,12032,0,0,0,0,500000,,
2017,43,Cultural Facilities,Latino Cultural Center - Phase II - Design,Cultural Facilities,06 Bond Program,Citywide,12/20,957225,75307,881918,0,0,0,0,957225,,
2017,43,Cultural Facilities,Latino Cultural Center - Phase Ii - Priority 1 - Black Box T,Cultural Facilities,06 Bond Program,Citywide,12/20,3440875,0,3440875,0,0,0,0,3440875,,
2017,43,Cultural Facilities,Latino Cultural Center Phase II (Design),Cultural Facilities,03 Bond Program,Citywide,12/20,245307,15681,229626,0,0,0,0,245307,,
2017,43,Cultural Facilities,Morton H Meyerson Symphony Center - Extend Existing Stage,Cultural Facilities,06 Bond Program,Citywide,09/18,850006,0,850006,0,0,0,0,850006,,
2017,43,Cultural Facilities,Non-City Owned Cultural Facilities,Cultural Facilities,Cultural Facilities,Citywide,Various,400000,0,400000,0,0,0,0,400000,,
2017,43,Cultural Facilities,Performing Arts Theater Advance Fund,Cultural Facilities,03 Bond Program,Citywide,Various,8936539,8934009,2530,0,0,0,0,8936539,,
2017,43,Cultural Facilities,Public Art Admin - Homeless,Public Art,05 Bond Program,Citywide,10/19,42239,21953,20286,0,0,0,0,42239,,
2017,43,Cultural Facilities,Public Art Administration,Public Art,98 Bond Program,Citywide,05/17,53430,0,53430,0,0,0,0,53430,,
2017,43,Cultural Facilities,Public Art Program,Public Art,98 Bond Program,Citywide,06/09,647350,591722,55628,0,0,0,0,647350,,
2017,43,Cultural Facilities,Public Art Project-Homeless,Public Art,05 Bond Program,Citywide,Various,168955,155000,13955,0,0,0,0,168955,,
2017,43,Cultural Facilities,Public Art Projects,Public Art,98 Bond Program,Citywide,05/17,213720,23964,189756,0,0,0,0,213720,,
2017,55,Economic Development Programs And,1525 Turtle Creek At The District,Economic and Business Development,Tax Increment Finance,6,Various,4460045,4435566,24479,0,0,0,0,4460045,,
2017,55,Economic Development Programs And,1530 Main St. - Façade Improvements,City Center Tax Increment Financing District,Tax Increment Finance,14,09/08,5035959,4850472,185487,0,0,0,0,5035959,,
2017,55,Economic Development Programs And,1600 Fire Access Corridor,Economic and Business Development,Tax Increment Finance,14,Various,198000,63000,135000,0,0,0,0,198000,,
2017,55,Economic Development Programs And,1712 Commerce Street Building,Downtown Connection Tax Increment Financing District,Tax Increment Finance,14,12/17,0,0,0,176428,176428,176428,9970714,529284,2018,2020
2017,55,Economic Development Programs And,2101 Taylor St Development,Public Private Partnership,Tax Increment Finance,2,12/19,0,0,0,0,0,100000,3453480,100000,2020,2020
2017,55,Economic Development Programs And,24000 Blk Hooper,Housing Infrastructure Improvements,12 Bond Program,Citywide,Various,499272,405040,94232,0,0,0,0,499272,,
2017,55,Economic Development Programs And,411 N Akard Building Redevelopment,Public Private Partnership,Tax Increment Finance,14,06/17,0,0,0,142892,142892,142892,8571322,428676,2018,2020
2017,55,Economic Development Programs And,Alamo Drafthouse Cinema,Public Private Partnership,Tax Increment Finance,"02, 04, 05, 07, 08, 14",03/16,0,0,0,301640,220000,235000,648360,756640,2018,2020
2017,55,Economic Development Programs And,Alexan Riveredge Development,Public Private Partnership,Tax Increment Finance,6,09/18,0,0,0,0,0,0,7799999,0,,
2017,55,Economic Development Programs And,Alexan Trinity Project,Oak Cliff Gateway Tax Increment Financing District,Tax Increment Finance,1,12/14,231119,231119,0,786536,1060000,1060000,863322,3137655,2018,2020
2017,55,Economic Development Programs And,Argos Relocation Project,Downtown Connection Tax Increment Financing District,12 Bond Program,6,06/19,2500000,0,2500000,0,0,0,0,2500000,,
2017,55,Economic Development Programs And,Atmos Complex Phase I,Downtown Connection Tax Increment Financing District,Tax Increment Finance,14,09/14,4256965,4256965,0,9425707,4363339,0,0,18046011,2018,2019
2017,55,Economic Development Programs And,Better Block Streetcar Pavilion,Intergovernmental Partnership Projects,General Capital Reserve,14,09/17,90000,50000,40000,0,0,0,0,90000,,
2017,55,Economic Development Programs And,Bexar Street Redevelopment Investment Center,Housing Infrastructure Improvements,Certificates of Obligation,Citywide,03/14,2000000,1994132,5868,0,0,0,0,2000000,,
2017,55,Economic Development Programs And,Bishop Arts Project Phase I,Public Private Partnership,Tax Increment Finance,"01, 03",06/18,0,0,0,25000,690000,769573,3515427,1484573,2018,2020
2017,55,Economic Development Programs And,Bishop Arts Station Project,Oak Cliff Gateway Tax Increment Financing District,Tax Increment Finance,1,12/19,0,0,0,0,690000,769573,9765427,1459573,2019,2020
2017,55,Economic Development Programs And,Cedars Branch Bridge,Public Private Partnership,Tax Increment Finance,2,TBD,0,0,0,0,0,0,826500,0,,
2017,55,Economic Development Programs And,Cedars Branch Town Homes,Public Private Partnership,Tax Increment Finance,2,TBD,0,0,0,0,0,0,7898366,0,,
2017,56,Economic Development Programs And,Cedars TIF Public Improvements,Cedars Tax Increment Financing District,Tax Increment Finance,2,Various,3465088,1344047,2121041,0,0,0,0,3465088,,
2017,56,Economic Development Programs And,Chapter 380 Grants- Various Projects,Economic and Business Development,Public Private,Citywide,05/18,100000,72695,27305,0,0,0,0,100000,,
2017,56,Economic Development Programs And,City Center TIF - Miscellaneous And Professional Services,City Center Tax Increment Financing District,Tax Increment Finance,"2, 14",Various,165000,133588,31412,0,0,0,0,165000,,
2017,56,Economic Development Programs And,City Center TIF - Parking Improvements,City Center Tax Increment Financing District,Tax Increment Finance,"2, 14",07/20,14153356,13812342,341014,0,180000,180000,0,14513356,2019,2020
2017,56,Economic Development Programs And,City Center TIF - Repayment Of Advances,City Center Tax Increment Financing District,Tax Increment Finance,"2, 14",02/08,12652152,8700507,3951645,0,0,0,0,12652152,,
2017,56,Economic Development Programs And,City Center TIF - Streetscaping,City Center Tax Increment Financing District,Tax Increment Finance,"2, 14",Various,3369130,3170304,198826,0,0,0,0,3369130,,
2017,56,Economic Development Programs And,City Center TIF - Tax Increment,City Center Tax Increment Financing District,Tax Increment Finance,"2,14",Various,12309332,5395763,6913569,3000000,3000000,0,0,18309332,2018,2019
2017,56,Economic Development Programs And,Cityplace TIF - Administration,Cityplace Tax Increment Financing District,Tax Increment Finance,"2,14",Various,1287267,1030881,256386,0,0,0,0,1287267,,
2017,56,Economic Development Programs And,Cityplace TIF - Miscellaneous/Professional Services,Cityplace Tax Increment Financing District,Tax Increment Finance,"2,14",Various,200000,108000,92000,0,0,0,0,200000,,
2017,56,Economic Development Programs And,Cityplace TIF 2004 Bonds,Cityplace Tax Increment Financing District,Tax Increment Finance,"2,14",Various,1244142,1240559,3583,0,0,0,0,1244142,,
2017,56,Economic Development Programs And,Community Garden & Futsal Field,Public Private Partnership,Tax Increment Finance,2,12/17,0,0,0,0,0,20000,569888,20000,2020,2020
2017,56,Economic Development Programs And,Continental Building Redevelopment Project,Downtown Connection Tax Increment Financing District,Tax Increment Finance,14,03/13,3700000,3700000,0,188424,188424,188424,3321773,4265272,2018,2020
2017,56,Economic Development Programs And,Criterion Cityplace Urban Resort,Cityplace Tax Increment Financing District,Tax Increment Finance,14,Various,108530,18918,89612,0,0,0,0,108530,,
2017,56,Economic Development Programs And,Cypress Waters - Repayment Of Advances,Cypress Waters Tax Increment Financing District,Tax Increment Finance,6,Various,1659011,0,1659011,0,0,0,12121688,1659011,,
2017,56,Economic Development Programs And,Cypress Waters - TIF,Cypress Waters Tax Increment Financing District,Tax Increment Finance,6,Various,146437,110505,35933,0,0,0,0,146437,,
2017,56,Economic Development Programs And,Cypress Waters Phase I Development,Cypress Waters Tax Increment Financing District,Tax Increment Finance,6,11/15,1659682,1659682,0,1409340,1250345,1281581,6205090,5600948,2018,2020
2017,56,Economic Development Programs And,Dallas Eco-Business Park (McCommas),Public Private Partnership,Public Private,Citywide,12/18,2175230,1859029,316201,0,0,0,0,2175230,,
2017,56,Economic Development Programs And,Davis Garden TIF - Administration,Davis Garden Tax Increment Financing District,Tax Increment Finance,"01, 3",Various,300000,236379,63621,0,0,0,0,300000,,
2017,57,Economic Development Programs And,Davis Garden TIF - Repayment Of Advances,Davis Garden Tax Increment Financing District,Tax Increment Finance,"01, 3",Various,1831796,70,1831726,0,0,0,0,1831796,,
2017,57,Economic Development Programs And,Deep Ellum TIF - Repayment Of Advances,Deep Ellum Tax Increment Financing District,Tax Increment Finance,"2, 7",Various,4314095,596598,3717497,0,0,0,0,4314095,,
2017,57,Economic Development Programs And,Deep Elm Crossroads,Public Private Partnership,Tax Increment Finance,"2, 7",12/18,0,0,0,1600000,0,0,0,1600000,2018,2018
2017,57,Economic Development Programs And,Design District TIF - Repayment Of Advances,Design District Tax Increment Financing District,Tax Increment Finance,6,Various,10456549,0,10456549,0,0,0,0,10456549,,
2017,57,Economic Development Programs And,Downtown Connection TIF - Increment,Downtown Connection Tax Increment Financing District,Tax Increment Finance,"2, 14",Various,4412569,3577781,834788,0,0,0,0,4412569,,
2017,57,Economic Development Programs And,Downtown Connection TIF - Repayment Of Advances,Downtown Connection Tax Increment Financing District,Tax Increment Finance,"2, 14",Various,17709470,0,17709470,0,0,0,17709470,17709470,,
2017,57,Economic Development Programs And,Downtown Retail Program - Phase Iii,Public Private Partnership,Public Private,8,09/19,1212008,678074,533934,0,533934,0,0,1745942,2019,2019
2017,57,Economic Development Programs And,Economic Development - Infrastructure Improvements,Infrastructure Support,06 Bond Program,Citywide,11/19,16156082,14262591,1893491,0,0,0,0,16156082,,
2017,57,Economic Development Programs And,Economic Development And Housing Demand Driven Projects,Economic and Business Development,12 Bond Program,Citywide,12/18,24486952,10808118,13678834,0,0,0,0,24486952,,
2017,57,Economic Development Programs And,Economic Redevelopment,Public Private Partnership,Public Private,Citywide,12/18,2556194,2456637,99557,0,0,0,0,2556194,,
2017,57,Economic Development Programs And,Factory Six03 Project,City Center Tax Increment Financing District,Tax Increment Finance,"2, 14",12/18,0,0,0,80717,81842,82978,4411637,245537,2018,2020
2017,57,Economic Development Programs And,Fairfield At Ross Redevelopment,Economic and Business Development,Tax Increment Finance,14,09/16,156000,156000,0,1598129,1617285,1559063,570407,4930477,2018,2020
2017,57,Economic Development Programs And,Farmers Market Tax Increment,Farmers Market Tax Increment Financing District,Tax Increment Finance,2,Various,588383,0,588383,0,0,0,0,588383,,
2017,57,Economic Development Programs And,Farmers Market TIF Administration,Farmers Market Tax Increment Financing District,Tax Increment Finance,2,Various,773890,741395,32495,0,0,0,0,773890,,
2017,57,Economic Development Programs And,Farmers Market TIF Miscellaneous/Professional Services,Farmers Market Tax Increment Financing District,Tax Increment Finance,2,Various,50000,4000,46000,0,0,0,0,50000,,
2017,57,Economic Development Programs And,Farmers Market TIF Public Improvement,Farmers Market Tax Increment Financing District,Tax Increment Finance,2,Various,2980250,319698,2660553,0,0,0,0,2980250,,
2017,57,Economic Development Programs And,Farmers Market Townhomes,Farmers Market Tax Increment Financing District,Tax Increment Finance,2,Various,563759,322979,240780,0,0,0,0,563759,,
2017,57,Economic Development Programs And,Fidelity Union Life Building - Redevelopment,City Center Tax Increment Financing District,Tax Increment Finance,"2, 14",09/06,9000000,9000000,0,916117,994385,957714,0,11868216,2018,2020
2017,58,Economic Development Programs And,Flora Street Lofts,City Center Tax Increment Financing District,Tax Increment Finance,14,Various,0,0,0,0,3142277,385233,1050407,3527510,2019,2020
2017,58,Economic Development Programs And,Flora Street Project,Housing Infrastructure Improvements,12 Bond Program,14,Various,2500000,0,2500000,0,0,0,0,2500000,,
2017,58,Economic Development Programs And,FM Mixed-Use Development,Farmers Market Improvements,Tax Increment Finance,Citywide,12/18,0,0,0,2000000,1500000,1500000,8704350,5000000,2018,2020
2017,58,Economic Development Programs And,Fort Worth Ave TIF - Administration P408,Fort Worth Ave Tax Increment Financing District,Tax Increment Finance,"3 ,6",Various,250000,244824,5176,0,0,0,0,250000,,
2017,58,Economic Development Programs And,Fort Worth Ave TIF - Repayment Of Advances,Fort Worth Ave Tax Increment Financing District,Tax Increment Finance,"3 ,6",Various,1225379,0,1225379,0,0,0,0,1225379,,
2017,58,Economic Development Programs And,Gables At West Village,State-Thomas Tax Increment Financing District,Tax Increment Finance,14,09/06,566254,540713,25541,0,0,0,0,566254,,
2017,58,Economic Development Programs And,Grand Park South - Repayment Of Advances,Grand Park South Tax Increment Financing District,Tax Increment Finance,7,Various,214629,0,214629,0,0,0,0,214629,,
2017,58,Economic Development Programs And,Grand Park South - TIF Administration,Grand Park South Tax Increment Financing District,Tax Increment Finance,7,Various,203028,193935,9093,0,0,0,0,203028,,
2017,58,Economic Development Programs And,Hartford Building Redevelopment,Public Private Partnership,Tax Increment Finance,14,12/16,0,0,0,61149,27923,27923,1083005,116995,2018,2020
2017,58,Economic Development Programs And,Housing - Acquisition And Demolition,Acquisition and Demolition,06 Bond Program,Citywide,Various,8703770,8695853,7917,0,0,0,0,8703770,,
2017,58,Economic Development Programs And,Housing - Land Bank Funds,Land Bank,06 Bond Program,Citywide,Various,2155000,2155000,0,0,0,0,0,2155000,,
2017,58,Economic Development Programs And,Housing Demand Driven Projects,Housing Infrastructure Improvements,12 Bond Program,Citywide,Various,6984384,5512033,1472351,0,0,0,0,6984384,,
2017,58,Economic Development Programs And,Inland Port - Consulting,Public Private Partnership,Public Private,Citywide,09/18,1807500,1765975,41525,0,0,0,0,1807500,,
2017,58,Economic Development Programs And,JC Penney At Southwest Center Mall,Public Private Partnership,Public Private,3,12/18,186200,109186,77014,0,0,0,0,186200,,
2017,58,Economic Development Programs And,Jefferson At Kessler Heights,Oak Cliff Gateway Tax Increment Financing District,Tax Increment Finance,"10, 3",Various,1467583,1446728,20855,0,0,0,0,1467583,,
2017,58,Economic Development Programs And,Lake Highland Town Center,Infrastructure Support,06 Bond Program / Tax Increment Finance,10,09/13,8712669,4717312,5000,0,0,0,5973000,8712669,,
2017,58,Economic Development Programs And,Lancaster Urban Village,Tax Increment Financing District,Tax Increment Finance,4,12/14,0,0,0,0,0,2831000,5661000,2831000,2020,2020
2017,59,Economic Development Programs And,Love Field Hotel Project,Public Private Partnership,Tax Increment Finance,2,03/17,0,0,0,1455151,1544849,0,0,3000000,2018,2019
2017,59,Economic Development Programs And,LTV Tower Project,Downtown Connection Tax Increment Financing District,Tax Increment Finance,14,12/15,0,0,0,250349,250349,11748067,4000886,12248765,2018,2020
2017,59,Economic Development Programs And,Main District Initiative,Economic and Business Development,Public Private,Citywide,12/19,2963812,2725934,237878,0,0,0,0,2963812,,
2017,59,Economic Development Programs And,Mall Area Redevelopment - TIF Administration,Economic and Business Development,Tax Increment Finance,Citywide,Various,81470,0,81470,0,0,0,0,81470,,
2017,59,Economic Development Programs And,Maple Station Public Improvement Project,Maple/Mockingbird Tax Increment Financing District,Tax Increment Finance,2,06/15,2760000,2747831,12169,1475748,1589632,2412554,2854615,8237934,2018,2020
2017,59,Economic Development Programs And,Maple/Mockingbird TIF - Repayment Of Advances,Maple/Mockingbird Tax Increment Financing District,Tax Increment Finance,2,Various,2500453,0,2500453,0,0,0,0,2500453,,
2017,59,Economic Development Programs And,Mercantile Building Redevelopment,Downtown Connection Tax Increment Financing District,Tax Increment Finance,2,12/08,100000,29925,70075,0,0,0,0,100000,,
2017,59,Economic Development Programs And,Metro Paws Animal Hospital,Economic and Business Development,Tax Increment Finance,"3, 6",4th/13,116000,106909,9091,0,0,0,0,116000,,
2017,59,Economic Development Programs And,Mid Elm Lofts Project,Public Private Partnership,Tax Increment Finance,14,06/18,0,0,0,0,41016,41016,3817967,82032,2019,2020
2017,59,Economic Development Programs And,Miscellaneous Economic Redevelopment Area Wide,Public Private Partnership,Public Private,Citywide,12/19,52565528,50801461,1764067,0,0,0,0,52565528,,
2017,59,Economic Development Programs And,Neighborhood Retail Redevelopment Program,Public Private Partnership,Public Private,Citywide,Various,1000000,0,1000000,0,0,0,0,1000000,,
2017,59,Economic Development Programs And,Noble/Oak Grove/ Howell Public Improvement,Cityplace Tax Increment Financing District,Tax Increment Finance,"2, 14",4th/13,12000001,10535642,1464359,0,0,0,0,12000001,,
2017,59,Economic Development Programs And,North Parking Garage Project,Public Private Partnership,Tax Increment Finance,2,07/15,10516007,10516007,0,1834565,1019887,1993035,19068934,15363494,2018,2020
2017,59,Economic Development Programs And,Oak Cliff Gateway Public Improvements,Oak Cliff Gateway Tax Increment Financing District,Tax Increment Finance,1,Various,2679995,591189,2088806,0,0,0,0,2679995,,
2017,59,Economic Development Programs And,Old Dallas High School/Crozier Tech,Deep Ellum Tax Increment Financing District,Tax Increment Finance,2,09/19,0,0,0,0,2886019,2545423,7792721,5431442,2019,2020
2017,59,Economic Development Programs And,PetroCorrigan Project,Downtown Connection Tax Increment Financing District,Tax Increment Finance,14,06/18,0,0,0,118806,4543653,5637541,0,10300000,2018,2020
2017,59,Economic Development Programs And,PetroCorrigan Project Phase Ii,Downtown Connection Tax Increment Financing District,Tax Increment Finance,14,06/22,0,0,0,118806,118806,118806,9343581,356418,2018,2020
2017,59,Economic Development Programs And,Plaza Hotel Project,Cedars Tax Increment Financing District,Tax Increment Finance,2,07/17,886089,0,886089,0,747363,651619,0,2285071,2019,2020
2017,60,Economic Development Programs And,Public Art Administration - Economic Development,Public Art,06 Bond Program,Citywide,Various,25551,0,25551,0,0,0,0,25551,,
2017,60,Economic Development Programs And,Public Art Projects - Economic Development,Public Art,06 Bond Program,Citywide,Various,100593,0,100593,0,0,0,0,100593,,
2017,60,Economic Development Programs And,Public Private Economic Development Infrastructure (Pilot),Public Private Partnership,Public Private,Citywide,12/22,33001730,12097787,20903943,8279024,6745090,0,0,48025844,2018,2019
2017,60,Economic Development Programs And,Public Private Infrastructure Cost Participation,Public Private Partnership,Public Private,Citywide,10/18,3582988,3571640,11348,0,0,0,0,3582988,,
2017,60,Economic Development Programs And,Public Private Partnership - Retail Rehabilitation Demonstration Project,Public Private Partnership,Public Private,9,12/19,1000000,0,1000000,0,1000000,0,0,2000000,2019,2019
2017,60,Economic Development Programs And,Redevelopment Of Dallas Arts Garage,Downtown Connection Tax Increment Financing District,Tax Increment Finance,14,12/15,1078650,1078650,0,539664,5694801,0,0,7313115,2018,2019
2017,60,Economic Development Programs And,RISD Public Improvement Reimbursement,Tax Increment Financing District,Tax Increment Finance,10,12/7,326801,326801,0,184325,272000,323400,3013764,1106526,2018,2020
2017,60,Economic Development Programs And,SD Adaptive Reuse Program,Public Private Partnership,Public Private,Citywide,12/18,150000,120000,30000,0,0,0,0,150000,,
2017,60,Economic Development Programs And,Skillman Corridor TIF - Repayment Of Advances,Skillman Corridor Tax Increment Financing District,Tax Increment Finance,"9, 10, 13, 14",Various,5114517,25000,5089517,0,0,0,0,5114517,,
2017,60,Economic Development Programs And,Small Business Façade,Public Private Partnership,Public Private,Citywide,05/18,100000,93725,6275,0,0,0,0,100000,,
2017,60,Economic Development Programs And,Southern Sector - Action Plan,Public Private Partnership,Public Private,Citywide,09/18,200000,173719,26281,0,0,0,0,200000,,
2017,60,Economic Development Programs And,Southwestern Medical TIF - Repayment Of Advances,Southwestern Medical Tax Increment Financing District,Tax Increment Finance,2,Various,5139154,0,5139154,0,0,0,0,5139154,,
2017,60,Economic Development Programs And,Sports Arena TIF - Administration,Sports Arena Tax Increment Financing District,Tax Increment Finance,"2, 6",Various,892000,885908,6092,0,0,0,0,892000,,
2017,60,Economic Development Programs And,Sports Arena TIF - Miscellaneous/Professional Services,Sports Arena Tax Increment Financing District,Tax Increment Finance,"2, 6",Various,48000,25000,23000,0,0,0,0,48000,,
2017,60,Economic Development Programs And,Sports Arena TIF - Repayment Of Advances,Sports Arena Tax Increment Financing District,Tax Increment Finance,"2, 6",Various,1929332,1324015,605317,0,0,0,0,1929332,,
2017,60,Economic Development Programs And,Sports Arena TIF - Tax Increment,Sports Arena Tax Increment Financing District,Tax Increment Finance,"2, 6",Various,4925093,1407935,3517158,0,0,0,0,4925093,,
2017,60,Economic Development Programs And,State-Thomas TIF - Administration,State-Thomas Tax Increment Financing District,Tax Increment Finance,14,Various,1095743,766966,328777,0,0,0,0,1095743,,
2017,60,Economic Development Programs And,State-Thomas TIF - Public Improvements,State-Thomas Tax Increment Financing District,Tax Increment Finance,"2, 14",09/13,9428778,8644053,784725,0,0,0,0,9428778,,
2017,61,Economic Development Programs And,Statler/Library/Jackson Street,Downtown Connection Tax Increment Financing District,Tax Increment Finance,14,10/17,0,0,0,459441,459441,459441,45121678,1378323,2018,2020
2017,61,Economic Development Programs And,Sylvan Thirty Mixed-Use Development,Fort Worth Ave Tax Increment Financing District,Tax Increment Finance,6,06/16,1100000,1100000,0,1094406,547203,547203,0,3288812,2018,2020
2017,61,Economic Development Programs And,Thanksgiving Tower Renovation,Public Private Partnership,Tax Increment Finance,14,01/17,0,0,0,411516,411516,411516,4765452,1234548,2018,2020
2017,61,Economic Development Programs And,The Olympic,Downtown Connection Tax Increment Financing District,Tax Increment Finance,14,12/18,0,0,0,686234,686234,686234,47941297,2058702,2018,2020
2017,61,Economic Development Programs And,Transit Oriented TIF - Administration,TOD Tax Increment Financing District,Tax Increment Finance,"2, 4, 5, 7, 8, 14",Various,3434858,130348,3304510,0,0,0,0,3434858,,
2017,61,Economic Development Programs And,Transit Oriented TIF - Repayment Of Advances,TOD Tax Increment Financing District,Tax Increment Finance,"2, 4, 5, 7, 8, 14",Various,2349221,0,2349221,0,0,0,0,2349221,,
2017,61,Economic Development Programs And,Trinity Groves Improvement,Sports Arena Tax Increment Financing District,Tax Increment Finance,6,09/15,3505000,0,3505000,0,4923394,1051410,0,9479804,2019,2020
2017,61,Economic Development Programs And,Turtle Creek Median Improvements,Design District Tax Increment Financing District,Tax Increment Finance,2,Various,116356,100105,16251,0,0,0,0,116356,,
2017,61,Economic Development Programs And,Two-Way Signage,Public Private Partnership,Tax Increment Finance,2,06/16,0,0,0,2752559,582441,0,0,3335000,2018,2019
2017,61,Economic Development Programs And,University Of North Texas - Dallas Campus,Public Private Partnership,Public Private,8,09/19,2064782,1797093,267688,0,0,0,0,2064782,,
2017,61,Economic Development Programs And,Vickery Meadow TIF - Administration,Vickery Meadow Tax Increment Financing District,Tax Increment Finance,"9, 13",Various,275000,267161,7839,0,0,0,0,275000,,
2017,61,Economic Development Programs And,Vickery Meadow TIF - Repayment Of Advances,Vickery Meadow Tax Increment Financing District,Tax Increment Finance,13,12/09,9059533,6330165,2729368,2000000,2500000,3000000,3000000,16559533,2018,2020
2017,61,Economic Development Programs And,Victory Park Lane Improvements,Public Private Partnership,Tax Increment Finance,2,09/16,1226500,1226500,0,1114105,3282052,665792,0,6288449,2018,2020
2017,61,Economic Development Programs And,Victory South Parking Garage,Public Private Partnership,Tax Increment Finance,2,07/28,2566000,2566000,0,855000,855000,855000,7695000,5131000,2018,2020
2017,61,Economic Development Programs And,Victory Sub-District Placemaking,Public Private Partnership,Tax Increment Finance,2,09/16,0,0,0,0,1166667,1166667,1166667,2333334,2019,2020
2017,61,Economic Development Programs And,"Workforce Readiness, Placement, And Retention Program",Public Private Partnership,Public Private,Citywide,9/19,1500000,0,1500000,0,0,0,0,1500000,,
2017,61,Economic Development Programs And,Zang Triangle At 1335 N. Zang,Oak Cliff Gateway Tax Increment Financing District,Tax Increment Finance,1,03/12,7052513,7052513,0,198487,0,0,0,7251000,2018,2018
2017,67,Equipment Acquisition,Equipment and Building Services - Fleet Replacement,Fleet Replacement,Equipment Notes / Master Lease Program Funds,Citywide,Various,19977993,12654633,34033,6517809,8000000,8000000,8000000,42495802,2018,2020
2017,67,Equipment Acquisition,Equipment and Building Services - Street Services Fleet,Fleet Replacement,Master Lease Program Funds,Citywide,Various,3661260,3655998,5262,2106000,0,0,0,5767260,2018,2018
2017,67,Equipment Acquisition,Sanitation Fleet Replacement,Fleet Replacement- Sanitation,Master Lease Program Funds,Citywide,Various,16127551,15904645,222906,5504048,5500000,5500000,5500000,32631599,2018,2020
2017,67,Equipment Acquisition,Dallas Fire-Rescue - Ambulance Replacement,Fleet Replacement - Public Safety,Master Lease Program Funds,Citywide,Various,6065926,4284149,1781777,1610024,1650000,1650000,1650000,10975950,2018,2020
2017,67,Equipment Acquisition,Dallas Fire Rescue - Apparatus Replacement,Fleet Replacement - Public Safety,Master Lease Program Funds,Citywide,Various,12299901,11906522,393379,7549098,7150000,7150000,7150000,34148999,2018,2020
2017,67,Equipment Acquisition,Citywide IT Improvements,Technology,Master Lease Program Funds,Citywide,Various,6227500,1800000,4427500,0,1450000,7700000,7700000,15377500,2019,2020
2017,67,Equipment Acquisition,IT Network Equipment Refresh,Technology,Master Lease Program Funds,Citywide,Various,2633464,2633464,0,2351250,3100000,0,0,8084714,2018,2019
2017,67,Equipment Acquisition,Central Business District Camera System,Technology,Master Lease Program Funds,Citywide,Various,1550060,1033373,516687,0,0,0,0,1550060,,
2017,67,Equipment Acquisition,Dallas Police Department - Technology Upgrades,Technology,Master Lease Program Funds,Citywide,Various,2540000,1942954,597046,2142250,3150000,0,0,7832250,2018,2019
2017,67,Equipment Acquisition,Dallas Fire Department - Technology Upgrades,Technology,Master Lease Program Funds,Citywide,Various,742844,90343,652501,1654114,0,0,0,2396958,2018,2018
2017,67,Equipment Acquisition,Enterprise Electronic Document Management System,Technology,Master Lease Program Funds,Citywide,Various,0,0,0,565407,0,0,0,565407,2018,2018
2017,73,Flood Protection And Storm Drainage,"10836, 10840, 10844 Meadowcliff Circle",Erosion Control,12 Bond Program,10,12/17,576263,51863,524401,0,0,0,0,576263,,
2017,73,Flood Protection And Storm Drainage,845 N Oak Cliff Blvd,Erosion Control,06 Bond Program,1,12/17,285042,83683,202339,0,0,0,0,285042,,
2017,73,Flood Protection And Storm Drainage,Abrams Road Bridge- Hike & Bike Trail,Erosion Control,12 Bond Program,10,12/17,121364,8940,112424,0,0,0,0,121364,,
2017,73,Flood Protection And Storm Drainage,Anderson Bonner Park Site 1- Hike & Bike Trail (WRC 164),Erosion Control,12 Bond Program,10,12/17,508468,34761,473707,0,0,0,0,508468,,
2017,73,Flood Protection And Storm Drainage,Ash Creek - S. Fork - Bridges at Lakeland,Flood Management,06 Bond Program,9,02/18,3886684,225666,3661018,0,0,0,0,3886684,,
2017,73,Flood Protection And Storm Drainage,Audelia 11601 (Audelia Branch - E. Bank Downstream of Audelia,Erosion Control,12 Bond Program,10,02/18,617700,0,617700,0,0,0,0,617700,,
2017,73,Flood Protection And Storm Drainage,Bainbridge 2733,Erosion Control,12 Bond Program,3,12/17,89625,13520,76105,0,0,0,0,89625,,
2017,73,Flood Protection And Storm Drainage,Beechmont Dr. 2507,Erosion Control,12 Bond Program,9,02/18,55149,8569,46580,0,0,0,0,55149,,
2017,73,Flood Protection And Storm Drainage,Belt Line Road S. 2327: Voluntary purchase,Flood Management,Capital Construction,8,09/19,0,0,0,31800,127200,0,0,159000,2018,2019
2017,73,Flood Protection And Storm Drainage,Blackstone 2709,Erosion Control,12 Bond Program,3,12/17,256568,23891,232677,0,0,0,0,256568,,
2017,73,Flood Protection And Storm Drainage,Blackstone 2729,Erosion Control,12 Bond Program,3,12/17,203849,18051,185798,0,0,0,0,203849,,
2017,73,Flood Protection And Storm Drainage,Blackstone 2745,Erosion Control,12 Bond Program,3,12/17,261884,17653,244231,0,0,0,0,261884,,
2017,73,Flood Protection And Storm Drainage,Blue Ridge 3721,Erosion Control,12 Bond Program,3,12/17,125339,21275,104064,0,0,0,0,125339,,
2017,73,Flood Protection And Storm Drainage,Burning Log 13156,Erosion Control,12 Bond Program,10,02/18,68600,0,68600,0,0,0,0,68600,,
2017,73,Flood Protection And Storm Drainage,Caracas 5410 and 5416,Erosion Control,12 Bond Program,3,12/17,338443,32356,306087,0,0,0,0,338443,,
2017,73,Flood Protection And Storm Drainage,Cavender 445,Erosion Control,12 Bond Program,1,05/18,99978,13390,86193,0,0,0,0,99978,,
2017,73,Flood Protection And Storm Drainage,Cedar Creek Culvert @ W. Clarendon Drive,Erosion Control,Capital Construction,1,09/19,0,0,0,41250,165000,0,0,206250,2018,2019
2017,73,Flood Protection And Storm Drainage,Cedar Springs 5910,Erosion Control,12 Bond Program,2,05/18,206911,26790,180121,0,0,0,0,206911,,
2017,73,Flood Protection And Storm Drainage,"Channel - Major Maintenance (Cochran Chapel, Southwood,",Flood Management,Capital Construction,CW,Various,201000,0,201000,0,0,0,250000,201000,,
2017,73,Flood Protection And Storm Drainage,Church Road 9233,Erosion Control,12 Bond Program,10,05/18,335187,18430,316757,0,0,0,0,335187,,
2017,73,Flood Protection And Storm Drainage,Clarendon 3435,Erosion Control,12 Bond Program,1,12/17,106683,20490,86193,0,0,0,0,106683,,
2017,73,Flood Protection And Storm Drainage,Clubhouse Circle 6523 and 6527,Erosion Control,12 Bond Program,11,05/18,112341,15186,97155,0,0,0,0,112341,,
2017,74,Flood Protection And Storm Drainage,Colorado (W) 705,Erosion Control,12 Bond Program,1,12/17,150352,13565,136787,0,0,0,0,150352,,
2017,74,Flood Protection And Storm Drainage,Coolgreene 8208,Erosion Control,Capital Construction,7,12/19,0,0,0,31500,283500,0,0,315000,2018,2019
2017,74,Flood Protection And Storm Drainage,Coombs I-30 Outfalls,Erosion Control,06 Bond Program,1,05/18,327851,92387,235464,0,0,0,0,327851,,
2017,74,Flood Protection And Storm Drainage,Country Brook Pond between Park Grove Ln and Quail Hollow,Erosion Control,12 Bond Program,12,02/18,49157,15157,34000,0,0,0,0,49157,,
2017,74,Flood Protection And Storm Drainage,"Deep Hill Circle 2671, 2675, 2679, 2683",Erosion Control,12 Bond Program,3,12/17,770964,76453,694443,0,0,0,0,770964,,
2017,74,Flood Protection And Storm Drainage,Fair Oaks Crossing 8201,Erosion Control,12 Bond Program,10,02/18,126890,29735,97155,0,0,0,0,126890,,
2017,74,Flood Protection And Storm Drainage,Fair Oaks Crossing 8849,Erosion Control,12 Bond Program,10,05/18,295070,44464,250606,0,0,0,0,295070,,
2017,74,Flood Protection And Storm Drainage,Five Mile Pkwy 2200 Block,Erosion Control,Capital Construction,4,09/19,0,0,0,42460,382140,0,0,424600,2018,2019
2017,74,Flood Protection And Storm Drainage,Five Mile Pkwy W. 922,Erosion Control,12 Bond Program,4,12/17,358260,30664,327596,0,0,0,0,358260,,
2017,74,Flood Protection And Storm Drainage,Flood Control Operations Center,Flood Management,Capital Construction,CW,09/19,2500000,0,2500000,7500000,0,0,0,10000000,2018,2018
2017,74,Flood Protection And Storm Drainage,"Flood Management Area - Major Maintenance (Bar X, Baypoint",Flood Management,Capital Construction,CW,Various,360000,0,360000,0,0,0,360000,360000,,
2017,74,Flood Protection And Storm Drainage,"Gabion - Major Maintenance (Cason Street, Glen Oaks Blvd,",Erosion Control,Capital Construction,CW,Various,500000,0,500000,0,0,0,500000,500000,,
2017,74,Flood Protection And Storm Drainage,Glen Oaks 326,Flood Management,06 Bond Program,4,N/A,193998,4451,189547,0,0,0,0,193998,,
2017,74,Flood Protection And Storm Drainage,Glen Oaks 816,Erosion Control,12 Bond Program,4,09/17,137100,0,137100,0,0,0,0,137100,,
2017,74,Flood Protection And Storm Drainage,Glendale Park Site 1- Pavilion,Erosion Control,12 Bond Program,3,02/18,68600,11397,57203,0,0,0,0,68600,,
2017,74,Flood Protection And Storm Drainage,Glendale Park Site 3- S. of footbridge,Erosion Control,12 Bond Program,3,02/18,34300,4900,29400,0,0,0,0,34300,,
2017,74,Flood Protection And Storm Drainage,Glendale Park Site 4 - N of Footbridge,Erosion Control,12 Bond Program,3,02/18,34300,5711,28589,0,0,0,0,34300,,
2017,74,Flood Protection And Storm Drainage,Greenhollow/Sapling Way/Clearsprings RL Area 4,Storm Drainage,Capital Construction,11,12/19,152300,0,152300,0,0,1370700,0,1523000,2020,2020
2017,74,Flood Protection And Storm Drainage,Greenville Avenue 9320/Vista View 8915,Erosion Control,12 Bond Program,10,02/18,201077,33032,168045,0,0,0,0,201077,,
2017,74,Flood Protection And Storm Drainage,Guildhall-McCree Storm Drainage Relief System,Storm Drainage,Capital Construction,"CW, 10",12/20,470000,0,470000,0,0,4230000,0,4700000,2020,2020
2017,74,Flood Protection And Storm Drainage,Hampton Road (S) 3817,Erosion Control,12 Bond Program,3,12/17,337936,43863,294073,0,0,0,0,337936,,
2017,74,Flood Protection And Storm Drainage,Harry Moss Park Site 1- S. of pedestrian bridge,Erosion Control,12 Bond Program,10,12/17,177696,6227,171470,0,0,0,0,177696,,
2017,75,Flood Protection And Storm Drainage,Hawthorne - Bowser Area,Storm Drainage Relief System,Capital Construction,14,05/18,1072324,0,1072324,0,0,0,0,1072324,,
2017,75,Flood Protection And Storm Drainage,Healey 2116 and Kingsman 9869,Erosion Control,12 BondP rogram,9,05/18,137177,20642,116535,0,0,0,0,137177,,
2017,75,Flood Protection And Storm Drainage,"Hunnicut Road, 8223",Erosion Control,Capital Construction,7,09/19,0,0,0,52600,210400,0,0,263000,2018,2019
2017,75,Flood Protection And Storm Drainage,Kiest Boulevard W. 2901,Erosion Control,Capital Construction,3,09/19,0,0,0,27500,247500,0,0,275000,2018,2019
2017,75,Flood Protection And Storm Drainage,Kiesthill Drive 3431,Erosion Control,12 BondP rogram,3,12/17,234970,22570,212400,0,0,0,0,234970,,
2017,75,Flood Protection And Storm Drainage,Kildare 4927,Erosion Control,12 BondP rogram,3,12/17,85700,11820,73880,0,0,0,0,85700,,
2017,75,Flood Protection And Storm Drainage,Kiltartan 1511,Erosion Control,12 BondP rogram,9,05/18,182933,31718,151215,0,0,0,0,182933,,
2017,75,Flood Protection And Storm Drainage,Kiowa Parkway Hike and Bike Trail,Erosion Control,12 BondP rogram,11,12/17,141208,10828,130380,0,0,0,0,141208,,
2017,75,Flood Protection And Storm Drainage,"Lakeland, 2214",Erosion Control,Capital Construction,9,09/19,0,0,0,34375,309375,0,0,343750,2018,2019
2017,75,Flood Protection And Storm Drainage,Lanett Circle N. 10741,Erosion Control,12 Bond Program,10,02/18,329043,26211,302832,0,0,0,0,329043,,
2017,75,Flood Protection And Storm Drainage,Langdale Circle 8668 and 8656,Erosion Control,12 Bond Program,10,02/18,846639,40679,805960,0,0,0,0,846639,,
2017,75,Flood Protection And Storm Drainage,Levee Drainage System - Sump A (Able Pump Station),Flood Management,06 Bond Program,"01, 02, 06",11/17,10158925,10157606,1319,0,0,0,0,10158925,,
2017,75,Flood Protection And Storm Drainage,Levee Drainage System- Sump A (Able Pump Station),Flood Management,12 Bond Program,Citywide,12/17,81664836,75614119,6050717,8320720,0,0,0,89985556,2018,2018
2017,75,Flood Protection And Storm Drainage,Lisbon Area C,Storm Drainage,Capital Construction,4,12/19,185430,0,185430,0,0,1668870,0,1854300,2020,2020
2017,75,Flood Protection And Storm Drainage,Lyre Lane 6909 and Chantilly Court,Erosion Control,12 Bond Program,9,05/18,70159,11849,58310,0,0,0,0,70159,,
2017,75,Flood Protection And Storm Drainage,Martin Weiss Park Site 1- Pavilion,Erosion Control,12 Bond Program,1,12/17,86478,4186,82292,0,0,0,0,86478,,
2017,75,Flood Protection And Storm Drainage,Martin Weiss Park Site 3- Pedestrian Bridge,Erosion Control,12 Bond Program,1,12/17,34900,4486,30414,0,0,0,0,34900,,
2017,75,Flood Protection And Storm Drainage,"Mercedes 6607, 6615, 6621",Erosion Control,12 Bond Program,9,12/17,208808,27937,180870,0,0,0,0,208808,,
2017,75,Flood Protection And Storm Drainage,Middle Peaks Branch - Phase I - to,Storm Drainage Relief System,06 Bond Program,207,01/23,38560675,4259863,34300812,0,0,0,0,38560675,,
2017,75,Flood Protection And Storm Drainage,Mill Creek Drainage Relief System - Phase I,Storm Drainage Relief System,06 Bond Program,"02, 07, 14",01/23,55097750,49196869,5900881,0,0,0,0,55097750,,
2017,75,Flood Protection And Storm Drainage,"Mill Creek, Peaks Branch and State Thomas",Flood Management,12 Bond Program,"02, 07, 14",01/23,218600000,0,218600000,0,0,0,0,218600000,,
2017,75,Flood Protection And Storm Drainage,"Ohio, W. 412, 416",Erosion Control,Capital Construction,4,09/19,0,0,0,22375,89500,0,0,111875,2018,2019
2017,76,Flood Protection And Storm Drainage,Pagewood 10553,Erosion Control,12 Bond Program,11,09/17,29700,0,29700,0,0,0,0,29700,,
2017,76,Flood Protection And Storm Drainage,Parrish Branch Culvert @ Wheatland Rd.,Flood Management,Capital Construction,8,09/19,0,0,0,46000,414000,0,0,460000,2018,2019
2017,76,Flood Protection And Storm Drainage,"Paul Quinn College, 3837 Simpson Stewart Road",Erosion Control,Capital Construction,8,09/19,0,0,0,41250,371250,0,0,412500,2018,2019
2017,76,Flood Protection And Storm Drainage,Peavy at Galway - Fuller,Storm Drainage Relief System,06 Bond Program,9,-8/17,1174543,1169310,5233,0,0,0,0,1174543,,
2017,76,Flood Protection And Storm Drainage,Pensive Drive Channel/Walnut Hill Relief System,Storm Drainage,Capital Construction,"CW, 6, 13",12/20,1102500,0,1102500,0,0,0,9922500,1102500,,
2017,76,Flood Protection And Storm Drainage,Pleasant Branch - Tonawanda to Bruton,Flood Management,Capital Construction,5,12/19,468615,0,468615,0,0,4217535,0,4686150,2020,2020
2017,76,Flood Protection And Storm Drainage,"Pyka, 3918",Erosion Control,Capital Construction,3,09/19,0,0,0,23200,208800,0,0,232000,2018,2019
2017,76,Flood Protection And Storm Drainage,Rawlings-Douglas to Knight Drainage Relief,Storm Drainage,Capital Construction,14,12/19,177345,0,177345,0,0,1596105,0,1773450,2020,2020
2017,76,Flood Protection And Storm Drainage,Rembrandt Terrace 18731,Erosion Control,Capital Construction,12,09/19,0,0,0,16500,148500,0,0,165000,2018,2019
2017,76,Flood Protection And Storm Drainage,Richwood,Erosion Control,Capital Construction,3,12/19,0,0,0,203438,1830938,0,0,2034376,2018,2019
2017,76,Flood Protection And Storm Drainage,"Rocky Branch @ Middle Downs Sites 1, 2, 3, 4",Erosion Control,12 Bond Program,10,08/18,601225,99474,501751,0,0,0,0,601225,,
2017,76,Flood Protection And Storm Drainage,Rosemont Rd. 7322,Erosion Control,12 Bond Program,5,12/17,114300,15764,98536,0,0,0,0,114300,,
2017,76,Flood Protection And Storm Drainage,Royal Lane 7832 and 7920,Erosion Control,12 Bond Program,11,12/17,522886,70255,452631,0,0,0,0,522886,,
2017,76,Flood Protection And Storm Drainage,Royal Lane 9750 (Jackson Branch- E. Bank downstream of,Erosion Control,12 Bond Program,10,02/18,259400,38125,221275,0,0,0,0,259400,,
2017,76,Flood Protection And Storm Drainage,Sanford Ave Relief System (Little Forest Hill),Storm Drainage,Capital Construction,9,12/19,440000,0,440000,0,0,0,3960000,440000,,
2017,76,Flood Protection And Storm Drainage,Skillman 7920 (Jackson Branch- E. Bank downstream of Skillman,Erosion Control,12 Bond Program,10,02/18,506310,63879,442432,0,0,0,0,506310,,
2017,76,Flood Protection And Storm Drainage,Skillman 8109,Erosion Control,12 Bond Program,10,12/17,317283,33560,283723,0,0,0,0,317283,,
2017,76,Flood Protection And Storm Drainage,Slaughter Branch Flood Gates @ Radbrook + 3 other locations (PB,Flood Management,Capital Construction,"13, CW",08/17,0,0,0,60000,0,0,0,60000,2018,2018
2017,76,Flood Protection And Storm Drainage,South Branch Culvert Louisiana,Flood Management,Capital Construction,1,09/19,0,0,0,33180,132720,0,0,165900,2018,2019
2017,76,Flood Protection And Storm Drainage,Sperry St. 3220,Erosion Control,12 Bond Program,9,05/18,85391,13991,71400,0,0,0,0,85391,,
2017,76,Flood Protection And Storm Drainage,Spring Grove 13316,Erosion Control,12 Bond Program,11,02/18,77615,14715,62900,0,0,0,0,77615,,
2017,76,Flood Protection And Storm Drainage,Spring Valley 8444,Erosion Control,12 Bond Program,11,02/18,297100,38220,258880,0,0,0,0,297100,,
2017,77,Flood Protection And Storm Drainage,"Springwater 9204, 9210, 9216",Erosion Control,12 BondP rogram,9,05/18,302775,50240,252535,0,0,0,0,302775,,
2017,77,Flood Protection And Storm Drainage,Squaw Valley 17628,Erosion Control,12 BondP rogram,12,02/18,93641,15951,77690,0,0,0,0,93641,,
2017,77,Flood Protection And Storm Drainage,State-Thomas - Antique District (Fairmount and Routh),Storm Drainage Relief System,06 Bond Program,14,12/17,1363732,1264042,99690,0,0,0,0,1363732,,
2017,77,Flood Protection And Storm Drainage,State-Thomas - McKinney Ave.,Storm Drainage Relief System,06 Bond Program,14,12/17,3613472,3265380,348092,0,0,0,0,3613472,,
2017,77,Flood Protection And Storm Drainage,State-Thomas at Woodall Rodgers,Storm Drainage Relief System,06 Bond Program,"02,06,14",01/23,15260208,8685154,6575055,0,0,0,0,15260208,,
2017,77,Flood Protection And Storm Drainage,"Summer Creek Circle 6121, 6123, 6125, 6127, 6139, 6141",Erosion Control,12 BondP rogram,13,12/17,277791,69986,207805,0,0,0,0,277791,,
2017,77,Flood Protection And Storm Drainage,Throckmorton-Reagan-Drainage Improvements,Storm Drainage,Capital Construction,2,12/19,88000,0,88000,0,0,792000,0,880000,2020,2020
2017,77,Flood Protection And Storm Drainage,Timber Trail Dr. 10245,Erosion Control,Capital Construction,13,12/19,0,0,0,40625,365625,0,0,406250,2018,2019
2017,77,Flood Protection And Storm Drainage,Tranquilla Dr. 1251,Erosion Control,12 Bond Program,9,12/17,139063,15657,123406,0,0,0,0,139063,,
2017,77,Flood Protection And Storm Drainage,Turtle Creek Greenbelt Site 1- Bike Trail,Erosion Control,12 Bond Program,14,02/18,222800,36951,185849,0,0,0,0,222800,,
2017,77,Flood Protection And Storm Drainage,Twin Creek 9726,Erosion Control,12 BondP rogram,9,05/18,122983,17674,105309,0,0,0,0,122983,,
2017,77,Flood Protection And Storm Drainage,Twin Falls Park Trail,Erosion Control,12 BondP rogram,3,02/18,257100,44527,212573,0,0,0,0,257100,,
2017,77,Flood Protection And Storm Drainage,Vinewood Drive 8725,Erosion Control,Capital Construction,9,09/19,0,0,0,24000,216000,0,0,240000,2018,2019
2017,77,Flood Protection And Storm Drainage,West Dallas - Eagle Ford Sump Basin,Storm Drainage Relief System,06 Bond Program,3,08/17,2442905,421950,2020955,0,0,0,0,2442905,,
2017,77,Flood Protection And Storm Drainage,West Dallas - Westmoreland Hampton Sump Basin,Storm Drainage Relief System,06 Bond Program,3,05/17,7567028,7480249,86779,0,0,0,0,7567028,,
2017,77,Flood Protection And Storm Drainage,Whitehurst 9727 (Jackson Branch- E. Bank upstream of Whitehurst,Erosion Control,12 BondP rogram,10,05/18,345900,0,345900,0,0,0,0,345900,,
2017,77,Flood Protection And Storm Drainage,Whitehurst 9730 (Audelia Branch- W. Bank downstream of,Erosion Control,12 BondP rogram,10,05/18,384810,66855,317955,0,0,0,0,384810,,
2017,77,Flood Protection And Storm Drainage,Wild Oak 2488,Erosion Control,12 BondP rogram,7,12/17,134652,23365,111287,0,0,0,0,134652,,
2017,77,Flood Protection And Storm Drainage,Winnetka (N) - 1100 Block,Storm Drainage Relief System,03 BondP rogram,1,09/17,90873,13000,77873,0,0,0,0,90873,,
2017,77,Flood Protection And Storm Drainage,Yewpon- Kingsley Area,Storm Drainage Relief System,06 Bond Program,4,7/18,2277968,279863,1998105,0,0,0,0,2277968,,
2017,88,Park And Recreation,Accessibility and Code Compliance Improvements at Various Facilities,"Code Compliance, Safety and Security",03 Bond Program / 06 Bond Program,Citywide,Various,1368275,1086522,281753,0,0,0,0,1368275,,
2017,88,Park And Recreation,Aquatic Facilities with Support Buildings,Aquatic Facilities,06 Bond Program / Elgin B Robertson Sale Funds,Citywide,05/18,28707147,19769,28687378,0,0,0,0,28707147,,
2017,88,Park And Recreation,Arboretum Parking,Dallas Arboretum,06 Bond Program / Capital Gifts and Donation,Citywide,12/18,7704502,6479815,1224687,0,0,0,0,7704502,,
2017,88,Park And Recreation,Arlington Recreation Center - Electrical Upgrades,Major Maintenance - Park Facilities,06 Bond Program / 03 Bond Program,Citywide,Various,337750,0,337750,0,0,0,0,337750,,
2017,88,Park And Recreation,Athletic Field Lighting - Various Locations,Major Maintenance - Park Facilities,06 Bond Program,Citywide,Various,376930,46848,330082,0,0,0,0,376930,,
2017,88,Park And Recreation,Bachman Lake Site Development,Recreation Facilities and Site Development,06 Bond Program,6,12/17,2099978,1043801,1056177,0,0,0,0,2099978,,
2017,88,Park And Recreation,Chalk Hill Trail Land Acquisition,Park Land Acquisition,06 Bond Program,3,09/18,2797977,1385826,1412151,0,0,0,0,2797977,,
2017,88,Park And Recreation,City Facilities - Fair Park and Other Park Facility Repairs,Major Maintenance - Park Facilities,Capital Construction,Citywide,Various,1000000,258791,741209,0,0,0,0,1000000,,
2017,88,Park And Recreation,Citywide Security Lighting,"Code Compliance, Safety and Security",06 Bond Program,Citywide,Various,1012798,536197,476601,0,0,0,0,1012798,,
2017,88,Park And Recreation,Contingency Reserve,Citywide Parks,06 Bond Program / Capital Gifts and Donation,Citywide,Various,2552154,0,2552154,0,0,0,0,2552154,,
2017,88,Park And Recreation,Contract Management Assessment,Citywide Parks,06 Bond Program,Citywide,Various,1935430,298145,1637285,0,0,0,0,1935430,,
2017,88,Park And Recreation,Crawford Memorial Master Plan and Design,Recreation Facilities and Site Development,06 Bond Program,5,Various,782958,111341,671617,0,0,0,0,782958,,
2017,88,Park And Recreation,Dallas Arboretum Site Development,Special Use Areas,03 Bond Program,Citywide,12/18,759107,679978,79129,0,0,0,0,759107,,
2017,89,Park And Recreation,Dickerson Street Development,Recreation Facilities and Site Development,Capital Gifts and Donation,Citywide,Various,1032027,7020,1025007,0,0,0,0,1032027,,
2017,89,Park And Recreation,District 2 Service Center - 1400 Guard Drive,Administrative and Internal Service Facilities,06 Bond Program,Citywide,Various,2602099,381105,2220994,0,0,0,0,2602099,,
2017,89,Park And Recreation,District 6 Service Center,Administrative and Internal Service Facilities,06 Bond Program,10,10/17,2246900,2000327,246573,0,0,0,0,2246900,,
2017,89,Park And Recreation,Downtown Parks Development,Major Park Facilities,Capital Gifts and Donation,Citywide,Various,3295867,692361,2603506,0,0,0,0,3295867,,
2017,89,Park And Recreation,Eloise Lundy Recreation Center - Renovations,Major Maintenance - Park Facilities,06 Bond Program,Citywide,12/17,48250,0,48250,0,0,0,0,48250,,
2017,89,Park And Recreation,Environmental Conservation,Environmental,06 Bond Program,Citywide,Various,1003636,577467,426169,0,0,0,0,1003636,,
2017,89,Park And Recreation,Fair Park Reserve,Fair Park Development,03 Bond Program / 06 Bond Program,Citywide,Various,41803,0,41803,0,0,0,0,41803,,
2017,89,Park And Recreation,Five Mile Creek Trail - Glendale to Arden Terrace,Trail Development,06 Bond Program,"5, 8",04/18,1494751,853149,641602,0,0,0,0,1494751,,
2017,89,Park And Recreation,Forest/Audelia Area Park Project,Land Acquisition,06 Bond Program,10,Various,3840339,0,3840339,0,0,0,0,3840339,,
2017,89,Park And Recreation,Garrett Site Improvements,Recreation Facilities and Site Development,06 Bond Program,2,09/18,400000,138034,261966,0,0,0,0,400000,,
2017,89,Park And Recreation,Glencoe Pavilion,Recreation Facilities and Site Development,06 Bond Program,14,02/18,256913,58682,198231,0,0,0,0,256913,,
2017,89,Park And Recreation,Glencoe Playground,Playground Improvement,06 Bond Program,14,02/18,167066,161301,5765,0,0,0,0,167066,,
2017,89,Park And Recreation,Glencoe Site Improvements,Recreation Facilities and Site Development,06 Bond Program,14,02/18,5377,4219,1158,0,0,0,0,5377,,
2017,89,Park And Recreation,Grant Matching Funds - Park & Trail Projects,Citywide Parks,03 Bond Program,Citywide,Various,270973,270292,681,0,0,0,0,270973,,
2017,89,Park And Recreation,K. B. Polk Land Acquisition and Parking Improvements,Recreation Facilities and Site Development,06 Bond Program,14,11/17,480039,148757,331282,0,0,0,0,480039,,
2017,89,Park And Recreation,Kidd Springs Recreation Center - Expansion and Parking Improvements,Recreation Facilities and Site Development,06 Bond Program,1,05/18,1530692,1424732,105960,0,0,0,0,1530692,,
2017,89,Park And Recreation,Kidd Springs Recreation Center - HVAC,Major Maintenance - Park Facilities,06 Bond Program,Citywide,05/18,527400,81236,446164,0,0,0,0,527400,,
2017,90,Park And Recreation,Kidd Springs Walkways,Recreation Facilities and Site Development,06 Bond Program,1,05/18,117606,62762,54844,0,0,0,0,117606,,
2017,90,Park And Recreation,Kiest Park Public Art,Public Art,Capital Gifts and Donation,4,12/17,28000,0,28000,0,0,0,0,28000,,
2017,90,Park And Recreation,"Lakeland Hills - Pavilions, Walkways and Parking Improvements",Recreation Facilities and Site Development,06 Bond Program,7,12/17,505772,63887,441885,0,0,0,0,505772,,
2017,90,Park And Recreation,Land Acquisition,Park Land Acquisition,Capital Gifts and Donation,Citywide,Various,3911028,2219971,1691057,0,0,0,0,3911028,,
2017,90,Park And Recreation,Land Acquisition and Planning,Citywide Parks,03 Bond Program / 06 Bond Program,Citywide,Various,425337,356692,68645,0,0,0,0,425337,,
2017,90,Park And Recreation,Luna Vista Service Center,Administrative and Internal Service Facilities,03 Bond Program / 06 Bond Program,6,12/17,1272956,128328,1144628,0,0,0,0,1272956,,
2017,90,Park And Recreation,Main Street Garden Special Project,Recreation Facilities and Site Development,06 Bond Program,Citywide,Various,253455,75119,178336,0,0,0,0,253455,,
2017,90,Park And Recreation,Marcus Recreation Center - Structural Improvements,Major Maintenance - Park Facilities,06 Bond Program,Citywide,09/16,300330,186268,114062,0,0,0,0,300330,,
2017,90,Park And Recreation,Moss Glen Park Development,Community Parks,06 Bond Program,12,08/18,41695,0,41695,0,0,0,0,41695,,
2017,90,Park And Recreation,Muchert Service Center,Administrative and Internal Service Facilities,03 Bond Program / 06 Bond Program,Citywide,10/18,4380396,96188,4284208,0,0,0,0,4380396,,
2017,90,Park And Recreation,Northaven Trail (75 to Hillcrest),Trail Development,06 Bond Program,Citywide,08/18,1297788,901471,396317,0,0,0,0,1297788,,
2017,90,Park And Recreation,Old Lake Highlands,Major Park Facilities,Capital Gifts and Donation,Citywide,Various,3083,1454,1629,0,0,0,0,3083,,
2017,90,Park And Recreation,Park Signage,Recreation Facilities and Site Development,06 Bond Program,Citywide,Various,886500,112056,774444,0,0,0,0,886500,,
2017,90,Park And Recreation,Pike Master Plan and Schematic,Recreation Facilities and Site Development,06 Bond Program,2,Various,100479,0,100479,0,0,0,0,100479,,
2017,"90, 91",Park And Recreation,Public Art Projects - Park and Recreation,Public Art,06 Bond Program / Elgin B Robertson Sale Funds,Citywide,Various,3501075,1638587,1862488,0,0,0,0,3501075,,
2017,91,Park And Recreation,Reverchon Master Plan Implementation,Recreation Facilities and Site Development,03 Bond Program / 06 Bond Program,2,Various,648314,2084,646230,0,0,0,0,648314,,
2017,91,Park And Recreation,Security Cameras - Recreation Centers,"Code Compliance, Safety and Security",06 Bond Program,Citywide,Various,516500,55500,461000,0,0,0,0,516500,,
2017,91,Park And Recreation,South Central and Joppa Gateway - District 4,Administrative and Internal Service Facilities,06 Bond Program,7,12/17,383496,380520,2976,0,0,0,0,383496,,
2017,91,Park And Recreation,Stormwater Quality Site Improvements,Citywide Parks,03 Bond Program,Citywide,Various,554389,206769,347620,0,0,0,0,554389,,
2017,91,Park And Recreation,Timberglen Trail - Timberglen to Barry Barker,Trail Development,06 Bond Program,12,03/18,143625,34232,109393,0,0,0,0,143625,,
2017,91,Park And Recreation,Trail Development,Trail Development,03 Bond Program / 06 Bond Program / 98 Bond Program / Capital Gifts and Donation,Citywide,Various,1007907,166599,841308,0,0,0,0,1007907,,
2017,91,Park And Recreation,Trinity Development,Major Park Facilities,Capital Gifts and Donation,Citywide,09/18,780000,768123,11877,0,0,0,0,780000,,
2017,91,Park And Recreation,Trinity River Standing Wave,Recreation Facilities and Site Development,06 Bond Program,Citywide,09/18,3727150,3595041,132109,0,0,0,0,3727150,,
2017,91,Park And Recreation,Trinity Strand,Trail Development,06 Bond Program,Citywide,12/18,1223279,696937,526342,0,0,0,0,1223279,,
2017,91,Park And Recreation,Turtle Creek Trail Site Improvements,Trail Development,06 Bond Program,14,Various,287250,0,287250,0,0,0,0,287250,,
2017,91,Park And Recreation,White Rock Hills Recreation Center,Recreation Facilities and Site Development,06 Bond Program,9,09/18,4650224,902023,3748201,0,0,0,0,4650224,,
2017,91,Park And Recreation,White Rock Lake Security Lights,Recreation Facilities and Site Development,06 Bond Program,Citywide,Various,207284,0,207284,0,0,0,0,207284,,
2017,105,Streets And Throughfare,2012 Public Art Admin - Streets,Public Art,12 Bond Program,Citywide,Various,67525,0,67525,0,0,0,0,67525,,
2017,105,Streets And Throughfare,2012 Public Art Projects - Streets,Public Art,12 Bond Program,Citywide,Various,267400,1000,266400,0,0,0,0,267400,,
2017,105,Streets And Throughfare,2017 Sidewalk Improvements For Seniors,Sidewalk Improvements,06 Bond Program,Citywide,Various,325000,8492,316508,0,0,0,0,325000,,
2017,105,Streets And Throughfare,Aberdeen Ave From Preston Rd To Tulane St,Street Reconstruction- Local Streets,12 Bond Program,13,08/17,138512,111817,26695,0,0,0,0,138512,,
2017,105,Streets And Throughfare,Abrams Rd From Mockingbird Ln To Lange Cir,Street Resurfacing,12 Bond Program,"9,14",02/17,21349,0,21349,0,0,0,0,21349,,
2017,105,Streets And Throughfare,Adams N From Davis To 9Th,Target Neighborhood,12 Bond Program,1,08/18,45217,0,45217,0,0,0,0,45217,,
2017,105,Streets And Throughfare,Allencrest Ln & Nashwood Ln,Alley Reconstruction,12 Bond Program,13,03/17,232900,206805,26095,0,0,0,0,232900,,
2017,105,Streets And Throughfare,Alley: Hibernia & Mckinney From Routh To Boll,Alley Petitions,12 Bond Program,14,10/18,80655,4727,75928,0,0,0,0,80655,,
2017,105,Streets And Throughfare,Alley: Hibernia & State From Boll To Worthington,Alley Petitions,12 Bond Program,14,10/18,92238,17713,74525,0,0,0,0,92238,,
2017,105,Streets And Throughfare,Alley: Hurley Way & Lenel Place Wllmsbrg To T Alley,Alley Petitions,12 Bond Program,6,10/18,231047,31675,199372,0,0,0,0,231047,,
2017,105,Streets And Throughfare,Alley: Manana Park From Larga To Marsh,Alley Petitions,12 Bond Program,6,10/18,748987,3626,745361,0,0,0,0,748987,,
2017,105,Streets And Throughfare,Alley: State St & Thomas Ave From Routh To Boll,Alley Petitions,12 Bond Program,14,10/18,91238,16581,74656,0,0,0,0,91238,,
2017,105,Streets And Throughfare,Alley: SW Parallel To Shoreview Rd Forest To Nimrod,Alley Petitions,12 Bond Program,10,09/17,256966,1218,255748,0,0,0,0,256966,,
2017,105,Streets And Throughfare,Ann Arbor Ave From Malden Ln To Strobel Ave,Street Resurfacing,12 Bond Program,4,09/15,469600,234218,235382,0,0,0,0,469600,,
2017,105,Streets And Throughfare,Arizona From Saner To Kiest,Target Neighborhood,12 Bond Program,4,09/17,257145,198306,58839,0,0,0,0,257145,,
2017,105,Streets And Throughfare,Azalea Ln & Currin,Alley Reconstruction,12 Bond Program,11,10/18,258700,41964,216736,0,0,0,0,258700,,
2017,106,Streets And Throughfare,Azalea Ln & Royalton Dr,Alley Reconstruction,12 Bond Program,11,10/18,207715,38835,168881,0,0,0,0,207715,,
2017,106,Streets And Throughfare,Bachman Lake Trail,Trails,12 Bond Program,"2,13",12/16,460816,38648,422168,0,0,0,0,460816,,
2017,106,Streets And Throughfare,Barnett Ave From Irwindell Blvd To Brooklyndell Ave,Street Resurfacing,12 Bond Program,1,02/17,168617,84309,84309,0,0,0,0,168617,,
2017,106,Streets And Throughfare,Barrier Free Ramps And Sidewalks,Barrier Free Ramps,06 Bond Program / 12 Bond Program,Citywide,Various,140664,0,140664,0,0,0,0,140664,,
2017,106,Streets And Throughfare,Beall Street From Dolphin To Gifford Street,Street Reconstruction- Local Streets,12 Bond Program,7,04/19,365100,2621,362480,0,0,0,0,365100,,
2017,106,Streets And Throughfare,Beatrice St - Comstock St To Commerce St,Street Reconstruction,03 Bond Program / 06 Bond Program,6,08/13,467029,233174,233856,0,0,0,0,467029,,
2017,106,Streets And Throughfare,Belleview From Akard To Ervay,Thoroughfares,06 Bond Program,2,03/17,148875,121908,26967,0,0,0,0,148875,,
2017,106,Streets And Throughfare,Berry Trail From Preston Rd To Copperhill Dr,Street Reconstruction- Local Streets,12 Bond Program,11,07/17,654662,526341,128321,0,0,0,0,654662,,
2017,106,Streets And Throughfare,Bishop From Jefferson To 8Th,Complete Streets,12 Bond Program,1,09/18,782018,449348,332670,0,0,0,0,782018,,
2017,106,Streets And Throughfare,Bismark Dr From E. Ledbetter To 51St,Street Reconstruction- Local Streets,12 Bond Program,4,04/18,899910,67042,832867,0,0,0,0,899910,,
2017,106,Streets And Throughfare,Blue Mesa Dr & Hillcrest Rd,Alley Reconstruction,12 Bond Program,Citywide,12/18,154955,5223,149732,0,0,0,0,154955,,
2017,106,Streets And Throughfare,Bonnie View From Overton To Springview,Street Reconstruction- Local Streets,12 Bond Program,4,12/18,523300,43964,479336,0,0,0,0,523300,,
2017,106,Streets And Throughfare,Bowen St From Mckinney Ave To Turtle Creek,Street Resurfacing,12 Bond Program,14,08/16,44148,0,44148,0,0,0,0,44148,,
2017,106,Streets And Throughfare,Bowling Brook Dr From Humoresque Dr To Lazy River Dr,Street Resurfacing,12 Bond Program,3,12/17,121800,0,121800,0,0,0,0,121800,,
2017,107,Streets And Throughfare,Bridge Repair And Modification,Bridge Repair and Modification,06 Bond Program,Citywide,Various,1820157,0,1820157,0,0,0,0,1820157,,
2017,107,Streets And Throughfare,Brierfield Dr From Brierfield Cir To W Camp Wisdom Rd,Street Reconstruction- Local Streets,12 Bond Program,"3,8",12/17,49133,10890,38243,0,0,0,0,49133,,
2017,107,Streets And Throughfare,Brookridge Dr From Spring Valley Rd To End Of Pavement (14100 Block),Street Resurfacing,12 Bond Program,11,06/15,60420,1170,59250,0,0,0,0,60420,,
2017,107,Streets And Throughfare,Brookview Dr & Gloster Rd,Alley Reconstruction,12 Bond Program,13,10/18,295309,41887,253422,0,0,0,0,295309,,
2017,107,Streets And Throughfare,Bruton Rd From McKim To N Prairie Creek,Street Resurfacing,12 Bond Program,5,08/16,7341,0,7341,0,0,0,0,7341,,
2017,107,Streets And Throughfare,Cadiz - Industrial To Hotel,Thoroughfares,06 Bond Program,2,05/16,33464,7117,26347,0,0,0,0,33464,,
2017,107,Streets And Throughfare,Camille Ave From Davenport To Cansler,Street Resurfacing,12 Bond Program,12,12/17,175500,0,175500,0,0,0,0,175500,,
2017,107,Streets And Throughfare,Camp Wisdom Road Project,Intergovernmental Partnership Projects,06 Bond Program,"3, 8",07/20,1300000,0,1300000,0,0,0,0,1300000,,
2017,107,Streets And Throughfare,Campanella Dr From Rialto Dr To Ti Blvd,Street Resurfacing,12 Bond Program,10,12/17,245800,0,245800,0,0,0,0,245800,,
2017,107,Streets And Throughfare,Canada Dr From Tamerisk St To Westmoreland Rd,Street Reconstruction- Thoroughfares,12 Bond Program,6,03/19,3704926,297338,3407588,0,0,0,0,3704926,,
2017,107,Streets And Throughfare,Canterbury-Edgefield Pathway Connection Improv,Trails,12 Bond Program,1,11/18,25000,20500,4500,0,0,0,0,25000,,
2017,107,Streets And Throughfare,Capps Dr Rexford Dr From Lemmon Ave Parallel To Glencrest,Alley Petitions,12 Bond Program,13,10/18,174369,1250,173119,0,0,0,0,174369,,
2017,107,Streets And Throughfare,Caruth Blvd & Colgate Ave,Alley Reconstruction,12 Bond Program,13,10/18,248774,35235,213539,0,0,0,0,248774,,
2017,107,Streets And Throughfare,Caulfield Dr & Spanky Branch Ct,Alley Reconstruction,12 Bond Program,12,09/17,203500,195836,7664,0,0,0,0,203500,,
2017,107,Streets And Throughfare,CBD Fair Link- Hall St To I-30,Intergovernmental Partnership Projects,06 Bond Program,2,12/18,6077824,1589731,4488093,0,0,0,0,6077824,,
2017,107,Streets And Throughfare,Cedar Crest Bridge - Pedestrian And Bicycle Enhancement,Trinity River Projects,06 Bond Program,"4,7",09/16,334110,297573,36537,0,0,0,0,334110,,
2017,108,Streets And Throughfare,Cedar Springs Ave From Douglas To Oak Lawn,Complete Streets,12 Bond Program,"2,14",12/18,1354658,46394,1308264,0,0,0,0,1354658,,
2017,108,Streets And Throughfare,Central Boulevard - Commerce To Live Oak,Thoroughfares,06 Bond Program,"2,14",11/17,9168133,9142586,25547,0,0,0,0,9168133,,
2017,108,Streets And Throughfare,Central Signal Computer,Traffic Signal Upgrades,03 Bond Program,"2,14",Various,3462036,2109997,1352040,0,0,0,0,3462036,,
2017,108,Streets And Throughfare,Chalk Hill - I 30 Be Frontage Road To Singleton,Thoroughfares,06 Bond Program,6,02/19,5615373,131431,5483943,0,0,0,0,5615373,,
2017,108,Streets And Throughfare,Chalk Hill Rd - Davis St To 800' South Of Ih-30,Thoroughfares,06 Bond Program,6,01/18,5849617,5399658,449959,0,0,0,0,5849617,,
2017,108,Streets And Throughfare,Chandler Dr From Carthage Ln To Carthage Ln 12900 To 13100,Street Reconstruction- Local Streets,12 Bond Program,10,07/17,953088,938607,14481,0,0,0,0,953088,,
2017,108,Streets And Throughfare,Channel From Royal To Talisman,Street Resurfacing,12 Bond Program,13,02/18,343700,342848,852,0,0,0,0,343700,,
2017,108,Streets And Throughfare,Churchill Way From Whitley To Preston,Street Resurfacing,12 Bond Program,11,02/18,116990,0,116990,0,0,0,0,116990,,
2017,108,Streets And Throughfare,Claren Ct & Judi Ct,Alley Reconstruction,12 Bond Program,12,10/18,138125,5280,132845,0,0,0,0,138125,,
2017,108,Streets And Throughfare,Clearwater From Boundbrook To Woodbrook,Street Resurfacing,12 Bond Program,10,12/17,130500,0,130500,0,0,0,0,130500,,
2017,108,Streets And Throughfare,Clodus Fields Rd From Merit Rd To Coit Rd,Street Resurfacing,12 Bond Program,11,12/17,171100,0,171100,0,0,0,0,171100,,
2017,108,Streets And Throughfare,Cockrell Hill - La Reunion To Singleton,Intergovernmental Partnership Projects,06 Bond Program,6,04/20,5972581,172881,5799700,512986,0,0,0,6485567,2018,2018
2017,108,Streets And Throughfare,Cockrell Hill From Davis To The City Limits,Intergovernmental Partnership Projects,06 Bond Program,3,08/18,895297,762193,133104,0,0,0,0,895297,,
2017,108,Streets And Throughfare,Colorado Blvd Beckley Av Area Sidewalk Enhancement,Streetscape/Urban Design,06 Bond Program,"1,3",01/18,1328630,1028,1327603,0,0,0,0,1328630,,
2017,108,Streets And Throughfare,Commerce From Good-Latimer To Hall,Streetscape/Urban Design,06 Bond Program,2,04/19,1440615,221071,1219545,0,0,0,0,1440615,,
2017,108,Streets And Throughfare,Community - Harry Hines To NW Hwy,Thoroughfares,03 Bond Program,6,04/19,1406934,266652,1140282,0,0,0,0,1406934,,
2017,109,Streets And Throughfare,Community - NW Hwy. To Denton Rd.,Sidewalk Improvements,06 Bond Program,6,05/17,169260,41645,127615,0,0,0,0,169260,,
2017,109,Streets And Throughfare,Continental - Industrial To IH 35E,Thoroughfares,06 Bond Program,6,01/17,292082,0,292082,0,0,0,0,292082,,
2017,109,Streets And Throughfare,Coolglen Dr From Meadowcreek Dr To End Of Pavement,Street Resurfacing,12 Bond Program,12,12/17,105700,0,105700,0,0,0,0,105700,,
2017,109,Streets And Throughfare,Coombs Trinity Connect,Trails,12 Bond Program,1,11/17,330000,0,330000,0,0,0,0,330000,,
2017,109,Streets And Throughfare,Country Brook Dr,Alley Reconstruction,12 Bond Program,12,12/18,252369,22207,230162,0,0,0,0,252369,,
2017,109,Streets And Throughfare,Crenshaw Dr From Cushing Dr To Old Seagoville Rd,Street Petitions,12 Bond Program,5,12/18,851950,63259,788691,0,0,0,0,851950,,
2017,109,Streets And Throughfare,Crest Brook Dr & Parkchester Dr,Alley Reconstruction,12 Bond Program,11,02/18,49752,45400,4351,0,0,0,0,49752,,
2017,109,Streets And Throughfare,Cypress Hills East Side La Manga,Sidewalk Improvements,12 Bond Program,11,04/16,16524,4337,12187,0,0,0,0,16524,,
2017,109,Streets And Throughfare,Dallas County 2006 Call For Projects,Intergovernmental Partnership Projects,06 Bond Program,Citywide,Various,610170,325744,284426,0,0,0,0,610170,,
2017,109,Streets And Throughfare,Davis - Hampton To Westmoreland,Intergovernmental Partnership Projects,06 Bond Program,"1,3",09/18,5105164,2805,5102359,0,0,0,0,5105164,,
2017,109,Streets And Throughfare,Davis Street From Beckley To Hampton,Complete Streets,12 Bond Program,1,12/18,987663,283244,704418,0,0,0,0,987663,,
2017,109,Streets And Throughfare,Del Roy Dr & Preston Haven Dr,Alley Reconstruction,12 Bond Program,13,05/17,210966,147184,63782,0,0,0,0,210966,,
2017,109,Streets And Throughfare,Denton Drive Phase 1 (Walnut Hill To Royal),Intergovernmental Partnership Projects,06 Bond Program,6,01/19,2824906,2823907,999,0,0,0,0,2824906,,
2017,109,Streets And Throughfare,Duchess From Royal Club To Marquis,Street Resurfacing,12 Bond Program,13,08/15,197372,150242,47130,0,0,0,0,197372,,
2017,109,Streets And Throughfare,Duffield Dr & Earthwind Dr,Alley Reconstruction,12 Bond Program,12,12/18,116025,5210,110815,0,0,0,0,116025,,
2017,109,Streets And Throughfare,Earlport Dr From Roundrock Rd To Winterwood Lane,Street Resurfacing,12 Bond Program,11,12/17,73400,0,73400,0,0,0,0,73400,,
2017,110,Streets And Throughfare,Earthwind Dr & Campbell Rd,Alley Reconstruction,12 Bond Program,12,12/18,428877,5322,423555,0,0,0,0,428877,,
2017,110,Streets And Throughfare,Easton Rd From Garland Rd To Gus Thomasson (Zacha Dr),Street Resurfacing,12 Bond Program,9,12/18,466610,450680,15930,0,0,0,0,466610,,
2017,110,Streets And Throughfare,Ellsworth Ave From Matilda To Concho St,Street Reconstruction- Local Streets,03 Bond Program,14,10/16,150000,0,150000,0,0,0,0,150000,,
2017,110,Streets And Throughfare,Elm From Good Latimer To Hall,Streetscape/Urban Design,06 Bond Program,2,03/17,64050,0,64050,0,0,0,0,64050,,
2017,110,Streets And Throughfare,Elmdale Pl From Polk St To Tyler St,Street Petitions,12 Bond Program,1,08/17,474330,381795,92535,0,0,0,0,474330,,
2017,110,Streets And Throughfare,Elmwood Parkway Pedestrian Connection To Kiest Park,Trails,12 Bond Program,"1,4",03/16,103955,92151,11804,0,0,0,0,103955,,
2017,110,Streets And Throughfare,Emerald Isle Dr From Garland Rd To Park Entrance,Street Resurfacing,12 Bond Program,9,02/18,115400,115114,286,0,0,0,0,115400,,
2017,110,Streets And Throughfare,Estate Ln & Caribou Trl,Alley Reconstruction,12 Bond Program,10,06/16,33096,27762,5334,0,0,0,0,33096,,
2017,110,Streets And Throughfare,Ewing Ave S From Galloway Ave To Genoa Ave,Street Reconstruction- Thoroughfares,06 Bond Program,4,12/18,1160779,151225,1009554,0,0,0,0,1160779,,
2017,110,Streets And Throughfare,Fair Park Link-Exposition,Intergovernmental Partnership Projects,03 Bond Program,2,02/17,2422643,2229889,192754,0,0,0,0,2422643,,
2017,110,Streets And Throughfare,Fern Ave From Godfrey Ave To C F Hawn Serv Rd,Street Reconstruction- Local Streets,12 Bond Program,5,06/17,15943,0,15943,0,0,0,0,15943,,
2017,110,Streets And Throughfare,Ferndale Rd From Walnut Hill Ln To Vistadale Dr,Street Resurfacing,12 Bond Program,10,05/15,550706,501621,49085,0,0,0,0,550706,,
2017,110,Streets And Throughfare,Fernheath Ln From South Beltline Rd. To Dead End,Street Petitions,12 Bond Program,8,12/18,1285699,94094,1191605,0,0,0,0,1285699,,
2017,110,Streets And Throughfare,Five Mile Dr From Frio Dr To Burnside Ave,Street Reconstruction- Local Streets,12 Bond Program,3,06/17,42618,11235,31382,0,0,0,0,42618,,
2017,110,Streets And Throughfare,Flag Pole Hill Trl From Goforth To Future Park Facility At Jules Muchert,Trails,12 Bond Program,10,11/17,1200000,162073,1037927,0,0,0,0,1200000,,
2017,110,Streets And Throughfare,Fordham From Bonnie View To Illinois,Street Reconstruction- Thoroughfares,12 Bond Program,4,12/18,1521300,230658,1290642,0,0,0,0,1521300,,
2017,111,Streets And Throughfare,Fort Worth Ave From Sylvan To West Commerce,Streetscape/Urban Design,06 Bond Program,11,09/18,3476348,0,3476348,0,0,0,0,3476348,,
2017,111,Streets And Throughfare,Gardenview Dr From Alto Garden Dr To Loma Garden Av,Street Petitions,12 Bond Program,5,02/19,1469400,104649,1364751,0,0,0,0,1469400,,
2017,111,Streets And Throughfare,Glen Regal Dr From Rialto Dr To Hallum St,Street Resurfacing,12 Bond Program,10,12/17,149700,0,149700,0,0,0,0,149700,,
2017,111,Streets And Throughfare,Gooch St From S Lancaster Rd To Tracy Rd Block,Target Neighborhood,12 Bond Program,8,01/19,1285700,172542,1113158,0,0,0,0,1285700,,
2017,111,Streets And Throughfare,Good Latimer-Dawson-Ferris,Street Reconstruction,06 Bond Program,2,12/18,1037860,110190,927670,0,0,0,0,1037860,,
2017,111,Streets And Throughfare,Good Latimer-Ferris-Corinth,Street Reconstruction,03 Bond Program,2,12/18,354176,92412,261764,0,0,0,0,354176,,
2017,111,Streets And Throughfare,Good Latimer-Rl Thornton- Dawson,Street Reconstruction,03 Bond Program,2,12/18,1876554,215780,1660774,0,0,0,0,1876554,,
2017,111,Streets And Throughfare,Goodnight - Royal To North Of Harcourt,Thoroughfares,06 Bond Program,6,12/18,3537432,1188378,2349055,0,0,0,0,3537432,,
2017,111,Streets And Throughfare,Goodnight - Joe Field To Royal,Thoroughfares,06 Bond Program,6,09/18,1142465,865870,276595,0,0,0,0,1142465,,
2017,111,Streets And Throughfare,Governor's Row From Regal Row To Empire Central,Street Resurfacing,12 Bond Program,6,12/17,421800,0,421800,0,0,0,0,421800,,
2017,111,Streets And Throughfare,Grand From RB Cullum To Good Latimer,Complete Streets,12 Bond Program,7,10/36,367350,279794,87556,0,0,0,0,367350,,
2017,111,Streets And Throughfare,Gray Wolf Trl & Bentwood Trl,Alley Reconstruction,12 Bond Program,12,12/18,169600,17662,151938,0,0,0,0,169600,,
2017,111,Streets And Throughfare,Greater Casa View Area Streetscape Improvements,Streetscape/Urban Design,03 Bond Program / 12 Bond Program,9,12/18,3946529,50848,3895682,0,0,0,0,3946529,,
2017,111,Streets And Throughfare,Greenville Ave Retail Areas,Complete Streets,12 Bond Program,14,04/18,820400,0,820400,0,0,0,0,820400,,
2017,112,Streets And Throughfare,Greenville From Belmont To Bell And From Alta To Ross,Complete Streets,12 Bond Program,14,01/17,4046387,4040376,6011,0,0,0,0,4046387,,
2017,112,Streets And Throughfare,Griffin From Ih30 To Main,Streetscape/Urban Design,06 Bond Program,"2,14",09/17,689132,580491,108640,0,0,0,0,689132,,
2017,112,Streets And Throughfare,Gus Thomasson Rd From Zacha Dr To Desdemona Dr,Street Resurfacing,12 Bond Program,9,12/18,401600,400604,996,0,0,0,0,401600,,
2017,112,Streets And Throughfare,Haas From Marjorie To 51St,Street Reconstruction- Local Streets,12 Bond Program,4,09/17,413800,60394,353406,0,0,0,0,413800,,
2017,112,Streets And Throughfare,Hampton Rd (S) From Crow Creek Dr To North Of W. Ledbetter D,Street Reconstruction- Thoroughfares,06 Bond Program,4,08/19,1858900,239608,1619292,0,0,0,0,1858900,,
2017,112,Streets And Throughfare,Harbinger Ln & Kingsridge,Alley Reconstruction,12 Bond Program,12,05/17,181882,172078,9804,0,0,0,0,181882,,
2017,112,Streets And Throughfare,Harry Hines Blvd From Medical District Dr To Butler St,Street Resurfacing,06 Bond Program,2,02/17,18170,16360,1810,0,0,0,0,18170,,
2017,112,Streets And Throughfare,Haskell Avenue From Lemmon To Ross,Street Resurfacing,12 Bond Program,"2,14",06/15,397915,367389,30526,0,0,0,0,397915,,
2017,112,Streets And Throughfare,Hatcher Ave Dolphin Rd T,Participation with Other Government Agencies-,06 Bond Program,7,11/19,95919,95428,492,0,0,0,0,95919,,
2017,112,Streets And Throughfare,Heatherdale From Dove Meadow To Abrams,Street Reconstruction- Local Streets,12 Bond Program,10,07/17,693200,603649,89551,0,0,0,0,693200,,
2017,112,Streets And Throughfare,Henderson Ave (N) From Richard To Ross,Street Resurfacing,12 Bond Program,"2,14",11/17,740200,0,740200,0,0,0,0,740200,,
2017,112,Streets And Throughfare,Henderson St From Us 75 To Ross Ave,Complete Streets,12 Bond Program,"2,14",02/19,1085106,0,1085106,0,0,0,0,1085106,,
2017,112,Streets And Throughfare,Hendricks From Denley To Moore,Target Neighborhood,12 Bond Program,4,12/19,548706,65148,483558,0,0,0,0,548706,,
2017,112,Streets And Throughfare,Highland Hills Dr From Simpson Stuart Rd To Bonnie View Rd,Street Reconstruction- Local Streets,12 Bond Program,8,07/17,49133,19346,29787,0,0,0,0,49133,,
2017,112,Streets And Throughfare,Highland Rd From Ferguson To N. Of Entrance To Primrose,Thoroughfares,12 Bond Program,9,02/19,1013045,0,1013045,0,0,0,0,1013045,,
2017,112,Streets And Throughfare,Hillcrest Rd & Blue Mesa Dr,Alley Reconstruction,12 Bond Program,12,12/18,110075,4542,105533,0,0,0,0,110075,,
2017,113,Streets And Throughfare,Hillcrest Rd & Bremerton Dr,Alley Reconstruction,12 Bond Program,12,12/18,113050,4142,108908,0,0,0,0,113050,,
2017,113,Streets And Throughfare,Hillfawn Cir & Woodstone Ln,Alley Reconstruction,06 Bond Program,11,03/16,121780,110864,10915,0,0,0,0,121780,,
2017,113,Streets And Throughfare,Hilton Head Dr & Harbor Town Dr,Alley Reconstruction,12 Bond Program,12,12/18,180962,16414,164549,0,0,0,0,180962,,
2017,113,Streets And Throughfare,Hilton Head Dr & River Hill Cir,Alley Reconstruction,12 Bond Program,12,12/18,159258,15202,144057,0,0,0,0,159258,,
2017,113,Streets And Throughfare,Holly Hill From Phoenix To Pineland,Target Neighborhood,12 Bond Program,13,01/19,820294,85162,735132,0,0,0,0,820294,,
2017,113,Streets And Throughfare,Houston Street Viaduct,Bridge Repair and Modification,12 Bond Program,"1,2",12/17,6706812,6641232,65580,0,0,0,0,6706812,,
2017,113,Streets And Throughfare,Hughes Lane From Churchill Way To Lafayette Way,Target Neighborhood,12 Bond Program,11,01/19,794009,115940,678069,0,0,0,0,794009,,
2017,113,Streets And Throughfare,Hughes Lane From Lafayette Way To The Alley North Of Linden,Sidewalk Improvements,12 Bond Program,11,11/17,136956,31002,105954,0,0,0,0,136956,,
2017,113,Streets And Throughfare,I-30 Signature Design,Bridge Repair and Modification,06 Bond Program,"1,6",03/17,241130,198888,42242,0,0,0,0,241130,,
2017,113,Streets And Throughfare,I-635 Corridor (LbJ) - Approaches And Transitions From IH-35E,Thoroughfares,06 Bond Program,13,12/16,1409635,155726,1253909,0,0,0,0,1409635,,
2017,113,Streets And Throughfare,IH-20 Ramps From Haymarket Rd To W Of Us 175,Intergovernmental Partnership Projects,06 Bond Program,"5,8",12/17,694604,420000,274604,0,0,0,0,694604,,
2017,113,Streets And Throughfare,Illinois Avenue From Orial Ave To Michigan Ave,Street Resurfacing,06 Bond Program,4,02/17,20188,18634,1554,0,0,0,0,20188,,
2017,113,Streets And Throughfare,Imperial St From Bertrand Ave To Lagow St,Street Reconstruction- Local Streets,12 Bond Program,7,04/19,649785,23600,626185,0,0,0,0,649785,,
2017,113,Streets And Throughfare,Industrial Blvd - Cadiz St To Continental Ave,Intergovernmental Partnership Projects,06 Bond Program,"1,2,6",12/19,782436,225088,557347,0,0,0,0,782436,,
2017,113,Streets And Throughfare,Infrastructure Imp-Public,Public Private Partnership,03 Bond Program,"4,5,7",Various,3221102,833209,2387893,0,0,0,0,3221102,,
2017,113,Streets And Throughfare,Ivywood,Alley Reconstruction,12 Bond Program,8,09/16,39106,30303,8802,0,0,0,0,39106,,
2017,114,Streets And Throughfare,JB Jackson From Grand To MLK,Street Reconstruction- Local Streets,12 Bond Program,7,10/18,164295,144018,20277,0,0,0,0,164295,,
2017,114,Streets And Throughfare,Jefferson (W) From Beckley To Madison,Street Resurfacing,12 Bond Program,1,11/17,293300,0,293300,0,0,0,0,293300,,
2017,114,Streets And Throughfare,Katy Trail Ext Phase Iii,Participation with Other Government Agencies-Alternate,03 Bond Program,14,02/17,245696,237822,7874,0,0,0,0,245696,,
2017,114,Streets And Throughfare,Katy Trail Extension - Partnership Project,Intergovernmental Partnership Projects,06 Bond Program,14,08/17,4878148,4423235,454913,0,0,0,0,4878148,,
2017,114,Streets And Throughfare,Katy Trail-Skillman-White,Intergovernmental Partnership Projects,06 Bond Program,"9,14",06/16,1988244,1944176,44068,0,0,0,0,1988244,,
2017,114,Streets And Throughfare,Keller Springs / Preston / Westgrove,Intergovernmental Partnership Projects,12 Bond Program,12,01/17,863824,775190,88634,0,0,0,0,863824,,
2017,114,Streets And Throughfare,Knox From Katy Trail To US 75,Complete Streets,12 Bond Program,14,07/19,526969,0,526969,0,0,0,0,526969,,
2017,114,Streets And Throughfare,La Cabeza,Alley Reconstruction,06 Bond Program,11,02/16,359702,343327,16375,0,0,0,0,359702,,
2017,114,Streets And Throughfare,La Cabeza Dr From Spring Creek Rd To Querida Ln,Street Resurfacing,12 Bond Program,12,12/17,122900,0,122900,0,0,0,0,122900,,
2017,114,Streets And Throughfare,Lake Highlands Trail From White Rock Creek Trail To Skillman,Trails,12 Bond Program,10,03/17,1598898,146385,1452513,0,0,0,0,1598898,,
2017,114,Streets And Throughfare,Lake Placid Dr From Reynoldson Ln To Red Bird Ln,Street Improvements,12 Bond Program,3,08/16,273988,228946,45042,0,0,0,0,273988,,
2017,114,Streets And Throughfare,Lamar Streetscape Project,Streetscape/Urban Design,06 Bond Program,"2, 14",04/19,2000000,0,2000000,0,0,0,0,2000000,,
2017,114,Streets And Throughfare,Lazy River Dr From Wagon Wheels Trl To E. Red Bird Ln,Street Reconstruction- Local Streets,12 Bond Program,3,03/16,42618,10146,32472,0,0,0,0,42618,,
2017,114,Streets And Throughfare,Leavalley Dr From Hillwood Ln To Winterwood Ln,Street Resurfacing,12 Bond Program,11,12/17,53200,0,53200,0,0,0,0,53200,,
2017,114,Streets And Throughfare,Ledbetter Dr (E) From Kolloch Dr To Mayforge Dr,Street Reconstruction- Local Streets,12 Bond Program,4,12/18,578100,27210,550890,0,0,0,0,578100,,
2017,114,Streets And Throughfare,Lindsley From Beacon To Munger,Street Reconstruction- Thoroughfares,12 Bond Program,2,03/17,1464441,947,1463494,0,0,0,0,1464441,,
2017,115,Streets And Throughfare,Live Oak -Olive To Central Boulevard,Thoroughfares,06 Bond Program,"2,14",11/17,477760,113225,364535,0,0,0,0,477760,,
2017,115,Streets And Throughfare,Longhorn Street From Bar X St To Ferguson Rd,Street Petitions,12 Bond Program,7,12/17,124816,79817,45000,0,0,0,0,124816,,
2017,115,Streets And Throughfare,Main St From Good Latimer To Exposition,Complete Streets,12 Bond Program,2,12/18,730200,69760,660440,0,0,0,0,730200,,
2017,115,Streets And Throughfare,Maple Ave From 700' South Of Mockingbird Ln To Mockingbird L,Street Reconstruction- Thoroughfares,12 Bond Program,2,12/19,588534,2288,586246,0,0,0,0,588534,,
2017,115,Streets And Throughfare,Matagorda Dr From Lake Placid Dr To Dead End,Street Improvements,12 Bond Program,3,08/16,220527,133382,87145,0,0,0,0,220527,,
2017,115,Streets And Throughfare,Mayforge Dr From Le Forge Ave To E Ledbetter Dr,Street Reconstruction- Local Streets,06 Bond Program / 12 Bond Program,4,12/18,1395891,130115,1265776,0,0,0,0,1395891,,
2017,115,Streets And Throughfare,Mcmillan From Willis To Monticello,Street Resurfacing,06 Bond Program / 12 Bond Program,14,02/18,396714,28947,367767,0,0,0,0,396714,,
2017,115,Streets And Throughfare,Mcvey From Beckley To Marsalis,Target Neighborhood,12 Bond Program,4,09/17,570801,519601,51200,0,0,0,0,570801,,
2017,115,Streets And Throughfare,Meadow Valley Ln. From Reynoldson Ln To Caracas Dr,Street Improvements,12 Bond Program,3,08/16,267305,130044,137262,0,0,0,0,267305,,
2017,115,Streets And Throughfare,Meadowcreek Drive Arapaho To Campbell - Pedestrian And Traff,Complete Streets,12 Bond Program,12,11/17,270135,27541,242594,0,0,0,0,270135,,
2017,115,Streets And Throughfare,Michigan Ave From Saner Ave To Hobson Ave,Street Petitions,12 Bond Program,4,12/18,435456,31055,404401,0,0,0,0,435456,,
2017,115,Streets And Throughfare,Mingo Street From Dolphin To Gault,Street Reconstruction- Local Streets,12 Bond Program,7,04/19,304300,1701,302599,0,0,0,0,304300,,
2017,115,Streets And Throughfare,Misty Trl From Golden Creek Rd To Warm Mist Ln,Street Resurfacing,12 Bond Program,12,12/17,85300,0,85300,0,0,0,0,85300,,
2017,115,Streets And Throughfare,Modern Streetcar Extension,Intergovernmental Partnership Projects,06 Bond Program,1,08/16,59345,748,58598,0,0,0,0,59345,,
2017,116,Streets And Throughfare,Montclair Ave From Brooklyn Ave To Clarendon Dr,Street Resurfacing,12 Bond Program,1,12/17,165300,0,165300,0,0,0,0,165300,,
2017,116,Streets And Throughfare,Montie St From Scyene Rd To Junction St,Street Reconstruction- Local Streets,12 Bond Program,7,04/19,860400,73981,786419,0,0,0,0,860400,,
2017,116,Streets And Throughfare,Montreal Ave (S) From Clarendon Dr To Brandon St,Street Resurfacing,12 Bond Program,1,12/17,157500,0,157500,0,0,0,0,157500,,
2017,116,Streets And Throughfare,Motor St - IH 35E To Medical Center Dr,Intergovernmental Partnership Projects,06 Bond Program,2,01/20,1890441,1463977,426465,0,0,0,0,1890441,,
2017,116,Streets And Throughfare,Motor Street From Harry Hines To Stemmons,Thoroughfares,06 Bond Program,Citywide,11/17,336543,1895,334648,0,0,0,0,336543,,
2017,116,Streets And Throughfare,Mountain Creek Parkway From 2400' SE Of Eagle Ford To Clark,Intergovernmental Partnership Projects,12 Bond Program,3,10/17,202794,0,202794,0,0,0,0,202794,,
2017,116,Streets And Throughfare,Northaven Trail Extension,Trails,12 Bond Program,"11,13",10/17,1389776,266616,1123160,0,0,0,0,1389776,,
2017,116,Streets And Throughfare,Ocalla Ave From Garland Rd To San Fernando Way,Street Resurfacing,12 Bond Program,9,12/17,88100,0,88100,0,0,0,0,88100,,
2017,116,Streets And Throughfare,Old Ox Rd From Red Bird Ln To Trade Winds Dr,Street Resurfacing,12 Bond Program,3,12/17,196900,0,196900,0,0,0,0,196900,,
2017,116,Streets And Throughfare,Olusta Dr From Oklaunion Dr To Murdock Rd,Street Resurfacing,12 Bond Program,8,12/17,205100,0,205100,0,0,0,0,205100,,
2017,116,Streets And Throughfare,Overton Rd E From Biglow To Garrison,Street Reconstruction- Thoroughfares,12 Bond Program,4,05/17,2363396,2142890,220505,0,0,0,0,2363396,,
2017,116,Streets And Throughfare,Palacios Ave From Ottawa Rd To Canada Dr,Street Petitions,12 Bond Program,6,10/18,559007,1250,557757,0,0,0,0,559007,,
2017,116,Streets And Throughfare,Park Grove Ln 18627-18851 And Kirkmeadow Ln 4007-4131 A1,Alley Reconstruction,12 Bond Program,12,12/18,302500,29836,272664,0,0,0,0,302500,,
2017,116,Streets And Throughfare,Park Lane - US 75 To Greenville,Intergovernmental Partnership Projects,06 Bond Program,13,12/19,529729,0,529729,0,0,0,0,529729,,
2017,116,Streets And Throughfare,Park Lane From Boedecker To US75,Intergovernmental Partnership Projects,06 Bond Program,13,12/19,957225,0,957225,0,0,0,0,957225,,
2017,116,Streets And Throughfare,Park-Boedeker To Greenville,Participation with Other Government Agencies-,03 Bond Program,13,12/19,748266,212,748054,0,0,0,0,748266,,
2017,117,Streets And Throughfare,"Parkshire, Lizshire, Sanshire, Danashire, Debshire, Clayshire, Pegshire",Street Resurfacing,12 Bond Program,10,12/17,371200,0,371200,0,0,0,0,371200,,
2017,117,Streets And Throughfare,Patton From Davis To 6Th,Street Resurfacing,12 Bond Program,1,06/15,184145,151843,32302,0,0,0,0,184145,,
2017,117,Streets And Throughfare,Pearl -Commerce To Live Oak,Thoroughfares,06 Bond Program,"2,14",11/17,2320022,2017108,302914,0,0,0,0,2320022,,
2017,117,Streets And Throughfare,Pedestrian Way On Elm St Between Ervay & Stone St,Streetscape/Urban Design,06 Bond Program,Citywide,09/18,2324147,0,2324147,0,0,0,0,2324147,,
2017,117,Streets And Throughfare,Phoenix From Fair Oaks To Holly Hill,Target Neighborhood,12 Bond Program,13,01/19,857200,86195,771005,0,0,0,0,857200,,
2017,117,Streets And Throughfare,Polk St (S) From Town Creek Drive To Brook Valley Lane,Street Resurfacing,12 Bond Program,"3,4",02/18,98800,0,98800,0,0,0,0,98800,,
2017,117,Streets And Throughfare,Polk St From Jefferson Blvd To Davis,Street Resurfacing,12 Bond Program,1,09/18,474600,0,474600,0,0,0,0,474600,,
2017,117,Streets And Throughfare,Polk St S - Ferndale Av To Clarendon Av,Target Neighborhood,06 Bond Program,1,Various,1733818,1626970,106848,0,0,0,0,1733818,,
2017,117,Streets And Throughfare,Polk-Tyler Roundabouts,Traffic Intersection Capacity and Safety,06 Bond Program,1,03/19,2724119,416294,2307825,0,0,0,0,2724119,,
2017,117,Streets And Throughfare,Public Art Admin - Streets And Transportation,Public Art,06 Bond Program,Citywide,Various,305961,27616,278345,0,0,0,0,305961,,
2017,117,Streets And Throughfare,Public Art Admin-Specstreets,Public Art,03 Bond Program,Citywide,Various,48998,1061,47937,0,0,0,0,48998,,
2017,117,Streets And Throughfare,Public Art Proj -Streets,Public Art,95 Bond Program,Citywide,Various,221821,101144,120677,0,0,0,0,221821,,
2017,117,Streets And Throughfare,Racine Dr From Kirnwood To Cleardale,Street Resurfacing,12 Bond Program,8,12/17,150400,0,150400,0,0,0,0,150400,,
2017,117,Streets And Throughfare,Red Fern Ln From Coit Rd To Blossomheath Ln,Street Reconstruction- Local Streets,12 Bond Program,11,07/17,529216,427252,101964,0,0,0,0,529216,,
2017,117,Streets And Throughfare,Regent From Webb Chapel To Countess,Street Resurfacing,12 Bond Program,13,06/15,241232,205650,35582,0,0,0,0,241232,,
2017,117,Streets And Throughfare,Reynoldston From Hampton To Heather Glen,Street Reconstruction- Local Streets,12 Bond Program,3,08/16,236199,188140,48059,0,0,0,0,236199,,
2017,118,Streets And Throughfare,Rialto Dr From Glen Regal Dr To Bunche Dr,Street Resurfacing,12 Bond Program,10,12/17,73000,0,73000,0,0,0,0,73000,,
2017,118,Streets And Throughfare,Roanoke Ave From Huron Dr To Mohawk Dr,Street Resurfacing,12 Bond Program,2,12/17,53800,0,53800,0,0,0,0,53800,,
2017,118,Streets And Throughfare,Rockwood St From Jerden Ln To Pembroke Ave,Street Petitions,12 Bond Program,4,07/17,957175,625742,331434,0,0,0,0,957175,,
2017,118,Streets And Throughfare,Rocky Ridge Rd From E Ledbetter Dr To Woodacre Dr,Street Reconstruction- Local Streets,12 Bond Program,4,10/17,42618,9896,32721,0,0,0,0,42618,,
2017,118,Streets And Throughfare,Runyon Creek Greenbelt Trl- Glendale Prk Loop Trl Frm Wagon W,Trails,12 Bond Program,"3,8",10/17,3208411,2354100,854311,0,0,0,0,3208411,,
2017,118,Streets And Throughfare,Rustic Valley Dr 7238-7420 And Echo Bluff Dr 7104-7132 A,Alley Reconstruction,12 Bond Program,12,09/17,409600,400204,9396,0,0,0,0,409600,,
2017,118,Streets And Throughfare,Saner Ave (E) From Michigan Ave To S. Marsalis Ave,Street Resurfacing,12 Bond Program,4,03/15,144582,74812,69770,0,0,0,0,144582,,
2017,118,Streets And Throughfare,Sebring Dr From Tioga St To Soft Wind Dr,Street Resurfacing,12 Bond Program,8,12/17,176500,0,176500,0,0,0,0,176500,,
2017,118,Streets And Throughfare,SH 78-Loop 12 To IH,Intergovernmental Partnership Projects,03 Bond Program,9,06/17,210000,137382,72618,0,0,0,0,210000,,
2017,118,Streets And Throughfare,Shady Bend From Midway To Haydale,Street Resurfacing,12 Bond Program,13,12/17,205900,0,205900,0,0,0,0,205900,,
2017,118,Streets And Throughfare,Sidewalk Improvement,Sidewalk Improvements,06 Bond Program,"8, Citywide",Various,374916,70190,304726,0,0,0,0,374916,,
2017,118,Streets And Throughfare,Sidewalk Improvements - Cd Projects,Sidewalk Improvements,06 Bond Program,Citywide,Various,78849,0,78849,0,0,0,0,78849,,
2017,118,Streets And Throughfare,Sidewalk Improvements Along Arterial Streets To Be Determined,Sidewalk Improvements,03 Bond Program / 06 Bond Program,"1, 10, 11",Various,4392719,3198895,1193825,0,0,0,0,4392719,,
2017,118,Streets And Throughfare,Sidewalk Improvements Citywide,Sidewalk Improvements,12 Bond Program,Citywide,Various,3095185,2822667,272518,0,0,0,0,3095185,,
2017,118,Streets And Throughfare,Sidewalk Improvements District 12,Sidewalk Improvements,12 Bond Program,12,09/17,7749,2000,5749,0,0,0,0,7749,,
2017,119,Streets And Throughfare,Sidewalk Improvements District 2,Sidewalk Improvements,12 Bond Program,2,03/17,74541,8951,65590,0,0,0,0,74541,,
2017,119,Streets And Throughfare,Sidewalk Improvements District 4,Sidewalk Improvements,12 Bond Program,4,12/17,288200,107081,181119,0,0,0,0,288200,,
2017,119,Streets And Throughfare,Southwell Road From Harry Hines Blvd To Denton Dr,Street Resurfacing,12 Bond Program,6,02/18,40032,0,40032,0,0,0,0,40032,,
2017,119,Streets And Throughfare,Spring Grove From Alpha To Coit,Street Reconstruction- Local Streets,12 Bond Program,11,04/19,2255500,251655,2003845,0,0,0,0,2255500,,
2017,119,Streets And Throughfare,Spring Valley At Goldmark,Intergovernmental Partnership Projects,06 Bond Program,11,02/17,231792,0,231792,0,0,0,0,231792,,
2017,119,Streets And Throughfare,Spring Valley Rd From Coit Rd To Goldmark Sidewalk And Pedes,Intergovernmental Partnership Projects,12 Bond Program,11,06/18,152163,96308,55854,0,0,0,0,152163,,
2017,119,Streets And Throughfare,Squaw Valley From End Of Pavement To Crested Butte Dr,Street Resurfacing,12 Bond Program,12,12/17,124700,0,124700,0,0,0,0,124700,,
2017,119,Streets And Throughfare,Stefani Dr From Thackery St To Hillcrest Rd,Street Resurfacing,12 Bond Program,13,12/17,128500,0,128500,0,0,0,0,128500,,
2017,119,Streets And Throughfare,Stevens St From Cayuga Dr To Davilla Ave And Davilla Ave Fro,Street Petitions,12 Bond Program,9,08/18,673500,42138,631362,0,0,0,0,673500,,
2017,119,Streets And Throughfare,Stratton Dr From Calcutta Dr To Penguin Dr,Street Reconstruction- Local Streets,12 Bond Program,3,03/16,42618,11340,31278,0,0,0,0,42618,,
2017,119,Streets And Throughfare,Street And Alley Improvement Projects,Street Improvements,Street and Alley Improvement Fund,Citywide,Various,33340220,20722031,12618189,24500373,24600373,20500373,20500373,102941339,2018,2020
2017,119,Streets And Throughfare,Sweet Sue Ln From Hidden Valley Dr To Camp Wisdom (E) Rd,Street Reconstruction- Local Streets,12 Bond Program,8,08/17,49133,18897,30235,0,0,0,0,49133,,
2017,119,Streets And Throughfare,Sylvan -West Commerce To Singleton,Thoroughfares,06 Bond Program / 12 Bond Program,6,02/19,5164589,0,5164589,0,0,0,0,5164589,,
2017,119,Streets And Throughfare,Tacoma From Ann Arbor To Marjorie,Street Reconstruction- Local Streets,12 Bond Program,4,06/17,91275,63134,28141,0,0,0,0,91275,,
2017,119,Streets And Throughfare,Tomlinson St From Graystone Dr To Meandering Way,Street Resurfacing,12 Bond Program,12,12/17,98200,0,98200,0,0,0,0,98200,,
2017,120,Streets And Throughfare,Townsley Ct (17203-17215) A9648,Alley Reconstruction,12 Bond Program,12,12/18,91800,0,91800,0,0,0,0,91800,,
2017,120,Streets And Throughfare,Traffic Accident Reduction Roadway Improvements - On- Demand,Intergovernmental Partnership Projects,03 Bond Program / 06 Bond Program,Citywide,09/17,559941,245599,314342,0,0,0,0,559941,,
2017,120,Streets And Throughfare,Traffic Control & Safety,Traffic Signal Control Equipment Upgrades,06 Bond Program,"2,9,11,12,1 4",12/16,176622,156884,19738,0,0,0,0,176622,,
2017,120,Streets And Throughfare,Traffic Signal Control Equipment Upgrades - Citywide - Phase,Traffic Signal Control Equipment Upgrades,06 Bond Program,Citywide,09/17,1155078,1074035,81043,0,0,0,0,1155078,,
2017,120,Streets And Throughfare,Trail From Timberglen Park To Barry Barker Park,Trails,12 Bond Program,12,01/17,2076661,230756,1845905,0,0,0,0,2076661,,
2017,120,Streets And Throughfare,Trails End From Berry Trl To Arapaho Rd,Street Reconstruction- Local Streets,12 Bond Program,11,07/17,1282107,1011763,270344,0,0,0,0,1282107,,
2017,120,Streets And Throughfare,Tree Shadow Trl 5902-5942 And Flintshire Ct 5901-5923 A1,Alley Reconstruction,12 Bond Program,12,12/18,244900,21258,223642,0,0,0,0,244900,,
2017,120,Streets And Throughfare,Trinity River Trail From Sylvan To Moore Park,Trails,12 Bond Program,"1,4,6",06/16,6418400,4100145,2318255,0,0,0,0,6418400,,
2017,120,Streets And Throughfare,Tumbling Creek Trl From Leaning Oaks St To Alta Mesa Dr,Street Resurfacing,12 Bond Program,8,12/17,152100,0,152100,0,0,0,0,152100,,
2017,120,Streets And Throughfare,Underwood St From Kilburn Ave To Modree Ave,Street Resurfacing,12 Bond Program,4,12/17,34200,0,34200,0,0,0,0,34200,,
2017,120,Streets And Throughfare,Valley View/Walnut - IH 635 To City Limits,Intergovernmental Partnership Projects,06 Bond Program,"10,11",12/17,907540,459219,448321,0,0,0,0,907540,,
2017,120,Streets And Throughfare,Valley View/Walnut-635 Cty,Participation with Other Government Agencies-,06 Bond Program,"10,11",12/17,200000,0,200000,0,0,0,0,200000,,
2017,120,Streets And Throughfare,Walnut Hill - Malibu To Luna,Intergovernmental Partnership Projects,06 Bond Program,6,10/16,3462297,3340970,121327,0,0,0,0,3462297,,
2017,120,Streets And Throughfare,Warranted Signals And School Flashers - On-Demand,Warranted Signals and School Flashers,06 Bond Program,Citywide,10/54,2730700,2180993,549706,0,0,0,0,2730700,,
2017,120,Streets And Throughfare,Weeburn From Marsh To Mid Pines,Street Reconstruction- Local Streets,12 Bond Program,13,08/17,751214,702025,49189,0,0,0,0,751214,,
2017,121,Streets And Throughfare,West Dallas Gateway,Gateway,12 Bond Program,6,10/20,3117635,1736968,1380667,29387120,0,0,0,32504755,2018,2018
2017,121,Streets And Throughfare,"West End Plaza, Streetscapeurban Design",Streetscape/Urban Design,06 Bond Program,14,09/18,4467050,37427,4429623,0,0,0,0,4467050,,
2017,121,Streets And Throughfare,Western St From Sunnyside Ave To Cockrell Hill Rd,Street Resurfacing,12 Bond Program,1,12/17,103000,0,103000,0,0,0,0,103000,,
2017,121,Streets And Throughfare,Wheatland - Lancaster Cl To Lancaster Rd @ Plaza,Thoroughfares,03 Bond Program / 06 Bond Program,8,12/18,5116704,192293,4924411,0,0,0,0,5116704,,
2017,121,Streets And Throughfare,Wild Oak Drive From Highland Rd To Stonycreek Dr,Street Resurfacing,12 Bond Program,7,07/15,146741,106494,40248,0,0,0,0,146741,,
2017,121,Streets And Throughfare,Windy Ridge Drive From Meadowcreek Dr To Arbor Downs Dr,Street Resurfacing,12 Bond Program,12,06/15,162034,111465,50569,0,0,0,0,162034,,
2017,121,Streets And Throughfare,Wonderland Trl From Northaven Rd To Peter Pan Dr,Street Resurfacing,12 Bond Program,13,12/17,269200,0,269200,0,0,0,0,269200,,
2017,121,Streets And Throughfare,Woodmeadow From La Prada West To The End Of Divided Roadway,Street Reconstruction- Local Streets,12 Bond Program,9,12/19,1426143,10000,1416143,0,0,0,0,1426143,,
2017,121,Streets And Throughfare,Yancy S From Carbondale St To Saipan St,Target Neighborhood,12 Bond Program,7,12/19,500939,81092,419847,0,0,0,0,500939,,
2017,127,Trinity River Corridor,Beckley Ave Extension,Trinity River Projects,98 Bond Program,Citywide,Various,5967525,5937429,30096,0,0,0,0,5967525,,
2017,127,Trinity River Corridor,Dallas Floodway Extension,Trinity River Projects,98 Bond Program,Citywide,Various,24660481,22246076,2414405,0,0,0,0,24660481,,
2017,127,Trinity River Corridor,Trinity Lakes Phase I - Parkway,Trinity River Projects,98 Bond Program,Citywide,Various,751457,449927,301530,0,0,0,0,751457,,
2017,127,Trinity River Corridor,Trinity Parkway Corridor Transportation Projects,Trinity River Projects,98 Bond Program,Citywide,Various,74056931,37703546,36353386,0,0,0,0,74056931,,
2017,127,Trinity River Corridor,Trinity River Chain of Lakes,Trinity River Projects,98 Bond Program,Citywide,Various,31037850,20016678,11021172,0,0,0,0,31037850,,
2017,136,Water Utilities,Bachman Water Treatment Plant,Water Treatment Plants and Associated Facilities,Capital Construction / Commercial Paper,Citywide,Various,127606307,114946935,12659371,7000000,3000000,1500000,20000000,139106307,2018,2020
2017,136,Water Utilities,Central Wastewater Treatment Plant CS30,Wastewater Treatment Plants and Associated Facilities,Capital Construction,Citywide,Various,52322504,51204005,1118499,500000,0,2700000,13400000,55522504,2018,2020
2017,136,Water Utilities,Central Wastewater Treatment Plant PS30,Wastewater Treatment Plants and Associated Facilities,Commercial Paper,Citywide,Various,222731053,178610872,44120181,14000000,29000000,0,70000000,265731053,2018,2019
2017,136,Water Utilities,East Side Water Treatment Plant,Water Treatment Plants and Associated Facilities,Capital Construction / Commercial Paper,Citywide,Various,310274605,235098400,75176205,18500000,37000000,7000000,80000000,372774605,2018,2020
2017,136,Water Utilities,Elm Fork Water Treatment Plant,Water Treatment Plants and Associated Facilities,Capital Construction / Commercial Paper,Citywide,Various,250799263,153266007,97533256,3000000,24000000,132000000,226000000,409799263,2018,2020
2017,136,Water Utilities,Future Development Initiatives - Wastewater,Homeowners and Unserved Areas,Capital Construction,Citywide,Various,8500000,0,8500000,0,0,0,0,8500000,,
2017,136,Water Utilities,Future Development Initiatives - Water,Homeowners and Unserved Areas,Capital Construction,Citywide,Various,8500000,0,8500000,0,0,0,0,8500000,,
2017,136,Water Utilities,Public Art Program - Wastewater,Public Art,Capital Construction,Citywide,Various,2075000,0,2075000,30000,0,0,0,2105000,2018,2018
2017,136,Water Utilities,Public Art Program - Water,Public Art,Capital Construction,Citywide,Various,1949500,713805,1235695,41250,0,0,0,1990750,2018,2018
2017,136,Water Utilities,Raw Water Pumping and Transmission Facilities,Raw Water Pumping and Transmission,Capital Construction / Commercial Paper,Citywide,Various,86140488,67172015,18968472,2500000,2500000,5500000,89000000,96640488,2018,2020
2017,136,Water Utilities,"Sewer Mains, Interceptors and Lift Stations","Mains, Pump Stations and Associated Facilities",Capital Construction / Commercial Paper,Citywide,Various,387025895,339759600,47266296,91175000,78300000,49100000,164400000,605600895,2018,2020
2017,"136, 137",Water Utilities,Southside Wastewater Treatment Plant,Wastewater Treatment Plants and Associated Facilities,Capital Construction / Commercial Paper,Citywide,Various,244977219,188903013,56074206,12000000,1500000,15500000,125000000,273977219,2018,2020
2017,137,Water Utilities,Studies and Master Plans,Studies and Master Plans,Commercial Paper,Citywide,Various,200000,0,200000,0,0,0,0,200000,,
2017,137,Water Utilities,Supply Reservoirs and Dams,Water Supply Reservoirs and Dams,Commercial Paper / Capital Construction,Citywide,Various,58047235,44452998,13594237,0,5000000,6500000,0,69547235,2019,2020
2017,137,Water Utilities,Wastewater Administrative Order,Inflow/Infiltration Remediation,Capital Construction,Citywide,Various,29038136,29038135,0,0,0,0,0,29038136,,
2017,137,Water Utilities,Wastewater Facilities Repairs and Rehabilitation,Rehabilitation and Equipment,Capital Construction / Commercial Paper,Citywide,Various,81519797,71694818,9824979,3970000,4000000,4500000,19000000,93989797,2018,2020
2017,137,Water Utilities,"Wastewater Homeowners, Unserved Areas, Extensions and",Homeowners and Unserved Areas,Capital Construction,Citywide,Various,35651984,28690718,6961266,1000000,1000000,1000000,4000000,38651984,2018,2020
2017,137,Water Utilities,Wastewater Relocations,Relocations In Advance of Paving,Capital Construction / Commercial Paper,Citywide,Various,87514407,67692890,19821517,18000000,11000000,8000000,32000000,124514407,2018,2020
2017,137,Water Utilities,"Wastewater Service Centers, Offices and Research Facilities","Service Centers, Offices and Research Facilities",Capital Construction / Commercial Paper,Citywide,Various,12724747,7499974,5224773,2000000,4000000,0,0,18724747,2018,2019
2017,137,Water Utilities,Wastewater Studies and Master Plans,Studies and Master Plans,Capital Construction / Commercial Paper,Citywide,Various,24897803,18699666,6198137,1000000,1000000,1000000,4000000,27897803,2018,2020
2017,137,Water Utilities,Wastewater Wholesale Customer Facilities,Wholesale Customer Facilities,Capital Construction,Citywide,Various,25365,25365,0,0,0,0,0,25365,,
2017,137,Water Utilities,Water Conservation Vouchers,Water Supply Reservoirs and Dams,Capital Construction,Citywide,Various,0,0,868189,0,0,0,0,0,,
2017,"137, 138",Water Utilities,Water Facilities Repairs and Rehabilitation,Rehabilitation and Equipment,Capital Construction / Commercial Paper,Citywide,Various,151755901,135581923,16173978,9258750,9000000,9300000,36600000,179314651,2018,2020
2017,138,Water Utilities,"Water Homeowners, Unserved Areas, Extensions and",Homeowners and Unserved Areas,Capital Construction / Commercial Paper,Citywide,Various,84402812,84323989,500000,1500000,1500000,1500000,6000000,88902812,2018,2020
2017,138,Water Utilities,"Water Mains, Pumping and Storage Facilities","Mains, Pump Stations and Associated Facilities",Capital Construction / Commercial Paper,Citywide,Various,627729549,492813432,134916117,81725000,71600000,59100000,400400000,840154549,2018,2020
2017,138,Water Utilities,Water Relocations Due to Paving,Relocations In Advance of Paving,Capital Construction / Commercial Paper,Citywide,Various,160194122,108353072,51841049,10000000,10000000,8000000,32000000,188194122,2018,2020
2017,138,Water Utilities,"Water Service Centers, Offices and Research Facilities","Service Centers, Offices and Research Facilities",Capital Construction / Commercial Paper,Citywide,Various,48751317,39049912,9701406,6000000,6000000,3000000,12000000,63751317,2018,2020
2017,138,Water Utilities,Water Studies and Master Plans,Studies and Master Plans,Capital Construction,Citywide,Various,37284974,34322466,2962508,3100000,100000,100000,300000,40584974,2018,2020
2017,138,Water Utilities,Water Wholesale Customer Facilities,Wholesale Customer Facilities,Commercial Paper / Capital Construction,Citywide,Various,8386119,6301243,2084876,500000,500000,500000,2000000,9886119,2018,2020
