cip_year,project_type,source_page,department,project_name,project_id,address_location,start_year,end_year,project_description,project_justification,previous_appropriations,project_total,year_2019,year_2020,year_2021,year_2022,year_2023
2018,,13,Improvements Capital Aviation,ACTIVITY,,,,,,,,,,,,,
2018,,13,Improvements Capital Aviation,Airport Parking,,,,,,,,,,,,,
2018,,13,Improvements Capital Aviation,Love Field Parking,,,,,,,,016729237,20737,0,0,0,0
2018,,13,Improvements Capital Aviation,Airport Planning,,,,,,,,150000011405000,1497546,1000000,1000000,1500000,1500000
2018,,13,Improvements Capital Aviation,LFMP-Aviation,,,,,,,,020028000,0,0,0,0,0
2018,,13,Improvements Capital Aviation,Airfield Signage,,,,,,,,0598854,0,0,0,0,0
2018,,13,Improvements Capital Aviation,Aviation Parking,,,,,,,,05757407,86229,3000000,2000000,0,0
2018,,13,Improvements Capital Aviation,LF Field,,,,,,,,07218648,38189,0,0,0,0
2018,,13,Improvements Capital Aviation,Rehab TWY B PH,,,,,,,,017062000,1262000,15800000,0,0,0
2018,,13,Improvements Capital Aviation,Rehab TWY B PH,,,,,,,,012298500,1493500,10805000,0,0,0
2018,,13,Improvements Capital Aviation,TWY DB4,,,,,,,,,,,,,
2018,,13,Improvements Capital Aviation,Reconstruct RWY,,,,,,,,053560427,5096677,0,48463750,0,0
2018,,13,Improvements Capital Aviation,Love Field,,,,,,,,012963413,161335,0,0,0,0
2018,,13,Improvements Capital Aviation,DEA Runway,,,,,,,3,05838793,52727,0,0,0,0
2018,,13,Improvements Capital Aviation,Lemmon Avenue,,,,,,,,01294224,66016,0,0,0,0
2018,,13,Improvements Capital Aviation,Runway Hold,,,,,,,,02029682,3790,0,0,0,0
2018,,13,Improvements Capital Aviation,Redbird,,,,,,,,,,,,,
2018,,13,Improvements Capital Aviation,Conversion of,,,,,,,,0868141,105537,0,0,0,0
2018,,13,Improvements Capital Aviation,Intersection of,,,,,,,,,,,,,
2018,,13,Improvements Capital Aviation,Rehabilitation,,,,,,,,04420827,228415,0,0,0,0
2018,,13,Improvements Capital Aviation,Taxiway B,,,,,,,,0946760,95600,0,0,0,0
2018,,13,Improvements Capital Aviation,Rehabilitation,,,,,,,,,,,,,
2018,,14,Improvements Capital Aviation,Taxi Queue,,,,,,,,0896444,250393,450000,0,0,0
2018,,14,Improvements Capital Aviation,Dallas Executive,,,,,,,3,0387000,177251,0,0,0,0
2018,,14,Improvements Capital Aviation,Runway 31R,,,,,,,,012592172,10073877,0,0,0,0
2018,,14,Improvements Capital Aviation,Taxiway A 18-36,,,,,,,,0313183,201317,0,0,0,0
2018,,14,Improvements Capital Aviation,Mitigation Project,,,,,,,,,,,,,
2018,,14,Improvements Capital Aviation,Rehabilitate,,,,,,,,,,,,,
2018,,14,Improvements Capital Aviation,Runway 18-36,,,,,,,,068360,62873,0,0,0,0
2018,,14,Improvements Capital Aviation,Rehabilitate,,,,,,,,0654155,0,0,654155,0,0
2018,,14,Improvements Capital Aviation,Airport Perimeter,,,,,,,,,,,,,
2018,,14,Improvements Capital Aviation,Sections 1 - 2,,,,,,,,01560148,1560148,0,0,0,0
2018,,14,Improvements Capital Aviation,Crossfield Taxiway,,,,,,,,02500000,0,0,0,2500000,0
2018,,14,Improvements Capital Aviation,Fiber Ring [Design],,,,,,,,01000000,1000000,0,0,0,0
2018,,14,Improvements Capital Aviation,Fiber Ring,,,,,,,,0150000,150000,0,0,0,0
2018,,14,Improvements Capital Aviation,Wild Life Cameras,,,,,,,,01000000,1000000,0,0,0,0
2018,,14,Improvements Capital Aviation,Aviation Project,,,,,,,,03433433,3431943,0,0,0,0
2018,,14,Improvements Capital Aviation,Drainage Master,,,,,,,,02250000,2186719,0,0,0,0
2018,,14,Improvements Capital Aviation,Material Testing,,,,,,,,0551361,551361,0,0,0,0
2018,,14,Improvements Capital Aviation,Taxiway M,,,,,,,,,,,,,
2018,,14,Improvements Capital Aviation,Design,,,,,,,,0698488,230,0,0,0,0
2018,,14,Improvements Capital Aviation,Dallas Executive,,,,,,,,,,,,,
2018,,14,Improvements Capital Aviation,Paving Project,,,,,,,3,06024100,5721421,0,0,0,0
2018,,15,Improvements Capital Aviation,Dallas Vertiport,,,,,,,,02000000,1000000,1000000,0,0,0
2018,,15,Improvements Capital Aviation,Rehabilitate,,,,,,,,0305000,305000,0,0,0,0
2018,,15,Improvements Capital Aviation,36 - TWY B1,,,,,,,,,,,,,
2018,,15,Improvements Capital Aviation,Airfield Pavement,,,,,,,,01000000,0,0,0,1000000,0
2018,,15,Improvements Capital Aviation,Reconstruct RWY,,,,,,,,011000000,0,0,11000000,0,0
2018,,15,Improvements Capital Aviation,Dallas Love Field,,,,,,,,04854155,0,2854155,2000000,0,0
2018,,15,Improvements Capital Aviation,DEA West,,,,,,,,07664186,0,0,0,3500000,4164186
2018,,15,Improvements Capital Aviation,Master Plan Study,,,,,,,,0264117,0,0,0,0,0
2018,,15,Improvements Capital Aviation,DAL-Entrance,,,,,,,,08571988,2571988,6000000,0,0,0
2018,,15,Improvements Capital Aviation,Dalfort Building,,,,,,,,01550749,492,500000,0,0,0
2018,,15,Improvements Capital Aviation,Misc Stormwater,,,,,,,,,,,,,
2018,,15,Improvements Capital Aviation,Improvements,,,,,,,,02732300,1633138,1000000,0,0,0
2018,,15,Improvements Capital Aviation,DEA Water Line,,,,,,,3,01355864,1355864,0,0,0,0
2018,,15,Improvements Capital Aviation,Passenger Facility,,,,,,,,049677487,4994459,0,0,0,0
2018,,15,Improvements Capital Aviation,Ground,,,,,,,,,,,,,
2018,,15,Improvements Capital Aviation,Rehabilitate,,,,,,,,02416436,285740,0,0,0,0
2018,,15,Improvements Capital Aviation,Connectors B3 -,,,,,,,,,,,,,
2018,,15,Improvements Capital Aviation,Pavement,,,,,,,,,,,,,
2018,,15,Improvements Capital Aviation,Rehabilitate,,,,,,,,01400000,0,0,0,1400000,0
2018,,15,Improvements Capital Aviation,Misc Taxi Lane and,,,,,,,,34439054443905,0,0,0,0,1000000
2018,,16,Improvements Capital Aviation,Reconstruct,,,,,,,,710250710250,0,0,0,0,0
2018,,16,Improvements Capital Aviation,Reonstruct,,,,,,,,2157500023385000,0,0,0,0,1810000
2018,,16,Improvements Capital Aviation,RWY 31 R,,,,,,,,,,,,,
2018,,16,Improvements Capital Aviation,Rehabilitate,,,,,,,,017519500,0,0,3966000,13553500,0
2018,,16,Improvements Capital Aviation,Safety/Security,,,,,,,,,,,,,
2018,,16,Improvements Capital Aviation,Love Field Signage,,,,,,,,0325613,0,0,0,0,0
2018,,16,Improvements Capital Aviation,ARFF Vehicle,,,,,,,,01000000,123244,0,0,0,0
2018,,16,Improvements Capital Aviation,Pavement,,,,,,,,01388533,11568,0,0,0,0
2018,,16,Improvements Capital Aviation,Security Control,,,,,,,,,,,,,
2018,,16,Improvements Capital Aviation,[Perimeter Fence,,,,,,,,01999712,1341861,0,0,0,0
2018,,16,Improvements Capital Aviation,Police Hanger and,,,,,,,,,,,,,
2018,,16,Improvements Capital Aviation,Executive Airport,,,,,,,3,07606813,6043512,0,0,0,0
2018,,16,Improvements Capital Aviation,Terminal,,,,,,,,,,,,,
2018,,16,Improvements Capital Aviation,Love Fld Major,,,,,,,,50000018006585,0,2000000,0,500000,500000
2018,,16,Improvements Capital Aviation,Redbird Aip,,,,,,,3,05134644,108894,0,0,0,0
2018,,16,Improvements Capital Aviation,Pavement,,,,,,,,0512717,0,0,0,0,0
2018,,25,Improvements Capital Facilities City,ACTIVITY,,,,,,,,,,,,,
2018,,25,Improvements Capital Facilities City,Facilities,,,,,,,,,,,,,
2018,,25,Improvements Capital Facilities City,Northwest,,,,,,,,0,5641,5689200,5268930,0,0
2018,,25,Improvements Capital Facilities City,Police,,,,,,,,,,,,,
2018,,25,Improvements Capital Facilities City,Design,,,,,,,,0,69572,0,0,0,0
2018,,25,Improvements Capital Facilities City,Service,,,,,,,,0,768228,5689200,5268930,0,0
2018,,25,Improvements Capital Facilities City,City and,,,,,,,,,,,,,
2018,,25,Improvements Capital Facilities City,Central Service,,,,,,,,,,,,,
2018,,25,Improvements Capital Facilities City,Operations,,,,,,,,0,0,125000,0,0,0
2018,,25,Improvements Capital Facilities City,Central Service,,,,,,,,,,,,,
2018,,25,Improvements Capital Facilities City,Building,,,,,,,,0,0,150000,0,0,0
2018,,25,Improvements Capital Facilities City,City Marshal's,,,,,,,,,,,,,
2018,,25,Improvements Capital Facilities City,Fire Station,,,,,,,,,,,,,
2018,,25,Improvements Capital Facilities City,Improvements,,,,,,,,0,10299,0,0,0,0
2018,,25,Improvements Capital Facilities City,Homeless,,,,,,,,0,500000,1500000,3000000,15000000,0
2018,,25,Improvements Capital Facilities City,Martin Luther,,,,,,,,,,,,,
2018,,25,Improvements Capital Facilities City,Controls,,,,,,,,0,0,85000,0,0,0
2018,,25,Improvements Capital Facilities City,Martin Luther,,,,,,,,,,,,,
2018,,25,Improvements Capital Facilities City,Plumbing,,,,,,,,0,0,125000,0,0,0
2018,,25,Improvements Capital Facilities City,Municipal,,,,,,,14,0,46945,0,0,0,0
2018,,25,Improvements Capital Facilities City,Oak Cliff,,,,,,,,0,0,0,150000,1850000,0
2018,,25,Improvements Capital Facilities City,Storage,,,,,,,10,0,0,325000,0,0,0
2018,,25,Improvements Capital Facilities City,West Dallas,,,,,,,,0,0,2500000,0,0,0
2018,,25,Improvements Capital Facilities City,Facilities,,,,,,,,0,557244,4975000,3150000,16850000,0
2018,,26,Improvements Capital Facilities City,Fire,,,,,,,,,,,,,
2018,,26,Improvements Capital Facilities City,Fire Station,,,,,,,,,,,,,
2018,,26,Improvements Capital Facilities City,Locations],,,,,,,,0,380659,0,0,0,0
2018,,26,Improvements Capital Facilities City,Fire Stations -,,,,,,,,,,,,,
2018,,26,Improvements Capital Facilities City,Modifications,,,,,,,,0,996731,0,0,0,0
2018,,26,Improvements Capital Facilities City,Fire-Rescue,,,,,,,,0,0,150000,0,0,0
2018,,26,Improvements Capital Facilities City,Fire Station #,,,,,,,,0,0,7525000,0,0,0
2018,,26,Improvements Capital Facilities City,Fire Station #,,,,,,,,0,0,85000,0,0,0
2018,,26,Improvements Capital Facilities City,Fire Station,,,,,,,,0,0,45000,0,0,0
2018,,26,Improvements Capital Facilities City,Fire Station,,,,,,,,0,0,104000,0,0,0
2018,,26,Improvements Capital Facilities City,Fire Station,,,,,,,,0,0,63000,0,0,0
2018,,26,Improvements Capital Facilities City,Fire Station,,,,,,,14,0,0,85000,0,0,0
2018,,26,Improvements Capital Facilities City,Fire Station,,,,,,,,0,0,83000,0,0,0
2018,,26,Improvements Capital Facilities City,Fire Station,,,,,,,,,,,,,
2018,,26,Improvements Capital Facilities City,Fire Station,,,,,,,14,0,0,113000,0,0,0
2018,,26,Improvements Capital Facilities City,Fire Station,,,,,,,,0,0,92000,0,0,0
2018,,26,Improvements Capital Facilities City,Fire Station,,,,,,,,0,0,17000,0,0,0
2018,,26,Improvements Capital Facilities City,Fire Station,,,,,,,,0,0,6990000,0,0,0
2018,,26,Improvements Capital Facilities City,Fire,,,,,,,,0,0,43000,0,0,0
2018,,26,Improvements Capital Facilities City,Fire Station,,,,,,,,0,0,43000,0,0,0
2018,,26,Improvements Capital Facilities City,Fire Station #1,,,,,,,,0,0,85000,0,0,0
2018,,26,Improvements Capital Facilities City,Fire Station #7,,,,,,,12,0,0,85000,0,0,0
2018,,26,Improvements Capital Facilities City,Fire Station,,,,,,,14,0,0,101000,0,0,0
2018,,26,Improvements Capital Facilities City,Fire Station,,,,,,,,0,0,85000,0,0,0
2018,,26,Improvements Capital Facilities City,Fire,,,,,,,,0,0,85000,0,0,0
2018,,26,Improvements Capital Facilities City,Fire Station,,,,,,,,0,0,85000,0,0,0
2018,,27,Improvements Capital Facilities City,Fire Station,,,,,,,,0,0,85000,0,0,0
2018,,27,Improvements Capital Facilities City,Fire Station,,,,,,,,0,0,74000,0,0,0
2018,,27,Improvements Capital Facilities City,Fire Station #2,,,,,,,13,0,0,85000,0,0,0
2018,,27,Improvements Capital Facilities City,Fire Station #5,,,,,,,,0,0,85000,0,0,0
2018,,27,Improvements Capital Facilities City,Fire Station,,,,,,,12,0,0,44000,0,0,0
2018,,27,Improvements Capital Facilities City,Fire Station,,,,,,,,0,0,85000,0,0,0
2018,,27,Improvements Capital Facilities City,Fire Station,,,,,,,,0,0,85000,0,0,0
2018,,27,Improvements Capital Facilities City,Fire Station,,,,,,,,0,0,85000,0,0,0
2018,,27,Improvements Capital Facilities City,Fire Station,,,,,,,10,0,0,85000,0,0,0
2018,,27,Improvements Capital Facilities City,Future Fire,,,,,,,,,,,,,
2018,,27,Improvements Capital Facilities City,12,,,,,,,,0,0,6900000,0,0,0
2018,,27,Improvements Capital Facilities City,Life Safety -,,,,,,,,,,,,,
2018,,27,Improvements Capital Facilities City,Bureau,,,,,,,,0,0,250000,0,0,0
2018,,27,Improvements Capital Facilities City,Fire Training,,,,,,,,,,,,,
2018,,27,Improvements Capital Facilities City,Fleet,,,,,,,,,,,,,
2018,,27,Improvements Capital Facilities City,Dallas,,,,,,,,,,,,,
2018,,27,Improvements Capital Facilities City,Replacement,,,,,,,,0,0,8551000,7796000,1650000,0
2018,,27,Improvements Capital Facilities City,Dallas,,,,,,,,,,,,,
2018,,27,Improvements Capital Facilities City,Replacement,,,,,,,,0,0,6449000,7204000,7150000,0
2018,,27,Improvements Capital Facilities City,Equipment and,,,,,,,,,,,,,
2018,,27,Improvements Capital Facilities City,Fleet,,,,,,,,0,90174,0,0,0,0
2018,,27,Improvements Capital Facilities City,Sanitation,,,,,,,,,,,,,
2018,,27,Improvements Capital Facilities City,to ML FY18,,,,,,,,0,6736718,0,0,0,0
2018,,27,Improvements Capital Facilities City,Sanitation,,,,,,,,,,,,,
2018,,27,Improvements Capital Facilities City,to ML FY19,,,,,,,,0,0,8000000,0,0,0
2018,,27,Improvements Capital Facilities City,Sanitation,,,,,,,,,,,,,
2018,,27,Improvements Capital Facilities City,to ML FY20,,,,,,,,0,0,0,8036371,0,0
2018,,27,Improvements Capital Facilities City,Sanitation,,,,,,,,,,,,,
2018,,27,Improvements Capital Facilities City,to ML FY21,,,,,,,,0,0,0,0,5000000,0
2018,,27,Improvements Capital Facilities City,Sanitation,,,,,,,,,,,,,
2018,,27,Improvements Capital Facilities City,to ML FY22,,,,,,,,0,0,0,0,0,2500000
2018,,28,Improvements Capital Facilities City,Sanitation,,,,,,,,,,,,,
2018,,28,Improvements Capital Facilities City,to ML FY23,,,,,,,,2500000,0,0,0,0,0
2018,,28,Improvements Capital Facilities City,Library,,,,,,,,,,,,,
2018,,28,Improvements Capital Facilities City,Central Library,,,,,,,,0,36425,0,0,0,0
2018,,28,Improvements Capital Facilities City,Central Library,,,,,,,,0,96691,0,0,0,0
2018,,28,Improvements Capital Facilities City,Central Library,,,,,,,,0,41405,0,0,0,0
2018,,28,Improvements Capital Facilities City,Central Library,,,,,,,,0,95388,0,0,0,0
2018,,28,Improvements Capital Facilities City,Central Library,,,,,,,,0,104135,0,0,0,0
2018,,28,Improvements Capital Facilities City,Central Library,,,,,,,,0,694890,0,0,0,0
2018,,28,Improvements Capital Facilities City,Central Library,,,,,,,,,,,,,
2018,,28,Improvements Capital Facilities City,Replacement,,,,,,,,0,163000,0,0,0,0
2018,,28,Improvements Capital Facilities City,Central Library,,,,,,,,,,,,,
2018,,28,Improvements Capital Facilities City,Renovation,,,,,,,,0,39108,0,0,0,0
2018,,28,Improvements Capital Facilities City,Central Library,,,,,,,,,,,,,
2018,,28,Improvements Capital Facilities City,Renovation,,,,,,,,0,14735,0,0,0,0
2018,,28,Improvements Capital Facilities City,Central Library,,,,,,,,,,,,,
2018,,28,Improvements Capital Facilities City,Renovation,,,,,,,,0,876162,0,0,0,0
2018,,28,Improvements Capital Facilities City,Central Library,,,,,,,,,,,,,
2018,,28,Improvements Capital Facilities City,Renovation,,,,,,,,0,308164,0,0,0,0
2018,,28,Improvements Capital Facilities City,Central Library,,,,,,,,,,,,,
2018,,28,Improvements Capital Facilities City,Renovation,,,,,,,,0,57780,0,0,0,0
2018,,28,Improvements Capital Facilities City,Central Library,,,,,,,,,,,,,
2018,,28,Improvements Capital Facilities City,Renovation,,,,,,,,0,834345,0,0,0,0
2018,,28,Improvements Capital Facilities City,Forest Green,,,,,,,10,0,6700000,1000000,0,0,0
2018,,28,Improvements Capital Facilities City,J.Erik Jonsson,,,,,,,,0,0,99000,0,0,0
2018,,28,Improvements Capital Facilities City,Vickery,,,,,,,13,0,800000,5490000,1500000,0,0
2018,,28,Improvements Capital Facilities City,Major,,,,,,,,,,,,,
2018,,28,Improvements Capital Facilities City,Animal Shelter,,,,,,,,,,,,,
2018,,29,Improvements Capital Facilities City,CIP,,,,,,,,0,124890,0,0,0,0
2018,,29,Improvements Capital Facilities City,City Facilities,,,,,,,,5000000,3725206,6000000,6500000,5000000,5000000
2018,,29,Improvements Capital Facilities City,City Hall,,,,,,,,0,375000,6625000,0,0,0
2018,,29,Improvements Capital Facilities City,City Hall -,,,,,,,,,,,,,
2018,,29,Improvements Capital Facilities City,Contingency,,,,,,,,,,,,,
2018,,29,Improvements Capital Facilities City,Construction,,,,,,,,0,38820,0,0,0,0
2018,,29,Improvements Capital Facilities City,ECO Park,,,,,,,,0,108000,0,0,0,0
2018,,29,Improvements Capital Facilities City,Electrical,,,,,,,,,,,,,
2018,,29,Improvements Capital Facilities City,Facilities,,,,,,,,0,1300000,0,0,0,0
2018,,29,Improvements Capital Facilities City,Fretz Library,,,,,,,11,0,0,0,0,0,0
2018,,29,Improvements Capital Facilities City,Garage at,,,,,,,,0,75000,0,0,0,0
2018,,29,Improvements Capital Facilities City,Iroc Relocation,,,,,,,,0,0,0,0,0,0
2018,,29,Improvements Capital Facilities City,Martin Luther,,,,,,,,,,,,,
2018,,29,Improvements Capital Facilities City,Medical,,,,,,,,0,76400,687600,0,0,0
2018,,29,Improvements Capital Facilities City,McCommas,,,,,,,,,,,,,
2018,,29,Improvements Capital Facilities City,Repair,,,,,,,,0,7595,0,0,0,0
2018,,29,Improvements Capital Facilities City,New Fire,,,,,,,,,,,,,
2018,,29,Improvements Capital Facilities City,Walker,,,,,,,,0,22499,0,0,0,0
2018,,29,Improvements Capital Facilities City,North Central,,,,,,,,,,,,,
2018,,29,Improvements Capital Facilities City,Improvements,,,,,,,,0,679342,0,0,0,0
2018,,29,Improvements Capital Facilities City,Northwest,,,,,,,,,,,,,
2018,,29,Improvements Capital Facilities City,Oak Cliff,,,,,,,,,,,,,
2018,,29,Improvements Capital Facilities City,Air Handler,,,,,,,,0,0,0,0,0,0
2018,,29,Improvements Capital Facilities City,Old City Park,,,,,,,,0,14909,0,0,0,0
2018,,30,Improvements Capital Facilities City,Police,,,,,,,,0,55375,0,0,0,0
2018,,30,Improvements Capital Facilities City,Priority Major,,,,,,,,0,3550700,0,0,0,0
2018,,30,Improvements Capital Facilities City,South Central,,,,,,,,,,,,,
2018,,30,Improvements Capital Facilities City,Parking,,,,,,,,0,162311,0,0,0,0
2018,,30,Improvements Capital Facilities City,Southeast,,,,,,,,,,,,,
2018,,30,Improvements Capital Facilities City,Generator and,,,,,,,,0,44561,0,0,0,0
2018,,30,Improvements Capital Facilities City,Southwest,,,,,,,,,,,,,
2018,,30,Improvements Capital Facilities City,Maintenance -,,,,,,,,0,86441,0,0,0,0
2018,,30,Improvements Capital Facilities City,Southwest,,,,,,,,,,,,,
2018,,30,Improvements Capital Facilities City,Swm-Oil,,,,,,,,0,36329,0,0,0,0
2018,,30,Improvements Capital Facilities City,Unspecified,,,,,,,,0,545000,875000,695000,665000,450000
2018,,30,Improvements Capital Facilities City,Vickery,,,,,,,,,,,,,
2018,,30,Improvements Capital Facilities City,Police,,,,,,,,,,,,,
2018,,30,Improvements Capital Facilities City,Central Patrol,,,,,,,,0,0,151000,0,0,0
2018,,30,Improvements Capital Facilities City,Central Patrol,,,,,,,,0,393000,200000,0,0,0
2018,,30,Improvements Capital Facilities City,City Facilities -,,,,,,,,,,,,,
2018,,30,Improvements Capital Facilities City,Improvements,,,,,,,,0,524791,0,0,0,0
2018,,30,Improvements Capital Facilities City,Jack Evans,,,,,,,,,,,,,
2018,,30,Improvements Capital Facilities City,Physical,,,,,,,,0,-10430,60000,0,0,0
2018,,30,Improvements Capital Facilities City,Jack Evans,,,,,,,,,,,,,
2018,,30,Improvements Capital Facilities City,Stair,,,,,,,,0,5000,0,0,0,0
2018,,30,Improvements Capital Facilities City,Jack Evans,,,,,,,,0,0,1250000,0,0,0
2018,,30,Improvements Capital Facilities City,NC Patrol,,,,,,,12,0,450000,300000,0,0,0
2018,,30,Improvements Capital Facilities City,NE Patrol,,,,,,,10,0,337584,555000,0,0,0
2018,,31,Improvements Capital Facilities City,NW Patrol,,,,,,,,0,575000,200000,0,0,0
2018,,31,Improvements Capital Facilities City,SC Patrol,,,,,,,,0,750063,0,0,0,0
2018,,31,Improvements Capital Facilities City,SE Patrol,,,,,,,,0,373000,402000,0,0,0
2018,,31,Improvements Capital Facilities City,SW Patrol,,,,,,,,0,475000,300000,0,0,0
2018,,31,Improvements Capital Facilities City,SW Patrol,,,,,,,,0,0,185000,1065000,0,0
2018,,31,Improvements Capital Facilities City,Solid Waste,,,,,,,,,,,,,
2018,,31,Improvements Capital Facilities City,Cell #6B2,,,,,,,,0,5571767,0,0,4397730,0
2018,,31,Improvements Capital Facilities City,Construction,,,,,,,,,,,,,
2018,,31,Improvements Capital Facilities City,Wetlands per,,,,,,,,1200000,0,1200000,1200000,1200000,1200000
2018,,31,Improvements Capital Facilities City,ECO,,,,,,,,0,0,750000,0,0,0
2018,,31,Improvements Capital Facilities City,New Scale,,,,,,,,,,,,,
2018,,31,Improvements Capital Facilities City,Other,,,,,,,,500000,0,500000,500000,500000,500000
2018,,31,Improvements Capital Facilities City,Post Closure,,,,,,,,500000,0,500000,500000,500000,500000
2018,,31,Improvements Capital Facilities City,Transfer,,,,,,,,0,0,1450000,1000000,0,0
2018,,31,Improvements Capital Facilities City,Studies And,,,,,,,,,,,,,
2018,,31,Improvements Capital Facilities City,City Facilities -,,,,,,,,,,,,,
2018,,31,Improvements Capital Facilities City,Assessment,,,,,,,,100000,1,100000,100000,100000,100000
2018,,31,Improvements Capital Facilities City,Technology,,,,,,,,,,,,,
2018,,31,Improvements Capital Facilities City,Citywide IT,,,,,,,,0,0,5850000,7061000,7061000,0
2018,,31,Improvements Capital Facilities City,City Hall Data,,,,,,,,0,0,0,0,0,0
2018,,32,Improvements Capital Facilities City,Dallas Police,,,,,,,,,,,,,
2018,,32,Improvements Capital Facilities City,Technology,,,,,,,,0,0,3150000,1939000,0,0
2018,,32,Improvements Capital Facilities City,General Fleet,,,,,,,,0,6464066,0,0,0,0
2018,,41,Improvements Capital Services Event & Convention Total Fy2022-23 Fy2021-22 Fy2020-21 Fy2019-20 Fy2018-19 Aining M E R O T E R U T I D N E P X E Budget Capital Council Fund Unit Project,82 Rev,,,,,,,,042149170,1971358,0,0,0,0
2018,,41,Improvements Capital Services Event & Convention Total Fy2022-23 Fy2021-22 Fy2020-21 Fy2019-20 Fy2018-19 Aining M E R O T E R U T I D N E P X E Budget Capital Council Fund Unit Project,Retrofit -,,,,,,,,016355805,788196,0,0,0,0
2018,,41,Improvements Capital Services Event & Convention Total Fy2022-23 Fy2021-22 Fy2020-21 Fy2019-20 Fy2018-19 Aining M E R O T E R U T I D N E P X E Budget Capital Council Fund Unit Project,Kitchen,,,,,,,,03688238,2134564,0,0,0,0
2018,,41,Improvements Capital Services Event & Convention Total Fy2022-23 Fy2021-22 Fy2020-21 Fy2019-20 Fy2018-19 Aining M E R O T E R U T I D N E P X E Budget Capital Council Fund Unit Project,Ballroom A,,,,,,,,02000000,2000000,0,0,0,0
2018,,41,Improvements Capital Services Event & Convention Total Fy2022-23 Fy2021-22 Fy2020-21 Fy2019-20 Fy2018-19 Aining M E R O T E R U T I D N E P X E Budget Capital Council Fund Unit Project,Upgrade,,,,,,,,01225000,250907,0,500000,0,0
2018,,41,Improvements Capital Services Event & Convention Total Fy2022-23 Fy2021-22 Fy2020-21 Fy2019-20 Fy2018-19 Aining M E R O T E R U T I D N E P X E Budget Capital Council Fund Unit Project,KBHCCD,,,,,,,,04600000,4320574,0,0,0,0
2018,,41,Improvements Capital Services Event & Convention Total Fy2022-23 Fy2021-22 Fy2020-21 Fy2019-20 Fy2018-19 Aining M E R O T E R U T I D N E P X E Budget Capital Council Fund Unit Project,KBHCCD,,,,,,,,,,,,,
2018,,41,Improvements Capital Services Event & Convention Total Fy2022-23 Fy2021-22 Fy2020-21 Fy2019-20 Fy2018-19 Aining M E R O T E R U T I D N E P X E Budget Capital Council Fund Unit Project,KBHCCD,,,,,,,,,,,,,
2018,,41,Improvements Capital Services Event & Convention Total Fy2022-23 Fy2021-22 Fy2020-21 Fy2019-20 Fy2018-19 Aining M E R O T E R U T I D N E P X E Budget Capital Council Fund Unit Project,IT Office,,,,,,,,0195000,47090,0,0,0,0
2018,,41,Improvements Capital Services Event & Convention Total Fy2022-23 Fy2021-22 Fy2020-21 Fy2019-20 Fy2018-19 Aining M E R O T E R U T I D N E P X E Budget Capital Council Fund Unit Project,C and D,,,,,,,,02000000,0,0,2000000,0,0
2018,,41,Improvements Capital Services Event & Convention Total Fy2022-23 Fy2021-22 Fy2020-21 Fy2019-20 Fy2018-19 Aining M E R O T E R U T I D N E P X E Budget Capital Council Fund Unit Project,War,,,,,,,,0500000,0,0,500000,0,0
2018,,41,Improvements Capital Services Event & Convention Total Fy2022-23 Fy2021-22 Fy2020-21 Fy2019-20 Fy2018-19 Aining M E R O T E R U T I D N E P X E Budget Capital Council Fund Unit Project,F Hall Roof,,,,,,,,03800000,0,1800000,2000000,0,0
2018,,41,Improvements Capital Services Event & Convention Total Fy2022-23 Fy2021-22 Fy2020-21 Fy2019-20 Fy2018-19 Aining M E R O T E R U T I D N E P X E Budget Capital Council Fund Unit Project,Flatwork,,,,,,,,02000000,0,1000000,1000000,0,0
2018,,41,Improvements Capital Services Event & Convention Total Fy2022-23 Fy2021-22 Fy2020-21 Fy2019-20 Fy2018-19 Aining M E R O T E R U T I D N E P X E Budget Capital Council Fund Unit Project,Fire,,,,,,,,04000000,0,3000000,1000000,0,0
2018,,41,Improvements Capital Services Event & Convention Total Fy2022-23 Fy2021-22 Fy2020-21 Fy2019-20 Fy2018-19 Aining M E R O T E R U T I D N E P X E Budget Capital Council Fund Unit Project,2010,,,,,,,,1100000033000000,0,0,0,11000000,11000000
2018,,41,Improvements Capital Services Event & Convention Total Fy2022-23 Fy2021-22 Fy2020-21 Fy2019-20 Fy2018-19 Aining M E R O T E R U T I D N E P X E Budget Capital Council Fund Unit Project,Revenue,,,,,,,,011977188,29495,0,0,0,0
2018,,41,Improvements Capital Services Event & Convention Total Fy2022-23 Fy2021-22 Fy2020-21 Fy2019-20 Fy2018-19 Aining M E R O T E R U T I D N E P X E Budget Capital Council Fund Unit Project,Reunion,,,,,,,,09524061,0,3767033,5757028,0,0
2018,,49,Improvements Capital Facilities Cultural,Cultural Facilities,,,,,,,,,,,,,
2018,,49,Improvements Capital Facilities Cultural,Bath House,,,,,,,9,1500000,150000,760000,5900000,0,0
2018,,49,Improvements Capital Facilities Cultural,Dallas Black Dance,,,,,,,14,900000,0,0,9000000,0,0
2018,,49,Improvements Capital Facilities Cultural,Dallas Heritage,,,,,,,2,250000,0,250000,00,0,0
2018,,49,Improvements Capital Facilities Cultural,Dallas Museum of,,,,,,,14,6000000,2125000,3875000,00,0,0
2018,,49,Improvements Capital Facilities Cultural,Kalita Humphreys,,,,,,,14,525000,0,525000,00,0,0
2018,,49,Improvements Capital Facilities Cultural,Major Maintenance,,,,,,,,,,,,,
2018,,49,Improvements Capital Facilities Cultural,Cultural Facilities,,,,,,,214,3600000,1474097,1000000,10000000,0,0
2018,,49,Improvements Capital Facilities Cultural,Meyerson,,,,,,,14,3800000,360443,3425000,00,0,0
2018,,49,Improvements Capital Facilities Cultural,Non-City Owned,,,,,,,79,400000,400000,0,00,0,0
2018,,49,Improvements Capital Facilities Cultural,Oak Cliff Cultural,,,,,,,1,110000,110000,0,00,0,0
2018,,49,Improvements Capital Facilities Cultural,Sammons Center,,,,,,,2,900000,0,900000,00,0,0
2018,,49,Improvements Capital Facilities Cultural,South Dallas,,,,,,,7,250000,0,250000,00,0,0
2018,,49,Improvements Capital Facilities Cultural,Municipal Radio,,,,,,,,,,,,,
2018,,49,Improvements Capital Facilities Cultural,Municipal Radio,,,,,,,7,2620657,1769330,0,0,0,0
2018,,59,Improvements Capital Utilities Water Dallas,ACTIVITY,,,,,,,,,,,,,
2018,,59,Improvements Capital Utilities Water Dallas,Homeowners Extensions And,,,,,,,,,,,,,
2018,,59,Improvements Capital Utilities Water Dallas,Home-Unserv Exten - Improv,,,,,,,,760770,0,0,0,00,0
2018,,59,Improvements Capital Utilities Water Dallas,Home-Unserv Exten - Improv2,,,,,,,,43151984,15375989,2500000,1000000,10000001000000,1000000
2018,,59,Improvements Capital Utilities Water Dallas,Home-Unserv Exten - Improv3,,,,,,,,100603012,6972361,3200000,1500000,15000001500000,1500000
2018,,59,Improvements Capital Utilities Water Dallas,Future Development Initiatives -,,,,,,,,8500000,8500000,0,0,00,0
2018,,59,Improvements Capital Utilities Water Dallas,Future Development Initiatives -,,,,,,,,8500000,8500000,0,0,00,0
2018,,59,Improvements Capital Utilities Water Dallas,Inflow/Infiltration Remediation,,,,,,,,,,,,,
2018,,59,Improvements Capital Utilities Water Dallas,Administrative Order,,,,,,,,29038136,2203,0,0,00,0
2018,,59,Improvements Capital Utilities Water Dallas,"Mains, Pump Stations And",,,,,,,,,,,,,
2018,,59,Improvements Capital Utilities Water Dallas,Mains Interecpt - Lift Sta,,,,,,,,184596514,19038717,7900000,7700000,67000007700000,6700000
2018,,59,Improvements Capital Utilities Water Dallas,Mains Intercept - Lift Sta,,,,,,,,158049199,4499719,0,0,00,0
2018,,59,Improvements Capital Utilities Water Dallas,Mains Intercept - Lift Sta,,,,,,,,39255900,93813,0,0,00,0
2018,,59,Improvements Capital Utilities Water Dallas,Mains Intercept - Lift Sta,,,,,,,,2455060,71,0,0,00,0
2018,,59,Improvements Capital Utilities Water Dallas,Mains Intercept - Lift Sta,,,,,,,,2258760,146030,0,0,00,0
2018,,59,Improvements Capital Utilities Water Dallas,Mains Intercept - Lift Sta,,,,,,,,239334340,75133597,6567500,20600000,60000006000000,6000000
2018,,59,Improvements Capital Utilities Water Dallas,Mains Intercept - Lift Sta,,,,,,,,228208791,70068378,35500000,11071250,1150000024500000,11500000
2018,,60,Improvements Capital Utilities Water Dallas,Mains-Pumping - Storage Fa,,,,,,,,268602026,2852167,0,0,00,0
2018,,60,Improvements Capital Utilities Water Dallas,Mains-Pumping - Storage Fa,,,,,,,,68589082,66865,0,0,00,0
2018,,60,Improvements Capital Utilities Water Dallas,Mains-Pumping - Storage Fa,,,,,,,,111465,0,0,0,00,0
2018,,60,Improvements Capital Utilities Water Dallas,Mains-Pumping - Storage Fa,,,,,,,,2968862,31214,0,0,00,0
2018,,60,Improvements Capital Utilities Water Dallas,Mains-Pumping - Storage Fa,,,,,,,,3253421,0,0,0,00,0
2018,,60,Improvements Capital Utilities Water Dallas,Mains-Pumping - Storage Fa,,,,,,,,4414305,1210487,0,0,00,0
2018,,60,Improvements Capital Utilities Water Dallas,Mains-Pumping - Storage Fa,,,,,,,,428746421,107944283,20000000,6500000,650000049000000,41000000
2018,,60,Improvements Capital Utilities Water Dallas,Mains-Pumping - Storage Fa,,,,,,,,307830026,121769812,7500000,18000000,3500000024000000,7000000
2018,,60,Improvements Capital Utilities Water Dallas,Mains-Pumping - Storage Fa2,,,,,,,,,,,,,
2018,,60,Improvements Capital Utilities Water Dallas,TWDB Wastewater (Clean Water),,,,,,,,110000000,0,22000000,22000000,2200000022000000,22000000
2018,,60,Improvements Capital Utilities Water Dallas,TWDB Water (Drinking Water),,,,,,,,220000000,0,44000000,44000000,4400000044000000,44000000
2018,,61,Improvements Capital Utilities Water Dallas,Public Art,,,,,,,,,,,,,
2018,,61,Improvements Capital Utilities Water Dallas,Public Art Admin -Water Utilities,,,,,,,,2114500,1296893,60000,63750,00,0
2018,,61,Improvements Capital Utilities Water Dallas,Wastewater Facl Public Art,,,,,,,,2142500,2105000,22500,15000,00,0
2018,,61,Improvements Capital Utilities Water Dallas,Raw Water Pumping And,,,,,,,,,,,,,
2018,,61,Improvements Capital Utilities Water Dallas,Raw Water Pump - Trans Fac,,,,,,,,162478156,568689,0,0,00,0
2018,,61,Improvements Capital Utilities Water Dallas,Raw Water Pump - Trans Fac2,,,,,,,,61021581,610205,500000,500000,5000000,0
2018,,61,Improvements Capital Utilities Water Dallas,Rehabilitation And Equipment,,,,,,,,,,,,,
2018,,61,Improvements Capital Utilities Water Dallas,Major Maintenance - Rehab1,,,,,,,,94414797,8816065,2000000,4500000,20000002500000,2000000
2018,,61,Improvements Capital Utilities Water Dallas,Major Maintenance - Rehabilitation,,,,,,,,,,,,,
2018,,61,Improvements Capital Utilities Water Dallas,Major Maintenance - Rehabilitation,,,,,,,,,,,,,
2018,,61,Improvements Capital Utilities Water Dallas,Major Maintenance - Rehabilitation,,,,,,,,1203741,0,0,0,00,0
2018,,61,Improvements Capital Utilities Water Dallas,Major Maintenance - Rehabilitation,,,,,,,,9700000,8127734,0,0,00,0
2018,,61,Improvements Capital Utilities Water Dallas,Major Maintenance - Rehabilitation,,,,,,,,6158000,158000,1500000,0,15000001500000,1500000
2018,,62,Improvements Capital Utilities Water Dallas,Relocations In Advance Of Paving,,,,,,,,,,,,,
2018,,62,Improvements Capital Utilities Water Dallas,Relocations Due To Paving,,,,,,,,63845455,-649588,0,0,00,0
2018,,62,Improvements Capital Utilities Water Dallas,Relocations Due To Paving3,,,,,,,,40223211,7333565,550000,550000,550000550000,550000
2018,,62,Improvements Capital Utilities Water Dallas,Relocations Due To Paving4,,,,,,,,71495609,11788766,800000,800000,800000800000,800000
2018,,62,Improvements Capital Utilities Water Dallas,Relocations Due To Paving5,,,,,,,,29331828,461810,0,0,00,0
2018,,63,Improvements Capital Utilities Water Dallas,"Service Centers, Offices And",,,,,,,,,,,,,
2018,,63,Improvements Capital Utilities Water Dallas,Service Ctr-Ofcs-Research,,,,,,,,1555863,0,0,0,00,0
2018,,63,Improvements Capital Utilities Water Dallas,Service Ctr-Ofcs-Research2,,,,,,,,10774746,5245638,0,0,00,0
2018,,63,Improvements Capital Utilities Water Dallas,Service Ctr-Ofcs-Research3,,,,,,,,59311317,9060542,3000000,3000000,30000003000000,3000000
2018,,63,Improvements Capital Utilities Water Dallas,Service Ctr-Ofcs-Research4,,,,,,,,3473810,0,0,0,00,0
2018,,63,Improvements Capital Utilities Water Dallas,Service Ctr-Ofcs-Research4,,,,,,,,7950001,3950001,4000000,0,00,0
2018,,63,Improvements Capital Utilities Water Dallas,Studies and Master Plan,,,,,,,,,,,,,
2018,,63,Improvements Capital Utilities Water Dallas,Studies-Master Plans1,,,,,,,,26276454,8830738,1000000,1000000,10000001000000,1000000
2018,,63,Improvements Capital Utilities Water Dallas,Studies-Master Plan 2,,,,,,,,44834974,7649462,4100000,100000,50000100000,100000
2018,,63,Improvements Capital Utilities Water Dallas,Studies-Master Plans3,,,,,,,,3835716,0,0,0,00,0
2018,,64,Improvements Capital Utilities Water Dallas,Studies-Master Plans,,,,,,,,200000,200000,0,0,00,0
2018,,64,Improvements Capital Utilities Water Dallas,Water Supply Reservoirs And,,,,,,,,,,,,,
2018,,64,Improvements Capital Utilities Water Dallas,Supply Reservoirs - Dams1,,,,,,,,38182884,1638002,0,0,15000000,0
2018,,64,Improvements Capital Utilities Water Dallas,Supply Reservoirs - Dams,,,,,,,,3569539,35749,0,0,00,0
2018,,64,Improvements Capital Utilities Water Dallas,Supply Reservoirs - Dams,,,,,,,,27000000,9917216,2000000,10000000,50000000,0
2018,,64,Improvements Capital Utilities Water Dallas,Waste Water Treatment Plants,,,,,,,,,,,,,
2018,,64,Improvements Capital Utilities Water Dallas,Central Ww Treat Pl- Facs,,,,,,,,64622504,1914260,6800000,5000000,00,0
2018,,64,Improvements Capital Utilities Water Dallas,Central Ww Treat Pl - Faci,,,,,,,,118903375,40116,0,0,00,0
2018,,65,Improvements Capital Utilities Water Dallas,Southside Ww Treat Pl - Fa,,,,,,,,118373883,27566,0,0,00,0
2018,,65,Improvements Capital Utilities Water Dallas,Southside Ww Treat Pl - Fa2,,,,,,,,129566321,3297427,2000000,2500000,20000003000000,14000000
2018,,66,Improvements Capital Utilities Water Dallas,Water Treatment Plants And,,,,,,,,,,,,,
2018,,66,Improvements Capital Utilities Water Dallas,Bachman Water Tr Pl - Facs1,,,,,,,,30975554,7979709,0,0,00,7000000
2018,,66,Improvements Capital Utilities Water Dallas,Bachman Water Tr Pl - Facs,,,,,,,,42589485,782798,0,0,00,0
2018,,66,Improvements Capital Utilities Water Dallas,East Side Water Tr Pl - Fa,,,,,,,,134362628,214908,0,0,00,0
2018,,66,Improvements Capital Utilities Water Dallas,East Side Water Tr Pl - Fa,,,,,,,,137905543,81737025,12000000,25000000,00,0
2018,,66,Improvements Capital Utilities Water Dallas,East Side Water Tr Pl - Fa3,,,,,,,,50379438,8664526,2000000,0,00,1000000
2018,,67,Improvements Capital Utilities Water Dallas,Elm Fork Water Tr Pl - Fac,,,,,,,,112158250,577557,0,0,00,0
2018,,67,Improvements Capital Utilities Water Dallas,Elm Fork Water Tr Pl - Fac,,,,,,,,271030246,50326642,9000000,32000000,200000017000000,81000000
2018,,67,Improvements Capital Utilities Water Dallas,Elm Fork Water Tr Pl - Fac2,,,,,,,,47221605,2094716,0,0,00,0
2018,,67,Improvements Capital Utilities Water Dallas,Wholesale Customer Facilities,,,,,,,,,,,,,
2018,,67,Improvements Capital Utilities Water Dallas,Wholesale Customer Facilities,,,,,,,,2525365,0,500000,2000000,00,0
2018,,67,Improvements Capital Utilities Water Dallas,Wholesale Customer Facilities,,,,,,,,12886119,5070198,1000000,3000000,500000500000,500000
2018,,67,Improvements Capital Utilities Water Dallas,Wholesale Customer Facilities,,,,,,,,352200,0,0,0,00,0
2018,,79,Improvements Capital Development Economic,Argos,,,,,,,,0,1100000,0,0,0,0
2018,,79,Improvements Capital Development Economic,Better Block,,,,,,,,0,40000,0,0,0,0
2018,,79,Improvements Capital Development Economic,Danieldale,,,,,,,,0,1474,0,0,0,0
2018,,79,Improvements Capital Development Economic,The,,,,,,,,0,4500.00,0,0,0,0
2018,,79,Improvements Capital Development Economic,The,,,,,,,,0,90956,0,0,0,0
2018,,79,Improvements Capital Development Economic,Economic,,,,,,,,,,,,,
2018,,79,Improvements Capital Development Economic,Demand,,,,,,,,0,2374356,0,0,0,0
2018,,79,Improvements Capital Development Economic,Economic,,,,,,,,0,695537,0,10000000,16400000,15987800
2018,,79,Improvements Capital Development Economic,Hou Prop 8,,,,,,,,0,0,0,0,0,0
2018,,79,Improvements Capital Development Economic,Public Art,,,,,,,,,,,,,
2018,,79,Improvements Capital Development Economic,Development,,,,,,,,0,2458,0,0,0,0
2018,,79,Improvements Capital Development Economic,Public Art,,,,,,,,,,,,,
2018,,79,Improvements Capital Development Economic,Development,,,,,,,,0,9832,0,0,0,0
2018,,80,Improvements Capital Development Economic,Red bird Mall,,,,,,,,0,2500000,0,0,0,0
2018,,80,Improvements Capital Development Economic,Red bird Mall,,,,,,,,0,2500000,0,0,0,0
2018,,80,Improvements Capital Development Economic,Red bird Mall,,,,,,,,0,3012200,0,0,0,0
2018,,80,Improvements Capital Development Economic,UNT -,,,,,,,,0,4786450,0,0,0,0
2018,,80,Improvements Capital Development Economic,Wynnewood,,,,,,,,0,1304463,0,0,0,0
2018,,80,Improvements Capital Development Economic,Public Private,,,,,,,,,,,,,
2018,,80,Improvements Capital Development Economic,Action Plan for,,,,,,,,,,,,,
2018,,80,Improvements Capital Development Economic,Development,,,,,,,,0,26281,0,0,0,0
2018,,80,Improvements Capital Development Economic,Advisory,,,,,,,,,,,,,
2018,,80,Improvements Capital Development Economic,Policy,,,,,,,,0,10000,0,0,0,0
2018,,80,Improvements Capital Development Economic,Dallas Protocol,,,,,,,,,,,,,
2018,,80,Improvements Capital Development Economic,Contract,,,,,,,,0,100000,0,0,0,0
2018,,80,Improvements Capital Development Economic,Downtown,,,,,,,,0,533934,0,0,0,0
2018,,80,Improvements Capital Development Economic,Economic,,,,,,,,8279024,17082679,11192140,8279024,8279024,8279024
2018,,80,Improvements Capital Development Economic,Hillcrest,,,,,,,,0,3000000,0,0,0,0
2018,,80,Improvements Capital Development Economic,Main District,,,,,,,,0,237878,0,0,0,0
2018,,80,Improvements Capital Development Economic,Misc.,,,,,,,,0,1317841,0,0,0,0
2018,,80,Improvements Capital Development Economic,Neighborhood,,,,,,,,,,,,,
2018,,80,Improvements Capital Development Economic,Program,,,,,,,,0,1343464,0,0,0,0
2018,,80,Improvements Capital Development Economic,Pub-Private,,,,,,,,0,30522,0,0,0,0
2018,,80,Improvements Capital Development Economic,Public Private,,,,,,,,,,,,,
2018,,80,Improvements Capital Development Economic,Rehabilitation,,,,,,,,0,1000000,0,0,0,0
2018,,80,Improvements Capital Development Economic,Red bird Mall,,,,,,,,0,12000000,0,0,0,0
2018,,80,Improvements Capital Development Economic,SD Adaptive,,,,,,,,0,250000,0,0,0,0
2018,,80,Improvements Capital Development Economic,Small Business,,,,,,,,0,7325,0,0,0,0
2018,,80,Improvements Capital Development Economic,Southern,,,,,,,,,,,,,
2018,,80,Improvements Capital Development Economic,Program -,,,,,,,,0,-30000,0,0,0,0
2018,,81,Improvements Capital Development Economic,Southwest,,,,,,,,,,,,,
2018,,81,Improvements Capital Development Economic,University of,,,,,,,,0,3405,0,0,0,0
2018,,81,Improvements Capital Development Economic,Workforce,,,,,,,,,,,,,
2018,,81,Improvements Capital Development Economic,Retention,,,,,,,,0,1251379,0,0,0,0
2018,,81,Improvements Capital Development Economic,Cedars TIF,,,,,,,,,,,,,
2018,,81,Improvements Capital Development Economic,Cedars Tax,,,,,,,,0,1775392,0,0,0,0
2018,,81,Improvements Capital Development Economic,Plaza Hotel,,,,,,,,0,743785,691440,312939,0,0
2018,,81,Improvements Capital Development Economic,City Center,,,,,,,,,,,,,
2018,,81,Improvements Capital Development Economic,1530 Main,,,,,,,,0,185487,0,0,0,0
2018,,81,Improvements Capital Development Economic,211 N. Ervay,,,,,,,,0,0,121804,1878196,0,0
2018,,81,Improvements Capital Development Economic,City Center,,,,,,,,0,33412,0,0,0,0
2018,,81,Improvements Capital Development Economic,City Center,,,,,,,,0,844098,180000,180000,0,0
2018,,81,Improvements Capital Development Economic,City Center,,,,,,,,0,558458,0,0,0,0
2018,,81,Improvements Capital Development Economic,City Center,,,,,,,,0,7902284,3000000,0,0,0
2018,,81,Improvements Capital Development Economic,Fairfield at,,,,,,,,0,1599013,1478096,0,0,0
2018,,81,Improvements Capital Development Economic,Flora Street,,,,,,,,0,0,0,3572544,596506,408867
2018,,81,Improvements Capital Development Economic,Hartford,,,,,,,,,,,,,
2018,,81,Improvements Capital Development Economic,Mid Elm Lofts,,,,,,,,1081004,0,9064,9064,9064,2791804
2018,,81,Improvements Capital Development Economic,Redev. Fidelity,,,,,,,,0,916118,1118059,444904,0,0
2018,,81,Improvements Capital Development Economic,Repayment Of,,,,,,,,0,3955528,0,0,0,0
2018,,81,Improvements Capital Development Economic,Thanksgiving,,,,,,,,0,411516,10585,774607,3882005,1322218
2018,,82,Improvements Capital Development Economic,Cypress,,,,,,,,,,,,,
2018,,82,Improvements Capital Development Economic,Cypress,,,,,,,,0,240690,0,0,0,0
2018,,82,Improvements Capital Development Economic,Cypress,,,,,,,,0,1409406,1979799,2267099,2172760,0
2018,,82,Improvements Capital Development Economic,Cypress,,,,,,,,2806634,0,0,0,861729,2499677
2018,,82,Improvements Capital Development Economic,Davis Garden,,,,,,,,,,,,,
2018,,82,Improvements Capital Development Economic,4512 W. Davis,,,,,,,,438100,0,281330,172459,259160,448951
2018,,82,Improvements Capital Development Economic,Canyon in Oak,,,,,,,,3826854,0,0,0,0,768895
2018,,82,Improvements Capital Development Economic,Davis Garden -,,,,,,,,0,1831726,0,0,0,0
2018,,82,Improvements Capital Development Economic,Davis Garden,,,,,,,,0,63621,0,0,0,0
2018,,82,Improvements Capital Development Economic,Davis St,,,,,,,,,,,,,
2018,,82,Improvements Capital Development Economic,Public,,,,,,,,0,14,937754,1121847,1087997,0
2018,,82,Improvements Capital Development Economic,IH 30 frontage,,,,,,,,,,,,,
2018,,82,Improvements Capital Development Economic,Improvement,,,,,,,,,,,,,
2018,,82,Improvements Capital Development Economic,West 7th,,,,,,,,0,0,0,225714,0,0
2018,,82,Improvements Capital Development Economic,Improvement,,,,,,,,54771,0,221408,203625,362747,1103341
2018,,82,Improvements Capital Development Economic,INCAP,,,,,,,,0,0,0,0,436343,0
2018,,82,Improvements Capital Development Economic,Open Space,,,,,,,,,,,,,
2018,,82,Improvements Capital Development Economic,Stevens Hills,,,,,,,,0,0,0,118820,0,0
2018,,82,Improvements Capital Development Economic,Streetcar,,,,,,,,,,,,,
2018,,82,Improvements Capital Development Economic,Streetcar,,,,,,,,300000,0,0,225714,523683,13506230
2018,,82,Improvements Capital Development Economic,Deep Ellum,,,,,,,,,,,,,
2018,,82,Improvements Capital Development Economic,Deep Ellum,,,,,,,,0,2123552,0,0,0,0
2018,,82,Improvements Capital Development Economic,Deep Ellum,,,,,,,,0,1600000,700000,755897,444103,0
2018,,82,Improvements Capital Development Economic,Old Dallas,,,,,,,,0,0,1546610,1949082,97495,0
2018,,83,Improvements Capital Development Economic,Alexan,,,,,,,,,,,,,
2018,,83,Improvements Capital Development Economic,Design District,,,,,,,,,,,,,
2018,,83,Improvements Capital Development Economic,Advances,,,,,,,,0,10456549,0,0,0,0
2018,,83,Improvements Capital Development Economic,Hotel Project,,,,,,,,0,0,2000000,4000000,0,0
2018,,83,Improvements Capital Development Economic,Downtown,,,,,,,,,,,,,
2018,,83,Improvements Capital Development Economic,1712,,,,,,,,176428,176428,176428,176428,176428,176428
2018,,83,Improvements Capital Development Economic,411 N Akard,,,,,,,,142892,142892,142892,142892,142892,142892
2018,,83,Improvements Capital Development Economic,Atmos,,,,,,,,0,9425707,1878845,0,0,0
2018,,83,Improvements Capital Development Economic,Continental,,,,,,,,180046,3146834,180046,180046,180046,180046
2018,,83,Improvements Capital Development Economic,Downtown,,,,,,,,0,857999,0,0,0,0
2018,,83,Improvements Capital Development Economic,Downtown,,,,,,,,,,,,,
2018,,83,Improvements Capital Development Economic,of Advances,,,,,,,,0,16663897,0,0,0,0
2018,,83,Improvements Capital Development Economic,LTV Tower,,,,,,,,0,259922,255598,14748528,944357,0
2018,,83,Improvements Capital Development Economic,Olympic,,,,,,,,15950553,686234,686234,686234,15474891,15620419
2018,,83,Improvements Capital Development Economic,Petro Corrigan,,,,,,,,0,118806,7817406,2363787,0,0
2018,,83,Improvements Capital Development Economic,PetroCorrigan,,,,,,,,118806,118806,118806,118806,118806,118806
2018,,83,Improvements Capital Development Economic,Statler-Library,,,,,,,,14506968,459441,459441,459441,459411,459411
2018,,83,Improvements Capital Development Economic,Stoneleigh,,,,,,,,0,1178370,697874,348937,274818,0
2018,,83,Improvements Capital Development Economic,Farmers,,,,,,,,,,,,,
2018,,83,Improvements Capital Development Economic,2101 Taylor St,,,,,,,,1878702,0,0,0,0,1674778
2018,,83,Improvements Capital Development Economic,Farmers Mkt,,,,,,,,0,32495,0,0,0,0
2018,,83,Improvements Capital Development Economic,Farmers Mkt,,,,,,,,0,46000,0,0,0,0
2018,,83,Improvements Capital Development Economic,Farmers Mkt,,,,,,,,0,588383,0,0,0,0
2018,,84,Improvements Capital Development Economic,Farmers Mkt,,,,,,,,,,,,,
2018,,84,Improvements Capital Development Economic,FM,,,,,,,,0,2000000,2593126,2426803,2626534,995328
2018,,84,Improvements Capital Development Economic,Townhomes,,,,,,,,0,279539,0,0,0,0
2018,,84,Improvements Capital Development Economic,Fort Worth,,,,,,,,,,,,,
2018,,84,Improvements Capital Development Economic,Collective,,,,,,,,0,439835,0,0,0,0
2018,,84,Improvements Capital Development Economic,Fort Worth,,,,,,,,0,5176,0,0,0,0
2018,,84,Improvements Capital Development Economic,Fort Worth,,,,,,,,0,1225379,0,0,0,0
2018,,84,Improvements Capital Development Economic,Sylvan Thirty,,,,,,,,0,240256,1005594,0,0,0
2018,,84,Improvements Capital Development Economic,Mall Area,,,,,,,,,,,,,
2018,,84,Improvements Capital Development Economic,Mall Area,,,,,,,,0,81470,0,0,0,0
2018,,84,Improvements Capital Development Economic,District,,,,,,,,0,81470,0,0,0,0
2018,,84,Improvements Capital Development Economic,Love Field,,,,,,,,0,1455151,1544849,0,0,0
2018,,84,Improvements Capital Development Economic,Maple Station,,,,,,,,,,,,,
2018,,84,Improvements Capital Development Economic,Advances,,,,,,,,0,2500453,0,0,0,0
2018,,84,Improvements Capital Development Economic,Oak Cliff,,,,,,,,,,,,,
2018,,84,Improvements Capital Development Economic,Alexan Trinity,,,,,,,,0,787536,2200972,781373,0,0
2018,,84,Improvements Capital Development Economic,BISHOP ARTS,,,,,,,,0,25000,690000,769573,3515427,0
2018,,84,Improvements Capital Development Economic,Bishop Arts,,,,,,,,0,0,690000,769573,9765427,0
2018,,84,Improvements Capital Development Economic,DISD – Hogg,,,,,,,,0,0,494584,258637,0,0
2018,,84,Improvements Capital Development Economic,Oak,,,,,,,,0,0,0,0,0,0
2018,,85,Improvements Capital Development Economic,Oakliff Tax,,,,,,,,,,,,,
2018,,85,Improvements Capital Development Economic,Grand Park,,,,,,,,,,,,,
2018,,85,Improvements Capital Development Economic,Grand Park,,,,,,,,,,,,,
2018,,85,Improvements Capital Development Economic,Advances,,,,,,,,0,214629,0,0,0,0
2018,,85,Improvements Capital Development Economic,Grand Park,,,,,,,,0,9093,0,0,0,0
2018,,85,Improvements Capital Development Economic,Skillman,,,,,,,,,,,,,
2018,,85,Improvements Capital Development Economic,Lake Highlands,,,,,,,,,,,,,
2018,,85,Improvements Capital Development Economic,Enhancement,,,,,,,,0,0,35000,0,0,0
2018,,85,Improvements Capital Development Economic,Lake Highlands,,,,,,,,0,2550469,0,0,0,0
2018,,85,Improvements Capital Development Economic,Lake Highlands,,,,,,,,0,5697,1662251,0,0,0
2018,,85,Improvements Capital Development Economic,Lakeridge,,,,,,,,0,0,0,4500630,0,0
2018,,85,Improvements Capital Development Economic,RISD Public,,,,,,,,319430,197799,218175,239993,263992,290391
2018,,85,Improvements Capital Development Economic,Skillman,,,,,,,910131,,,,,,
2018,,85,Improvements Capital Development Economic,Advances,,,,,,,,0,5055246,0,0,0,0
2018,,85,Improvements Capital Development Economic,Skillman,,,,,,,,0,16815,0,0,0,0
2018,,85,Improvements Capital Development Economic,Southwestern,,,,,,,,,,,,,
2018,,85,Improvements Capital Development Economic,Cedars Branch,,,,,,,,0,0,0,0,826500,0
2018,,85,Improvements Capital Development Economic,Cedars Branch,,,,,,,,0,0,0,0,7898366,0
2018,,85,Improvements Capital Development Economic,Southwestern,,,,,,,,,,,,,
2018,,85,Improvements Capital Development Economic,Advances,,,,,,,,0,5139154,0,0,0,0
2018,,85,Improvements Capital Development Economic,Sports Arena,,,,,,,,,,,,,
2018,,85,Improvements Capital Development Economic,North Parking,,,,,,,,1993035,1512915,1993035,1993035,1993035,1993035
2018,,85,Improvements Capital Development Economic,North Parking,,,,,,,,0,0,200000,0,0,0
2018,,86,Improvements Capital Development Economic,Sports Arena,,,,,,,,,,,,,
2018,,86,Improvements Capital Development Economic,Sports Arena,,,,,,,,0,605317,0,0,0,0
2018,,86,Improvements Capital Development Economic,Sports Arena,,,,,,,,0,43831,0,0,0,0
2018,,86,Improvements Capital Development Economic,Sports Arena,,,,,,,,0,23000,0,0,0,0
2018,,86,Improvements Capital Development Economic,Trinity Groves,,,,,,,,216768,0,1914759,3433121,4099738,4285514
2018,,86,Improvements Capital Development Economic,Trinity Groves,,,,,,,,0,1726671,422409,0,0,0
2018,,86,Improvements Capital Development Economic,Two-Way,,,,,,,,0,2123750,582444,0,0,0
2018,,86,Improvements Capital Development Economic,Victory Park,,,,,,,,0,1114105,3282052,665792,0,0
2018,,86,Improvements Capital Development Economic,Victory South,,,,,,,,855000,1000,855000,855000,855000,855000
2018,,86,Improvements Capital Development Economic,Victory,,,,,,,,0,0,3462829,0,0,0
2018,,86,Improvements Capital Development Economic,Victory,,,,,,,,0,0,0,1166666,1166666,1166666
2018,,86,Improvements Capital Development Economic,Transit,,,,,,,,,,,,,
2018,,86,Improvements Capital Development Economic,District,,,,,,,,,,,,,
2018,,86,Improvements Capital Development Economic,Alamo,,,,,,,,0,239,353206,370867,351830,0
2018,,86,Improvements Capital Development Economic,District,,,,,,,,0,0,400000,0,0,0
2018,,86,Improvements Capital Development Economic,TOD - TIF,,,,,,,,0,3304510,0,0,0,0
2018,,86,Improvements Capital Development Economic,Transit,,,,,,,2348,,,,,,
2018,,86,Improvements Capital Development Economic,Advances,,,,,,,,0,2349221,0,0,0,0
2018,,86,Improvements Capital Development Economic,Vickery,,,,,,,,,,,,,
2018,,86,Improvements Capital Development Economic,Affordable,,,,,,,,0,0,555000,0,0,0
2018,,86,Improvements Capital Development Economic,Vickery,,,,,,,,0,7839,0,0,0,0
2018,,86,Improvements Capital Development Economic,Vickery,,,,,,,,,,,,,
2018,,86,Improvements Capital Development Economic,Advances,,,,,,,,1906000,2838482,1906000,1906000,1906000,1906000
2018,,97,Improvements Capital Recreation And Park,ACTIVITY,,,,,,,,,,,,,
2018,,97,Improvements Capital Recreation And Park,Administrative and Internal,,,,,,,,,,,,,
2018,,97,Improvements Capital Recreation And Park,District 2 Service Center,P764,,,,,,1375378,1375378,0,0,0,0,0
2018,,97,Improvements Capital Recreation And Park,Luna Vista Service Center,P761,,,,,,19154,19154,0,0,0,0,0
2018,,97,Improvements Capital Recreation And Park,Muchert Service Center,P762,,,,,,174566,174566,0,0,0,0,0
2018,,98,Improvements Capital Recreation And Park,Park Service Center replacement,T248,,,,,,864,864,0,0,0,0,0
2018,,98,Improvements Capital Recreation And Park,Aquatic Facilities,,,,,,,,,,,,,
2018,,98,Improvements Capital Recreation And Park,Aquatic Master Plan Implement-Ph 1,VB01,,,,,,11000000,11000000,0,0,0,0,0
2018,,98,Improvements Capital Recreation And Park,Aquatic Facilities with Support,W109,,,,,,600000,600000,0,0,0,0,0
2018,,98,Improvements Capital Recreation And Park,Aquatics Master Plan,VB02,,,,,,1400000,13200000,11800000,0,0,0,0
2018,,98,Improvements Capital Recreation And Park,[Exline - Bahama],,,,,,,,,,,,,
2018,,98,Improvements Capital Recreation And Park,Bachman Lake Park - Regional Family,VB83,,,,,,1100000,3500000,2400000,0,0,0,0
2018,,98,Improvements Capital Recreation And Park,Aquatic Center - Phase 1,,,,,,,,,,,,,
2018,,99,Improvements Capital Recreation And Park,Bachman Regional Family Aquatic,VB48,,,,,,0,2500000,2500000,0,0,0,0
2018,,99,Improvements Capital Recreation And Park,Phase 1 (with CD 6),,,,,,,,,,,,,
2018,,99,Improvements Capital Recreation And Park,Fretz Park - Expand Parking Lot for,VK50,,,,,,400000,400000,0,0,0,0,0
2018,,99,Improvements Capital Recreation And Park,Center,,,,,,,,,,,,,
2018,,99,Improvements Capital Recreation And Park,Grauwyler Park - Sprayground,VB42,,,,,,401000,2000000,1599000,0,0,0,0
2018,,99,Improvements Capital Recreation And Park,Harry Stone Park - Neighborhood,VK29,,,,,,700000,6200000,5500000,0,0,0,0
2018,,99,Improvements Capital Recreation And Park,Aquatic Center,,,,,,,,,,,,,
2018,,99,Improvements Capital Recreation And Park,Jaycee Zaragoza Park - Sprayground,VB76,,,,,,491000,1885000,1394000,0,0,0,0
2018,,99,Improvements Capital Recreation And Park,"K. B. Polk Park - Sprayground-sm.,",,,,,,,,,,,,,
2018,,99,Improvements Capital Recreation And Park,"trail, playground, shade",VB44,,,,,,501000,2000000,1499000,0,0,0,0
2018,,99,Improvements Capital Recreation And Park,Kleberg-Rylie Park - Sprayground,VK14,,,,,,461000,1480000,1019000,0,0,0,0
2018,,99,Improvements Capital Recreation And Park,Nash Davis Park - Spraygound,VB77,,,,,,200000,2000000,1800000,0,0,0,0
2018,,99,Improvements Capital Recreation And Park,Spray park or recreational amenity at,,,,,,,,,,,,,
2018,,99,Improvements Capital Recreation And Park,Site - TBD,VK44,,,,,,0,332000,0,332000,0,0,0
2018,,99,Improvements Capital Recreation And Park,Timberglen Park - sprayground,VK66,,,,,,448000,2000000,1552000,0,0,0,0
2018,,99,Improvements Capital Recreation And Park,Athletic Facilities Improvements,,,,,,,,,,,,,
2018,,99,Improvements Capital Recreation And Park,Anderson Bonner - Renovate Soccer,,,,,,,,,,,,,
2018,,99,Improvements Capital Recreation And Park,with lights and bleachers,VK47,,,,,,0,500000,0,0,70000,430000,0
2018,,99,Improvements Capital Recreation And Park,Arcadia Park - Add lighting at outdoor,,,,,,,,,,,,,
2018,,99,Improvements Capital Recreation And Park,basketball gym,VB82,,,,,,30000,30000,0,0,0,0,0
2018,,99,Improvements Capital Recreation And Park,Beckley Saner Park - Renovate,,,,,,,,,,,,,
2018,,99,Improvements Capital Recreation And Park,softball fields,VB61,,,,,,0,400000,400000,0,0,0,0
2018,,99,Improvements Capital Recreation And Park,Bentwood Park - tennis - add player,VK64,,,,,,0,50000,0,50000,0,0,0
2018,,99,Improvements Capital Recreation And Park,park furnishings,,,,,,,,,,,,,
2018,,99,Improvements Capital Recreation And Park,Brownwood Park - Soccer Field,VB74,,,,,,0,200000,80000,120000,0,0,0
2018,,99,Improvements Capital Recreation And Park,Casa Linda Park - Basketball,VK18,,,,,,0,35000,0,35000,0,0,0
2018,,99,Improvements Capital Recreation And Park,Cotillion Park - Player Bench,VK20,,,,,,13718,13718,0,0,0,0,0
2018,,99,Improvements Capital Recreation And Park,Hillview Park - Renovate Basketball,VB92,,,,,,0,17000,17000,0,0,0,0
2018,,99,Improvements Capital Recreation And Park,Lakewood Park - Basketball Renovate,VK23,,,,,,0,80000,0,0,10000,70000,0
2018,,99,Improvements Capital Recreation And Park,Overlake Park - Bleachers,VB75,,,,,,50000,50000,0,0,0,0,0
2018,,99,Improvements Capital Recreation And Park,Timberglen Park - Softball outfield,VK62,,,,,,0,150000,150000,0,0,0,0
2018,,99,Improvements Capital Recreation And Park,"Wahoo Park - Basketball - Full Court,",VK03,,,,,,0,80000,0,80000,0,0,0
2018,,99,Improvements Capital Recreation And Park,Walnut Hill Park - Basketball -,VK77,,,,,,0,160000,0,0,160000,0,0
2018,,99,Improvements Capital Recreation And Park,existing and add new,,,,,,,,,,,,,
2018,,99,Improvements Capital Recreation And Park,Walnut Hill Park - Replace softball,VK78,,,,,,0,230000,0,0,230000,0,0
2018,,99,Improvements Capital Recreation And Park,and bleachers on existing pad,,,,,,,,,,,,,
2018,,100,Improvements Capital Recreation And Park,Willie Mae Butler Park - Convert,VK07,,,,,,0,42000,0,42000,0,0,0
2018,,100,Improvements Capital Recreation And Park,Court to Basketball,,,,,,,,,,,,,
2018,,100,Improvements Capital Recreation And Park,Citywide Parks,,,,,,,,,,,,,
2018,,100,Improvements Capital Recreation And Park,Grant Matching Funds,K172,,,,,,150036,150036,0,0,0,0,0
2018,,100,Improvements Capital Recreation And Park,Land Acquisition - Plan,K212,,,,,,169187,169187,0,0,0,0,0
2018,,100,Improvements Capital Recreation And Park,"Code Compliance, Safety, Security",,,,,,,,,,,,,
2018,,100,Improvements Capital Recreation And Park,Accessibility and Code Compliance,T046,,,,,,686,686,0,0,0,0,0
2018,,101,Improvements Capital Recreation And Park,Accessibility And Code Complia,K100,,,,,,201905,201905,0,0,0,0,0
2018,,101,Improvements Capital Recreation And Park,ADA/Code Allowance (locations TBD),VB14,,,,,,0,150000,0,25000,125000,0,0
2018,,101,Improvements Capital Recreation And Park,Citywide Security Lighting,T044,,,,,,849,849,0,0,0,0,0
2018,,101,Improvements Capital Recreation And Park,Juanita J. Craft Park - ADA Drinking,VB97,,,,,,11000,11000,0,0,0,0,0
2018,,101,Improvements Capital Recreation And Park,Fountain,,,,,,,,,,,,,
2018,,101,Improvements Capital Recreation And Park,Sand Springs Park - ADA Drinking,VK02,,,,,,0,42000,42000,0,0,0,0
2018,,101,Improvements Capital Recreation And Park,Park Furnishings Package,,,,,,,,,,,,,
2018,,101,Improvements Capital Recreation And Park,Parkdale Park - ADA Drinking,VB99,,,,,,0,5500,5500,0,0,0,0
2018,,101,Improvements Capital Recreation And Park,Security Cameras [Rec Centers],T278,,,,,,43000,43000,0,0,0,0,0
2018,,101,Improvements Capital Recreation And Park,Wahoo Park - ADA Drinking Fountain,VK04,,,,,,0,5500,0,5500,0,0,0
2018,,102,Improvements Capital Recreation And Park,Community Parks,,,,,,,,,,,,,
2018,,102,Improvements Capital Recreation And Park,Forest-Audelia Area Park Project,P918,,,,,,881604,881604,0,0,0,0,0
2018,,102,Improvements Capital Recreation And Park,Dallas Arboretum,,,,,,,,,,,,,
2018,,102,Improvements Capital Recreation And Park,Dallas Arboretum (Match),VB09,,,,,,0,1000000,0,0,1000000,0,0
2018,,102,Improvements Capital Recreation And Park,Garland Road Sidewalk at the,,,,,,,,,,,,,
2018,,102,Improvements Capital Recreation And Park,frontage,VB12,,,,,,0,400000,400000,0,0,0,0
2018,,102,Improvements Capital Recreation And Park,Dallas Zoo,,,,,,,,,,,,,
2018,,102,Improvements Capital Recreation And Park,Dallas Zoo (Match),VB08,,,,,,0,3500000,0,0,0,3500000,0
2018,,102,Improvements Capital Recreation And Park,Downtown Park Development,,,,,,,,,,,,,
2018,,102,Improvements Capital Recreation And Park,"Downtown Parks - Carpenter,",VB03,,,,,,15957594,35000000,1000000,18042406,0,0,0
2018,,102,Improvements Capital Recreation And Park,West End [Match],,,,,,,,,,,,,
2018,,102,Improvements Capital Recreation And Park,Downtown Park Development,7087,,,,,,3295867,3295867,0,0,0,0,0
2018,,102,Improvements Capital Recreation And Park,Klyde Warren Park Improvements,VB32,,,,,,0,10000000,0,0,0,10000000,0
2018,,102,Improvements Capital Recreation And Park,(Amendment - 8/9/17),,,,,,,,,,,,,
2018,,102,Improvements Capital Recreation And Park,Midtown Park [Match],VB16,,,,,,0,6000000,0,6000000,0,0,0
2018,,102,Improvements Capital Recreation And Park,Environmental,,,,,,,,,,,,,
2018,,102,Improvements Capital Recreation And Park,Environmental Conservation,T083,,,,,,61018,61018,0,0,0,0,0
2018,,103,Improvements Capital Recreation And Park,Erosion Control,,,,,,,,,,,,,
2018,,103,Improvements Capital Recreation And Park,Anderson Bonner - Creek bank,VK45,,,,,,0,500000,0,0,70000,430000,0
2018,,103,Improvements Capital Recreation And Park,B. B. Owen Park - Site Development,VK39,,,,,,0,250000,50000,200000,0,0,0
2018,,103,Improvements Capital Recreation And Park,Bitter Creek Park - Creek bank,VB67,,,,,,0,273000,0,0,100000,173000,0
2018,,103,Improvements Capital Recreation And Park,Brownwood - Erosion Control,VB73,,,,,,0,400000,120000,280000,0,0,0
2018,,103,Improvements Capital Recreation And Park,Emerald Lake Park - Dam safety and,,,,,,,,,,,,,
2018,,103,Improvements Capital Recreation And Park,control,VB49,,,,,,0,2075000,300000,1775000,0,0,0
2018,,103,Improvements Capital Recreation And Park,Hillview Park - Creek Erosion Control,,,,,,,,,,,,,
2018,,103,Improvements Capital Recreation And Park,Drainage Near Playground,VB95,,,,,,0,403345,403345,0,0,0,0
2018,,103,Improvements Capital Recreation And Park,Kidd Springs - Natural Spring,,,,,,,,,,,,,
2018,,103,Improvements Capital Recreation And Park,Lake bank erosion control,VB34,,,,,,0,1000000,200000,800000,0,0,0
2018,,103,Improvements Capital Recreation And Park,Fair Park Development,,,,,,,,,,,,,
2018,,103,Improvements Capital Recreation And Park,African American Museum,VC03,,,,,,2000000,2000000,0,0,0,0,0
2018,,103,Improvements Capital Recreation And Park,Aquarium Annex,VC11,,,,,,600000,600000,0,0,0,0,0
2018,,103,Improvements Capital Recreation And Park,Centennial Building,VC08,,,,,,0,4400000,0,0,750000,3650000,0
2018,,103,Improvements Capital Recreation And Park,Coliseum,VC06,,,,,,0,9500000,0,1000000,8500000,0,0
2018,,103,Improvements Capital Recreation And Park,Fair Park Livestock Building,T098,,,,,,70517,70517,0,0,0,0,0
2018,,104,Improvements Capital Recreation And Park,Food and Fiber Building,VC05,,,,,,0,1500000,0,250000,1250000,0,0
2018,,104,Improvements Capital Recreation And Park,Hall of State,VC01,,,,,,1400000,14410000,13010000,0,0,0,0
2018,,104,Improvements Capital Recreation And Park,Magnolia Lounge,VC12,,,,,,0,900000,0,0,160000,740000,0
2018,,104,Improvements Capital Recreation And Park,Music Hall,VC02,,,,,,4300000,4300000,0,0,0,0,0
2018,,104,Improvements Capital Recreation And Park,Pan American Complex,VC09,,,,,,0,3480000,350000,3130000,0,0,0
2018,,104,Improvements Capital Recreation And Park,Reserve Fair Park,P547,,,,,,16,16,0,0,0,0,0
2018,,104,Improvements Capital Recreation And Park,Science Place 1 (Phase 1),VC10,,,,,,0,5110000,5110000,0,0,0,0
2018,,104,Improvements Capital Recreation And Park,Texas Discovery Gardens,VC04,,,,,,300000,300000,0,0,0,0,0
2018,,104,Improvements Capital Recreation And Park,Tower Building,VC07,,,,,,0,3500000,500000,3000000,0,0,0
2018,,104,Improvements Capital Recreation And Park,Hike and Bike Trails,,,,,,,,,,,,,
2018,,104,Improvements Capital Recreation And Park,Bachman Lake Trail,S614,,,,,,1000000,1000000,0,0,0,0,0
2018,,104,Improvements Capital Recreation And Park,Casa view Park - Walking Trail,VK19,,,,,,0,400000,0,0,400000,0,0
2018,,104,Improvements Capital Recreation And Park,Circuit Trail - The LOOP (Match),VB05,,,,,,0,20000000,7100000,12900000,0,0,0
2018,,104,Improvements Capital Recreation And Park,Coombs Creek Trail - from,VB36,,,,,,0,2000000,400000,1600000,0,0,0
2018,,104,Improvements Capital Recreation And Park,to Moss Park,,,,,,,,,,,,,
2018,,104,Improvements Capital Recreation And Park,Cummings Park - Walking loop trail -,VB59,,,,,,0,150000,0,0,50000,100000,0
2018,,104,Improvements Capital Recreation And Park,1/4 mi. - new,,,,,,,,,,,,,
2018,,104,Improvements Capital Recreation And Park,Elmwood Pkwy Tr. (Elmwood,VB37,,,,,,0,2000000,400000,0,1600000,0,0
2018,,104,Improvements Capital Recreation And Park,Polk to Gannon Park,,,,,,,,,,,,,
2018,,104,Improvements Capital Recreation And Park,Everglade Park - Exercise stations at,VB88,,,,,,0,150000,150000,0,0,0,0
2018,,104,Improvements Capital Recreation And Park,trail,,,,,,,,,,,,,
2018,,104,Improvements Capital Recreation And Park,Five Mile Creek Trail - Glendale to,T131,,,,,,293805,293805,0,0,0,0,0
2018,,104,Improvements Capital Recreation And Park,[CD 5],,,,,,,,,,,,,
2018,,105,Improvements Capital Recreation And Park,Holcomb Park - 6' wide walking loop,VB70,,,,,,0,400000,0,400000,0,0,0
2018,,105,Improvements Capital Recreation And Park,park furnishings,,,,,,,,,,,,,
2018,,105,Improvements Capital Recreation And Park,KCS Corridor Connection Trail -,VK40,,,,,,0,300000,0,0,0,300000,0
2018,,105,Improvements Capital Recreation And Park,Kleberg Trail,VB17,,,,,,0,1200000,1200000,0,0,0,0
2018,,105,Improvements Capital Recreation And Park,Lake Highlands Trails,VB18,,,,,,1000000,2300000,1300000,0,0,0,0
2018,,105,Improvements Capital Recreation And Park,Lake Highlands Trails (Supplemental,VK41,,,,,,0,500000,500000,0,0,0,0
2018,,105,Improvements Capital Recreation And Park,Martin Weiss Park - Loop trail,,,,,,,,,,,,,
2018,,105,Improvements Capital Recreation And Park,greenbelt,VB38,,,,,,0,1300000,200000,1100000,0,0,0
2018,,105,Improvements Capital Recreation And Park,Northaven Trail,VB06,,,,,,0,2615000,2615000,0,0,0,0
2018,,105,Improvements Capital Recreation And Park,Northaven Trail - Bridge at I-75,,,,,,,,,,,,,
2018,,105,Improvements Capital Recreation And Park,(Supplemental to System-Wide,VK56,,,,,,0,385000,385000,0,0,0,0
2018,,105,Improvements Capital Recreation And Park,Northaven Trail [75 to Hillcrest],T241,,,,,,1182,1182,0,0,0,0,0
2018,,105,Improvements Capital Recreation And Park,R P Brooks Park - Loop Walking Trail,VK34,,,,,,0,300000,0,0,300000,0,0
2018,,105,Improvements Capital Recreation And Park,"Rose Haggar Park - walking loop trail,",VK73,,,,,,0,400000,0,0,400000,0,0
2018,,105,Improvements Capital Recreation And Park,furnishings,,,,,,,,,,,,,
2018,,105,Improvements Capital Recreation And Park,Shadybank Park (Shadybank &,VK60,,,,,,0,700000,0,150000,550000,0,0
2018,,105,Improvements Capital Recreation And Park,Trail connection with low water,,,,,,,,,,,,,
2018,,105,Improvements Capital Recreation And Park,Timberglen Trail,VB19,,,,,,0,4165000,2000000,2165000,0,0,0
2018,,105,Improvements Capital Recreation And Park,Timberglen Trail - supplemental,VK68,,,,,,0,500000,0,500000,0,0,0
2018,,105,Improvements Capital Recreation And Park,Timberglen Trail [Timberglen to Barry,T296,,,,,,143625,143625,0,0,0,0,0
2018,,105,Improvements Capital Recreation And Park,Barker],,,,,,,,,,,,,
2018,,105,Improvements Capital Recreation And Park,Trail Development,7165,,,,,,2847,2847,0,0,0,0,0
2018,,106,Improvements Capital Recreation And Park,White Rock Lake Trail,VB13,,,,,,0,3500000,0,1000000,2500000,0,0
2018,,106,Improvements Capital Recreation And Park,Historic Preservation,,,,,,,,,,,,,
2018,,106,Improvements Capital Recreation And Park,Grady Niblo structure stabilization,T155,,,,,,2073,2073,0,0,0,0,0
2018,,106,Improvements Capital Recreation And Park,Oak Lawn Park (Arlington Hall) -,VK83,,,,,,0,200000,0,50000,150000,0,0
2018,,106,Improvements Capital Recreation And Park,historic WPA rest rooms,,,,,,,,,,,,,
2018,,106,Improvements Capital Recreation And Park,Sharrock Niblo Park - Historic,VB53,,,,,,100000,725000,625000,0,0,0,0
2018,,106,Improvements Capital Recreation And Park,Barn,,,,,,,,,,,,,
2018,,106,Improvements Capital Recreation And Park,Historic Restoration,,,,,,,,,,,,,
2018,,106,Improvements Capital Recreation And Park,Flag Pole Hill Pavilion - Historic,VK32,,,,,,0,200000,200000,0,0,0,0
2018,,106,Improvements Capital Recreation And Park,J. J. Craft Park - historic bench,VB89,,,,,,10000,10000,0,0,0,0,0
2018,,106,Improvements Capital Recreation And Park,Randall Park - Historic Pavilion,VK89,,,,,,0,250000,0,0,250000,0,0
2018,,106,Improvements Capital Recreation And Park,Major Maintenance,,,,,,,,,,,,,
2018,,107,Improvements Capital Recreation And Park,Add Discretionary Funds [Singing,VB54,,,,,,1000000,1000000,0,0,0,0,0
2018,,107,Improvements Capital Recreation And Park,Ctr.[Amended],,,,,,,,,,,,,
2018,,107,Improvements Capital Recreation And Park,City Facilities - Fair Park and Other,W020,,,,,,1000000,1000000,0,0,0,0,0
2018,,107,Improvements Capital Recreation And Park,Facility Repairs,,,,,,,,,,,,,
2018,,107,Improvements Capital Recreation And Park,Discretionary Funding [Singing Hills,VK15,,,,,,1000000,1000000,0,0,0,0,0
2018,,107,Improvements Capital Recreation And Park,[Amended-8-9-17],,,,,,,,,,,,,
2018,,107,Improvements Capital Recreation And Park,Friendship Park - Site Development,VK42,,,,,,0,133000,0,133000,0,0,0
2018,,107,Improvements Capital Recreation And Park,(Supplemental funding),,,,,,,,,,,,,
2018,,107,Improvements Capital Recreation And Park,Martin Luther King Jr. Park -Rec,VB98,,,,,,12155,12155,0,0,0,0,0
2018,,107,Improvements Capital Recreation And Park,Gym. Floor Cover,,,,,,,,,,,,,
2018,,107,Improvements Capital Recreation And Park,Recreation Centers - Golf Course -,,,,,,,,,,,,,
2018,,107,Improvements Capital Recreation And Park,Maintenance,VB33,,,,,,500000,2300000,1000000,800000,0,0,0
2018,,107,Improvements Capital Recreation And Park,Singing Hills Recreation Ctr.,T281,,,,,,14400,14400,0,0,0,0,0
2018,,107,Improvements Capital Recreation And Park,Singing Hills [New] Site Development,VK12,,,,,,200000,200000,0,0,0,0,0
2018,,107,Improvements Capital Recreation And Park,Singing Hills Rec Ctr-Gym Addition,VB22,,,,,,8000000,8000000,0,0,0,0,0
2018,,107,Improvements Capital Recreation And Park,Singing Hills Replacement Recreation,VK13,,,,,,2000000,2000000,0,0,0,0,0
2018,,107,Improvements Capital Recreation And Park,-Addition,,,,,,,,,,,,,
2018,,107,Improvements Capital Recreation And Park,Major Park Facilities,,,,,,,,,,,,,
2018,,107,Improvements Capital Recreation And Park,Athletic Field Lighting,T010,,,,,,730298,730298,0,0,0,0,0
2018,,108,Improvements Capital Recreation And Park,Churchill Recreation Center - Major,VK48,,,,,,0,250000,50000,200000,0,0,0
2018,,108,Improvements Capital Recreation And Park,"Maintenance, HVAC",,,,,,,,,,,,,
2018,,108,Improvements Capital Recreation And Park,Dallas Water Gardens (Match),,,,,,,,,,,,,
2018,,108,Improvements Capital Recreation And Park,8/9/17),VB31,,,,,,0,7500000,0,0,7500000,0,0
2018,,108,Improvements Capital Recreation And Park,Dickerson Street,P516,,,,,,1032027,1032027,0,0,0,0,0
2018,,108,Improvements Capital Recreation And Park,Junius Gateway - Park furnishings,VK88,,,,,,15000,15000,0,0,0,0,0
2018,,108,Improvements Capital Recreation And Park,Kiest Park - Memorial Tree Grove -,,,,,,,,,,,,,
2018,,108,Improvements Capital Recreation And Park,Implementation,VB64,,,,,,70000,250000,180000,0,0,0,0
2018,,108,Improvements Capital Recreation And Park,Texas Horse Park land-develop,T291,,,,,,16255,16255,0,0,0,0,0
2018,,108,Improvements Capital Recreation And Park,Tietze Park - Add ADA parking and,VK84,,,,,,0,100000,0,100000,0,0,0
2018,,108,Improvements Capital Recreation And Park,improvements,,,,,,,,,,,,,
2018,,108,Improvements Capital Recreation And Park,Trinity Development,P347,,,,,,780000,780000,0,0,0,0,0
2018,,108,Improvements Capital Recreation And Park,White Rock Lake Stone Tables,VB07,,,,,,0,280000,280000,0,0,0,0
2018,,108,Improvements Capital Recreation And Park,Neighborhood Park Facilities,,,,,,,,,,,,,
2018,,109,Improvements Capital Recreation And Park,White Rock Hills Park -Neighborhood,VK16,,,,,,200000,200000,0,0,0,0,0
2018,,109,Improvements Capital Recreation And Park,site dev [phase 2],,,,,,,,,,,,,
2018,,109,Improvements Capital Recreation And Park,Park Land Acquisition,,,,,,,,,,,,,
2018,,109,Improvements Capital Recreation And Park,Chalk Hill Trail land acquisition,T038,,,,,,86392,86392,0,0,0,0,0
2018,,109,Improvements Capital Recreation And Park,District 6 Service Center,P763,,,,,,11,11,0,0,0,0,0
2018,,109,Improvements Capital Recreation And Park,"Glover Park - Parking lot with lighting,",VB72,,,,,,0,127000,127000,0,0,0,0
2018,,109,Improvements Capital Recreation And Park,acquisition,,,,,,,,,,,,,
2018,,109,Improvements Capital Recreation And Park,Land Acq. and development of,VK54,,,,,,0,4000000,4000000,0,0,0,0
2018,,109,Improvements Capital Recreation And Park,community park,,,,,,,,,,,,,
2018,,109,Improvements Capital Recreation And Park,Land Acq for Football Complex [Suppl,VB69,,,,,,3300000,3300000,0,0,0,0,0
2018,,109,Improvements Capital Recreation And Park,System-W Land Acq fund],,,,,,,,,,,,,
2018,,109,Improvements Capital Recreation And Park,Land Acq for football complex in CD 5,VB30,,,,,,1200000,1200000,0,0,0,0,0
2018,,109,Improvements Capital Recreation And Park,[supplement CD funds],,,,,,,,,,,,,
2018,,109,Improvements Capital Recreation And Park,Land Acq for the Cedars,VB45,,,,,,0,500000,500000,0,0,0,0
2018,,109,Improvements Capital Recreation And Park,W allocation],,,,,,,,,,,,,
2018,,109,Improvements Capital Recreation And Park,Land Acquisition for CD 10 (to,VB29,,,,,,0,1000000,1000000,0,0,0,0
2018,,109,Improvements Capital Recreation And Park,CD 10 funds),,,,,,,,,,,,,
2018,,109,Improvements Capital Recreation And Park,Land Acquisition - CW Allowance,VB04,,,,,,0,2200000,1100000,1100000,0,0,0
2018,,109,Improvements Capital Recreation And Park,CW),,,,,,,,,,,,,
2018,,109,Improvements Capital Recreation And Park,Land Acquisition (to match $1M from,VK43,,,,,,0,1000000,0,0,1000000,0,0
2018,,109,Improvements Capital Recreation And Park,wide allowance),,,,,,,,,,,,,
2018,,109,Improvements Capital Recreation And Park,Land acquisition and development of,VK63,,,,,,6500000,6500000,0,0,0,0,0
2018,,109,Improvements Capital Recreation And Park,neighborhood park,,,,,,,,,,,,,
2018,,109,Improvements Capital Recreation And Park,Land Acquisition and Partnership,VB27,,,,,,0,2300000,0,1000000,1300000,0,0
2018,,110,Improvements Capital Recreation And Park,Land Acquisition in the Cedars for,VB28,,,,,,0,500000,500000,0,0,0,0
2018,,110,Improvements Capital Recreation And Park,(to supplement CD 2 funds),,,,,,,,,,,,,
2018,,110,Improvements Capital Recreation And Park,Land Acquisition,VB57,,,,,,0,400000,0,200000,200000,0,0
2018,,110,Improvements Capital Recreation And Park,Land Acquisition,VK55,,,,,,0,1600000,1600000,0,0,0,0
2018,,110,Improvements Capital Recreation And Park,Playground Improvement,,,,,,,,,,,,,
2018,,110,Improvements Capital Recreation And Park,Anderson Bonner - Playground - New,VK46,,,,,,0,220000,0,0,30000,190000,0
2018,,110,Improvements Capital Recreation And Park,"Bluffview Pk - playgrnd expansion,",,,,,,,,,,,,,
2018,,110,Improvements Capital Recreation And Park,structure-site dev,VK79,,,,,,50000,350000,300000,0,0,0,0
2018,,110,Improvements Capital Recreation And Park,Bonnie View Park - Playground,VB55,,,,,,0,150000,0,150000,0,0,0
2018,,110,Improvements Capital Recreation And Park,Central Square - playground,VK90,,,,,,40000,220000,180000,0,0,0,0
2018,,110,Improvements Capital Recreation And Park,Cottonwood Park - Playground - Add,,,,,,,,,,,,,
2018,,110,Improvements Capital Recreation And Park,Equipment,VK49,,,,,,0,150000,0,150000,0,0,0
2018,,110,Improvements Capital Recreation And Park,Craddock Park - playground,VK87,,,,,,50000,200000,150000,0,0,0,0
2018,,110,Improvements Capital Recreation And Park,Danieldale Park - Playground,,,,,,,,,,,,,
2018,,110,Improvements Capital Recreation And Park,(at end of life),VK11,,,,,,0,220000,40000,180000,0,0,0
2018,,110,Improvements Capital Recreation And Park,Devon Anderson Park - Replace,,,,,,,,,,,,,
2018,,110,Improvements Capital Recreation And Park,equipment,VB65,,,,,,0,100000,0,100000,0,0,0
2018,,110,Improvements Capital Recreation And Park,Eloise Lundy - Playground expansion,VB56,,,,,,0,150000,0,150000,0,0,0
2018,,110,Improvements Capital Recreation And Park,Flag Pole Hill - Playground [Match],VB21,,,,,,165000,165000,0,0,0,0,0
2018,,110,Improvements Capital Recreation And Park,Flag Pole Hill Park -Playgrnd,VK37,,,,,,135000,135000,0,0,0,0,0
2018,,110,Improvements Capital Recreation And Park,[Supplemental fund],,,,,,,,,,,,,
2018,,110,Improvements Capital Recreation And Park,Frances Rizo Park - Playground,VB78,,,,,,0,250000,0,70000,180000,0,0
2018,,110,Improvements Capital Recreation And Park,ADA drinking fountain,,,,,,,,,,,,,
2018,,110,Improvements Capital Recreation And Park,Fretz Park - Playground,VK51,,,,,,250000,250000,0,0,0,0,0
2018,,110,Improvements Capital Recreation And Park,Glen Meadow - Playground,VK74,,,,,,0,220000,0,0,40000,180000,0
2018,,110,Improvements Capital Recreation And Park,Glencoe playground,T151,,,,,,167066,167066,0,0,0,0,0
2018,,110,Improvements Capital Recreation And Park,Herndon Park - Playground,VB63,,,,,,0,150000,40000,110000,0,0,0
2018,,110,Improvements Capital Recreation And Park,Jamestown Park - Playground,VK76,,,,,,0,200000,0,0,40000,160000,0
2018,,110,Improvements Capital Recreation And Park,swingset and park furnishings,,,,,,,,,,,,,
2018,,110,Improvements Capital Recreation And Park,Lindsley Park - Playground,VK82,,,,,,40000,220000,180000,0,0,0,0
2018,,110,Improvements Capital Recreation And Park,Lochwood Park - Field grading and,VK27,,,,,,0,120000,120000,0,0,0,0
2018,,110,Improvements Capital Recreation And Park,Marcus Park - Playground,VK75,,,,,,0,200000,0,0,40000,160000,0
2018,,110,Improvements Capital Recreation And Park,Martin Luther King Jr. Park -,VB90,,,,,,0,250000,40000,210000,0,0,0
2018,,110,Improvements Capital Recreation And Park,replacement,,,,,,,,,,,,,
2018,,111,Improvements Capital Recreation And Park,Monarch Park - Playground,VB41,,,,,,0,250000,0,250000,0,0,0
2018,,111,Improvements Capital Recreation And Park,Parking/ADA,,,,,,,,,,,,,
2018,,111,Improvements Capital Recreation And Park,"Moss Glen Park - Phase 2 site,",VK58,,,,,,800000,800000,0,0,0,0,0
2018,,111,Improvements Capital Recreation And Park,playground^,,,,,,,,,,,,,
2018,,111,Improvements Capital Recreation And Park,Munger Park - Add shade structure at,VK86,,,,,,0,100000,100000,0,0,0,0
2018,,111,Improvements Capital Recreation And Park,playground,,,,,,,,,,,,,
2018,,111,Improvements Capital Recreation And Park,Samuell Grand Park - Shade structure,VB43,,,,,,0,150000,150000,0,0,0,0
2018,,111,Improvements Capital Recreation And Park,existing playground,,,,,,,,,,,,,
2018,,111,Improvements Capital Recreation And Park,Stafford Park - Playground and park,VB79,,,,,,0,220000,0,40000,180000,0,0
2018,,111,Improvements Capital Recreation And Park,furnishings,,,,,,,,,,,,,
2018,,111,Improvements Capital Recreation And Park,Tietze Park - Add shade structure at,,,,,,,,,,,,,
2018,,111,Improvements Capital Recreation And Park,playground,VK85,,,,,,100000,100000,0,0,0,0,0
2018,,111,Improvements Capital Recreation And Park,"Timberglen Park - pavilion, new",VK67,,,,,,0,450000,0,0,60000,390000,0
2018,,111,Improvements Capital Recreation And Park,Timberleaf Park - Playground new,VK35,,,,,,0,260000,0,40000,220000,0,0
2018,,111,Improvements Capital Recreation And Park,Vickery Meadows Park/Playground at,VK80,,,,,,0,240000,0,240000,,,
2018,,111,Improvements Capital Recreation And Park,Willoughby Park - Playground,VK10,,,,,,0,200000,40000,160000,0,0,0
2018,,111,Improvements Capital Recreation And Park,Public Art,,,,,,,,,,,,,
2018,,111,Improvements Capital Recreation And Park,Kiest Park Public Art,P958,,,,,,28000,28000,0,0,0,0,0
2018,,111,Improvements Capital Recreation And Park,Public Art Admin-Park,N809,,,,,,18672,18672,0,0,0,0,0
2018,,112,Improvements Capital Recreation And Park,Public Art Proj-Park,N810,,,,,,172248,172248,0,0,0,0,0
2018,,112,Improvements Capital Recreation And Park,Recreation Centers,,,,,,,,,,,,,
2018,,113,Improvements Capital Recreation And Park,Bachman Recreation Center,VB23,,,,,,500000,3900000,3400000,0,0,0,0
2018,,113,Improvements Capital Recreation And Park,Bachman Recreation Center,T013,,,,,,777,777,0,0,0,0,0
2018,,113,Improvements Capital Recreation And Park,Fretz Park Recreation Center -,,,,,,,,,,,,,
2018,,113,Improvements Capital Recreation And Park,Treatment - Multipurpose rooms,VK52,,,,,,0,95000,95000,0,0,0,0
2018,,113,Improvements Capital Recreation And Park,Kiowa Parkway - Pedestrian Bridge,VK53,,,,,,0,350000,0,0,60000,290000,0
2018,,113,Improvements Capital Recreation And Park,Lochwood Park - Park furnishings,,,,,,,,,,,,,
2018,,113,Improvements Capital Recreation And Park,including ADA drinking fountain,VK28,,,,,,0,45000,45000,0,0,0,0
2018,,113,Improvements Capital Recreation And Park,Thurgood Marshall Rec. Ctr. Ren.,VB26,,,,,,400000,1400000,1000000,0,0,0,0
2018,,113,Improvements Capital Recreation And Park,Thurgood Marshall Recreation,,,,,,,,,,,,,
2018,,113,Improvements Capital Recreation And Park,Renovation (Supplemental Funding),VB51,,,,,,0,200000,200000,0,0,0,0
2018,,113,Improvements Capital Recreation And Park,Willie B. Johnson Gym. Add'n.,,,,,,,,,,,,,
2018,,113,Improvements Capital Recreation And Park,Park),VB25,,,,,,0,7800000,7800000,0,0,0,0
2018,,113,Improvements Capital Recreation And Park,Willie B. Johnson Recreation Center -,,,,,,,,,,,,,
2018,,113,Improvements Capital Recreation And Park,Addition (Hamilton Park),VB24,,,,,,700000,3800000,3100000,0,0,0,0
2018,,113,Improvements Capital Recreation And Park,Recreation Facilities Site,,,,,,,,,,,,,
2018,,113,Improvements Capital Recreation And Park,Bachman Lake site development,T012,,,,,,16886,16886,0,0,0,0,0
2018,,113,Improvements Capital Recreation And Park,Bachman Lake Skatepark,VB11,,,,,,0,4000000,1000000,3000000,0,0,0
2018,,113,Improvements Capital Recreation And Park,"Barry Barker Park - pavilion, park",VK71,,,,,,50830,650000,100000,499170,0,0,0
2018,,113,Improvements Capital Recreation And Park,"furnishings, ADA drinking fountain",,,,,,,,,,,,,
2018,,113,Improvements Capital Recreation And Park,"Bisbee Park - Parking lot,",VB68,,,,,,0,150000,0,40000,110000,0,0
2018,,113,Improvements Capital Recreation And Park,and signage,,,,,,,,,,,,,
2018,,114,Improvements Capital Recreation And Park,Bishop Flores Park - Connecting,VB86,,,,,,0,775000,75000,700000,0,0,0
2018,,114,Improvements Capital Recreation And Park,neighborhood,,,,,,,,,,,,,
2018,,114,Improvements Capital Recreation And Park,Casa Linda Park Picnic Pavilion,VK17,,,,,,0,425000,80000,345000,0,0,0
2018,,114,Improvements Capital Recreation And Park,Cotillion Park - Security Lighting,VK21,,,,,,60775,60775,0,0,0,0,0
2018,,114,Improvements Capital Recreation And Park,Crawford Memorial Park - Phase 1,VB15,,,,,,0,7700000,1000000,6700000,0,0,0
2018,,114,Improvements Capital Recreation And Park,"Cummings Park - Parking lot (rear),",VB58,,,,,,0,350000,0,0,50000,300000,0
2018,,114,Improvements Capital Recreation And Park,and expand with concrete,,,,,,,,,,,,,
2018,,114,Improvements Capital Recreation And Park,Derek L. Geter [Scotland] Park - Park,,,,,,,,,,,,,
2018,,114,Improvements Capital Recreation And Park,furnishings package,VB60,,,,,,60000,60000,0,0,0,0,0
2018,,114,Improvements Capital Recreation And Park,Ferguson Park - Portable Toilet,VB91,,,,,,0,70000,0,0,70000,0,0
2018,,114,Improvements Capital Recreation And Park,Flag Pole Hill - Phase 1 Master Plan,,,,,,,,,,,,,
2018,,114,Improvements Capital Recreation And Park,Implementation,VB20,,,,,,0,400000,400000,0,0,0,0
2018,,114,Improvements Capital Recreation And Park,Flag Pole Hill Park - Phase 1 Master,,,,,,,,,,,,,
2018,,114,Improvements Capital Recreation And Park,Implementation,VK36,,,,,,400000,1100000,700000,0,0,0,0
2018,,114,Improvements Capital Recreation And Park,Flag Pole Hill Park Master Plan,W146,,,,,,76677,76677,0,0,0,0,0
2018,,114,Improvements Capital Recreation And Park,Glencoe pavilion,T149,,,,,,65413,65413,0,0,0,0,0
2018,,114,Improvements Capital Recreation And Park,Glencoe site improvements,T344,,,,,,5377,5377,0,0,0,0,0
2018,,114,Improvements Capital Recreation And Park,Glendale Park Parking spaces and,VB52,,,,,,100000,400000,300000,0,0,0,0
2018,,114,Improvements Capital Recreation And Park,Guard Dr. - Phase 2 Site Development,VB66,,,,,,0,600000,0,600000,0,0,0
2018,,114,Improvements Capital Recreation And Park,Hamilton Park - Parking lot expansion,VK31,,,,,,0,223000,223000,0,0,0,0
2018,,114,Improvements Capital Recreation And Park,Recreation Center,,,,,,,,,,,,,
2018,,114,Improvements Capital Recreation And Park,Hillview Park - Park ID Sign,VB94,,,,,,0,6500,6500,0,0,0,0
2018,,114,Improvements Capital Recreation And Park,Hillview Park - Pavilion,VB96,,,,,,0,175000,175000,0,0,0,0
2018,,114,Improvements Capital Recreation And Park,Kidd Springs - Japanese Garden,VB35,,,,,,150000,600000,450000,0,0,0,0
2018,,114,Improvements Capital Recreation And Park,Phase 1,,,,,,,,,,,,,
2018,,114,Improvements Capital Recreation And Park,Lake Highland North Park - Site,VK38,,,,,,60000,400000,340000,0,0,0,0
2018,,114,Improvements Capital Recreation And Park,Developments / Recreation Center,,,,,,,,,,,,,
2018,,114,Improvements Capital Recreation And Park,Lakeland Hills pavilion-walks-parking,T212,,,,,,312686,312686,0,0,0,0,0
2018,,114,Improvements Capital Recreation And Park,Lakewood Park - Pedestrian Bridge,VK24,,,,,,0,250000,0,0,100000,150000,0
2018,,114,Improvements Capital Recreation And Park,Parking,,,,,,,,,,,,,
2018,,114,Improvements Capital Recreation And Park,Lindsley Park - Sidewalk,VK81,,,,,,40000,195000,155000,0,0,0,0
2018,,114,Improvements Capital Recreation And Park,Lindsley Dr.,,,,,,,,,,,,,
2018,,114,Improvements Capital Recreation And Park,Main Street Garden Special Project,P722,,,,,,153455,153455,0,0,0,0,0
2018,,115,Improvements Capital Recreation And Park,"Maria Luna Park - Dog Park,",VB40,,,,,,0,1115000,200000,915000,0,0,0
2018,,115,Improvements Capital Recreation And Park,restoration of pavilion,,,,,,,,,,,,,
2018,,115,Improvements Capital Recreation And Park,Moss Glen Park - Supplemental,VK70,,,,,,250000,600000,350000,0,0,0,0
2018,,115,Improvements Capital Recreation And Park,pond imp. - site dev,,,,,,,,,,,,,
2018,,115,Improvements Capital Recreation And Park,Moss Glen Park Development,W150,,,,,,41695,41695,0,0,0,0,0
2018,,115,Improvements Capital Recreation And Park,Park Signage [2006],T249,,,,,,73989,73989,0,0,0,0,0
2018,,115,Improvements Capital Recreation And Park,Parkdale Park - Portable Facility,VK01,,,,,,0,70000,70000,0,0,0,0
2018,,115,Improvements Capital Recreation And Park,Pleasant Oaks Park - Connecting,,,,,,,,,,,,,
2018,,115,Improvements Capital Recreation And Park,and security lighting,VB71,,,,,,150000,150000,0,0,0,0,0
2018,,115,Improvements Capital Recreation And Park,Reserve CDistrict 10,P542,,,,,,0,0,0,0,0,0,0
2018,,115,Improvements Capital Recreation And Park,Reserve CDistrict 11,P543,,,,,,15846,15846,0,0,0,0,0
2018,,115,Improvements Capital Recreation And Park,Reserve CDistrict 12,P544,,,,,,700,700,0,0,0,0,0
2018,,115,Improvements Capital Recreation And Park,Reserve CDistrict 14,P546,,,,,,12814,12814,0,0,0,0,0
2018,,116,Improvements Capital Recreation And Park,Reserve CDistrict 3,P535,,,,,,13129,13129,0,0,0,0,0
2018,,116,Improvements Capital Recreation And Park,Reserve CDistrict 4,P536,,,,,,134177,134177,0,0,0,0,0
2018,,116,Improvements Capital Recreation And Park,Reserve CDistrict 5,P537,,,,,,104462,104462,0,0,0,0,0
2018,,116,Improvements Capital Recreation And Park,Reserve CDistrict 6,P538,,,,,,1489,1489,0,0,0,0,0
2018,,116,Improvements Capital Recreation And Park,Reserve CDistrict 7,P539,,,,,,1900,1900,0,0,0,0,0
2018,,116,Improvements Capital Recreation And Park,Reserve CDistrict 9,P541,,,,,,5951,5951,0,0,0,0,0
2018,,116,Improvements Capital Recreation And Park,Reserve Citywide,P550,,,,,,-7905,-7905,0,0,0,0,0
2018,,117,Improvements Capital Recreation And Park,Reverchon Master Plan,T353,,,,,,78314,78314,0,0,0,0,0
2018,,117,Improvements Capital Recreation And Park,Ridgewood Sidewalk - along Fisher,VK26,,,,,,0,250000,0,250000,0,0,0
2018,,117,Improvements Capital Recreation And Park,Tipton Park - Picnic pavilion and,,,,,,,,,,,,,
2018,,117,Improvements Capital Recreation And Park,fountain,VB85,,,,,,0,300000,0,0,45000,255000,0
2018,,117,Improvements Capital Recreation And Park,Twin Falls Parking Lot,VB50,,,,,,0,200000,200000,0,0,0,0
2018,,117,Improvements Capital Recreation And Park,Westmount Park - Site Development,VB39,,,,,,0,200000,0,0,200000,0,0
2018,,117,Improvements Capital Recreation And Park,Wheatly Park - Replace Sidewalk,VK06,,,,,,0,30000,0,0,30000,0,0
2018,,117,Improvements Capital Recreation And Park,White Rock Hills Rec new,T329,,,,,,99776,99776,0,0,0,0,0
2018,,117,Improvements Capital Recreation And Park,White Rock Lake security lights,T330,,,,,,201,201,0,0,0,0,0
2018,,117,Improvements Capital Recreation And Park,Willie Mae Butler Park - Portable,VK09,,,,,,0,60000,0,60000,0,0,0
2018,,117,Improvements Capital Recreation And Park,Enclosure,,,,,,,,,,,,,
2018,,118,Improvements Capital Recreation And Park,Site Development,,,,,,,,,,,,,
2018,,118,Improvements Capital Recreation And Park,Campbell Green Park - Site,VK61,,,,,,0,900000,0,220000,680000,0,0
2018,,118,Improvements Capital Recreation And Park,Dixon Branch Greenbelt - Park,VK22,,,,,,0,65507,0,0,65507,0,0
2018,,118,Improvements Capital Recreation And Park,Eladio Martinez Park - park,VB87,,,,,,0,60000,0,0,60000,0,0
2018,,118,Improvements Capital Recreation And Park,fencing and drinking fountain,,,,,,,,,,,,,
2018,,118,Improvements Capital Recreation And Park,Forston Park - Develop new park with,,,,,,,,,,,,,
2018,,118,Improvements Capital Recreation And Park,furnishings,VK59,,,,,,0,220000,0,0,0,220000,0
2018,,118,Improvements Capital Recreation And Park,Frankford Park - park furnishings,VK65,,,,,,0,32000,32000,0,0,0,0
2018,,118,Improvements Capital Recreation And Park,"Friendship Park - Security lights, loop",,,,,,,,,,,,,
2018,,118,Improvements Capital Recreation And Park,exercise stations,VK30,,,,,,0,467000,100000,367000,0,0,0
2018,,118,Improvements Capital Recreation And Park,Hattie R. Moore Park - Master Plan,,,,,,,,,,,,,
2018,,118,Improvements Capital Recreation And Park,Phase 1 Implementation,VB80,,,,,,0,350000,35000,315000,0,0,0
2018,,118,Improvements Capital Recreation And Park,Hillview Park - Park Furnishings,VB93,,,,,,0,60000,60000,0,0,0,0
2018,,118,Improvements Capital Recreation And Park,Lakewood Park - Park Furnishing and,,,,,,,,,,,,,
2018,,118,Improvements Capital Recreation And Park,drinking fountain,VK25,,,,,,0,85000,0,0,10000,75000,0
2018,,118,Improvements Capital Recreation And Park,McCree Park - Portable facility,,,,,,,,,,,,,
2018,,118,Improvements Capital Recreation And Park,park furnishings,VK33,,,,,,0,200000,0,0,200000,0,0
2018,,118,Improvements Capital Recreation And Park,Neighborhood Park - Site,,,,,,,,,,,,,
2018,,118,Improvements Capital Recreation And Park,TBD,VB47,,,,,,0,1085000,0,0,0,1085000,0
2018,,118,Improvements Capital Recreation And Park,Phase 1 Site Development - New park,,,,,,,,,,,,,
2018,,118,Improvements Capital Recreation And Park,Cedars,VB46,,,,,,0,500000,0,0,500000,0,0
2018,,118,Improvements Capital Recreation And Park,Preston Green Park - park,,,,,,,,,,,,,
2018,,118,Improvements Capital Recreation And Park,drinking fountain,VK72,,,,,,0,100000,0,0,100000,0,0
2018,,118,Improvements Capital Recreation And Park,Pueblo Park - Park furnishings,,,,,,,,,,,,,
2018,,118,Improvements Capital Recreation And Park,drinking fountain,VB84,,,,,,0,40000,0,40000,0,0,0
2018,,118,Improvements Capital Recreation And Park,Twin Lakes Park - park furnishings,VK69,,,,,,0,50000,0,0,50000,0,0
2018,,118,Improvements Capital Recreation And Park,Wagging Tail Dog Park - Add new,VK57,,,,,,0,400000,50000,350000,0,0,0
2018,,118,Improvements Capital Recreation And Park,area - South,,,,,,,,,,,,,
2018,,118,Improvements Capital Recreation And Park,Wheatley Park - ADA Drinking,VK05,,,,,,0,40000,0,0,40000,0,0
2018,,118,Improvements Capital Recreation And Park,Park Furnishings Package,,,,,,,,,,,,,
2018,,118,Improvements Capital Recreation And Park,Willie Mae Butler Park - ADA,VK08,,,,,,0,60000,0,60000,0,0,0
2018,,118,Improvements Capital Recreation And Park,Fountain and Park Furnishings,,,,,,,,,,,,,
2018,,118,Improvements Capital Recreation And Park,Studies and Master Plan,,,,,,,,,,,,,
2018,,118,Improvements Capital Recreation And Park,Nash Davis Park - Master Plan,VB81,,,,,,40000,40000,0,0,0,0,0
2018,,118,Improvements Capital Recreation And Park,Pike Master Plan and Schematic,T254,,,,,,100479,100479,0,0,0,0,0
2018,,118,Improvements Capital Recreation And Park,West Trinity Heights Park - Develop,VB62,,,,,,0,40000,0,0,40000,0,0
2018,,118,Improvements Capital Recreation And Park,plan,,,,,,,,,,,,,
2018,,119,Improvements Capital Recreation And Park,Department Total,,,,,,,199602057,432845985,103694345,74876076,31825507,22848000,0
2018,,137,Improvements Capital Works Public,ACTIVITY,,,,,,,,,,,,,
2018,,137,Improvements Capital Works Public,Alley Petition,,,,,,,,,,,,,
2018,,137,Improvements Capital Works Public,Alley: Hibernia Mckinney From Routh To,,,,,,,,,,,,,
2018,,137,Improvements Capital Works Public,Boll,,,,,,,13729.28,13729,0,0,0,0,0
2018,,137,Improvements Capital Works Public,Alley: Hibernia State From Boll To,,,,,,,,,,,,,
2018,,137,Improvements Capital Works Public,Worthington,,,,,,,15011,15011,0,0,0,0,0
2018,,137,Improvements Capital Works Public,Alley: Hurley Way Lenel Place Wllmsbrg,,,,,,,,,,,,,
2018,,137,Improvements Capital Works Public,To T Alley,,,,,,,31008,31008,0,0,0,0,0
2018,,137,Improvements Capital Works Public,Alley: Manana & Park From Larga To,,,,,,,,,,,,,
2018,,137,Improvements Capital Works Public,Marsh,,,,,,,37810,37810,0,0,0,0,0
2018,,137,Improvements Capital Works Public,Alley: State St Thomas Ave From Routh,,,,,,,,,,,,,
2018,,137,Improvements Capital Works Public,To Boll,,,,,,,13208,13208,0,0,0,0,0
2018,,137,Improvements Capital Works Public,4812-4840 Worth St - 4807-4841 Tremont St,V007,,,,,,20424,205308,0,0,184884,0,0
2018,,137,Improvements Capital Works Public,Amhurst Av - Stanford Av From Linwood Ave.,V005,,,,,,21077,211877,0,0,190800,0,0
2018,,137,Improvements Capital Works Public,To Briarwood Ln,,,,,,,,,,,,,
2018,,137,Improvements Capital Works Public,Cloister Dr - Estacado - Ashcreek N Of Mccosh,V003,,,,,,8550,85950,0,0,77400,0,0
2018,,137,Improvements Capital Works Public,To S Of Peavy,,,,,,,,,,,,,
2018,,137,Improvements Capital Works Public,Edgefield And Windomere-12Th To,V001,,,,,,21276,213876,0,0,192600,0,0
2018,,137,Improvements Capital Works Public,Wentworth [Alley],,,,,,,,,,,,,
2018,,137,Improvements Capital Works Public,Glenleigh Dr.- Manning Ln. Existing Pavement,V004,,,,,,6164,61964,0,0,55800,0,0
2018,,137,Improvements Capital Works Public,To Manchester,,,,,,,,,,,,,
2018,,137,Improvements Capital Works Public,La Rue St. And Wyoming St. - Cockrell Hill Rd.,V002,,,,,,12129,121929,0,0,109800,0,0
2018,,137,Improvements Capital Works Public,To La Rue St.,,,,,,,,,,,,,
2018,,137,Improvements Capital Works Public,Palo Pinto Ave. And Velasco Ave - Concho St.,V006,,,,,,17299,173899,0,0,156600,0,0
2018,,137,Improvements Capital Works Public,To Skillman St,,,,,,,,,,,,,
2018,,137,Improvements Capital Works Public,Alley Reconstruction,,,,,,,,,,,,,
2018,,137,Improvements Capital Works Public,"2711-2733 Groveridge, 9606-9674 Briggs,",V061,,,,,,46915,469151,0,0,422236,0,0
2018,,137,Improvements Capital Works Public,9605-9621 Altacrest,,,,,,,,,,,,,
2018,,137,Improvements Capital Works Public,10005-10119 Shayna Dr - 10002-10106,V032,,,,,,22582,225817,0,0,203235,0,0
2018,,137,Improvements Capital Works Public,Hymie Cir,,,,,,,,,,,,,
2018,,138,Improvements Capital Works Public,Ferndale Rd,V079,,,,,,26499,264992,0,0,238493,0,0
2018,,138,Improvements Capital Works Public,10163-10199 Vistadale Dr - 10200-10200,,,,,,,,,,,,,
2018,,138,Improvements Capital Works Public,Trailcliff Dr,V080,,,,,,22805,228046,0,0,205241,0,0
2018,,138,Improvements Capital Works Public,10315-10542 Castlerock Dr - 10315 Checota,,,,,,,,,,,,,
2018,,138,Improvements Capital Works Public,Dr - Gardenside,V033,,,,,,50323,503230,0,0,452907,0,0
2018,,138,Improvements Capital Works Public,10445 - 10461 Carry Back Cir - 10419 -,,,,,,,,,,,,,
2018,,138,Improvements Capital Works Public,10427 Carry Back Pl,V113,,,,,,11593,115934,0,0,104341,0,0
2018,,138,Improvements Capital Works Public,11133-11139 Cotillion Dr - 3609 Bon Park Ct,V069,,,,,,10303,103026,0,0,92723,0,0
2018,,138,Improvements Capital Works Public,11205-11335 Buchannan Dr - 11200-11298,,,,,,,,,,,,,
2018,,138,Improvements Capital Works Public,Ferguson Rd,V070,,,,,,40625,406250,0,0,365625,0,0
2018,,138,Improvements Capital Works Public,11306-11340 Dumbarton Dr - 11323-11357,,,,,,,,,,,,,
2018,,138,Improvements Capital Works Public,Glen Cross Dr,V071,,,,,,20540,205400,0,0,184860,0,0
2018,,138,Improvements Capital Works Public,11312-11344 Glen Cross Dr - 11341-11367,,,,,,,,,,,,,
2018,,138,Improvements Capital Works Public,Drummond Dr,V072,,,,,,24245,242450,0,0,218205,0,0
2018,,138,Improvements Capital Works Public,1225-1423 Kirnwood Dr - 7601 S Polk St,V062,,,,,,36245,362453,0,0,326208,0,0
2018,,138,Improvements Capital Works Public,127-231 W Louisiana Ave - 118-228 Conrad,,,,,,,,,,,,,
2018,,138,Improvements Capital Works Public,St,V022,,,,,,41630,416303,0,0,374673,0,0
2018,,138,Improvements Capital Works Public,1503-1551 Briarcliff Rd - 5503-5537 Mesa,,,,,,,,,,,,,
2018,,138,Improvements Capital Works Public,Cir,V008,,,,,,20957,209573,0,0,188616,0,0
2018,,138,Improvements Capital Works Public,15632-15724 Golden Creek Rd -6231 - La,,,,,,,,,,,,,
2018,,138,Improvements Capital Works Public,Cosa Dr - Bay Point,V086,,,,,,36000,360000,0,0,324000,0,0
2018,,138,Improvements Capital Works Public,1608-1620 Day Star Dr - 1603-1633 Hanging,,,,,,,,,,,,,
2018,,138,Improvements Capital Works Public,Cliff Dr,V023,,,,,,35310,353097,0,0,317787,0,0
2018,,138,Improvements Capital Works Public,1611-1727 Red Cloud Dr - 9704-9780,,,,,,,,,,,,,
2018,,138,Improvements Capital Works Public,Faircloud Dr [A7003],V034,,,,,,39621,396214,0,0,356593,0,0
2018,,138,Improvements Capital Works Public,1621-1631 Windchime Dr - 1614-1626,,,,,,,,,,,,,
2018,,138,Improvements Capital Works Public,Vatican Ln,V024,,,,,,8638,86377,0,0,77739,0,0
2018,,138,Improvements Capital Works Public,1708-1920 Vatican Ln - 1705-1921,,,,,,,,,,,,,
2018,,138,Improvements Capital Works Public,Windchime Dr,V025,,,,,,34334,343343,0,0,309009,0,0
2018,,138,Improvements Capital Works Public,1830-1886 Red Cloud Dr - 9803-9851,,,,,,,,,,,,,
2018,,138,Improvements Capital Works Public,Glengreen Dr [A6972],V035,,,,,,22199,221994,0,0,199795,0,0
2018,,138,Improvements Capital Works Public,18603-18707 Amador Ave - 6505-6511 Villa,V095,,,,,,54973,549731,0,0,494758,0,0
2018,,138,Improvements Capital Works Public,Rd,,,,,,,,,,,,,
2018,,138,Improvements Capital Works Public,1885-2025 Red Cloud Dr - 2002-2080,V036,,,,,,47329,473291,0,0,425962,0,0
2018,,138,Improvements Capital Works Public,Corvette Dr [A6966],,,,,,,,,,,,,
2018,,138,Improvements Capital Works Public,19003-19039 Bilbrook Ln,V096,,,,,,34462,344617,0,0,310155,0,0
2018,,138,Improvements Capital Works Public,207-347 Bettyrae Way - 7708-7770 Ryan,V063,,,,,,42583,425834,0,0,383251,0,0
2018,,138,Improvements Capital Works Public,Ridge Dr,,,,,,,,,,,,,
2018,,138,Improvements Capital Works Public,2104-2336 Dugald Pl - 2005-2249 E Illinois,V026,,,,,,67498,674981,0,0,607483,0,0
2018,,138,Improvements Capital Works Public,Ave,,,,,,,,,,,,,
2018,,138,Improvements Capital Works Public,2205-2341 Freeland - 2336-2328 Homeway -,V060,,,,,,39399,393986,0,0,354587,0,0
2018,,138,Improvements Capital Works Public,2204-2340 Babalos,,,,,,,,,,,,,
2018,,138,Improvements Capital Works Public,2211-2323 Deer Path Dr - 2905-3311 Kellogg,V027,,,,,,56144,561443,0,0,505299,0,0
2018,,138,Improvements Capital Works Public,Ave,,,,,,,,,,,,,
2018,,138,Improvements Capital Works Public,2304-2348 Hunters Run Dr - 7407-7415,V064,,,,,,40641,406406,0,0,365765,0,0
2018,,138,Improvements Capital Works Public,Mesa Verde Trl,,,,,,,,,,,,,
2018,,138,Improvements Capital Works Public,2306 - 2440 Bluffton Dr - 2307 - 2439,V042,,,,,,35162,351624,0,0,316462,0,0
2018,,138,Improvements Capital Works Public,Blaydon Dr,,,,,,,,,,,,,
2018,,138,Improvements Capital Works Public,2408-2564 Club Manor Dr - 2435-2549,V017,,,,,,61821,618209,0,0,556388,0,0
2018,,138,Improvements Capital Works Public,Matland Dr,,,,,,,,,,,,,
2018,,138,Improvements Capital Works Public,2503-2623 W Lovers Ln - 2502-2614 W,V009,,,,,,19588,195878,0,0,176290,0,0
2018,,138,Improvements Capital Works Public,Amherst Ave,,,,,,,,,,,,,
2018,,138,Improvements Capital Works Public,2507 - 2537 Blaydon Dr - 2506 - 2536,V043,,,,,,16721,167212,0,0,150491,0,0
2018,,138,Improvements Capital Works Public,Bluffton Dr,,,,,,,,,,,,,
2018,,139,Improvements Capital Works Public,Nicholson Dr,V028,,,,,,66640,666398,0,0,599758,0,0
2018,,139,Improvements Capital Works Public,2703-2743 April Hill Ln - 2710-2750 Stevens,,,,,,,,,,,,,
2018,,139,Improvements Capital Works Public,Point Ln,V097,,,,,,27582,275821,0,0,248239,0,0
2018,,139,Improvements Capital Works Public,2703-2829 Klondike - Dr 2704-2830 Lockhart,,,,,,,,,,,,,
2018,,139,Improvements Capital Works Public,Ave,V044,,,,,,29302,293020,0,0,263718,0,0
2018,,139,Improvements Capital Works Public,2703-2831 Scottsbluff Dr - 2802-2826 La,,,,,,,,,,,,,
2018,,139,Improvements Capital Works Public,Prada Ct,V045,,,,,,36309,363090,0,0,326781,0,0
2018,,139,Improvements Capital Works Public,2707 - 2757 Runningbrook Ln - 2700 N,,,,,,,,,,,,,
2018,,139,Improvements Capital Works Public,Buckner Blvd,V046,,,,,,30130,301301,0,0,271171,0,0
2018,,139,Improvements Capital Works Public,2707 - 2837 Blyth Dr - 2706-2838 Gross Rd,V047,,,,,,29684,296842,0,0,267158,0,0
2018,,139,Improvements Capital Works Public,299-385 Stoneport Dr - 320 Pemberton Hill,,,,,,,,,,,,,
2018,,139,Improvements Capital Works Public,Rd,V065,,,,,,41118,411183,0,0,370065,0,0
2018,,139,Improvements Capital Works Public,3004-3150 Kinkaid Dr - 3045-3155 Park Ln,V037,,,,,,79625,796250,0,0,716625,0,0
2018,,139,Improvements Capital Works Public,3105-3161 Waldrop Drive - 3106-3160 Rotan,,,,,,,,,,,,,
2018,,139,Improvements Capital Works Public,Lane,V114,,,,,,32296,322959,0,0,290663,0,0
2018,,139,Improvements Capital Works Public,3105-3171 Newcastle Dr - 3104-3170 Walnut,,,,,,,,,,,,,
2018,,139,Improvements Capital Works Public,Hill,V038,,,,,,30544,305441,0,0,274897,0,0
2018,,139,Improvements Capital Works Public,3163-3241 E Ledbetter Dr - 3132-3244,,,,,,,,,,,,,
2018,,139,Improvements Capital Works Public,Dahlia Dr,V029,,,,,,36012,360120,0,0,324108,0,0
2018,,139,Improvements Capital Works Public,3206-3232 Rotan Lane - 3207-3233 Waldrop,,,,,,,,,,,,,
2018,,139,Improvements Capital Works Public,Drive,V115,,,,,,18887,188870,0,0,169983,0,0
2018,,139,Improvements Capital Works Public,3207 - 3349 Citation Dr - 3208 - 3330,,,,,,,,,,,,,
2018,,139,Improvements Capital Works Public,Timberview Rd,V116,,,,,,29047,290472,0,0,261425,0,0
2018,,139,Improvements Capital Works Public,3505-3523 Park Ln - 3511 Valley Ridge Rd,V039,,,,,,11498,114979,0,0,103481,0,0
2018,,139,Improvements Capital Works Public,3506-3658 High Vista Dr - 11960 Highdale Dr,V040,,,,,,45832,458321,0,0,412489,0,0
2018,,139,Improvements Capital Works Public,3544 - 3638 Ainsworth Dr - 3615 - 3675,,,,,,,,,,,,,
2018,,139,Improvements Capital Works Public,Norcross Ln,V117,,,,,,31117,311174,0,0,280057,0,0
2018,,139,Improvements Capital Works Public,3609-3615 Bon Park Ct - 3608-3614 Parader,,,,,,,,,,,,,
2018,,139,Improvements Capital Works Public,Ct,V073,,,,,,8808,88076,0,0,79268,0,0
2018,,139,Improvements Capital Works Public,3610-3668 Weeburn Dr - 3623-3651,V118,,,,,,25162,251616,0,0,226454,0,0
2018,,139,Improvements Capital Works Public,Midpines Dr,,,,,,,,,,,,,
2018,,139,Improvements Capital Works Public,3703-3771 Cortez Dr - 3702-3770 Durango,V010,,,,,,30162,301620,0,0,271458,0,0
2018,,139,Improvements Capital Works Public,Dr,,,,,,,,,,,,,
2018,,139,Improvements Capital Works Public,3805-3945 Hawick Ln - 3804-3858 Eaton Dr,V011,,,,,,33092,330922,0,0,297830,0,0
2018,,139,Improvements Capital Works Public,3864-3872 Treeline Cir - 1618-1626 Five Mile,V030,,,,,,26687,266871,0,0,240184,0,0
2018,,139,Improvements Capital Works Public,Ct,,,,,,,,,,,,,
2018,,139,Improvements Capital Works Public,3903-3991 Cortez Dr - 3904-3990 Durango,V041,,,,,,38443,384430,0,0,345987,0,0
2018,,139,Improvements Capital Works Public,Dr,,,,,,,,,,,,,
2018,,139,Improvements Capital Works Public,4104-4124 Firebrick Ln - 4103-4119 Country,V098,,,,,,15097,150969,0,0,135872,0,0
2018,,139,Improvements Capital Works Public,Brook Dr,,,,,,,,,,,,,
2018,,139,Improvements Capital Works Public,4202-4272 Timberglen Rd - 4203-4231,V099,,,,,,21849,218491,0,0,196642,0,0
2018,,139,Improvements Capital Works Public,Lawngate Dr,,,,,,,,,,,,,
2018,,139,Improvements Capital Works Public,4307-4435 Bonnie View Rd - 4302-4446,V031,,,,,,43893,438933,0,0,395040,0,0
2018,,139,Improvements Capital Works Public,Cicero St,,,,,,,,,,,,,
2018,,139,Improvements Capital Works Public,4403-4451 Cinnabar Dr - 6102-6150,V048,,,,,,32137,321367,0,0,289230,0,0
2018,,139,Improvements Capital Works Public,Symphony Ln,,,,,,,,,,,,,
2018,,139,Improvements Capital Works Public,4503-4535 Live Oak St - 4514-4522 Bryan St,V012,,,,,,19365,193648,0,0,174283,0,0
2018,,139,Improvements Capital Works Public,4804-4950 Ashbrook Rd - 4803-4945 Chilton,V049,,,,,,48667,486668,0,0,438001,0,0
2018,,139,Improvements Capital Works Public,Dr,,,,,,,,,,,,,
2018,,139,Improvements Capital Works Public,4806-5034 Mill Creek Rd - 4807-4923 -12515,V123,,,,,,46151,461513,0,0,415362,0,0
2018,,139,Improvements Capital Works Public,Planters Glen Dr,,,,,,,,,,,,,
2018,,140,Improvements Capital Works Public,Dr,V013,,,,,,26213,262126,0,0,235913,0,0
2018,,140,Improvements Capital Works Public,5005-5207 Banting Way - 5411-5445 Endlery,,,,,,,,,,,,,
2018,,140,Improvements Capital Works Public,Pl,V050,,,,,,39876,398762,0,0,358886,0,0
2018,,140,Improvements Capital Works Public,503-511 N Prairie Ave - 4721-4721 Tremont,,,,,,,,,,,,,
2018,,140,Improvements Capital Works Public,St,V014,,,,,,5956,59560,0,0,53604,0,0
2018,,140,Improvements Capital Works Public,5100-5152 Lahoma St - 5101-5147 N Hall St,V015,,,,,,21658,216580,0,0,194922,0,0
2018,,140,Improvements Capital Works Public,5107-5143 Breakwood Dr - 5116-5152 Colter,,,,,,,,,,,,,
2018,,140,Improvements Capital Works Public,Dr,V051,,,,,,17167,171672,0,0,154505,0,0
2018,,140,Improvements Capital Works Public,5179-5107 Chalet - 1404-1550 Drury Dr,V018,,,,,,37201,372008,0,0,334807,0,0
2018,,140,Improvements Capital Works Public,5300-5358 Willis Ave - 5303-5355 Richard,,,,,,,,,,,,,
2018,,140,Improvements Capital Works Public,Ave,V016,,,,,,24365,243653,0,0,219288,0,0
2018,,140,Improvements Capital Works Public,5303-5347 Blaney Way - 5204-5240 Banting,,,,,,,,,,,,,
2018,,140,Improvements Capital Works Public,Way,V052,,,,,,37328,373282,0,0,335954,0,0
2018,,140,Improvements Capital Works Public,5306-5342 Lake Placid Dr - 1572-1568 Drury,,,,,,,,,,,,,
2018,,140,Improvements Capital Works Public,Pl,V019,,,,,,19811,198107,0,0,178296,0,0
2018,,140,Improvements Capital Works Public,5500-5552 Longview St - 5503-5549,,,,,,,,,,,,,
2018,,140,Improvements Capital Works Public,McCommas Blvd,V125,,,,,,24079,240786,0,0,216707,0,0
2018,,140,Improvements Capital Works Public,5501-5527 Harbor Town Dr - 5506-5530,,,,,,,,,,,,,
2018,,140,Improvements Capital Works Public,Tamaron Ct,V100,,,,,,26021,260214,0,0,234193,0,0
2018,,140,Improvements Capital Works Public,5601-5639 Morningside Ave - 5602-5634,,,,,,,,,,,,,
2018,,140,Improvements Capital Works Public,McCommas Blvd,V126,,,,,,20575,205751,0,0,185176,0,0
2018,,140,Improvements Capital Works Public,5605-5831 Everglade Rd - 5606-5824,,,,,,,,,,,,,
2018,,140,Improvements Capital Works Public,Twineing St,V053,,,,,,46501,465010,0,0,418509,0,0
2018,,140,Improvements Capital Works Public,5620-5832 Everglade Rd - 5707-5861,,,,,,,,,,,,,
2018,,140,Improvements Capital Works Public,Marview Ln,V054,,,,,,48985,489853,0,0,440868,0,0
2018,,140,Improvements Capital Works Public,5703-5747 Vanderbilt Ave - 5710-5750,,,,,,,,,,,,,
2018,,140,Improvements Capital Works Public,Marquita Ave,V127,,,,,,21435,214350,0,0,192915,0,0
2018,,140,Improvements Capital Works Public,5710-5814 Meadowick Ln - 5274-5290,,,,,,,,,,,,,
2018,,140,Improvements Capital Works Public,Ponderosa Cir,V055,,,,,,16912,169124,0,0,152212,0,0
2018,,140,Improvements Capital Works Public,5737-5763 Caruth Blvd - 5708-5728 Surrey,,,,,,,,,,,,,
2018,,140,Improvements Capital Works Public,Square Lane,V119,,,,,,15065,150650,0,0,135585,0,0
2018,,140,Improvements Capital Works Public,6020-6040 Fieldstone,V101,,,,,,26950,269500,0,0,242550,0,0
2018,,140,Improvements Capital Works Public,6024-6300 Samuell Blvd - 6205-6441,V056,,,,,,47648,476476,0,0,428828,0,0
2018,,140,Improvements Capital Works Public,Symphony Ln,,,,,,,,,,,,,
2018,,140,Improvements Capital Works Public,6103-6129 Mercedes Ave - 6100-6126,V128,,,,,,13855,138548,0,0,124693,0,0
2018,,140,Improvements Capital Works Public,Morningside Ave,,,,,,,,,,,,,
2018,,140,Improvements Capital Works Public,6139-6179 Monticello Ave - 6202-6238,V129,,,,,,20097,200973,0,0,180876,0,0
2018,,140,Improvements Capital Works Public,Mercedes Ave,,,,,,,,,,,,,
2018,,140,Improvements Capital Works Public,6201- 6333 Bryan Pkwy - 5808-5842 Live,V130,,,,,,22391,223906,0,0,201515,0,0
2018,,140,Improvements Capital Works Public,Oak St,,,,,,,,,,,,,
2018,,140,Improvements Capital Works Public,6206-6440 Symphony Ln - 4307-4339,V057,,,,,,30926,309264,0,0,278338,0,0
2018,,140,Improvements Capital Works Public,Cinnabar Dr,,,,,,,,,,,,,
2018,,140,Improvements Capital Works Public,6216-6226 Autumn Woods Trl - 804-814 W,V020,,,,,,13982,139821,0,0,125839,0,0
2018,,140,Improvements Capital Works Public,Red Bird Ln,,,,,,,,,,,,,
2018,,140,Improvements Capital Works Public,6302-6326 Oakleaf Rd - 6301-6323 Warm,V102,,,,,,21467,214669,0,0,193202,0,0
2018,,140,Improvements Capital Works Public,Mist Ln,,,,,,,,,,,,,
2018,,140,Improvements Capital Works Public,6407-6475 Glendora Ave - 6406-6474,V120,,,,,,31754,317544,0,0,285790,0,0
2018,,140,Improvements Capital Works Public,Meadow Road,,,,,,,,,,,,,
2018,,140,Improvements Capital Works Public,6421-6543 Northwood Road - 6426-6542,V121,,,,,,33347,333470,0,0,300123,0,0
2018,,140,Improvements Capital Works Public,Deloache Ave,,,,,,,,,,,,,
2018,,140,Improvements Capital Works Public,6505-6635 Mimosa Ln - 6506-6630 Lakehurst,V122,,,,,,30990,309901,0,0,278911,0,0
2018,,140,Improvements Capital Works Public,Ave,,,,,,,,,,,,,
2018,,140,Improvements Capital Works Public,6506-6556 Crestmere Dr - 6515-6555,V087,,,,,,25066,250660,0,0,225594,0,0
2018,,140,Improvements Capital Works Public,Meadowcreek Dr,,,,,,,,,,,,,
2018,,141,Improvements Capital Works Public,Dr,V088,,,,,,28347,283466,0,0,255119,0,0
2018,,141,Improvements Capital Works Public,6607-6831 Desco Drive - 6706-6838,,,,,,,,,,,,,
2018,,141,Improvements Capital Works Public,Prestonshire Lane,V124,,,,,,42679,426790,0,0,384111,0,0
2018,,141,Improvements Capital Works Public,6808-7038 Hunters Ridge Dr - 6807-6959,,,,,,,,,,,,,
2018,,141,Improvements Capital Works Public,Town Bluff Dr,V089,,,,,,50355,503548,0,0,453193,0,0
2018,,141,Improvements Capital Works Public,6816-6858 Freemont St - 6809-6851,,,,,,,,,,,,,
2018,,141,Improvements Capital Works Public,Whitehill St,V074,,,,,,21093,210926,0,0,189833,0,0
2018,,141,Improvements Capital Works Public,6906-6954 Kingsbury Dr - 6907-6949,,,,,,,,,,,,,
2018,,141,Improvements Capital Works Public,Winchester St,V075,,,,,,23205,232050,0,0,208845,0,0
2018,,141,Improvements Capital Works Public,6906-7030 Orchid Ln -6909-7007,,,,,,,,,,,,,
2018,,141,Improvements Capital Works Public,Meadowbriar Ln -Pemberton Dr,V094,,,,,,35535,355348,0,0,319813,0,0
2018,,141,Improvements Capital Works Public,6915-6965 Freemont St - 6914-6964,,,,,,,,,,,,,
2018,,141,Improvements Capital Works Public,Wakefield St,V076,,,,,,22783,227826,0,0,205043,0,0
2018,,141,Improvements Capital Works Public,6920-7038 Midbury Dr - 6919-7033,,,,,,,,,,,,,
2018,,141,Improvements Capital Works Public,Northaven Rd,V090,,,,,,4373,43730,0,0,39357,0,0
2018,,141,Improvements Capital Works Public,7005-7065 Freemont St - 7006-7066,,,,,,,,,,,,,
2018,,141,Improvements Capital Works Public,Wakefield St,V077,,,,,,27365,273650,0,0,246285,0,0
2018,,141,Improvements Capital Works Public,7023-7031 Wakefield St - 7049-7053,,,,,,,,,,,,,
2018,,141,Improvements Capital Works Public,Wakefield Cir,V078,,,,,,8678,86776,0,0,78098,0,0
2018,,141,Improvements Capital Works Public,7027-7203 Hunnicut Rd - 7012-7108 Belteau,,,,,,,,,,,,,
2018,,141,Improvements Capital Works Public,Ln,V058,,,,,,26117,261170,0,0,235053,0,0
2018,,141,Improvements Capital Works Public,7103-7133 Echo Bluff Dr - 7202-7226 Rustic,,,,,,,,,,,,,
2018,,141,Improvements Capital Works Public,Valley Dr,V103,,,,,,28569,285694,0,0,257125,0,0
2018,,141,Improvements Capital Works Public,7105-7227 Bluefield Dr - 7311- 7427 Carta,,,,,,,,,,,,,
2018,,141,Improvements Capital Works Public,Valley Dr,V104,,,,,,42875,428750,0,0,385875,0,0
2018,,141,Improvements Capital Works Public,7129-7195 Elliott Dr - 7130-7184 Rolling,,,,,,,,,,,,,
2018,,141,Improvements Capital Works Public,Fork Dr,V059,,,,,,28219,282191,0,0,253972,0,0
2018,,141,Improvements Capital Works Public,7151-7203 Gracefield Ln - 7101-7145,,,,,,,,,,,,,
2018,,141,Improvements Capital Works Public,Crooked Oak Dr,V105,,,,,,45641,456410,0,0,410769,0,0
2018,,141,Improvements Capital Works Public,7206 -7446 La Sobrina Dr - 7223-7441,,,,,,,,,,,,,
2018,,141,Improvements Capital Works Public,Whispering Pine Dr,V106,,,,,,52266,522659,0,0,470393,0,0
2018,,141,Improvements Capital Works Public,7306-7540 Gayglen Dr - 7303-7533 Neuhoff,,,,,,,,,,,,,
2018,,141,Improvements Capital Works Public,Dr,V066,,,,,,51310,513103,0,0,461793,0,0
2018,,141,Improvements Capital Works Public,7309-7435 Tangleglen Dr - 7364-7450 Tophill,V091,,,,,,29300,293000,0,0,263700,0,0
2018,,141,Improvements Capital Works Public,Ln,,,,,,,,,,,,,
2018,,141,Improvements Capital Works Public,7405-7443 Lynworth Dr - 7408-7438,V092,,,,,,21403,214032,0,0,192629,0,0
2018,,141,Improvements Capital Works Public,Chattington Dr,,,,,,,,,,,,,
2018,,141,Improvements Capital Works Public,7501-7631 Ashcrest Ln - 7502-7578 Christie,V021,,,,,,45641,456410,0,0,410769,0,0
2018,,141,Improvements Capital Works Public,Ln,,,,,,,,,,,,,
2018,,141,Improvements Capital Works Public,7604-7608 Dornoch Ln - 7603-7605 Lairds Ln,V107,,,,,,10606,106060,0,0,95454,0,0
2018,,141,Improvements Capital Works Public,7606-7672 Rolling Acres Dr - 7615-7651,V093,,,,,,25321,253207,0,0,227886,0,0
2018,,141,Improvements Capital Works Public,Tophill Ln,,,,,,,,,,,,,
2018,,141,Improvements Capital Works Public,7607-777 La Sobrina Dr - 7624-7772 Querida,V108,,,,,,55769,557693,0,0,501924,0,0
2018,,141,Improvements Capital Works Public,Ln,,,,,,,,,,,,,
2018,,141,Improvements Capital Works Public,7620-7768 La Manga Dr - 7625-7771 Querida,V109,,,,,,50450,504504,0,0,454054,0,0
2018,,141,Improvements Capital Works Public,Ln,,,,,,,,,,,,,
2018,,141,Improvements Capital Works Public,7805-7871 La Verdura Dr - 7806-7846 El,V110,,,,,,26977,269770,0,0,242793,0,0
2018,,141,Improvements Capital Works Public,Pastel Dr,,,,,,,,,,,,,
2018,,141,Improvements Capital Works Public,7805-7887 Querida Ln - 7808-7858 La Manga,V111,,,,,,27359,273591,0,0,246232,0,0
2018,,141,Improvements Capital Works Public,Dr,,,,,,,,,,,,,
2018,,141,Improvements Capital Works Public,7806-7870 Querida Ln - 7807-7867 La,V112,,,,,,33347,333470,0,0,300123,0,0
2018,,141,Improvements Capital Works Public,Sobrina Dr,,,,,,,,,,,,,
2018,,141,Improvements Capital Works Public,7905-7933 Olusta Dr - 7932 Great Trinity,V067,,,,,,19078,190781,0,0,171703,0,0
2018,,141,Improvements Capital Works Public,Forest Way,,,,,,,,,,,,,
2018,,141,Improvements Capital Works Public,806-954 Ivywood Dr - 807-951 Jadewood Dr,V068,,,,,,38570,385703,0,0,347133,0,0
2018,,142,Improvements Capital Works Public,Crest Dr,V081,,,,,,49368,493676,0,0,444308,0,0
2018,,142,Improvements Capital Works Public,9506-9650 Dartridge Dr - 9605-9679,,,,,,,,,,,,,
2018,,142,Improvements Capital Works Public,Covemeadow Dr,V082,,,,,,44781,447811,0,0,403030,0,0
2018,,142,Improvements Capital Works Public,9603-9616 Greensprint Drive - 9626-9626,,,,,,,,,,,,,
2018,,142,Improvements Capital Works Public,Church Rd,V083,,,,,,10351,103513,0,0,93162,0,0
2018,,142,Improvements Capital Works Public,9606-9734 Shady Dale Lane - 9709-9733,,,,,,,,,,,,,
2018,,142,Improvements Capital Works Public,Shoreview Rd,V084,,,,,,26881,268814,0,0,241933,0,0
2018,,142,Improvements Capital Works Public,9805-8805 Buxhill Dr - 9804-9846 Chiswell -,,,,,,,,,,,,,
2018,,142,Improvements Capital Works Public,8805 Fenchurch,V085,,,,,,29910,299096,0,0,269186,0,0
2018,,142,Improvements Capital Works Public,Caruth Blvd & Colgate Ave,,,,,,,41076,41076,0,0,0,0,0
2018,,142,Improvements Capital Works Public,Baruth Blvd & Colgate Ave,,,,,,,212624,212624,0,0,0,0,0
2018,,142,Improvements Capital Works Public,Blue Mesa Dr Hillcrest Rd,,,,,,,31708,31708,0,0,0,0,0
2018,,142,Improvements Capital Works Public,BLUE MESA DR HILLCREST RD,,,,,,,109759,109759,0,0,0,0,0
2018,,142,Improvements Capital Works Public,BLUE MESA DR & HILLCREST RD,,,,,,,142480,142480,0,0,0,0,0
2018,,142,Improvements Capital Works Public,BLUE MESA DR & HILLCREST RD,,,,,,,7186,7186,0,0,0,0,0
2018,,142,Improvements Capital Works Public,Brookview Dr Gloster Rd,,,,,,,251175,251175,0,0,0,0,0
2018,,142,Improvements Capital Works Public,Brookview Dr & Gloster Rd,,,,,,,50051,50051,0,0,0,0,0
2018,,142,Improvements Capital Works Public,Claren Ct Judi Ct,,,,,,,29727,29727,0,0,0,0,0
2018,,142,Improvements Capital Works Public,Claren Ct Judi Ct,,,,,,,49262,49262,0,0,0,0,0
2018,,142,Improvements Capital Works Public,Claren Ct & Judi Ct,,,,,,,139045,139045,0,0,0,0,0
2018,,142,Improvements Capital Works Public,Claren Ct & Judi Ct,,,,,,,6328,6328,0,0,0,0,0
2018,,142,Improvements Capital Works Public,Country Brook Dr,,,,,,,22614,22614,0,0,0,0,0
2018,,142,Improvements Capital Works Public,Country Brook Dr,,,,,,,230534,230534,0,0,0,0,0
2018,,142,Improvements Capital Works Public,Duffield Dr Earthwind Dr,,,,,,,27501,27501,0,0,0,0,0
2018,,142,Improvements Capital Works Public,Duffield Dr Earthwind Dr,,,,,,,58211,58211,0,0,0,0,0
2018,,142,Improvements Capital Works Public,Duffield Dr & Earthwind Dr,,,,,,,117252,117252,0,0,0,0,0
2018,,142,Improvements Capital Works Public,Duffield Dr & Earthwind Dr,,,,,,,5947,5947,0,0,0,0,0
2018,,142,Improvements Capital Works Public,Earthwind Dr Campbell Rd,,,,,,,90403,90403,0,0,0,0,0
2018,,142,Improvements Capital Works Public,Earthwind Dr Campbell Rd,,,,,,,457954,457954,0,0,0,0,0
2018,,142,Improvements Capital Works Public,Earthwind Dr & Campbell Rd,,,,,,,110425,110425,0,0,0,0,0
2018,,142,Improvements Capital Works Public,Earthwind Dr & Campbell Rd,,,,,,,10855,10855,0,0,0,0,0
2018,,142,Improvements Capital Works Public,Gray Wolf Trl Bentwood Trl,,,,,,,25440,25440,0,0,0,0,0
2018,,142,Improvements Capital Works Public,Gray Wolf Trl & Bentwood Trl,,,,,,,144701,144701,0,0,0,0,0
2018,,143,Improvements Capital Works Public,Hillcrest Rd Blue Mesa Dr,,,,,,,28225,28225,0,0,0,0,0
2018,,143,Improvements Capital Works Public,Hillcrest Rd & Blue Mesa Dr,,,,,,,195782,195782,0,0,0,0,0
2018,,143,Improvements Capital Works Public,Hillcrest Rd & Blue Mesa Dr,,,,,,,5689,5689,0,0,0,0,0
2018,,143,Improvements Capital Works Public,Hillcrest Rd Bremerton Dr,,,,,,,26987,26987,0,0,0,0,0
2018,,143,Improvements Capital Works Public,Hillcrest Rd & Bremerton Dr,,,,,,,228512,228512,0,0,0,0,0
2018,,143,Improvements Capital Works Public,Hillcrest Rd & Bremerton Dr,,,,,,,7491,7491,0,0,0,0,0
2018,,143,Improvements Capital Works Public,Hilton Head Dr Harbor Town Dr,,,,,,,27180,27180,0,0,0,0,0
2018,,143,Improvements Capital Works Public,Hilton Head Dr & Harbor Town Dr,,,,,,,154611,154611,0,0,0,0,0
2018,,143,Improvements Capital Works Public,Hilton Head Dr & River Hill Cir,,,,,,,23985,23985,0,0,0,0,0
2018,,143,Improvements Capital Works Public,Hilton Head Dr & River Hill Cir,,,,,,,136557,136557,0,0,0,0,0
2018,,143,Improvements Capital Works Public,Park Grove Ln (18627-18851) And,,,,,,,,,,,,,
2018,,143,Improvements Capital Works Public,Kirkmeadow Ln (4007-4131) A1,,,,,,,45375,45375,0,0,0,0,0
2018,,143,Improvements Capital Works Public,Park Grove Ln 18627-18851 And,,,,,,,,,,,,,
2018,,143,Improvements Capital Works Public,Kirkmeadow Ln 4007-4131 A1,,,,,,,257125,257125,0,0,0,0,0
2018,,143,Improvements Capital Works Public,Townsley Ct 17203-17215 A9648,,,,,,,153046,153046,0,0,0,0,0
2018,,143,Improvements Capital Works Public,Townsley Ct 17203-17215 A9648,,,,,,,4996,4996,0,0,0,0,0
2018,,143,Improvements Capital Works Public,Tree Shadow Trl (5902-5942) And Flintshire,,,,,,,,,,,,,
2018,,143,Improvements Capital Works Public,Ct (5901-5923) A1,,,,,,,36735,36735,0,0,0,0,0
2018,,143,Improvements Capital Works Public,Tree Shadow Trl 5902-5942 And Flintshire Ct,,,,,,,,,,,,,
2018,,143,Improvements Capital Works Public,5901-5923 A1,,,,,,,208605,208605,0,0,0,0,0
2018,,143,Improvements Capital Works Public,Assessment Funds for Sidewalk,,,,,,,,,,,,,
2018,,143,Improvements Capital Works Public,Improvements,,,,,,,,,,,,,
2018,,143,Improvements Capital Works Public,2019 Assessment for Sidewalk Improvements,W308,,,,,,0,540233,540233,0,0,0,0
2018,,143,Improvements Capital Works Public,Improvements,,,,,,,,,,,,,
2018,,143,Improvements Capital Works Public,Bridge Repair and Modification,,,,,,,,,,,,,
2018,,143,Improvements Capital Works Public,Bridge Repair and Modification,W010,,,,,,1900,1900,0,0,0,0,0
2018,,144,Improvements Capital Works Public,Critical Bridges,V131,,,,,,0,6300000,3600000,2700000,0,0,0
2018,,144,Improvements Capital Works Public,Houston Street Viaduct,,,,,,,90833,90833,0,0,0,0,0
2018,,144,Improvements Capital Works Public,Houston Street Viaduct,,,,,,,6615979,6615979,0,0,0,0,0
2018,,144,Improvements Capital Works Public,Houston Street Viaduct,,,,,,,7680704,7680704,0,0,0,0,0
2018,,144,Improvements Capital Works Public,I-30 Signature Design,,,,,,,241130,241130,0,0,0,0,0
2018,,144,Improvements Capital Works Public,I-30 Signature Design,,,,,,,1772816,1772816,0,0,0,0,0
2018,,144,Improvements Capital Works Public,I-30 Signature Design,,,,,,,3506950,3506950,0,0,0,0,0
2018,,144,Improvements Capital Works Public,Woodmeadow Parkway over Long Branch,,,,,,,48660,48660,0,0,0,0,0
2018,,144,Improvements Capital Works Public,Complete Streets,,,,,,,,,,,,,
2018,,144,Improvements Capital Works Public,Bishop from Jefferson To 8th,,,,,,,80411,80411,0,0,0,0,0
2018,,144,Improvements Capital Works Public,Bishop From Jefferson To 8Th,,,,,,,768803,768803,0,0,0,0,0
2018,,144,Improvements Capital Works Public,Bishop From Jefferson To 8Th,,,,,,,3771095,3771095,0,0,0,0,0
2018,,144,Improvements Capital Works Public,Camille Ave From Davenport To Cansler,,,,,,,739511,739511,0,0,0,0,0
2018,,144,Improvements Capital Works Public,Camille Ave From Davenport To Cansler,,,,,,,82040,82040,0,0,0,0,0
2018,,144,Improvements Capital Works Public,Cedar Springs Ave From Douglas To Oak Lawn,,,,,,,1304100,1304100,0,0,0,0,0
2018,,144,Improvements Capital Works Public,Davis Street From Beckley To Hampton,,,,,,,840000,840000,0,0,0,0,0
2018,,144,Improvements Capital Works Public,Davis Street From Beckley To Hampton,,,,,,,1391073,1391073,0,0,0,0,0
2018,,144,Improvements Capital Works Public,Grand From R.B. Cullum To Good Latimer,,,,,,,1233196,1233196,0,0,0,0,0
2018,,144,Improvements Capital Works Public,Grand From R.B. Cullum To Good Latimer,,,,,,,367350,367350,0,0,0,0,0
2018,,144,Improvements Capital Works Public,Grand From RB Cullum To Good Latimer,,,,,,,28419,28419,0,0,0,0,0
2018,,144,Improvements Capital Works Public,Henderson St From US 75 To Ross Ave,,,,,,,1312100,1312100,0,0,0,0,0
2018,,144,Improvements Capital Works Public,Jefferson Blvd From Crawford To Van Buren,,,,,,,326537,326537,0,0,0,0,0
2018,,144,Improvements Capital Works Public,Jefferson Blvd From Crawford To Van Buren,,,,,,,2088201,2088201,0,0,0,0,0
2018,,144,Improvements Capital Works Public,Jefferson Blvd From Crawford To Van Buren,,,,,,,8063,8063,0,0,0,0,0
2018,,144,Improvements Capital Works Public,Knox From Katy Trail To US 75,,,,,,,528492,528492,0,0,0,0,0
2018,,144,Improvements Capital Works Public,Meadowcreek Drive Arapaho To Campbell -,,,,,,,270135,270135,0,0,0,0,0
2018,,144,Improvements Capital Works Public,Pedestrian And Traffic,,,,,,,,,,,,,
2018,,144,Improvements Capital Works Public,MLK From RB Cullum To Ms. Wright,,,,,,,590784,590784,0,0,0,0,0
2018,,145,Improvements Capital Works Public,Gateway,,,,,,,,,,,,,
2018,,145,Improvements Capital Works Public,West Dallas Gateway,,,,,,,1727756,1727756,0,0,0,0,0
2018,,145,Improvements Capital Works Public,West Dallas Gateway,,,,,,,951897,951897,0,0,0,0,0
2018,,145,Improvements Capital Works Public,West Dallas Gateway,,,,,,,547174,547174,0,0,0,0,0
2018,,145,Improvements Capital Works Public,West Dallas Gateway,,,,,,,31153401,31153401,0,0,0,0,0
2018,,145,Improvements Capital Works Public,Hike and Bike Trails,,,,,,,,,,,,,
2018,,145,Improvements Capital Works Public,Bachman Lake Trail,S614,,,,,,758,758,0,0,0,0,0
2018,,145,Improvements Capital Works Public,Coombs Trinity Connect,W054,,,,,,330000,330000,0,0,0,0,0
2018,,145,Improvements Capital Works Public,Flag Pole Hill Trl from Goforth To Ftr Prk Fclty,,,,,,,,,,,,,
2018,,145,Improvements Capital Works Public,At Jules Mu,,,,,,,187695,187695,0,0,0,0,0
2018,,145,Improvements Capital Works Public,Flag Pole Hill Trl Frm Goforth To Ftr Prk Fclty,,,,,,,,,,,,,
2018,,145,Improvements Capital Works Public,At Jules Mu,,,,,,,9323,9323,0,0,0,0,0
2018,,145,Improvements Capital Works Public,Flag Pole Hill Trl Frm Goforth To Ftr Prk Fclty,,,,,,,,,,,,,
2018,,145,Improvements Capital Works Public,At Jules Mu,,,,,,,1025200,1025200,0,0,0,0,0
2018,,145,Improvements Capital Works Public,Lake Highlands Trail From White Rock Creek,,,,,,,,,,,,,
2018,,145,Improvements Capital Works Public,Trail To Skillman,,,,,,,237035,237035,0,0,0,0,0
2018,,145,Improvements Capital Works Public,Lake Highlands Trail From White Rock Creek,,,,,,,1360000,1360000,0,0,0,0,0
2018,,145,Improvements Capital Works Public,Trail To Skillman,,,,,,,,,,,,,
2018,,145,Improvements Capital Works Public,Northaven Trail Extension,,,,,,,249220,249220,0,0,0,0,0
2018,,145,Improvements Capital Works Public,Northaven Trail Extension,,,,,,,2965,2965,0,0,0,0,0
2018,,145,Improvements Capital Works Public,Northaven Trail Extension,,,,,,,1576166,1576166,0,0,0,0,0
2018,,145,Improvements Capital Works Public,Runyon Creek Greenbelt Trl-Glendale Prk,,,,,,,517708,517708,0,0,0,0,0
2018,,145,Improvements Capital Works Public,Loop Trl Frm Wagon W,,,,,,,,,,,,,
2018,,145,Improvements Capital Works Public,Runyon Creek Greenbelt Trl-Glendale Prk,,,,,,,7820,7820,0,0,0,0,0
2018,,145,Improvements Capital Works Public,Loop Trl Frm Wagon W,,,,,,,,,,,,,
2018,,145,Improvements Capital Works Public,Runyon Creek Greenbelt Trl-Glendale Prk,,,,,,,319652,319652,0,0,0,0,0
2018,,145,Improvements Capital Works Public,Loop Trl Frm Wagon W,,,,,,,,,,,,,
2018,,145,Improvements Capital Works Public,Runyon Creek Greenbelt Trl-Glendale Prk,,,,,,,2907678,2907678,0,0,0,0,0
2018,,145,Improvements Capital Works Public,Loop Trl Frm Wagon W,,,,,,,,,,,,,
2018,,145,Improvements Capital Works Public,SOPAC Trail Phase 3 (East Dallas Veloway),,,,,,,2081882,2081882,0,0,0,0,0
2018,,145,Improvements Capital Works Public,SOPAC Trail Phase 3 (East Dallas Veloway),,,,,,,818600,818600,0,0,0,0,0
2018,,145,Improvements Capital Works Public,Trinity Strand Phase 2 From I 35 At Oak Lawn,,,,,,,55277,55277,0,0,0,0,0
2018,,145,Improvements Capital Works Public,To Darts Inwood Sta.,,,,,,,,,,,,,
2018,,145,Improvements Capital Works Public,Trinity Strand Phase 2 From I 35 At Oak Lawn,,,,,,,34200,34200,0,0,0,0,0
2018,,145,Improvements Capital Works Public,To Darts Inwood,,,,,,,,,,,,,
2018,,146,Improvements Capital Works Public,To DART Inwood,,,,,,,265560,265560,0,0,0,0,0
2018,,146,Improvements Capital Works Public,Trinity Strand Phase 2 From I 35 At Oak Lawn,,,,,,,,,,,,,
2018,,146,Improvements Capital Works Public,To DART Inwood,,,,,,,491110,491110,0,0,0,0,0
2018,,146,Improvements Capital Works Public,Trinity Strand Phase 2 From Ih 35 At Oak,,,,,,,,,,,,,
2018,,146,Improvements Capital Works Public,Lawn To DART Inwood,,,,,,,1039670,1039670,0,0,0,0,0
2018,,146,Improvements Capital Works Public,Trail From Timberglen Park To Barry Barker,,,,,,,,,,,,,
2018,,146,Improvements Capital Works Public,Park,,,,,,,307216,307216,0,0,0,0,0
2018,,146,Improvements Capital Works Public,Trail From Timberglen Park To Barry Barker,,,,,,,,,,,,,
2018,,146,Improvements Capital Works Public,Park,,,,,,,1769445,1769445,0,0,0,0,0
2018,,146,Improvements Capital Works Public,Trinity River Trail From Sylvan To Moore Park,,,,,,,4112420,4112420,0,0,0,0,0
2018,,146,Improvements Capital Works Public,Trinity River Trail From Sylvan To Moore Park,,,,,,,2305980,2305980,0,0,0,0,0
2018,,146,Improvements Capital Works Public,Intergovernmental Partnership Project,,,,,,,,,,,,,
2018,,146,Improvements Capital Works Public,Camp Wisdom Road Project,,,,,,,700000,700000,0,0,0,0,0
2018,,146,Improvements Capital Works Public,Camp Wisdom Road Project,,,,,,,760000,760000,0,0,0,0,0
2018,,146,Improvements Capital Works Public,Camp Wisdom Road Project,,,,,,,540000,540000,0,0,0,0,0
2018,,146,Improvements Capital Works Public,CBD Fair Link- Hall St to I-30,,,,,,,125179,125179,0,0,0,0,0
2018,,146,Improvements Capital Works Public,CBD Fair Link- Hall St to I-30,,,,,,,310374,310374,0,0,0,0,0
2018,,146,Improvements Capital Works Public,CBD Fair Link- Hall St to I-30,,,,,,,355069,355069,0,0,0,0,0
2018,,146,Improvements Capital Works Public,CBD Fair Link- Hall St to I-30,,,,,,,2494110,2494110,0,0,0,0,0
2018,,146,Improvements Capital Works Public,CBD Fair Link- Hall St to I-30,,,,,,,616226,616226,0,0,0,0,0
2018,,146,Improvements Capital Works Public,Cockrell Hill - La Reunion to Singleton,,,,,,,400205,400205,0,0,0,0,0
2018,,146,Improvements Capital Works Public,Cockrell Hill - La Reunion to Singleton,,,,,,,2501682,2501682,0,0,0,0,0
2018,,146,Improvements Capital Works Public,Cockrell Hill - La Reunion to Singleton,,,,,,,3603484,3603484,0,0,0,0,0
2018,,146,Improvements Capital Works Public,Cockrell Hill from Davis to the City Limits,,,,,,,853574,853574,0,0,0,0,0
2018,,146,Improvements Capital Works Public,Cockrell Hill from Davis to the City Limits,,,,,,,41723,41723,0,0,0,0,0
2018,,146,Improvements Capital Works Public,Cockrell Hill From La Reunion To Singleton,V136,,,,,,0,1888956,0,1888956,0,0,0
2018,,146,Improvements Capital Works Public,Davis - Hampton to Westmoreland,,,,,,,270330,270330,0,0,0,0,0
2018,,146,Improvements Capital Works Public,Davis - Hampton to Westmoreland,,,,,,,690806,690806,0,0,0,0,0
2018,,146,Improvements Capital Works Public,Davis - Hampton to Westmoreland,,,,,,,209989,209989,0,0,0,0,0
2018,,146,Improvements Capital Works Public,Davis - Hampton to Westmoreland,,,,,,,2530266,2530266,0,0,0,0,0
2018,,146,Improvements Capital Works Public,Davis - Hampton to Westmoreland,,,,,,,900733,900733,0,0,0,0,0
2018,,147,Improvements Capital Works Public,Davis - Hampton to Westmoreland,,,,,,,113205,113205,0,0,0,0,0
2018,,147,Improvements Capital Works Public,Davis - Hampton to Westmoreland,,,,,,,567806,567806,0,0,0,0,0
2018,,147,Improvements Capital Works Public,Davis Street from Cockrell Hill to Clinton Ave,V135,,,,,,1603026,4801513,0,3198487,0,0,0
2018,,147,Improvements Capital Works Public,Dolphin Road from Haskell to Spring,V139,,,,,,0,2000000,0,2000000,0,0,0
2018,,147,Improvements Capital Works Public,Garland/Gaston/East Grand Intersection,,,,,,,,,,,,,
2018,,147,Improvements Capital Works Public,Safety Improvements,V132,,,,,,0,1100000,0,0,0,1100000,0
2018,,147,Improvements Capital Works Public,Hatcher - Haskell To Indus,,,,,,,189594,189594,0,0,0,0,0
2018,,147,Improvements Capital Works Public,Hatcher Ave Dolphin Rd T,,,,,,,227540,227540,,,,,
2018,,147,Improvements Capital Works Public,IH-20 Ramps From Haymarket Rd To W Of US,,,,,,,,,,,,,
2018,,147,Improvements Capital Works Public,175,,,,,,,87542,87542,0,0,0,0,0
2018,,147,Improvements Capital Works Public,Ih-20 Ramps From Haymarket Rd To W Of Us,,,,,,,,,,,,,
2018,,147,Improvements Capital Works Public,175,,,,,,,574640,574640,0,0,0,0,0
2018,,147,Improvements Capital Works Public,Ih-20 Ramps From Haymarket Rd To W Of Us,,,,,,,,,,,,,
2018,,147,Improvements Capital Works Public,175,,,,,,,32422,32422,0,0,0,0,0
2018,,147,Improvements Capital Works Public,Industrial Blvd - Cadiz St to Continental Ave,,,,,,,535558,535558,0,0,0,0,0
2018,,147,Improvements Capital Works Public,Industrial Blvd - Cadiz St to Continental Ave,,,,,,,1316925,1316925,0,0,0,0,0
2018,,147,Improvements Capital Works Public,Industrial Blvd - Cadiz St to Continental Ave,,,,,,,89756,89756,0,0,0,0,0
2018,,147,Improvements Capital Works Public,Industrial Blvd - Cadiz St to Continental Ave,,,,,,,508079,508079,0,0,0,0,0
2018,,147,Improvements Capital Works Public,Industrial Blvd - Cadiz St to Continental Ave,,,,,,,462597,462597,0,0,0,0,0
2018,,147,Improvements Capital Works Public,Industrial Blvd - Cadiz St to Continental Ave,,,,,,,226285,226285,0,0,0,0,0
2018,,147,Improvements Capital Works Public,Industrial-S IH30-N Commerce,R253,,,,,,318374,318374,0,0,0,0,0
2018,,147,Improvements Capital Works Public,Industrial-S IH30-N Commerce,R253,,,,,,37080,37080,0,0,0,0,0
2018,,147,Improvements Capital Works Public,Industrial-S IH30-N Commerce,R253,,,,,,10792,10792,0,0,0,0,0
2018,,147,Improvements Capital Works Public,Industrial-S IH30-N Commerce,R253,,,,,,94055,94055,0,0,0,0,0
2018,,147,Improvements Capital Works Public,Industrial-S IH30-N Commerce,R253,,,,,,44761,44761,0,0,0,0,0
2018,,147,Improvements Capital Works Public,Industrial-S IH30-N Commerce,R253,,,,,,19298,19298,0,0,0,0,0
2018,,147,Improvements Capital Works Public,Industrial-S IH30-N Commerce,R253,,,,,,34277,34277,0,0,0,0,0
2018,,147,Improvements Capital Works Public,Industrial-S IH30-N Commerce,R253,,,,,,11358,11358,0,0,0,0,0
2018,,147,Improvements Capital Works Public,LBJ/Skillman Intersection Improvements,V133,,,,,,0,6500000,0,6500000,0,0,0
2018,,147,Improvements Capital Works Public,Modern Streetcar Extension,W072,,,,,,1452441,1452441,0,0,0,0,0
2018,,147,Improvements Capital Works Public,Motor St - IH 35E to Medical Center Dr,,,,,,,14276490,14276490,0,0,0,0,0
2018,,147,Improvements Capital Works Public,Motor St - IH 35E to Medical Center Dr,,,,,,,1555179,1555179,0,0,0,0,0
2018,,147,Improvements Capital Works Public,Motor St - IH 35E to Medical Center Dr,,,,,,,335262,335262,0,0,0,0,0
2018,,148,Improvements Capital Works Public,Motor Street From Harry Hines To Stemmons,U795,,,,,,336543,336543,0,0,0,0,0
2018,,148,Improvements Capital Works Public,Mountain Creek Parkway From 2400' Se Of,,,,,,,,,,,,,
2018,,148,Improvements Capital Works Public,Eagle Ford To Clark,,,,,,,5325000,5325000,0,0,0,0,0
2018,,148,Improvements Capital Works Public,MOUNTAIN CREEK PARKWAY FROM 2400',,,,,,,,,,,,,
2018,,148,Improvements Capital Works Public,SE OF EAGLE FORD TO CLARK,,,,,,,202794,202794,0,0,0,0,0
2018,,148,Improvements Capital Works Public,Northwest Highway/Preston,,,,,,,,,,,,,
2018,,148,Improvements Capital Works Public,Parking/Transportation Interface,V141,,,,,,0,10000000,0,0,0,10000000,0
2018,,148,Improvements Capital Works Public,Park Lane - US 75 To Greenville,,,,,,,529729,529729,0,0,0,0,0
2018,,148,Improvements Capital Works Public,Prairie Creek Bridge over UPRR Tracks,V143,,,,,,0,9200000,700000,500000,8000000,0,0
2018,,148,Improvements Capital Works Public,Riverfront From Uppr Tracks To Cadiz,V134,,,,,,73666,73666,0,0,0,0,0
2018,,148,Improvements Capital Works Public,Skillman-Audelia-Whitehurst,,,,,,,52416,52416,0,0,0,0,0
2018,,148,Improvements Capital Works Public,SOPAC-Katy Trail Drainage-Erosion,,,,,,,,,,,,,
2018,,148,Improvements Capital Works Public,Improvements,V138,,,,,,104849,695932,0,591083,0,0,0
2018,,148,Improvements Capital Works Public,Spring Valley at Goldmark,,,,,,,158103,158103,0,0,0,0,0
2018,,148,Improvements Capital Works Public,Spring Valley at Goldmark,,,,,,,231792,231792,0,0,0,0,0
2018,,148,Improvements Capital Works Public,Spring Valley Rd From Coit Rd To Goldmark,,,,,,,,,,,,,
2018,,148,Improvements Capital Works Public,Sidewalk And Pedes,,,,,,,152163,152163,0,0,0,0,0
2018,,148,Improvements Capital Works Public,US 75-Mockingbird-Lovers Lane Pedestrian,,,,,,,,,,,,,
2018,,148,Improvements Capital Works Public,Improvements,V144,,,,,,109396,1099396,0,60000,930000,0,0
2018,,148,Improvements Capital Works Public,Valley View/Walnut - IH 635 To City Limits,,,,,,,893410,893410,0,0,0,0,0
2018,,148,Improvements Capital Works Public,Valley Viewwalnut - Ih 635 To City Limits,,,,,,,14130,14130,0,0,0,0,0
2018,,148,Improvements Capital Works Public,Wheatland Road From City Limits To,,,,,,,,,,,,,
2018,,148,Improvements Capital Works Public,University Hills,V145,,,,,,35001,1799099,0,599099,1164999,0,0
2018,,148,Improvements Capital Works Public,Public / Private Development,,,,,,,,,,,,,
2018,,148,Improvements Capital Works Public,Infrastructure Imp-Public,R256,,,,,,414126,414126,0,0,0,0,0
2018,,148,Improvements Capital Works Public,Meek Street from Carbondale St to Hull St,,,,,,,73977,73977,0,0,0,0,0
2018,,148,Improvements Capital Works Public,Meek Street from Carbondale St to Hull St,,,,,,,300000,300000,0,0,0,0,0
2018,,148,Improvements Capital Works Public,Public Art,,,,,,,,,,,,,
2018,,148,Improvements Capital Works Public,2012 Public Art Projects - Streets,,,,,,,7692,7692,0,0,0,0,0
2018,,149,Improvements Capital Works Public,2012 PUBLIC ART PROJECTS - STREETS,,,,,,,262408,262408,0,0,0,0,0
2018,,149,Improvements Capital Works Public,Public Art Admin-PBW,PA59,,,,,,26202,26202,0,0,0,0,0
2018,,149,Improvements Capital Works Public,Public Art Proj -Flood,L781,,,,,,97733,97733,0,0,0,0,0
2018,,149,Improvements Capital Works Public,Public Art Projects-PBW,PA58,,,,,,104808,104808,0,0,0,0,0
2018,,149,Improvements Capital Works Public,Resurfacing & Reconstruction Improvements,,,,,,,,,,,,,
2018,,149,Improvements Capital Works Public,Resurfacing - Reconstruction Improvements,W186,,,,,,4100000,8200000,4100000,0,0,0,0
2018,,149,Improvements Capital Works Public,Improvements,,,,,,,4100000,8200000,4100000,0,0,0,0
2018,,149,Improvements Capital Works Public,Sidewalk Improvements,,,,,,,,,,,,,
2018,,149,Improvements Capital Works Public,10th Street Historic District Sidewalk,,,,,,,,,,,,,
2018,,149,Improvements Capital Works Public,Improvements,V149,,,,,,0,689857,689857,0,0,0,0
2018,,149,Improvements Capital Works Public,2017 Sidewalk Improvements for Seniors,W160,,,,,,310579,310579,0,0,0,0,0
2018,,149,Improvements Capital Works Public,Baraboo Dr From Highland Hills Dr To End Of,,,,,,,,,,,,,
2018,,149,Improvements Capital Works Public,Pavement,V158,,,,,,5788,58189,52401,0,0,0,0
2018,,149,Improvements Capital Works Public,Bristol Ave From March Ave To Hopkins Ave,V155,,,,,,7941,79826,71885,0,0,0,0
2018,,149,Improvements Capital Works Public,Cherbourg St From Carbondale St To Dutch,,,,,,,,,,,,,
2018,,149,Improvements Capital Works Public,Harbor Ave,V159,,,,,,3322,33394,30072,0,0,0,0
2018,,149,Improvements Capital Works Public,Council District 5 Sidewalk Improvements,V150,,,,,,41389,619554,578165,0,0,0,0
2018,,149,Improvements Capital Works Public,Council District 8 Sidewalks,V169,,,,,,61640,619640,558000,0,0,0,0
2018,,149,Improvements Capital Works Public,Council District 9 Sidewalks (Locations TBD),V151,,,,,,0,476776,476776,0,0,0,0
2018,,149,Improvements Capital Works Public,Driskell St From Colonial Ave To S Central Ser,V160,,,,,,2087,20978,18891,0,0,0,0
2018,,149,Improvements Capital Works Public,Rd,,,,,,,,,,,,,
2018,,149,Improvements Capital Works Public,Everglade Rd From N Jim Miller Rd To,V161,,,,,,5984,60153,54169,0,0,0,0
2018,,149,Improvements Capital Works Public,Symphony Lane,,,,,,,,,,,,,
2018,,149,Improvements Capital Works Public,Fellows Ln From Carbondale St To Hull Ave,V162,,,,,,2555,25688,23133,0,0,0,0
2018,,149,Improvements Capital Works Public,Ferguson Rd Sidewalk Imp From Rocky Glen,V163,,,,,,24358,244858,220500,0,0,0,0
2018,,149,Improvements Capital Works Public,To Gray Cliff,,,,,,,,,,,,,
2018,,149,Improvements Capital Works Public,Frankford (South Side) From Dickerson St To,V147,,,,,,0,100000,0,0,100000,0,0
2018,,149,Improvements Capital Works Public,Coit Rd,,,,,,,,,,,,,
2018,,149,Improvements Capital Works Public,Kimball Neighborhood Plus Target Area,V148,,,,,,0,350000,350000,0,0,0,0
2018,,149,Improvements Capital Works Public,Sidewalk Improvements,,,,,,,,,,,,,
2018,,149,Improvements Capital Works Public,Kiska St From Yancy St To Fellows Ln,V164,,,,,,8069,81117,73048,0,0,0,0
2018,,149,Improvements Capital Works Public,Mc Kinney Ave Pedestrian Safety,V171,,,,,,74564,749564,675000,0,0,0,0
2018,,149,Improvements Capital Works Public,Improvement,,,,,,,,,,,,,
2018,,149,Improvements Capital Works Public,Oak Lawn-Cedar Springs Area Imp [SW-,V156,,,,,,49709,499709,450000,0,0,0,0
2018,,149,Improvements Capital Works Public,Lighting-Ped Safety Imp],,,,,,,,,,,,,
2018,,149,Improvements Capital Works Public,Park Row Ave From South Central Expy To,V165,,,,,,16091,161754,145663,0,0,0,0
2018,,149,Improvements Capital Works Public,Jeffries St,,,,,,,,,,,,,
2018,,150,Improvements Capital Works Public,Perryton Dr Sidewalk Connection,W080,,,,,,101594,101594,0,0,0,0,0
2018,,150,Improvements Capital Works Public,Rothington Rd From Chariot Dr To S Buckner,,,,,,,,,,,,,
2018,,150,Improvements Capital Works Public,Blvd,V166,,,,,,4098,41192,37094,0,0,0,0
2018,,150,Improvements Capital Works Public,Sidewalk Improvement,,,,,,,94580,94580,0,0,0,0,0
2018,,150,Improvements Capital Works Public,Sidewalk Improvement,,,,,,,94580,94580,0,0,0,0,0
2018,,150,Improvements Capital Works Public,Sidewalk Improvement,,,,,,,87527,87527,0,0,0,0,0
2018,,150,Improvements Capital Works Public,Sidewalk Improvement,,,,,,,98229,98229,0,0,0,0,0
2018,,150,Improvements Capital Works Public,Sidewalk Improvements along Arterial Streets,,,,,,,,,,,,,
2018,,150,Improvements Capital Works Public,TBD,,,,,,,93078,93078,0,0,0,0,0
2018,,150,Improvements Capital Works Public,Sidewalk Improvements along Arterial Streets,,,,,,,,,,,,,
2018,,150,Improvements Capital Works Public,TBD,,,,,,,1431922,1431922,0,0,0,0,0
2018,,150,Improvements Capital Works Public,Sidewalk Improvements along Arterial Streets,,,,,,,,,,,,,
2018,,150,Improvements Capital Works Public,TBD,,,,,,,274912,274912,0,0,0,0,0
2018,,150,Improvements Capital Works Public,Sidewalk Improvements along Arterial Streets,,,,,,,,,,,,,
2018,,150,Improvements Capital Works Public,TBD,,,,,,,36947,36947,0,0,0,0,0
2018,,150,Improvements Capital Works Public,Sidewalk Improvements along Arterial Streets,,,,,,,,,,,,,
2018,,150,Improvements Capital Works Public,TBD,,,,,,,2261053,2261053,0,0,0,0,0
2018,,150,Improvements Capital Works Public,Sidewalk Improvements along Arterial Streets,,,,,,,,,,,,,
2018,,150,Improvements Capital Works Public,TBD,,,,,,,234949,234949,0,0,0,0,0
2018,,150,Improvements Capital Works Public,Sidewalk Improvements along Arterial Streets,,,,,,,,,,,,,
2018,,150,Improvements Capital Works Public,TBD,,,,,,,122890,122890,0,0,0,0,0
2018,,150,Improvements Capital Works Public,Sidewalk Improvements and Barrier Free,,,,,,,,,,,,,
2018,,150,Improvements Capital Works Public,Ramps,,,,,,,1077880,1077880,0,0,0,0,0
2018,,150,Improvements Capital Works Public,Sidewalk Improvements - CD projects,P709,,,,,,78849,78849,0,0,0,0,0
2018,,150,Improvements Capital Works Public,Sidewalk Improvements District 4,,,,,,,168402,168402,0,0,0,0,0
2018,,150,Improvements Capital Works Public,Sidewalk Improvements District 4,,,,,,,119798,119798,0,0,0,0,0
2018,,150,Improvements Capital Works Public,Sidewalks 50-50 and ADA Ramps,V146,,,,,,1240746,6232746,1248000,1248000,1248000,1248000,0
2018,,150,Improvements Capital Works Public,South Blvd From South Central Expy To,V167,,,,,,22348,224658,202310,0,0,0,0
2018,,150,Improvements Capital Works Public,Meadow St,,,,,,,,,,,,,
2018,,150,Improvements Capital Works Public,Tyler From Illinois Ave To Lebanon [East Side,V152,,,,,,35990,361790,325800,0,0,0,0
2018,,150,Improvements Capital Works Public,Only],,,,,,,,,,,,,
2018,,150,Improvements Capital Works Public,W Jefferson Blvd [S Side]- N Westmoreland,V153,,,,,,36070,362596,326526,0,0,0,0
2018,,150,Improvements Capital Works Public,Rd To N. Plymouth,,,,,,,,,,,,,
2018,,150,Improvements Capital Works Public,W University Blvd From Roper St To Kenwell,V157,,,,,,9428,94778,85350,0,0,0,0
2018,,150,Improvements Capital Works Public,St,,,,,,,,,,,,,
2018,,150,Improvements Capital Works Public,Wendelkin St From Pennsylvania Ave To,V168,,,,,,11925,119876,107951,0,0,0,0
2018,,150,Improvements Capital Works Public,Driskell St,,,,,,,,,,,,,
2018,,150,Improvements Capital Works Public,White Rock Creek Trail Access Paths,W079,,,,,,222696,222696,0,0,0,0,0
2018,,150,Improvements Capital Works Public,Sidewalk Connection,,,,,,,,,,,,,
2018,,150,Improvements Capital Works Public,Willow Ln [North Side] From Preston Rd To,V170,,,,,,135511,1362235,1226724,0,0,0,0
2018,,150,Improvements Capital Works Public,Hillcrest Rd,,,,,,,,,,,,,
2018,,150,Improvements Capital Works Public,Wright Street From S. Oak Cliff To Edgefield,V154,,,,,,44453,446866,402413,0,0,0,0
2018,,150,Improvements Capital Works Public,Sidewalk Petition,,,,,,,,,,,,,
2018,,151,Improvements Capital Works Public,Westbrook - Fisher,V173,,,,,,12129,121929,109800,0,0,0,0
2018,,151,Improvements Capital Works Public,Jeffries St. - Tanner St. To Warren Ave.,,,,,,,,,,,,,
2018,,151,Improvements Capital Works Public,[Sidewalk],V172,,,,,,3678,36978,33300,0,0,0,0
2018,,151,Improvements Capital Works Public,Street and Alley Improvement Projects,,,,,,,,,,,,,
2018,,151,Improvements Capital Works Public,Street and Alley Improvement Projects,W222,,,,,,20400373,122402238,20400373,20400373,20400373,20400373,20400373
2018,,151,Improvements Capital Works Public,Street Design and Paving Manual,W063,,,,,,46000,46000,0,0,0,0,0
2018,,151,Improvements Capital Works Public,Street Petition,,,,,,,,,,,,,
2018,,151,Improvements Capital Works Public,Crenshaw Dr From Cushing Dr To Old,,,,,,,,,,,,,
2018,,151,Improvements Capital Works Public,Seagoville Rd,,,,,,,123330,123330,0,0,0,0,0
2018,,151,Improvements Capital Works Public,Crenshaw Dr From Cushing Dr To Old,,,,,,,,,,,,,
2018,,151,Improvements Capital Works Public,Seagoville Rd,,,,,,,731351,731351,0,0,0,0,0
2018,,151,Improvements Capital Works Public,Dirk St. - Alley South Of Martel Ave. To Martel,,,,,,,,,,,,,
2018,,151,Improvements Capital Works Public,Ave. [St],V187,,,,,,14515,145915,0,0,131400,0,0
2018,,151,Improvements Capital Works Public,Fernheath Ln From South Beltline Rd To Dead,,,,,,,,,,,,,
2018,,151,Improvements Capital Works Public,End,,,,,,,1285699,1285699,0,0,0,0,0
2018,,151,Improvements Capital Works Public,Gardenview Dr From Alto Garden Dr To Loma,,,,,,,,,,,,,
2018,,151,Improvements Capital Works Public,Garden Av,,,,,,,220410,220410,0,0,0,0,0
2018,,151,Improvements Capital Works Public,Gardenview Dr From Alto Garden Dr To Loma,,,,,,,,,,,,,
2018,,151,Improvements Capital Works Public,Garden Av,,,,,,,562113,562113,0,0,0,0,0
2018,,151,Improvements Capital Works Public,Ginger Ave. - Dacki Ave. To Goldie Ave.-,,,,,,,,,,,,,
2018,,151,Improvements Capital Works Public,Brandon St.,V182,,,,,,195756,1967856,0,0,1772100,0,0
2018,,151,Improvements Capital Works Public,Harlandale Ave. - Ohio Ave. To Illinois Ave.,V183,,,,,,53587,538687,0,0,485100,0,0
2018,,151,Improvements Capital Works Public,Hord Ave. - Moler St. To Brandon St.,V181,,,,,,84506,849506,0,0,765000,0,0
2018,,151,Improvements Capital Works Public,Longhorn Street From Bar X St To Ferguson,,,,,,,110761,110761,0,0,0,0,0
2018,,151,Improvements Capital Works Public,Rd,,,,,,,,,,,,,
2018,,151,Improvements Capital Works Public,Longhorn Street From Bar X St To Ferguson,,,,,,,773117,773117,0,0,0,0,0
2018,,151,Improvements Capital Works Public,Rd,,,,,,,,,,,,,
2018,,151,Improvements Capital Works Public,Lonsdale Ave. Sarah Lee Ln. to Lake June Rd.,V184,,,,,,1928132,2421066,0,0,492934,0,0
2018,,151,Improvements Capital Works Public,Lonsdale from Sarah Lee to Lake June Rd,W052,,,,,,109074,109074,0,0,0,0,0
2018,,151,Improvements Capital Works Public,Michigan Ave From Saner Ave To Hobson Ave,,,,,,,64298,64298,0,0,0,0,0
2018,,151,Improvements Capital Works Public,Michigan Ave From Saner Ave To Hobson Ave,,,,,,,379865,379865,0,0,0,0,0
2018,,151,Improvements Capital Works Public,Ridgecrest Rd. - Holly Hill Dr. To SOPAC Tr E,V186,,,,,,0,5512000,551200,0,4960800,0,0
2018,,151,Improvements Capital Works Public,Of Eastridge,,,,,,,,,,,,,
2018,,151,Improvements Capital Works Public,South Ewing Ave From Sleeth St To Ann Arbor,V188,,,,,,88980,894480,0,0,805500,0,0
2018,,151,Improvements Capital Works Public,Ave,,,,,,,,,,,,,
2018,,151,Improvements Capital Works Public,Trojan St. - Burma Rd. To Fellows Ln.,V185,,,,,,0,1089366,0,0,1089366,0,0
2018,,152,Improvements Capital Works Public,Street Reconstruction,,,,,,,,,,,,,
2018,,152,Improvements Capital Works Public,10th St from I-35 to Clarendon Dr,V198,,,,,,0,3252260,0,0,3252260,0,0
2018,,152,Improvements Capital Works Public,6100 Blk Of Calm Meadow,V282,,,,,,52854,528539,0,475685,0,0,0
2018,,152,Improvements Capital Works Public,Aberdeen Ave From Edgemere Rd To,,,,,,,,,,,,,
2018,,152,Improvements Capital Works Public,Thackery St,V285,,,,,,79397,793966,0,714569,0,0,0
2018,,152,Improvements Capital Works Public,Adair St From Cobb St To 500 Ft North Of,,,,,,,,,,,,,
2018,,152,Improvements Capital Works Public,Cobb St,V287,,,,,,8153,81530,0,73377,0,0,0
2018,,152,Improvements Capital Works Public,Alpha Rd from Barton Dr to Noel Rd,V293,,,,,,0,1066503,106650,0,959853,0,0
2018,,152,Improvements Capital Works Public,Alpha Rd From End Of Pavement To Barton Dr,V310,,,,,,116755,1167548,0,0,1050793,0,0
2018,,152,Improvements Capital Works Public,Alpha Rd from Noel Rd to Montfort Dr,V294,,,,,,0,2029317,202932,0,1826385,0,0
2018,,152,Improvements Capital Works Public,Anzio Cir from Garapan Dr to S Polk St,V199,,,,,,0,1140900,0,0,1140900,0,0
2018,,152,Improvements Capital Works Public,Arbor Park Dr from Robin Meadow Dr to,,,,,,,,,,,,,
2018,,152,Improvements Capital Works Public,Whitehurst Dr,V215,,,,,,0,1339207,133921,1205286,0,0,0
2018,,152,Improvements Capital Works Public,Arborcrest Dr From Bluewood Dr To,,,,,,,,,,,,,
2018,,152,Improvements Capital Works Public,Partridge Dr,V262,,,,,,90642,906420,0,815778,0,0,0
2018,,152,Improvements Capital Works Public,Avenue H From E 11Th St To Sanderson Ave,V247,,,,,,84292,842917,0,0,758625,0,0
2018,,152,Improvements Capital Works Public,Babcock Dr From Bernal Dr To Canada Dr,V256,,,,,,43642,436424,0,0,392782,0,0
2018,,152,Improvements Capital Works Public,Beall Street From Dolphin To Gifford Street,,,,,,,54765,54765,0,0,0,0,0
2018,,152,Improvements Capital Works Public,Beall Street From Dolphin To Gifford Street,,,,,,,310335,310335,0,0,0,0,0
2018,,152,Improvements Capital Works Public,Bismark Dr From E. Ledbetter To 51St,,,,,,,794032,794032,0,0,0,0,0
2018,,152,Improvements Capital Works Public,Blossomheath Ln From Lbj Serv N To Thistle,V275,,,,,,44701,447009,0,402308,0,0,0
2018,,152,Improvements Capital Works Public,Ln,,,,,,,,,,,,,
2018,,152,Improvements Capital Works Public,Blossomheath Ln from Thistle Ln to Alpha Rd,V222,,,,,,0,509024,50902,458122,0,0,0
2018,,152,Improvements Capital Works Public,Bombay Ave from Huron Dr to Thurston Dr,V193,,,,,,0,1286618,128662,1157956,0,0,0
2018,,152,Improvements Capital Works Public,Bonnie View From Overton To Springview,,,,,,,78495,78495,0,0,0,0,0
2018,,152,Improvements Capital Works Public,Bonnie View From Overton To Springview,,,,,,,447505,447505,0,0,0,0,0
2018,,152,Improvements Capital Works Public,Bonnie View Rd from Ann Arbor Ave to,V200,,,,,,0,2255054,225505,2029549,0,0,0
2018,,152,Improvements Capital Works Public,Cummings St,,,,,,,,,,,,,
2018,,152,Improvements Capital Works Public,Boundbrook Ave From Greenville Ave To,V268,,,,,,40881,408807,0,367926,0,0,0
2018,,152,Improvements Capital Works Public,Woodbrook Dr,,,,,,,,,,,,,
2018,,152,Improvements Capital Works Public,Bradford Dr from Maple Springs Blvd to,V194,,,,,,0,1944976,194498,1750478,0,0,0
2018,,152,Improvements Capital Works Public,Hedgerow Dr,,,,,,,,,,,,,
2018,,152,Improvements Capital Works Public,Broken Bow Rd from 9635 Broken Bow Rd to,V216,,,,,,0,601802,60180,541622,0,0,0
2018,,152,Improvements Capital Works Public,Fieldcrest Dr,,,,,,,,,,,,,
2018,,152,Improvements Capital Works Public,Brookshire Dr From Orchid Ln To Brookshire,V276,,,,,,31603,316031,0,0,284428,0,0
2018,,152,Improvements Capital Works Public,Cir,,,,,,,,,,,,,
2018,,152,Improvements Capital Works Public,Burroaks Cir From Burroaks Dr To End Of,V263,,,,,,43500,435000,0,391500,0,0,0
2018,,152,Improvements Capital Works Public,Pavement,,,,,,,,,,,,,
2018,,152,Improvements Capital Works Public,Canada Dr From Babcock Dr To Leesburg St,V307,,,,,,76899,768993,0,692094,0,0,0
2018,,153,Improvements Capital Works Public,Westmoreland Rd,,,,,,,335190,335190,0,0,0,0,0
2018,,153,Improvements Capital Works Public,Canada Dr From Tamerisk St To,,,,,,,,,,,,,
2018,,153,Improvements Capital Works Public,Westmoreland Rd,,,,,,,3564227,3564227,0,0,0,0,0
2018,,153,Improvements Capital Works Public,Carpenter Ave From S Malcom X Blvd To,,,,,,,,,,,,,
2018,,153,Improvements Capital Works Public,Meadow St,V261,,,,,,297582,391240,0,0,93658,0,0
2018,,153,Improvements Capital Works Public,Cedardale Paving & Drainage Improvements,,,,,,,1968526,1968526,0,0,0,0,0
2018,,153,Improvements Capital Works Public,Cedardale Paving & Drainage Improvements,,,,,,,3282511,3282511,0,0,0,0,0
2018,,153,Improvements Capital Works Public,Chimney Hill Ln from Abrams Rd to Wightman,,,,,,,,,,,,,
2018,,153,Improvements Capital Works Public,Pl,V217,,,,,,0,1726846,172685,1554161,0,0,0
2018,,153,Improvements Capital Works Public,Church St From I-35 To Cliff To End,V248,,,,,,57232,572317,0,0,515085,0,0
2018,,153,Improvements Capital Works Public,Clarendon Dr (2-28' Lanes) from Ewing to,,,,,,,,,,,,,
2018,,153,Improvements Capital Works Public,Upton,V292,,,,,,0,1715657,0,0,0,1715657,0
2018,,153,Improvements Capital Works Public,Clearsprings Rd From Coit Rd To Sapling Way,V277,,,,,,47396,473964,0,0,426568,0,0
2018,,153,Improvements Capital Works Public,Cobb St From Cobb St To Adair St,V288,,,,,,11031,110306,0,99275,0,0,0
2018,,153,Improvements Capital Works Public,Concho St From Richmond Ave To Belmont,,,,,,,,,,,,,
2018,,153,Improvements Capital Works Public,Ave,V289,,,,,,39326,393262,0,353936,0,0,0
2018,,153,Improvements Capital Works Public,Crownover Ct from Genstar Ln to End of,,,,,,,,,,,,,
2018,,153,Improvements Capital Works Public,Pavement,V228,,,,,,0,844404,84440,759964,0,0,0
2018,,153,Improvements Capital Works Public,Currin Dr From Pebbledowne Dr To End Of,,,,,,,,,,,,,
2018,,153,Improvements Capital Works Public,Pavement,V278,,,,,,18489,184889,0,0,166400,0,0
2018,,153,Improvements Capital Works Public,Currin Dr from St Michaels Dr to,,,,,,,,,,,,,
2018,,153,Improvements Capital Works Public,Pebbledowne Dr,V223,,,,,,0,809511,80951,0,728560,0,0
2018,,153,Improvements Capital Works Public,Davenport Rd From Winding Creek Rd To,,,,,,,,,,,,,
2018,,153,Improvements Capital Works Public,Creek Bend Rd,V312,,,,,,77676,776761,0,699085,0,0,0
2018,,153,Improvements Capital Works Public,Donnybrook Ln From N Prairie Creek Rd To,,,,,,,,,,,,,
2018,,153,Improvements Capital Works Public,Riverway Dr,V254,,,,,,65720,657200,0,591480,0,0,0
2018,,153,Improvements Capital Works Public,Dove Creek Way From Myrtlewood Drive To,,,,,,,,,,,,,
2018,,153,Improvements Capital Works Public,Swansee Street,V245,,,,,,130530,1305304,0,1174774,0,0,0
2018,,153,Improvements Capital Works Public,E Corning Ave From Arizona To S Marsalis Ave,V249,,,,,,94462,944622,0,0,850160,0,0
2018,,153,Improvements Capital Works Public,E Davis St From Beckley Ave To Patton Ave,V303,,,,,,116279,1162793,0,1046514,0,0,0
2018,,153,Improvements Capital Works Public,E Overton Rd From S Marsalis Ave To S Ewing,V305,,,,,,153112,1531121,0,0,0,1378009,0
2018,,153,Improvements Capital Works Public,Edelweiss Cir From Hillcrest Rd To End Of,V279,,,,,,35638,356383,0,0,320745,0,0
2018,,153,Improvements Capital Works Public,Pavement,,,,,,,,,,,,,
2018,,153,Improvements Capital Works Public,Ewing Ave S From Galloway Ave To Genoa,,,,,,,175497,175497,0,0,0,0,0
2018,,153,Improvements Capital Works Public,Ave,,,,,,,,,,,,,
2018,,153,Improvements Capital Works Public,Ewing Ave S From Galloway Ave To Genoa,,,,,,,216316,216316,0,0,0,0,0
2018,,153,Improvements Capital Works Public,Ave,,,,,,,,,,,,,
2018,,153,Improvements Capital Works Public,Ewing Ave S From Galloway Ave To Genoa,,,,,,,1398835,1398835,0,0,0,0,0
2018,,153,Improvements Capital Works Public,Ave,,,,,,,,,,,,,
2018,,153,Improvements Capital Works Public,Fillmore Dr from Empire Central to Register,V195,,,,,,0,1342846,134285,1208561,0,0,0
2018,,153,Improvements Capital Works Public,Ave,,,,,,,,,,,,,
2018,,153,Improvements Capital Works Public,Fordham From Bonnie View To Illinois,,,,,,,140858,140858,0,0,0,0,0
2018,,153,Improvements Capital Works Public,Fordham From Bonnie View To Illinois,,,,,,,228195,228195,0,0,0,0,0
2018,,153,Improvements Capital Works Public,Fordham From Bonnie View To Illinois,,,,,,,305107,305107,0,0,0,0,0
2018,,153,Improvements Capital Works Public,Fordham From Bonnie View To Illinois,,,,,,,941317,941317,0,0,0,0,0
2018,,154,Improvements Capital Works Public,Fordham From Bonnie View To Illinois,,,,,,,841928,841928,0,0,0,0,0
2018,,154,Improvements Capital Works Public,Frankford Rd (WB Lane Only) from City Limit,,,,,,,,,,,,,
2018,,154,Improvements Capital Works Public,to Appleridge Dr,V295,,,,,,0,1353262,135326,0,1217936,0,0
2018,,154,Improvements Capital Works Public,Frankford Rd From Frankford Rd To Aramis Ln,V283,,,,,,38152,381520,0,343368,0,0,0
2018,,154,Improvements Capital Works Public,Galloway Ave From Fernwood Ave To S,,,,,,,,,,,,,
2018,,154,Improvements Capital Works Public,Denley Dr,V250,,,,,,93983,939827,0,0,845844,0,0
2018,,154,Improvements Capital Works Public,Geraldine Dr From Kendale Dr To Lombardy,,,,,,,,,,,,,
2018,,154,Improvements Capital Works Public,Ln,V257,,,,,,85185,851847,0,0,766662,0,0
2018,,154,Improvements Capital Works Public,Gilbert Ave From Oak Lawn Ave To Reagan St,V290,,,,,,42568,425676,0,383108,0,0,0
2018,,154,Improvements Capital Works Public,Goodwin Ave from Laneri Ave to Glencoe St,V232,,,,,,0,622968,62297,560671,0,0,0
2018,,154,Improvements Capital Works Public,Grassy Ridge Trl From Penguin Dr To,,,,,,,,,,,,,
2018,,154,Improvements Capital Works Public,Scottsboro Ln,V246,,,,,,70849,912209,91221,750139,0,0,0
2018,,154,Improvements Capital Works Public,Greenhollow Ln From Coit Rd To Sapling Way,V280,,,,,,46900,469003,0,0,422103,0,0
2018,,154,Improvements Capital Works Public,Haines Ave From W. Colorado Blvd To W.,,,,,,,,,,,,,
2018,,154,Improvements Capital Works Public,Greenbriar Ln,V236,,,,,,0,1537988,153799,1384189,0,0,0
2018,,154,Improvements Capital Works Public,Halifax St from Cash Rd to Pulaski St,V206,,,,,,0,1056682,105668,0,951014,0,0
2018,,154,Improvements Capital Works Public,Hampton Rd S From Crow Creek Dr To North,,,,,,,,,,,,,
2018,,154,Improvements Capital Works Public,Of W Ledbetter D,,,,,,,1400288,1400288,0,0,0,0,0
2018,,154,Improvements Capital Works Public,Hampton Rd S From Crow Creek Dr To North,,,,,,,,,,,,,
2018,,154,Improvements Capital Works Public,Of W Ledbetter D,,,,,,,455612,455612,0,0,0,0,0
2018,,154,Improvements Capital Works Public,Hay St From Ring St To End Of Pavement,V239,,,,,,15347,153468,0,138121,0,0,0
2018,,154,Improvements Capital Works Public,Hodde St from Woodmont Dr to N Jim Miller,,,,,,,,,,,,,
2018,,154,Improvements Capital Works Public,Rd,V204,,,,,,0,1630432,163043,1467389,0,0,0
2018,,154,Improvements Capital Works Public,Hughes Ln from Wilderness Ct to Preston Rd,V224,,,,,,0,925108,92511,0,832597,0,0
2018,,154,Improvements Capital Works Public,Imperial St From Bertrand Ave To Lagow St,,,,,,,87630,87630,0,0,0,0,0
2018,,154,Improvements Capital Works Public,Imperial St From Bertrand Ave To Lagow St,,,,,,,562155,562155,0,0,0,0,0
2018,,154,Improvements Capital Works Public,JB Jackson From Grand To MLK,,,,,,,775507,775507,0,0,0,0,0
2018,,154,Improvements Capital Works Public,Jb Jackson From Grand To MLK,,,,,,,166918,166918,0,0,0,0,0
2018,,154,Improvements Capital Works Public,Jb Jackson From Grand To MLK,,,,,,,942086,942086,0,0,0,0,0
2018,,154,Improvements Capital Works Public,Joyce Way from Thackery St to Hillcrest Rd,V230,,,,,,0,852673,85267,767406,0,0,0
2018,,154,Improvements Capital Works Public,Kernack St From Phinney Ave To Burns Ave,V237,,,,,,75979,759786,0,683807,0,0,0
2018,,154,Improvements Capital Works Public,Lanshire Dr From Chiswell Rd To Audelia Rd,V269,,,,,,62016,620157,0,558141,0,0,0
2018,,154,Improvements Capital Works Public,Laurel Hill Dr From Budeudy Dr To End Of,V264,,,,,,9410,94099,0,84689,0,0,0
2018,,154,Improvements Capital Works Public,Pavement,,,,,,,,,,,,,
2018,,154,Improvements Capital Works Public,Laurel Hill Dr from Kleberg Rd to Budeudy Dr,V211,,,,,,0,577820,57782,520038,0,0,0
2018,,154,Improvements Capital Works Public,Ledbetter Dr (E) From Kolloch Dr To,,,,,,,86715,86715,0,0,0,0,0
2018,,154,Improvements Capital Works Public,Mayforge Dr,,,,,,,,,,,,,
2018,,154,Improvements Capital Works Public,Ledbetter Dr (E) From Kolloch Dr To,,,,,,,491385,491385,0,0,0,0,0
2018,,154,Improvements Capital Works Public,Mayforge Dr,,,,,,,,,,,,,
2018,,154,Improvements Capital Works Public,Lemmon Ave E from Lemmon Ave E to Oak,V297,,,,,,0,577490,57749,0,519741,0,0
2018,,154,Improvements Capital Works Public,Grove Ave,,,,,,,,,,,,,
2018,,155,Improvements Capital Works Public,Lemmon Ave from Douglas Ave to Wycliff Ave,V296,,,,,,0,1144230,114423,0,1029807,0,0
2018,,155,Improvements Capital Works Public,Lenel Pl (Partnership W/ Dist 2) from Clover,,,,,,,,,,,,,
2018,,155,Improvements Capital Works Public,Ln to Wemdon Dr,V208,,,,,,0,786854,0,0,786854,0,0
2018,,155,Improvements Capital Works Public,Lenel Pl [Partnership W- Dist 6]From Clover,,,,,,,,,,,,,
2018,,155,Improvements Capital Works Public,Ln To Wemdon Dr,V240,,,,,,78685,786854,0,0,708169,0,0
2018,,155,Improvements Capital Works Public,Lenel Pl From Lively Ln To Clover Ln,V258,,,,,,96324,963242,0,0,866918,0,0
2018,,155,Improvements Capital Works Public,Lenel Pl from Wemdon Dr to Mixon Dr,V207,,,,,,0,1515109,0,0,1515109,0,0
2018,,155,Improvements Capital Works Public,Lockhaven Dr From E Northwest Hwy To,,,,,,,,,,,,,
2018,,155,Improvements Capital Works Public,Lockyer Dr,V271,,,,,,44784,447836,0,403052,0,0,0
2018,,155,Improvements Capital Works Public,Lockhaven Dr From Lockyer Dr To Lynford Dr,V270,,,,,,46338,463381,0,417043,0,0,0
2018,,155,Improvements Capital Works Public,Lockhaven Dr from Lynford Dr to Lanshire Dr,V218,,,,,,0,259804,25980,233824,0,0,0
2018,,155,Improvements Capital Works Public,Lynford Dr from Ferndale Rd to Lockhaven Dr,V219,,,,,,0,732116,73212,658904,0,0,0
2018,,155,Improvements Capital Works Public,Maple Ave From 700 South Of Mockingbird,,,,,,,,,,,,,
2018,,155,Improvements Capital Works Public,Ln To Mockingbird L,,,,,,,141666,141666,0,0,0,0,0
2018,,155,Improvements Capital Works Public,Maple Ave From 700 South Of Mockingbird,,,,,,,,,,,,,
2018,,155,Improvements Capital Works Public,Ln To Mockingbird L,,,,,,,588534,588534,0,0,0,0,0
2018,,155,Improvements Capital Works Public,Maple Ave From Mahon St To Cedar Springs,,,,,,,,,,,,,
2018,,155,Improvements Capital Works Public,Rd,V314,,,,,,54756,547557,0,0,492801,0,0
2018,,155,Improvements Capital Works Public,Maple Ave from McKinney Ave to Mahon St,V298,,,,,,0,1132488,113249,0,1019239,0,0
2018,,155,Improvements Capital Works Public,Maple Ave From Randall St To Wolf St,V315,,,,,,48984,489841,0,0,440857,0,0
2018,,155,Improvements Capital Works Public,Marfa Ave From Biglow St To Easter Ave,V251,,,,,,85655,856554,0,0,770899,0,0
2018,,155,Improvements Capital Works Public,Marfa Ave from Fernwood Ave to S Lancaster,,,,,,,,,,,,,
2018,,155,Improvements Capital Works Public,Rd,V201,,,,,,0,1245849,124585,0,1121264,0,0
2018,,155,Improvements Capital Works Public,Mayforge Dr From Le Forge Ave To E,,,,,,,,,,,,,
2018,,155,Improvements Capital Works Public,Ledbetter Dr,,,,,,,140956,140956,0,0,0,0,0
2018,,155,Improvements Capital Works Public,Mayforge Dr From Le Forge Ave To E,,,,,,,294585,294585,0,0,0,0,0
2018,,155,Improvements Capital Works Public,Ledbetter Dr,,,,,,,,,,,,,
2018,,155,Improvements Capital Works Public,Mayforge Dr From Le Forge Ave To E,,,,,,,443306,443306,0,0,0,0,0
2018,,155,Improvements Capital Works Public,Ledbetter Dr,,,,,,,,,,,,,
2018,,155,Improvements Capital Works Public,Mayforge Dr From Le Forge Ave To E,,,,,,,390000,390000,0,0,0,0,0
2018,,155,Improvements Capital Works Public,Ledbetter Dr,,,,,,,,,,,,,
2018,,155,Improvements Capital Works Public,Maywood Ave from Frio Dr to S Denley Dr,V202,,,,,,0,1077749,0,0,1077749,0,0
2018,,155,Improvements Capital Works Public,McCommas Blvd from McMillan Ave to,V233,,,,,,0,611557,61156,550401,0,0,0
2018,,155,Improvements Capital Works Public,Worcola St,,,,,,,,,,,,,
2018,,155,Improvements Capital Works Public,Meadow Crest Dr From Inwood Road To,V286,,,,,,77859,778586,0,700727,0,0,0
2018,,155,Improvements Capital Works Public,Lamplighter Lane,,,,,,,,,,,,,
2018,,155,Improvements Capital Works Public,Meadow Park Dr from Stone Canyon Rd to,V225,,,,,,0,775443,77544,0,697899,0,0
2018,,155,Improvements Capital Works Public,Regal Park Ln,,,,,,,,,,,,,
2018,,155,Improvements Capital Works Public,Merit Dr From Clodus Fields Dr To Churchill,V311,,,,,,255984,2559840,0,2303856,0,0,0
2018,,155,Improvements Capital Works Public,Way,,,,,,,,,,,,,
2018,,155,Improvements Capital Works Public,Merit From Church Hill Way To Lbj,V302,,,,,,35203,3000000,0,0,0,2964797,0
2018,,155,Improvements Capital Works Public,Milhof Dr From Barnes Bridge Rd To Plummer,V267,,,,,,103012,1030121,0,927109,0,0,0
2018,,155,Improvements Capital Works Public,Dr,,,,,,,,,,,,,
2018,,155,Improvements Capital Works Public,Mimms Dr from Featherwood Dr to Mimms Dr,V229,,,,,,0,807857,80786,727071,0,0,0
2018,,155,Improvements Capital Works Public,Mimosa Ln from Edgemere Rd to Hillcrest Rd,V231,,,,,,0,1562892,156289,1406603,0,0,0
2018,,156,Improvements Capital Works Public,Mingo Street From Dolphin To Gault,,,,,,,45645,45645,0,0,0,0,0
2018,,156,Improvements Capital Works Public,Mingo Street From Dolphin To Gault,,,,,,,258655,258655,0,0,0,0,0
2018,,156,Improvements Capital Works Public,Montague Ave from Yewpon Ave to Ramona,V203,,,,,,0,1047320,104732,0,942588,0,0
2018,,156,Improvements Capital Works Public,Morgan Dr From Plaza Blvd To Nandina Dr,V308,,,,,,68978,689779,0,0,0,620801,0
2018,,156,Improvements Capital Works Public,Morrell Ave From Bonnie View Rd To High St,V306,,,,,,45230,452301,0,0,0,407071,0
2018,,156,Improvements Capital Works Public,Murray St From Main St To Canton St,V241,,,,,,57054,570544,0,0,513490,0,0
2018,,156,Improvements Capital Works Public,Myers Cir from Myers Cir to Elam Rd,V212,,,,,,0,1029459,102946,926513,0,0,0
2018,,156,Improvements Capital Works Public,N Cliff St From Hutchins Ave To Reverend Cbt,,,,,,,,,,,,,
2018,,156,Improvements Capital Works Public,Smith St,V252,,,,,,44282,442822,0,0,398540,0,0
2018,,156,Improvements Capital Works Public,N Hall St From Cochran St To Central Expwy,,,,,,,,,,,,,
2018,,156,Improvements Capital Works Public,Srv Rd,V318,,,,,,51680,516797,0,465117,0,0,0
2018,,156,Improvements Capital Works Public,N Hall St From Munger Ave To Cochran St,V317,,,,,,35986,359856,0,323870,0,0,0
2018,,156,Improvements Capital Works Public,N Hall St From Ross Ave To Munger Blvd,V316,,,,,,76580,765799,0,689219,0,0,0
2018,,156,Improvements Capital Works Public,N Lancaster Ave From E. Colorado Blvd To,,,,,,,,,,,,,
2018,,156,Improvements Capital Works Public,Addison St,V238,,,,,,41443,414430,0,372987,0,0,0
2018,,156,Improvements Capital Works Public,N Morocco Ave From Goodman St To N Justin,,,,,,,,,,,,,
2018,,156,Improvements Capital Works Public,Ave,V259,,,,,,69899,698992,0,629093,0,0,0
2018,,156,Improvements Capital Works Public,N Munger Blvd from Junius St to Gaston Ave,V301,,,,,,0,848539,84854,0,763685,0,0
2018,,156,Improvements Capital Works Public,N Munger Blvd from Tremont St to Worth St,V300,,,,,,0,695402,69540,0,625862,0,0
2018,,156,Improvements Capital Works Public,N Munger Blvd From Worth St To Junius St,V319,,,,,,62016,620157,0,0,558141,0,0
2018,,156,Improvements Capital Works Public,N Walton St From Elm St To End Of Pavement,V242,,,,,,49613,496126,0,0,446513,0,0
2018,,156,Improvements Capital Works Public,Nagle St from Denton Dr to Overlake Dr,V209,,,,,,0,1125377,112538,0,1012839,0,0
2018,,156,Improvements Capital Works Public,Northaven Rd from Royalshire Dr to Crest,V226,,,,,,0,799422,79942,719480,0,0,0
2018,,156,Improvements Capital Works Public,Brook Dr,,,,,,,,,,,,,
2018,,156,Improvements Capital Works Public,Northbound S Westmoreland At Kimball High,V304,,,,,,95000,950000,0,0,0,855000,0
2018,,156,Improvements Capital Works Public,Sch Parking Lot,,,,,,,,,,,,,
2018,,156,Improvements Capital Works Public,Northcreek Ln from L B J Serv N to End of,V227,,,,,,0,794461,79446,715015,0,0,0
2018,,156,Improvements Capital Works Public,Pavement,,,,,,,,,,,,,
2018,,156,Improvements Capital Works Public,Oak Plaza from Kleberg Rd to End of,V213,,,,,,0,706482,70648,635834,0,0,0
2018,,156,Improvements Capital Works Public,Pavement,,,,,,,,,,,,,
2018,,156,Improvements Capital Works Public,Palisade Dr From N Prairie Creek Rd To,V255,,,,,,90146,901459,0,811313,0,0,0
2018,,156,Improvements Capital Works Public,Riverway Dr,,,,,,,,,,,,,
2018,,156,Improvements Capital Works Public,Park Manor Dr From Simpson Stuart Rd To,V265,,,,,,13776,137758,0,123982,0,0,0
2018,,156,Improvements Capital Works Public,Happy Canyon Dr,,,,,,,,,,,,,
2018,,156,Improvements Capital Works Public,Pierce St from St Rita Dr to W Kiest Blvd,V196,,,,,,0,1377904,137790,1240114,0,0,0
2018,,156,Improvements Capital Works Public,Preakness Ln from Polarity Dr to S Walton,V197,,,,,,0,1437604,143760,1293844,0,0,0
2018,,156,Improvements Capital Works Public,Walker Serv E,,,,,,,,,,,,,
2018,,156,Improvements Capital Works Public,Quebec St From Sharp St To Mockingbird Ln,V260,,,,,,71492,714917,0,0,643425,0,0
2018,,156,Improvements Capital Works Public,Race St From End Of Pavement To N,V243,,,,,,57501,575009,0,0,517508,0,0
2018,,156,Improvements Capital Works Public,Washington Ave,,,,,,,,,,,,,
2018,,156,Improvements Capital Works Public,Rayenell Ave from Hodde St to CF Hawn Serv,V205,,,,,,0,1733627,173363,1560264,0,0,0
2018,,156,Improvements Capital Works Public,S,,,,,,,,,,,,,
2018,,157,Improvements Capital Works Public,Greenville Ave,V309,,,,,,7500,75000,0,67500,0,0,0
2018,,157,Improvements Capital Works Public,Ridgedale Ave from McMillan Ave to Worcola,,,,,,,,,,,,,
2018,,157,Improvements Capital Works Public,St,V234,,,,,,0,613210,61321,551889,0,0,0
2018,,157,Improvements Capital Works Public,Rolling Rock Ln from Hackney Ln to Fern,,,,,,,,,,,,,
2018,,157,Improvements Capital Works Public,Hollow Dr,V220,,,,,,0,525397,52540,472857,0,0,0
2018,,157,Improvements Capital Works Public,Rugged Dr from Berkley Ave to Ferndale Ave,V189,,,,,,0,947148,94715,852433,0,0,0
2018,,157,Improvements Capital Works Public,S Murdeaux Ln from Great Trinity Forest Way,,,,,,,,,,,,,
2018,,157,Improvements Capital Works Public,to Olusta Dr,V214,,,,,,0,700363,70036,630327,0,0,0
2018,,157,Improvements Capital Works Public,S Patton Ave from E 10th St to E. Jefferson,,,,,,,,,,,,,
2018,,157,Improvements Capital Works Public,Blvd,V190,,,,,,0,382678,38268,344410,0,0,0
2018,,157,Improvements Capital Works Public,S Van Buren Ave from W Pembroke Ave to,,,,,,,,,,,,,
2018,,157,Improvements Capital Works Public,Page Ave,V191,,,,,,0,591968,59197,532771,0,0,0
2018,,157,Improvements Capital Works Public,San Jacinto St From N Pearl St To Crockett St,V291,,,,,,42369,423691,0,381322,0,0,0
2018,,157,Improvements Capital Works Public,Sapling Way From Clearsprings Rd To,,,,,,,,,,,,,
2018,,157,Improvements Capital Works Public,Greenhollow Ln,V281,,,,,,24591,245912,0,0,221321,0,0
2018,,157,Improvements Capital Works Public,Shaw St from Navaro St to Harston St,V210,,,,,,0,978854,97885,880969,0,0,0
2018,,157,Improvements Capital Works Public,Spring Grove From Alpha To Coit,,,,,,,338325,338325,0,0,0,0,0
2018,,157,Improvements Capital Works Public,Spring Grove From Alpha To Coit,,,,,,,2934,2934,0,0,0,0,0
2018,,157,Improvements Capital Works Public,Spring Grove From Alpha To Coit,,,,,,,1951086,1951086,0,0,0,0,0
2018,,157,Improvements Capital Works Public,St Paul[S]-Gano To 250FT South,R505,,,,,,10857,10857,0,0,0,0,0
2018,,157,Improvements Capital Works Public,Timber Oaks Dr From Shadow Ridge Dr To,,,,,,,,,,,,,
2018,,157,Improvements Capital Works Public,Shadow Ridge Dr,V284,,,,,,80852,808519,0,727667,0,0,0
2018,,157,Improvements Capital Works Public,Vanette Ln From Fitzsimmons Dr To S,,,,,,,,,,,,,
2018,,157,Improvements Capital Works Public,Marsalis Ave,V253,,,,,,56112,561118,0,0,505006,0,0
2018,,157,Improvements Capital Works Public,W 12th St from Briscoe Blvd to Hampton Rd,V192,,,,,,0,601990,60199,541791,0,0,0
2018,,157,Improvements Capital Works Public,Waneta Dr From Robin Rd To Inwood Rd,V244,,,,,,36647,366471,0,329824,0,0,0
2018,,157,Improvements Capital Works Public,Webb Chapel Rd From Silverton Dr To,V313,,,,,,301883,3018832,0,2716949,0,0,0
2018,,157,Improvements Capital Works Public,Northaven Rd,,,,,,,,,,,,,
2018,,157,Improvements Capital Works Public,West Shore Dr From Tokalon Dr To Meadow,,,,,,,302916,302916,0,0,0,0,0
2018,,157,Improvements Capital Works Public,Lake Ave,,,,,,,,,,,,,
2018,,157,Improvements Capital Works Public,Westfield Dr From Gladwood Ln To,V272,,,,,,53499,534988,0,481489,0,0,0
2018,,157,Improvements Capital Works Public,Clearwater Dr,,,,,,,,,,,,,
2018,,157,Improvements Capital Works Public,Westfield Dr from Woodbrook Dr to,V221,,,,,,0,574182,57418,516764,0,0,0
2018,,157,Improvements Capital Works Public,Gladwood Ln,,,,,,,,,,,,,
2018,,157,Improvements Capital Works Public,Willis Ave from McMillan Ave to Worcola St,V235,,,,,,0,614038,61404,552634,0,0,0
2018,,157,Improvements Capital Works Public,Woodbrook Dr From Clearwater Dr To,V274,,,,,,25567,255670,0,230103,0,0,0
2018,,157,Improvements Capital Works Public,Graywood Dr,,,,,,,,,,,,,
2018,,157,Improvements Capital Works Public,Woodbrook Dr From Graywood Dr To,V273,,,,,,25732,257323,0,231591,0,0,0
2018,,157,Improvements Capital Works Public,Westfield Dr,,,,,,,,,,,,,
2018,,157,Improvements Capital Works Public,Woodmeadow From La Prada West To The,,,,,,,1426143,1426143,0,0,0,0,0
2018,,157,Improvements Capital Works Public,End Of Divided Roadway,,,,,,,,,,,,,
2018,,157,Improvements Capital Works Public,Woodwick Dr From W Camp Wisdom Ed To,V266,,,,,,40633,406327,0,365694,0,0,0
2018,,157,Improvements Capital Works Public,Clearwood Dr,,,,,,,,,,,,,
2018,,158,Improvements Capital Works Public,Street Resurfacing,,,,,,,,,,,,,
2018,,158,Improvements Capital Works Public,2017 City-County Street Maintenance,,,,,,,2102818,2102818,0,0,0,0,0
2018,,158,Improvements Capital Works Public,2017 Planned Bond Funding Replacement,,,,,,,1100000,1100000,0,0,0,0,0
2018,,158,Improvements Capital Works Public,2017 Planned Bond Funding Replacement,,,,,,,60000,60000,0,0,0,0,0
2018,,158,Improvements Capital Works Public,2017 Planned Bond Funding Replacement,,,,,,,770000,770000,0,0,0,0,0
2018,,158,Improvements Capital Works Public,2017 Planned Bond Funding Replacement,,,,,,,650000,650000,0,0,0,0,0
2018,,158,Improvements Capital Works Public,2017 Planned Bond Funding Replacement,,,,,,,1700000,1700000,0,0,0,0,0
2018,,158,Improvements Capital Works Public,2017 Planned Bond Funding Replacement,,,,,,,220000,220000,0,0,0,0,0
2018,,158,Improvements Capital Works Public,2017 Planned Bond Funding Replacement,,,,,,,550000,550000,0,0,0,0,0
2018,,158,Improvements Capital Works Public,2017 Planned Bond Funding Replacement,,,,,,,200000,200000,0,0,0,0,0
2018,,158,Improvements Capital Works Public,2017 Planned Bond Funding Replacement,,,,,,,300000,300000,0,0,0,0,0
2018,,158,Improvements Capital Works Public,2017 Planned Bond Funding Replacement,,,,,,,200000,200000,0,0,0,0,0
2018,,158,Improvements Capital Works Public,2017 Planned Bond Funding Replacement,,,,,,,250000,250000,0,0,0,0,0
2018,,158,Improvements Capital Works Public,2017 Planned Bond Funding Replacement,,,,,,,500000,500000,0,0,0,0,0
2018,,158,Improvements Capital Works Public,2017 Planned Bond Funding Replacement,,,,,,,500000,500000,0,0,0,0,0
2018,,158,Improvements Capital Works Public,Abrams Rd from E University Blvd to Chesley,,,,,,,,,,,,,
2018,,158,Improvements Capital Works Public,Ln,V942,,,,,,0,450000,0,0,450000,0,0
2018,,158,Improvements Capital Works Public,Abrams Rd from Glennox Ln to E Lovers Ln,V949,,,,,,0,129585,0,0,0,129585,0
2018,,158,Improvements Capital Works Public,Abrams Rd from Trammel Dr to E University,V921,,,,,,0,145981,0,0,145981,0,0
2018,,158,Improvements Capital Works Public,Blvd,,,,,,,,,,,,,
2018,,158,Improvements Capital Works Public,Acapulco Dr from Bar Harbor Dr to Bar,V473,,,,,,0,360459,360459,0,0,0,0
2018,,158,Improvements Capital Works Public,Harbor Dr,,,,,,,,,,,,,
2018,,158,Improvements Capital Works Public,Adelaide Dr from Yewpon Ave to Ramona,V658,,,,,,209470,209470,0,0,0,0,0
2018,,158,Improvements Capital Works Public,Adler Dr from Adler Dr to Cockrell Hill Rd,V799,,,,,,0,414173,0,0,414173,0,0
2018,,158,Improvements Capital Works Public,Adleta Blvd from Adleta Ct to Adleta Blvd,V774,,,,,,0,443396,0,0,443396,0,0
2018,,158,Improvements Capital Works Public,Alco Ave from N. Plymouth Rd to N Hampton,V435,,,,,,0,334295,334295,0,0,0,0
2018,,158,Improvements Capital Works Public,Rd,,,,,,,,,,,,,
2018,,158,Improvements Capital Works Public,Alcott St from N Fitzhugh Ave to Lee St,V486,,,,,,0,74568,0,74568,0,0,0
2018,,158,Improvements Capital Works Public,Allegro Dr from Balalaika Rd to Firebird Dr,V582,,,,,,0,146770,146770,0,0,0,0
2018,,158,Improvements Capital Works Public,Allen St from McKinney Ave to Laclede St,V970,,,,,,0,155482,0,0,0,155482,0
2018,,158,Improvements Capital Works Public,Alma from Cockrell Ave to End of Pavement,V615,,,,,,0,169785,169785,0,0,0,0
2018,,158,Improvements Capital Works Public,Amberton Pkwy from Chimney Sweep Ln to,V397,,,,,,0,126190,126190,0,0,0,0
2018,,158,Improvements Capital Works Public,Chimney Corner,,,,,,,,,,,,,
2018,,158,Improvements Capital Works Public,Amberton Pkwy from Emberglow Ln to,V518,,,,,,203120,203120,0,0,0,0,0
2018,,158,Improvements Capital Works Public,Chimney Sweep Ln,,,,,,,,,,,,,
2018,,159,Improvements Capital Works Public,Emberglow Ln,V524,,,,,,0,367284,0,367284,0,0,0
2018,,159,Improvements Capital Works Public,Annapolis Ln from Ridgelawn Dr to Berwyn Ln,V795,,,,,,0,228198,0,0,0,228198,0
2018,,159,Improvements Capital Works Public,Antoinette St from Greenhaven Dr to Hillburn,,,,,,,,,,,,,
2018,,159,Improvements Capital Works Public,Dr,V792,,,,,,0,182819,0,182819,0,0,0
2018,,159,Improvements Capital Works Public,Arapaho Rd from Golden Creek Rd to,,,,,,,,,,,,,
2018,,159,Improvements Capital Works Public,Meadowcreek Dr,V939,,,,,,0,870363,0,0,870363,0,0
2018,,159,Improvements Capital Works Public,Arapaho Rd from Hillcrest Rd to Meandering,,,,,,,,,,,,,
2018,,159,Improvements Capital Works Public,Way,V947,,,,,,0,1002109,0,1002109,0,0,0
2018,,159,Improvements Capital Works Public,Arapaho Rd from Meadowcreek Dr to,,,,,,,,,,,,,
2018,,159,Improvements Capital Works Public,Hillcrest Rd,V931,,,,,,0,714949,0,0,714949,0,0
2018,,159,Improvements Capital Works Public,Arborcrest Dr from Glencairn Dr to S RL,,,,,,,,,,,,,
2018,,159,Improvements Capital Works Public,Thornton Serv W,V659,,,,,,0,93741,0,93741,0,0,0
2018,,159,Improvements Capital Works Public,Arborhill Dr from Arborhill Dr to Arbor Park,,,,,,,,,,,,,
2018,,159,Improvements Capital Works Public,Dr,V543,,,,,,165532,165532,0,0,0,0,0
2018,,159,Improvements Capital Works Public,Ash Ln from Caldwell Ave to S Fitzhugh Ave,V402,,,,,,116346,116346,0,0,0,0,0
2018,,159,Improvements Capital Works Public,Atha Dr from N Longacre Ln to Tina Ln,V770,,,,,,0,135279,0,135279,0,0,0
2018,,159,Improvements Capital Works Public,Atha Dr from Tina Ln to Woodmont Dr,V551,,,,,,0,57418,57418,0,0,0,0
2018,,159,Improvements Capital Works Public,Atlas Dr from Frio Dr to S Lancaster Rd,V520,,,,,,324718,324718,0,0,0,0,0
2018,,159,Improvements Capital Works Public,Audelia Rd from Faircrest Dr to Royal Ln,V961,,,,,,0,571847,0,0,571847,0,0
2018,,159,Improvements Capital Works Public,Avenue F from E 11th St Sanderson Ave,V323,,,,,,409062,409062,0,0,0,0,0
2018,,159,Improvements Capital Works Public,Axton Ln from Abrams Rd to Kelman St,V749,,,,,,0,165189,165189,0,0,0,0
2018,,159,Improvements Capital Works Public,Balalaika Rd From Allegro Dr To Laura Ln,V839,,,,,,58790,58790,0,0,0,0,0
2018,,159,Improvements Capital Works Public,Balalaika Rd from Duet Dr to Allegro Dr,V834,,,,,,0,63832,63832,0,0,0,0
2018,,159,Improvements Capital Works Public,Bambi St from Elkton Cir to Dowdy Ferry Rd,V358,,,,,,60471,60471,0,0,0,0,0
2018,,159,Improvements Capital Works Public,Bambi St from Murdock Rd to Elkton Cir,V816,,,,,,0,143408,0,0,143408,0,0
2018,,159,Improvements Capital Works Public,Banting Way from Enchanted Ln to Ashbrook,V812,,,,,,0,178017,0,0,178017,0,0
2018,,159,Improvements Capital Works Public,Rd,,,,,,,,,,,,,
2018,,159,Improvements Capital Works Public,Baraboo Dr from End of Pavement to Tioga St,V579,,,,,,0,151675,151675,0,0,0,0
2018,,159,Improvements Capital Works Public,Beechmont Dr from Ferguson Rd to Felicia Ct,V827,,,,,,0,206245,0,0,206245,0,0
2018,,159,Improvements Capital Works Public,Beeman-ERL Thornton to Henderson,W251,,,,,,400000,400000,0,0,0,0,0
2018,,159,Improvements Capital Works Public,Belford Dr from Ashford Dr to Ravendale Ln,V436,,,,,,0,94599,94599,0,0,0,0
2018,,159,Improvements Capital Works Public,Belmont Ave from Matilda St to Skillman St,V592,,,,,,0,465382,465382,0,0,0,0
2018,,159,Improvements Capital Works Public,Belmont Ave from Summit Ave to Greenville,V320,,,,,,0,111304,111304,0,0,0,0
2018,,159,Improvements Capital Works Public,Ave,,,,,,,,,,,,,
2018,,159,Improvements Capital Works Public,Benedict Dr from Chapel Hill Rd to Kimberly,V460,,,,,,0,277761,277761,0,0,0,0
2018,,159,Improvements Capital Works Public,Ln,,,,,,,,,,,,,
2018,,159,Improvements Capital Works Public,Bennett Ave from Monarch St to Fuqua St,V554,,,,,,0,128042,128042,0,0,0,0
2018,,159,Improvements Capital Works Public,Bennington Dr from Trammel Dr to,V668,,,,,,0,150337,0,0,150337,0,0
2018,,159,Improvements Capital Works Public,Middlebury Dr,,,,,,,,,,,,,
2018,,160,Improvements Capital Works Public,Ave,V597,,,,,,0,133050,133050,0,0,0,0
2018,,160,Improvements Capital Works Public,Bentley Ave from Chalmers St to S Hampton,,,,,,,,,,,,,
2018,,160,Improvements Capital Works Public,Rd,V349,,,,,,0,229810,229810,0,0,0,0
2018,,160,Improvements Capital Works Public,Berkley Ave from Rugged Dr to S Edgefield,,,,,,,,,,,,,
2018,,160,Improvements Capital Works Public,Ave,V536,,,,,,0,257250,257250,0,0,0,0
2018,,160,Improvements Capital Works Public,Berwyn Ln from Ridgelawn Dr to E University,,,,,,,,,,,,,
2018,,160,Improvements Capital Works Public,Blvd,V735,,,,,,0,141556,0,0,141556,0,0
2018,,160,Improvements Capital Works Public,Bickers St from Melinda Hills Dr to N,,,,,,,,,,,,,
2018,,160,Improvements Capital Works Public,Westmoreland Rd,V943,,,,,,0,175513,0,175513,0,0,0
2018,,160,Improvements Capital Works Public,Bishop College Dr from Lovingood Dr to End,,,,,,,,,,,,,
2018,,160,Improvements Capital Works Public,of Pavement,V406,,,,,,16636,16636,0,0,0,0,0
2018,,160,Improvements Capital Works Public,Bissonet Ave from Atha Dr to Antler Ave,V368,,,,,,167727,167727,0,0,0,0,0
2018,,160,Improvements Capital Works Public,Blackburn St from N Haskell Ave to Noble Ave,V963,,,,,,0,168962,0,0,168962,0,0
2018,,160,Improvements Capital Works Public,Blackburn St from Turtle Creek Blvd to Oak,,,,,,,,,,,,,
2018,,160,Improvements Capital Works Public,Lawn Ave,V957,,,,,,0,261538,0,0,261538,0,0
2018,,160,Improvements Capital Works Public,Blackburn St from Turtle Creek Blvd to Travis,,,,,,,,,,,,,
2018,,160,Improvements Capital Works Public,St,V971,,,,,,0,267774,0,0,267774,0,0
2018,,160,Improvements Capital Works Public,Blanch Cir from Hillside Dr to Nonesuch Rd,V773,,,,,,0,162068,0,0,162068,0,0
2018,,160,Improvements Capital Works Public,Blessing Cir from End of Pavement to Blessing,,,,,,,,,,,,,
2018,,160,Improvements Capital Works Public,Dr,V648,,,,,,0,58550,0,0,58550,0,0
2018,,160,Improvements Capital Works Public,Bluffdale Dr from Berkinshire Dr to,,,,,,,,,,,,,
2018,,160,Improvements Capital Works Public,Brookhurst Dr,V805,,,,,,0,93570,0,0,0,93570,0
2018,,160,Improvements Capital Works Public,Bluffton from Freeport Dr to End of Pavement,V726,,,,,,0,276458,0,276458,0,0,0
2018,,160,Improvements Capital Works Public,Boca Chica Cir from End of Pavement to Boca,,,,,,,,,,,,,
2018,,160,Improvements Capital Works Public,Chica Dr,V325,,,,,,49010,49010,0,0,0,0,0
2018,,160,Improvements Capital Works Public,Boca Chica Dr from Boca Chica Cir to Bar,,,,,,,,,,,,,
2018,,160,Improvements Capital Works Public,Harbor Dr,V414,,,,,,746958,746958,0,0,0,0,0
2018,,160,Improvements Capital Works Public,Bonham St from Midway Rd to End of,,,,,,,,,,,,,
2018,,160,Improvements Capital Works Public,Pavement,V684,,,,,,0,294397,0,0,294397,0,0
2018,,160,Improvements Capital Works Public,Bonnywood Ln from S Hampton Rd to,V602,,,,,,0,356034,0,356034,0,0,0
2018,,160,Improvements Capital Works Public,Wayland Dr,,,,,,,,,,,,,
2018,,160,Improvements Capital Works Public,Branchfield Dr from W Lawther Dr to Fisher,V803,,,,,,0,224288,0,0,0,224288,0
2018,,160,Improvements Capital Works Public,Rd,,,,,,,,,,,,,
2018,,160,Improvements Capital Works Public,Brandeis Ln from Creighton Dr to Ridgelawn,V784,,,,,,0,173284,0,0,173284,0,0
2018,,160,Improvements Capital Works Public,Dr,,,,,,,,,,,,,
2018,,160,Improvements Capital Works Public,Brendenwood Dr from Gaston Ave to Avalon,V417,,,,,,0,96829,96829,0,0,0,0
2018,,160,Improvements Capital Works Public,Ave,,,,,,,,,,,,,
2018,,160,Improvements Capital Works Public,Brennans Pl from End of Pavement to,V843,,,,,,0,42429,0,0,0,42429,0
2018,,160,Improvements Capital Works Public,Brennans Dr,,,,,,,,,,,,,
2018,,160,Improvements Capital Works Public,Brentridge Ct from Brentridge Dr to End of,V403,,,,,,0,111406,111406,0,0,0,0
2018,,160,Improvements Capital Works Public,Pavement,,,,,,,,,,,,,
2018,,160,Improvements Capital Works Public,Brentridge Dr from Deermont Trl to,V494,,,,,,0,64690,64690,0,0,0,0
2018,,160,Improvements Capital Works Public,Brentridge Ct,,,,,,,,,,,,,
2018,,160,Improvements Capital Works Public,Briar Tree Dr from Village Ln to Village Ln,V427,,,,,,0,244559,244559,0,0,0,0
2018,,160,Improvements Capital Works Public,Briaridge Rd from Spring Creek Rd to Coit Rd,V813,,,,,,0,211803,0,0,211803,0,0
2018,,160,Improvements Capital Works Public,Broadmoor Dr from Broadmoor Dr to Garland,V847,,,,,,0,127013,0,0,0,127013,0
2018,,160,Improvements Capital Works Public,Rd,,,,,,,,,,,,,
2018,,160,Improvements Capital Works Public,Brockbank Dr from Coogan Dr to Royal Ln,V875,,,,,,0,242741,242741,0,0,0,0
2018,,160,Improvements Capital Works Public,Brookhurst Dr from Edgelake Dr to Northcliff,V682,,,,,,0,322763,0,0,322763,0,0
2018,,160,Improvements Capital Works Public,Dr,,,,,,,,,,,,,
2018,,161,Improvements Capital Works Public,Brown St from Shelby Ave to Reagan St,V569,,,,,,0,61809,0,61809,0,0,0
2018,,161,Improvements Capital Works Public,Bucknell Dr from Bennington Dr to Trammel,,,,,,,,,,,,,
2018,,161,Improvements Capital Works Public,Dr,V651,,,,,,0,117375,0,0,117375,0,0
2018,,161,Improvements Capital Works Public,Burlew St from Bryan St to San Jacinto St,V646,,,,,,0,122108,0,122108,0,0,0
2018,,161,Improvements Capital Works Public,Cadiz St from S Ervay St to Browder St,V894,,,,,,0,147464,147464,0,0,0,0
2018,,161,Improvements Capital Works Public,Campbell Rd from Colegrove Dr to Hillcrest,,,,,,,,,,,,,
2018,,161,Improvements Capital Works Public,Rd,V918,,,,,,0,316418,0,316418,0,0,0
2018,,161,Improvements Capital Works Public,Campbell Rd from Hillcrest Rd to Meandering,,,,,,,,,,,,,
2018,,161,Improvements Capital Works Public,Way,V919,,,,,,0,928467,928467,0,0,0,0
2018,,161,Improvements Capital Works Public,Campbell Rd from Meandering Way to Coit Rd,V941,,,,,,0,1378860,1378860,0,0,0,0
2018,,161,Improvements Capital Works Public,Campbell Rd from Preston Rd to Preston Bend,,,,,,,,,,,,,
2018,,161,Improvements Capital Works Public,Ct,V959,,,,,,0,733506,0,0,0,733506,0
2018,,161,Improvements Capital Works Public,Campbell Rd from Preston Rd to Preston Trail,,,,,,,,,,,,,
2018,,161,Improvements Capital Works Public,Dr,V952,,,,,,0,165943,0,0,0,165943,0
2018,,161,Improvements Capital Works Public,Capitol Ave from N Peak St to N Carroll Ave,V541,,,,,,0,171962,171962,0,0,0,0
2018,,161,Improvements Capital Works Public,Carillon Dr from Rolling Hills Ln to Peyton Dr,V423,,,,,,113842,113842,0,0,0,0,0
2018,,161,Improvements Capital Works Public,Carillon Dr from Spring Grove Ave to Rolling,,,,,,,,,,,,,
2018,,161,Improvements Capital Works Public,Hills Ln,V461,,,,,,0,52513,52513,0,0,0,0
2018,,161,Improvements Capital Works Public,Carissa Dr from Carissa Cir to Jupiter Rd,V831,,,,,,0,147799,0,0,0,147799,0
2018,,161,Improvements Capital Works Public,Carissa Dr from Ridgelake Dr to Sunland St,V763,,,,,,0,214855,0,0,0,214855,0
2018,,161,Improvements Capital Works Public,Carnegie Dr from Carnegie Pl to Peavy Rd,V823,,,,,,0,97241,0,0,0,97241,0
2018,,161,Improvements Capital Works Public,Carriage Ln From Dentcrest Dr To Belt Line,,,,,,,,,,,,,
2018,,161,Improvements Capital Works Public,Rd,V408,,,,,,52376,52376,0,0,0,0,0
2018,,161,Improvements Capital Works Public,Carrollwood Dr from Briarnoll Dr to Debbe Dr,V345,,,,,,195098,195098,0,0,0,0,0
2018,,161,Improvements Capital Works Public,Carrousel Cir from Lyre Ln to Lyre ln,V676,,,,,,0,148553,0,0,148553,0,0
2018,,161,Improvements Capital Works Public,Caulan Dr from Willowdell Dr to Galva Dr,V611,,,,,,0,54057,0,54057,0,0,0
2018,,161,Improvements Capital Works Public,Cedar Springs Rd from Fairmount St to Routh,V888,,,,,,0,447855,0,447855,0,0,0
2018,,161,Improvements Capital Works Public,St,,,,,,,,,,,,,
2018,,161,Improvements Capital Works Public,Center Court Dr from Baseline Dr to Chimney,V333,,,,,,0,92233,92233,0,0,0,0
2018,,161,Improvements Capital Works Public,Hill Ln,,,,,,,,,,,,,
2018,,161,Improvements Capital Works Public,Champa Dr from Blanning Dr to Hambrick Rd,V372,,,,,,0,52685,52685,0,0,0,0
2018,,161,Improvements Capital Works Public,Chapel Hill Rd from Cathedral Dr to Kimberly,V429,,,,,,103860,103860,0,0,0,0,0
2018,,161,Improvements Capital Works Public,Ln,,,,,,,,,,,,,
2018,,161,Improvements Capital Works Public,Chapel Hill Rd from W Lawther Dr to,V557,,,,,,0,169065,0,169065,0,0,0
2018,,161,Improvements Capital Works Public,Cathedral Dr,,,,,,,,,,,,,
2018,,161,Improvements Capital Works Public,Charing Cross Ln from Staffordshire Dr to,V594,,,,,,96280,96280,0,0,0,0,0
2018,,161,Improvements Capital Works Public,Flicker Ln,,,,,,,,,,,,,
2018,,161,Improvements Capital Works Public,Chariot Dr from Trace Rd to Wimbelton Way,V840,,,,,,0,338061,0,0,338061,0,0
2018,,161,Improvements Capital Works Public,Charlestown Dr from Nuestra Dr to Preston,V603,,,,,,0,411943,0,0,411943,0,0
2018,,161,Improvements Capital Works Public,Rd,,,,,,,,,,,,,
2018,,161,Improvements Capital Works Public,Checota Dr from N Masters Dr to Amity Ln,V683,,,,,,0,283935,283935,0,0,0,0
2018,,161,Improvements Capital Works Public,Chesterton Dr from Lynbrook Dr to Lanward,V649,,,,,,0,110446,0,110446,0,0,0
2018,,161,Improvements Capital Works Public,Dr,,,,,,,,,,,,,
2018,,162,Improvements Capital Works Public,Chiswell Rd from Lanshire Dr to Audelia Rd,V632,,,,,,0,86470,0,86470,0,0,0
2018,,162,Improvements Capital Works Public,Christensen Dr from Latta St to Glover Pass,V525,,,,,,0,243736,243736,0,0,0,0
2018,,162,Improvements Capital Works Public,Church Cir from End of Pavement to Church,,,,,,,,,,,,,
2018,,162,Improvements Capital Works Public,Rd,V809,,,,,,0,64278,0,0,64278,0,0
2018,,162,Improvements Capital Works Public,Churchill Way From Whitley To Preston,,,,,,,116990,116990,0,0,0,0,0
2018,,162,Improvements Capital Works Public,Clarksdale Pl from Clarksdale Dr to End of,,,,,,,,,,,,,
2018,,162,Improvements Capital Works Public,Pavement,V798,,,,,,0,53474,0,0,0,53474,0
2018,,162,Improvements Capital Works Public,Classen Dr from E Northwest Hwy to Van,,,,,,,,,,,,,
2018,,162,Improvements Capital Works Public,Dyke Rd,V785,,,,,,0,383062,0,0,383062,0,0
2018,,162,Improvements Capital Works Public,Classen Dr from Northlake Dr to Waterview,,,,,,,,,,,,,
2018,,162,Improvements Capital Works Public,Rd,V707,,,,,,0,222950,0,0,222950,0,0
2018,,162,Improvements Capital Works Public,Claybrook Dr from Cliffrose Ln to Walnut Hill,,,,,,,,,,,,,
2018,,162,Improvements Capital Works Public,Ln,V470,,,,,,0,165189,0,0,165189,0,0
2018,,162,Improvements Capital Works Public,Clearbrook Ln from Duxbury Dr to Cheswick,,,,,,,,,,,,,
2018,,162,Improvements Capital Works Public,St,V505,,,,,,0,238316,238316,0,0,0,0
2018,,162,Improvements Capital Works Public,Clearsprings Rd from Sapling Way to,,,,,,,,,,,,,
2018,,162,Improvements Capital Works Public,Waterfall Way,V584,,,,,,0,163851,0,163851,0,0,0
2018,,162,Improvements Capital Works Public,Clearsprings Rd from Waterfall Way to,,,,,,,,,,,,,
2018,,162,Improvements Capital Works Public,Maham Rd,V686,,,,,,0,171603,0,171603,0,0,0
2018,,162,Improvements Capital Works Public,Clearwater Dr from Angleton Pl to Westfield,,,,,,,,,,,,,
2018,,162,Improvements Capital Works Public,Dr,V405,,,,,,0,156064,156064,0,0,0,0
2018,,162,Improvements Capital Works Public,Clearwater Dr from Westfield Dr to Stults Rd,V504,,,,,,0,207480,207480,0,0,0,0
2018,,162,Improvements Capital Works Public,Clearwater Dr from Woodbrook Dr to,,,,,,,,,,,,,
2018,,162,Improvements Capital Works Public,Angleton Pl,V381,,,,,,0,101013,101013,0,0,0,0
2018,,162,Improvements Capital Works Public,Cliff Creek Crossing Dr from Kirnwood Dr to,,,,,,,,,,,,,
2018,,162,Improvements Capital Works Public,Marvin D Love Serv E,V425,,,,,,0,443979,443979,0,0,0,0
2018,,162,Improvements Capital Works Public,Club Glen Dr from Whitehurst Dr to Arbor,,,,,,,,,,,,,
2018,,162,Improvements Capital Works Public,Trail Dr,V347,,,,,,0,155551,155551,0,0,0,0
2018,,162,Improvements Capital Works Public,Club Manor Dr from S Hampton Rd to Club,,,,,,,,,,,,,
2018,,162,Improvements Capital Works Public,Wood Dr,V484,,,,,,346328,346328,0,0,0,0,0
2018,,162,Improvements Capital Works Public,Club Terrace Dr S Hampton Rd to Club Wood,V399,,,,,,360039,360039,0,0,0,0,0
2018,,162,Improvements Capital Works Public,Dr,,,,,,,,,,,,,
2018,,162,Improvements Capital Works Public,Cochran Chapel Cir from Midway Rd to,V339,,,,,,140000,140000,0,0,0,0,0
2018,,162,Improvements Capital Works Public,Cochran Chapel Cir,,,,,,,,,,,,,
2018,,162,Improvements Capital Works Public,Cockrell Hill from Bronze Way to Bass Way,V885,,,,,,0,427893,0,427893,0,0,0
2018,,162,Improvements Capital Works Public,Cole St from N Riverfront Blvd to Slocum St,V380,,,,,,0,245794,245794,0,0,0,0
2018,,162,Improvements Capital Works Public,Coleridge St from Easton Dd to Sasanqua Ln,V824,,,,,,0,30664,0,0,0,30664,0
2018,,162,Improvements Capital Works Public,Commerce St from East Side Ave to Benson St,V808,,,,,,0,68874,0,68874,0,0,0
2018,,162,Improvements Capital Works Public,Concho St from McCommas Blvd to Martel,V393,,,,,,0,104546,104546,0,0,0,0
2018,,162,Improvements Capital Works Public,Ave,,,,,,,,,,,,,
2018,,162,Improvements Capital Works Public,Concho St from Monticello Ave to Mercedes,V409,,,,,,0,58790,0,0,58790,0,0
2018,,162,Improvements Capital Works Public,Ave,,,,,,,,,,,,,
2018,,162,Improvements Capital Works Public,Congress Ave from Reagan St to,V616,,,,,,71344,71344,0,0,0,0,0
2018,,162,Improvements Capital Works Public,Throckmorton St,,,,,,,,,,,,,
2018,,162,Improvements Capital Works Public,Corinth St from S Hardwood St to S Cesar,V533,,,,,,0,89647,89647,0,0,0,0
2018,,162,Improvements Capital Works Public,Chavez Blvd,,,,,,,,,,,,,
2018,,162,Improvements Capital Works Public,Cortez Dr from Larga Dr to El Centro Dr,V498,,,,,,0,158891,158891,0,0,0,0
2018,,162,Improvements Capital Works Public,Cortez Dr from Mixon Dr to Lenel Pl,V521,,,,,,0,187887,187887,0,0,0,0
2018,,163,Improvements Capital Works Public,Dr,V728,,,,,,0,150321,0,0,150321,0,0
2018,,163,Improvements Capital Works Public,Cotillion Dr from Ferguson Rd to Puerto Rico,,,,,,,,,,,,,
2018,,163,Improvements Capital Works Public,Dr,V710,,,,,,0,99642,0,0,99642,0,0
2018,,163,Improvements Capital Works Public,Covey Ct from Quail Run to End of Pavement,V576,,,,,,100000,100000,0,0,0,0,0
2018,,163,Improvements Capital Works Public,Cragmont Ave from Abbott Ave to Glenwood,,,,,,,,,,,,,
2018,,163,Improvements Capital Works Public,Ave,V322,,,,,,80452,141145,60693,0,0,0,0
2018,,163,Improvements Capital Works Public,Creek Cove Dr from Great Trinity Forest Way,,,,,,,,,,,,,
2018,,163,Improvements Capital Works Public,to Ezekial Ave,V777,,,,,,0,197602,0,197602,0,0,0
2018,,163,Improvements Capital Works Public,Creel Creek Cir from Creel Creek to End of,,,,,,,,,,,,,
2018,,163,Improvements Capital Works Public,Pavement,V575,,,,,,0,60745,0,60745,0,0,0
2018,,163,Improvements Capital Works Public,Creel Creek Dr from Creel Creek Cir to,,,,,,,,,,,,,
2018,,163,Improvements Capital Works Public,Springwater Dr,V445,,,,,,0,49152,0,49152,0,0,0
2018,,163,Improvements Capital Works Public,Creel Creek Dr from Mercer Dr to Creel Creek,,,,,,,,,,,,,
2018,,163,Improvements Capital Works Public,Cir,V634,,,,,,0,161313,0,161313,0,0,0
2018,,163,Improvements Capital Works Public,Cricket Dr from S Trego St to S Pleasant,,,,,,,,,,,,,
2018,,163,Improvements Capital Works Public,Woods Dr,V453,,,,,,175479,175479,0,0,0,0,0
2018,,163,Improvements Capital Works Public,Cromwell Dr from Whirlaway Rd to Flaxley Dr,V685,,,,,,0,364609,0,0,364609,0,0
2018,,163,Improvements Capital Works Public,Crossman Ave From Pueblo St To Nomas St,V733,,,,,,57590,57590,0,0,0,0,0
2018,,163,Improvements Capital Works Public,Cypress Hills Dr. from Black Berry Ln to La,,,,,,,,,,,,,
2018,,163,Improvements Capital Works Public,Cosa Dr.,V337,,,,,,66371,66371,0,0,0,0,0
2018,,163,Improvements Capital Works Public,Cypress Hills Dr from Fox Trl to Black Berry,,,,,,,,,,,,,
2018,,163,Improvements Capital Works Public,Ln,V446,,,,,,0,201170,201170,0,0,0,0
2018,,163,Improvements Capital Works Public,Dale Glade Dr from E Shore Dr to N St,,,,,,,,,,,,,
2018,,163,Improvements Capital Works Public,Augustine Dr,V781,,,,,,0,233240,233240,0,0,0,0
2018,,163,Improvements Capital Works Public,Danville Dr from Holcomb Rd to Oak Hill Cir,V654,,,,,,157094,157094,0,0,0,0,0
2018,,163,Improvements Capital Works Public,Dart Ave from Woodmont Dr to Bissonet Ave,V535,,,,,,0,179698,179698,0,0,0,0
2018,,163,Improvements Capital Works Public,Dawn Dr from Gus Thomasson Rd to Thale Dr,V636,,,,,,0,174827,0,174827,0,0,0
2018,,163,Improvements Capital Works Public,Daytonia Ave from Sanford Ave to Tavaros,V740,,,,,,0,113842,113842,0,0,0,0
2018,,163,Improvements Capital Works Public,Ave,,,,,,,,,,,,,
2018,,163,Improvements Capital Works Public,Debbe Dr from Briarnoll Dr to Carrollwood Dr,V330,,,,,,144746,144746,0,0,0,0,0
2018,,163,Improvements Capital Works Public,Debbe Dr from Judi St to Meandering Way,V497,,,,,,137646,137646,0,0,0,0,0
2018,,163,Improvements Capital Works Public,Debbe Dr from Meandering Way to Briarnoll,V483,,,,,,143889,143889,0,0,0,0,0
2018,,163,Improvements Capital Works Public,Dr,,,,,,,,,,,,,
2018,,163,Improvements Capital Works Public,Deepwood St from Carter Rd to Western Hills,V629,,,,,,0,250973,0,250973,0,0,0
2018,,163,Improvements Capital Works Public,Dr,,,,,,,,,,,,,
2018,,163,Improvements Capital Works Public,Deermont Trl from Brentridge Dr to,V467,,,,,,0,146735,146735,0,0,0,0
2018,,163,Improvements Capital Works Public,Whispering Hills Dr,,,,,,,,,,,,,
2018,,163,Improvements Capital Works Public,Delano Pl from N Haskell Ave to N Peak St,V721,,,,,,0,119741,0,119741,0,0,0
2018,,163,Improvements Capital Works Public,Desdemona Dr from Barnes Bridge Rd to,V667,,,,,,0,103517,0,0,103517,0,0
2018,,163,Improvements Capital Works Public,Housley Dr,,,,,,,,,,,,,
2018,,163,Improvements Capital Works Public,Diceman Dr from Sanford Ave to Tavaros Ave,V756,,,,,,0,117375,0,0,117375,0,0
2018,,163,Improvements Capital Works Public,Dixie Ln from Ash Creek Dr to Mariposa Dr,V790,,,,,,0,182750,0,0,0,182750,0
2018,,163,Improvements Capital Works Public,Dolores way from McKissick Ln to Indian,V501,,,,,,0,132741,132741,0,0,0,0
2018,,163,Improvements Capital Works Public,Ridge Trl,,,,,,,,,,,,,
2018,,163,Improvements Capital Works Public,Dorrington Dr from Ferguson Rd to Telegraph,V424,,,,,,0,319573,319573,0,0,0,0
2018,,163,Improvements Capital Works Public,Ave,,,,,,,,,,,,,
2018,,164,Improvements Capital Works Public,Ave,V734,,,,,,0,70555,0,0,70555,0,0
2018,,164,Improvements Capital Works Public,Douglas Ave from Luther Ln to W Northwest,,,,,,,,,,,,,
2018,,164,Improvements Capital Works Public,Hwy,V912,,,,,,0,267403,267403,0,0,0,0
2018,,164,Improvements Capital Works Public,Douglas Ave from Newton Ave to Wycliff Ave,V825,,,,,,0,57727,0,0,57727,0,0
2018,,164,Improvements Capital Works Public,Douglas Ave from Wycliff Ave to Herschel Ave,V815,,,,,,0,70144,0,0,70144,0,0
2018,,164,Improvements Capital Works Public,Dove Brook Cir from Stone Canyon Rd to End,,,,,,,,,,,,,
2018,,164,Improvements Capital Works Public,of Pavement,V587,,,,,,0,87911,0,87911,0,0,0
2018,,164,Improvements Capital Works Public,Dove Meadow Dr from Whitehurst Dr to,,,,,,,,,,,,,
2018,,164,Improvements Capital Works Public,Middle Glen Dr,V442,,,,,,0,192732,192732,0,0,0,0
2018,,164,Improvements Capital Works Public,E 7Th St From N Beckley Ave To N Crawford,,,,,,,,,,,,,
2018,,164,Improvements Capital Works Public,St,V610,,,,,,58859,58859,0,0,0,0,0
2018,,164,Improvements Capital Works Public,E Colorado Blvd from Zang to N Marsalis Ave,V883,,,,,,585244,585244,0,0,0,0,0
2018,,164,Improvements Capital Works Public,E Jerden Ln from Rockwood St to Cumberland,,,,,,,,,,,,,
2018,,164,Improvements Capital Works Public,St,V335,,,,,,55052,55052,0,0,0,0,0
2018,,164,Improvements Capital Works Public,E Kiest Blvd from Kellogg Ave to Bonnie View,,,,,,,,,,,,,
2018,,164,Improvements Capital Works Public,Rd,V896,,,,,,2051544,2056915,5371,0,0,0,0
2018,,164,Improvements Capital Works Public,E Mockingbird Ln from Hillside Dr to Yosemite,,,,,,,,,,,,,
2018,,164,Improvements Capital Works Public,Ln,V866,,,,,,217119,217119,0,0,0,0,0
2018,,164,Improvements Capital Works Public,E Mockingbird Ln from Yosemite Ln to,,,,,,,,,,,,,
2018,,164,Improvements Capital Works Public,Williamson Rd,V861,,,,,,0,431494,431494,0,0,0,0
2018,,164,Improvements Capital Works Public,E Oakenwald St to Plowman Ave to N Zang,,,,,,,,,,,,,
2018,,164,Improvements Capital Works Public,Blvd,V516,,,,,,0,135862,135862,0,0,0,0
2018,,164,Improvements Capital Works Public,E Pentagon Pkwy from Veterans Dr to End of,,,,,,,,,,,,,
2018,,164,Improvements Capital Works Public,Pavement,V857,,,,,,379358,379358,0,0,0,0,0
2018,,164,Improvements Capital Works Public,East Side Ave from S Haskell Ave to S Peak St,V725,,,,,,0,140699,0,140699,0,0,0
2018,,164,Improvements Capital Works Public,Easton Rd from Garland Rd to San Felipe Dr,V966,,,,,,0,191394,0,191394,0,0,0
2018,,164,Improvements Capital Works Public,Easton Rd from Hermosa Dr to Gus,,,,,,,,,,,,,
2018,,164,Improvements Capital Works Public,Thomasson Rd,V884,,,,,,0,107565,0,107565,0,0,0
2018,,164,Improvements Capital Works Public,Easton Rd from Losa Dr to Hermosa Dr,V882,,,,,,0,203851,0,203851,0,0,0
2018,,164,Improvements Capital Works Public,Easton Rd from San Felipe Dr to Losa Dr,V873,,,,,,0,137200,0,137200,0,0,0
2018,,164,Improvements Capital Works Public,Echo Valley Dr from Loma Vista Dr to Raeford,V369,,,,,,0,50833,50833,0,0,0,0
2018,,164,Improvements Capital Works Public,Dr,,,,,,,,,,,,,
2018,,164,Improvements Capital Works Public,Echo Valley Dr from Raeford Dr to Whitehurst,V558,,,,,,168893,168893,0,0,0,0,0
2018,,164,Improvements Capital Works Public,Dr,,,,,,,,,,,,,
2018,,164,Improvements Capital Works Public,Edgedale Dr From Silverdale Dr To Racine Dr,V434,,,,,,53542,53542,0,0,0,0,0
2018,,164,Improvements Capital Works Public,Edison St from Slocum St to Hi Line Dr,V441,,,,,,0,208853,208853,0,0,0,0
2018,,164,Improvements Capital Works Public,Edwards Cir from S Polk St to Savoy St,V386,,,,,,158603,158603,0,0,0,0,0
2018,,164,Improvements Capital Works Public,Egyptian Dr from McKissick Ln to Indian Ridge,V418,,,,,,0,114528,114528,0,0,0,0
2018,,164,Improvements Capital Works Public,Trl,,,,,,,,,,,,,
2018,,164,Improvements Capital Works Public,Elderleaf Dr from End of Pavement to Elder,V359,,,,,,257717,257717,0,0,0,0,0
2018,,164,Improvements Capital Works Public,Oaks Ln,,,,,,,,,,,,,
2018,,164,Improvements Capital Works Public,Elderoaks from W. Camp Wisdom Rd to S.,V477,,,,,,108474,307225,198751,0,0,0,0
2018,,164,Improvements Capital Works Public,Hampton Rd,,,,,,,,,,,,,
2018,,164,Improvements Capital Works Public,Elderoaks Pl from End of Pavement to,V357,,,,,,218392,218392,0,0,0,0,0
2018,,164,Improvements Capital Works Public,Elderoaks Lane,,,,,,,,,,,,,
2018,,164,Improvements Capital Works Public,Eldorado Ave from Elsbeth Ave to N Beckley,V779,,,,,,171500,171500,0,0,0,0,0
2018,,164,Improvements Capital Works Public,Ave,,,,,,,,,,,,,
2018,,165,Improvements Capital Works Public,Jr Blvd,V444,,,,,,0,122005,122005,0,0,0,0
2018,,165,Improvements Capital Works Public,Ella Ave from Ezekial Ave to Alcorn Ave,V334,,,,,,331407,331407,0,0,0,0,0
2018,,165,Improvements Capital Works Public,Elsie Faye Heggins St from S Central Expy to S,,,,,,,,,,,,,
2018,,165,Improvements Capital Works Public,Malcolm X Blvd.,V856,,,,,,2114561,2114561,0,0,0,0,0
2018,,165,Improvements Capital Works Public,Elsie Faye Heggins St from S Malcolm X Blvd,,,,,,,,,,,,,
2018,,165,Improvements Capital Works Public,to Meadow St,V852,,,,,,725794,725794,0,0,0,0,0
2018,,165,Improvements Capital Works Public,Emmett St from S Westmoreland Rd to S,,,,,,,,,,,,,
2018,,165,Improvements Capital Works Public,Ravinia Rd,V485,,,,,,0,288529,288529,0,0,0,0
2018,,165,Improvements Capital Works Public,Enchanted Ln from Breakwood Dr to Urban,,,,,,,,,,,,,
2018,,165,Improvements Capital Works Public,Crest Rd,V776,,,,,,0,326149,0,326149,0,0,0
2018,,165,Improvements Capital Works Public,Enderly Pl from Banting Way to Samuell Blvd,V810,,,,,,0,108765,0,0,108765,0,0
2018,,165,Improvements Capital Works Public,Engle Ave from S Waverly Dr to Clearview Cir,V343,,,,,,84275,84275,0,0,0,0,0
2018,,165,Improvements Capital Works Public,Esmalda Dr from Toronto St to Nomas St,V338,,,,,,0,120599,120599,0,0,0,0
2018,,165,Improvements Capital Works Public,Estacado Dr from Coldwater Cir to Ash Creek,,,,,,,,,,,,,
2018,,165,Improvements Capital Works Public,Dr,V757,,,,,,0,209607,0,0,209607,0,0
2018,,165,Improvements Capital Works Public,Exeter Ave from Sunnyvale St to Tacoma St,V574,,,,,,0,190537,190537,0,0,0,0
2018,,165,Improvements Capital Works Public,Fabrication St from Topeka Ave to Sylvan Ave,V370,,,,,,0,51313,51313,0,0,0,0
2018,,165,Improvements Capital Works Public,Faircrest Dr from A11639 to Ferndale Rd,V714,,,,,,0,118232,0,0,118232,0,0
2018,,165,Improvements Capital Works Public,Fairhaven Ln from McCutcheon Ln to Blanton,,,,,,,,,,,,,
2018,,165,Improvements Capital Works Public,St,V537,,,,,,0,480577,480577,0,0,0,0
2018,,165,Improvements Capital Works Public,Fairmount St from Shelby Ave to Reagan St,V388,,,,,,70555,70555,0,0,0,0,0
2018,,165,Improvements Capital Works Public,Fallon Pl from Hazelhurst Ln to Hazelhurst Ln,V822,,,,,,0,193726,0,0,193726,0,0
2018,,165,Improvements Capital Works Public,Falls Dr from S Cockrell Hill Rd to Andrews St,V440,,,,,,0,169259,169259,0,0,0,0
2018,,165,Improvements Capital Works Public,Fenchurch Rd from Buxhill Dr to Lanshire Dr,V637,,,,,,0,118061,118061,0,0,0,0
2018,,165,Improvements Capital Works Public,Fenchurch Rd from Fitzroy Dr to Shadydale Ln,V472,,,,,,0,52205,52205,0,0,0,0
2018,,165,Improvements Capital Works Public,Fenchurch Rd from Shadydale Ln to Buxhill Dr,V523,,,,,,0,58962,58962,0,0,0,0
2018,,165,Improvements Capital Works Public,Fernald Ave from Dixfield Dr to Lochwood,V724,,,,,,0,350032,0,0,350032,0,0
2018,,165,Improvements Capital Works Public,Blvd,,,,,,,,,,,,,
2018,,165,Improvements Capital Works Public,Fernald Ave from Yeager Dr to Holt Dr,V750,,,,,,0,209093,0,0,209093,0,0
2018,,165,Improvements Capital Works Public,Ferndale Ave from S Edgefield Ave to S,V546,,,,,,0,149205,149205,0,0,0,0
2018,,165,Improvements Capital Works Public,Clinton Ave,,,,,,,,,,,,,
2018,,165,Improvements Capital Works Public,Ferris Branch Blvd from Whitehurst Dr to W,V367,,,,,,0,175582,175582,0,0,0,0
2018,,165,Improvements Capital Works Public,Ferris Branch Blvd,,,,,,,,,,,,,
2018,,165,Improvements Capital Works Public,Ferris Creek Ln from Chimney Hill Ln to End of,V363,,,,,,0,145809,145809,0,0,0,0
2018,,165,Improvements Capital Works Public,Pavement,,,,,,,,,,,,,
2018,,165,Improvements Capital Works Public,Firebird Dr from Postglen Dr to Troyglen Dr,V471,,,,,,0,145604,145604,0,0,0,0
2018,,165,Improvements Capital Works Public,Fitzroy Dr from Audelia Rd to Fenchurch Rd,V744,,,,,,0,98510,98510,0,0,0,0
2018,,165,Improvements Capital Works Public,Flanary Ln from Garlinghouse Ln to Amador,V666,,,,,,0,163165,163165,0,0,0,0
2018,,165,Improvements Capital Works Public,Ave,,,,,,,,,,,,,
2018,,165,Improvements Capital Works Public,Forest Ct from End of Pavement to Forest Ln,V793,,,,,,0,121868,0,121868,0,0,0
2018,,166,Improvements Capital Works Public,Resurfacing Project,V981,,,,,,1100000,1100000,0,0,0,0,0
2018,,166,Improvements Capital Works Public,Forest Ln from Grissom Ln to Josey Ln,V955,,,,,,0,654856,654856,0,0,0,0
2018,,166,Improvements Capital Works Public,Fort Worth Ave from Bahama Dr to W,,,,,,,,,,,,,
2018,,166,Improvements Capital Works Public,Colorado Blvd,V858,,,,,,0,844638,0,844638,0,0,0
2018,,166,Improvements Capital Works Public,Frankford Rd from Hillcrest Rd to Coit Rd,V933,,,,,,0,2212007,0,0,2212007,0,0
2018,,166,Improvements Capital Works Public,Frankford Rd from Preston Rd to Hillcrest Rd,V928,,,,,,0,1754016,0,0,1754016,0,0
2018,,166,Improvements Capital Works Public,French Settlement Rd from La Reunion Pkwy,,,,,,,,,,,,,
2018,,166,Improvements Capital Works Public,to Norwich St,V850,,,,,,0,512408,512408,0,0,0,0
2018,,166,Improvements Capital Works Public,Galena St from Norwood Dr to Fenwick Dr,V705,,,,,,0,177331,0,0,177331,0,0
2018,,166,Improvements Capital Works Public,Gardenia Pl from Gardenia Dr to Gardenia Dr,V758,,,,,,0,59442,0,0,59442,0,0
2018,,166,Improvements Capital Works Public,Gaston Pkwy from Old Gate Ln to Knob Oak,,,,,,,,,,,,,
2018,,166,Improvements Capital Works Public,Dr,V844,,,,,,0,121456,0,0,0,121456,0
2018,,166,Improvements Capital Works Public,Gatewood Pl from End of Pavement to Jupiter,,,,,,,,,,,,,
2018,,166,Improvements Capital Works Public,Rd,V845,,,,,,0,168173,0,0,0,168173,0
2018,,166,Improvements Capital Works Public,Gilbert Ave from Knight St to Douglas Ave,V645,,,,,,0,88082,0,0,88082,0,0
2018,,166,Improvements Capital Works Public,Gladeside Ct from Gladeside Ct to Preston,,,,,,,,,,,,,
2018,,166,Improvements Capital Works Public,Trail Dr,V656,,,,,,0,109932,0,109932,0,0,0
2018,,166,Improvements Capital Works Public,Glen Springs Cir from End of Pavement to,,,,,,,,,,,,,
2018,,166,Improvements Capital Works Public,Glen Springs Dr,V580,,,,,,55840,55840,0,0,0,0,0
2018,,166,Improvements Capital Works Public,Glen Springs Dr from Glen Springs Cir to,,,,,,,,,,,,,
2018,,166,Improvements Capital Works Public,Whitehurst Dr,V457,,,,,,71310,71310,0,0,0,0,0
2018,,166,Improvements Capital Works Public,Glen Springs Dr from Robin Meadow Dr to,,,,,,,,,,,,,
2018,,166,Improvements Capital Works Public,Glen Springs Cir,V608,,,,,,82251,82251,0,0,0,0,0
2018,,166,Improvements Capital Works Public,Golden Hills Dr from Bellcrest Dr to Bishop,,,,,,,,,,,,,
2018,,166,Improvements Capital Works Public,College Dr,V530,,,,,,0,226826,226826,0,0,0,0
2018,,166,Improvements Capital Works Public,Gooding Dr from Killion Dr to Merrell Rd,V627,,,,,,0,261332,0,0,261332,0,0
2018,,166,Improvements Capital Works Public,Gould St from McKee St to Beaumont St,V604,,,,,,0,64897,0,64897,0,0,0
2018,,166,Improvements Capital Works Public,Grandview Ave from Lindsley Ave to Santa Fe,V356,,,,,,234135,234135,0,0,0,0,0
2018,,166,Improvements Capital Works Public,Ave,,,,,,,,,,,,,
2018,,166,Improvements Capital Works Public,Green Oaks Cir from Greenville Ave to End of,V360,,,,,,0,163268,163268,0,0,0,0
2018,,166,Improvements Capital Works Public,Pavement,,,,,,,,,,,,,
2018,,166,Improvements Capital Works Public,Greenhaven Dr from Antoinette St to CF,V426,,,,,,220240,220240,0,0,0,0,0
2018,,166,Improvements Capital Works Public,Hawn Serv S,,,,,,,,,,,,,
2018,,166,Improvements Capital Works Public,Greenspan Ave from W Millet Dr to W Camp,V465,,,,,,3000,722898,719898,0,0,0,0
2018,,166,Improvements Capital Works Public,Wisdom Rd,,,,,,,,,,,,,
2018,,166,Improvements Capital Works Public,Greentree Ln from Greenbrook Ln to W Circle,V814,,,,,,0,212660,0,0,0,212660,0
2018,,166,Improvements Capital Works Public,Dr,,,,,,,,,,,,,
2018,,166,Improvements Capital Works Public,Greenwich Ln from Hampstead Ln to Forest,V780,,,,,,0,162136,0,162136,0,0,0
2018,,166,Improvements Capital Works Public,Ln,,,,,,,,,,,,,
2018,,166,Improvements Capital Works Public,Grissom Ln from Royal Ln to Nova Dr,V794,,,,,,0,896633,0,0,896633,0,0
2018,,166,Improvements Capital Works Public,Gross Rd from N Buckner Blvd to Peavy Rd,V800,,,,,,0,330275,0,0,330275,0,0
2018,,166,Improvements Capital Works Public,Groveway Dr from Kirnwood Dr to Cleardale,V760,,,,,,0,136343,0,136343,0,0,0
2018,,166,Improvements Capital Works Public,Dr,,,,,,,,,,,,,
2018,,166,Improvements Capital Works Public,Gus Thomasson Rd from Dawn Dr to,V937,,,,,,0,90552,0,90552,0,0,0
2018,,166,Improvements Capital Works Public,Desdemona Dr,,,,,,,,,,,,,
2018,,166,Improvements Capital Works Public,Gus Thomasson Rd from Easton Rd to Sylvia,V893,,,,,,0,365021,0,365021,0,0,0
2018,,166,Improvements Capital Works Public,Dr,,,,,,,,,,,,,
2018,,167,Improvements Capital Works Public,Blvd,V878,,,,,,0,155070,0,155070,0,0,0
2018,,167,Improvements Capital Works Public,Gus Thomasson Rd from Materhorn Dr to,,,,,,,,,,,,,
2018,,167,Improvements Capital Works Public,Libby Ln,V909,,,,,,0,251968,0,251968,0,0,0
2018,,167,Improvements Capital Works Public,Gus Thomasson Rd from Sylvia Dr to Dawn Dr,V897,,,,,,0,90243,0,90243,0,0,0
2018,,167,Improvements Capital Works Public,Haas Dr from 51st St to Dahlia Dr,V618,,,,,,0,379426,379426,0,0,0,0
2018,,167,Improvements Capital Works Public,Hambrick Rd from Champa Dr to Northlake Dr,V614,,,,,,0,127870,0,127870,0,0,0
2018,,167,Improvements Capital Works Public,Happy Canyon Dr from Baraboo Dr to Park,,,,,,,,,,,,,
2018,,167,Improvements Capital Works Public,Manor Dr,V560,,,,,,0,331715,331715,0,0,0,0
2018,,167,Improvements Capital Works Public,Haraby Ct from Preston Trail Dr to End of,,,,,,,,,,,,,
2018,,167,Improvements Capital Works Public,Pavement,V644,,,,,,0,83040,0,83040,0,0,0
2018,,167,Improvements Capital Works Public,Hargrove Dr From Oradell Ln To Webb,,,,,,,,,,,,,
2018,,167,Improvements Capital Works Public,Chapel Ext,V671,,,,,,57075,57075,0,0,0,0,0
2018,,167,Improvements Capital Works Public,Harmony Ln from Singing Hills Dr to Lazy,,,,,,,,,,,,,
2018,,167,Improvements Capital Works Public,River Dr,V559,,,,,,0,270901,270901,0,0,0,0
2018,,167,Improvements Capital Works Public,Harry Hines Blvd from Moody St to N Field St,V964,,,,,,0,73471,0,0,73471,0,0
2018,,167,Improvements Capital Works Public,Hartsdale Dr from Forth Worth Ave to W,,,,,,,,,,,,,
2018,,167,Improvements Capital Works Public,Colorado Blvd,V455,,,,,,0,217874,217874,0,0,0,0
2018,,167,Improvements Capital Works Public,Harvest Hill Rd from Spurling Dr to Preston,,,,,,,,,,,,,
2018,,167,Improvements Capital Works Public,Rd,V849,,,,,,0,321940,321940,0,0,0,0
2018,,167,Improvements Capital Works Public,Haverford Dr from Bucknell Dr to Trammel Dr,V716,,,,,,0,190674,0,0,190674,0,0
2018,,167,Improvements Capital Works Public,Haverford Dr from Trammel Dr to Middlebury,,,,,,,,,,,,,
2018,,167,Improvements Capital Works Public,Dr,V745,,,,,,0,156065,0,0,156065,0,0
2018,,167,Improvements Capital Works Public,Hawthorne Ave from Bowser Ave to Holland,,,,,,,,,,,,,
2018,,167,Improvements Capital Works Public,Ave,V410,,,,,,0,68909,68909,0,0,0,0
2018,,167,Improvements Capital Works Public,Hawthorne Ave from Hartford St to Cedar,,,,,,,,,,,,,
2018,,167,Improvements Capital Works Public,Springs Rd,V513,,,,,,0,111644,111644,0,0,0,0
2018,,167,Improvements Capital Works Public,Haymeadow Dr from Coit Rd to Spring Valley,,,,,,,,,,,,,
2018,,167,Improvements Capital Works Public,Rd,V464,,,,,,0,530964,530964,0,0,0,0
2018,,167,Improvements Capital Works Public,Hazelhurst Ln from Ashbrook Rd to Fallon Pl,V718,,,,,,0,103552,0,103552,0,0,0
2018,,167,Improvements Capital Works Public,Hazelhurst Ln from Hovenkamp Dr to,V835,,,,,,0,106913,0,0,106913,0,0
2018,,167,Improvements Capital Works Public,Marview Ln,,,,,,,,,,,,,
2018,,167,Improvements Capital Works Public,Hedgeapple Dr from Desert Willow Dr to,V336,,,,,,0,81050,81050,0,0,0,0
2018,,167,Improvements Capital Works Public,Buckingham Rd,,,,,,,,,,,,,
2018,,167,Improvements Capital Works Public,Henderson Ave (N) From Richard To Ross,,,,,,,740200,740200,0,0,0,0,0
2018,,167,Improvements Capital Works Public,Hendricks Ave from Fernwood Ave to Cedar,V326,,,,,,0,94771,94771,0,0,0,0
2018,,167,Improvements Capital Works Public,Haven Ave,,,,,,,,,,,,,
2018,,167,Improvements Capital Works Public,Henry St from Commerce St to Canton St,V547,,,,,,0,83246,83246,0,0,0,0
2018,,167,Improvements Capital Works Public,Hickory Hill Dr from Golden Creek Rd to End,V479,,,,,,0,131506,131506,0,0,0,0
2018,,167,Improvements Capital Works Public,of Pavement,,,,,,,,,,,,,
2018,,167,Improvements Capital Works Public,Highland Hills Dr from Bonnie View Rd to,V739,,,,,,354771,354771,0,0,0,0,0
2018,,167,Improvements Capital Works Public,Simpson Stuart Rd,,,,,,,,,,,,,
2018,,167,Improvements Capital Works Public,Highland Woods Cir from Highland Woods Dr,V622,,,,,,0,59716,0,59716,0,0,0
2018,,167,Improvements Capital Works Public,to End of Pavement,,,,,,,,,,,,,
2018,,167,Improvements Capital Works Public,Hillbrook St from South Ridge Dr to North,V549,,,,,,0,53542,53542,0,0,0,0
2018,,167,Improvements Capital Works Public,Ridge Dr,,,,,,,,,,,,,
2018,,167,Improvements Capital Works Public,Hillburn Dr from Bruton Rd to Ravehill Ln,V350,,,,,,365925,365925,0,0,0,0,0
2018,,167,Improvements Capital Works Public,Hillburn Dr from Umphress Rd to Tillman St,V578,,,,,,217496,217496,0,0,0,0,0
2018,,168,Improvements Capital Works Public,Dr,V965,,,,,,0,814911,0,0,0,814911,0
2018,,168,Improvements Capital Works Public,Hillcrest Rd from Park Ln to Walnut Hill Ln,V880,,,,,,0,934132,0,934132,0,0,0
2018,,168,Improvements Capital Works Public,Holcomb Rd from Eden Valley Ln to Files St,V607,,,,,,0,295838,295838,0,0,0,0
2018,,168,Improvements Capital Works Public,Holland Ave from Douglas Ave to Wycliff Ave,V564,,,,,,0,107393,0,107393,0,0,0
2018,,168,Improvements Capital Works Public,Holland Ave from Turtle Creek Blvd to Bowser,,,,,,,,,,,,,
2018,,168,Improvements Capital Works Public,Ave,V836,,,,,,0,106399,0,0,106399,0,0
2018,,168,Improvements Capital Works Public,Holt Dr from Strand St to Dorchester Dr,V755,,,,,,0,53714,0,0,53714,0,0
2018,,168,Improvements Capital Works Public,Housley Dr from Desdemona Dr to Housley,,,,,,,,,,,,,
2018,,168,Improvements Capital Works Public,Dr,V737,,,,,,0,71618,71618,0,0,0,0
2018,,168,Improvements Capital Works Public,Housley Dr from Housley Dr to Joaquin Dr,V438,,,,,,0,107942,107942,0,0,0,0
2018,,168,Improvements Capital Works Public,Hunnicut Rd from Highland Rd to Dorrington,,,,,,,,,,,,,
2018,,168,Improvements Capital Works Public,Dr,V731,,,,,,0,618120,0,0,618120,0,0
2018,,168,Improvements Capital Works Public,Hymie Circle from Glengreen Dr to Shayna Dr,V437,,,,,,153440,153440,0,0,0,0,0
2018,,168,Improvements Capital Works Public,Illinois Ave from Orial Ave to Brookhaven,V765,,,,,,0,795074,795074,0,0,0,0
2018,,168,Improvements Capital Works Public,Inca Dr from Eastgate Cir to Horizon Dr,V503,,,,,,0,294225,294225,0,0,0,0
2018,,168,Improvements Capital Works Public,Jennie Lee Cir from Jennie Lee Ln to End of,,,,,,,,,,,,,
2018,,168,Improvements Capital Works Public,Pavement,V331,,,,,,69412,69412,0,0,0,0,0
2018,,168,Improvements Capital Works Public,Jennie Lee Ln from N Prairie Creek Rd to,,,,,,,,,,,,,
2018,,168,Improvements Capital Works Public,Cypress Ave,V600,,,,,,0,346910,0,346910,0,0,0
2018,,168,Improvements Capital Works Public,Jennie Lee Ln from N St Augustine Dr to,,,,,,,,,,,,,
2018,,168,Improvements Capital Works Public,A7014,V902,,,,,,0,247132,247132,0,0,0,0
2018,,168,Improvements Capital Works Public,Joaquin Dr from Housley Dr to San Francisco,,,,,,,,,,,,,
2018,,168,Improvements Capital Works Public,Dr,V482,,,,,,0,147559,147559,0,0,0,0
2018,,168,Improvements Capital Works Public,Jubilee Trl from Webb Chapel Rd to Marsh Ln,V344,,,,,,0,830643,830643,0,0,0,0
2018,,168,Improvements Capital Works Public,Judge Dupree Dr from Gentle River Dr to,V562,,,,,,0,144918,144918,0,0,0,0
2018,,168,Improvements Capital Works Public,Silverhill Dr,,,,,,,,,,,,,
2018,,168,Improvements Capital Works Public,Junius St from N Munger Blvd to Dumas St,V421,,,,,,0,69217,69217,0,0,0,0
2018,,168,Improvements Capital Works Public,Kalani Pl from Hughes Ln to End of Pavement,V581,,,,,,0,145466,145466,0,0,0,0
2018,,168,Improvements Capital Works Public,Keeneland Pkwy from Bluegrass Dr to Cherry,V720,,,,,,0,165257,0,165257,0,0,0
2018,,168,Improvements Capital Works Public,Laurel Ln,,,,,,,,,,,,,
2018,,168,Improvements Capital Works Public,Kelly Blvd from Harbinger Ln to Frankford Rd,V901,,,,,,374590,374590,0,0,0,0,0
2018,,168,Improvements Capital Works Public,Kelly Blvd from Old Mill Rd to Harbinger Ln,V892,,,,,,367147,367147,0,0,0,0,0
2018,,168,Improvements Capital Works Public,Kelman St from Trammel Dr to Axton Ln,V605,,,,,,0,61809,0,61809,0,0,0
2018,,168,Improvements Capital Works Public,Kelsey Rd from Inwood Rd to Meaders Ln,V690,,,,,,0,412526,0,0,412526,0,0
2018,,168,Improvements Capital Works Public,Kendall from Harry Hines Blvd to Macatee Dr,V391,,,,,,352136,352136,0,0,0,0,0
2018,,168,Improvements Capital Works Public,Kiest Meadow from Kiest Knoll to end of,V751,,,,,,287434,287434,0,0,0,0,0
2018,,168,Improvements Capital Works Public,pavement,,,,,,,,,,,,,
2018,,168,Improvements Capital Works Public,Kilarney Dr from Tranquilla Dr to Peavy Rd,V555,,,,,,0,127184,127184,0,0,0,0
2018,,168,Improvements Capital Works Public,Kilkirk Ln from Ruidosa Ave to End of,V623,,,,,,0,376065,0,376065,0,0,0
2018,,168,Improvements Capital Works Public,Pavement,,,,,,,,,,,,,
2018,,169,Improvements Capital Works Public,Kingsley Rd from Crofton Dr to Winedale Dr,V463,,,,,,0,116311,116311,0,0,0,0
2018,,169,Improvements Capital Works Public,Kirkmeadow Ln from Midway Rd to,,,,,,,,,,,,,
2018,,169,Improvements Capital Works Public,Timberglen Rd,V361,,,,,,182236,182236,0,0,0,0,0
2018,,169,Improvements Capital Works Public,Kirnwood Ct from End of Pavement to,,,,,,,,,,,,,
2018,,169,Improvements Capital Works Public,Kirnwood Dr,V528,,,,,,0,66679,66679,0,0,0,0
2018,,169,Improvements Capital Works Public,Knight St from Congress Ave to Dickason Ave,V612,,,,,,0,98235,0,98235,0,0,0
2018,,169,Improvements Capital Works Public,Knollview Dr from Hillcrest Rd to Hillcrest Rd,V653,,,,,,0,200141,0,200141,0,0,0
2018,,169,Improvements Capital Works Public,Knoxville St from Golf Club Dr to W Illinois,,,,,,,,,,,,,
2018,,169,Improvements Capital Works Public,Ave,V677,,,,,,0,444322,0,444322,0,0,0
2018,,169,Improvements Capital Works Public,Komalty Dr from Oklaunion Dr to Tiawah Dr,V768,,,,,,0,107085,0,107085,0,0,0
2018,,169,Improvements Capital Works Public,Lahoma St from Kings Rd to Crestview Dr,V529,,,,,,0,294085,294085,0,0,0,0
2018,,169,Improvements Capital Works Public,Lakemere Dr from Lynbrook Dr to Plano Rd,V679,,,,,,0,166355,0,166355,0,0,0
2018,,169,Improvements Capital Works Public,Lamplighter Ln from Meadow Crest Dr to Del,,,,,,,,,,,,,
2018,,169,Improvements Capital Works Public,Roy Dr,V846,,,,,,0,115351,115351,0,0,0,0
2018,,169,Improvements Capital Works Public,Laurel Valley Rd from Golden Creek Rd to,,,,,,,,,,,,,
2018,,169,Improvements Capital Works Public,Brook Lake Dr,V375,,,,,,182373,182373,0,0,0,0,0
2018,,169,Improvements Capital Works Public,Lavalle Ln from Woodbrook Dr to Greenville,,,,,,,,,,,,,
2018,,169,Improvements Capital Works Public,Ave,V664,,,,,,0,111990,0,111990,0,0,0
2018,,169,Improvements Capital Works Public,Ledgestone Dr from Crestmont Dr to Abrams,,,,,,,,,,,,,
2018,,169,Improvements Capital Works Public,Rd,V327,,,,,,0,329691,329691,0,0,0,0
2018,,169,Improvements Capital Works Public,Lemmon Ave E from Noble Ave to McKinney,,,,,,,,,,,,,
2018,,169,Improvements Capital Works Public,Ave,V904,,,,,,0,98613,0,0,98613,0,0
2018,,169,Improvements Capital Works Public,Lemmon Ave from Lemmon Ave to Howell St,V900,,,,,,0,98990,0,0,98990,0,0
2018,,169,Improvements Capital Works Public,Lemmon Ave from Reagan St to Throckmorton,,,,,,,,,,,,,
2018,,169,Improvements Capital Works Public,St,V922,,,,,,0,195956,0,0,195956,0,0
2018,,169,Improvements Capital Works Public,Lemmon Ave from Throckmorton St to Knight,,,,,,,,,,,,,
2018,,169,Improvements Capital Works Public,St,V944,,,,,,0,236876,0,0,236876,0,0
2018,,169,Improvements Capital Works Public,Lenel PL from Walnut Hill Ln to Lively,V481,,,,,,443225,443225,0,0,0,0,0
2018,,169,Improvements Capital Works Public,Lingo Ln from Hartline Dr to San Marcus Ave,V419,,,,,,104032,104032,0,0,0,0,0
2018,,169,Improvements Capital Works Public,Linkwood Dr from Ferndale Rd to Lockhaven,V741,,,,,,0,152018,0,0,152018,0,0
2018,,169,Improvements Capital Works Public,Dr,,,,,,,,,,,,,
2018,,169,Improvements Capital Works Public,Lippitt Ave from Jupiter Rd to Mayfair Blvd,V715,,,,,,0,115008,0,0,115008,0,0
2018,,169,Improvements Capital Works Public,Lippitt Ave from Sahara Way to Neering Dr,V673,,,,,,0,53885,0,0,53885,0,0
2018,,169,Improvements Capital Works Public,Liptonshire Dr from McCree Rd to Lakemere,V502,,,,,,3000,221089,218089,0,0,0,0
2018,,169,Improvements Capital Works Public,Dr,,,,,,,,,,,,,
2018,,169,Improvements Capital Works Public,Llano Ave from Matilda St to Delmar Ave,V642,,,,,,0,112504,0,112504,0,0,0
2018,,169,Improvements Capital Works Public,Lockhart Ave from Rustown Dr to Shiloh Dr,V775,,,,,,0,481572,0,0,481572,0,0
2018,,169,Improvements Capital Works Public,Loma Vista Dr from Club Meadows Dr to Echo,V688,,,,,,0,260954,0,260954,0,0,0
2018,,169,Improvements Capital Works Public,Valley Dr,,,,,,,,,,,,,
2018,,169,Improvements Capital Works Public,Longmeadow Dr from Ferndale Rd to,V660,,,,,,0,55738,55738,0,0,0,0
2018,,169,Improvements Capital Works Public,Larchwood Dr,,,,,,,,,,,,,
2018,,169,Improvements Capital Works Public,Longmeadow Dr from Larchwood Dr to,V613,,,,,,0,50833,50833,0,0,0,0
2018,,169,Improvements Capital Works Public,Liptonshire Dr,,,,,,,,,,,,,
2018,,169,Improvements Capital Works Public,Longmeadow Dr From Liptonshire Dr To,V454,,,,,,52513,52513,0,0,0,0,0
2018,,169,Improvements Capital Works Public,Leaside Dr,,,,,,,,,,,,,
2018,,170,Improvements Capital Works Public,Loree Dr from Carnegie Dr to Mercer Dr,V778,,,,,,0,57110,0,0,57110,0,0
2018,,170,Improvements Capital Works Public,Loving Ave from Pasadena Ave to Winsted Dr,V706,,,,,,0,35466,0,0,35466,0,0
2018,,170,Improvements Capital Works Public,Loving Ave from Shook Ave to Wildgrove Ave,V687,,,,,,0,65719,0,0,65719,0,0
2018,,170,Improvements Capital Works Public,Lovington Dr from Genstar Ln to Amador Ave,V585,,,,,,163851,163851,0,0,0,0,0
2018,,170,Improvements Capital Works Public,Mack Lane from Bruton Rd to Ravehill Ln,V512,,,,,,253683,253683,0,0,0,0,0
2018,,170,Improvements Capital Works Public,Maham Rd from Spring Valley to N Central,,,,,,,,,,,,,
2018,,170,Improvements Capital Works Public,Serv W,V962,,,,,,0,1226602,1226602,0,0,0,0
2018,,170,Improvements Capital Works Public,Main Street From Harwood To Lamar,,,,,,,22430,22430,0,0,0,0,0
2018,,170,Improvements Capital Works Public,Main Street From Harwood To Lamar,,,,,,,82245,82245,0,0,0,0,0
2018,,170,Improvements Capital Works Public,Main Street From Harwood To Lamar,,,,,,,716040,716040,0,0,0,0,0
2018,,170,Improvements Capital Works Public,Maple Glen Dr from A3677 to Westbend Dr,V661,,,,,,0,84309,84309,0,0,0,0
2018,,170,Improvements Capital Works Public,Maple Glen Dr from Westbend Dr to,,,,,,,,,,,,,
2018,,170,Improvements Capital Works Public,Arborgate Dr,V561,,,,,,143751,143751,0,0,0,0,0
2018,,170,Improvements Capital Works Public,Maple Routh Conn from Thomas Ave to,,,,,,,,,,,,,
2018,,170,Improvements Capital Works Public,McKinney Ave,V917,,,,,,0,139430,0,0,139430,0,0
2018,,170,Improvements Capital Works Public,Marlin Dr from Modlin St to La Prada Dr,V711,,,,,,0,175136,0,0,175136,0,0
2018,,170,Improvements Capital Works Public,Marsh Ln from Briargrove Ln to Frankford Rd,V960,,,,,,0,597883,597883,0,0,0,0
2018,,170,Improvements Capital Works Public,Martin Luther King Jr from S Ervay St to S,,,,,,,,,,,,,
2018,,170,Improvements Capital Works Public,Central Serv W,V862,,,,,,0,500780,500780,0,0,0,0
2018,,170,Improvements Capital Works Public,Materhorn Dr from Shiloh Rd to Crest Ridge,,,,,,,,,,,,,
2018,,170,Improvements Capital Works Public,Dr,V478,,,,,,0,155551,155551,0,0,0,0
2018,,170,Improvements Capital Works Public,Matilda from McCommas to Vanderbilt,V451,,,,,,437047,437047,0,0,0,0,0
2018,,170,Improvements Capital Works Public,Matilda from Penrose to Martel,V433,,,,,,80811,80811,0,0,0,0,0
2018,,170,Improvements Capital Works Public,Matilda St from Belmont Ave to Oram St,V401,,,,,,305000,305000,0,0,0,0,0
2018,,170,Improvements Capital Works Public,Matilda St from Martel Ave to McCommas,V411,,,,,,135657,135657,0,0,0,0,0
2018,,170,Improvements Capital Works Public,Blvd,,,,,,,,,,,,,
2018,,170,Improvements Capital Works Public,Matilda St from Oram St to Ross Ave,V640,,,,,,526986,526986,0,0,0,0,0
2018,,170,Improvements Capital Works Public,Matilda St from Vanderbilt Ave to Velasco Ave,V377,,,,,,736313,736313,0,0,0,0,0
2018,,170,Improvements Capital Works Public,Matilda St from Velasco Ave to Belmont Ave,V382,,,,,,341182,341182,0,0,0,0,0
2018,,170,Improvements Capital Works Public,Matilda St from Winton to Penrose Ave,V499,,,,,,370234,370234,0,0,0,0,0
2018,,170,Improvements Capital Works Public,Matland Dr/Club Wood Dr from S Hampton,V420,,,,,,0,339982,339982,0,0,0,0
2018,,170,Improvements Capital Works Public,Dr to Club Terrace Dr,,,,,,,,,,,,,
2018,,170,Improvements Capital Works Public,McKinney Ave from Allen St to Oak Grove Ave,V972,,,,,,0,117752,0,0,0,117752,0
2018,,170,Improvements Capital Works Public,McKinney Ave from Boll St to Worthington St,V974,,,,,,0,114905,0,0,0,114905,0
2018,,170,Improvements Capital Works Public,McKinney Ave from Fairmount St to Routh St,V975,,,,,,0,116345,0,0,0,116345,0
2018,,170,Improvements Capital Works Public,McKinney Ave from Maple Routh Conn to,V979,,,,,,0,67159,0,0,0,67159,0
2018,,170,Improvements Capital Works Public,Leonard St,,,,,,,,,,,,,
2018,,171,Improvements Capital Works Public,McKinney Ave from N Hall St to Lemmon Ave,V976,,,,,,0,155516,0,0,0,155516,0
2018,,171,Improvements Capital Works Public,McKinney Ave from Routh St to Boll St,V973,,,,,,0,112333,0,0,0,112333,0
2018,,171,Improvements Capital Works Public,McKinney Ave from Worthington St to Allen,,,,,,,,,,,,,
2018,,171,Improvements Capital Works Public,St,V978,,,,,,0,128351,0,0,0,128351,0
2018,,171,Improvements Capital Works Public,McLarty Dr from Wild Honey Dr to,,,,,,,,,,,,,
2018,,171,Improvements Capital Works Public,Stagecoach Trl,V515,,,,,,0,125812,125812,0,0,0,0
2018,,171,Improvements Capital Works Public,Meadow St from Pennsylvania Ave to,,,,,,,,,,,,,
2018,,171,Improvements Capital Works Public,Tuskegee St,V638,,,,,,0,486248,0,486248,0,0,0
2018,,171,Improvements Capital Works Public,Meadowlark Ln from Santa Maria Ln to Sperry,,,,,,,,,,,,,
2018,,171,Improvements Capital Works Public,St,V829,,,,,,0,106399,0,106399,0,0,0
2018,,171,Improvements Capital Works Public,Meadowside Dr from Laurel Wood Ln to,,,,,,,,,,,,,
2018,,171,Improvements Capital Works Public,Kendallwood Dr,V662,,,,,,0,197294,0,197294,0,0,0
2018,,171,Improvements Capital Works Public,Meandering Way from Alpha Rd to Purple,,,,,,,,,,,,,
2018,,171,Improvements Capital Works Public,Sage Rd,V910,,,,,,1039762,1039762,0,0,0,0,0
2018,,171,Improvements Capital Works Public,Meandering Way from Brushcreek Ln to Alpha,,,,,,,,,,,,,
2018,,171,Improvements Capital Works Public,Rd,V872,,,,,,481190,481190,0,0,0,0,0
2018,,171,Improvements Capital Works Public,Meandering Way from LBJ Serv N to,,,,,,,,,,,,,
2018,,171,Improvements Capital Works Public,Brushcreek Ln. I,V926,,,,,,179373,179373,0,0,0,0,0
2018,,171,Improvements Capital Works Public,Meandering Way from Purple Sage to Spring,,,,,,,,,,,,,
2018,,171,Improvements Capital Works Public,Grove,V924,,,,,,76240,76240,0,0,0,0,0
2018,,171,Improvements Capital Works Public,Meandering Way from Spring Grove Ave to,,,,,,,,,,,,,
2018,,171,Improvements Capital Works Public,Far Hills Ln,V977,,,,,,0,220069,220069,0,0,0,0
2018,,171,Improvements Capital Works Public,Mehalia Dr from Baraboo Dr to Flagstaff Dr,V591,,,,,,3000,190150,187150,0,0,0,0
2018,,171,Improvements Capital Works Public,Mercer Dr from N Buckner Blvd to Mariposa,,,,,,,,,,,,,
2018,,171,Improvements Capital Works Public,Dr,V553,,,,,,0,305922,305922,0,0,0,0
2018,,171,Improvements Capital Works Public,Merrimac Ave from Laneri Ave to Glencoe St,V511,,,,,,0,129894,0,129894,0,0,0
2018,,171,Improvements Capital Works Public,Merriwood Dr from End of Pavement to,,,,,,,,,,,,,
2018,,171,Improvements Capital Works Public,Church Rd,V364,,,,,,0,141488,141488,0,0,0,0
2018,,171,Improvements Capital Works Public,Michigan Ave from E Illinois Ave to E Ohio Ave,V321,,,,,,0,73676,73676,0,0,0,0
2018,,171,Improvements Capital Works Public,Middle Cove Dr from Meadowcreek Dr to,V572,,,,,,232588,232588,0,0,0,0,0
2018,,171,Improvements Capital Works Public,Windy Meadow Dr,,,,,,,,,,,,,
2018,,171,Improvements Capital Works Public,Middle Glen Dr from Dove Meadow Dr to Mill,V412,,,,,,0,155551,155551,0,0,0,0
2018,,171,Improvements Capital Works Public,Hollow Dr,,,,,,,,,,,,,
2018,,171,Improvements Capital Works Public,Middlebury Dr from Rockhurst Dr to Rutgers,V754,,,,,,0,30596,0,0,30596,0,0
2018,,171,Improvements Capital Works Public,Dr,,,,,,,,,,,,,
2018,,171,Improvements Capital Works Public,Middlebury Dr from Rutgers Dr to Haverford,V566,,,,,,0,106570,0,0,106570,0,0
2018,,171,Improvements Capital Works Public,Dr,,,,,,,,,,,,,
2018,,171,Improvements Capital Works Public,Midpark Rd from Goldmark Dr to N Central,V934,,,,,,0,264007,0,264007,0,0,0
2018,,171,Improvements Capital Works Public,Serv E,,,,,,,,,,,,,
2018,,171,Improvements Capital Works Public,Military Cir From Military Pkwy To End Of,V589,,,,,,31583,31583,0,0,0,0,0
2018,,171,Improvements Capital Works Public,Pavement,,,,,,,,,,,,,
2018,,171,Improvements Capital Works Public,Military Pkwy from Dolphin Rd to Forney Rd,V886,,,,,,0,242873,0,242873,0,0,0
2018,,171,Improvements Capital Works Public,Minuet Ln from Singing Hills Dr to,V506,,,,,,0,113499,113499,0,0,0,0
2018,,171,Improvements Capital Works Public,Summertime Ln,,,,,,,,,,,,,
2018,,171,Improvements Capital Works Public,Mirage Valley Dr from Aldenwood Dr to Mill,V736,,,,,,0,104546,0,104546,0,0,0
2018,,171,Improvements Capital Works Public,Stream Dr,,,,,,,,,,,,,
2018,,171,Improvements Capital Works Public,Mirage Valley Dr from Kirnwood Dr to,V539,,,,,,0,66885,66885,0,0,0,0
2018,,171,Improvements Capital Works Public,Aldenwood Dr,,,,,,,,,,,,,
2018,,171,Improvements Capital Works Public,Modlin St from Hillglenn Rd to Marlin Dr,V674,,,,,,0,93570,0,0,93570,0,0
2018,,171,Improvements Capital Works Public,Mojave Dr from Texoma Way to Plaza Blvd,V693,,,,,,0,190365,0,190365,0,0,0
2018,,172,Improvements Capital Works Public,Ave,V507,,,,,,0,87122,87122,0,0,0,0
2018,,172,Improvements Capital Works Public,Monticello Ave from Monticello Ave to Homer,,,,,,,,,,,,,
2018,,172,Improvements Capital Works Public,St,V820,,,,,,0,111269,111269,0,0,0,0
2018,,172,Improvements Capital Works Public,Moonstone Dr from Highland Hills Dr to,,,,,,,,,,,,,
2018,,172,Improvements Capital Works Public,Moonstone Dr,V787,,,,,,101494,101494,0,0,0,0,0
2018,,172,Improvements Capital Works Public,Morningside Ave from Worcola St to,,,,,,,,,,,,,
2018,,172,Improvements Capital Works Public,Greenville Ave,V819,,,,,,0,107016,0,0,107016,0,0
2018,,172,Improvements Capital Works Public,Moser Ave from Monarch St to Fuqua St,V458,,,,,,117203,117203,0,0,0,0,0
2018,,172,Improvements Capital Works Public,Moss Meadows Dr from Arborside Dr to,,,,,,,,,,,,,
2018,,172,Improvements Capital Works Public,Abrams Rd,V571,,,,,,215678,215678,0,0,0,0,0
2018,,172,Improvements Capital Works Public,Motor City Blvd from Peterbilt Ave to S,,,,,,,,,,,,,
2018,,172,Improvements Capital Works Public,Lancaster Rd,V830,,,,,,0,216981,0,0,216981,0,0
2018,,172,Improvements Capital Works Public,Mountain Creek Pkwy from Mountainview Dr,,,,,,,,,,,,,
2018,,172,Improvements Capital Works Public,to Eagle Ford Dr,V913,,,,,,0,222676,0,0,222676,0,0
2018,,172,Improvements Capital Works Public,Mt Washington St from Gilpin Ave to End of,,,,,,,,,,,,,
2018,,172,Improvements Capital Works Public,Pavement,V769,,,,,,217493,217493,0,0,0,0,0
2018,,172,Improvements Capital Works Public,Myrtice Dr from Ruidosa Ave to Tisinger Ave,V469,,,,,,0,219417,219417,0,0,0,0
2018,,172,Improvements Capital Works Public,N.Hall St from Welborn St to Turtle Creek,,,,,,,,,,,,,
2018,,172,Improvements Capital Works Public,Blvd,V854,,,,,,0,231525,231525,0,0,0,0
2018,,172,Improvements Capital Works Public,N Beckley Ave from E 6th St to E 5th St,V903,,,,,,75518,75518,0,0,0,0,0
2018,,172,Improvements Capital Works Public,N Beckley Ave from E Davis St to E Neely St,V950,,,,,,93643,93643,0,0,0,0,0
2018,,172,Improvements Capital Works Public,N Beckley Ave from W Colorado Blvd to E,,,,,,,,,,,,,
2018,,172,Improvements Capital Works Public,Oakenwald St,V865,,,,,,0,230736,230736,0,0,0,0
2018,,172,Improvements Capital Works Public,N Collett Ave from Reiger Ave to Victor St,V430,,,,,,0,120565,120565,0,0,0,0
2018,,172,Improvements Capital Works Public,N Edgefield Ave from Stewart Dr to W,,,,,,,,,,,,,
2018,,172,Improvements Capital Works Public,Colorado Blvd,V404,,,,,,0,288463,0,288463,0,0,0
2018,,172,Improvements Capital Works Public,N Fitzhugh Ave from Abbott Ave to Turtle,,,,,,,,,,,,,
2018,,172,Improvements Capital Works Public,Creek Bnd,V905,,,,,,0,179218,0,0,179218,0,0
2018,,172,Improvements Capital Works Public,N Fitzhugh Ave from Bennett Ave to Manett,V828,,,,,,0,197259,0,0,197259,0,0
2018,,172,Improvements Capital Works Public,St,,,,,,,,,,,,,
2018,,172,Improvements Capital Works Public,N Hall St from Floyd St to Swiss Ave,V881,,,,,,0,58790,0,58790,0,0,0
2018,,172,Improvements Capital Works Public,N Hall St from Gaston Ave to Floyd St,V869,,,,,,0,114665,0,114665,0,0,0
2018,,172,Improvements Capital Works Public,N Hall St from Indiana St to Main St,V877,,,,,,0,192080,192080,0,0,0,0
2018,,172,Improvements Capital Works Public,N Hall St from Oak Lawn Ave to Reagan St,V838,,,,,,0,88871,0,0,88871,0,0
2018,,172,Improvements Capital Works Public,N Hall St from Welborn St to Oak Lawn Ave,V837,,,,,,0,86710,0,0,86710,0,0
2018,,172,Improvements Capital Works Public,N Hampton Rd from Dennison St to Kraft St,V879,,,,,,0,279133,279133,0,0,0,0
2018,,172,Improvements Capital Works Public,N Hampton Rd from I-30 W Commerce St,V969,,,,,,0,955255,0,0,0,955255,0
2018,,172,Improvements Capital Works Public,N Marsalis Ave from E 8th St to E 7th St,V889,,,,,,148382,148382,0,0,0,0,0
2018,,172,Improvements Capital Works Public,N Munger Blvd from Gaston Ave to Live Oak,V915,,,,,,0,620165,0,0,620165,0,0
2018,,172,Improvements Capital Works Public,N Murdeaux Ln from Antoinette St to CF,V596,,,,,,0,286679,286679,0,0,0,0
2018,,172,Improvements Capital Works Public,Hawn Serv S,,,,,,,,,,,,,
2018,,172,Improvements Capital Works Public,N Prairie Ave from Junius St to Tremont St,V655,,,,,,0,120050,0,120050,0,0,0
2018,,173,Improvements Capital Works Public,Palisade Dr,V914,,,,,,0,1534411,0,1534411,0,0,0
2018,,173,Improvements Capital Works Public,N Randolph Dr from S Randolph Dr to Mt,,,,,,,,,,,,,
2018,,173,Improvements Capital Works Public,Ranier St,V328,,,,,,0,193349,193349,0,0,0,0
2018,,173,Improvements Capital Works Public,N St Mary Ave from Columbia Ave to N,,,,,,,,,,,,,
2018,,173,Improvements Capital Works Public,Munger Blvd,V802,,,,,,0,44076,0,44076,0,0,0
2018,,173,Improvements Capital Works Public,N Van Buren Ave from W 10th St to W Davis,,,,,,,,,,,,,
2018,,173,Improvements Capital Works Public,St,V556,,,,,,319191,319191,0,0,0,0,0
2018,,173,Improvements Capital Works Public,N Westmoreland Rd from Bickers St to Bernal,,,,,,,,,,,,,
2018,,173,Improvements Capital Works Public,Rd,V956,,,,,,0,216193,0,216193,0,0,0
2018,,173,Improvements Capital Works Public,N Windomere Ave from W 8th St to Taft St,V492,,,,,,0,302464,302464,0,0,0,0
2018,,173,Improvements Capital Works Public,Neches St from N Madison Ave to N Bishop,,,,,,,,,,,,,
2018,,173,Improvements Capital Works Public,Ave,V395,,,,,,0,360848,0,360848,0,0,0
2018,,173,Improvements Capital Works Public,Neering Dr from Lippitt Ave to Lanewood Cir,V700,,,,,,0,74671,0,0,74671,0,0
2018,,173,Improvements Capital Works Public,Newcombe Dr from San Juan Ave to Crest,,,,,,,,,,,,,
2018,,173,Improvements Capital Works Public,Ridge Dr,V496,,,,,,0,171946,171946,0,0,0,0
2018,,173,Improvements Capital Works Public,Newmore Ave from Kaywood Dr to Robin Rd,V422,,,,,,180938,180938,0,0,0,0,0
2018,,173,Improvements Capital Works Public,Nomas Sr from N Westmoreland Rd to Furey,,,,,,,,,,,,,
2018,,173,Improvements Capital Works Public,St,V619,,,,,,0,157094,0,157094,0,0,0
2018,,173,Improvements Capital Works Public,Nonesuch Ed from Blanch Cir to Westlake Ave,V542,,,,,,0,141488,141488,0,0,0,0
2018,,173,Improvements Capital Works Public,Norcross Ln from Castlegate Dr to Marsh Ln,V842,,,,,,0,246754,0,0,0,246754,0
2018,,173,Improvements Capital Works Public,North Ridge Dr from Hillbrook St to Sperry St,V329,,,,,,180727,180727,0,0,0,0,0
2018,,173,Improvements Capital Works Public,Northaven Rd from Marsh Ln to Cox Ln,V568,,,,,,0,372361,0,0,372361,0,0
2018,,173,Improvements Capital Works Public,Northcliff Dr from Bondstone Dr to Classen,,,,,,,,,,,,,
2018,,173,Improvements Capital Works Public,Dr,V729,,,,,,0,86265,0,0,86265,0,0
2018,,173,Improvements Capital Works Public,Northcliff Dr from N Buckner Blvd to Harter,,,,,,,,,,,,,
2018,,173,Improvements Capital Works Public,Rd,V680,,,,,,0,160078,0,0,160078,0,0
2018,,173,Improvements Capital Works Public,Northlake Dr from Coolair Dr to Kirkwood Dr,V764,,,,,,0,157231,0,0,157231,0,0
2018,,173,Improvements Capital Works Public,Northlake Dr from Kirkwood Dr to Hambrick,V766,,,,,,0,108251,0,0,108251,0,0
2018,,173,Improvements Capital Works Public,Rd,,,,,,,,,,,,,
2018,,173,Improvements Capital Works Public,Norwalk Ave from Timberline Dr to Hargrove,V493,,,,,,0,187484,187484,0,0,0,0
2018,,173,Improvements Capital Works Public,Dr,,,,,,,,,,,,,
2018,,173,Improvements Capital Works Public,Norwood Dr from Newcombe Dr to Galena St,V378,,,,,,0,52856,52856,0,0,0,0
2018,,173,Improvements Capital Works Public,Oak Creek Cir from Urban Ave to Military,V742,,,,,,0,385909,385909,0,0,0,0
2018,,173,Improvements Capital Works Public,Serv S,,,,,,,,,,,,,
2018,,173,Improvements Capital Works Public,Oak Grove Ave from N Hall St to Lemmon Ave,V396,,,,,,0,123171,123171,0,0,0,0
2018,,173,Improvements Capital Works Public,Oceanview Dr from Greenspan Ave to,V449,,,,,,0,192389,192389,0,0,0,0
2018,,173,Improvements Capital Works Public,Silverdale Dr,,,,,,,,,,,,,
2018,,173,Improvements Capital Works Public,Old Bent Tree Ln From Dallas Pkwy To,V650,,,,,,109143,109143,0,0,0,0,0
2018,,173,Improvements Capital Works Public,Parkway Ln,,,,,,,,,,,,,
2018,,173,Improvements Capital Works Public,Old Gate Ln from San Leandro Dr to,V672,,,,,,0,50009,0,0,50009,0,0
2018,,173,Improvements Capital Works Public,Groveland Dr,,,,,,,,,,,,,
2018,,173,Improvements Capital Works Public,Old Ox Rd from Glendale Park Enter to,V590,,,,,,0,310312,0,310312,0,0,0
2018,,173,Improvements Capital Works Public,Caravan Trl,,,,,,,,,,,,,
2018,,173,Improvements Capital Works Public,Oradell Ln from Timberline Dr to Hargrove Dr,V545,,,,,,0,269509,269509,0,0,0,0
2018,,173,Improvements Capital Works Public,Orchid Ln from Hillcrest Rd to Forestglade Cir,V609,,,,,,0,130066,0,130066,0,0,0
2018,,174,Improvements Capital Works Public,Dentcrest Dr,V532,,,,,,0,37353,37353,0,0,0,0
2018,,174,Improvements Capital Works Public,Palo Pinto Ave from Concho St to Skillman St,V407,,,,,,0,131163,131163,0,0,0,0
2018,,174,Improvements Capital Works Public,Park Highlands Dr from Plano Rd to Walnut,,,,,,,,,,,,,
2018,,174,Improvements Capital Works Public,Hill Ln,V475,,,,,,0,199557,199557,0,0,0,0
2018,,174,Improvements Capital Works Public,Park Ln from Greenville Ave to Fair Oaks Ave,V899,,,,,,0,558541,0,0,558541,0,0
2018,,174,Improvements Capital Works Public,Park Ln from Hillcrest Rd to Sarah Nash Ct,V930,,,,,,0,701085,0,0,0,701085,0
2018,,174,Improvements Capital Works Public,Park Row Ave from Malcolm X Blvd to Jeffries,,,,,,,,,,,,,
2018,,174,Improvements Capital Works Public,St,V376,,,,,,0,102900,102900,0,0,0,0
2018,,174,Improvements Capital Works Public,Parry Ave from S Peak St to Ann Ave,V870,,,,,,0,99401,99401,0,0,0,0
2018,,174,Improvements Capital Works Public,Pasadena Pl from Pasadena Ave to Winsted,,,,,,,,,,,,,
2018,,174,Improvements Capital Works Public,Dr,V598,,,,,,0,52376,0,52376,0,0,0
2018,,174,Improvements Capital Works Public,Payne St from Levee St to N Riverfront Blvd,V468,,,,,,0,249052,249052,0,0,0,0
2018,,174,Improvements Capital Works Public,Pearlstone St from Dawson St to Hickory St,V389,,,,,,97785,97785,0,0,0,0,0
2018,,174,Improvements Capital Works Public,Pearson Dr from Avalon Ave to Lakewood,,,,,,,,,,,,,
2018,,174,Improvements Capital Works Public,Blvd,V702,,,,,,0,85304,0,0,85304,0,0
2018,,174,Improvements Capital Works Public,Peavy Rd from Garland Rd to Losa Dr,V863,,,,,,0,277761,277761,0,0,0,0
2018,,174,Improvements Capital Works Public,Peavy Rd from Hermosa Dr to E Zacha Dr,V855,,,,,,219625,219625,0,0,0,0,0
2018,,174,Improvements Capital Works Public,Peavy Rd from Losa Dr to Hermosa Dr,V853,,,,,,329878,329878,0,0,0,0,0
2018,,174,Improvements Capital Works Public,Pindar Ave from Godfrey Ave to Sarah Lee Dr,V531,,,,,,0,168550,168550,0,0,0,0
2018,,174,Improvements Capital Works Public,Pine St from Holmes St to S Central Serv W,V689,,,,,,0,272857,0,272857,0,0,0
2018,,174,Improvements Capital Works Public,Planters Glen Dr from Harvest Hill Rd to,,,,,,,,,,,,,
2018,,174,Improvements Capital Works Public,Sugar Mill Rd,V443,,,,,,146941,146941,0,0,0,0,0
2018,,174,Improvements Capital Works Public,Postal Way from I-30 Frontage Rd to Lone,V958,,,,,,0,105758,0,105758,0,0,0
2018,,174,Improvements Capital Works Public,Star Dr,,,,,,,,,,,,,
2018,,174,Improvements Capital Works Public,Postal Way from W Commerce St to Lone Star,V898,,,,,,0,499785,0,499785,0,0,0
2018,,174,Improvements Capital Works Public,Dr,,,,,,,,,,,,,
2018,,174,Improvements Capital Works Public,Princess Ln from Marquis Ln to Marsh Ln,V697,,,,,,0,448095,0,0,448095,0,0
2018,,174,Improvements Capital Works Public,Prospect Ave from Matilda St to Delmar Ave,V416,,,,,,0,130957,130957,0,0,0,0
2018,,174,Improvements Capital Works Public,Province Ln from Tellerson Ave to Casa Oaks,V691,,,,,,0,211631,0,0,211631,0,0
2018,,174,Improvements Capital Works Public,Dr,,,,,,,,,,,,,
2018,,174,Improvements Capital Works Public,Pryor St from Main St to Commerce St,V508,,,,,,0,42704,0,42704,0,0,0
2018,,174,Improvements Capital Works Public,Purple Sage Rd from Alpha Rd to Meandering,V432,,,,,,0,124132,124132,0,0,0,0
2018,,174,Improvements Capital Works Public,Way,,,,,,,,,,,,,
2018,,174,Improvements Capital Works Public,Purple Sage Rd from Meandering Way to,V833,,,,,,0,139189,139189,0,0,0,0
2018,,174,Improvements Capital Works Public,Willow Bend Rd,,,,,,,,,,,,,
2018,,174,Improvements Capital Works Public,Quail Run from Capri Dr to Rolling Rock Ln,V628,,,,,,121285,121285,0,0,0,0,0
2018,,174,Improvements Capital Works Public,Queenswood Ln from Walnut Hill Ln to Knoll,V801,,,,,,0,139361,0,0,139361,0,0
2018,,174,Improvements Capital Works Public,Krest Dr,,,,,,,,,,,,,
2018,,174,Improvements Capital Works Public,Querida Ln from Spring Creek to La Manga,V631,,,,,,202336,202336,0,0,0,0,0
2018,,174,Improvements Capital Works Public,Ramblewood Trl from Clearsprings Rd to,V480,,,,,,0,157574,157574,0,0,0,0
2018,,174,Improvements Capital Works Public,Greenhollow Ln,,,,,,,,,,,,,
2018,,175,Improvements Capital Works Public,Ct,V708,,,,,,0,96966,0,0,96966,0,0
2018,,175,Improvements Capital Works Public,Ravehill Ln from Santa Cruz Dr to Waycross,,,,,,,,,,,,,
2018,,175,Improvements Capital Works Public,Dr,V517,,,,,,0,196779,196779,0,0,0,0
2018,,175,Improvements Capital Works Public,Ravendale Ln from Belford Dr to Rockaway Dr,V743,,,,,,0,149102,0,0,149102,0,0
2018,,175,Improvements Capital Works Public,Ravendale Ln from Lange Cir to Belford Dr,V730,,,,,,0,218868,0,0,218868,0,0
2018,,175,Improvements Capital Works Public,Ravenview Rd from Appleberry Dr to,,,,,,,,,,,,,
2018,,175,Improvements Capital Works Public,Shepherd Ln,V415,,,,,,258073,258073,0,0,0,0,0
2018,,175,Improvements Capital Works Public,Ravenview Rd from Smoke Tree Ln to Garden,,,,,,,,,,,,,
2018,,175,Improvements Capital Works Public,Grove Dr,V400,,,,,,112504,112504,0,0,0,0,0
2018,,175,Improvements Capital Works Public,Reagan St From Lemmon Ave To Bowser Ave,V355,,,,,,75632,75632,0,0,0,0,0
2018,,175,Improvements Capital Works Public,Redstart Ln from Lyre Ln to Santa Barbara Dr,V669,,,,,,0,150817,0,0,150817,0,0
2018,,175,Improvements Capital Works Public,Regent Dr from Cromwell Dr to Lathrop Dr,V712,,,,,,0,255878,0,0,255878,0,0
2018,,175,Improvements Capital Works Public,Rexton Ln from Glennox Ln to E Lovers Ln,V797,,,,,,0,61466,0,0,0,61466,0
2018,,175,Improvements Capital Works Public,RHAPSODY LN from Bowling Brook Dr to,,,,,,,,,,,,,
2018,,175,Improvements Capital Works Public,Lazy River Dr,V379,,,,,,0,251488,251488,0,0,0,0
2018,,175,Improvements Capital Works Public,Richmond Ave from Abrams Rd to Skillman St,V462,,,,,,0,704600,0,704600,0,0,0
2018,,175,Improvements Capital Works Public,Richmond Ave from Matilda St to Skillman St,V620,,,,,,0,571644,0,571644,0,0,0
2018,,175,Improvements Capital Works Public,Ridge Park Ln from End of Pavement to Indian,,,,,,,,,,,,,
2018,,175,Improvements Capital Works Public,Ridge Trl,V626,,,,,,0,48294,0,48294,0,0,0
2018,,175,Improvements Capital Works Public,Ridgemeadow Dr from Lochwood Blvd to,,,,,,,,,,,,,
2018,,175,Improvements Capital Works Public,Midlake Dr,V738,,,,,,0,83761,0,0,83761,0,0
2018,,175,Improvements Capital Works Public,Ridgemont Dr from Highgate Ln to Santa,,,,,,,,,,,,,
2018,,175,Improvements Capital Works Public,Anita Dr,V723,,,,,,0,155722,0,0,155722,0,0
2018,,175,Improvements Capital Works Public,Ridgemoor Cir from Highland Woods Dr to,,,,,,,,,,,,,
2018,,175,Improvements Capital Works Public,End of Pavement,V796,,,,,,0,77244,0,77244,0,0,0
2018,,175,Improvements Capital Works Public,Ring St from East Grand Ave to Hay St,V713,,,,,,0,82429,0,82429,0,0,0
2018,,175,Improvements Capital Works Public,Rio Grande Cir from Rio Grande Ave to,V595,,,,,,0,185597,0,185597,0,0,0
2018,,175,Improvements Capital Works Public,Kimball Ridge Dr,,,,,,,,,,,,,
2018,,175,Improvements Capital Works Public,Rio Verde Way from Shiloh Rd to Kilkirk Ln,V652,,,,,,0,121285,0,0,121285,0,0
2018,,175,Improvements Capital Works Public,River Bend Dr from N Stemmons Serv E to,V732,,,,,,0,427902,0,0,427902,0,0
2018,,175,Improvements Capital Works Public,River Bend Dr,,,,,,,,,,,,,
2018,,175,Improvements Capital Works Public,Rock Creek Dr from Stonebridge Dr to Rock,V439,,,,,,0,44590,44590,0,0,0,0
2018,,175,Improvements Capital Works Public,Creek Dr,,,,,,,,,,,,,
2018,,175,Improvements Capital Works Public,Rooster Ln from Seedling Ln to Daybreak Dr,V456,,,,,,0,50181,50181,0,0,0,0
2018,,175,Improvements Capital Works Public,Roseland Ave from N Peak St to Ashby St,V675,,,,,,0,77381,0,77381,0,0,0
2018,,175,Improvements Capital Works Public,Royal Ln from Ashcroft Ave to Greenville Ave,V967,,,,,,0,500238,0,0,0,500238,0
2018,,175,Improvements Capital Works Public,Royal Ln from Brockbank Dr to Coogan Dr,V923,,,,,,0,455127,0,0,455127,0,0
2018,,175,Improvements Capital Works Public,Royal Ln from Cromwell Dr to Marsh Ln,V891,,,,,,0,670000,0,0,670000,0,0
2018,,175,Improvements Capital Works Public,Royal Ln from Harry Hines Blvd to Grissom Ln,V951,,,,,,0,584815,0,0,584815,0,0
2018,,175,Improvements Capital Works Public,Royal Ln from St Jude's Dr to Lavendale Ave,V908,,,,,,0,300125,0,300125,0,0,0
2018,,176,Improvements Capital Works Public,Cotillion Dr,V727,,,,,,0,100671,0,0,100671,0,0
2018,,176,Improvements Capital Works Public,Rutgers Dr from Trammel Dr to Middlebury,,,,,,,,,,,,,
2018,,176,Improvements Capital Works Public,Dr,V583,,,,,,0,144918,0,144918,0,0,0
2018,,176,Improvements Capital Works Public,Rylie Rd from S St Augustine Dr to Thorne St,V906,,,,,,0,332607,0,332607,0,0,0
2018,,176,Improvements Capital Works Public,Rylie Rd from Thorne St to Bloomfield Dr,V925,,,,,,0,259856,0,259856,0,0,0
2018,,176,Improvements Capital Works Public,S Barnett Ave from W Illinois Ave to Dutton,,,,,,,,,,,,,
2018,,176,Improvements Capital Works Public,Rd,V500,,,,,,0,321855,321855,0,0,0,0
2018,,176,Improvements Capital Works Public,S Barry Ave from East Grand Ave to Ware St,V895,,,,,,0,305031,0,305031,0,0,0
2018,,176,Improvements Capital Works Public,S Belt Line Rd from Fish Rd to W Lawson Rd,V953,,,,,,0,146713,0,146713,0,0,0
2018,,176,Improvements Capital Works Public,S Belt Line Rd from Sarah Ln to Greengrove Ln,V911,,,,,,0,165875,0,165875,0,0,0
2018,,176,Improvements Capital Works Public,S Belt Line Rd from W Lawson Rd to Sarah Ln,V954,,,,,,0,146701,0,146701,0,0,0
2018,,176,Improvements Capital Works Public,S Ewing Ave from Georgia Ave to E Louisiana,,,,,,,,,,,,,
2018,,176,Improvements Capital Works Public,Ave,V968,,,,,,0,64964,0,64964,0,0,0
2018,,176,Improvements Capital Works Public,S Ewing Ave from McVey Ave to Graceland,,,,,,,,,,,,,
2018,,176,Improvements Capital Works Public,Ave,V643,,,,,,0,324272,324272,0,0,0,0
2018,,176,Improvements Capital Works Public,S Franklin St from W Kiest Blvd to Southwood,,,,,,,,,,,,,
2018,,176,Improvements Capital Works Public,Dr,V625,,,,,,0,306745,0,306745,0,0,0
2018,,176,Improvements Capital Works Public,S Hall St from Chestnut St to Jeffries St,V948,,,,,,0,135485,0,0,135485,0,0
2018,,176,Improvements Capital Works Public,S Haskell Ave from Garland Ave to Parry Ave,V851,,,,,,80159,80159,0,0,0,0,0
2018,,176,Improvements Capital Works Public,S Henderson Ave from Columbia Ave to Terry,,,,,,,,,,,,,
2018,,176,Improvements Capital Works Public,St,V567,,,,,,0,237237,237237,0,0,0,0
2018,,176,Improvements Capital Works Public,S Llewellyn Ave from Pratt St to Wynnewood,,,,,,,,,,,,,
2018,,176,Improvements Capital Works Public,Plaza,V431,,,,,,0,228095,228095,0,0,0,0
2018,,176,Improvements Capital Works Public,S Montreal Ave from Barlow Ave to Savoy St,V348,,,,,,0,140356,140356,0,0,0,0
2018,,176,Improvements Capital Works Public,S St Paul St from Young St to Marilla St,V876,,,,,,0,84229,84229,0,0,0,0
2018,,176,Improvements Capital Works Public,S Westmoreland Rd from Poinsettia Dr to,V859,,,,,,0,145678,145678,0,0,0,0
2018,,176,Improvements Capital Works Public,Dutton Dr,,,,,,,,,,,,,
2018,,176,Improvements Capital Works Public,San Diego Dr from Shiloh Rd to Santa Anna,V782,,,,,,0,335283,0,0,335283,0,0
2018,,176,Improvements Capital Works Public,Ave,,,,,,,,,,,,,
2018,,176,Improvements Capital Works Public,San Fernando Way from Whittier Ave to,V366,,,,,,154213,154213,0,0,0,0,0
2018,,176,Improvements Capital Works Public,Lakeland Dr,,,,,,,,,,,,,
2018,,176,Improvements Capital Works Public,San Jacinto St from Bennett Ave to N Garrett,V621,,,,,,0,101905,0,101905,0,0,0
2018,,176,Improvements Capital Works Public,Ave,,,,,,,,,,,,,
2018,,176,Improvements Capital Works Public,San Juan Ave from Newcombe Dr to Crest,V772,,,,,,0,172289,0,0,172289,0,0
2018,,176,Improvements Capital Works Public,Ridge Dr,,,,,,,,,,,,,
2018,,176,Improvements Capital Works Public,San Marcus Ave from Lingo Ln to Ferguson Rd,V703,,,,,,0,154213,0,0,154213,0,0
2018,,176,Improvements Capital Works Public,Sandstone Dr from Jennie Lee Ln to Cypress,V526,,,,,,0,137317,137317,0,0,0,0
2018,,176,Improvements Capital Works Public,Ave,,,,,,,,,,,,,
2018,,176,Improvements Capital Works Public,Santa Anna Ave from Shiloh Rd to Vista Mar,V747,,,,,,0,104718,0,0,104718,0,0
2018,,176,Improvements Capital Works Public,Dr,,,,,,,,,,,,,
2018,,176,Improvements Capital Works Public,Santa Barbara Dr from Santa Maria Ln to E,V771,,,,,,0,171877,0,0,171877,0,0
2018,,176,Improvements Capital Works Public,Mockingbird Ln,,,,,,,,,,,,,
2018,,176,Improvements Capital Works Public,Santa Fe Ave from Clermont Ave to Monte,V817,,,,,,0,61294,0,0,61294,0,0
2018,,176,Improvements Capital Works Public,Vista Dr,,,,,,,,,,,,,
2018,,176,Improvements Capital Works Public,Santa Fe Ave from Cordova St to Clermont,V826,,,,,,0,56595,0,0,56595,0,0
2018,,176,Improvements Capital Works Public,Ave,,,,,,,,,,,,,
2018,,177,Improvements Capital Works Public,Garza Dr,V447,,,,,,0,179218,179218,0,0,0,0
2018,,177,Improvements Capital Works Public,Satsuma Dr from Dennis Rd to Sundial Dr,V398,,,,,,0,458694,0,458694,0,0,0
2018,,177,Improvements Capital Works Public,Scottsboro Ln from S Marsalis Ave to Grassy,,,,,,,,,,,,,
2018,,177,Improvements Capital Works Public,Ridge Trl,V748,,,,,,0,219791,0,0,219791,0,0
2018,,177,Improvements Capital Works Public,Seabeach Rd from Greenspan Ave to,,,,,,,,,,,,,
2018,,177,Improvements Capital Works Public,Silverdale Dr,V522,,,,,,0,168379,168379,0,0,0,0
2018,,177,Improvements Capital Works Public,Sevilla St from Valencia St to Cordova St,V476,,,,,,0,39376,39376,0,0,0,0
2018,,177,Improvements Capital Works Public,Shadow Ridge Dr from Timber Oaks Dr to,,,,,,,,,,,,,
2018,,177,Improvements Capital Works Public,Timber Oaks Dr,V696,,,,,,0,203468,203468,0,0,0,0
2018,,177,Improvements Capital Works Public,Shadow Way from Audelia Rd to Creekspan,,,,,,,,,,,,,
2018,,177,Improvements Capital Works Public,Dr,V586,,,,,,145226,145226,0,0,0,0,0
2018,,177,Improvements Capital Works Public,Shadow Way from Creekspan Dr to,,,,,,,,,,,,,
2018,,177,Improvements Capital Works Public,Candlebrook Dr,V692,,,,,,0,229433,229433,0,0,0,0
2018,,177,Improvements Capital Works Public,Shadow Wood Dr from W Saner Ave to S,,,,,,,,,,,,,
2018,,177,Improvements Capital Works Public,Edgefield Ave,V701,,,,,,0,598261,598261,0,0,0,0
2018,,177,Improvements Capital Works Public,Shady Oak Ln From End Of Pavement To,,,,,,,,,,,,,
2018,,177,Improvements Capital Works Public,Timberview Rd,V647,,,,,,110000,110000,0,0,0,0,0
2018,,177,Improvements Capital Works Public,Shady Trl from Manana Dr to Andjon Dr,V946,,,,,,0,113670,0,113670,0,0,0
2018,,177,Improvements Capital Works Public,Shady Valley Dr from Royal Highlands Dr to,,,,,,,,,,,,,
2018,,177,Improvements Capital Works Public,Shady Valley Dr,V390,,,,,,0,103689,103689,0,0,0,0
2018,,177,Improvements Capital Works Public,Shady Valley Dr from Shady Valley Dr to,,,,,,,,,,,,,
2018,,177,Improvements Capital Works Public,Winding Ridge Dr,V540,,,,,,89695,89695,0,0,0,0,0
2018,,177,Improvements Capital Works Public,Sheila Ln from Timberline Dr to Hargrove Dr,V413,,,,,,243433,243433,0,0,0,0,0
2018,,177,Improvements Capital Works Public,Shelley Blvd from Coombs Creek Dr to S,,,,,,,,,,,,,
2018,,177,Improvements Capital Works Public,Westmoreland Rd,V374,,,,,,0,180075,180075,0,0,0,0
2018,,177,Improvements Capital Works Public,Shelley Blvd from Keats Dr to Dryden Dr,V544,,,,,,0,158260,158260,0,0,0,0
2018,,177,Improvements Capital Works Public,Sherry Ln from Douglas Ave to Preston Rd,V864,,,,,,0,230393,230393,0,0,0,0
2018,,177,Improvements Capital Works Public,Shiremont Dr from Talmadge Ln to End of,V373,,,,,,59373,59373,0,0,0,0,0
2018,,177,Improvements Capital Works Public,Pavement,,,,,,,,,,,,,
2018,,177,Improvements Capital Works Public,Silverdale Dr from Oceanview Dr to Seabeach,V519,,,,,,0,55738,55738,0,0,0,0
2018,,177,Improvements Capital Works Public,Rd,,,,,,,,,,,,,
2018,,177,Improvements Capital Works Public,Silverhill Dr from Baraboo Dr to A9958,V552,,,,,,85476,85476,0,0,0,0,0
2018,,177,Improvements Capital Works Public,Silverton Dr from Caraway Dr to Webb,V633,,,,,,0,315183,0,0,315183,0,0
2018,,177,Improvements Capital Works Public,Chapel Rd,,,,,,,,,,,,,
2018,,177,Improvements Capital Works Public,Sinclair Ave from Jupiter Rd to Gaston Pkwy,V746,,,,,,0,189165,0,0,189165,0,0
2018,,177,Improvements Capital Works Public,Sinclair Ave from Sunland St to Jupiter Rd,V681,,,,,,0,293745,0,0,293745,0,0
2018,,177,Improvements Capital Works Public,Skillman St from Gaston Ave to Swiss Ave,V354,,,,,,0,100156,100156,0,0,0,0
2018,,177,Improvements Capital Works Public,Skillman St from Richmond Ave to Llano Ave,V907,,,,,,0,654770,0,0,654770,0,0
2018,,177,Improvements Capital Works Public,Songwood Dr from Blue Moon Dr to Lazy,V548,,,,,,0,278345,278345,0,0,0,0
2018,,177,Improvements Capital Works Public,River Dr,,,,,,,,,,,,,
2018,,177,Improvements Capital Works Public,South Blvd from Malcolm X Blvd to Meadow,V698,,,,,,0,411600,0,411600,0,0,0
2018,,177,Improvements Capital Works Public,St,,,,,,,,,,,,,
2018,,177,Improvements Capital Works Public,South Ridge Dr from Sperry St to Wildbriar Ln,V450,,,,,,0,253683,253683,0,0,0,0
2018,,177,Improvements Capital Works Public,Southern Knoll Dr from Trails End Dr to,V570,,,,,,0,165360,165360,0,0,0,0
2018,,177,Improvements Capital Works Public,Golden Creek Rd,,,,,,,,,,,,,
2018,,178,Improvements Capital Works Public,Barbara Dr,V488,,,,,,0,113842,0,113842,0,0,0
2018,,178,Improvements Capital Works Public,Sperry St From Williamson Rd To Lyre Ln,V324,,,,,,74808,74808,0,0,0,0,0
2018,,178,Improvements Capital Works Public,Springhill Dr from Mercer Dr to Stanwood Dr,V832,,,,,,0,77004,0,0,0,77004,0
2018,,178,Improvements Capital Works Public,St Croix Dr from End of Pavement to,,,,,,,,,,,,,
2018,,178,Improvements Capital Works Public,Dartmoor Dr,V342,,,,,,0,312199,312199,0,0,0,0
2018,,178,Improvements Capital Works Public,St Francis Ave from Ferguson Rd to Hunnicut,,,,,,,,,,,,,
2018,,178,Improvements Capital Works Public,Rd,V752,,,,,,0,797990,797990,0,0,0,0
2018,,178,Improvements Capital Works Public,St Francis Ave from Ralph Ln to S Buckner,,,,,,,,,,,,,
2018,,178,Improvements Capital Works Public,Blvd,V783,,,,,,0,410468,410468,0,0,0,0
2018,,178,Improvements Capital Works Public,St Francis Ave from San Leandro Dr to,,,,,,,,,,,,,
2018,,178,Improvements Capital Works Public,Barbaree Blvd,V759,,,,,,0,117066,117066,0,0,0,0
2018,,178,Improvements Capital Works Public,Stagecoach Trl from Maxine Dr to Stagecoach,,,,,,,,,,,,,
2018,,178,Improvements Capital Works Public,Cir,V459,,,,,,0,53199,53199,0,0,0,0
2018,,178,Improvements Capital Works Public,Stagecoach Trl from McLarty Dr to Sebring Dr,V534,,,,,,0,51176,51176,0,0,0,0
2018,,178,Improvements Capital Works Public,State St from Routh St to Boll St,V789,,,,,,0,76215,0,0,76215,0,0
2018,,178,Improvements Capital Works Public,Stefani Dr from Hillcrest Rd to Boedeker St,V392,,,,,,0,446576,0,446576,0,0,0
2018,,178,Improvements Capital Works Public,Stella Ave from S Corinth St to Cedar Crest,,,,,,,,,,,,,
2018,,178,Improvements Capital Works Public,Blvd,V916,,,,,,0,257101,257101,0,0,0,0
2018,,178,Improvements Capital Works Public,Steuben Ct from Preston Trail Dr to Steuben,,,,,,,,,,,,,
2018,,178,Improvements Capital Works Public,Ct,V657,,,,,,0,167487,0,167487,0,0,0
2018,,178,Improvements Capital Works Public,Strathmore Dr from E Northwest Pkwy to,,,,,,,,,,,,,
2018,,178,Improvements Capital Works Public,Flicker Ln,V550,,,,,,152018,152018,0,0,0,0,0
2018,,178,Improvements Capital Works Public,Strathmore Dr from Flicker Ln to Kingspoint,,,,,,,,,,,,,
2018,,178,Improvements Capital Works Public,Dr,V606,,,,,,0,51622,51622,0,0,0,0
2018,,178,Improvements Capital Works Public,Summit Ave from Alta Ave to Sears St,V490,,,,,,0,72785,72785,0,0,0,0
2018,,178,Improvements Capital Works Public,Summit Ave from Rowena St to Alta Ave,V663,,,,,,0,166527,0,166527,0,0,0
2018,,178,Improvements Capital Works Public,Sunbriar Ave from Godfrey Ave to Sarah Lee,V514,,,,,,0,163165,163165,0,0,0,0
2018,,178,Improvements Capital Works Public,Dr,,,,,,,,,,,,,
2018,,178,Improvements Capital Works Public,Sundial Dr from Dennis Rd to Satsuma Dr,V385,,,,,,0,404637,404637,0,0,0,0
2018,,178,Improvements Capital Works Public,Sunny Crest Ln From E Red Bird Ln To,V474,,,,,,63700,63700,0,0,0,0,0
2018,,178,Improvements Capital Works Public,Woodburn Trl,,,,,,,,,,,,,
2018,,178,Improvements Capital Works Public,Sunnyvale St from Ann Arbor Ave to,V929,,,,,,0,301397,301397,0,0,0,0
2018,,178,Improvements Capital Works Public,Cummings St,,,,,,,,,,,,,
2018,,178,Improvements Capital Works Public,Sylvania Dr from Sinclair Ave to Vinemont St,V807,,,,,,0,180898,0,0,0,180898,0
2018,,178,Improvements Capital Works Public,Sylvester St from Vargas St to Knight St,V527,,,,,,0,126676,126676,0,0,0,0
2018,,178,Improvements Capital Works Public,Sylvia Dr from Crest Ridge Dr to Desdemona,V641,,,,,,0,124749,0,124749,0,0,0
2018,,178,Improvements Capital Works Public,Dr,,,,,,,,,,,,,
2018,,178,Improvements Capital Works Public,Syracuse Dr from Wake Forrest Dr to Wake,V804,,,,,,0,240512,0,0,0,240512,0
2018,,178,Improvements Capital Works Public,Forrest Dr,,,,,,,,,,,,,
2018,,178,Improvements Capital Works Public,Tabor Dr from Kenwhite Dr to Cosgrove Dr,V365,,,,,,0,141693,141693,0,0,0,0
2018,,178,Improvements Capital Works Public,Tara Ln from Edgeglen Dr to Uarda Dr,V722,,,,,,0,74637,74637,0,0,0,0
2018,,178,Improvements Capital Works Public,Terry St from S Haskell Ave to S Peak St,V811,,,,,,0,142345,0,0,142345,0,0
2018,,178,Improvements Capital Works Public,Timberline Dr from Community Dr to Kendale,V890,,,,,,0,107085,0,107085,0,0,0
2018,,178,Improvements Capital Works Public,Dr,,,,,,,,,,,,,
2018,,179,Improvements Capital Works Public,Tina Ln from Atha Dr to A4938,V563,,,,,,0,26685,26685,0,0,0,0
2018,,179,Improvements Capital Works Public,Tioga St from La Grange Dr to Bonnie View Rd,V874,,,,,,64175,64175,0,0,0,0,0
2018,,179,Improvements Capital Works Public,Tisinger Ave from Tascosa St to Ulloa Ln,V466,,,,,,0,52685,52685,0,0,0,0
2018,,179,Improvements Capital Works Public,Tobian St from Bellafonte Dr to Dandridge Dr,V452,,,,,,0,106399,106399,0,0,0,0
2018,,179,Improvements Capital Works Public,Trammel Dr from Bennington Dr to Clemson,,,,,,,,,,,,,
2018,,179,Improvements Capital Works Public,Dr,V841,,,,,,0,164228,0,0,0,164228,0
2018,,179,Improvements Capital Works Public,Trammel Dr from Clemson Dr to E Northwest,,,,,,,,,,,,,
2018,,179,Improvements Capital Works Public,hwy,V806,,,,,,0,216982,0,0,0,216982,0
2018,,179,Improvements Capital Works Public,Trammel Dr from Fisher Rd to Bennington Dr,V791,,,,,,0,421204,0,0,0,421204,0
2018,,179,Improvements Capital Works Public,Trio Ln from Wagon Wheels Trl to Caravan Trl,V448,,,,,,0,189027,189027,0,0,0,0
2018,,179,Improvements Capital Works Public,Tulip Ln from Camellia Dr to Thackery St,V573,,,,,,0,580150,0,580150,0,0,0
2018,,179,Improvements Capital Works Public,Turtle Creek Blvd from Turtle Creek Blvd to,,,,,,,,,,,,,
2018,,179,Improvements Capital Works Public,Turtle Creek Blvd,V848,,,,,,0,210739,210739,0,0,0,0
2018,,179,Improvements Capital Works Public,Tuscany Way from Sinclair Ave to Lippitt Ave,V818,,,,,,0,150337,0,0,0,150337,0
2018,,179,Improvements Capital Works Public,Utica Dr from Bruton Rd to Cordell Dr,V565,,,,,,0,171808,171808,0,0,0,0
2018,,179,Improvements Capital Works Public,Utica Dr from Cordell Dr to Jennie Lee Ln,V353,,,,,,142722,142722,0,0,0,0,0
2018,,179,Improvements Capital Works Public,Valencia St from Sevilla St to East Grand Ave,V709,,,,,,0,112504,0,0,112504,0,0
2018,,179,Improvements Capital Works Public,Valley View Ln from Valley View Ln to L B J,,,,,,,,,,,,,
2018,,179,Improvements Capital Works Public,Serv,V639,,,,,,0,86402,0,86402,0,0,0
2018,,179,Improvements Capital Works Public,Vandelia St from Prescott Ave to Hawthorne,,,,,,,,,,,,,
2018,,179,Improvements Capital Works Public,Ave,V601,,,,,,0,82080,0,82080,0,0,0
2018,,179,Improvements Capital Works Public,Velasco Ave from Abrams Rd to Pearson Dr,S571,,,,,,5987,5987,0,0,0,0,0
2018,,179,Improvements Capital Works Public,Viceroy Dr from King George Dr to Regal Row,V617,,,,,,0,273786,0,0,273786,0,0
2018,,179,Improvements Capital Works Public,Vickery Blvd from Laneri Ave to Glencoe St,V383,,,,,,0,129380,129380,0,0,0,0
2018,,179,Improvements Capital Works Public,Vinecrest Dr from Cox Ln to End of Pavement,V384,,,,,,0,231525,231525,0,0,0,0
2018,,179,Improvements Capital Works Public,Vinemont St from Forest Grove Dr to Easton,V761,,,,,,0,136994,0,0,136994,0,0
2018,,179,Improvements Capital Works Public,Rd,,,,,,,,,,,,,
2018,,179,Improvements Capital Works Public,W Amherst Ave from Huron Dr to Thurston,V332,,,,,,204040,204040,0,0,0,0,0
2018,,179,Improvements Capital Works Public,Dr,,,,,,,,,,,,,
2018,,179,Improvements Capital Works Public,W Bay Cir from W Lawther Dr to Branchfield,V786,,,,,,0,342520,0,0,342520,0,0
2018,,179,Improvements Capital Works Public,Dr,,,,,,,,,,,,,
2018,,179,Improvements Capital Works Public,W Clarendon from S Waverly Dr to S,V860,,,,,,0,403512,0,403512,0,0,0
2018,,179,Improvements Capital Works Public,Edgefield Ave,,,,,,,,,,,,,
2018,,179,Improvements Capital Works Public,W Colorado Blvd from Leander Dr to N,V489,,,,,,0,281260,281260,0,0,0,0
2018,,179,Improvements Capital Works Public,Hampton Rd,,,,,,,,,,,,,
2018,,179,Improvements Capital Works Public,W Commerce St from N Hampton Rd to Postal,V932,,,,,,0,639078,0,639078,0,0,0
2018,,179,Improvements Capital Works Public,Way,,,,,,,,,,,,,
2018,,179,Improvements Capital Works Public,W Greenbriar Ln from Stemmons Ave to N,V788,,,,,,296974,296974,0,0,0,0,0
2018,,179,Improvements Capital Works Public,Beckley Ave,,,,,,,,,,,,,
2018,,179,Improvements Capital Works Public,W Grover C Washington Ave from Orial Ave,V821,,,,,,0,92713,92713,0,0,0,0
2018,,179,Improvements Capital Works Public,to Toluca Ave,,,,,,,,,,,,,
2018,,180,Improvements Capital Works Public,Dr,V940,,,,,,0,317995,317995,0,0,0,0
2018,,180,Improvements Capital Works Public,W Mockingbird Ln from N Stemmons Serv E to,,,,,,,,,,,,,
2018,,180,Improvements Capital Works Public,Brookriver Dr,V868,,,,,,314098,314098,0,0,0,0,0
2018,,180,Improvements Capital Works Public,W Mockingbird Ln from W John Carpenter,,,,,,,,,,,,,
2018,,180,Improvements Capital Works Public,Fwy to N Stemmons Serv E,V887,,,,,,0,406695,0,406695,0,0,0
2018,,180,Improvements Capital Works Public,W Pentagon Pkwy from Spruce Valley Ln to,,,,,,,,,,,,,
2018,,180,Improvements Capital Works Public,Coombs Creek Dr,V577,,,,,,259445,259445,0,0,0,0,0
2018,,180,Improvements Capital Works Public,W University Blvd from Inwood Rd to Eastern,,,,,,,,,,,,,
2018,,180,Improvements Capital Works Public,Ave,V935,,,,,,0,429539,0,0,0,429539,0
2018,,180,Improvements Capital Works Public,W University Blvd from Robin Rd to Inwood,,,,,,,,,,,,,
2018,,180,Improvements Capital Works Public,Rd,V938,,,,,,0,103472,0,0,103472,0,0
2018,,180,Improvements Capital Works Public,Wake Forrest Dr from Lehigh Dr to Trammel,,,,,,,,,,,,,
2018,,180,Improvements Capital Works Public,Dr,V670,,,,,,0,52513,0,0,52513,0,0
2018,,180,Improvements Capital Works Public,Waldorf Dr from Cromwell Dr to Lathrop Dr,V491,,,,,,0,252174,0,252174,0,0,0
2018,,180,Improvements Capital Works Public,WALMSLEY AVE FROM MONTCLAIR AVE,,,,,,,,,,,,,
2018,,180,Improvements Capital Works Public,TO WILLOMET AVE,S572,,,,,,221649,221649,0,0,0,0,0
2018,,180,Improvements Capital Works Public,Walnut Hill From Marsh To Midway,,,,,,,,,,,,,
2018,,180,Improvements Capital Works Public,Resurfacing Project,V980,,,,,,2200000,2200000,0,0,0,0,0
2018,,180,Improvements Capital Works Public,Walnut Hill Ln from Chireno St to Marsh Ln,V871,,,,,,0,414501,414501,0,0,0,0
2018,,180,Improvements Capital Works Public,Walnut Hill Ln from Midway Rd to Crestline,,,,,,,,,,,,,
2018,,180,Improvements Capital Works Public,Ave,V945,,,,,,0,441863,441863,0,0,0,0
2018,,180,Improvements Capital Works Public,Walnut Hill Ln from Thackery St to Hillcrest,,,,,,,,,,,,,
2018,,180,Improvements Capital Works Public,Rd,V927,,,,,,0,470356,470356,0,0,0,0
2018,,180,Improvements Capital Works Public,Waterview Rd from Bondstone Dr to Classen,,,,,,,,,,,,,
2018,,180,Improvements Capital Works Public,Dr,V704,,,,,,0,56081,0,0,56081,0,0
2018,,180,Improvements Capital Works Public,Webb Chapel Ext from Hargrove Dr to Larga,,,,,,,,,,,,,
2018,,180,Improvements Capital Works Public,Dr,V538,,,,,,0,176183,176183,0,0,0,0
2018,,180,Improvements Capital Works Public,Webb Chapel Ext from Larga Dr to Webb,,,,,,,,,,,,,
2018,,180,Improvements Capital Works Public,Chapel Rd,V920,,,,,,0,484899,0,484899,0,0,0
2018,,180,Improvements Capital Works Public,Webb Chapel Rd from Forest Ln to LBJ,,,,,,,,,,,,,
2018,,180,Improvements Capital Works Public,Service S,V936,,,,,,0,390163,0,390163,0,0,0
2018,,180,Improvements Capital Works Public,Weeburn Dr from Marsh Ln to Cox Ln,V694,,,,,,0,370028,0,0,370028,0,0
2018,,180,Improvements Capital Works Public,Westlake Ave from Velasco Ave to Wendover,V341,,,,,,82937,82937,0,0,0,0,0
2018,,180,Improvements Capital Works Public,Rd,,,,,,,,,,,,,
2018,,180,Improvements Capital Works Public,Westover Dr from Arborside Dr to Ridgemar,V371,,,,,,0,156923,156923,0,0,0,0
2018,,180,Improvements Capital Works Public,Dr,,,,,,,,,,,,,
2018,,180,Improvements Capital Works Public,Whittier Ave from San Benito Way to San,V767,,,,,,0,80228,0,0,80228,0,0
2018,,180,Improvements Capital Works Public,Leandro Dr,,,,,,,,,,,,,
2018,,180,Improvements Capital Works Public,Whittier Ave from Santa Clara Dr to San,V630,,,,,,0,142379,0,0,142379,0,0
2018,,180,Improvements Capital Works Public,Benito Way,,,,,,,,,,,,,
2018,,180,Improvements Capital Works Public,Wickersham Rd from McCree Rd to Wallbrook,V495,,,,,,76249,76249,0,0,0,0,0
2018,,180,Improvements Capital Works Public,Dr,,,,,,,,,,,,,
2018,,180,Improvements Capital Works Public,Wightman Pl from Baseline Dr to Chimney Hill,V351,,,,,,0,52033,52033,0,0,0,0
2018,,180,Improvements Capital Works Public,Ln,,,,,,,,,,,,,
2018,,180,Improvements Capital Works Public,Wild Honey Dr From Tioga St To A11316,V428,,,,,,27028,27028,0,0,0,0,0
2018,,180,Improvements Capital Works Public,Willis Ave from Worcola St to Greenville Ave,V394,,,,,,0,85476,0,85476,0,0,0
2018,,180,Improvements Capital Works Public,Willis Avenue from Northbound Service Road,W248,,,,,,50252,50252,0,0,0,0,0
2018,,180,Improvements Capital Works Public,of I.H. 75 to Hen,,,,,,,,,,,,,
2018,,180,Improvements Capital Works Public,Willowdell Dr from Caulan Dr to Towns St,V699,,,,,,0,388688,0,388688,0,0,0
2018,,180,Improvements Capital Works Public,Winding Ridge from 9800 Winding Ridge Dr,V665,,,,,,0,85750,0,85750,0,0,0
2018,,180,Improvements Capital Works Public,to Church Rd,,,,,,,,,,,,,
2018,,181,Improvements Capital Works Public,Dr,V387,,,,,,0,136742,136742,0,0,0,0
2018,,181,Improvements Capital Works Public,Winsted Dr from Lakeforest Ct to Pasadena Pl,V588,,,,,,0,107256,0,0,107256,0,0
2018,,181,Improvements Capital Works Public,Winsted Dr from Lakewood Blvd to Westlake,,,,,,,,,,,,,
2018,,181,Improvements Capital Works Public,Ave,V719,,,,,,0,66714,0,0,66714,0,0
2018,,181,Improvements Capital Works Public,Winsted Dr from Pasadena Pl to White Rock,,,,,,,,,,,,,
2018,,181,Improvements Capital Works Public,Rd,V635,,,,,,0,51515,0,0,51515,0,0
2018,,181,Improvements Capital Works Public,Winsted Dr from Westlake Ave to Meadow,,,,,,,,,,,,,
2018,,181,Improvements Capital Works Public,Lake Ave,V753,,,,,,0,63009,0,0,63009,0,0
2018,,181,Improvements Capital Works Public,Winsted Dr from White Rock Rd to Tokalon,,,,,,,,,,,,,
2018,,181,Improvements Capital Works Public,Dr,V362,,,,,,273783,273783,0,0,0,0,0
2018,,181,Improvements Capital Works Public,Winters St from S Ewing St to Harlandale Ave,V678,,,,,,0,61466,61466,0,0,0,0
2018,,181,Improvements Capital Works Public,Woodbrook Dr from Ashcroft Ave to,,,,,,,,,,,,,
2018,,181,Improvements Capital Works Public,Stillwater Dr,V593,,,,,,73642,73642,0,0,0,0,0
2018,,181,Improvements Capital Works Public,Woodleigh Dr from Timber Trail Dr to Marsh,,,,,,,,,,,,,
2018,,181,Improvements Capital Works Public,Ln,V346,,,,,,0,237287,237287,0,0,0,0
2018,,181,Improvements Capital Works Public,Woodmont Dr from Elam Rd to Lucy St,V340,,,,,,286611,286611,0,0,0,0,0
2018,,181,Improvements Capital Works Public,Woodshire Dr from Kirnwood Dr to Cleardale,,,,,,,,,,,,,
2018,,181,Improvements Capital Works Public,Dr,V762,,,,,,0,233583,0,233583,0,0,0
2018,,181,Improvements Capital Works Public,Woodspan Dr from Emberwood Dr to,,,,,,,,,,,,,
2018,,181,Improvements Capital Works Public,Fairwood Dr,V509,,,,,,53199,53199,0,0,0,0,0
2018,,181,Improvements Capital Works Public,Woodthrush Dr from Boedeker St to Stone,,,,,,,,,,,,,
2018,,181,Improvements Capital Works Public,Canyon Rd,V352,,,,,,141007,141007,0,0,0,0,0
2018,,181,Improvements Capital Works Public,Worth St from N Haskell Ave to N Peak St,V599,,,,,,0,161210,0,161210,0,0,0
2018,,181,Improvements Capital Works Public,Wyatt St from Maplegrove Ln to Wyatt Cir,V624,,,,,,0,53199,0,53199,0,0,0
2018,,181,Improvements Capital Works Public,Wycliff Ave from Holland Ave to Gilbert Ave,V867,,,,,,0,77175,77175,0,0,0,0
2018,,181,Improvements Capital Works Public,Yellowstone Rd from Sleepy Hollow Dr to,,,,,,,,,,,,,
2018,,181,Improvements Capital Works Public,Record Crossing Rd,V487,,,,,,0,101014,101014,0,0,0,0
2018,,181,Improvements Capital Works Public,Yorkmont Cir from End of Pavement to,V510,,,,,,157231,157231,0,0,0,0,0
2018,,181,Improvements Capital Works Public,Evangeline Way,,,,,,,,,,,,,
2018,,181,Improvements Capital Works Public,Yorksprings Dr from Meadowspring Ln to,V695,,,,,,0,117718,0,0,117718,0,0
2018,,181,Improvements Capital Works Public,Yorksprings Pl,,,,,,,,,,,,,
2018,,181,Improvements Capital Works Public,Yorksprings Dr from Valley Spring Dr to,V717,,,,,,0,199317,0,0,199317,0,0
2018,,181,Improvements Capital Works Public,Meadowspring Ln,,,,,,,,,,,,,
2018,,181,Improvements Capital Works Public,Streetscape / Urban Design,,,,,,,,,,,,,
2018,,181,Improvements Capital Works Public,Bishop from 10th St to Jefferson Blvd,V984,,,,,,0,1590767,0,1590767,0,0,0
2018,,181,Improvements Capital Works Public,Casa View Street Improvements,V985,,,,,,113390,6296338,0,512948,0,5670000,0
2018,,181,Improvements Capital Works Public,Colorado Blvd./Beckley Av. Area Sidewalk,,,,,,,58619,58619,0,0,0,0,0
2018,,181,Improvements Capital Works Public,Enhancement,,,,,,,,,,,,,
2018,,181,Improvements Capital Works Public,Colorado Blvd./Beckley Av. Area Sidewalk,,,,,,,351802,351802,0,0,0,0,0
2018,,181,Improvements Capital Works Public,Enhancement,,,,,,,,,,,,,
2018,,181,Improvements Capital Works Public,Colorado Blvdbeckley Av Area Sidewalk,,,,,,,12379,12379,0,0,0,0,0
2018,,181,Improvements Capital Works Public,Enhancement,,,,,,,,,,,,,
2018,,181,Improvements Capital Works Public,Commerce from Good-Latimer to Hall,U733,,,,,,1831,1831,0,0,0,0,0
2018,,182,Improvements Capital Works Public,Ferguson Rd And Lakeland Dr Intersection,,,,,,,,,,,,,
2018,,182,Improvements Capital Works Public,Improvements,V986,,,,,,74564,749564,0,0,0,675000,0
2018,,182,Improvements Capital Works Public,Ferguson Rd From Oates Dr To Lakeland Dr,V987,,,,,,51822,520947,0,0,0,469125,0
2018,,182,Improvements Capital Works Public,Greater Casa View Area Streetscape,,,,,,,,,,,,,
2018,,182,Improvements Capital Works Public,Improvements,W053,,,,,,293653,293653,0,0,0,0,0
2018,,182,Improvements Capital Works Public,Griffin from IH30 to Main,U738,,,,,,203328,203328,0,0,0,0,0
2018,,182,Improvements Capital Works Public,Jefferson Blvd From Adams Ave To Polk St,V988,,,,,,100000,1000000,0,0,900000,0,0
2018,,182,Improvements Capital Works Public,Jefferson Complete Street Project - LED,,,,,,,,,,,,,
2018,,182,Improvements Capital Works Public,Median Street Lights,,,,,,,50000,50000,0,0,0,0,0
2018,,182,Improvements Capital Works Public,Lamar Streetscape Project,W045,,,,,,1675000,1675000,0,0,0,0,0
2018,,182,Improvements Capital Works Public,Military Parkway from Elva Ave to Rockbluff,,,,,,,,,,,,,
2018,,182,Improvements Capital Works Public,Dr (Complete Street),V989,,,,,,0,2000000,0,200000,0,1800000,0
2018,,182,Improvements Capital Works Public,N Pearl St / Flora St Streetscape And,V982,,,,,,0,1000000,0,0,0,1000000,0
2018,,182,Improvements Capital Works Public,Pedestrian Improvements,,,,,,,,,,,,,
2018,,182,Improvements Capital Works Public,Pedestrian Way On Elm St Between Ervay -,U748,,,,,,157772,157772,0,0,0,0,0
2018,,182,Improvements Capital Works Public,Stone St,,,,,,,,,,,,,
2018,,182,Improvements Capital Works Public,Routh St Gateway Streetscape And Pedestrian,V983,,,,,,0,250000,0,0,0,250000,0
2018,,182,Improvements Capital Works Public,Improvements,,,,,,,,,,,,,
2018,,182,Improvements Capital Works Public,Royal Lane - Denton,U750,,,,,,500000,500000,0,0,0,0,0
2018,,182,Improvements Capital Works Public,"West End Plaza, Streetscape/Urban Design",U757,,,,,,2835000,2835000,0,0,0,0,0
2018,,183,Improvements Capital Works Public,Target Neighborhood,,,,,,,,,,,,,
2018,,183,Improvements Capital Works Public,12th St From Upton To 200 Ft East Of Upton,V992,,,,,,34558,347401,0,312843,0,0,0
2018,,183,Improvements Capital Works Public,17604-17630 Davenport Alley Construction,VA05,,,,,,49767,500288,0,450521,0,0,0
2018,,183,Improvements Capital Works Public,5701-5745 Palo Pinto Ave - 5702-5746,,,,,,,,,,,,,
2018,,183,Improvements Capital Works Public,Velasco Ave [Alley Imp],VA06,,,,,,21025,211361,0,0,190336,0,0
2018,,183,Improvements Capital Works Public,7704-78400 Carbondale St - 7703-7835,,,,,,,,,,,,,
2018,,183,Improvements Capital Works Public,Brownville [Alley Imp],VA01,,,,,,35021,352056,0,317035,0,0,0
2018,,183,Improvements Capital Works Public,Alley Imp Between 8Th St - Church From IH,,,,,,,,,,,,,
2018,,183,Improvements Capital Works Public,35E To N Cliff,V993,,,,,,23514,236377,0,212863,0,0,0
2018,,183,Improvements Capital Works Public,Alley Imp Between Ewing Ave - Upton From,,,,,,,,,,,,,
2018,,183,Improvements Capital Works Public,Viola To Clarendon,V994,,,,,,17504,175958,0,158454,0,0,0
2018,,183,Improvements Capital Works Public,Burma From Kiska St To Saipan St,VA02,,,,,,63694,640290,0,576596,0,0,0
2018,,183,Improvements Capital Works Public,Burma Rd From Carbondale St To Kiska St,VA04,,,,,,76257,766584,0,690327,0,0,0
2018,,183,Improvements Capital Works Public,Fellows Ln From Saipan St To End Of,,,,,,,,,,,,,
2018,,183,Improvements Capital Works Public,Pavement,VA03,,,,,,56000,562940,0,506940,0,0,0
2018,,183,Improvements Capital Works Public,Gooch St From S Lancaster Rd To Tracy Rd,,,,,,,,,,,,,
2018,,183,Improvements Capital Works Public,Block,,,,,,,188243,188243,0,0,0,0,0
2018,,183,Improvements Capital Works Public,Gooch St From S Lancaster Rd To Tracy Rd,,,,,,,,,,,,,
2018,,183,Improvements Capital Works Public,Block,,,,,,,1100720,1100720,0,0,0,0,0
2018,,183,Improvements Capital Works Public,Hendricks From Denley To Moore,,,,,,,90665,90665,0,0,0,0,0
2018,,183,Improvements Capital Works Public,Hendricks From Denley To Moore,,,,,,,213412,213412,0,0,0,0,0
2018,,183,Improvements Capital Works Public,Hendricks From Denley To Moore,,,,,,,254939,254939,0,0,0,0,0
2018,,183,Improvements Capital Works Public,Holly Hill From Phoenix To Pineland,,,,,,,123330,123330,0,0,0,0,0
2018,,183,Improvements Capital Works Public,Holly Hill From Phoenix To Pineland,,,,,,,728620,728620,0,0,0,0,0
2018,,183,Improvements Capital Works Public,Holly Hill From Phoenix To Pineland,,,,,,,5250,5250,0,0,0,0,0
2018,,183,Improvements Capital Works Public,Hughes Lane From Churchill Way To,,,,,,,117158,117158,0,0,0,0,0
2018,,183,Improvements Capital Works Public,Lafayette Way,,,,,,,,,,,,,
2018,,183,Improvements Capital Works Public,Hughes Lane From Churchill Way To,,,,,,,692155,692155,0,0,0,0,0
2018,,183,Improvements Capital Works Public,Lafayette Way,,,,,,,,,,,,,
2018,,183,Improvements Capital Works Public,Hughes Lane From Churchill Way To,,,,,,,4988,4988,0,0,0,0,0
2018,,183,Improvements Capital Works Public,Lafayette Way,,,,,,,,,,,,,
2018,,183,Improvements Capital Works Public,Jefferson-Twelfth Connector Lane Diet-,V990,,,,,,198838,1998838,0,0,0,1800000,0
2018,,183,Improvements Capital Works Public,Removal,,,,,,,,,,,,,
2018,,183,Improvements Capital Works Public,N Arcadia Dr From S Ira Ave S Tillery Ave,V998,,,,,,92836,928356,0,0,835520,0,0
2018,,183,Improvements Capital Works Public,N Ira Ave From N Arcadia Dr To W Jefferson,V999,,,,,,65148,651477,0,0,586329,0,0
2018,,183,Improvements Capital Works Public,Blvd,,,,,,,,,,,,,
2018,,183,Improvements Capital Works Public,North Boulevard Terrace Extension-Bridget,V991,,,,,,68853,2142562,0,244334,0,1829375,0
2018,,183,Improvements Capital Works Public,To Plymouth,,,,,,,,,,,,,
2018,,183,Improvements Capital Works Public,Phoenix From Fair Oaks To Holly Hill,,,,,,,123330,123330,0,0,0,0,0
2018,,183,Improvements Capital Works Public,Phoenix From Fair Oaks To Holly Hill,,,,,,,728620,728620,0,0,0,0,0
2018,,183,Improvements Capital Works Public,Phoenix From Fair Oaks To Holly Hill,,,,,,,5250,5250,0,0,0,0,0
2018,,183,Improvements Capital Works Public,Rosemont Rd From Buckner To Hillburn,V996,,,,,,152220,1522200,0,0,1369980,0,0
2018,,184,Improvements Capital Works Public,Rosemont Rd From Hillburn To Jim Miller,V997,,,,,,107225,3268506,219626,0,2941655,0,0
2018,,184,Improvements Capital Works Public,Upton St From I-35 E To 12Th St,V995,,,,,,56361,566579,0,510218,0,0,0
2018,,184,Improvements Capital Works Public,Westshore - Santa Fe Tr - Alley N Of,,,,,,,,,,,,,
2018,,184,Improvements Capital Works Public,Coronado [Rw-Dng - Sw],VA07,,,,,,91341,918216,0,0,826875,0,0
2018,,184,Improvements Capital Works Public,Yancy S From Carbondale St To Saipan St,,,,,,,426550,426550,0,0,0,0,0
2018,,184,Improvements Capital Works Public,Thoroughfares,,,,,,,,,,,,,
2018,,184,Improvements Capital Works Public,Abrams Rd from Gaston Ave to S Beacon St,VA14,,,,,,0,3750000,0,375000,0,3375000,0
2018,,184,Improvements Capital Works Public,Belleview from Akard to Ervay,U773,,,,,,303951,303951,0,0,0,0,0
2018,,184,Improvements Capital Works Public,Belleview from Akard to Ervay,,,,,,,148875,148875,0,0,0,0,0
2018,,184,Improvements Capital Works Public,Camp Wisdom Rd from FM 1382 to Mountain,,,,,,,,,,,,,
2018,,184,Improvements Capital Works Public,Creek Pkwy,VA13,,,,,,0,5741344,574134,143534,143534,4880142,0
2018,,184,Improvements Capital Works Public,Canada Drive From Westmoreland To,,,,,,,,,,,,,
2018,,184,Improvements Capital Works Public,Hampton,VA08,,,,,,49486,7422679,0,7373193,0,0,0
2018,,184,Improvements Capital Works Public,CBD Fair Park Link From Main to IH30,,,,,,,,,,,,,
2018,,184,Improvements Capital Works Public,(Design And ROW),VA11,,,,,,0,1500000,1500000,0,0,0,0
2018,,184,Improvements Capital Works Public,Central Boulevard - Commerce to Live Oak,U779,,,,,,57695,57695,0,0,0,0,0
2018,,184,Improvements Capital Works Public,Central Boulevard - Commerce to Live Oak,,,,,,,3650852,3650852,0,0,0,0,0
2018,,184,Improvements Capital Works Public,Central Boulevard - Commerce to Live Oak,,,,,,,9671,9671,0,0,0,0,0
2018,,184,Improvements Capital Works Public,Central Boulevard - Commerce to Live Oak,,,,,,,1086471,1086471,0,0,0,0,0
2018,,184,Improvements Capital Works Public,Central Boulevard - Commerce to Live Oak,,,,,,,2015,2015,0,0,0,0,0
2018,,184,Improvements Capital Works Public,Central Boulevard - Commerce to Live Oak,,,,,,,239014,239014,0,0,0,0,0
2018,,184,Improvements Capital Works Public,Central Boulevard - Commerce to Live Oak,,,,,,,124802,124802,0,0,0,0,0
2018,,184,Improvements Capital Works Public,Central Boulevard - Commerce to Live Oak,,,,,,,6419246,6419246,0,0,0,0,0
2018,,184,Improvements Capital Works Public,Central Boulevard - Commerce to Live Oak,,,,,,,2725440,2725440,0,0,0,0,0
2018,,184,Improvements Capital Works Public,Chalk Hill Rd - Davis St to 800 south of IH-30,U781,,,,,,223314,223314,0,0,0,0,0
2018,,184,Improvements Capital Works Public,Chalk Hill Rd - Davis St to 800 south of IH-31,,,,,,,63208,63208,0,0,0,0,0
2018,,184,Improvements Capital Works Public,Chalk Hill Rd - Davis St to 800 south of IH-32,,,,,,,5499690,5499690,0,0,0,0,0
2018,,184,Improvements Capital Works Public,Chalk Hill Rd - Davis St to 800 south of IH-33,,,,,,,679337,679337,0,0,0,0,0
2018,,184,Improvements Capital Works Public,Chalk Hill Rd - Davis St to 800 south of IH-34,,,,,,,3267452,3267452,0,0,0,0,0
2018,,184,Improvements Capital Works Public,Chalk Hill - I 30 EB frontage road to Singleton,U780,,,,,,1867223,1867223,0,0,0,0,0
2018,,184,Improvements Capital Works Public,Chalk Hill - I 30 EB frontage road to Singleton,,,,,,,3731,3731,0,0,0,0,0
2018,,185,Improvements Capital Works Public,Chalk Hill - I 30 EB frontage road to Singleton,,,,,,,967907,967907,0,0,0,0,0
2018,,185,Improvements Capital Works Public,Cheyenne From Big Thicket To Elam,VA18,,,,,,247501,4497501,0,200000,0,4050000,0
2018,,185,Improvements Capital Works Public,Cheyenne From Lake June To Big Thicket,,,,,,,,,,,,,
2018,,185,Improvements Capital Works Public,Phase I,VA17,,,,,,245989,7096989,0,200000,0,6651000,0
2018,,185,Improvements Capital Works Public,Cole From Harvard To Lee,,,,,,,59611,59611,0,0,0,0,0
2018,,185,Improvements Capital Works Public,Cole From Harvard To Lee,,,,,,,641293,641293,0,0,0,0,0
2018,,185,Improvements Capital Works Public,Commerce Street From Good Latimer To,,,,,,,,,,,,,
2018,,185,Improvements Capital Works Public,Exposition,VA16,,,,,,31038,9694362,0,933324,5126647,3603353,0
2018,,185,Improvements Capital Works Public,Community - Harry Hines To N.W. Hwy.,,,,,,,632467,632467,0,0,0,0,0
2018,,185,Improvements Capital Works Public,Continental - Industrial to IH 35E,U783,,,,,,30520,30520,0,0,0,0,0
2018,,185,Improvements Capital Works Public,Continental - Industrial to IH 35E,,,,,,,5032480,5032480,0,0,0,0,0
2018,,185,Improvements Capital Works Public,Continental - Industrial to IH 35E,,,,,,,142201,142201,0,0,0,0,0
2018,,185,Improvements Capital Works Public,Continental - Industrial to IH 35E,,,,,,,6241,6241,0,0,0,0,0
2018,,185,Improvements Capital Works Public,Continental - Industrial to IH 35E,,,,,,,547811,547811,0,0,0,0,0
2018,,185,Improvements Capital Works Public,Crouch Rd From Old Ox Rd To S Lancaster Rd,VA19,,,,,,83805,4157516,0,537869,0,3535842,0
2018,,185,Improvements Capital Works Public,Edd Rd From Seagoville To Garden Grove,,,,,,,,,,,,,
2018,,185,Improvements Capital Works Public,(Design and ROW only),VA20,,,,,,0,750000,0,750000,0,0,0
2018,,185,Improvements Capital Works Public,Ewing Ave. From I35 E To Clarendon,VA15,,,,,,596687,5996687,0,300000,0,5100000,0
2018,,185,Improvements Capital Works Public,Fort Worth Ave From Sylvan To West,,,,,,,,,,,,,
2018,,185,Improvements Capital Works Public,Commerce,,,,,,,2000000,2000000,0,0,0,0,0
2018,,185,Improvements Capital Works Public,Fort Worth Ave From Sylvan To West,,,,,,,,,,,,,
2018,,185,Improvements Capital Works Public,Commerce,,,,,,,1178599,1178599,0,0,0,0,0
2018,,185,Improvements Capital Works Public,Fort Worth Ave From Sylvan To West,,,,,,,297750,297750,0,0,0,0,0
2018,,185,Improvements Capital Works Public,Commerce,,,,,,,,,,,,,
2018,,185,Improvements Capital Works Public,Goodnight - Joe Field to Royal,U788,,,,,,1386,1386,0,0,0,0,0
2018,,185,Improvements Capital Works Public,Goodnight - Joe Field to Royal,,,,,,,975885,975885,0,0,0,0,0
2018,,185,Improvements Capital Works Public,Goodnight - Joe Field to Royal,,,,,,,716989,716989,0,0,0,0,0
2018,,185,Improvements Capital Works Public,Goodnight - Joe Field to Royal,,,,,,,342964,342964,0,0,0,0,0
2018,,185,Improvements Capital Works Public,Goodnight - Royal to North of Harcourt,U787,,,,,,11409,11409,0,0,0,0,0
2018,,185,Improvements Capital Works Public,Goodnight - Royal to North of Harcourt,,,,,,,635582,635582,0,0,0,0,0
2018,,185,Improvements Capital Works Public,Goodnight - Royal to North of Harcourt,,,,,,,2304352,2304352,0,0,0,0,0
2018,,185,Improvements Capital Works Public,Goodnight - Royal to North of Harcourt,,,,,,,5992,5992,0,0,0,0,0
2018,,185,Improvements Capital Works Public,Goodnight - Royal to North of Harcourt,,,,,,,546816,546816,0,0,0,0,0
2018,,185,Improvements Capital Works Public,Highland Rd From Ferguson To N. Of Entrance,,,,,,,783357,783357,0,0,0,0,0
2018,,185,Improvements Capital Works Public,To Primrose,,,,,,,,,,,,,
2018,,185,Improvements Capital Works Public,Highland Rd From Ferguson To N. Of Entrance,,,,,,,222228,222228,0,0,0,0,0
2018,,185,Improvements Capital Works Public,To Primrose,,,,,,,,,,,,,
2018,,186,Improvements Capital Works Public,To Primrose,,,,,,,1013045,1013045,0,0,0,0,0
2018,,186,Improvements Capital Works Public,Lamar (S) From IH 45 To Hatcher,,,,,,,9320993,9320993,0,0,0,0,0
2018,,186,Improvements Capital Works Public,Lamar (S) From Ih 45 To Hatcher,,,,,,,42656,42656,0,0,0,0,0
2018,,186,Improvements Capital Works Public,Live Oak -Olive to Central Boulevard,U791,,,,,,403968,403968,0,0,0,0,0
2018,,186,Improvements Capital Works Public,Live Oak -Olive to Central Boulevard,,,,,,,72636,72636,0,0,0,0,0
2018,,186,Improvements Capital Works Public,Pearl -Commerce to Live Oak,U798,,,,,,789568,789568,0,0,0,0,0
2018,,186,Improvements Capital Works Public,Pearl -Commerce to Live Oak,,,,,,,157426,157426,0,0,0,0,0
2018,,186,Improvements Capital Works Public,Pearl -Commerce to Live Oak,,,,,,,725070,725070,0,0,0,0,0
2018,,186,Improvements Capital Works Public,Pearl -Commerce to Live Oak,,,,,,,1167284,1167284,0,0,0,0,0
2018,,186,Improvements Capital Works Public,Pearl -Commerce to Live Oak,,,,,,,236964,236964,0,0,0,0,0
2018,,186,Improvements Capital Works Public,Pemberton Hill from Great Trinity Forest to,,,,,,,,,,,,,
2018,,186,Improvements Capital Works Public,Lake June,VA10,,,,,,0,13980000,0,1200000,604920,12175080,0
2018,,186,Improvements Capital Works Public,Red Bird Area Street Improvements,,,,,,,20313,20313,0,0,0,0,0
2018,,186,Improvements Capital Works Public,Red Bird Area Street Improvements,,,,,,,244518,244518,0,0,0,0,0
2018,,186,Improvements Capital Works Public,Red Bird Area Street Improvements,,,,,,,2100,2100,0,0,0,0,0
2018,,186,Improvements Capital Works Public,Red Bird Area Street Improvements,,,,,,,580859,580859,0,0,0,0,0
2018,,186,Improvements Capital Works Public,Red Bird Area Street Improvements,,,,,,,1140010,1140010,0,0,0,0,0
2018,,186,Improvements Capital Works Public,Sylvan Ave Phase Ii [Funding For the,,,,,,,,,,,,,
2018,,186,Improvements Capital Works Public,Pedestrian Lightings],VA09,,,,,,6522,248547,0,242025,0,0,0
2018,,186,Improvements Capital Works Public,Sylvan -West Commerce to Singleton,U802,,,,,,25000,25000,0,0,0,0,0
2018,,186,Improvements Capital Works Public,Sylvan -West Commerce to Singleton,,,,,,,475579,475579,0,0,0,0,0
2018,,186,Improvements Capital Works Public,Sylvan -West Commerce to Singleton,,,,,,,144649,144649,0,0,0,0,0
2018,,186,Improvements Capital Works Public,Sylvan -West Commerce to Singleton,,,,,,,5232,5232,0,0,0,0,0
2018,,186,Improvements Capital Works Public,Sylvan -West Commerce to Singleton,,,,,,,286,286,0,0,0,0,0
2018,,186,Improvements Capital Works Public,Wheatland - Lancaster CL to Lancaster Rd,U803,,,,,,84444,84444,0,0,0,0,0
2018,,186,Improvements Capital Works Public,Plaza,,,,,,,,,,,,,
2018,,186,Improvements Capital Works Public,Wheatland - Lancaster CL to Lancaster Rd,,,,,,,186712,186712,0,0,0,0,0
2018,,186,Improvements Capital Works Public,Plaza,,,,,,,,,,,,,
2018,,186,Improvements Capital Works Public,Wheatland - Lancaster CL to Lancaster Rd,,,,,,,117695,117695,0,0,0,0,0
2018,,186,Improvements Capital Works Public,Plaza,,,,,,,,,,,,,
2018,,186,Improvements Capital Works Public,Wheatland - Lancaster CL to Lancaster Rd,,,,,,,102208,102208,0,0,0,0,0
2018,,186,Improvements Capital Works Public,Plaza,,,,,,,,,,,,,
2018,,186,Improvements Capital Works Public,Wheatland - Lancaster CL to Lancaster Rd,,,,,,,470713,470713,0,0,0,0,0
2018,,186,Improvements Capital Works Public,Plaza,,,,,,,,,,,,,
2018,,187,Improvements Capital Works Public,Improvement,,,,,,,,,,,,,
2018,,187,Improvements Capital Works Public,Polk/Tyler Roundabouts,,,,,,,444694,444694,0,0,0,0,0
2018,,187,Improvements Capital Works Public,Polktyler Roundabouts,,,,,,,2279425,2279425,0,0,0,0,0
2018,,187,Improvements Capital Works Public,Improvement,,,,,,,2724119,2724119,0,0,0,0,0
2018,,187,Improvements Capital Works Public,Traffic Signal Upgrades,,,,,,,,,,,,,
2018,,187,Improvements Capital Works Public,Central Signal Computer,,,,,,,2327583,2327583,0,0,0,0,0
2018,,187,Improvements Capital Works Public,Central Signal Computer,,,,,,,200000,200000,0,0,0,0,0
2018,,187,Improvements Capital Works Public,Central Signal Computer,,,,,,,469027,469027,0,0,0,0,0
2018,,187,Improvements Capital Works Public,Central Signal Computer,,,,,,,2075038,2075038,0,0,0,0,0
2018,,187,Improvements Capital Works Public,Central Signal Computer,,,,,,,858970,858970,0,0,0,0,0
2018,,187,Improvements Capital Works Public,Central Signal Computer,,,,,,,763412,763412,0,0,0,0,0
2018,,187,Improvements Capital Works Public,Central Signal Computer,,,,,,,27098,27098,0,0,0,0,0
2018,,187,Improvements Capital Works Public,Trinity River Corridor,,,,,,,,,,,,,
2018,,187,Improvements Capital Works Public,Great Trinity Forest Park,N966,,,,,,515773,515773,0,0,0,0,0
2018,,187,Improvements Capital Works Public,Joppa Connector Trail Project,P922,,,,,,1253788,1253788,0,0,0,0,0
2018,,187,Improvements Capital Works Public,Trinity River Corridor Pr,N962,,,,,,278599,278599,0,0,0,0,0
2018,,188,Improvements Capital Works Public,Warranted Signals and School Flashers,,,,,,,,,,,,,
2018,,188,Improvements Capital Works Public,Traffic Signal Synchronization Project,VA27,,,,,,4009228,4009228,0,0,0,0,0
2018,,188,Improvements Capital Works Public,Warranted Signals and School Flashers - On-,,,,,,,,,,,,,
2018,,188,Improvements Capital Works Public,Demand,U811,,,,,,358609,358609,0,0,0,0,0
2018,,199,Improvements Capital Management Drainage Storm,ACTIVITY,,,,,,,,,,,,,
2018,,199,Improvements Capital Management Drainage Storm,Erosion Control,,,,,,,,,,,,,
2018,,199,Improvements Capital Management Drainage Storm,"10836, 10840, 10844 Meadowcliff Cir",W093,,,,,,1721,1721,0,0,0,0,0
2018,,199,Improvements Capital Management Drainage Storm,845 N Oak Cliff Blvd,W090,,,,,,211171,211171,0,0,0,0,0
2018,,199,Improvements Capital Management Drainage Storm,Abrams Rd Bridge - Hike - Bike Trail,S700,,,,,,1013,1013,0,0,0,0,0
2018,,199,Improvements Capital Management Drainage Storm,Anderson Bonner Park Site 1 - Hike - Bike,,,,,,,,,,,,,
2018,,199,Improvements Capital Management Drainage Storm,[WRC 164],S701,,,,,,1223,1223,0,0,0,0,0
2018,,199,Improvements Capital Management Drainage Storm,Audelia 11601 [Audelia - E Bank],S702,,,,,,587700,587700,0,0,0,0,0
2018,,199,Improvements Capital Management Drainage Storm,Bainbridge 2733,S703,,,,,,1043,1043,0,0,0,0,0
2018,,199,Improvements Capital Management Drainage Storm,"Baymar Lane, 6201",VD26,,,,,,0,200000,40000,160000,0,0,0
2018,,199,Improvements Capital Management Drainage Storm,Beechmont Dr 2507,S704,,,,,,117253,117253,0,0,0,0,0
2018,,199,Improvements Capital Management Drainage Storm,"Betty Jane, 10225",VD27,,,,,,0,197000,39400,157600,0,0,0
2018,,199,Improvements Capital Management Drainage Storm,Blackstone 2709,S705,,,,,,1565,1565,0,0,0,0,0
2018,,199,Improvements Capital Management Drainage Storm,Blackstone 2729,S706,,,,,,588,588,0,0,0,0,0
2018,,199,Improvements Capital Management Drainage Storm,Blackstone 2745,S707,,,,,,1223,1223,0,0,0,0,0
2018,,200,Improvements Capital Management Drainage Storm,Blue Ridge 3721,S708,,,,,,1223,1223,0,0,0,0,0
2018,,200,Improvements Capital Management Drainage Storm,Bonnie View Over Five Mile Creek,VD12,,,,,,129000,645000,516000,0,0,0,0
2018,,200,Improvements Capital Management Drainage Storm,"Brittania Way, 8470-8506, Erosion",,,,,,,0,270000,54000,216000,0,0,0
2018,,200,Improvements Capital Management Drainage Storm,"Brushy Creek Trail, 5719",VD23,,,,,,0,315000,63000,252000,0,0,0
2018,,200,Improvements Capital Management Drainage Storm,Burninglog 13156,S709,,,,,,68600,68600,0,0,0,0,0
2018,,200,Improvements Capital Management Drainage Storm,Caracas 5410 - 5416,S710,,,,,,1373,1373,0,0,0,0,0
2018,,200,Improvements Capital Management Drainage Storm,Cavender 445,S711,,,,,,1223,1223,0,0,0,0,0
2018,,200,Improvements Capital Management Drainage Storm,Cedar Springs 5910,S712,,,,,,1283,1283,0,0,0,0,0
2018,,200,Improvements Capital Management Drainage Storm,,S713,,,,,,2578,2578,0,0,0,0,0
2018,,200,Improvements Capital Management Drainage Storm,Church Rd 9233,,,,,,,,,,,,,
2018,,200,Improvements Capital Management Drainage Storm,"Claren Court 7106, 7110, 7114",VD24,,,,,,0,173000,34600,138400,0,0,0
2018,,200,Improvements Capital Management Drainage Storm,Clarendon 3435,S714,,,,,,1163,1163,0,0,0,0,0
2018,,200,Improvements Capital Management Drainage Storm,Clearbrook Lane 10500 Blk,VD17,,,,,,0,150000,30000,120000,0,0,0
2018,,200,Improvements Capital Management Drainage Storm,"Clubcreek Circle 8903, 8907, 8911",VD14,,,,,,175400,877000,701600,0,0,0,0
2018,,200,Improvements Capital Management Drainage Storm,Clubhouse Circle 6523 - 6527,S715,,,,,,112341,112341,0,0,0,0,0
2018,,200,Improvements Capital Management Drainage Storm,Colorado [W] 705,S716,,,,,,1223,1223,0,0,0,0,0
2018,,200,Improvements Capital Management Drainage Storm,Coombs Creek - Hampton To Davis,VD01,,,,,,0,2100000,2100000,0,0,0,0
2018,,200,Improvements Capital Management Drainage Storm,Coombs I-30 Outfalls,W091,,,,,,92387,92387,0,0,0,0,0
2018,,200,Improvements Capital Management Drainage Storm,Country Brook Pond Btwn Park Grove Ln -,S717,,,,,,49157,49157,0,0,0,0,0
2018,,200,Improvements Capital Management Drainage Storm,"Deep Hill Circle 2625,2641,2663,2667,",,,,,,,207573,1303573,1096000,0,0,0,0
2018,,200,Improvements Capital Management Drainage Storm,"Deep Hill Circle 2671, 2675, 2679. 2683",S718,,,,,,1223,1223,0,0,0,0,0
2018,,201,Improvements Capital Management Drainage Storm,Dixon Branch At Easton Rd,S719,,,,,,8452,8452,0,0,0,0,0
2018,,201,Improvements Capital Management Drainage Storm,"El Cerrito, 2420, 2460, 2522",VD10,,,,,,105600,528000,422400,0,0,0,0
2018,,201,Improvements Capital Management Drainage Storm,"El Cerrito Storm Drainage, 2470",VD11,,,,,,40000,200000,160000,0,0,0,0
2018,,201,Improvements Capital Management Drainage Storm,Fair Oaks Crossing 8201,S720,,,,,,126890,126890,0,0,0,0,0
2018,,201,Improvements Capital Management Drainage Storm,Fair Oaks Crossing 8849,S721,,,,,,1543,1543,0,0,0,0,0
2018,,201,Improvements Capital Management Drainage Storm,Five Mile Pkwy W. 622,T465,,,,,,300,300,0,0,0,0,0
2018,,201,Improvements Capital Management Drainage Storm,Five Mile Pkwy W 922,S722,,,,,,1223,1223,0,0,0,0,0
2018,,201,Improvements Capital Management Drainage Storm,Glen Oaks 816,S723,,,,,,137100,137100,0,0,0,0,0
2018,,201,Improvements Capital Management Drainage Storm,,S724,,,,,,86576,86576,0,0,0,0,0
2018,,201,Improvements Capital Management Drainage Storm,Glendale Park Sit E1 - Pavilion,,,,,,,,,,,,,
2018,,201,Improvements Capital Management Drainage Storm,Glendale Park Site 3- S Of Food Bridge,S725,,,,,,34300,34300,0,0,0,0,0
2018,,201,Improvements Capital Management Drainage Storm,Glendale Park Site 4 - N Of Footbridge,S726,,,,,,34300,34300,0,0,0,0,0
2018,,201,Improvements Capital Management Drainage Storm,Greenville Ave 9230-Vista View 8915,S728,,,,,,201077,201077,0,0,0,0,0
2018,,201,Improvements Capital Management Drainage Storm,Hampton Rd [S] 3817,S729,,,,,,1373,1373,0,0,0,0,0
2018,,201,Improvements Capital Management Drainage Storm,Harry Moss Park Site 1 - S Of Ped Bridge,S730,,,,,,1163,1163,0,0,0,0,0
2018,,201,Improvements Capital Management Drainage Storm,Healey 2116 - Kingsman 9869,S731,,,,,,137177,137177,0,0,0,0,0
2018,,201,Improvements Capital Management Drainage Storm,"Highland Road, 2447",VD68,,,,,,0,195000,0,19500,175500,0,0
2018,,201,Improvements Capital Management Drainage Storm,"Hillside Drive, 3604",VD18,,,,,,0,150000,30000,120000,0,0,0
2018,,201,Improvements Capital Management Drainage Storm,Joe's Creek - TXU ROW and 3900 Block,,,,,,,0,350000,35000,315000,0,0,0
2018,,201,Improvements Capital Management Drainage Storm,Kalani 6323,S732,,,,,,20111,20111,0,0,0,0,0
2018,,201,Improvements Capital Management Drainage Storm,Kiesthill Dr 3431,S733,,,,,,1223,1223,0,0,0,0,0
2018,,202,Improvements Capital Management Drainage Storm,"Kiesthill Drive, 3335",VD04,,,,,,60000,300000,240000,0,0,0,0
2018,,202,Improvements Capital Management Drainage Storm,Kildare 4927,S734,,,,,,85700,85700,0,0,0,0,0
2018,,202,Improvements Capital Management Drainage Storm,Kiltartan 1511,S735,,,,,,169638,169638,0,0,0,0,0
2018,,202,Improvements Capital Management Drainage Storm,Kiowa Parkway Hike - Bike Trail,S736,,,,,,1013,1013,0,0,0,0,0
2018,,202,Improvements Capital Management Drainage Storm,Lanett Circle N 10741,S737,,,,,,1543,1543,0,0,0,0,0
2018,,202,Improvements Capital Management Drainage Storm,Langdale Circle 8668 - 8656,S738,,,,,,186,186,0,0,0,0,0
2018,,202,Improvements Capital Management Drainage Storm,Lyre Lane 6909 - Chantilly Ct,S739,,,,,,143269,143269,0,0,0,0,0
2018,,202,Improvements Capital Management Drainage Storm,,S740,,,,,,1013,1013,0,0,0,0,0
2018,,202,Improvements Capital Management Drainage Storm,Martin Weiss Park Site 1 - Pavilion,,,,,,,,,,,,,
2018,,202,Improvements Capital Management Drainage Storm,Martin Weiss Park Site 3 - Ped Bridge,S741,,,,,,34900,34900,0,0,0,0,0
2018,,202,Improvements Capital Management Drainage Storm,"Meadowcliff 10720, 10726",VD13,,,,,,170600,853000,682400,0,0,0,0
2018,,202,Improvements Capital Management Drainage Storm,"Mercedes 6607, 6615, 6621",S742,,,,,,1243,1243,0,0,0,0,0
2018,,202,Improvements Capital Management Drainage Storm,"Mill Creek, Peaks Branch And State",S769,,,,,,218600000,218600000,0,0,0,0,0
2018,,202,Improvements Capital Management Drainage Storm,"Nedra Way, 15821, 15827",VD25,,,,,,0,145000,29000,116000,0,0,0
2018,,202,Improvements Capital Management Drainage Storm,Oates Drive 1407,VD19,,,,,,0,190000,38000,152000,0,0,0
2018,,202,Improvements Capital Management Drainage Storm,Pagewood 10553,S743,,,,,,29700,29700,0,0,0,0,0
2018,,202,Improvements Capital Management Drainage Storm,Parkdale Bridge - White Rock Creek,VD08,,,,,,19400,97000,77600,0,0,0,0
2018,,202,Improvements Capital Management Drainage Storm,"Pentagon Parkway, W. 1122",VD06,,,,,,96000,480000,384000,0,0,0,0
2018,,202,Improvements Capital Management Drainage Storm,Public Erosion Control,VD15,,,,,,62000,310000,248000,0,0,0,0
2018,,202,Improvements Capital Management Drainage Storm,"Putting Green 6521, 6629, 6637, 6729",VD03,,,,,,160000,800000,640000,0,0,0,0
2018,,202,Improvements Capital Management Drainage Storm,"Riverhill Drive, 17418",VD22,,,,,,0,188000,37600,150400,0,0,0
2018,,202,Improvements Capital Management Drainage Storm,Rocky Branch - Middle Downs Sites 1-4,S744,,,,,,7413,7413,0,0,0,0,0
2018,,203,Improvements Capital Management Drainage Storm,Rosemont Rd 7322,S745,,,,,,97155,97155,0,0,0,0,0
2018,,203,Improvements Capital Management Drainage Storm,Royal Lane 7832 - 7920,S746,,,,,,9800,9800,0,0,0,0,0
2018,,203,Improvements Capital Management Drainage Storm,Royal Lane 9750 [Jackson Branch - E,S747,,,,,,321005,321005,0,0,0,0,0
2018,,203,Improvements Capital Management Drainage Storm,"Shady Hollow Ct, 3300 Block & Boulder",VD16,,,,,,0,1700000,340000,1360000,0,0,0
2018,,203,Improvements Capital Management Drainage Storm,Skillman 7920 [Jackson Branch - E Branch],S748,,,,,,358554,358554,0,0,0,0,0
2018,,203,Improvements Capital Management Drainage Storm,Skillman 8109,S749,,,,,,1013,1013,0,0,0,0,0
2018,,203,Improvements Capital Management Drainage Storm,Sperry St 3220,S750,,,,,,85391,85391,0,0,0,0,0
2018,,203,Improvements Capital Management Drainage Storm,,S751,,,,,,77615,77615,0,0,0,0,0
2018,,203,Improvements Capital Management Drainage Storm,Spring Grove 13316,,,,,,,,,,,,,
2018,,203,Improvements Capital Management Drainage Storm,Spring Valley 8444,S752,,,,,,227970,227970,0,0,0,0,0
2018,,203,Improvements Capital Management Drainage Storm,"Springwater 9204, 9210, 9216",S753,,,,,,302775,302775,0,0,0,0,0
2018,,203,Improvements Capital Management Drainage Storm,Squaw Valley 17628,S754,,,,,,80140,80140,0,0,0,0,0
2018,,203,Improvements Capital Management Drainage Storm,Stedman Cir 17309 & 17315,VD21,,,,,,0,300000,60000,240000,0,0,0
2018,,203,Improvements Capital Management Drainage Storm,"Summer Creek Crc 6121, 6123, 6125,",,,,,,,17660,17660,0,0,0,0,0
2018,,203,Improvements Capital Management Drainage Storm,Sunland St 11825,S756,,,,,,6214,6214,0,0,0,0,0
2018,,203,Improvements Capital Management Drainage Storm,"Talbot Parkway, 6760",VD05,,,,,,73000,365000,292000,0,0,0,0
2018,,203,Improvements Capital Management Drainage Storm,"Tamarack 1745, 1739, 1751",S757,,,,,,242725,242725,0,0,0,0,0
2018,,203,Improvements Capital Management Drainage Storm,Tranquilla Dr 1251,S758,,,,,,1243,1243,0,0,0,0,0
2018,,204,Improvements Capital Management Drainage Storm,"Tranquilla Drive, 1231",T488,,,,,,1255,1255,0,0,0,0,0
2018,,204,Improvements Capital Management Drainage Storm,Turtle Creek Greenbelt Site 1- Bike Trail,S759,,,,,,189380,189380,0,0,0,0,0
2018,,204,Improvements Capital Management Drainage Storm,Twin Creek 9726,S760,,,,,,120361,120361,0,0,0,0,0
2018,,204,Improvements Capital Management Drainage Storm,Twin Falls Park Trail,S761,,,,,,218535,218535,0,0,0,0,0
2018,,204,Improvements Capital Management Drainage Storm,Urban 3100 Private Erosion Control,VD07,,,,,,50000,250000,200000,0,0,0,0
2018,,204,Improvements Capital Management Drainage Storm,Whitehurst 9727 [Jackson Branch - E,S762,,,,,,294015,294015,0,0,0,0,0
2018,,204,Improvements Capital Management Drainage Storm,Whitehurst 9730 [Audelia Branch - W,S763,,,,,,2785,2785,0,0,0,0,0
2018,,204,Improvements Capital Management Drainage Storm,Wild Oak 2488,S764,,,,,,112407,112407,0,0,0,0,0
2018,,204,Improvements Capital Management Drainage Storm,Flood Management,,,,,,,,,,,,,
2018,,204,Improvements Capital Management Drainage Storm,Ash Creek - S Fork - Bridges - Lakeland,T497,,,,,,3662060,3662060,0,0,0,0,0
2018,,204,Improvements Capital Management Drainage Storm,Bahama Drive Relief System,S765,,,,,,1318489,1318489,0,0,0,0,0
2018,,204,Improvements Capital Management Drainage Storm,Council District 10,VD84,,,,,,0,1000000,0,0,1000000,0,0
2018,,204,Improvements Capital Management Drainage Storm,Elmwood Branch Bridge - Franklin,T505,,,,,,1257700,1257700,0,0,0,0,0
2018,,205,Improvements Capital Management Drainage Storm,Levee Drainage System - Pavaho Sump,T510,,,,,,665807,665807,0,0,0,0,0
2018,,205,Improvements Capital Management Drainage Storm,Levee Drainage System - Sump A,T513,,,,,,273174,273174,0,0,0,0,0
2018,,205,Improvements Capital Management Drainage Storm,Levee Drainage System- Sump A [Able,,,,,,,,,,,,,
2018,,205,Improvements Capital Management Drainage Storm,Station],S768,,,,,,83573118,83573118,0,0,0,0,0
2018,,205,Improvements Capital Management Drainage Storm,McKamy Swale From Mapleshade Ln To,,,,,,,,,,,,,
2018,,205,Improvements Capital Management Drainage Storm,Rd,S766,,,,,,1195363,1195363,0,0,0,0,0
2018,,205,Improvements Capital Management Drainage Storm,Mockingbird Ln From Maple Ave To,,,,,,,,,,,,,
2018,,205,Improvements Capital Management Drainage Storm,Park,S767,,,,,,1377506,1377506,0,0,0,0,0
2018,,205,Improvements Capital Management Drainage Storm,Reserve Bond Projects,RV23,,,,,,1066,1066,0,0,0,0,0
2018,,205,Improvements Capital Management Drainage Storm,Storm Drainage Relief System,,,,,,,,,,,,,
2018,,205,Improvements Capital Management Drainage Storm,Abshire Lane,VD62,,,,,,0,945000,189000,756000,0,0,0
2018,,205,Improvements Capital Management Drainage Storm,"Alderson, 3700",VD42,,,,,,0,1188000,237600,950400,0,0,0
2018,,205,Improvements Capital Management Drainage Storm,Ash Creek Estates - Meadow Way,T517,,,,,,6294,6294,0,0,0,0,0
2018,,205,Improvements Capital Management Drainage Storm,Chalkhill Branch - I30/Loop 12,VD33,,,,,,0,780000,156000,624000,0,0,0
2018,,205,Improvements Capital Management Drainage Storm,Country Brook Pond Improvements,VD82,,,,,,22000,110000,0,88000,0,0,0
2018,,206,Improvements Capital Management Drainage Storm,Creek Bend Road 7028,VD80,,,,,,14760,82000,0,67240,0,0,0
2018,,206,Improvements Capital Management Drainage Storm,Cypress Branch @ Jennie Lee,VD75,,,,,,0,183000,0,18300,164700,0,0
2018,,206,Improvements Capital Management Drainage Storm,Forest Ridge 9700 Block-Chiswell 9600,VD76,,,,,,170000,1700000,0,1530000,0,0,0
2018,,206,Improvements Capital Management Drainage Storm,Fort Worth Avenue @ Vilbig,VD37,,,,,,0,200000,40000,160000,0,0,0
2018,,206,Improvements Capital Management Drainage Storm,Gifford-Roanoke Area Relief System -,,,,,,,,,,,,,
2018,,206,Improvements Capital Management Drainage Storm,II/Brookhollow Bridge,VD38,,,,,,0,1640000,328000,1312000,0,0,0
2018,,206,Improvements Capital Management Drainage Storm,"Greendale 1721, 1716",VD67,,,,,,0,105000,0,21000,84000,0,0
2018,,206,Improvements Capital Management Drainage Storm,Greenspan - Kirnwood Area,VD65,,,,,,0,525000,105000,420000,0,0,0
2018,,206,Improvements Capital Management Drainage Storm,Hampton Gate,VD34,,,,,,0,500000,100000,400000,0,0,0
2018,,206,Improvements Capital Management Drainage Storm,Hatfield Branch @ Seagoville Channel,,,,,,,,,,,,,
2018,,206,Improvements Capital Management Drainage Storm,improvements,VD71,,,,,,0,487000,0,97400,389600,0,0
2018,,206,Improvements Capital Management Drainage Storm,Hearne @ Commerce,VD35,,,,,,0,246000,49200,196800,0,0,0
2018,,206,Improvements Capital Management Drainage Storm,"Hollow Ridge, 4804",VD74,,,,,,0,350000,0,35000,315000,0,0
2018,,206,Improvements Capital Management Drainage Storm,"Homer Street, 3215",VD43,,,,,,0,141000,28200,112800,0,0,0
2018,,206,Improvements Capital Management Drainage Storm,Hughes Lane - Kalani Place,VD78,,,,,,144000,800000,0,656000,0,0,0
2018,,206,Improvements Capital Management Drainage Storm,Joe's Creek West Fork Bridge @ Walnut,VD47,,,,,,0,470000,0,47000,423000,0,0
2018,,206,Improvements Capital Management Drainage Storm,Junius Street @Baylor University Medical,,,,,,,,,,,,,
2018,,206,Improvements Capital Management Drainage Storm,Center,VD39,,,,,,0,820000,164000,656000,0,0,0
2018,,206,Improvements Capital Management Drainage Storm,Kidd Springs - H&H Study,VD31,,,,,,0,89000,89000,0,0,0,0
2018,,206,Improvements Capital Management Drainage Storm,Kings Branch @ Genoa,VD61,,,,,,0,260000,52000,208000,0,0,0
2018,,206,Improvements Capital Management Drainage Storm,Kings Branch Culvert @ Denley,VD60,,,,,,0,480000,96000,384000,0,0,0
2018,,206,Improvements Capital Management Drainage Storm,Kings Branch Culvert @ Edgemont,VD56,,,,,,0,173000,34600,138400,0,0,0
2018,,206,Improvements Capital Management Drainage Storm,Kings Branch Culvert @ Georgia,VD54,,,,,,0,200000,40000,160000,0,0,0
2018,,206,Improvements Capital Management Drainage Storm,Kings Branch Culvert @ Louisiana,VD59,,,,,,0,370000,74000,296000,0,0,0
2018,,206,Improvements Capital Management Drainage Storm,Kings Branch Culvert @ Stella,VD58,,,,,,0,190000,38000,152000,0,0,0
2018,,206,Improvements Capital Management Drainage Storm,Kings Branch Culvert @ Woodin,VD57,,,,,,0,212000,42400,169600,0,0,0
2018,,206,Improvements Capital Management Drainage Storm,Lake Cliff at Colorado - H&H Study,VD30,,,,,,0,59000,59000,0,0,0,0
2018,,206,Improvements Capital Management Drainage Storm,"Lake Highlands Town Center, Dredge",VD77,,,,,,160000,800000,0,640000,0,0,0
2018,,206,Improvements Capital Management Drainage Storm,Lake June @ St. Augustine,VD72,,,,,,0,721000,0,144200,576800,0,0
2018,,206,Improvements Capital Management Drainage Storm,Levee Drainage System,T543,,,,,,1996008,1996008,0,0,0,0,0
2018,,207,Improvements Capital Management Drainage Storm,"Lively Lane, 3808",VD48,,,,,,0,80000,0,16000,64000,0,0
2018,,207,Improvements Capital Management Drainage Storm,Loganwood 3602,VD69,,,,,,0,256000,0,51200,204800,0,0
2018,,207,Improvements Capital Management Drainage Storm,Madison to Beckley Storm Drainage,W065,,,,,,1670026,1670026,0,0,0,0,0
2018,,207,Improvements Capital Management Drainage Storm,Meandering Way 16209,VD81,,,,,,13320,74000,0,60680,0,0,0
2018,,207,Improvements Capital Management Drainage Storm,Middle Peaks Branch - Phase 1 - to Fair,T523,,,,,,32662,32662,0,0,0,0,0
2018,,207,Improvements Capital Management Drainage Storm,Mill Creek Drainage Relief System - Phase,T525,,,,,,4314084,4314084,0,0,0,0,0
2018,,207,Improvements Capital Management Drainage Storm,Milverton @ Palisade,VD73,,,,,,0,870000,0,87000,783000,0,0
2018,,207,Improvements Capital Management Drainage Storm,Morning Dew Circle 3844 (RL Area 39),VD55,,,,,,0,135000,27000,108000,0,0,0
2018,,207,Improvements Capital Management Drainage Storm,"Munger, 1300, 1301",VD40,,,,,,0,80000,16000,64000,0,0,0
2018,,207,Improvements Capital Management Drainage Storm,Nandina - Pine Trail Area,VD63,,,,,,0,910000,182000,728000,0,0,0
2018,,207,Improvements Capital Management Drainage Storm,Oak Creek Circle 3504 - 3508 RL,,,,,,,,,,,,,
2018,,207,Improvements Capital Management Drainage Storm,Purchase,VD09,,,,,,170000,170000,0,0,0,0,0
2018,,207,Improvements Capital Management Drainage Storm,Peavy - Galway - Fuller,T527,,,,,,923481,923481,0,0,0,0,0
2018,,207,Improvements Capital Management Drainage Storm,Prairie Creek Channel & Bridge,,,,,,,,,,,,,
2018,,207,Improvements Capital Management Drainage Storm,@ 175,VD70,,,,,,0,1217000,0,243400,973600,0,0
2018,,207,Improvements Capital Management Drainage Storm,Prairie Oak Drive 9321 (RL Area 33),VD66,,,,,,0,425000,0,85000,340000,0,0
2018,,207,Improvements Capital Management Drainage Storm,"Preston Hollow Channel, Phases 1& 2,",VD51,,,,,,0,1859000,0,185900,1673100,0,0
2018,,207,Improvements Capital Management Drainage Storm,Pruitt Branch Tributary Culvert Improv @,,,,,,,,,,,,,
2018,,207,Improvements Capital Management Drainage Storm,Kingsfield,VD64,,,,,,0,420000,84000,336000,0,0,0
2018,,207,Improvements Capital Management Drainage Storm,Rexford Drive @ Shorecrest Drive,VD53,,,,,,0,168000,0,16800,151200,0,0
2018,,207,Improvements Capital Management Drainage Storm,"Royal Lane, 3162 (RL Area 7)",VD52,,,,,,0,220000,0,22000,198000,0,0
2018,,208,Improvements Capital Management Drainage Storm,"Royal Lane, 7012",VD50,,,,,,0,1050000,0,105000,945000,0,0
2018,,208,Improvements Capital Management Drainage Storm,Sorcey Road @ White Ash,VD41,,,,,,0,65000,13000,52000,0,0,0
2018,,208,Improvements Capital Management Drainage Storm,State-Thomas - Antique District,,,,,,,,,,,,,
2018,,208,Improvements Capital Management Drainage Storm,Routh],T534,,,,,,76850,76850,0,0,0,0,0
2018,,208,Improvements Capital Management Drainage Storm,State-Thomas - Flora/Boll to Fairmont,VD45,,,,,,0,495000,99000,396000,0,0,0
2018,,208,Improvements Capital Management Drainage Storm,State-Thomas - Hallsville/Worthington,VD44,,,,,,0,636000,127200,508800,0,0,0
2018,,208,Improvements Capital Management Drainage Storm,State-Thomas - McKinney Ave.,T535,,,,,,139369,139369,0,0,0,0,0
2018,,208,Improvements Capital Management Drainage Storm,State-Thomas - Woodall Rodgers,T536,,,,,,310001,310001,0,0,0,0,0
2018,,208,Improvements Capital Management Drainage Storm,State-Thomas - Woodall Rodgers [Study],T537,,,,,,9020,9020,0,0,0,0,0
2018,,208,Improvements Capital Management Drainage Storm,Teakwood Elmridge Drainage Relief,VD49,,,,,,0,650000,0,65000,585000,0,0
2018,,208,Improvements Capital Management Drainage Storm,"Tree Shadow Trail, 5910",VD79,,,,,,164520,914000,0,749480,0,0,0
2018,,208,Improvements Capital Management Drainage Storm,Turnpike Distribution IV IH30-Commerce,VD36,,,,,,0,224000,44800,179200,0,0,0
2018,,208,Improvements Capital Management Drainage Storm,Turtle Creek - Trib 1 Culvert,VD46,,,,,,0,250000,50000,200000,0,0,0
2018,,208,Improvements Capital Management Drainage Storm,"Versailles, 3500",VD83,,,,,,20600,206000,0,185400,0,0,0
2018,,208,Improvements Capital Management Drainage Storm,"Vinemont Channel, Drainage Diversion",VD29,,,,,,0,5040000,5040000,0,0,0,0
2018,,208,Improvements Capital Management Drainage Storm,West Dallas - Eagle Ford Sump Basin,T541,,,,,,2020955,2020955,0,0,0,0,0
2018,,208,Improvements Capital Management Drainage Storm,West Dallas - Westmoreland Hampton,,,,,,,,,,,,,
2018,,208,Improvements Capital Management Drainage Storm,Basin,T542,,,,,,6464223,6464223,0,0,0,0,0
2018,,208,Improvements Capital Management Drainage Storm,Wynnewood Village Drainage,VD32,,,,,,1151427,2878427,0,1727000,0,0,0
2018,,208,Improvements Capital Management Drainage Storm,Storm Water Drainage Management,,,,,,,,,,,,,
2018,,208,Improvements Capital Management Drainage Storm,Belt Line Road S. 2327: Voluntary,W229,,,,,,31800,159000,127200,0,0,0,0
2018,,208,Improvements Capital Management Drainage Storm,Calcutta 616 (RL Area 40),W273,,,,,,0,1622037,0,0,1622037,0,0
2018,,208,Improvements Capital Management Drainage Storm,Cedar Creek Culvert @ W. Clarendon,W230,,,,,,41250,206250,165000,0,0,0,0
2018,,208,Improvements Capital Management Drainage Storm,Channel - Major Maintenance,W195,,,,,,0,250000,0,0,250000,0,0
2018,,209,Improvements Capital Management Drainage Storm,Coolgreene 8208,W231,,,,,,31500,315000,283500,0,0,0,0
2018,,209,Improvements Capital Management Drainage Storm,Elam Creek Voluntary Purchase (1 home),W275,,,,,,0,146050,0,0,146050,0,0
2018,,209,Improvements Capital Management Drainage Storm,Emergency Pipe Repairs - Major Maint. of,,,,,,,,,,,,,
2018,,209,Improvements Capital Management Drainage Storm,collapsed pipe in critical areas,W268,,,,,,100000,1289648,247400,292248,250000,200000,200000
2018,,209,Improvements Capital Management Drainage Storm,Five Mile Pkwy 2200 Block,W232,,,,,,42460,424600,382140,0,0,0,0
2018,,209,Improvements Capital Management Drainage Storm,Flood Management Area - Major,W194,,,,,,0,360000,0,0,360000,0,0
2018,,209,Improvements Capital Management Drainage Storm,Gabion - Major Maintenance,W196,,,,,,0,500000,0,0,500000,0,0
2018,,209,Improvements Capital Management Drainage Storm,Greenhollow/Sapling Way/Clearsprings,,,,,,,,,,,,,
2018,,209,Improvements Capital Management Drainage Storm,Area 4,W200,,,,,,0,1370700,0,1370700,0,0,0
2018,,209,Improvements Capital Management Drainage Storm,Guildhall-McCree Storm Drainage Relief,,,,,,,,,,,,,
2018,,209,Improvements Capital Management Drainage Storm,System,W213,,,,,,0,4230000,0,4230000,0,0,0
2018,,209,Improvements Capital Management Drainage Storm,Hickory Creek Floodplain Management,W270,,,,,,0,228066,0,0,228066,0,0
2018,,209,Improvements Capital Management Drainage Storm,"Hunnicut Road, 8223",W233,,,,,,52600,263000,210400,0,0,0,0
2018,,209,Improvements Capital Management Drainage Storm,Joes Creek - West Fork Channel and,,,,,,,,,,,,,
2018,,209,Improvements Capital Management Drainage Storm,Improvements,W276,,,,,,0,11137306,0,0,0,3445000,7692306
2018,,209,Improvements Capital Management Drainage Storm,Kiest Boulevard W. 2901,W234,,,,,,27500,275000,247500,0,0,0,0
2018,,209,Improvements Capital Management Drainage Storm,"Lakeland, 2214",W235,,,,,,34375,343750,309375,0,0,0,0
2018,,209,Improvements Capital Management Drainage Storm,Lisbon Area C,W204,,,,,,0,1668870,0,1668870,0,0,0
2018,,209,Improvements Capital Management Drainage Storm,McCommas Branch - FPMS Alt. 4,W277,,,,,,0,3670000,0,0,0,550500,3119500
2018,,209,Improvements Capital Management Drainage Storm,Monte Carlo 1600 and 3400 block,,,,,,,,,,,,,
2018,,209,Improvements Capital Management Drainage Storm,Loss Area 37),W274,,,,,,0,200000,0,0,200000,0,0
2018,,209,Improvements Capital Management Drainage Storm,"Ohio, W. 412, 416",W236,,,,,,22375,111875,89500,0,0,0,0
2018,,209,Improvements Capital Management Drainage Storm,Parrish Branch Culvert @ Wheatland Rd.,W237,,,,,,46000,460000,414000,0,0,0,0
2018,,209,Improvements Capital Management Drainage Storm,"Paul Quinn College, 3837 Simpson",,,,,,,,,,,,,
2018,,209,Improvements Capital Management Drainage Storm,Road,W238,,,,,,41250,412500,371250,0,0,0,0
2018,,209,Improvements Capital Management Drainage Storm,Pensive Drive Channel/Walnut Hill Relief,,,,,,,,,,,,,
2018,,209,Improvements Capital Management Drainage Storm,System,W212,,,,,,0,9922500,0,0,9922500,0,0
2018,,209,Improvements Capital Management Drainage Storm,Pleasant Branch - Tonawanda to Bruton,W261,,,,,,0,4217535,0,4217535,0,0,0
2018,,209,Improvements Capital Management Drainage Storm,Pleasant Branch - Tonawanda to Bruton,W279,,,,,,468615,4686150,0,4217535,0,0,0
2018,,209,Improvements Capital Management Drainage Storm,Polk Street 3425 (RL Area 38),W272,,,,,,0,440000,0,0,440000,0,0
2018,,209,Improvements Capital Management Drainage Storm,"Pyka, 3918",W239,,,,,,23200,232000,208800,0,0,0,0
2018,,209,Improvements Capital Management Drainage Storm,Rawlings-Douglas to Knight Drainage,W197,,,,,,0,1596105,0,1596105,0,0,0
2018,,209,Improvements Capital Management Drainage Storm,Rembrandt Terrace 18731,W240,,,,,,16500,165000,148500,0,0,0,0
2018,,209,Improvements Capital Management Drainage Storm,Richwood,W241,,,,,,203438,2034376,1830938,0,0,0,0
2018,,209,Improvements Capital Management Drainage Storm,Sanford Ave Relief System,W199,,,,,,0,3960000,0,0,3960000,0,0
2018,,210,Improvements Capital Management Drainage Storm,South Branch Culvert Louisiana,W242,,,,,,33180,165900,132720,0,0,0,0
2018,,210,Improvements Capital Management Drainage Storm,Throckmorton-Reagan-Drainage,,,,,,,,,,,,,
2018,,210,Improvements Capital Management Drainage Storm,Improvements,W198,,,,,,0,792000,0,792000,0,0,0
2018,,210,Improvements Capital Management Drainage Storm,Timber Trail Dr. 10245,W243,,,,,,40625,406250,365625,0,0,0,0
2018,,210,Improvements Capital Management Drainage Storm,Vinewood Drive 8725,W244,,,,,,24000,240000,216000,0,0,0,0
2018,,210,Improvements Capital Management Drainage Storm,White Rock Creek Drainage Study update,,,,,,,,,,,,,
2018,,210,Improvements Capital Management Drainage Storm,1989 FPMS Study,W269,,,,,,0,275000,275000,0,0,0,0
2018,,210,Improvements Capital Management Drainage Storm,Williamson Branch - FPMS Alt. 2,W278,,,,,,13700000,27400000,0,0,0,6903153,6796847
2018,,210,Improvements Capital Management Drainage Storm,Woody Branch Floodplain Management,W271,,,,,,0,250000,0,0,0,250000,0
2018,,217,Improvements Capital Transportation,Davis Street,,,,,,,,,,,,,
2018,,217,Improvements Capital Transportation,Ave,,,,,,,,04000000,0,0,0,0,4000000
2018,,217,Improvements Capital Transportation,McKinney,,,,,,,,08000000,0,0,0,8000000,0
2018,,217,Improvements Capital Transportation,Modern,,,,,,,,04000,4000,0,0,0,0
2018,,217,Improvements Capital Transportation,Rail Road,,,,,,,,0543000,0,54300,0,244350,244350
2018,,217,Improvements Capital Transportation,Riverfront,,,,,,,,04600000,4646929,0,0,0,0
2018,,217,Improvements Capital Transportation,UT,,,,,,,,07500000,0,0,0,7500000,0
2018,,217,Improvements Capital Transportation,Street Lighting,,,,,,,,,,,,,
2018,,217,Improvements Capital Transportation,Elmwood Area,,,,,,,,01000000,100000,450000,450000,0,0
2018,,217,Improvements Capital Transportation,Elmwood Area,,,,,,,,01051636,95603,95603,0,860430,0
2018,,217,Improvements Capital Transportation,Park Row Ave,,,,,,,,,,,,,
2018,,217,Improvements Capital Transportation,Jeffries,,,,,,,,0848000,84800,381600,381600,0,0
2018,,217,Improvements Capital Transportation,South Blvd,,,,,,,,,,,,,
2018,,217,Improvements Capital Transportation,Meadow St,,,,,,,,01209600,120960,544320,544320,0,0
2018,,217,Improvements Capital Transportation,Street Lights,,,,,,,,,,,,,
2018,,217,Improvements Capital Transportation,Lawnview Ave,,,,,,,,032000,3200,14400,14400,0,0
2018,,217,Improvements Capital Transportation,Street Lights,,,,,,,,0224000,22400,100800,100800,0,0
2018,,217,Improvements Capital Transportation,Street Lights,,,,,,,,,,,,,
2018,,217,Improvements Capital Transportation,Neighborhood,,,,,,,,0720000,120000,60000,540000,0,0
2018,,217,Improvements Capital Transportation,Simpson Stuart,,,,,,,,,,,,,
2018,,217,Improvements Capital Transportation,To Lancaster,,,,,,,,0700000,70000,315000,315000,0,0
2018,,217,Improvements Capital Transportation,Traffic,,,,,,,,,,,,,
2018,,217,Improvements Capital Transportation,Collete At,,,,,,,,,,,,,
2018,,217,Improvements Capital Transportation,Country Creek,,,,,,,,,,,,,
2018,,217,Improvements Capital Transportation,Around,,,,,,,,0428750,42875,0,385875,0,0
2018,,218,Improvements Capital Transportation,Kiest Blvd -,,,,,,,,46407,46097,,,,
2018,,218,Improvements Capital Transportation,Richmond Ave,,,,,,,,,,,,,
2018,,218,Improvements Capital Transportation,Improvements,,,,,,,,0385000,70000,0,315000,0,0
2018,,218,Improvements Capital Transportation,Skillman at,,,,,,,,01591747,0,159175,0,1432572,0
2018,,218,Improvements Capital Transportation,Traffic Signals,,,,,,,,,,,,,
2018,,218,Improvements Capital Transportation,improvements,,,,,,,,0868000,44000,316400,253800,253800,0
2018,,218,Improvements Capital Transportation,Traffic Signal,,,,,,,,013767728,3979039,578500,4590000,4590000,0
2018,,218,Improvements Capital Transportation,Waranted,,,,,,,,011861561,356955,4000000,4000000,3500000,0
