cip_year,project_type,source_page,department,project_name,project_id,address_location,start_year,end_year,project_description,project_justification,previous_appropriations,project_total,year_2020,year_2021,year_2022
2019,Pavement Maintenance/Constructi on,13,AVIATION,Airport Perimeter Rd Rehabilitation Sections 1 - 2,W123,,,2019,,,1560148,1560148,,,
2019,Capital Improvement Program,13,AVIATION,Airport Planning and Advisory Services - 1725,,,,,,,5905000,9405000,1000000,1500000,1000000
2019,Capital Improvement Program,13,AVIATION,Architectural Engineering Roster,W286,,,2024,,,306000,306000,,,
2019,Airport Parking,13,AVIATION,Aviation Parking Garage - 8738,,,,2025,,,3757407,3757407,,,
2019,Capital Improvement Program,13,AVIATION,Aviation Project Contingency,W131,,,,,,3333333,4612580,267453,381639,630155
2019,Capital Improvement Program,13,AVIATION,Construction Management/Project Management,W371,,,2024,,,,1500000,1000000,250000,250000
2019,Pavement Maintenance/Constructi on,13,AVIATION,Conversion of Runway 18-36 to Taxiway,P935,,,2019,,,868141,868141,,,
2019,Pavement Maintenance/Constructi on,13,AVIATION,Crossfield Taxiway Reconfiguration,W125,,,2023,,,,30225000,4725000,25500000,
2019,Capital Improvement Program,13,AVIATION,DAL Alternate Entry,W287,,,2026,,,2854155,29177103,,3000000,23322948
2019,Capital Improvement Program,13,AVIATION,DAL Elevator Study,W360,,,2022,,,245000,245000,,,
2019,Capital Improvement Program,13,AVIATION,DAL EMS Suite,W357,,,2021,,,156000,1156000,1000000,,
2019,Safety/Security,13,AVIATION,DAL Replacement Fire Station,W358,,,2022,,,48000,13048000,2000000,11000000,
2019,Capital Improvement Program,13,AVIATION,DAL Streetscape Enhancements,W387,,,2024,,,,13000000,2000000,6000000,5000000
2019,Capital Improvement Program,13,AVIATION,DAL-Entrance Road Improvements,W167,,,2020,,,8571988,8571988,,,
2019,Capital Improvement Program,13,AVIATION,Dalfort Building Demolition,P661,,,2020,,,1550749,1550749,,,
2019,Pavement Maintenance/Constructi on,13,AVIATION,Dallas Executive Airport Fuel Farm and Paving Project,W158,,,2019,,,6353484,6353484,,,
2019,Capital Improvement Program,13,AVIATION,Dallas Vertiport Fuel System,W215,,,2021,,,1257409,1257409,,,
2019,Capital Improvement Program,13,AVIATION,DAS Exterior Lighting Improvements,W359,,,2022,,,245000,1245000,1000000,,
2019,Pavement Maintenance/Constructi on,13,AVIATION,DEA Extend Taxiway E,W388,,,2022,,,,44000,,,44000
2019,Pavement Maintenance/Constructi on,13,AVIATION,DEA Runway Replacement,P873,,,2019,,,5838793,5838793,,,
2019,Capital Improvement Program,13,AVIATION,DEA Streetscape Enhancements,W367,,,2024,,,250000,2750000,,,2500000
2019,Pavement Maintenance/Constructi on,13,AVIATION,DEA Taxiway Apron Infill - Design,W334,,,2021,,,850000,850000,,,
2019,Pavement Maintenance/Constructi on,13,AVIATION,DEA Taxiway B,W392,,,2023,,,,580000,,580000,
2019,Pavement Maintenance/Constructi on,14,AVIATION,DEA Taxiway J,W393,,,2022,,,,271500,,41500,230000
2019,Capital Improvement Program,14,AVIATION,DEA West Development Payback,W285,,,2023,,,100100,7764286,4164186,3500000,
2019,Capital Improvement Program,14,AVIATION,Drainage Master Plan - Schematic Design,W133,,,2025,,,13550000,13550000,,,
2019,Capital Improvement Program,14,AVIATION,Elevator Upgrades,W391,,,2022,,,,1000000,1000000,,
2019,Capital Improvement Program,14,AVIATION,Fiber Ring [Environmental],W127,,,2018,,,41856,41856,,,
2019,Pavement Maintenance/Constructi on,14,AVIATION,Intersection of 18-36 Reconstruction and Rehabilitation,P941,,,2019,,,4384368,4384368,,,
2019,Pavement Maintenance/Constructi on,14,AVIATION,Love Field Maintenance Facility - 8748,,,,2019,,,7218648,7218648,,,
2019,Terminal,14,AVIATION,Love Field Major Maintenance - 8707,,,,2024,,,16506585,17006585,,,500000
2019,Capital Improvement Program,14,AVIATION,Love Field Modernization Program,LFMP,,,2020,,,12963413,12963413,,,
2019,Airport Parking,14,AVIATION,Love Field Parking Exp - 8703,,,,2019,,,16729237,16729237,,,
2019,Capital Improvement Program,14,AVIATION,Material Testing for Construction Work,W152,,,2020,,,551361,551361,,,
2019,Pavement Maintenance/Constructi on,14,AVIATION,Misc Stormwater Drainage Improvements,W007,,,2019,,,2732300,2732300,,,
2019,Pavement Maintenance/Constructi on,14,AVIATION,Misc Taxi Lane and Apron improvements,W283,,,2024,,,,2520000,,,2520000
2019,Capital Improvement Program,14,AVIATION,Passenger Facility Charge Program - 0781,,,,,,,49677487,49677487,,,
2019,Capital Improvement Program,14,AVIATION,Pavement Condition Analysis - 9851,,,,2023,,,1388533,1388533,,,
2019,Safety/Security,14,AVIATION,Police Hanger and Apron at Dallas Executive Airport,P934,,,2020,,,7606813,7606813,,,
2019,Pavement Maintenance/Constructi on,14,AVIATION,Reconstruct RWY 13R 31L,D019,,,2022,,,5096677,70530927,65434250,,
2019,Capital Improvement Program,14,AVIATION,Redbird Commemorative Air Force Project,P928,,,2021,,,2000000,4000000,2000000,,
2019,Pavement Maintenance/Constructi on,14,AVIATION,Rehab TWY B PH III RWY 31R-TWY B1,D015,,,2020,,,17062000,17062000,,,
2019,Pavement Maintenance/Constructi on,14,AVIATION,Rehab TWY B PH IV Extend TWY M to TWY DB4,D017,,,2020,,,12298500,12298500,,,
2019,Pavement Maintenance/Constructi on,15,AVIATION,Rehabilitate Taxiway B - Phase 4: RWY 18-36 - TWY B1,W216,,,2020,,,305000,305000,,,
2019,Pavement Maintenance/Constructi on,15,AVIATION,Rehabilitate Taxiway B from B1 to B3 and Connectors B3 - B4,W003,,,2019,,,12760879,12760879,,,
2019,Pavement Maintenance/Constructi on,15,AVIATION,Rehabilitate Taxiway B: Runway 13L to Runway 18-36,W121,,,2020,,,999734,999734,,,
2019,Pavement Maintenance/Constructi on,15,AVIATION,Rehabilitate Taxiway C Phase 3,W281,,,2023,,,,3440000,,,3440000
2019,Pavement Maintenance/Constructi on,15,AVIATION,Rehabilitate Taxiway C: Taxi D to Taxi C2,W122,,,2021,,,2445000,24898000,22453000,,
2019,Pavement Maintenance/Constructi on,15,AVIATION,Reonstruct Taxiway A (Phase 1) TWY D to RWY 31 R,W288,,,2024,,,,800000,,,800000
2019,Pavement Maintenance/Constructi on,15,AVIATION,Runway 31R Glidescope Relocation Project,W022,,,2019,,,12592172,12592172,,,
2019,Safety/Security,15,AVIATION,Security Control Enhancement [Perimeter Fence Cable],P746,,,2020,,,7784662,7784662,,,
2019,Pavement Maintenance/Constructi on,15,AVIATION,Taxiway A 18-36 Runway Incursion Mitigation Project,W047,,,2019,,,2858981,2858981,,,
2019,Pavement Maintenance/Constructi on,15,AVIATION,Taxiway B Reconstruction and Rehabilitation,P942,,,2019,,,946760,946760,,,
2019,Pavement Maintenance/Constructi on,15,AVIATION,Taxiway M Extension - RWY 13L to 18-36 Design,W153,,,2020,,,698488,698488,,,
2019,,15,AVIATION,Grand Total,,,,,,,255250161,455284292,108043889,51753139,40237103
2019,Housing Services,21,city FACILITIES,10345 Webb Chapel Road,VJ05,,,,,,5000,5000,,,
2019,Housing Services,21,city FACILITIES,12000 Greenville Avenue,VJ02,,,,,,5000,5000,,,
2019,Housing Services,21,city FACILITIES,1805 North Haskell Avenue,VJ03,,,,,,5000,5000,,,
2019,Housing Services,21,city FACILITIES,2009 and 2011 North Haskell Avenue,VJ04,,,,,,5000,5000,,,
2019,Fleet Replacement,21,city FACILITIES,Ambulance Replacement,E375,,,,,,7593374,7593374,,,
2019,Technology,21,city FACILITIES,AMR,P291,,,2019,,,5000000,5000000,,,
2019,Major Maintenance,21,city FACILITIES,Animal Shelter Major Maintenance,P916,,,2020,,,122642,122642,,,
2019,Major Maintenance,21,city FACILITIES,Bachman Recreation Center,T013,,,2019,,,209324,209324,,,
2019,Major Maintenance,21,city FACILITIES,Bachman Recreation Center,T013,,,2019,,,1759781,1759781,,,
2019,City and Municipal Court Facilities,21,city FACILITIES,Cadillac Heights Land Acquisition,T825,,,2020,,,22549623,22549623,,,
2019,Library Facilities,21,city FACILITIES,Central Library - Elevators,W156,,,2020,,,36425,36425,,,
2019,Library Facilities,21,city FACILITIES,Central Library - Elevators,W156,,,2020,,,107806,107806,,,
2019,Library Facilities,21,city FACILITIES,Central Library - Elevators,W156,,,2020,,,881352,881352,,,
2019,Library Facilities,21,city FACILITIES,Central Library - First Floor Replacement,W155,,,2020,,,219777,219777,,,
2019,Police Facilities,21,city FACILITIES,Central Patrol Station,VG33,,,2020,,,,151000,,151000,
2019,Police Facilities,21,city FACILITIES,Central Patrol Station- Security,VG34,,,2021,,,501132,591380,,,90248
2019,City and Municipal Court Facilities,21,city FACILITIES,Central Service Center - Communications Building- Roof Replace,T764,,,2020,,,197716,197716,,,
2019,City and Municipal Court Facilities,21,city FACILITIES,Central Service Center - Streets Operations Building,VH03,,,2019,,,,125000,,125000,
2019,City and Municipal Court Facilities,22,city FACILITIES,Central Service Center- Sanitation Building,VH04,,,2019,,,,150000,,125000,25000
2019,City and Municipal Court Facilities,22,city FACILITIES,CIS Data Center - Replace Chillers,DS69,,,2009,,,100000,100000,,,
2019,City and Municipal Court Facilities,22,city FACILITIES,City Facilities - Building Condition Assessment,T771,,,2020,,,848333,848333,,,
2019,Major Maintenance,22,city FACILITIES,City Facilities - Fair Park and Other Park Facility Repairs,W020,,,2099,,,1000000,1000000,,,
2019,Police Facilities,22,city FACILITIES,City Facilities - Police Facilities Safety Improvements,W019,,,2020,,,1000000,1000000,,,
2019,Major Maintenance,22,city FACILITIES,City Facilities Improvements,W221,,,2022,,,11717241,37217241,7500000,8000000,10000000
2019,City and Municipal Court Facilities,22,city FACILITIES,City Hall - Electrical system renovations,T747,,,2020,,,4759184,4759184,,,
2019,City and Municipal Court Facilities,22,city FACILITIES,City Hall - Install automatic fire alarm,T738,,,2020,,,1893540,1893540,,,
2019,City and Municipal Court Facilities,22,city FACILITIES,City Hall,VH05,,,2019,,,7000000,7000000,,,
2019,Technology,22,city FACILITIES,City Hall Data Center - Renovations,P478,,,,,,5500000,5500000,,,
2019,City and Municipal Court Facilities,22,city FACILITIES,City Marshall's Office,VH02,,,2019,,,309896,309896,,,
2019,Technology,22,city FACILITIES,Citywide IT Improvements,E374,,,,,,1450000,12450000,9000000,1000000,1000000
2019,Major Maintenance,22,city FACILITIES,Contingency Reserve - Capital Construction,P479,,,2020,,,3014104,3014104,,,
2019,Fleet Replacement,22,city FACILITIES,Dallas Fire-Rescue - Ambulance Replacement,E367,,,,,,3093180,3093180,,,
2019,Technology,22,city FACILITIES,Dallas Police Department - Technology Upgrades,E361,,,,,,2540000,2540000,,,
2019,Administrative and Internal Service Facilities,22,city FACILITIES,District 2 Service Center,P764,,,2099,,,3732992,3732992,,,
2019,City and Municipal Court Facilities,22,city FACILITIES,ECO Park,VH06,,,2020,,,108000,108000,,,
2019,City and Municipal Court Facilities,22,city FACILITIES,Electrical Panel Replacement at 37 Facilities,VH07,,,2019,,,1155104,1155104,,,
2019,Environmental,22,city FACILITIES,Environmental Conservation,T083,,,,,,1421017,1421017,,,
2019,Fleet Replacement,23,city FACILITIES,Equipment and Building Services - Fleet Replacement,E368,,,,,,3745435,25245435,6500000,7500000,7500000
2019,Fleet Replacement,23,city FACILITIES,Fire and General Fleet Replacement - Equipment Acquisition Notes - 8199,,,,,,,,90000000,30000000,30000000,30000000
2019,Fire Protection Facilities,23,city FACILITIES,Fire Station # 46,VG02,,,2020,,,7525000,7525000,,,
2019,Fire Protection Facilities,23,city FACILITIES,Fire Station # 53,VG03,,,2020,,,85000,85000,,,
2019,Fire Protection Facilities,23,city FACILITIES,Fire Station #05,VG04,,,2020,,,45000,45000,,,
2019,Fire Protection Facilities,23,city FACILITIES,Fire Station #08,VG05,,,2020,,,104000,104000,,,
2019,Fire Protection Facilities,23,city FACILITIES,Fire Station #09,VG06,,,2020,,,63000,63000,,,
2019,Fire Protection Facilities,23,city FACILITIES,Fire Station #1,VG16,,,2020,,,85000,85000,,,
2019,Fire Protection Facilities,23,city FACILITIES,Fire Station #11,VG07,,,2020,,,85000,85000,,,
2019,Fire Protection Facilities,23,city FACILITIES,Fire Station #11B,VG18,,,2020,,,101000,101000,,,
2019,Fire Protection Facilities,23,city FACILITIES,Fire Station #12,VG08,,,2020,,,67422,83000,,,15578
2019,Fire Protection Facilities,23,city FACILITIES,Fire Station #13,,,,2020,,,85000,85000,,,
2019,Fire Protection Facilities,23,city FACILITIES,Fire Station #13 VG26,,,,2020,,,44000,44000,,,
2019,Fire Protection Facilities,23,city FACILITIES,Fire Station #14,VG27,,,2020,,,85000,85000,,,
2019,Fire Protection Facilities,23,city FACILITIES,Fire Station #18,VG10,,,2020,,,113000,113000,,,
2019,Fire Protection Facilities,23,city FACILITIES,Fire Station #19,VG28,,,2020,,,85000,85000,,,
2019,Fire Protection Facilities,23,city FACILITIES,Fire Station #2,VG24,,,2020,,,85000,85000,,,
2019,Fire Protection Facilities,23,city FACILITIES,Fire Station #21,VG19,,,2020,,,85000,85000,,,
2019,Fire Protection Facilities,24,city FACILITIES,Fire Station #24,VG11,,,2020,,,92000,92000,,,
2019,Fire Protection Facilities,24,city FACILITIES,Fire Station #25,VG12,,,2020,,,17000,17000,,,
2019,Fire Protection Facilities,24,city FACILITIES,Fire Station #31,VG20,,,2020,,,85000,85000,,,
2019,Fire Protection Facilities,24,city FACILITIES,Fire Station #36,VG13,,,2020,,,6970525,6990000,,,19475
2019,Fire Protection Facilities,24,city FACILITIES,Fire Station #43,VG14,,,2020,,,43000,43000,,,
2019,Fire Protection Facilities,24,city FACILITIES,Fire Station #45,VG21,,,2020,,,85000,85000,,,
2019,Fire Protection Facilities,24,city FACILITIES,Fire Station #47,VG29,,,2020,,,85000,85000,,,
2019,Fire Protection Facilities,24,city FACILITIES,Fire Station #5,VG25,,,2020,,,85000,85000,,,
2019,Fire Protection Facilities,24,city FACILITIES,Fire Station #51,VG15,,,2020,,,44620,44620,,,
2019,Fire Protection Facilities,24,city FACILITIES,Fire Station #52,VG22,,,2020,,,85000,85000,,,
2019,Fire Protection Facilities,24,city FACILITIES,Fire Station #53,VG23,,,2020,,,74000,74000,,,
2019,Fire Protection Facilities,24,city FACILITIES,Fire Station #57,VG30,,,2020,,,85000,85000,,,
2019,Fire Protection Facilities,24,city FACILITIES,Fire Station #7,VG17,,,2020,,,85000,85000,,,
2019,Fire Protection Facilities,24,city FACILITIES,Fire Station Abatement - [Various Locations],T860,,,2020,,,560000,560000,,,
2019,Fire Protection Facilities,24,city FACILITIES,Fire Stations - Storm Water Modifications,T844,,,2020,,,2311386,2311386,,,
2019,Fire Protection Facilities,24,city FACILITIES,Fire Training Facility Auditorium,W044,,,2020,,,46000,46000,,,
2019,Fire Protection Facilities,24,city FACILITIES,Fire-Rescue Training Center,VG01,,,2020,,,150000,150000,,,
2019,Library Facilities,24,city FACILITIES,Forest Green Branch Library,VE01,,,2019,,,7520965,7520965,,,
2019,Library Facilities,24,city FACILITIES,Fretz Library Roof Replace.,P207,,,2019,,,105000,105000,,,
2019,Library Facilities,25,city FACILITIES,Fretz Library Roof Replace.,P207,,,2019,,,331327,331327,,,
2019,Library Facilities,25,city FACILITIES,Fretz Library Roof Replace.,P207,,,2019,,,20180,20180,,,
2019,Library Facilities,25,city FACILITIES,Fretz Park Branch Library,T636,,,2020,,,5645612,5645612,,,
2019,Major Maintenance,25,city FACILITIES,Friendship Park - Site Development (Supplemental funding),VK42,,,2022,,,,133000,133000,,
2019,Fire Protection Facilities,25,city FACILITIES,Future Fire Station Jim Miller - Loop 12,VG31,,,2020,,,5673259,6901000,,,1227741
2019,City and Municipal Court Facilities,25,city FACILITIES,Garage at Central Service Center,VH08,,,2020,,,,75000,,75000,
2019,Fleet Replacement,25,city FACILITIES,General Fleet,E381,,,,,,5638048,5638048,,,
2019,Housing Services,25,city FACILITIES,Homeless Assistance Facilities,VJ01,,,2020,,,1980000,19980000,18000000,,
2019,Library Facilities,25,city FACILITIES,J. Erik Jonsson Central Library,VE02,,,2019,,,99250,99250,,,
2019,Police Facilities,25,city FACILITIES,Jack Evans DPD Headquarters - Physical Security Enhancements,W049,,,2018,,,266043,266043,,,
2019,Police Facilities,25,city FACILITIES,Jack Evans DPD HQ - Ped Bridge Stair Replacement,P967,,,2020,,,76728,76728,,,
2019,Police Facilities,25,city FACILITIES,Jack Evans Headquarters,VG35,,,2020,,,1250000,1250000,,,
2019,Fire Protection Facilities,25,city FACILITIES,Life Safety - Professional Standards Bureau,VG32,,,2020,,,250000,250000,,,
2019,Administrative and Internal Service Facilities,25,city FACILITIES,Luna Vista Service Center,P761,,,2018,,,398865,398865,,,
2019,Administrative and Internal Service Facilities,25,city FACILITIES,Luna Vista Service Center,P761,,,2018,,,1036532,1036532,,,
2019,Major Maintenance,25,city FACILITIES,Major Maintenance Projects-Arts and Cultural Facilities,W130,,,2019,,,2400000,3400000,1000000,,
2019,City and Municipal Court Facilities,25,city FACILITIES,Martin Luther King Jr. Center - HVAC Controls,VH14,,,2019,,,85000,85000,,,
2019,City and Municipal Court Facilities,25,city FACILITIES,Martin Luther King Jr. Center - Medical,VH15,,,2019,,,764000,764000,,,
2019,City and Municipal Court Facilities,26,city FACILITIES,"Martin Luther King, Jr. Center - Plumbing",VH09,,,2019,,,79821,125000,,45179,
2019,City and Municipal Court Facilities,26,city FACILITIES,McCommas Heavy- Welding Shop - Repair,T750,,,2020,,,403080,403080,,,
2019,Administrative and Internal Service Facilities,26,city FACILITIES,Muchert Service Center,P762,,,2099,,,381172,381172,,,
2019,Administrative and Internal Service Facilities,26,city FACILITIES,Muchert Service Center,P762,,,2099,,,5679205,5679205,,,
2019,City and Municipal Court Facilities,26,city FACILITIES,MuniCIPal Courts Building,T830,,,2020,,,10947833,10947833,,,
2019,Police Facilities,26,city FACILITIES,NC Patrol Station,VG36,,,2020,,,749999,749999,,,
2019,Police Facilities,26,city FACILITIES,NE Patrol Station,VG37,,,2020,,,1075000,1075000,,,
2019,Major Maintenance,26,city FACILITIES,Non-City Owned Cultural Facility Repair,W149,,,2019,,,600000,600000,,,
2019,City and Municipal Court Facilities,26,city FACILITIES,North Central Service Center - Improvements,T753,,,2019,,,679342,679342,,,
2019,City and Municipal Court Facilities,26,city FACILITIES,Northeast Transfer Station - Repairs,T754,,,2020,,,58865,58865,,,
2019,Police Facilities,26,city FACILITIES,NW Patrol Station,VG38,,,2020,,,774999,774999,,,
2019,City and Municipal Court Facilities,26,city FACILITIES,Oak Cliff MuniCIPal Center - Replace Air Handler,T756,,,2020,,,299249,299249,,,
2019,City and Municipal Court Facilities,26,city FACILITIES,Oak Cliff MuniCIPal Center,VH10,,,2020,,,,2000000,,2000000,
2019,Public Art,26,city FACILITIES,PA60_Public Art Projects,PA60,,,,,,148620,148620,,,
2019,Administrative and Internal Service Facilities,26,city FACILITIES,Park Service Center replacement [2006],T248,,,2025,,,485527,485527,,,
2019,Police Facilities,26,city FACILITIES,Police Academy Building - Phase I-Design,R961,,,2020,,,1733748,1733748,,,
2019,Police Facilities,26,city FACILITIES,Police Headquarters - Garage Structural Repairs and Improvements,DS73,,,2019,,,160873,160873,,,
2019,Police Facilities,26,city FACILITIES,Police Substation - South Central - Construction,R963,,,2020,,,11933323,11933323,,,
2019,Major Maintenance,26,city FACILITIES,Priority Major Maintenance,P717,,,2024,,,9242331,9242331,,,
2019,Public Art,27,city FACILITIES,Public Art Projects- City Facilities,PA50,,,2020,,,75974,75974,,,
2019,Public Art,27,city FACILITIES,Public Arts Admin,PA61,,,,,,37155,37155,,,
2019,Administrative and Internal Service Facilities,27,city FACILITIES,RB2 Renovovate 634 W Davis St 75208 CD1,VI11,,,,,,,350000,350000,,
2019,Police Facilities,27,city FACILITIES,SC Patrol Station,VG39,,,2020,,,774000,774000,,,
2019,Police Facilities,27,city FACILITIES,SE Patrol Station,VG40,,,2020,,,775000,775000,,,
2019,Police Facilities,27,city FACILITIES,South Central Police Substation Parking Expansion,W067,,,2019,,,690193,690193,,,
2019,City and Municipal Court Facilities,27,city FACILITIES,Southwest Service Center - Fleet Maintenance - Roof,T770,,,2020,,,568699,568699,,,
2019,City and Municipal Court Facilities,27,city FACILITIES,Southwest Transfer Station [24410],VH11,,,2019,,,205000,205000,,,
2019,City and Municipal Court Facilities,27,city FACILITIES,Storage Facility,VH01,,,2019,,,,325000,,325000,
2019,Police Facilities,27,city FACILITIES,SW Patrol Station,VG41,,,2020,,,775000,775000,,,
2019,Police Facilities,27,city FACILITIES,SW Patrol Station,VG42,,,2020,,,185000,1250000,1065000,,
2019,City and Municipal Court Facilities,27,city FACILITIES,Unspecified ADA Improvements,VH12,,,2020,,,1420000,3230000,695000,665000,450000
2019,Library Facilities,27,city FACILITIES,Vickery Meadow Branch Library,VE03,,,2020,,,6283008,7783008,1500000,,
2019,City and Municipal Court Facilities,27,city FACILITIES,Vickery Meadow Community Court,W141,,,2019,,,557337,557337,,,
2019,City and Municipal Court Facilities,27,city FACILITIES,West Dallas Multipurpose Center,VH13,,,2020,,,2255597,2500000,,,244403
2019,,27,city FACILITIES,Grand Total,,,,,,,206808689,383135313,75743000,50011179,50572445
2019,Convention Center Improvement,31,CONVENTIOn & EVENT SERVICES,82 Rev Bonds Completed - 8208,,,,,,,42149170,42149170,,,
2019,Convention Center Improvement,31,CONVENTIOn & EVENT SERVICES,Ballroom A Electrical Upgrade Project,W103,,,2019,,,2000000,2350000,350000,,
2019,Convention Center Improvement,31,CONVENTIOn & EVENT SERVICES,C and D Meeting Room Renovation,W293,,,2020,,,,2000000,,,2000000
2019,Convention Center Improvement,31,CONVENTIOn & EVENT SERVICES,Convention Center Facility Improvements,W111,,,2021,,,11167329,14642329,750000,2725000,
2019,Convention Center Improvement,31,CONVENTIOn & EVENT SERVICES,Convention Facility Elevator Escalator Improvement Project,W106,,,2020,,,3358334,8998334,1300000,,4340000
2019,Convention Center Improvement,31,CONVENTIOn & EVENT SERVICES,Convention Facility Operable Wall Replacements,W175,,,2019,,,1536904,1536904,,,
2019,Convention Center Improvement,31,CONVENTIOn & EVENT SERVICES,Convention Facility Security System Upgrade Project,W104,,,2019,,,725000,1225000,,500000,
2019,Convention Center Improvement,31,CONVENTIOn & EVENT SERVICES,Convention Facility Wayfinding Signage,W102,,,2019,,,1875000,2475000,,,600000
2019,Convention Center Improvement,31,CONVENTIOn & EVENT SERVICES,Electronic-Mechanical Lock Replacement,W219,,,2019,,,1500000,2500000,1000000,,
2019,Convention Center Improvement,31,CONVENTIOn & EVENT SERVICES,F Hall Roof Replacement,W295,,,2020,,,1800000,1800000,,,
2019,Convention Center Improvement,31,CONVENTIOn & EVENT SERVICES,Fire Sprinkler Pipe Replacement,W298,,,2020,,,3000000,5376867,2376867,,
2019,Convention Center Improvement,31,CONVENTIOn & EVENT SERVICES,Flatwork around Facility,W297,,,2020,,,1000000,2000000,1000000,,
2019,Convention Center Improvement,31,CONVENTIOn & EVENT SERVICES,IT Office Renovation Project,W252,,,2018,,,195000,195000,,,
2019,Convention Center Improvement,31,CONVENTIOn & EVENT SERVICES,KBHCCD A100 Interior Improvement Project,W246,,,2018,,,700000,700000,,,
2019,Convention Center Improvement,31,CONVENTIOn & EVENT SERVICES,KBHCCD Interior- Exterior Door Replacement Project,W218,,,2020,,,1800000,1800000,,,
2019,Convention Center Improvement,31,CONVENTIOn & EVENT SERVICES,KBHCCD Water Infiltration Project,W188,,,2019,,,4600000,4600000,,,
2019,Convention Center Improvement,31,CONVENTIOn & EVENT SERVICES,Kitchen Improvement Project,W073,,,2019,,,3688238,3688238,,,
2019,Convention Center Improvement,31,CONVENTIOn & EVENT SERVICES,Replacement of Lobby A/B Flooring,W292,,,2020,,,2000000,3000000,,1000000,
2019,Convention Center Improvement,31,CONVENTIOn & EVENT SERVICES,Retrofit - Equipment - 9084,,,,,,,16355805,16355805,,,
2019,Convention Center Improvement,31,CONVENTIOn & EVENT SERVICES,Reunion Parking Garage Renovation,W291,,,2020,,,3767033,9767033,2000000,1000000,3000000
2019,Convention Center Improvement,31,CONVENTIOn & EVENT SERVICES,Revenue Contingency - 9070,,,,,,,11977188,11977188,,,
2019,Convention Center Improvement,32,CONVENTIOn & EVENT SERVICES,War Memorial Repairs,W294,,,2020,,,,328296,150000,178296,
2019,,32,CONVENTIOn & EVENT SERVICES,Grand Total,,,,,,,115195001,139465164,8926867,5403296,9940000
2019,Cultural Facilities,35,Cultural FACILITIES,Bath House Cultural Center,VF01,,,,,,831700,1421700,590000,,
2019,Cultural Facilities,35,Cultural FACILITIES,Dallas Black Dance Theatre,VF08,,,,,,78300,978300,687060,,212940
2019,Cultural Facilities,35,Cultural FACILITIES,Dallas Black Dancetheater,R917,,,2020,,,3489898,3489898,,,
2019,Cultural Facilities,35,Cultural FACILITIES,Dallas Black Dancetheater,R917,,,2020,,,2148559,2148559,,,
2019,Cultural Facilities,35,Cultural FACILITIES,Dallas Heritage Village,VF02,,,,,,232000,250000,,,18000
2019,Cultural Facilities,35,Cultural FACILITIES,Dallas Museum of Art,VF03,,,,,,6000000,6000000,,,
2019,Cultural Facilities,35,Cultural FACILITIES,Kalita Humphreys Theater (24466),VF04,,,,,,494800,525000,,,30200
2019,Public Art,35,Cultural FACILITIES,Kiest Park Public Art,P958,,,2099,,,28000,28000,,,
2019,Cultural Facilities,35,Cultural FACILITIES,Meyerson,VF05,,,,,,3800000,3800000,,,
2019,Cultural Facilities,35,Cultural FACILITIES,Oak Cliff Cultural Center,VF06,,,,,,110000,110000,,,
2019,Cultural Facilities,35,Cultural FACILITIES,Old City Park,R920,,,2020,,,1001496,1001496,,,
2019,Cultural Facilities,35,Cultural FACILITIES,Old City Park,R920,,,2020,,,666062,666062,,,
2019,Public Art,35,Cultural FACILITIES,Public Art Admin - Streets,PA14,,,2019,,,67525,67525,,,
2019,Public Art,35,Cultural FACILITIES,Public Art Admin - Streets and Transportation,PA39,,,2019,,,305961,305961,,,
2019,Public Art,35,Cultural FACILITIES,Public Art Admin-Park,N809,,,2099,,,772122,772122,,,
2019,Public Art,35,Cultural FACILITIES,Public Art Admin-Park,N809,,,2099,,,95400,95400,,,
2019,Public Art,35,Cultural FACILITIES,Public Art Admin- SpecStreets,PA26,,,2019,,,48998,48998,,,
2019,Public Art,35,Cultural FACILITIES,Public Art Proj-Park,N810,,,2099,,,2464476,2464476,,,
2019,Public Art,35,Cultural FACILITIES,Public Art Proj-Park,N810,,,2099,,,381600,381600,,,
2019,Cultural Facilities,35,Cultural FACILITIES,Sammons Center,VF07,,,,,,765260,900000,,,134740
2019,Cultural Facilities,36,Cultural FACILITIES,South Dallas Cultural Center,VF09,,,,,,250000,250000,,,
2019,,36,Cultural FACILITIES,Grand Total,,,,,,,24032157,25705097,1277060,0,395880
2019,Downtown Connection Tax Increment Financing District,45,Economic Development,1401 Elm Redevelopment Project,P853,,,2024,,,1372468,32754355,,20309544,11072343
2019,Downtown Connection Tax Increment Financing District,45,Economic Development,1712 Commerce Hotel,P952,,,2027,,,352856,845274,195000,148709,148709
2019,Farmers Market Tax Increment Financing District,45,Economic Development,2101 Taylor St Development,P847,,,,,,,2142498,122595,107595,1912308
2019,City Center Tax Increment Financing District,45,Economic Development,211 N. Ervay Redevelopment,P799,,,,,,121804,2052005,1930201,,
2019,Downtown Connection Tax Increment Financing District,45,Economic Development,411 N Akard Bldg Redevelopment,P943,,,2027,,,1285784,2077516,295546,248093,248093
2019,Davis Garden Tax Increment Financing District,45,Economic Development,4512 W. Davis Street Public Improvement,P610,,,,,,281330,1204355,214914,259160,448951
2019,Public/Private Partnership Program,45,Economic Development,Action Plan for Southern Sector Eco Development,P525,,,2018,,,200000,200000,,,
2019,Public/Private Partnership Program,45,Economic Development,Advisory Services for City's Housing Policy,W055,,,,,,125000,125000,,,
2019,Vickery Meadow Tax Increment Financing District,45,Economic Development,Affordable Housing,P474,,,,,,555000,649097,94097,,
2019,Housing Services,45,Economic Development,Affordable Housing Part CIP,P008,,,,,,1620566,1620566,,,
2019,Transit-Oriented Development (TOD) Tax Increment Financing District,45,Economic Development,Alamo Drafthouse Cinema,P948,,,2006,,,654846,1008289,214105,139338,
2019,Design District Tax Increment Financing District,45,Economic Development,Alexan Riveredge Development,P926,,,,,,7650000,7800000,150000,,
2019,Oak Cliff Gateway Tax Increment Financing District,45,Economic Development,Alexan Trinity Project,P758,,,2014,,,3802514,3802514,,,
2019,Downtown Connection Tax Increment Financing District,45,Economic Development,Atmos Complex Phase I and II,P507,,,,,,15561517,15561517,,,
2019,Oak Cliff Gateway Tax Increment Financing District,45,Economic Development,Bishop Arts Project Phase I,P930,,,2018,,,715000,5000000,769573,3515427,
2019,Oak Cliff Gateway Tax Increment Financing District,45,Economic Development,Bishop Arts Station Project,W059,,,,,,690000,6070072,1453440,1922316,2004316
2019,Southwestern Medical Tax Increment Financing District,45,Economic Development,Cedars Branch Bridge,P895,,,,,,,826500,,826500,
2019,Southwestern Medical Tax Increment Financing District,46,Economic Development,Cedars Branch Town Homes,P896,,,,,,,7898366,5938452,1959914,
2019,Cedars Tax Increment Financing District,46,Economic Development,Cedars Tax Increment,Q001,,,2022,,,2798572,7062193,1379411,1420793,1463417
2019,City Center Tax Increment Financing District,46,Economic Development,City Center Misc-Prof Services,Q028,,,,,,165000,165000,,,
2019,City Center Tax Increment Financing District,46,Economic Development,City Center Parking,Q020,,,2020,,,14333356,14607758,180000,,94402
2019,City Center Tax Increment Financing District,46,Economic Development,City Center Street Scaping,Q021,,,,,,3369130,3369130,,,
2019,City Center Tax Increment Financing District,46,Economic Development,City Center Tax Increment - 9912,,,,2038,,,14511145,20793738,,,6282593
2019,Cityplace Tax Increment Financing District,46,Economic Development,City Place Misc-Prof Serv,Q022,,,,,,200000,200000,,,
2019,Cityplace Tax Increment Financing District,46,Economic Development,Cityplace Tax Increment - 9941,,,,2019,,,29642045,29642045,,,
2019,Cityplace Tax Increment Financing District,46,Economic Development,Cityplace-Admin - 9825,,,,2019,,,1287265,1287265,,,
2019,Fort Worth Avenue Tax Increment Financing District,46,Economic Development,Collective Mixed Use Development,W180,,,2021,,,496563,496563,,,
2019,Farmers Market Tax Increment Financing District,46,Economic Development,Community Garden & Futsal Field,P848,,,,,,,32280,10760,10760,10760
2019,Downtown Connection Tax Increment Financing District,46,Economic Development,Continental Bldg Increment Repayment,P832,,,2021,,,4068470,4617296,189546,179640,179640
2019,City Center Tax Increment Financing District,46,Economic Development,Corgan-Crescent Addition Project,W174,,,2019,,,5520,157080,50520,50520,50520
2019,Cityplace Tax Increment Financing District,46,Economic Development,Criterion Cityplace Urban Resort,P366,,,2009,,,108530,108530,,,
2019,Cypress Waters Tax Increment Financing District,46,Economic Development,Cypress Waters Phase I Development,P668,,,2021,,,6707832,8636573,1928741,,
2019,Cypress Waters Tax Increment Financing District,46,Economic Development,Cypress Waters Phase II Development,P759,,,2015,,,,7496797,,4081687,3415110
2019,Cypress Waters Tax Increment Financing District,46,Economic Development,Cypress Waters Repayment of Advances,P634,,,2041,,,,8493387,1443134,3473031,3577222
2019,Cypress Waters Tax Increment Financing District,46,Economic Development,Cypress Waters TIF,P633,,,2041,,,146437,146437,,,
2019,Public/Private Partnership Program,46,Economic Development,Dallas Protocol and World Affairs Council Contract,P476,,,,,,2720505,3320505,200000,200000,200000
2019,Capital Budget,47,Economic Development,Danieldale Road Imp.,P663,,,2019,,,1300000,1300000,,,
2019,Davis Garden Tax Increment Financing District,47,Economic Development,Davis Garden - Repayment of Advances,P563,,,2040,,,1019176,2801202,892501,740092,149433
2019,Davis Garden Tax Increment Financing District,47,Economic Development,Davis Garden Admin,P409,,,2040,,,300000,300000,,,
2019,Davis Garden Tax Increment Financing District,47,Economic Development,Davis St Between Hampton - Montclaire Public Improvement,P437,,,2020,,,1899332,1899332,,,
2019,Deep Ellum Tax Increment Financing District,47,Economic Development,Deep Ellum Repay Dev Adv,P406,,,2027,,,1963333,11382103,3047258,3138676,3232836
2019,Design District Tax Increment Financing District,47,Economic Development,Design District TIF - Repayment of Advances,P471,,,2028,,,10451454,19730816,157427,4493564,4628371
2019,Capital Budget,47,Economic Development,Disc Eco Dev CD3-Sq 67 SC,VI07,,,,,,1450000,1450000,,,
2019,Capital Budget,47,Economic Development,Disc Eco Dev CD6 HAWK Signal - Singleton - ECO,VI08,,,,,,250000,250000,,,
2019,Capital Budget,47,Economic Development,Disc Eco Dev CD6 Hawk Signal at Singleton,VI09,,,,,,2500000,2500000,,,
2019,Capital Budget,47,Economic Development,Disc Mayor SDIMF,VI10,,,,,,500000,500000,,,
2019,Capital Budget,47,Economic Development,Discretionary Economic Development - Mayor,VI02,,,2020,,,2500000,2500000,,,
2019,Capital Budget,47,Economic Development,Discretionary Economic Development CD3,VI03,,,2025,,,2500000,2500000,,,
2019,Capital Budget,47,Economic Development,Discretionary Economic Development CD8,VI04,,,2025,,,3012200,3012200,,,
2019,Oak Cliff Gateway Tax Increment Financing District,47,Economic Development,DISD – Hogg Elementary,W300,,,2027,,,494584,494584,,,
2019,Downtown Connection Tax Increment Financing District,47,Economic Development,Downtown Connection TIF - Increments,P305,,,2036,,,4063632,32144792,6187526,9316085,12577549
2019,Downtown Connection Tax Increment Financing District,47,Economic Development,Downtown Connection TIF - Repayment of Advances,P566,,,,,,2807691,2807691,,,
2019,Public/Private Partnership Program,47,Economic Development,Downtown Retail Program-Phase III,P435,,,2019,,,1212008,1212008,,,
2019,Capital Budget,48,Economic Development,Eco Dev Program for CIty of Dallas Neighborhood Empowerment No. 10 (NEZ 10),VI13,,,,,,1000000,1000000,,,
2019,Public/Private Partnership Program,48,Economic Development,Economic Development - Pilot,P151,,,,,,32919333,57219333,8100000,8100000,8100000
2019,Capital Budget,48,Economic Development,Economic Development And Housing Demand Driven Projects,S801,,,,,,19427895,19427895,,,
2019,Capital Budget,48,Economic Development,Economic Development- Housing,VI01,,,2023,,,695537,36283337,3200000,16400000,15987800
2019,Downtown Connection Tax Increment Financing District,48,Economic Development,Fairfield at Ross Dev. Project,P778,,,2016,,,5094280,5094280,,,
2019,Farmers Market Tax Increment Financing District,48,Economic Development,Farmers Market Admin - 9576,,,,2029,,,799369,799369,,,
2019,Farmers Market Tax Increment Financing District,48,Economic Development,Farmers Mkt Misc-Prof Services,Q024,,,,,,50000,50000,,,
2019,Cityplace Tax Increment Financing District,48,Economic Development,Farmers Mkt Tax Increment,Q005,,,2029,,,588383,9539473,2895949,2982828,3072313
2019,Farmers Market Tax Increment Financing District,48,Economic Development,Farmers Mkt Tax Increments,Q025,,,,,,3248832,3248832,,,
2019,City Center Tax Increment Financing District,48,Economic Development,Flora Street Lofts,W169,,,,,,,4577917,3572544,596506,408867
2019,Farmers Market Tax Increment Financing District,48,Economic Development,Fm Mixed-Use Development,P846,,,2017,,,4593126,6329170,1736044,,
2019,Fort Worth Avenue Tax Increment Financing District,48,Economic Development,Fort Worth Ave Admin,P408,,,,,,306563,306563,,,
2019,Fort Worth Avenue Tax Increment Financing District,48,Economic Development,Fort Worth Ave. - Repayment of Advances,P562,,,,,,83500,7223224,2309918,2379215,2450591
2019,Grand Park South Tax Increment Financing District,48,Economic Development,Grand Park South - Repayment of Advances,P397,,,2035,,,212681,734740,168902,173969,179188
2019,Grand Park South Tax Increment Financing District,48,Economic Development,Grand Park South - TIF Administration,P396,,,2035,,,204976,204976,,,
2019,Sports Arena Tax Increment Financing District,48,Economic Development,Hartford Building Redevelopment Project,P879,,,,,,747409,1176752,331514,97829,
2019,Capital Budget,48,Economic Development,Hillcrest Village Shopping Ctr-CD 12 Disc,VI06,,,2022,,,3000000,3000000,,,
2019,Design District Tax Increment Financing District,49,Economic Development,Hotel Project Fund,W301,,,2019,,,2000000,6000000,4000000,,
2019,Capital Budget,49,Economic Development,HOU Prop 8 Acquisition - Demolition,T808,,,,,,19283318,19283318,,,
2019,Capital Budget,49,Economic Development,Housing - Acquisition and Demolition,T807,,,,,,15203770,15203770,,,
2019,Housing Services,49,Economic Development,Housing Purposes,P477,,,2018,,,2000000,2000000,,,
2019,Davis Garden Tax Increment Financing District,49,Economic Development,IH 30 frontage road (CONSTRUCTION) Project,P621,,,,,,,436343,,436343,
2019,Davis Garden Tax Increment Financing District,49,Economic Development,Improvement at 32 Pinnacle Park Blvd,P584,,,2019,,,221408,1902410,214914,362747,1103341
2019,Public/Private Partnership Program,49,Economic Development,Infrasturcture Imp- Public,R256,,,2019,,,1000153,1000153,,,
2019,Skillman Corridor Tax Increment Financing District,49,Economic Development,Lake Highlands Gateway Bridge Enhancement Project,W187,,,,,,35000,70000,35000,,
2019,Skillman Corridor Tax Increment Financing District,49,Economic Development,Lake Highlands Tower Center,P373,,,,,,10005699,11667950,1662251,,
2019,Skillman Corridor Tax Increment Financing District,49,Economic Development,Lakeridge Project,W227,,,2019,,,,3308454,3308454,,
2019,Transit-Oriented Development (TOD) Tax Increment Financing District,49,Economic Development,Lancaster Urban Village,P614,,,,,,,8058764,2777326,2504112,2777326
2019,Maple-Mockingbird Tax Increment Financing District,49,Economic Development,Love Field Hotel Project,P937,,,2017,,,3000000,3000000,,,
2019,Downtown Connection Tax Increment Financing District,49,Economic Development,LTV Tower Redevelopment Project,P797,,,2021,,,551520,10141456,9589936,,
2019,Public/Private Partnership Program,49,Economic Development,Main District Initiative,P102,,,2019,,,2963812,2963812,,,
2019,Mall Area Redevelopment Tax Increment Financing District,49,Economic Development,Mall Area Redevelopment-TIF Admin,W008,,,2044,,,81470,2312097,1082356,565651,582620
2019,Maple-Mockingbird Tax Increment Financing District,49,Economic Development,Maple Station Public Improvement Project,P790,,,2033,,,6257418,6257418,,,
2019,Maple-Mockingbird Tax Increment Financing District,49,Economic Development,Maple-Mockingbird - Repayment of Advances,P565,,,2033,,,2239188,12687979,3380501,3481916,3586374
2019,Public/Private Partnership Program,49,Economic Development,Meek Street from Carbondale St to Hull St,P378,,,2020,,,450563,450563,,,
2019,City Center Tax Increment Financing District,50,Economic Development,Mid Elm Lofts Project,P914,,,,,,9064,4051448,13617,13617,4015150
2019,Public/Private Partnership Program,50,Economic Development,Misc. Economic Development - 9992,,,,,,,57387616,57387616,,,
2019,Cityplace Tax Increment Financing District,50,Economic Development,Noble-Oak Grove- Howell Public Imp.,P608,,,2019,,,12000001,12000001,,,
2019,Sports Arena Tax Increment Financing District,50,Economic Development,North Parking Garage Project,P729,,,2028,,,14891643,20870748,1993035,1993035,1993035
2019,Sports Arena Tax Increment Financing District,50,Economic Development,North Parking Garage Transfer,Q049,,,2043,,,1721114,1721114,,,
2019,Oak Cliff Gateway Tax Increment Financing District,50,Economic Development,Oak Cliff-Gateway Admin - 9915,,,,,,,908189,908189,,,
2019,Oak Cliff Gateway Tax Increment Financing District,50,Economic Development,Oakliff Tax Increment,Q002,,,2045,,,2067259,8445849,2712125,2793488,872977
2019,Deep Ellum Tax Increment Financing District,50,Economic Development,Old Dallas High School/Crozier Tech,W078,,,,,,1546610,5046870,3047258,453002,
2019,Downtown Connection Tax Increment Financing District,50,Economic Development,Petro Corrigan Project,P742,,,2020,,,7936212,7936212,,,
2019,Downtown Connection Tax Increment Financing District,50,Economic Development,PetroCorrigan Project Phase II,P957,,,2027,,,237612,733924,185180,155566,155566
2019,Cedars Tax Increment Financing District,50,Economic Development,Plaza Hotel Project,P836,,,2022,,,2197529,2197529,,,
2019,Capital Budget,50,Economic Development,Public Art Projects - Economic Development,PA48,,,,,,106593,106593,,,
2019,Public/Private Partnership Program,50,Economic Development,Public Private Partnership - Retail Rehabilitation Demonstra,W018,,,,,,1000000,1000000,,,
2019,Public/Private Partnership Program,50,Economic Development,Pub-Private Infrastructure - 9953,,,,,,,3582988,3582988,,,
2019,Historic Restoration,50,Economic Development,Randall Park - Historic Pavilion Restoration,VK89,,,2020,,,,250000,,250000,
2019,City Center Tax Increment Financing District,50,Economic Development,Redev. Fidelity Union Life Bldg,P180,,,2007,,,11054926,11054926,,,
2019,Downtown Connection Tax Increment Financing District,50,Economic Development,Redevelopment of Dallas Arts Garage,P510,,,2019,,,8922656,8922656,,,
2019,City Center Tax Increment Financing District,50,Economic Development,Repayment Of Developer Adv,Q014,,,,,,12940026,12940026,,,
2019,Cityplace Tax Increment Financing District,51,Economic Development,Repayment-Develop Advances,P131,,,,,,1244272,1244272,,,
2019,Skillman Corridor Tax Increment Financing District,51,Economic Development,RISD Public Improvement Reimbursement,P684,,,2007,,,1017711,2558827,411877,519731,609508
2019,Public/Private Partnership Program,51,Economic Development,SD Adaptive Reuse Program,P886,,,,,,150000,150000,,,
2019,Skillman Corridor Tax Increment Financing District,51,Economic Development,Skillman Corridor TIF - Repayment of Advances,P472,,,2036,,,-120594,13729928,2593587,5545288,5711647
2019,Skillman Corridor Tax Increment Financing District,51,Economic Development,Skillman Corridor TIF District Fund,W249,,,2036,,,730929,1570484,716060,123495,
2019,Public/Private Partnership Program,51,Economic Development,Small Business Facade Program,P885,,,,,,100000,100000,,,
2019,Public/Private Partnership Program,51,Economic Development,Southern Dallas Adaptive Reuse Grant Program - Phase II,W142,,,,,,250000,250000,,,
2019,Public/Private Partnership Program,51,Economic Development,Southwest Center Mall Redevelopment,P587,,,,,,186200,186200,,,
2019,Southwestern Medical Tax Increment Financing District,51,Economic Development,Southwestern Medical TIF - Repayment of Advances,P469,,,2027,,,5088414,10907962,1471270,2787408,1560870
2019,Sports Arena Tax Increment Financing District,51,Economic Development,Sports Arena Admin - 9630,,,,,,,1085770,1640770,185000,185000,185000
2019,Sports Arena Tax Increment Financing District,51,Economic Development,Sports Arena Advances,Q030,,,,,,1835562,1835562,,,
2019,Sports Arena Tax Increment Financing District,51,Economic Development,Sports Arena Increment,Q003,,,2043,,,1410943,33301535,10317575,10627102,10945915
2019,Sports Arena Tax Increment Financing District,51,Economic Development,Sports Arena Misc-Prof Sv,Q026,,,,,,48000,48000,,,
2019,St. Thomas Tax Increment Financing District,51,Economic Development,St. Thomas TIF Public Imp,P145,,,2013,,,10432429,10432429,,,
2019,Downtown Connection Tax Increment Financing District,51,Economic Development,Statler-Library Jackson- ST Redevelopment.,P884,,,2026,,,918882,14669932,12390324,753206,607520
2019,Downtown Connection Tax Increment Financing District,51,Economic Development,Stoneleigh Hotel [2927 Maple Ave],P298,,,2008,,,1876244,2849724,348937,348937,275606
2019,Fort Worth Avenue Tax Increment Financing District,51,Economic Development,Sylvan Thirty Mixed-Use Development,P718,,,2015,,,4294406,4294406,,,
2019,City Center Tax Increment Financing District,51,Economic Development,Thanksgiving Tower Renovation,P925,,,2016,,,422101,6235122,1950262,3862759,
2019,Capital Budget,52,Economic Development,The Canyon-Colorado Extension Project,P889,,,2019,,,4536450,4536450,,,
2019,St. Thomas Tax Increment Financing District,52,Economic Development,TIF Administration - 9975,,,,,,,1095743,1095743,,,
2019,Transit-Oriented Development (TOD) Tax Increment Financing District,52,Economic Development,Transit Oriented - Repayment of Advances,P564,,,2039,,,2349221,2349221,,,
2019,Transit-Oriented Development (TOD) Tax Increment Financing District,52,Economic Development,Transit Oriented Devlopment - TIF,P559,,,2039,,,3434858,10660260,2337637,2407766,2479999
2019,Sports Arena Tax Increment Financing District,52,Economic Development,Trinity Groves Mixed Use Project,P924,,,2018,,,1914759,13733132,3433121,4099738,4285514
2019,Sports Arena Tax Increment Financing District,52,Economic Development,Trinity Groves Project,P878,,,2019,,,3927409,6076558,2149149,,
2019,Sports Arena Tax Increment Financing District,52,Economic Development,Two-Way Signage Project,P898,,,2018,,,4780003,4780003,,,
2019,Capital Budget,52,Economic Development,UL 4315 S Lancaster Rd 75216 CD4,VI12,,,,,,750000,750000,,,
2019,Vickery Meadow Tax Increment Financing District,52,Economic Development,Vickery Meadow Admin,P403,,,2027,,,308981,308981,,,
2019,Vickery Meadow Tax Increment Financing District,52,Economic Development,Vickery Meadow TIF - Repayment of Advances,P470,,,2028,,,13580649,22156450,2774532,2857768,2943501
2019,Sports Arena Tax Increment Financing District,52,Economic Development,Victory Park Lane Public Improvement Project,P843,,,2017,,,5622657,5622657,,,
2019,Sports Arena Tax Increment Financing District,52,Economic Development,Victory South Parking Garage Imp,P780,,,2028,,,4276000,6841000,855000,855000,855000
2019,Sports Arena Tax Increment Financing District,52,Economic Development,Victory Sub-District Placemaking,P947,,,,,,3462829,3462829,,,
2019,Sports Arena Tax Increment Financing District,52,Economic Development,Victory SU-District Retail,W151,,,2018,,,,3500000,1166668,1166666,1166666
2019,Public/Private Partnership Program,52,Economic Development,"Workforce Readiness, Placement and Retention Program",W178,,,2020,,,1641898,1641898,,,
2019,Capital Budget,52,Economic Development,Wynnewood Village Drainage Imp - ECO,VI05,,,2020,,,1304463,1304463,,,
2019,,52,Economic Development,Grand Total,,,,,,,514504891,905997060,126462570,136421132,128608467
2019,Erosion Control,57,Flood Protection & STORM DRAINAGE MANAGEMENT,"10836, 10840, 10844 Meadowcliff Cir",W093,,,,,,3370,3370,,,
2019,Erosion Control,57,Flood Protection & STORM DRAINAGE MANAGEMENT,845 N Oak Cliff Blvd,W090,,,,,,286325,286325,,,
2019,Stormwater Drainage Management,57,Flood Protection & STORM DRAINAGE MANAGEMENT,Abshire Lane,VD62,,,,,,189000,945000,,756000,
2019,Storm Drainage Relief System,57,Flood Protection & STORM DRAINAGE MANAGEMENT,"Acres/Grady Detention Basins 1 & 2, Dredging",W398,,,,,,,1240000,163680,,1076320
2019,Stormwater Drainage Management,57,Flood Protection & STORM DRAINAGE MANAGEMENT,"Alderson, 3700",VD42,,,,,,237600,1188000,,950400,
2019,Storm Drainage Relief System,57,Flood Protection & STORM DRAINAGE MANAGEMENT,Anderson Ave @ Goodman,W399,,,,,,,27600,,,27600
2019,Erosion Control,57,Flood Protection & STORM DRAINAGE MANAGEMENT,Anderson Bonner - Creek bank stabilization,VK45,,,2022,,,,500000,,70000,430000
2019,Erosion Control,57,Flood Protection & STORM DRAINAGE MANAGEMENT,Anderson Bonner Park Site 1 - Hike - Bike Trail [Wrc 164],S701,,,,,,135,135,,,
2019,Storm Drainage Relief System,57,Flood Protection & STORM DRAINAGE MANAGEMENT,Ash Creek - S Fork Channel Imprv at John West,W400,,,,,,,243500,,,243500
2019,Erosion Control,57,Flood Protection & STORM DRAINAGE MANAGEMENT,Audelia 11601 [Audelia - E Bank],S702,,,,,,379923,379923,,,
2019,Erosion Control,57,Flood Protection & STORM DRAINAGE MANAGEMENT,Bainbridge 2733,S703,,,,,,89625,89625,,,
2019,Erosion Control,57,Flood Protection & STORM DRAINAGE MANAGEMENT,"Baymar Lane, 6201",VD26,,,,,,40000,200000,,160000,
2019,Storm Drainage Relief System,57,Flood Protection & STORM DRAINAGE MANAGEMENT,Beckley @ Coombs Creek Drinage Study,W401,,,,,,,125000,,,125000
2019,Stormwater Drainage Management,57,Flood Protection & STORM DRAINAGE MANAGEMENT,Belt Line Road S. 2327: Voluntary purchase,W229,,,,,,159000,159000,,,
2019,Storm Drainage Relief System,57,Flood Protection & STORM DRAINAGE MANAGEMENT,"Bent Creek Detention Basin, Dredging",W402,,,,,,,100000,13200,,86800
2019,Erosion Control,57,Flood Protection & STORM DRAINAGE MANAGEMENT,"Betty Jane, 10225",VD27,,,,,,39400,197000,157600,,
2019,Erosion Control,57,Flood Protection & STORM DRAINAGE MANAGEMENT,Bitter Creek Park - Creek bank stabilization,VB67,,,2022,,,,273000,,100000,173000
2019,Erosion Control,57,Flood Protection & STORM DRAINAGE MANAGEMENT,Bonnie View over Five Mile Creek,VD12,,,,,,,645000,,645000,
2019,Erosion Control,57,Flood Protection & STORM DRAINAGE MANAGEMENT,"Brittania Way, 8470- 8506, Erosion Control Pilot",VD20,,,,,,54000,270000,,216000,
2019,Erosion Control,58,Flood Protection & STORM DRAINAGE MANAGEMENT,"Brushy Creek Trail, 5719",VD23,,,,,,63000,315000,,252000,
2019,Erosion Control,58,Flood Protection & STORM DRAINAGE MANAGEMENT,Burninglog 13156,S709,,,,,,68600,68600,,,
2019,Stormwater Drainage Management,58,Flood Protection & STORM DRAINAGE MANAGEMENT,Calcutta 616 (RL Area 40),W273,,,,,,,634644,440000,,194644
2019,Erosion Control,58,Flood Protection & STORM DRAINAGE MANAGEMENT,Caracas 5410 - 5416,S710,,,,,,500,500,,,
2019,Erosion Control,58,Flood Protection & STORM DRAINAGE MANAGEMENT,Cavender 445,S711,,,,,,805,805,,,
2019,Storm Drainage Relief System,58,Flood Protection & STORM DRAINAGE MANAGEMENT,Cedar Creek Bridge @ Clarendon,W403,,,,,,,281000,,,281000
2019,Storm Drainage Relief System,58,Flood Protection & STORM DRAINAGE MANAGEMENT,Cedar Creek Bridge @ Moore,W404,,,,,,,147600,,,147600
2019,Stormwater Drainage Management,58,Flood Protection & STORM DRAINAGE MANAGEMENT,Cedar Creek Culvert @ W. Clarendon Drive,W230,,,,,,206250,206250,,,
2019,Erosion Control,58,Flood Protection & STORM DRAINAGE MANAGEMENT,Cedar Springs 5910,S712,,,,,,710,710,,,
2019,Stormwater Drainage Management,58,Flood Protection & STORM DRAINAGE MANAGEMENT,Chalkhill Branch - I30/Loop 12 iInterchange,VD33,,,,,,156000,780000,,624000,
2019,Erosion Control,58,Flood Protection & STORM DRAINAGE MANAGEMENT,Church Rd 9233,S713,,,,,,339010,339010,,,
2019,Erosion Control,58,Flood Protection & STORM DRAINAGE MANAGEMENT,"Claren Court 7106, 7110, 7114",VD24,,,,,,34600,173000,,138400,
2019,Erosion Control,58,Flood Protection & STORM DRAINAGE MANAGEMENT,Clearbrook Lane 10500 Blk,VD17,,,,,,30000,150000,,120000,
2019,Erosion Control,58,Flood Protection & STORM DRAINAGE MANAGEMENT,"Clubcreek Circle 8903, 8907, 8911",VD14,,,,,,877000,877000,,,
2019,Erosion Control,58,Flood Protection & STORM DRAINAGE MANAGEMENT,Clubhouse Circle 6523 - 6527,S715,,,,,,112341,112341,,,
2019,Stormwater Drainage Management,58,Flood Protection & STORM DRAINAGE MANAGEMENT,Coolgreene 8208,W231,,,,,,315000,391575,,76575,
2019,Erosion Control,58,Flood Protection & STORM DRAINAGE MANAGEMENT,Coombs Creek - Hampton to Davis,VD01,,,,,,2100000,2625000,,525000,
2019,Erosion Control,58,Flood Protection & STORM DRAINAGE MANAGEMENT,Coombs I-30 Outfalls,W091,,,,,,337651,337651,,,
2019,Flood Management,58,Flood Protection & STORM DRAINAGE MANAGEMENT,Council District 10,VD84,,,,,,,1000000,,1000000,
2019,Erosion Control,58,Flood Protection & STORM DRAINAGE MANAGEMENT,Country Brook Pond Btwn Park Grove Ln - Quail Hollow Rd,S717,,,,,,49157,49157,,,
2019,Stormwater Drainage Management,59,Flood Protection & STORM DRAINAGE MANAGEMENT,Country Brook Pond Improvements,VD82,,,,,,22000,110000,,88000,
2019,Stormwater Drainage Management,59,Flood Protection & STORM DRAINAGE MANAGEMENT,Creek Bend Road 7028,VD80,,,,,,14760,82000,,67240,
2019,Stormwater Drainage Management,59,Flood Protection & STORM DRAINAGE MANAGEMENT,Cypress Branch @ Jennie Lee,VD75,,,,,,,183000,18300,164700,
2019,Erosion Control,59,Flood Protection & STORM DRAINAGE MANAGEMENT,"Deep Hill Circle 2625,2641,2663,2667, 2687,2691",VD02,,,,,,1289905,1362762,,72857,
2019,Erosion Control,59,Flood Protection & STORM DRAINAGE MANAGEMENT,"Deep Hill Circle 2671, 2675, 2679. 2683",S718,,,,,,1578,1578,,,
2019,Storm Drainage Relief System,59,Flood Protection & STORM DRAINAGE MANAGEMENT,Dredge Maintenance,W405,,,,,,,400000,,200000,200000
2019,Erosion Control,59,Flood Protection & STORM DRAINAGE MANAGEMENT,"El Cerrito Storm Drainage, 2470",VD11,,,,,,,200000,,200000,
2019,Erosion Control,59,Flood Protection & STORM DRAINAGE MANAGEMENT,"El Cerrito, 2420, 2460, 2522",VD10,,,,,,,528000,,528000,
2019,Stormwater Drainage Management,59,Flood Protection & STORM DRAINAGE MANAGEMENT,Elam Creek Voluntary Purchase (1 home),W275,,,,,,,146050,,146050,
2019,- Stormwater Drainage Management,59,Flood Protection & STORM DRAINAGE MANAGEMENT,Emergency Pipe Repairs Major Maint. of collapsed pipe in critical areas,W268,,,,,,247400,994800,247400,250000,250000
2019,Erosion Control,59,Flood Protection & STORM DRAINAGE MANAGEMENT,Fair Oaks Crossing 8201,S720,,,,,,18528,18528,,,
2019,Erosion Control,59,Flood Protection & STORM DRAINAGE MANAGEMENT,Fair Oaks Crossing 8201,S720,,,,,,129086,129086,,,
2019,Storm Drainage Relief System,59,Flood Protection & STORM DRAINAGE MANAGEMENT,"Fair Oaks Crossing, 8555",W406,,,,,,,42000,,42000,
2019,Storm Drainage Relief System,59,Flood Protection & STORM DRAINAGE MANAGEMENT,"Fair Oaks Detention Basin, Dredging",W407,,,,,,,808000,,,808000
2019,Stormwater Drainage Management,59,Flood Protection & STORM DRAINAGE MANAGEMENT,Five Mile Pkwy 2200 Block,W232,,,,,,424600,424600,,,
2019,Erosion Control,59,Flood Protection & STORM DRAINAGE MANAGEMENT,Five Mile Pkwy W 922,S722,,,,,,425,425,,,
2019,Stormwater Drainage Management,59,Flood Protection & STORM DRAINAGE MANAGEMENT,Flood Management Area - Major Maintenance,W194,,,,,,375000,1125000,250000,250000,250000
2019,Stormwater Drainage Management,59,Flood Protection & STORM DRAINAGE MANAGEMENT,Forest Ridge 9700 Block- Chiswell 9600 Block,VD76,,,,,,,1700000,,1700000,
2019,Stormwater Drainage Management,59,Flood Protection & STORM DRAINAGE MANAGEMENT,Fort Worth Avenue @ Vilbig,VD37,,,,,,40000,200000,,160000,
2019,Storm Drainage Relief System,59,Flood Protection & STORM DRAINAGE MANAGEMENT,"Fox Hollow Lake, Dredging",W408,,,,,,,123000,16236,,106764
2019,Stormwater Drainage Management,60,Flood Protection & STORM DRAINAGE MANAGEMENT,Gabion - Major Maintenance,W196,,,,,,300000,1000000,250000,250000,200000
2019,Stormwater Drainage Management,60,Flood Protection & STORM DRAINAGE MANAGEMENT,Gifford-Roanoke Area Relief System - Phase II/Brookhollow Bridge,VD38,,,,,,328000,1640000,,1312000,
2019,Erosion Control,60,Flood Protection & STORM DRAINAGE MANAGEMENT,Glen Oaks 816,S723,,,,,,137100,137100,,,
2019,Erosion Control,60,Flood Protection & STORM DRAINAGE MANAGEMENT,Glendale Park Sit E1 - Pavilion,S724,,,,,,90247,90247,,,
2019,Erosion Control,60,Flood Protection & STORM DRAINAGE MANAGEMENT,Glendale Park Site 3- S Of Food Bridge,S725,,,,,,34300,34300,,,
2019,Erosion Control,60,Flood Protection & STORM DRAINAGE MANAGEMENT,Glendale Park Site 4 - N Of Footbridge,S726,,,,,,5964,5964,,,
2019,Stormwater Drainage Management,60,Flood Protection & STORM DRAINAGE MANAGEMENT,"Greendale 1721, 1716",VD67,,,,,,,105000,21000,84000,
2019,Stormwater Drainage Management,60,Flood Protection & STORM DRAINAGE MANAGEMENT,Greenhollow/Sapling Way/Clearsprings RL Area 4,W200,,,,,,1370700,1370700,,,
2019,Stormwater Drainage Management,60,Flood Protection & STORM DRAINAGE MANAGEMENT,Greenspan - Kirnwood Area,VD65,,,,,,105000,525000,,420000,
2019,Erosion Control,60,Flood Protection & STORM DRAINAGE MANAGEMENT,Greenville Ave 9230- Vista View 8915,S728,,,,,,300453,300453,,,
2019,Stormwater Drainage Management,60,Flood Protection & STORM DRAINAGE MANAGEMENT,Guildhall-McCree Storm Drainage Relief System,W213,,,,,,,4273830,4273830,,
2019,Stormwater Drainage Management,60,Flood Protection & STORM DRAINAGE MANAGEMENT,Hampton Gate,VD34,,,,,,100000,500000,,400000,
2019,Erosion Control,60,Flood Protection & STORM DRAINAGE MANAGEMENT,Hampton Rd [S] 3817,S729,,,,,,1028,1028,,,
2019,Stormwater Drainage Management,60,Flood Protection & STORM DRAINAGE MANAGEMENT,Hatfield Branch @ Seagoville Channel Improvements,VD71,,,,,,,487000,97400,389600,
2019,Erosion Control,60,Flood Protection & STORM DRAINAGE MANAGEMENT,Healey 2116 - Kingsman 9869,S731,,,,,,137177,137177,,,
2019,Stormwater Drainage Management,60,Flood Protection & STORM DRAINAGE MANAGEMENT,Hearne @ Commerce,VD35,,,,,,49200,246000,,196800,
2019,Stormwater Drainage Management,60,Flood Protection & STORM DRAINAGE MANAGEMENT,Hickory Creek Floodplain Management Study (PB174266),W270,,,,,,,228066,228066,,
2019,Storm Drainage Relief System,60,Flood Protection & STORM DRAINAGE MANAGEMENT,Highgrove Area Drainage Relief System,W410,,,,,,,415500,,,415500
2019,Stormwater Drainage Management,61,Flood Protection & STORM DRAINAGE MANAGEMENT,"Highland Road, 2447",VD68,,,,,,,195000,19500,175500,
2019,Erosion Control,61,Flood Protection & STORM DRAINAGE MANAGEMENT,"Hillside Drive, 3604",VD18,,,,,,30000,150000,,120000,
2019,Storm Drainage Relief System,61,Flood Protection & STORM DRAINAGE MANAGEMENT,"Holliday, 3445, 3449, 3605, 3621",W411,,,,,,,109133,,,109133
2019,Stormwater Drainage Management,61,Flood Protection & STORM DRAINAGE MANAGEMENT,"Hollow Ridge, 4804",VD74,,,,,,,350000,35000,315000,
2019,Stormwater Drainage Management,61,Flood Protection & STORM DRAINAGE MANAGEMENT,"Homer Street, 3215",VD43,,,,,,28200,141000,,112800,
2019,Stormwater Drainage Management,61,Flood Protection & STORM DRAINAGE MANAGEMENT,Hughes Lane - Kalani Place,VD78,,,,,,144000,800000,,,656000
2019,Stormwater Drainage Management,61,Flood Protection & STORM DRAINAGE MANAGEMENT,"Hunnicut Road, 8223",W233,,,,,,263000,263000,,,
2019,Erosion Control,61,Flood Protection & STORM DRAINAGE MANAGEMENT,Joe's Creek - TXU ROW and 3900 Block Vinecrest,VD28,,,,,,35000,350000,,315000,
2019,Stormwater Drainage Management,61,Flood Protection & STORM DRAINAGE MANAGEMENT,Joe's Creek West Fork Bridge @ Walnut Hill,VD47,,,,,,,470000,47000,423000,
2019,Stormwater Drainage Management,61,Flood Protection & STORM DRAINAGE MANAGEMENT,Junius Street @Baylor University Medical Center,VD39,,,,,,164000,820000,,656000,
2019,Storm Drainage Relief System,61,Flood Protection & STORM DRAINAGE MANAGEMENT,"Keeton Park Lake, Dredging",W412,,,,,,,774000,102168,,671832
2019,Stormwater Drainage Management,61,Flood Protection & STORM DRAINAGE MANAGEMENT,Kidd Springs - H&H Study,VD31,,,,,,89000,89000,,,
2019,Stormwater Drainage Management,61,Flood Protection & STORM DRAINAGE MANAGEMENT,Kiest Boulevard W. 2901,W234,,,,,,275000,299575,,24575,
2019,Storm Drainage Relief System,61,Flood Protection & STORM DRAINAGE MANAGEMENT,"Kiest, 2412",W413,,,,,,,50400,,,50400
2019,Storm Drainage Relief System,61,Flood Protection & STORM DRAINAGE MANAGEMENT,"Kiesthill (3407,3411,3431), Kiest Crest (3610), & Kiest Forest (3408,3316)",W414,,,,,,,194880,,,194880
2019,Erosion Control,61,Flood Protection & STORM DRAINAGE MANAGEMENT,Kiesthill Dr 3431,S733,,,,,,1237,1237,,,
2019,Erosion Control,61,Flood Protection & STORM DRAINAGE MANAGEMENT,"Kiesthill Drive, 3335",VD04,,,,,,300000,300000,,,
2019,Erosion Control,61,Flood Protection & STORM DRAINAGE MANAGEMENT,Kildare 4927,S734,,,,,,30802,30802,,,
2019,Stormwater Drainage Management,61,Flood Protection & STORM DRAINAGE MANAGEMENT,Kings Branch @ Genoa,VD61,,,,,,52000,260000,,208000,
2019,Stormwater Drainage Management,61,Flood Protection & STORM DRAINAGE MANAGEMENT,Kings Branch Culvert @ Denley,VD60,,,,,,96000,480000,,384000,
2019,Stormwater Drainage Management,62,Flood Protection & STORM DRAINAGE MANAGEMENT,Kings Branch Culvert @ Edgemont,VD56,,,,,,34600,173000,,138400,
2019,Stormwater Drainage Management,62,Flood Protection & STORM DRAINAGE MANAGEMENT,Kings Branch Culvert @ Georgia,VD54,,,,,,40000,200000,,160000,
2019,Stormwater Drainage Management,62,Flood Protection & STORM DRAINAGE MANAGEMENT,Kings Branch Culvert @ Louisiana,VD59,,,,,,74000,370000,,296000,
2019,Stormwater Drainage Management,62,Flood Protection & STORM DRAINAGE MANAGEMENT,Kings Branch Culvert @ Stella,VD58,,,,,,38000,190000,,152000,
2019,Stormwater Drainage Management,62,Flood Protection & STORM DRAINAGE MANAGEMENT,Kings Branch Culvert @ Woodin,VD57,,,,,,42400,212000,,169600,
2019,Erosion Control,62,Flood Protection & STORM DRAINAGE MANAGEMENT,Kiowa Parkway Hike - Bike Trail,S736,,,,,,195,195,,,
2019,Stormwater Drainage Management,62,Flood Protection & STORM DRAINAGE MANAGEMENT,Lake Cliff at Colorado - H&H Study,VD30,,,,,,59000,59000,,,
2019,Stormwater Drainage Management,62,Flood Protection & STORM DRAINAGE MANAGEMENT,"Lake Highlands Town Center, Dredge Project",VD77,,,,,,160000,800000,,640000,
2019,Stormwater Drainage Management,62,Flood Protection & STORM DRAINAGE MANAGEMENT,Lake June @ St. Augustine,VD72,,,,,,,721000,144200,576800,
2019,Stormwater Drainage Management,62,Flood Protection & STORM DRAINAGE MANAGEMENT,"Lakeland, 2214",W235,,,,,,343750,343750,,,
2019,Erosion Control,62,Flood Protection & STORM DRAINAGE MANAGEMENT,Lanett Circle N 10741,S737,,,,,,338150,338150,,,
2019,Erosion Control,62,Flood Protection & STORM DRAINAGE MANAGEMENT,Langdale Circle 8668 - 8656,S738,,,,,,856195,856195,,,
2019,Storm Drainage Relief System,62,Flood Protection & STORM DRAINAGE MANAGEMENT,"Leeshire, 2921",W415,,,,,,,42000,,,42000
2019,Flood Management,62,Flood Protection & STORM DRAINAGE MANAGEMENT,Levee Drainage System- Sump A [Able Pump Station],S768,,,,,,89985556,89985556,,,
2019,Stormwater Drainage Management,62,Flood Protection & STORM DRAINAGE MANAGEMENT,Lisbon Area C,W204,,,,,,,1562922,,1562922,
2019,Stormwater Drainage Management,62,Flood Protection & STORM DRAINAGE MANAGEMENT,"Lively Lane, 3808",VD48,,,,,,,80000,16000,64000,
2019,Stormwater Drainage Management,62,Flood Protection & STORM DRAINAGE MANAGEMENT,Loganwood 3602,VD69,,,,,,,256000,51200,204800,
2019,Storm Drainage Relief System,62,Flood Protection & STORM DRAINAGE MANAGEMENT,"Lone Star Detention Basin, Dredging",W416,,,,,,,666000,87912,,578088
2019,Storm Drainage Relief System,62,Flood Protection & STORM DRAINAGE MANAGEMENT,Master Plans / Floodplain Management Studies,W417,,,,,,,3500000,3500000,,
2019,Erosion Control,63,Flood Protection & STORM DRAINAGE MANAGEMENT,"Meadowcliff 10720, 10726",VD13,,,,,,853000,853000,,,
2019,Stormwater Drainage Management,63,Flood Protection & STORM DRAINAGE MANAGEMENT,Meandering Way 16209,VD81,,,,,,13320,74000,,60680,
2019,Erosion Control,63,Flood Protection & STORM DRAINAGE MANAGEMENT,"Mercedes 6607, 6615, 6621",S742,,,,,,214565,214565,,,
2019,Storm Drainage Relief System,63,Flood Protection & STORM DRAINAGE MANAGEMENT,"Mercer Place, 9056",W418,,,,,,,21000,,,21000
2019,Stormwater Drainage Management,63,Flood Protection & STORM DRAINAGE MANAGEMENT,Milverton @ Palisade,VD73,,,,,,,870000,87000,783000,
2019,Stormwater Drainage Management,63,Flood Protection & STORM DRAINAGE MANAGEMENT,Monte Carlo 1600 and 3400 block (Repetitive Loss Area 37),W274,,,,,,,200000,200000,,
2019,Stormwater Drainage Management,63,Flood Protection & STORM DRAINAGE MANAGEMENT,Morning Dew Circle 3844 (RL Area 39),VD55,,,,,,27000,135000,,108000,
2019,Stormwater Drainage Management,63,Flood Protection & STORM DRAINAGE MANAGEMENT,"Munger, 1300, 1301",VD40,,,,,,16000,80000,,64000,
2019,Stormwater Drainage Management,63,Flood Protection & STORM DRAINAGE MANAGEMENT,Nandina - Pine Trail Area,VD63,,,,,,182000,910000,,728000,
2019,Erosion Control,63,Flood Protection & STORM DRAINAGE MANAGEMENT,"Nedra Way, 15821, 15827",VD25,,,,,,29000,145000,,116000,
2019,Storm Drainage Relief System,63,Flood Protection & STORM DRAINAGE MANAGEMENT,Oak Creek Circle 3504 - 3508 RL Voluntary Purchase,VD09,,,,,,177238,177238,,,
2019,Erosion Control,63,Flood Protection & STORM DRAINAGE MANAGEMENT,Oates Drive 1407,VD19,,,,,,38000,190000,,152000,
2019,Stormwater Drainage Management,63,Flood Protection & STORM DRAINAGE MANAGEMENT,"Ohio, W. 412, 416",W236,,,,,,111875,111875,,,
2019,Erosion Control,63,Flood Protection & STORM DRAINAGE MANAGEMENT,Pagewood 10553,S743,,,,,,29700,29700,,,
2019,Storm Drainage Relief System,63,Flood Protection & STORM DRAINAGE MANAGEMENT,"Pandora Circle, 13344",W419,,,,,,,42000,,,42000
2019,Erosion Control,63,Flood Protection & STORM DRAINAGE MANAGEMENT,Parkdale Bridge - White Rock Creek Tributary,VD08,,,,,,97000,97000,,,
2019,Stormwater Drainage Management,63,Flood Protection & STORM DRAINAGE MANAGEMENT,Parrish Branch Culvert @ Wheatland Rd.,W237,,,,,,460000,460000,,,
2019,Stormwater Drainage Management,63,Flood Protection & STORM DRAINAGE MANAGEMENT,"Paul Quinn College, 3837 Simpson Stewart Road",W238,,,,,,412500,412500,,,
2019,Stormwater Drainage Management,63,Flood Protection & STORM DRAINAGE MANAGEMENT,Pensive Drive Channel/Walnut Hill Relief System,W212,,,,,,1066051,11025000,,9958949,
2019,Erosion Control,64,Flood Protection & STORM DRAINAGE MANAGEMENT,"Pentagon Parkway, W. 1122",VD06,,,,,,480000,480000,,,
2019,Stormwater Drainage Management,64,Flood Protection & STORM DRAINAGE MANAGEMENT,Pleasant Branch - Tonawanda to Bruton,W261,,,,,,,204543,,204543,
2019,Stormwater Drainage Management,64,Flood Protection & STORM DRAINAGE MANAGEMENT,Pleasant Branch - Tonawanda to Bruton (PB3171),W279,,,,,,,4217536,2208449,,2009087
2019,Stormwater Drainage Management,64,Flood Protection & STORM DRAINAGE MANAGEMENT,Prairie Creek Channel & Bridge Improvement @ 175,VD70,,,,,,,1217000,243400,973600,
2019,Stormwater Drainage Management,64,Flood Protection & STORM DRAINAGE MANAGEMENT,Prairie Oak Drive 9321 (RL Area 33),VD66,,,,,,,425000,85000,340000,
2019,Storm Drainage Relief System,64,Flood Protection & STORM DRAINAGE MANAGEMENT,"Preston Bend Drive, 17110",W420,,,,,,,67200,,,67200
2019,Stormwater Drainage Management,64,Flood Protection & STORM DRAINAGE MANAGEMENT,"Preston Hollow Channel, Phases 1& 2, Desco",VD51,,,,,,,1859000,185900,1673100,
2019,Stormwater Drainage Management,64,Flood Protection & STORM DRAINAGE MANAGEMENT,Pruitt Branch Tributary Culvert Imprv @ Kingsfield,VD64,,,,,,84000,420000,,336000,
2019,Erosion Control,64,Flood Protection & STORM DRAINAGE MANAGEMENT,Public Erosion control,VD15,,,,,,310000,310000,,,
2019,Erosion Control,64,Flood Protection & STORM DRAINAGE MANAGEMENT,"Putting Green 6521, 6629, 6637, 6729",VD03,,,,,,800000,800000,,,
2019,Stormwater Drainage Management,64,Flood Protection & STORM DRAINAGE MANAGEMENT,"Pyka, 3918",W239,,,,,,232000,232000,,,
2019,Stormwater Drainage Management,64,Flood Protection & STORM DRAINAGE MANAGEMENT,Rawlings-Douglas to Knight Drainage Relief,W197,,,,,,1820318,3369555,,1549237,
2019,Storm Drainage Relief System,64,Flood Protection & STORM DRAINAGE MANAGEMENT,Red Bird Branch Culvert @ Red Bird Lane,W421,,,,,,,270000,,,270000
2019,Stormwater Drainage Management,64,Flood Protection & STORM DRAINAGE MANAGEMENT,Rembrandt Terrace 18731,W240,,,,,,165000,165000,,,
2019,Stormwater Drainage Management,64,Flood Protection & STORM DRAINAGE MANAGEMENT,Rexford Drive @ Shorecrest Drive,VD53,,,,,,18477,168000,,149523,
2019,Stormwater Drainage Management,64,Flood Protection & STORM DRAINAGE MANAGEMENT,Richwood,W241,,,,,,2034376,2034376,,,
2019,Erosion Control,64,Flood Protection & STORM DRAINAGE MANAGEMENT,"Riverhill Drive, 17418",VD22,,,,,,37600,188000,,150400,
2019,Storm Drainage Relief System,64,Flood Protection & STORM DRAINAGE MANAGEMENT,Riverview 6431 - W422,W422,,,,,,,633000,633000,,
2019,Erosion Control,64,Flood Protection & STORM DRAINAGE MANAGEMENT,Rosemont Rd 7322,S745,,,,,,5748,5748,,,
2019,Erosion Control,64,Flood Protection & STORM DRAINAGE MANAGEMENT,Royal Lane 7832 - 7920,S746,,,,,,1036,1036,,,
2019,Stormwater Drainage Management,65,Flood Protection & STORM DRAINAGE MANAGEMENT,"Royal Lane, 3162 (RL Area 7)",VD52,,,,,,,220000,22000,198000,
2019,Stormwater Drainage Management,65,Flood Protection & STORM DRAINAGE MANAGEMENT,"Royal Lane, 7012",VD50,,,,,,,1050000,105000,945000,
2019,Erosion Control,65,Flood Protection & STORM DRAINAGE MANAGEMENT,Royal Lne 9750 [Jackson Branch - E Branch],S747,,,,,,35639,35639,,,
2019,Erosion Control,65,Flood Protection & STORM DRAINAGE MANAGEMENT,Royal Lne 9750 [Jackson Branch - E Branch],S747,,,,,,323201,323201,,,
2019,Stormwater Drainage Management,65,Flood Protection & STORM DRAINAGE MANAGEMENT,Sanford Ave Relief System,W199,,,,,,,4550140,,4550140,
2019,Erosion Control,65,Flood Protection & STORM DRAINAGE MANAGEMENT,"Shady Hollow Ct, 3300 Block & Boulder Drive",VD16,,,,,,340000,1700000,,1360000,
2019,Storm Drainage Relief System,65,Flood Protection & STORM DRAINAGE MANAGEMENT,"Sinclair, 10514",W423,,,,,,,21000,,,21000
2019,Erosion Control,65,Flood Protection & STORM DRAINAGE MANAGEMENT,Skillman 7920 [Jackson Branch - E Branch],S748,,,,,,360749,360749,,,
2019,Erosion Control,65,Flood Protection & STORM DRAINAGE MANAGEMENT,Skillman 8109,S749,,,,,,320,320,,,
2019,Stormwater Drainage Management,65,Flood Protection & STORM DRAINAGE MANAGEMENT,Sorcey Road @ White Ash,VD41,,,,,,13000,65000,,52000,
2019,Stormwater Drainage Management,65,Flood Protection & STORM DRAINAGE MANAGEMENT,South Branch Culvert Louisiana,W242,,,,,,165900,165900,,,
2019,Storm Drainage Relief System,65,Flood Protection & STORM DRAINAGE MANAGEMENT,"South Lamar Ph. 2 - Pear, Mooney, Bannock Area",W424,,,,,,,400000,,,400000
2019,Erosion Control,65,Flood Protection & STORM DRAINAGE MANAGEMENT,Sperry St 3220,S750,,,,,,85391,85391,,,
2019,Erosion Control,65,Flood Protection & STORM DRAINAGE MANAGEMENT,Spring Grove 13316,S751,,,,,,74045,74045,,,
2019,Erosion Control,65,Flood Protection & STORM DRAINAGE MANAGEMENT,Spring Valley 8444,S752,,,,,,208250,208250,,,
2019,Erosion Control,65,Flood Protection & STORM DRAINAGE MANAGEMENT,Spring Valley 8444,S752,,,,,,230166,230166,,,
2019,Erosion Control,65,Flood Protection & STORM DRAINAGE MANAGEMENT,Squaw Valley 17628,S754,,,,,,93641,93641,,,
2019,Storm Drainage Relief System,65,Flood Protection & STORM DRAINAGE MANAGEMENT,"Squaw Valley, 17614",W425,,,,,,,25200,,,25200
2019,Stormwater Drainage Management,65,Flood Protection & STORM DRAINAGE MANAGEMENT,State-Thomas - Flora/Boll to Fairmont,VD45,,,,,,99000,495000,,396000,
2019,Stormwater Drainage Management,65,Flood Protection & STORM DRAINAGE MANAGEMENT,State-Thomas - Hallsville/Worthington,VD44,,,,,,127200,636000,,508800,
2019,Erosion Control,66,Flood Protection & STORM DRAINAGE MANAGEMENT,Stedman Cir 17309 & 17315,VD21,,,,,,60000,300000,,240000,
2019,Storm Drainage Relief System,66,Flood Protection & STORM DRAINAGE MANAGEMENT,"Summer Creek Circle 6145, 6153, 6155, 6157",W426,,,,,,,1680000,,,1680000
2019,Erosion Control,66,Flood Protection & STORM DRAINAGE MANAGEMENT,"Summer Creek Crc 6121, 6123, 6125, 6127, 6139, 6141",S755,,,,,,930,930,,,
2019,Erosion Control,66,Flood Protection & STORM DRAINAGE MANAGEMENT,"Summer Creek Crc 6121, 6123, 6125, 6127, 6139, 6141",S755,,,,,,20895,20895,,,
2019,Erosion Control,66,Flood Protection & STORM DRAINAGE MANAGEMENT,"Summer Creek Crc 6121, 6123, 6125, 6127, 6139, 6141",S755,,,,,,277791,277791,,,
2019,Erosion Control,66,Flood Protection & STORM DRAINAGE MANAGEMENT,"Talbot Parkway, 6760",VD05,,,,,,365000,365000,,,
2019,Stormwater Drainage Management,66,Flood Protection & STORM DRAINAGE MANAGEMENT,Teakwood Elmridge Drainage Relief,VD49,,,,,,,650000,65000,585000,
2019,Stormwater Drainage Management,66,Flood Protection & STORM DRAINAGE MANAGEMENT,Throckmorton-Reagan- Drainage Improvements,W198,,,,,,907986,907986,,,
2019,Stormwater Drainage Management,66,Flood Protection & STORM DRAINAGE MANAGEMENT,Timber Trail Dr. 10245,W243,,,,,,406250,406250,,,
2019,Storm Drainage Relief System,66,Flood Protection & STORM DRAINAGE MANAGEMENT,"Trammel Drive, 6561",W427,,,,,,,21000,,,21000
2019,Erosion Control,66,Flood Protection & STORM DRAINAGE MANAGEMENT,Tranquilla Dr 1251,S758,,,,,,142220,142220,,,
2019,Stormwater Drainage Management,66,Flood Protection & STORM DRAINAGE MANAGEMENT,"Tree Shadow Trail, 5910",VD79,,,,,,164520,914000,,749480,
2019,Flood Management,66,Flood Protection & STORM DRAINAGE MANAGEMENT,Trinity River Corridor Pr,N962,,,,,,21123319,21123319,,,
2019,Flood Management,66,Flood Protection & STORM DRAINAGE MANAGEMENT,Trinity River Corridor Pr,N962,,,,,,8159829,8159829,,,
2019,Stormwater Drainage Management,66,Flood Protection & STORM DRAINAGE MANAGEMENT,Turnpike Distribution IV IH30-Commerce,VD36,,,,,,44800,224000,,179200,
2019,Stormwater Drainage Management,66,Flood Protection & STORM DRAINAGE MANAGEMENT,Turtle Creek - Trib 1 Culvert,VD46,,,,,,50000,250000,,200000,
2019,Storm Drainage Relief System,66,Flood Protection & STORM DRAINAGE MANAGEMENT,Turtle Creek @ Bowen Area - Storm Drainage Relief,W428,,,,,,,48000,,,48000
2019,Erosion Control,66,Flood Protection & STORM DRAINAGE MANAGEMENT,Turtle Creek Greenbelt Site 1- Bike Trail,S759,,,,,,320335,320335,,,
2019,Erosion Control,66,Flood Protection & STORM DRAINAGE MANAGEMENT,Twin Falls Park Trail,S761,,,,,,161394,161394,,,
2019,Erosion Control,67,Flood Protection & STORM DRAINAGE MANAGEMENT,Twin Falls Park Trail,S761,,,,,,263294,263294,,,
2019,Storm Drainage Relief System,67,Flood Protection & STORM DRAINAGE MANAGEMENT,"Twin Lakes, Dredging",W429,,,,,,,774000,71016,,702984
2019,Erosion Control,67,Flood Protection & STORM DRAINAGE MANAGEMENT,Urban 3100 Private Erosion Control,VD07,,,,,,250000,250000,,,
2019,Stormwater Drainage Management,67,Flood Protection & STORM DRAINAGE MANAGEMENT,"Versailles, 3500",VD83,,,,,,20600,206000,,183209,2191
2019,Stormwater Drainage Management,67,Flood Protection & STORM DRAINAGE MANAGEMENT,"Vinemont Channel, Drainage Diversion",VD29,,,,,,5011577,5600000,,588423,
2019,Stormwater Drainage Management,67,Flood Protection & STORM DRAINAGE MANAGEMENT,Vinewood Drive 8725,W244,,,,,,240000,240000,,,
2019,Stormwater Drainage Management,67,Flood Protection & STORM DRAINAGE MANAGEMENT,White Rock Creek Drainage Study update (PB175010) - of 1989 FPMS Study,W269,,,,,,275000,550000,275000,,
2019,Erosion Control,67,Flood Protection & STORM DRAINAGE MANAGEMENT,Whitehurst 9727 [Jackson Branch - E Branch],S762,,,,,,345900,345900,,,
2019,Erosion Control,67,Flood Protection & STORM DRAINAGE MANAGEMENT,Wild Oak 2488,S764,,,,,,885,885,,,
2019,Storm Drainage Relief System,67,Flood Protection & STORM DRAINAGE MANAGEMENT,Woody Branch @ S Polk St,W430,,,,,,,659500,,,659500
2019,Stormwater Drainage Management,67,Flood Protection & STORM DRAINAGE MANAGEMENT,Woody Branch Floodplain Management Study (TWM000075),W271,,,,,,,250000,,,250000
2019,Stormwater Drainage Management,67,Flood Protection & STORM DRAINAGE MANAGEMENT,Wynnewood Village Drainage Improvements,VD32,,,,,,1157857,1727000,,569143,
2019,,67,Flood Protection & STORM DRAINAGE MANAGEMENT,Grand Total,,,,,,,156814222,232616348,14360457,47904446,13537223
2019,"Code Compliance, Safety and Security",75,PARK & RECREATION,Accessibility and Code Compliance,T046,,,2099,,,923651,923651,,,
2019,"Code Compliance, Safety and Security",75,PARK & RECREATION,ADA/Code Allowance (locations TBD),VB14,,,2099,,,,150000,25000,125000,
2019,Recreation Centers,75,PARK & RECREATION,Add Discretionary Funds [Singing Hills Rec. Ctr.[Amended],VB54,,,2019,,,915000,915000,,,
2019,Fair Park,75,PARK & RECREATION,African American Museum,VC03,,,2019,,,2094176,2094176,,,
2019,Playground Improvement,75,PARK & RECREATION,Anderson Bonner - Playground - New,VK46,,,2022,,,,220000,,30000,190000
2019,Community Parks,75,PARK & RECREATION,Anderson Bonner - Renovate Soccer Field #3 with lights and bleachers,VK47,,,2022,,,,500000,,70000,430000
2019,Fair Park,75,PARK & RECREATION,Aquarium Annex,VC11,,,2019,,,600000,600000,,,
2019,Aquatic Facilities,75,PARK & RECREATION,Aquatic Facilities with Support Buildings,W109,,,2099,,,287156,287156,,,
2019,Aquatic Facilities,75,PARK & RECREATION,Aquatic Facilities with Support Buildings,W109,,,2099,,,28104061,28104061,,,
2019,Aquatic Facilities,75,PARK & RECREATION,Aquatic Master Plan Implement-Ph 1,VB01,,,2019,,,10835000,10835000,,,
2019,Aquatic Facilities,75,PARK & RECREATION,Aquatics Master Plan Implementation-Ph 2A [Exline - Bahama],VB02,,,2099,,,13002000,13002000,,,
2019,Community Parks,75,PARK & RECREATION,Arcadia Park - Add lighting at outdoor basketball gym,VB82,,,2018,,,29550,29550,,,
2019,Major Park Facilities,75,PARK & RECREATION,Athletic Field Lighting,T010,,,,,,1195136,1195136,,,
2019,Erosion Control,75,PARK & RECREATION,B. B. Owen Park - Site Development,VK39,,,2020,,,49250,249250,200000,,
2019,Aquatic Facilities,75,PARK & RECREATION,Bachman Lake Park - Regional Family Aquatic Center - Phase 1,VB83,,,2021,,,3447500,3447500,,,
2019,Site Development,75,PARK & RECREATION,Bachman Lake site devel,T012,,,2018,,,2180789,2180789,,,
2019,Site Development,75,PARK & RECREATION,Bachman Lake Skatepark,VB11,,,2022,,,575000,3575000,3000000,,
2019,Recreation Centers,76,PARK & RECREATION,Bachman Rec. Ctr. Ren.,VB23,,,2018,,,3737548,3737548,,,
2019,Aquatic Facilities,76,PARK & RECREATION,Bachman Regional Family Aquatic Center - Phase 1 (with CD 6),VB48,,,2021,,,2462500,2462500,,,
2019,"Code Compliance, Safety and Security",76,PARK & RECREATION,"Barry Barker Park - pavilion, park furnishings, ADA drinking fountain",VK71,,,2020,,,48568,647738,99170,500000,
2019,Community Parks,76,PARK & RECREATION,Beckley Saner Park - Renovate backstop at 2 softball fields,VB61,,,2021,,,400000,400000,,,
2019,Neighborhood Park Facilities,76,PARK & RECREATION,Bentwood Park - tennis - add player benches; park furnishings,VK64,,,2020,,,,50000,50000,,
2019,Neighborhood Park Facilities,76,PARK & RECREATION,"Bisbee Park - Parking lot, clearing/grubbing, and signage",VB68,,,2022,,,,150000,40000,110000,
2019,Neighborhood Park Facilities,76,PARK & RECREATION,Bishop Flores Park - Connecting walkway to neighborhood,VB86,,,2021,,,74438,774438,700000,,
2019,Playground Improvement,76,PARK & RECREATION,"Bluffview Pk - playgrnd expansion, shade structure-site dev",VK79,,,2020,,,344900,344900,,,
2019,Playground Improvement,76,PARK & RECREATION,Bonnie View Park - Playground expansion,VB55,,,2021,,,25000,175000,150000,,
2019,Erosion Control,76,PARK & RECREATION,Brownwood - Erosion Control,VB73,,,2020,,,120000,400000,280000,,
2019,Community Parks,76,PARK & RECREATION,Brownwood Park - Soccer Field,VB74,,,2020,,,78800,198800,120000,,
2019,Site Development,76,PARK & RECREATION,Campbell Green Park - Site Improvements,VK61,,,2021,,,,300000,300000,,
2019,Hike and Bike Trails,76,PARK & RECREATION,Canterbury-Edgefield Pathway Connection Improv,W144,,,2019,,,60466,60466,,,
2019,Hike and Bike Trails,76,PARK & RECREATION,Canterbury-Edgefield Pathway Connection Improv,W144,,,2019,,,36608,36608,,,
2019,Neighborhood Park Facilities,76,PARK & RECREATION,Casa Linda Park - Basketball,VK18,,,2020,,,,35000,35000,,
2019,Neighborhood Park Facilities,76,PARK & RECREATION,Casa Linda Park Picnic Pavilion,VK17,,,2020,,,78800,423800,345000,,
2019,Hike and Bike Trails,76,PARK & RECREATION,Casa view Park - Walking Trail,VK19,,,2020,,,,400000,,400000,
2019,Fair Park,77,PARK & RECREATION,Centennial Building,VC08,,,2022,,,,4400000,,750000,3650000
2019,Playground Improvement,77,PARK & RECREATION,Central Square - Playground replacement,VK90,,,2021,,,220000,220000,,,
2019,Park Land Acquisition,77,PARK & RECREATION,Chalk Hill Trail land acq,T038,,,2099,,,2797977,2797977,,,
2019,Major Park Facilities,77,PARK & RECREATION,"Churchill Recreation Center - Major Maintenance, HVAC",VK48,,,2020,,,50000,250000,200000,,
2019,Hike and Bike Trails,77,PARK & RECREATION,Circuit Trail - The LOOP (Match),VB05,,,2099,,,6600125,19500125,12900000,,
2019,"Code Compliance, Safety and Security",77,PARK & RECREATION,Citywide Security Lighting,T044,,,2099,,,1012798,1012798,,,
2019,Fair Park,77,PARK & RECREATION,Coliseum,VC06,,,2022,,,,9500000,1000000,8500000,
2019,Hike and Bike Trails,77,PARK & RECREATION,Coombs Creek Trail - from Hampton/Davis to Moss Park,VB36,,,2022,,,397000,1997000,1600000,,
2019,Hike and Bike Trails,77,PARK & RECREATION,Coombs Trinity Connect,W054,,,2021,,,330000,330000,,,
2019,Neighborhood Park Facilities,77,PARK & RECREATION,Cotillion Park - Player Bench Enclosure,VK20,,,2019,,,15537,15537,,,
2019,"Code Compliance, Safety and Security",77,PARK & RECREATION,Cotillion Park - Security Lighting,VK21,,,2021,,,59863,59863,,,
2019,Playground Improvement,77,PARK & RECREATION,Cottonwood Park - Playground - Add Equipment,VK49,,,2020,,,,150000,150000,,
2019,Playground Improvement,77,PARK & RECREATION,Craddock Park - Playground expansion,VK87,,,2021,,,197750,197750,,,
2019,Site Development,77,PARK & RECREATION,Crawford Memorial Park - Phase 1,VB15,,,2022,,,985000,7685000,6700000,,
2019,Community Parks,77,PARK & RECREATION,"Cummings Park - Parking lot (rear), renovate and expand with concrete",VB58,,,2023,,,,350000,,50000,300000
2019,Hike and Bike Trails,77,PARK & RECREATION,Cummings Park - Walking loop trail - 6' wide - 1/4 mi. - new,VB59,,,2023,,,,150000,,50000,100000
2019,Dallas Arboretum,77,PARK & RECREATION,Dallas Arboretum (Match),VB09,,,2021,,,,1000000,,1000000,
2019,Major Park Facilities,77,PARK & RECREATION,Dallas Water Gardens (Match) (Amendment - 8/9/17),VB31,,,2023,,,,7500000,,7500000,
2019,Dallas Zoo,78,PARK & RECREATION,Dallas Zoo (Match),VB08,,,2021,,,,3500000,3500000,,
2019,Playground Improvement,78,PARK & RECREATION,Danieldale Park - Playground replacement (at end of life),VK11,,,2020,,,40000,220000,180000,,
2019,Mini Park,78,PARK & RECREATION,Derek L. Geter [Scotland] Park - Park furnishings package,VB60,,,2019,,,59100,59100,,,
2019,Playground Improvement,78,PARK & RECREATION,Devon Anderson Park - Replace playground equipment,VB65,,,2021,,,,100000,100000,,
2019,Special Use Areas,78,PARK & RECREATION,Dickerson Street,P516,,,2099,,,1032027,1032027,,,
2019,Recreation Centers,78,PARK & RECREATION,Discretionary Funding [Singing Hills R.C.] [Amended-8-9-17],VK15,,,2019,,,992500,992500,,,
2019,Park Land Acquisition,78,PARK & RECREATION,District 6 Service Center,P763,,,2018,,,4687481,4687481,,,
2019,Linear/Linkage,78,PARK & RECREATION,Dixon Branch Greenbelt - Park Furnishings,VK22,,,2018,,,,65507,,65507,
2019,Downtown Parks,78,PARK & RECREATION,Downtown Park Development -7087 - 7087,,,,2099,,,3248097,3248097,,,
2019,Downtown Parks,78,PARK & RECREATION,"Downtown Parks - Carpenter, Harwood and West End [Match]",VB03,,,2099,,,16951080,34993486,18042406,,
2019,Neighborhood Park Facilities,78,PARK & RECREATION,"Eladio Martinez Park - park furnishings, fencing and drinking fountain",VB87,,,2021,,,,60000,,60000,
2019,Hike and Bike Trails,78,PARK & RECREATION,Elmwood Pkwy Tr. (Elmwood Parkway to Polk to Gannon Park,VB37,,,2022,,,397000,1997000,,1600000,
2019,Playground Improvement,78,PARK & RECREATION,Eloise Lundy - Playground expansion,VB56,,,2021,,,25000,175000,150000,,
2019,Erosion Control,78,PARK & RECREATION,Emerald Lake Park - Dam safety and erosion control,VB49,,,2022,,,350000,2125000,1775000,,
2019,Hike and Bike Trails,78,PARK & RECREATION,Everglade Park - Exercise stations at loop trail,VB88,,,2019,,,147750,147750,,,
2019,Fair Park,78,PARK & RECREATION,Fair Park Livestock Building renovation,T098,,,2018,,,4555000,4555000,,,
2019,Neighborhood Park Facilities,78,PARK & RECREATION,Ferguson Park - Portable Toilet Enclosure,VB91,,,2021,,,,70000,,70000,
2019,Site Development,79,PARK & RECREATION,Flag Pole Hill - Phase 1 Master Plan Implementation,VB20,,,2021,,,394000,394000,,,
2019,Playground Improvement,79,PARK & RECREATION,Flag Pole Hill - Playground [Match],VB21,,,2021,,,162525,162525,,,
2019,Community Parks,79,PARK & RECREATION,Flag Pole Hill Park - Phase 1 Master Plan Implementation,VK36,,,2020,,,1083500,1083500,,,
2019,Playground Improvement,79,PARK & RECREATION,Flag Pole Hill Park - Playgrnd Replacemnt [Supplemental fund],VK37,,,2018,,,132975,132975,,,
2019,Hike and Bike Trails,79,PARK & RECREATION,Flag Pole Hill Pavilion - Historic Restoration,VK32,,,2019,,,200000,200000,,,
2019,Hike and Bike Trails,79,PARK & RECREATION,Flag Pole Hill Trl frm Goforth to ftr prk fclty at Jules Mu,S616,,,2018,,,186674,186674,,,
2019,Hike and Bike Trails,79,PARK & RECREATION,Flag Pole Hill Trl frm Goforth to ftr prk fclty at Jules Mu,S616,,,2018,,,5200,5200,,,
2019,Hike and Bike Trails,79,PARK & RECREATION,Flag Pole Hill Trl frm Goforth to ftr prk fclty at Jules Mu,S616,,,2018,,,848911,848911,,,
2019,Fair Park,79,PARK & RECREATION,Food and Fiber Building,VC05,,,2022,,,,1500000,250000,1250000,
2019,Community Parks,79,PARK & RECREATION,Forest-Audelia Area Park Project,P918,,,2099,,,3840339,3840339,,,
2019,Site Development,79,PARK & RECREATION,Forston Park - Develop new park with park furnishings,VK59,,,2022,,,,220000,,,220000
2019,Playground Improvement,79,PARK & RECREATION,"Frances Rizo Park - Playground replacement, ADA drinking fountain",VB78,,,2021,,,,250000,70000,180000,
2019,Neighborhood Park Facilities,79,PARK & RECREATION,Frankford Park - park furnishings package,VK65,,,2019,,,31520,31520,,,
2019,Aquatic Facilities,79,PARK & RECREATION,Fretz Park - Expand Parking Lot for Aquatic Center,VK50,,,2018,,,400000,400000,,,
2019,Playground Improvement,79,PARK & RECREATION,Fretz Park - Playground,VK51,,,2018,,,250000,250000,,,
2019,Recreation Centers,79,PARK & RECREATION,Fretz Park Recreation Center - Acoustical Treatment - Multi- purpose rooms,VK52,,,2019,,,95000,95000,,,
2019,Hike and Bike Trails,80,PARK & RECREATION,"Friendship Park - Security lights, loop trail, exercise stations",VK30,,,2022,,,98500,465500,367000,,
2019,Dallas Arboretum,80,PARK & RECREATION,Garland Road Sidewalk at the Arboretum frontage,VB12,,,2021,,,397000,397000,,,
2019,Playground Improvement,80,PARK & RECREATION,Glen Meadow - Playground replacement,VK74,,,2021,,,,220000,,40000,180000
2019,Site Development,80,PARK & RECREATION,Glencoe pavillion,T149,,,2018,,,256913,256913,,,
2019,Playground Improvement,80,PARK & RECREATION,Glencoe playground,T151,,,2018,,,167066,167066,,,
2019,Site Development,80,PARK & RECREATION,Glencoe site improvements,T344,,,2018,,,48393,48393,,,
2019,Community Parks,80,PARK & RECREATION,Glendale Park Parking spaces and lighting,VB52,,,2021,,,394000,394000,,,
2019,Park Land Acquisition,80,PARK & RECREATION,"Glover Park - Parking lot with lighting, land acquisition",VB72,,,2020,,,126048,126048,,,
2019,Citywide Parks,80,PARK & RECREATION,Grant Matching Funds,K172,,,,,,867649,867649,,,
2019,Aquatic Facilities,80,PARK & RECREATION,Grauwyler Park - Sprayground,VB42,,,2019,,,1970000,1970000,,,
2019,Site Development,80,PARK & RECREATION,Guard Dr. - Phase 2 Site Development,VB66,,,2021,,,,600000,600000,,
2019,Fair Park,80,PARK & RECREATION,Hall of State,VC01,,,2020,,,14360072,14360072,,,
2019,Recreation Centers,80,PARK & RECREATION,Hamilton Park - Parking lot expansion at Recreation Center,VK31,,,2020,,,219655,219655,,,
2019,Aquatic Facilities,80,PARK & RECREATION,Harry Stone Park - Neighborhood Family Aquatic Center,VK29,,,2020,,,6107000,6107000,,,
2019,Site Development,80,PARK & RECREATION,Hattie R. Moore Park - Master Plan and Phase 1 Implementation,VB80,,,2021,,,34475,349475,315000,,
2019,Playground Improvement,80,PARK & RECREATION,Herndon Park - Playground expansion,VB63,,,2023,,,39400,149400,110000,,
2019,Erosion Control,80,PARK & RECREATION,Hillview Park - Creek Erosion Control and Drainage Near Playground,VB95,,,2023,,,403345,403345,,,
2019,Neighborhood Park Facilities,81,PARK & RECREATION,Hillview Park - Park Furnishings Package,VB93,,,2023,,,59100,59100,,,
2019,Neighborhood Park Facilities,81,PARK & RECREATION,Hillview Park - Park ID Sign,VB94,,,2023,,,6403,6403,,,
2019,Neighborhood Park Facilities,81,PARK & RECREATION,Hillview Park - Pavilion,VB96,,,2023,,,148750,148750,,,
2019,Neighborhood Park Facilities,81,PARK & RECREATION,Hillview Park - Renovate Basketball Court,VB92,,,2023,,,17000,17000,,,
2019,Hike and Bike Trails,81,PARK & RECREATION,"Holcomb Park - 6' wide walking loop trail, park furnishings",VB70,,,2022,,,,400000,400000,,
2019,Hike and Bike Trails,81,PARK & RECREATION,J. J. Craft Park - historic bench restoration,VB89,,,,,,10000,10000,,,
2019,Playground Improvement,81,PARK & RECREATION,Jamestown Park - Playground equipment - swingset and park furnishings,VK76,,,2021,,,,200000,,40000,160000
2019,Aquatic Facilities,81,PARK & RECREATION,Jaycee Zaragoza Park - Sprayground,VB76,,,2023,,,1856725,1856725,,,
2019,"Code Compliance, Safety and Security",81,PARK & RECREATION,Juanita J. Craft Park - ADA Drinking Fountain,VB97,,,2018,,,10835,10835,,,
2019,Major Park Facilities,81,PARK & RECREATION,Junius Gateway - Park furnishings,VK88,,,2018,,,14400,14400,,,
2019,Aquatic Facilities,81,PARK & RECREATION,"K. B. Polk Park - Sprayground-sm., walking trail, playground, shade",VB44,,,2019,,,1970000,1970000,,,
2019,Hike and Bike Trails,81,PARK & RECREATION,KCS Corridor Connection Trail - Design,VK40,,,2024,,,,300000,,,300000
2019,Site Development,81,PARK & RECREATION,Kidd Springs - Japanese Garden Restoration - Phase 1,VB35,,,2020,,,591000,591000,,,
2019,Erosion Control,81,PARK & RECREATION,Kidd Springs - Natural Spring daylighting and Lake bank erosion control,VB34,,,2020,,,198500,998500,730000,70000,
2019,Site Development,81,PARK & RECREATION,Kiest Park - Memorial Tree Grove - Phase 1 Implementation,VB64,,,2019,,,196250,196250,,,
2019,Recreation Centers,81,PARK & RECREATION,Kiowa Parkway - Pedestrian Bridge,VK53,,,2022,,,,350000,,60000,290000
2019,Hike and Bike Trails,82,PARK & RECREATION,Kleberg Trail,VB17,,,2022,,,1191000,1191000,,,
2019,Aquatic Facilities,82,PARK & RECREATION,Kleberg-Rylie Park - Sprayground,VK14,,,2019,,,1457800,1457800,,,
2019,Downtown Parks,82,PARK & RECREATION,Klyde Warren Park Improvements (Match) (Amendment - 8/9/17),VB32,,,2023,,,,10000000,10000000,,
2019,Site Development,82,PARK & RECREATION,Lake Highland North Park - Site Developments / Recreation Center,VK38,,,2022,,,394000,394000,,,
2019,Hike and Bike Trails,82,PARK & RECREATION,Lake Highlands Trail From White Rock Creek Trail to Skillman,S617,,,2019,,,5392,5392,,,
2019,Hike and Bike Trails,82,PARK & RECREATION,Lake Highlands Trail From White Rock Creek Trail to Skillman,S617,,,2019,,,1397035,1397035,,,
2019,Hike and Bike Trails,82,PARK & RECREATION,Lake Highlands Trails,VB18,,,2021,,,2282750,2282750,,,
2019,Hike and Bike Trails,82,PARK & RECREATION,Lake Highlands Trails (Supplemental funding),VK41,,,2021,,,496250,496250,,,
2019,Site Development,82,PARK & RECREATION,Lakeland Hills pavillion- walks-parking,T212,,,2018,,,505772,505772,,,
2019,Community Parks,82,PARK & RECREATION,Lakewood Park - Basketball Renovate,VK23,,,2018,,,,80000,,10000,70000
2019,Community Parks,82,PARK & RECREATION,Lakewood Park - Park Furnishing and drinking fountain,VK25,,,2021,,,,85000,,10000,75000
2019,"Code Compliance, Safety and Security",82,PARK & RECREATION,Lakewood Park - Pedestrian Bridge and ADA Parking,VK24,,,2018,,,,250000,,100000,150000
2019,Park Land Acquisition,82,PARK & RECREATION,Land Acq for Football Complex [Suppl System- W Land Acq fund],VB69,,,2099,,,3100000,3100000,,,
2019,Park Land Acquisition,82,PARK & RECREATION,Land Acq for football complex in CD 5 [supplement CD funds],VB30,,,2099,,,1200000,1200000,,,
2019,Park Land Acquisition,82,PARK & RECREATION,Land Acq for the Cedars [Supplemental to S-W allocation],VB45,,,2099,,,500000,500000,,,
2019,Park Land Acquisition,83,PARK & RECREATION,Land Acq. and development of neighborhood- community park,VK54,,,2099,,,4000000,4000000,,,
2019,Park Land Acquisition,83,PARK & RECREATION,Land Acquisiiton for CD 10 (to supplement CD 10 funds),VB29,,,2099,,,,,,,
2019,Park Land Acquisition,83,PARK & RECREATION,Land Acquisition - CW Allowance (TBD - CW),VB04,,,2099,,,1100000,2200000,1100000,,
2019,Citywide Parks,83,PARK & RECREATION,Land Acquisition - Plan,K212,,,2099,,,1108395,1108395,,,
2019,Citywide Parks,83,PARK & RECREATION,Land Acquisition - Plan,K212,,,2099,,,51600,51600,,,
2019,Park Land Acquisition,83,PARK & RECREATION,Land Acquisition (to match $1M from System- wide allowance),VK43,,,2099,,,,1000000,,1000000,
2019,Park Land Acquisition,83,PARK & RECREATION,Land acquisition and development of neighborhood park,VK63,,,2099,,,7100000,7100000,,,
2019,Park Land Acquisition,83,PARK & RECREATION,Land Acquisition and Partnership Match Funding,VB27,,,2099,,,1000000,3300000,1000000,1300000,
2019,Park Land Acquisition,83,PARK & RECREATION,Land Acquisition in the Cedars for new park (to supplement CD 2 funds),VB28,,,2099,,,500000,500000,,,
2019,Park Land Acquisition,83,PARK & RECREATION,Land Acquisition2,VB57,,,2099,,,200000,600000,200000,200000,
2019,Park Land Acquisition,83,PARK & RECREATION,Land Acquisition3,VK55,,,2099,,,1600000,1600000,,,
2019,Playground Improvement,83,PARK & RECREATION,Lindsley Park - Playground replacement,VK82,,,2020,,,220000,220000,,,
2019,Neighborhood Park Facilities,83,PARK & RECREATION,Lindsley Park - Sidewalk exten.-Shadyside Ln.- Lindsley Dr.,VK81,,,2020,,,193838,193838,,,
2019,Playground Improvement,83,PARK & RECREATION,Lochwood Park - Field grading and irrigation,VK27,,,2018,,,118200,118200,,,
2019,Recreation Centers,83,PARK & RECREATION,"Lochwood Park - Park furnishings package, including ADA drinking fountain",VK28,,,2018,,,44663,44663,,,
2019,Fair Park,83,PARK & RECREATION,Magnolia Lounge,VC12,,,2022,,,,900000,,160000,740000
2019,Community Parks,84,PARK & RECREATION,Main Street Garden Special Project,P722,,,2018,,,253455,253455,,,
2019,Playground Improvement,84,PARK & RECREATION,Marcus Park - Playground replacement,VK75,,,2021,,,,200000,,40000,160000
2019,Neighborhood Park Facilities,84,PARK & RECREATION,"Maria Luna Park - Dog Park, basketball court, restoration of pavilion",VB40,,,2021,,,197000,1112000,915000,,
2019,Playground Improvement,84,PARK & RECREATION,Martin Luther King Jr. Park - Playground replacement,VB90,,,2018,,,40000,250000,210000,,
2019,Recreation Centers,84,PARK & RECREATION,Martin Luther King Jr. Park -Rec Center - Gym. Floor Cover,VB98,,,2099,,,12155,12155,,,
2019,Hike and Bike Trails,84,PARK & RECREATION,Martin Weiss Park - Loop trail extension to greenbelt,VB38,,,2022,,,198500,1298500,1100000,,
2019,Community Parks,84,PARK & RECREATION,"McCree Park - Portable facility enclosure, park furnishings",VK33,,,2021,,,,200000,,200000,
2019,Major Park Facilities,84,PARK & RECREATION,Midtown Park [Match],VB16,,,2099,,,,6000000,,,6000000
2019,Playground Improvement,84,PARK & RECREATION,Monarch Park - Playground replacement and Parking/ADA,VB41,,,2021,,,,250000,250000,,
2019,Playground Improvement,84,PARK & RECREATION,"Moss Glen Park - Phase 2 site, including playground^",VK58,,,2019,,,788000,788000,,,
2019,Site Development,84,PARK & RECREATION,Moss Glen Park - Supplemental funding - pond imp. - site dev,VK70,,,2019,,,91000,591000,320000,180000,
2019,Neighborhood Park Facilities,84,PARK & RECREATION,Moss Glen Park Development,W150,,,2019,,,98680,98680,,,
2019,Neighborhood Park Facilities,84,PARK & RECREATION,Moss Glen Park Development,W150,,,2019,,,250000,250000,,,
2019,Playground Improvement,84,PARK & RECREATION,Munger Park - Add shade structure at playground,VK86,,,2021,,,98275,98275,,,
2019,Fair Park,84,PARK & RECREATION,Music Hall,VC02,,,2019,,,4255752,4255752,,,
2019,Site Development,84,PARK & RECREATION,Nash Davis Park - Master Plan,VB81,,,2019,,,39400,39400,,,
2019,Aquatic Facilities,84,PARK & RECREATION,Nash Davis Park - Spraygound,VB77,,,2019,,,1970000,1970000,,,
2019,-Site Development,85,PARK & RECREATION,Neighborhood Park - Site Development - TBD VB47,,,,2022,,,,1085000,,,1085000
2019,Hike and Bike Trails,85,PARK & RECREATION,Northaven Trail - Bridge at I-75 (Supplemental to System-Wide funding),VK56,,,2099,,,379225,379225,,,
2019,Hike and Bike Trails,85,PARK & RECREATION,Northaven Trail,VB06,,,2020,,,2595388,2595388,,,
2019,Hike and Bike Trails,85,PARK & RECREATION,Northaven Trail [75 to Hillcrest],T241,,,2019,,,3031238,3031238,,,
2019,Hike and Bike Trails,85,PARK & RECREATION,Northaven Trail [75 to Hillcrest],T241,,,2019,,,2221709,2221709,,,
2019,Historic Restoration,85,PARK & RECREATION,Oak Lawn Park (Arlington Hall) - Renovate historic WPA rest rooms,VK83,,,2020,,,,200000,50000,150000,
2019,Neighborhood Park Facilities,85,PARK & RECREATION,Overlake Park - Bleachers,VB75,,,2023,,,49250,49250,,,
2019,Fair Park,85,PARK & RECREATION,Pan American Complex,VC09,,,2020,,,350000,3480000,,,3130000
2019,Site Development,85,PARK & RECREATION,Park Signage [2006],T249,,,2020,,,886500,886500,,,
2019,"Code Compliance, Safety and Security",85,PARK & RECREATION,Parkdale Park - ADA Drinking Fountain,VB99,,,2019,,,5418,5418,,,
2019,Community Parks,85,PARK & RECREATION,Parkdale Park - Portable Facility Enclosure,VK01,,,2020,,,68950,68950,,,
2019,Site Development,85,PARK & RECREATION,Phase 1 Site Development - New park in the Cedars,VB46,,,2022,,,,500000,,500000,
2019,Site Development,85,PARK & RECREATION,Pike Master Plan and Schematic,T254,,,2019,,,100479,100479,,,
2019,Community Parks,85,PARK & RECREATION,Pleasant Oaks Park - Connecting walkways and security lighting,VB71,,,2020,,,147750,147750,,,
2019,Neighborhood Park Facilities,85,PARK & RECREATION,"Preston Green Park - park furnishings, ADA drinking fountain",VK72,,,2021,,,,100000,,100000,
2019,Public Art,85,PARK & RECREATION,Public Art-Parks,PA56,,,2099,,,1256919,1256919,,,
2019,Mini Park,86,PARK & RECREATION,Pueblo Park - Park furnishings package and drinking fountain,VB84,,,2020,,,,40000,40000,,
2019,Public Art,86,PARK & RECREATION,Pulbic Art Admin-Parks,PA57,,,2099,,,314230,314230,,,
2019,Hike and Bike Trails,86,PARK & RECREATION,R P Brooks Park - Loop Walking Trail,VK34,,,2021,,,,300000,,300000,
2019,Major Maintenance,86,PARK & RECREATION,Recreation Centers - Golf Course - Major Maintenance,VB33,,,2022,,,1500000,2300000,800000,,
2019,Site Development,86,PARK & RECREATION,Reserve Council District 7,P539,,,2099,,,1900,1900,,,
2019,Site Development,86,PARK & RECREATION,Reserve Council District 7,P539,,,2099,,,1799,1799,,,
2019,Site Development,86,PARK & RECREATION,Reserve Council District 8,P540,,,2099,,,2073,2073,,,
2019,Site Development,86,PARK & RECREATION,Reverchon Master Plan Implementation,T353,,,,,,570000,570000,,,
2019,Community Parks,86,PARK & RECREATION,Ridgewood Sidewalk - along Fisher,VK26,,,2020,,,,250000,250000,,
2019,Hike and Bike Trails,86,PARK & RECREATION,"Rose Haggar Park - walking loop trail, park furnishings",VK73,,,2021,,,,400000,,400000,
2019,Hike and Bike Trails,86,PARK & RECREATION,Runyon Creek Greenbelt Trl-Glendale Prk Loop Trl frm Wagon W,S619,,,2020,,,284413,284413,,,
2019,Hike and Bike Trails,86,PARK & RECREATION,Runyon Creek Greenbelt Trl-Glendale Prk Loop Trl frm Wagon W,S619,,,2020,,,3745039,3745039,,,
2019,Playground Improvement,86,PARK & RECREATION,Samuell Grand Park - Shade structure at existing playground,VB43,,,2019,,,147750,147750,,,
2019,"Code Compliance, Safety and Security",86,PARK & RECREATION,"Sand Springs Park - ADA Drinking Fountain, Park Furnishings Package",VK02,,,2020,,,41370,41370,,,
2019,Fair Park,86,PARK & RECREATION,Science Place 1 (Phase 1),VC10,,,2021,,,5110000,5110000,,,
2019,"Code Compliance, Safety and Security",86,PARK & RECREATION,Security Cameras [Rec Centers],T278,,,2099,,,637050,637050,,,
2019,Hike and Bike Trails,87,PARK & RECREATION,Shadybank Park (Shadybank & Coolglen Dr.) - Trail connection with low water,VK60,,,2021,,,70000,770000,150000,550000,
2019,Citywide Parks,87,PARK & RECREATION,Sharrock Niblo Park - Historic Restoration of Barn,VB53,,,2019,,,725000,725000,,,
2019,Recreation Centers,87,PARK & RECREATION,Singing Hills [New] Site Development,VK12,,,2019,,,197000,197000,,,
2019,Recreation Centers,87,PARK & RECREATION,Singing Hills Rec Ctr- Gym Addition,VB22,,,2019,,,7880000,7880000,,,
2019,Recreation Centers,87,PARK & RECREATION,Singing Hills Replacement Recreation Center - Addition,VK13,,,2019,,,1970000,1970000,,,
2019,Citywide Parks,87,PARK & RECREATION,Southern Gateway Green-Ph 1 Deck,VB10,,,,,,7100000,7100000,,,
2019,Aquatic Facilities,87,PARK & RECREATION,Spray park or recreational amenity at CD 10 Site - TBD,VK44,,,2021,,,,332000,332000,,
2019,Playground Improvement,87,PARK & RECREATION,Stafford Park - Playground and park furnishings,VB79,,,2021,,,,220000,40000,180000,
2019,Fair Park,87,PARK & RECREATION,Texas Discovery Gardens,VC04,,,2018,,,300000,300000,,,
2019,Major Park Facilities,87,PARK & RECREATION,Texas Horse Park land- develop,T291,,,2018,,,13672556,13672556,,,
2019,Major Park Facilities,87,PARK & RECREATION,Texas Horse Park land- develop,T291,,,2018,,,350000,350000,,,
2019,Recreation Centers,87,PARK & RECREATION,Thurgood Marshall Rec. Ctr. Ren.,VB26,,,2019,,,1379000,1379000,,,
2019,Recreation Centers,87,PARK & RECREATION,Thurgood Marshall Recreation Center - Renovation (Supplemental Funding),VB51,,,2019,,,197000,197000,,,
2019,Major Park Facilities,87,PARK & RECREATION,Tietze Park - Add ADA parking and site improvements,VK84,,,2019,,,,100000,100000,,
2019,Playground Improvement,87,PARK & RECREATION,Tietze Park - Add shade structure at playground,VK85,,,2021,,,99250,99250,,,
2019,Playground Improvement,87,PARK & RECREATION,"Timberglen Park - pavilion, new",VK67,,,2021,,,,450000,,60000,390000
2019,Community Parks,87,PARK & RECREATION,Timberglen Park - Softball outfield fence,VK62,,,2019,,,150000,150000,,,
2019,Hike and Bike Trails,88,PARK & RECREATION,Timberglen Park - sprayground,VK66,,,2022,,,1970000,1970000,,,
2019,Hike and Bike Trails,88,PARK & RECREATION,Timberglen Trail - supplemental funding,VK68,,,2021,,,,500000,500000,,
2019,Hike and Bike Trails,88,PARK & RECREATION,Timberglen Trail,VB19,,,2023,,,1985000,4150000,795000,,1370000
2019,Park Land Acquisition,88,PARK & RECREATION,Timberglen Trail [Timberglen to Barry Barker],T296,,,2019,,,143625,143625,,,
2019,Playground Improvement,88,PARK & RECREATION,Timberleaf Park - Playground new,VK35,,,2021,,,,260000,40000,220000,
2019,Neighborhood Park Facilities,88,PARK & RECREATION,Tipton Park - Picnic pavilion and water fountain,VB85,,,2022,,,,300000,,45000,255000
2019,Fair Park,88,PARK & RECREATION,Tower Building,VC07,,,2021,,,500000,3500000,,,3000000
2019,Hike and Bike Trails,88,PARK & RECREATION,Trail Development - 7165,,,,2099,,,533380,533380,,,
2019,Hike and Bike Trails,88,PARK & RECREATION,Trail from Timberglen Park to Barry Barker Park,S622,,,2020,,,2076661,2076661,,,
2019,Major Park Facilities,88,PARK & RECREATION,Trinity Development,P347,,,2018,,,780000,780000,,,
2019,Hike and Bike Trails,88,PARK & RECREATION,Trinity River Trail From Sylvan To Moore Park,S624,,,2019,,,6379754,6379754,,,
2019,Hike and Bike Trails,88,PARK & RECREATION,Trinity Strand Phase 2 From IH 35 At Oak Lawn To Dart S INWO,S623,,,2021,,,2593564,2593564,,,
2019,Hike and Bike Trails,88,PARK & RECREATION,TRINITY TRAILS II-B,P877,,,2019,,,86840,86840,,,
2019,Neighborhood Park Facilities,88,PARK & RECREATION,Twin Falls Parking Lot,VB50,,,2020,,,197000,197000,,,
2019,Neighborhood Park Facilities,88,PARK & RECREATION,Twin Lakes Park - park furnishings package,VK69,,,2021,,,,50000,,50000,
2019,Playground Improvement,88,PARK & RECREATION,Vickery Meadows Park / Playground at Library Site,VK80,,,2021,,,240000,480000,240000,,
2019,Neighborhood Park Facilities,88,PARK & RECREATION,Wagging Tail Dog Park - Add new parking area - South,VK57,,,2021,,,50000,400000,350000,,
2019,"Code Compliance, Safety and Security",88,PARK & RECREATION,Wahoo Park - ADA Drinking Fountain,VK04,,,2021,,,,5500,5500,,
2019,Neighborhood Park Facilities,88,PARK & RECREATION,"Wahoo Park - Basketball - Full Court, New",VK03,,,2020,,,,80000,80000,,
2019,Community Parks,89,PARK & RECREATION,Walnut Hill Park - Basketball - Renovate existing and add new,VK77,,,2021,,,,160000,,160000,
2019,Community Parks,89,PARK & RECREATION,Walnut Hill Park - Replace softball backstop and bleachers on existing pad,VK78,,,2021,,,,230000,,230000,
2019,Studies and Master Plans,89,PARK & RECREATION,West Trinity Heights Park - Develop master plan,VB62,,,2022,,,,40000,,40000,
2019,Site Development,89,PARK & RECREATION,Westmount Park - Site Development,VB39,,,2020,,,50000,250000,70000,130000,
2019,Community Parks,89,PARK & RECREATION,Wheatland Park Football Field,VK91,,,,,,70000,70000,,,
2019,"Code Compliance, Safety and Security",89,PARK & RECREATION,"Wheatley Park - ADA Drinking Fountain, Park Furnishings Package",VK05,,,2022,,,,40000,,40000,
2019,Mini Park,89,PARK & RECREATION,Wheatly Park - Replace Sidewalk Segment,VK06,,,2022,,,,30000,,30000,
2019,Neighborhood Park Facilities,89,PARK & RECREATION,White Rock Hills Park - Neighborhood park site dev [phase 2],VK16,,,2019,,,197000,197000,,,
2019,Site Development,89,PARK & RECREATION,White Rock Hills Rec new construction,T329,,,2018,,,5106901,5106901,,,
2019,Citywide Parks,89,PARK & RECREATION,White Rock Lake security lights,T330,,,2099,,,271199,271199,,,
2019,Major Park Facilities,89,PARK & RECREATION,White Rock Lake Stone Tables (Match),VB07,,,2019,,,280000,280000,,,
2019,Hike and Bike Trails,89,PARK & RECREATION,White Rock Lake Trail,VB13,,,2023,,,446625,3946625,1000000,2500000,
2019,Recreation Centers,89,PARK & RECREATION,Willie B. Johnson Gym. Add'n. (Hamilton Park),VB25,,,2020,,,7683000,7683000,,,
2019,Recreation Centers,89,PARK & RECREATION,Willie B. Johnson Recreation Center - Senior Addition (Hamilton Park),VB24,,,2020,,,3743000,3743000,,,
2019,Community Parks,89,PARK & RECREATION,Willie Mae Butler Park - ADA Drinking Fountain and Park Furnishings Package,VK08,,,2020,,,,60000,60000,,
2019,Community Parks,90,PARK & RECREATION,Willie Mae Butler Park - Convert Tennis Court to Basketball,VK07,,,2020,,,,42000,42000,,
2019,Community Parks,90,PARK & RECREATION,Willie Mae Butler Park - Portable Facility Enclosure,VK09,,,2020,,,,60000,60000,,
2019,Playground Improvement,90,PARK & RECREATION,Willoughby Park - Playground Replacement,VK10,,,2020,,,40000,200000,160000,,
2019,,90,PARK & RECREATION,Grand Total,,,,,,,286076816,414470399,74743076,31405507,22245000
2019,Alley Reconstruction,95,Street & Transportation,10005-10119 Shayna Dr - 10002-10106 Hymie Cir,V032,,,2022,,,38947,228624,189677,,
2019,Alley Reconstruction,95,Street & Transportation,10106-10160 Caribou Trail - 10127-10143 Ferndale Rd,V079,,,2021,,,40332,264992,224660,,
2019,Alley Reconstruction,95,Street & Transportation,10163-10199 Vistadale Dr - 10200-10200 Trailcliff Dr,V080,,,2021,,,24926,228046,203120,,
2019,Alley Reconstruction,95,Street & Transportation,10315-10542 Castlerock Dr - 10315 Checota Dr - Gardenside,V033,,,2022,,,72329,508445,436116,,
2019,Alley Reconstruction,95,Street & Transportation,10445 - 10461 Carry Back Cir - 10419 - 10427 Carry Back Pl,V113,,,2022,,,29973,115934,85961,,
2019,Street Reconstruction,95,Street & Transportation,10th St from I-35 to Clarendon Dr,V198,,,2022,,,238361,3490621,487839,2764421,
2019,Sidewalk Improvements,95,Street & Transportation,10th Street Historic District Sidewalk Improvements,V149,,,2021,,,20312,20312,,,
2019,Alley Reconstruction,95,Street & Transportation,11133-11139 Cotillion Dr - 3609 Bon Park Ct,V069,,,2022,,,13173,103025,89852,,
2019,Alley Reconstruction,95,Street & Transportation,11205-11335 Buchannan Dr - 11200- 11298 Ferguson Rd,V070,,,2022,,,36170,406250,370080,,
2019,Alley Reconstruction,95,Street & Transportation,11306-11340 Dumbarton Dr - 11323- 11357 Glen Cross Dr,V071,,,2022,,,23332,205400,182068,,
2019,Alley Reconstruction,95,Street & Transportation,11312-11344 Glen Cross Dr - 11341-11367 Drummond Dr,V072,,,2022,,,29427,242450,213023,,
2019,Alley Reconstruction,95,Street & Transportation,1225-1423 Kirnwood Dr - 7601 S Polk St,V062,,,2022,,,33852,362453,328601,,
2019,Alley Reconstruction,95,Street & Transportation,127-231 W Louisiana Ave - 118-228 Conrad St,V022,,,2022,,,43484,416303,372819,,
2019,Target Neighborhood,95,Street & Transportation,12Th St From Upton To 200 Ft East Of Upton,V992,,,2022,,,34558,347603,,313045,
2019,Alley Reconstruction,95,Street & Transportation,1503-1551 Briarcliff Rd - 5503-5537 Mesa Cir,V008,,,2021,,,37292,209573,172281,,
2019,Alley Reconstruction,95,Street & Transportation,15632-15724 Golden Creek Rd -6231 - La Cosa Dr - Bay Point,V086,,,2022,,,27451,351451,324000,,
2019,Alley Reconstruction,96,Street & Transportation,1608-1620 Day Star Dr - 1603-1633 Hanging Cliff Dr,V023,,,2022,,,35278,353097,317819,,
2019,Alley Reconstruction,96,Street & Transportation,1611-1727 Red Cloud Dr - 9704-9780 Faircloud Dr [A7003],V034,,,2022,,,59193,400481,341288,,
2019,Alley Reconstruction,96,Street & Transportation,1621-1631 Windchime Dr - 1614-1626 Vatican Ln,V024,,,2022,,,9133,86377,77244,,
2019,Alley Reconstruction,96,Street & Transportation,1708-1920 Vatican Ln - 1705-1921 Windchime Dr,V025,,,2022,,,32562,343343,310781,,
2019,Target Neighborhood,96,Street & Transportation,17604-17630 Davenport Alley Construction,VA05,,,2022,,,49767,500579,,,450812
2019,Alley Reconstruction,96,Street & Transportation,1830-1886 Red Cloud Dr - 9803-9851 Glengreen Dr [A6972],V035,,,2022,,,34874,224509,189635,,
2019,Alley Reconstruction,96,Street & Transportation,18603-18707 Amador Ave - 6505-6511 Villa Rd,V095,,,2022,,,37577,549731,512154,,
2019,Alley Reconstruction,96,Street & Transportation,1885-2025 Red Cloud Dr - 2002-2080 Corvette Dr [A6966],V036,,,2022,,,72075,478487,406412,,
2019,Alley Reconstruction,96,Street & Transportation,19003-19039 Bilbrook Ln,V096,,,2022,,,28455,344617,316162,,
2019,Sidewalk Improvements,96,Street & Transportation,2019 Assessment for Sidewalk Improvements,W308,,,,,,2693140,3139623,446483,,
2019,Alley Reconstruction,96,Street & Transportation,207-347 Bettyrae Way - 7708-7770 Ryan Ridge Dr,V063,,,2022,,,36175,425834,389659,,
2019,Alley Reconstruction,96,Street & Transportation,2104-2336 Dugald Pl - 2005-2249 E Illinois Ave,V026,,,2022,,,43223,650706,607483,,
2019,Alley Reconstruction,96,Street & Transportation,2205-2341 Freeland - 2336-2328 Homeway - 2204-2340 Babalos,V060,,,2022,,,34845,428830,393985,,
2019,Alley Reconstruction,96,Street & Transportation,2211-2323 Deer Path Dr - 2905-3311 Kellogg Ave,V027,,,2022,,,46878,552178,505300,,
2019,Alley Reconstruction,96,Street & Transportation,2304-2348 Hunters Run Dr - 7407-7415 Mesa Verde Trl,V064,,,2022,,,38700,406406,367706,,
2019,Alley Reconstruction,96,Street & Transportation,2306 - 2440 Bluffton Dr - 2307 - 2439 Blaydon Dr,V042,,,2022,,,38826,351624,312798,,
2019,Alley Reconstruction,97,Street & Transportation,2408-2564 Club Manor Dr - 2435-2549 Matland Dr,V017,,,2022,,,61821,618209,556388,,
2019,- Alley Reconstruction,97,Street & Transportation,2503-2623 W Lovers Ln 2502-2614 W Amherst Ave,V009,,,2021,,,30314,195878,165564,,
2019,Alley Reconstruction,97,Street & Transportation,2507 - 2537 Blaydon Dr - 2506 - 2536 Bluffton Dr,V043,,,2022,,,29197,167212,138015,,
2019,Alley Reconstruction,97,Street & Transportation,2603-2931 Garapan Dr - 2502-2922 Nicholson Dr,V028,,,2022,,,62206,661964,599758,,
2019,Alley Reconstruction,97,Street & Transportation,2703-2743 April Hill Ln - 2710-2750 Stevens Point Ln,V097,,,2022,,,24034,275821,251787,,
2019,Alley Reconstruction,97,Street & Transportation,2703-2829 Klondike - Dr 2704-2830 Lockhart Ave,V044,,,2022,,,39356,293020,253664,,
2019,Alley Reconstruction,97,Street & Transportation,2703-2831 Scottsbluff Dr - 2802-2826 La Prada Ct,V045,,,2022,,,37759,363090,325331,,
2019,Alley Reconstruction,97,Street & Transportation,2707 - 2757 Runningbrook Ln - 2700 N Buckner Blvd,V046,,,2022,,,38190,301301,263111,,
2019,Alley Reconstruction,97,Street & Transportation,2707 - 2837 Blyth Dr - 2706-2838 Gross Rd,V047,,,2022,,,42062,296842,254780,,
2019,Alley Reconstruction,97,Street & Transportation,"2711-2733 Groveridge, 9606-9674 Briggs, 9605- 9621 Altacrest",V061,,,2022,,,39450,508601,469151,,
2019,Alley Reconstruction,97,Street & Transportation,299-385 Stoneport Dr - 320 Pemberton Hill Rd,V065,,,2020,,,41118,411184,370066,,
2019,Alley Reconstruction,97,Street & Transportation,3004-3150 Kinkaid Dr - 3045-3155 Park Ln,V037,,,2022,,,79625,796250,716625,,
2019,Alley Reconstruction,97,Street & Transportation,3105-3161 Waldrop Drive - 3106-3160 Rotan Lane,V114,,,2022,,,43544,322959,279415,,
2019,Alley Reconstruction,97,Street & Transportation,3105-3171 Newcastle Dr - 3104-3170 Walnut Hill,V038,,,2022,,,37122,305442,268320,,
2019,Alley Reconstruction,97,Street & Transportation,3163-3241 E Ledbetter Dr - 3132-3244 Dahlia Dr,V029,,,2022,,,28212,352320,324108,,
2019,Alley Reconstruction,97,Street & Transportation,3206-3232 Rotan Lane - 3207-3233 Waldrop Drive,V115,,,2022,,,27872,188870,160998,,
2019,Alley Reconstruction,97,Street & Transportation,3207 - 3349 Citation Dr - 3208 - 3330 Timberview Rd,V116,,,2022,,,62917,290472,227555,,
2019,Alley Reconstruction,98,Street & Transportation,3505-3523 Park Ln - 3511 Valley Ridge Rd,V039,,,2018,,,59536,114979,55443,,
2019,Alley Reconstruction,98,Street & Transportation,3505-3523 Park Ln - 3511 Valley Ridge Rd,V039,,,2018,,,15330,15330,,,
2019,Alley Reconstruction,98,Street & Transportation,3506-3658 High Vista Dr - 11960 Highdale Dr,V040,,,2022,,,35477,447967,412490,,
2019,Alley Reconstruction,98,Street & Transportation,3544 - 3638 Ainsworth Dr - 3615 - 3675 Norcross Ln,V117,,,2022,,,53696,311174,257478,,
2019,Alley Reconstruction,98,Street & Transportation,3609-3615 Bon Park Ct - 3608-3614 Parader Ct,V073,,,2022,,,11959,88075,76116,,
2019,Alley Reconstruction,98,Street & Transportation,3610-3668 Weeburn Dr - 3623-3651 Midpines Dr,V118,,,2022,,,38255,251615,213360,,
2019,Alley Reconstruction,98,Street & Transportation,3703-3771 Cortez Dr - 3702-3770 Durango Dr,V010,,,2021,,,47169,301620,254451,,
2019,Alley Reconstruction,98,Street & Transportation,3703-3771 Cortez Dr - 3702-3770 Durango Dr,V010,,,2021,,,21990,21990,,,
2019,Alley Reconstruction,98,Street & Transportation,3805-3945 Hawick Ln - 3804-3858 Eaton Dr,V011,,,2021,,,45617,330922,285305,,
2019,Alley Reconstruction,98,Street & Transportation,3864-3872 Treeline Cir - 1618-1626 Five Mile Ct,V030,,,2022,,,29237,266871,237634,,
2019,Alley Reconstruction,98,Street & Transportation,3903-3991 Cortez Dr - 3904-3990 Durango Dr,V041,,,2018,,,445210,445210,,,
2019,Alley Reconstruction,98,Street & Transportation,4104-4124 Firebrick Ln - 4103-4119 Country Brook Dr,V098,,,2022,,,14641,150969,136328,,
2019,Alley Reconstruction,98,Street & Transportation,4202-4272 Timberglen Rd - 4203-4231 Lawngate Dr,V099,,,2022,,,19715,218491,198776,,
2019,Alley Reconstruction,98,Street & Transportation,4307-4435 Bonnie View Rd - 4302-4446 Cicero St,V031,,,2022,,,31363,426403,395040,,
2019,Alley Reconstruction,98,Street & Transportation,4403-4451 Cinnabar Dr - 6102-6150 Symphony Ln,V048,,,2022,,,33607,321367,287760,,
2019,Alley Reconstruction,98,Street & Transportation,4503-4535 Live Oak St - 4514-4522 Bryan St,V012,,,2021,,,29869,193648,163779,,
2019,Alley Reconstruction,98,Street & Transportation,4804-4950 Ashbrook Rd - 4803-4945 Chilton Dr,V049,,,2022,,,47134,486668,439534,,
2019,Alley Reconstruction,99,Street & Transportation,4806-5034 Mill Creek Rd - 4807-4923 -12515 Planters Glen Dr,V123,,,2021,,,47940,461513,413573,,
2019,Alley Petitions,99,Street & Transportation,4812-4840 Worth St - 4807-4841 Tremont St,V007,,,2022,,,16195,205427,189232,,
2019,Alley Reconstruction,99,Street & Transportation,4902-5032 Thursh St - 4903-5033 Wenonah Dr,V013,,,2021,,,37382,262126,224744,,
2019,Alley Reconstruction,99,Street & Transportation,5005-5207 Banting Way - 5411-5445 Endlery Pl,V050,,,2022,,,41318,398762,357444,,
2019,Alley Reconstruction,99,Street & Transportation,503-511 N Prairie Ave - 4721-4721 Tremont St,V014,,,2021,,,19695,59560,39865,,
2019,Alley Reconstruction,99,Street & Transportation,5100-5152 Lahoma St - 5101-5147 N Hall St,V015,,,2021,,,35717,216580,180863,,
2019,Alley Reconstruction,99,Street & Transportation,5107-5143 Breakwood Dr - 5116-5152 Colter Dr,V051,,,2022,,,20094,171672,151578,,
2019,Alley Reconstruction,99,Street & Transportation,5179-5107 Chalet - 1404-1550 Drury Dr,V018,,,2022,,,38341,372008,333667,,
2019,Alley Reconstruction,99,Street & Transportation,5300-5358 Willis Ave - 5303-5355 Richard Ave,V016,,,2021,,,35869,243653,207784,,
2019,Alley Reconstruction,99,Street & Transportation,5303-5347 Blaney Way - 5204-5240 Banting Way,V052,,,2022,,,38387,373282,334895,,
2019,Alley Reconstruction,99,Street & Transportation,5306-5342 Lake Placid Dr - 1572-1568 Drury Pl,V019,,,2022,,,17943,196239,178296,,
2019,Alley Reconstruction,99,Street & Transportation,5500-5552 Longview St - 5503-5549 Mccommas Blvd,V125,,,2022,,,23009,240786,217777,,
2019,Alley Reconstruction,99,Street & Transportation,5501-5527 Harbor Town Dr - 5506-5530 Tamaron Ct,V100,,,2022,,,22493,260214,237721,,
2019,Alley Reconstruction,99,Street & Transportation,5601-5639 Morningside Ave - 5602-5634 Mccommas Blvd,V126,,,2022,,,20920,205751,184831,,
2019,Alley Reconstruction,99,Street & Transportation,5605-5831 Everglade Rd - 5606-5824 Twineing St,V053,,,2022,,,45392,465010,419618,,
2019,Alley Reconstruction,99,Street & Transportation,5620-5832 Everglade Rd - 5707-5861 Marview Ln,V054,,,2022,,,52875,489853,436978,,
2019,Target Neighborhood,99,Street & Transportation,5701-5745 Palo Pinto Ave - 5702-5746 Velasco Ave [Alley Imp],VA06,,,2022,,,28358,211484,,,183126
2019,Alley Reconstruction,100,Street & Transportation,5703-5747 Vanderbilt Ave - 5710-5750 Marquita Ave,V127,,,2022,,,19995,214351,194356,,
2019,Alley Reconstruction,100,Street & Transportation,5710-5814 Meadowick Ln - 5274-5290 Ponderosa Cir,V055,,,2022,,,20634,169124,148490,,
2019,Alley Reconstruction,100,Street & Transportation,5737-5763 Caruth Blvd - 5708-5728 Surrey Square Lane,V119,,,2021,,,17068,150651,133583,,
2019,Alley Reconstruction,100,Street & Transportation,6020-6040 Fieldstone,V101,,,2022,,,42252,269500,227248,,
2019,Alley Reconstruction,100,Street & Transportation,6024-6300 Samuell Blvd - 6205-6441 Symphony Ln,V056,,,2022,,,45654,476476,430822,,
2019,Street Reconstruction,100,Street & Transportation,6100 Blk Of Calm Meadow,V282,,,2022,,,52854,528539,,475685,
2019,Alley Reconstruction,100,Street & Transportation,6103-6129 Mercedes Ave - 6100-6126 Morningside Ave,V128,,,2022,,,16046,138547,122501,,
2019,Alley Reconstruction,100,Street & Transportation,6139-6179 Monticello Ave - 6202-6238 Mercedes Ave,V129,,,2022,,,22800,200974,178174,,
2019,- Alley Reconstruction,100,Street & Transportation,6201- 6333 Bryan Pkwy 5808-5842 Live Oak St,V130,,,2022,,,22654,223906,201252,,
2019,Alley Reconstruction,100,Street & Transportation,6206-6440 Symphony Ln - 4307-4339 Cinnabar Dr,V057,,,2022,,,30863,309264,278401,,
2019,Alley Reconstruction,100,Street & Transportation,6216-6226 Autumn Woods Trl - 804-814 W Red Bird Ln,V020,,,2022,,,13870,139710,125840,,
2019,Alley Reconstruction,100,Street & Transportation,6302-6326 Oakleaf Rd - 6301-6323 Warm Mist Ln,V102,,,2022,,,27993,214669,186676,,
2019,Alley Reconstruction,100,Street & Transportation,6407-6475 Glendora Ave - 6406-6474 Meadow Road,V120,,,2021,,,31754,317545,285791,,
2019,Alley Reconstruction,100,Street & Transportation,6421-6543 Northwood Road - 6426-6542 Deloache Ave,V121,,,2021,,,33347,333470,300123,,
2019,Alley Reconstruction,100,Street & Transportation,6505-6635 Mimosa Ln - 6506-6630 Lakehurst Ave,V122,,,2021,,,30990,309901,278911,,
2019,Alley Reconstruction,100,Street & Transportation,6506-6556 Crestmere Dr - 6515-6555 Meadowcreek Dr,V087,,,2022,,,21783,247377,225594,,
2019,Alley Reconstruction,100,Street & Transportation,6510-6580 Calais Dr - 6509-6565 Crestmere Dr,V088,,,2022,,,23426,278544,255118,,
2019,Alley Reconstruction,101,Street & Transportation,6607-6831 Desco Drive - 6706-6838 Prestonshire Lane,V124,,,2021,,,49037,426790,377753,,
2019,Alley Reconstruction,101,Street & Transportation,6808-7038 Hunters Ridge Dr - 6807-6959 Town Bluff Dr,V089,,,2022,,,50355,503548,453193,,
2019,- Alley Reconstruction,101,Street & Transportation,6816-6858 Freemont St 6809-6851 Whitehill St,V074,,,2022,,,21692,210925,189233,,
2019,Alley Reconstruction,101,Street & Transportation,6906-6954 Kingsbury Dr - 6907-6949 Winchester St,V075,,,2022,,,23627,232050,208423,,
2019,Alley Reconstruction,101,Street & Transportation,6906-7030 Orchid Ln - 6909-7007 Meadoebriar Ln - Pemberton Dr,V094,,,2022,,,35535,355348,319813,,
2019,- Alley Reconstruction,101,Street & Transportation,6915-6965 Freemont St 6914-6964 Wakefield St,V076,,,2022,,,21367,227825,206458,,
2019,Alley Reconstruction,101,Street & Transportation,6920-7038 Midbury Dr - 6919-7033 Northaven Rd,V090,,,2022,,,39417,43730,4313,,
2019,- Alley Reconstruction,101,Street & Transportation,7005-7065 Freemont St 7006-7066 Wakefield St,V077,,,2022,,,24966,273650,248684,,
2019,Alley Reconstruction,101,Street & Transportation,7023-7031 Wakefield St - 7049-7053 Wakefield Cir,V078,,,2022,,,14874,86775,71901,,
2019,Alley Reconstruction,101,Street & Transportation,7027-7203 Hunnicut Rd - 7012-7108 Belteau Ln,V058,,,2022,,,33005,261170,228165,,
2019,Alley Reconstruction,101,Street & Transportation,7103-7133 Echo Bluff Dr - 7202-7226 Rustic Valley Dr,V103,,,2022,,,42944,285694,242750,,
2019,Alley Reconstruction,101,Street & Transportation,7105-7227 Bluefield Dr - 7311- 7427 Carta Valley Dr,V104,,,2022,,,68852,428750,359898,,
2019,Alley Reconstruction,101,Street & Transportation,7129-7195 Elliott Dr - 7130-7184 Rolling Fork Dr,V059,,,2022,,,28200,282191,253991,,
2019,Alley Reconstruction,101,Street & Transportation,7151-7203 Gracefield Ln - 7101-7145 Crooked Oak Dr,V105,,,2022,,,54839,456411,401572,,
2019,Alley Reconstruction,101,Street & Transportation,7206 -7446 La Sobrina Dr - 7223-7441 Whispering Pine Dr,V106,,,2022,,,57057,522658,465601,,
2019,Alley Reconstruction,101,Street & Transportation,7306-7540 Gayglen Dr - 7303-7533 Neuhoff Dr,V066,,,2020,,,,513104,513104,,
2019,Alley Reconstruction,101,Street & Transportation,7309-7435 Tangleglen Dr - 7364-7450 Tophill Ln,V091,,,2022,,,29300,293000,263700,,
2019,Alley Reconstruction,102,Street & Transportation,7405-7443 Lynworth Dr - 7408-7438 Chattington Dr,V092,,,2022,,,21403,214032,192629,,
2019,Alley Reconstruction,102,Street & Transportation,7501-7631 Ashcrest Ln - 7502-7578 Christie Ln,V021,,,2022,,,40268,451038,410770,,
2019,Alley Reconstruction,102,Street & Transportation,7604-7608 Dornoch Ln - 7603-7605 Lairds Ln,V107,,,2022,,,28033,106060,78027,,
2019,Alley Reconstruction,102,Street & Transportation,7606-7672 Rolling Acres Dr - 7615-7651 Tophill Ln,V093,,,2022,,,25321,253207,227886,,
2019,Alley Reconstruction,102,Street & Transportation,7607-777 La Sobrina Dr - 7624-7772 Querida Ln,V108,,,2022,,,70983,564693,493710,,
2019,Alley Reconstruction,102,Street & Transportation,7620-7768 La Manga Dr - 7625-7771 Querida Ln,V109,,,2022,,,59204,511004,451800,,
2019,Target Neighborhood,102,Street & Transportation,7704-78400 Carbondale St - 7703- 7835 Brownville [Alley Imp],VA01,,,2022,,,35021,352261,,,317240
2019,Alley Reconstruction,102,Street & Transportation,7805-7871 La Verdura Dr - 7806-7846 El Pastel Dr,V110,,,2022,,,37838,273470,235632,,
2019,Alley Reconstruction,102,Street & Transportation,7805-7887 Querida Ln - 7808-7858 La Manga Dr,V111,,,2022,,,35682,277191,241509,,
2019,Alley Reconstruction,102,Street & Transportation,7806-7870 Querida Ln - 7807-7867 La Sobrina Dr,V112,,,2022,,,44781,337670,292889,,
2019,Alley Reconstruction,102,Street & Transportation,7905-7933 Olusta Dr - 7932 Great Trinity Forest Way,V067,,,2020,,,16345,207127,190782,,
2019,Alley Reconstruction,102,Street & Transportation,806-954 Ivywood Dr - 807-951 Jadewood Dr,V068,,,2022,,,33902,385704,351802,,
2019,Alley Reconstruction,102,Street & Transportation,9003-9131 Webb Kay Dr - 9006-9132 Windy Crest Dr,V081,,,2021,,,53957,493675,439718,,
2019,Alley Reconstruction,102,Street & Transportation,9506-9650 Dartridge Dr - 9605-9679 Covemeadow Dr,V082,,,2021,,,41723,447811,406088,,
2019,Alley Reconstruction,102,Street & Transportation,9603-9616 Greensprint Drive - 9626-9626 Church Rd,V083,,,2022,,,14220,103513,89293,,
2019,Alley Reconstruction,102,Street & Transportation,9606-9734 Shady Dale Lane - 9709-9733 Shoreview Rd,V084,,,2022,,,27140,268814,241674,,
2019,Alley Reconstruction,103,Street & Transportation,9805-8805 Buxhill Dr - 9804-9846 Chiswell - 8805 Fenchurch,V085,,,2020,,,32037,299096,267059,,
2019,Street Reconstruction,103,Street & Transportation,Aberdeen Ave From Edgemere Rd To Thackery St,V285,,,2022,,,79397,793965,,714568,
2019,Street Resurfacing,103,Street & Transportation,Abrams Rd from E University Blvd to Chesley Ln,V942,,,2021,,,,146300,,146300,
2019,Thoroughfares,103,Street & Transportation,Abrams Rd from Gaston Ave to S Beacon St,VA14,,,2022,,,294574,3750000,,,3455426
2019,Street Resurfacing,103,Street & Transportation,Abrams Rd from Glennox Ln to E Lovers Ln,V949,,,2022,,,,664315,,,664315
2019,Street Resurfacing,103,Street & Transportation,Abrams Rd from Trammel Dr to E University Blvd,V921,,,2021,,,,106400,,106400,
2019,Street Resurfacing,103,Street & Transportation,Acapulco Dr from Bar Harbor Dr to Bar Harbor Dr,V473,,,2019,,,80741,262725,181984,,
2019,Street Reconstruction,103,Street & Transportation,Adair St From Cobb St To 500 Ft North Of Cobb St,V287,,,2022,,,6435,81530,,75095,
2019,Street Resurfacing,103,Street & Transportation,Adelaide Dr from Yewpon Ave to Ramona,V658,,,2019,,,209470,209470,,,
2019,Street Resurfacing,103,Street & Transportation,Adler Dr from Adler Dr to Cockrell Hill Rd,V799,,,2021,,,,301875,,301875,
2019,Street Resurfacing,103,Street & Transportation,Adleta Blvd from Adleta Ct to Adleta Blvd,V774,,,2021,,,,323175,,323175,
2019,Street Resurfacing,103,Street & Transportation,Alco Ave from N. Plymouth Rd to N Hampton Rd,V435,,,2019,,,334295,334295,,,
2019,Street Resurfacing,103,Street & Transportation,Alcott St from N Fitzhugh Ave to Lee St,V486,,,2020,,,,207275,207275,,
2019,Street Resurfacing,103,Street & Transportation,Allegro Dr from Balalaika Rd to Firebird Dr,V582,,,2019,,,106975,106975,,,
2019,Street Resurfacing,103,Street & Transportation,Allen St from McKinney Ave to Laclede St,V970,,,2022,,,,760482,,,760482
2019,Target Neighborhood,103,Street & Transportation,Alley Imp Between 8Th St - Church From Ih 35E To N Cliff,V993,,,2022,,,25482,236514,,211032,
2019,Target Neighborhood,103,Street & Transportation,Alley Imp Between Ewing Ave - Upton From Viola To Clarendon,V994,,,2022,,,17692,176061,,158369,
2019,Alley Petitions,103,Street & Transportation,Alley: Hibernia Mckinney From Routh To Boll,S201,,,2018,,,183766,183766,,,
2019,Alley Petitions,104,Street & Transportation,Alley: Hibernia State From Boll To Worthington,S202,,,2018,,,127567,127567,,,
2019,Alley Petitions,104,Street & Transportation,Alley: Hurley Way Lenel Place Wllmsbrg To T Alley,S203,,,2019,,,2462,2462,,,
2019,Alley Petitions,104,Street & Transportation,Alley: Hurley Way Lenel Place Wllmsbrg To T Alley,S203,,,2019,,,235340,235340,,,
2019,Alley Petitions,104,Street & Transportation,Alley: Manana Park From Larga To Marsh,S205,,,2019,,,426653,426653,,,
2019,Alley Petitions,104,Street & Transportation,Alley: State St Thomas Ave From Routh To Boll,S207,,,2018,,,171683,171683,,,
2019,Street Resurfacing,104,Street & Transportation,Alma from Cockrell Ave to End of Pavement,V615,,,2019,,,169785,169785,,,
2019,Intergovernmental Partnership Projects,104,Street & Transportation,Alpha Rd - Noel to Preston,U201,,,2020,,,3960008,3960008,,,
2019,Street Reconstruction,104,Street & Transportation,Alpha Rd from Barton Dr to Noel Rd,V293,,,2023,,,,1119829,53326,1066503,
2019,Thoroughfares,104,Street & Transportation,Alpha Rd From End Of Pavement To Barton Dr,V310,,,2023,,,,1342679,175132,1167547,
2019,Street Reconstruction,104,Street & Transportation,Alpha Rd from Noel Rd to Montfort Dr,V294,,,2023,,,2153,2130782,101465,2027164,
2019,Street Resurfacing,104,Street & Transportation,Amberton Pkwy from Chimney Sweep Ln to Chimney Corner,V397,,,2019,,,126190,126190,,,
2019,Street Resurfacing,104,Street & Transportation,Amberton Pkwy from Emberglow Ln to Chimney Sweep Ln,V518,,,2019,,,244591,244591,,,
2019,Street Resurfacing,104,Street & Transportation,Amberton Pkwy from Greenville Ave to Emberglow Ln,V524,,,2020,,,284725,552425,267700,,
2019,Alley Petitions,104,Street & Transportation,Amhurst Av - Stanford Av From Linwood Ave. To Briarwood Ln,V005,,,2022,,,33153,212000,178847,,
2019,Street Resurfacing,104,Street & Transportation,Annapolis Ln from Ridgelawn Dr to Berwyn Ln,V795,,,2022,,,,709452,,,709452
2019,Street Resurfacing,104,Street & Transportation,Antoinette St from Greenhaven Dr to Hillburn Dr,V792,,,2020,,,,133250,133250,,
2019,Street Reconstruction,104,Street & Transportation,Anzio Cir from Garapan Dr to S Polk St,V199,,,2022,,,107401,1153814,,1046413,
2019,Street Resurfacing,105,Street & Transportation,Arapaho Rd from Golden Creek Rd to Meadowcreek Dr,V939,,,2022,,,870363,870363,,,
2019,Street Resurfacing,105,Street & Transportation,Arapaho Rd from Hillcrest Rd to Meandering Way,V947,,,2018,,,578411,578411,,,
2019,Street Resurfacing,105,Street & Transportation,Arapaho Rd from Meadowcreek Dr to Hillcrest Rd,V931,,,2018,,,221648,221648,,,
2019,Street Resurfacing,105,Street & Transportation,Arbor Park Dr from Robin Meadow Dr to Whitehurst Dr,V215,,,2019,,,436393,1339207,,902814,
2019,Street Reconstruction,105,Street & Transportation,Arborcrest Dr From Bluewood Dr To Partridge Dr,V262,,,2021,,,93610,906420,,812810,
2019,Street Resurfacing,105,Street & Transportation,Arborcrest Dr from Glencairn Dr to S RL Thornton Serv W,V659,,,2020,,,,68325,68325,,
2019,Street Resurfacing,105,Street & Transportation,Arborhill Dr from Arborhill Dr to Arbor Park Dr,V543,,,2018,,,56074,56074,,,
2019,Street Resurfacing,105,Street & Transportation,Ash Ln from Caldwell Ave to S Fitzhugh Ave,V402,,,2018,,,130628,130628,,,
2019,Street Resurfacing,105,Street & Transportation,Atha Dr from N Longacre Ln to Tina Ln,V770,,,2020,,,,98600,98600,,
2019,Street Resurfacing,105,Street & Transportation,Atha Dr from Tina Ln to Woodmont Dr,V551,,,2019,,,41850,41850,,,
2019,Street Resurfacing,105,Street & Transportation,Atlas Dr from Frio Dr to S Lancaster Rd,V520,,,2019,,,324718,324718,,,
2019,Street Resurfacing,105,Street & Transportation,Audelia Rd from Faircrest Dr to Royal Ln,V961,,,2021,,,,499125,,499125,
2019,Street Resurfacing,105,Street & Transportation,Avenue F from E 11th St Sanderson Ave,V323,,,2019,,,100,100,,,
2019,Street Reconstruction,105,Street & Transportation,Avenue H From E 11Th St To Sanderson Ave,V247,,,2022,,,84292,842916,,758624,
2019,Street Resurfacing,105,Street & Transportation,Axton Ln from Abrams Rd to Kelman St,V749,,,2019,,,96985,96985,,,
2019,Street Reconstruction,105,Street & Transportation,Babcock Dr From Bernal Dr To Canada Dr,V256,,,2022,,,43642,436425,,392783,
2019,Street Resurfacing,105,Street & Transportation,Balalaika Rd From Allegro Dr To Laura Ln,V839,,,2019,,,5094,42850,37756,,
2019,Street Resurfacing,105,Street & Transportation,Balalaika Rd from Duet Dr to Allegro Dr,V834,,,2019,,,63832,63832,,,
2019,Street Resurfacing,106,Street & Transportation,Bambi St from Elkton Cir to Dowdy Ferry Rd,V358,,,2018,,,60471,60471,,,
2019,Street Resurfacing,106,Street & Transportation,Bambi St from Murdock Rd to Elkton Cir,V816,,,2018,,,45537,45537,,,
2019,Street Resurfacing,106,Street & Transportation,Banting Way from Enchanted Ln to Ashbrook Rd,V812,,,2021,,,,129750,,129750,
2019,Street Resurfacing,106,Street & Transportation,Baraboo Dr from End of Pavement to Tioga St,V579,,,2019,,,110550,110550,,,
2019,Sidewalk Improvements,106,Street & Transportation,Baraboo Dr from Highland Hills Dr To End of Pavement,V158,,,,,,58189,58189,,,
2019,Alley Reconstruction,106,Street & Transportation,Baruth Blvd Colgate Ave,S226,,,2019,,,265976,265976,,,
2019,Street Reconstruction,106,Street & Transportation,Beall Street From Dolphin To Gifford Street,S428,,,2021,,,365100,365100,,,
2019,Street Resurfacing,106,Street & Transportation,Beechmont Dr from Ferguson Rd to Felicia Ct,V827,,,2021,,,,150325,,150325,
2019,Street Resurfacing,106,Street & Transportation,Belford Dr from Ashford Dr to Ravendale Ln,V436,,,2019,,,179105,179105,,,
2019,Thoroughfares,106,Street & Transportation,Belleview from Akard to Ervay,U773,,,2019,,,452826,452826,,,
2019,Street Resurfacing,106,Street & Transportation,Belmont Ave from Matilda St to Skillman St,V592,,,2019,,,350359,350359,,,
2019,Street Resurfacing,106,Street & Transportation,Belmont Ave from Summit Ave to Greenville Ave,V320,,,2019,,,112804,112804,,,
2019,Street Resurfacing,106,Street & Transportation,Benedict Dr from Chapel Hill Rd to Kimberly Ln,V460,,,2019,,,277761,277761,,,
2019,Street Resurfacing,106,Street & Transportation,Bennett Ave from Monarch St to Fuqua St,V554,,,2019,,,128042,128042,,,
2019,Street Resurfacing,106,Street & Transportation,Bennington Dr from Trammel Dr to Middlebury Dr,V668,,,2021,,,,109575,,109575,
2019,Street Resurfacing,106,Street & Transportation,Benson St from S Washington Ave to S Hill Ave,V597,,,2019,,,133050,133050,,,
2019,Street Resurfacing,106,Street & Transportation,Bentley Ave from Chalmers St to S Hampton Rd,V349,,,2019,,,229810,229810,,,
2019,Street Resurfacing,106,Street & Transportation,Berkley Ave from Rugged Dr to S Edgefield Ave,V536,,,2019,,,257250,257250,,,
2019,Street Resurfacing,107,Street & Transportation,Berwyn Ln from Ridgelawn Dr to E University Blvd,V735,,,2021,,,,103175,,103175,
2019,Intergovernmental Partnership Projects,107,Street & Transportation,Better Block Streetcar Pavillion,W135,,,,,,90000,90000,,,
2019,Street Resurfacing,107,Street & Transportation,Bickers St from Melinda Hills Dr to N Westmoreland Rd,V943,,,2020,,,,127925,127925,,
2019,Street Resurfacing,107,Street & Transportation,Bishop College Dr from Lovingood Dr to End of Pavement,V406,,,2018,,,211520,211520,,,
2019,Streetscape/Urban Design,107,Street & Transportation,Bishop from 10th St to Jefferson Blvd,V984,,,2022,,,,1590767,238615,1352152,
2019,Complete Streets,107,Street & Transportation,Bishop From Jefferson To 8Th,S390,,,2019,,,489335,489335,,,
2019,Complete Streets,107,Street & Transportation,Bishop From Jefferson To 8Th,S390,,,2019,,,5165926,5165926,,,
2019,Street Reconstruction,107,Street & Transportation,Bismark Dr From E Ledbetter To 51St,S448,,,2019,,,2912,2912,,,
2019,Street Reconstruction,107,Street & Transportation,Bismark Dr From E Ledbetter To 51St,S448,,,2019,,,965337,965337,,,
2019,Street Resurfacing,107,Street & Transportation,Bissonet Ave from Atha Dr to Antler Ave,V368,,,2018,,,167727,167727,,,
2019,Street Resurfacing,107,Street & Transportation,Blackburn St from N Haskell Ave to Noble Ave,V963,,,2021,,,,123150,,123150,
2019,Street Resurfacing,107,Street & Transportation,Blackburn St from Turtle Creek Blvd to Oak Lawn Ave,V957,,,2021,,,,190625,,190625,
2019,Street Resurfacing,107,Street & Transportation,Blackburn St from Turtle Creek Blvd to Travis St,V971,,,2021,,,,85700,,85700,
2019,Street Resurfacing,107,Street & Transportation,Blanch Cir from Hillside Dr to Nonesuch Rd,V773,,,2021,,,,118125,,118125,
2019,Street Resurfacing,107,Street & Transportation,Blessing Cir from End of Pavement to Blessing Dr,V648,,,2021,,,,42675,,42675,
2019,Street Reconstruction,107,Street & Transportation,Blossomheath Ln From Lbj Serv N To Thistle Ln,V275,,,2022,,,44701,447009,,402308,
2019,Street Reconstruction,107,Street & Transportation,Blossomheath Ln from Thistle Ln to Alpha Rd,V222,,,2022,,,50902,509024,,458122,
2019,Alley Reconstruction,107,Street & Transportation,Blue Mesa Dr Hillcrest Rd,S221,,,2019,,,313687,313687,,,
2019,Street Resurfacing,108,Street & Transportation,Bluffdale Dr from Berkinshire Dr to Brookhurst Dr,V805,,,2022,,,,647830,,,647830
2019,Street Resurfacing,108,Street & Transportation,Bluffton from Freeport Dr to End of Pavement,V726,,,2020,,,,201150,201150,,
2019,Street Resurfacing,108,Street & Transportation,Boca Chica Cir from End of Pavement to Boca Chica Dr,V325,,,2018,,,43399,43399,,,
2019,Street Resurfacing,108,Street & Transportation,Boca Chica Dr from Boca Chica Cir to Bar Harbor Dr,V414,,,2018,,,220744,220744,,,
2019,Street Reconstruction,108,Street & Transportation,Bombay Ave from Huron Dr to Thurston Dr,V193,,,2021,,,151690,1309646,1157956,,
2019,Street Resurfacing,108,Street & Transportation,Bonham St from Midway Rd to End of Pavement,V684,,,2021,,,,252375,,252375,
2019,Street Reconstruction,108,Street & Transportation,Bonnie View From Overton To Springview,S308,,,2019,,,526257,526257,,,
2019,Street Reconstruction,108,Street & Transportation,Bonnie View Rd from Ann Arbor Ave to Cummings St,V200,,,2022,,,225505,2255054,,2029549,
2019,Street Resurfacing,108,Street & Transportation,Bonnywood Ln from S Hampton Rd to Wayland Dr,V602,,,2020,,,,259500,259500,,
2019,Street Reconstruction,108,Street & Transportation,Boundbrook Ave From Greenville Ave To Woodbrook Dr,V268,,,2022,,,41197,408807,,367610,
2019,Street Reconstruction,108,Street & Transportation,Bradford Dr from Maple Springs Blvd to Hedgerow Dr,V194,,,2021,,,194498,1944975,1750477,,
2019,Street Resurfacing,108,Street & Transportation,Branchfield Dr from W Lawther Dr to Fisher Rd,V803,,,2022,,,,707662,,,707662
2019,Street Resurfacing,108,Street & Transportation,Brandeis Ln from Creighton Dr to Ridgelawn Dr,V784,,,2021,,,,126300,,126300,
2019,Street Resurfacing,108,Street & Transportation,Brendenwood Dr from Gaston Ave to Avalon Ave,V417,,,,,,116916,116916,,,
2019,Street Resurfacing,108,Street & Transportation,Brennans Pl from End of Pavement to Brennans Dr,V843,,,2022,,,,624421,,,624421
2019,Street Resurfacing,108,Street & Transportation,Brentridge Ct from Brentridge Dr to End of Pavement,V403,,,2019,,,111406,111406,,,
2019,Street Resurfacing,108,Street & Transportation,Brentridge Dr from Deermont Trl to Brentridge Ct,V494,,,2019,,,64690,64690,,,
2019,Street Resurfacing,108,Street & Transportation,Briar Tree Dr from Village Ln to Village Ln,V427,,,2019,,,110850,110850,,,
2019,Street Resurfacing,108,Street & Transportation,Briaridge Rd from Spring Creek Rd to Coit Rd,V813,,,2021,,,,154375,,154375,
2019,Bridge Repair and Modification,109,Street & Transportation,Bridge Repair and Modification - W010,W010,,,2018,,,1900,1900,,,
2019,Sidewalk Improvements,109,Street & Transportation,Bristol Ave From March Ave To Hopkins Ave,V155,,,2021,,,79872,79872,,,
2019,Street Resurfacing,109,Street & Transportation,Broadmoor Dr from Broadmoor Dr to Garland Rd,V847,,,2022,,,,663137,,,663137
2019,Street Resurfacing,109,Street & Transportation,Brockbank Dr from Coogan Dr to Royal Ln,V875,,,2019,,,510223,510223,,,
2019,Street Reconstruction,109,Street & Transportation,Broken Bow Rd from 9635 Broken Bow Rd to Fieldcrest Dr,V216,,,2022,,,60180,601802,,541622,
2019,Street Resurfacing,109,Street & Transportation,Brookhurst Dr from Edgelake Dr to Northcliff Dr,V682,,,2021,,,,235250,,235250,
2019,Street Reconstruction,109,Street & Transportation,Brookshire Dr From Orchid Ln To Brookshire Cir,V276,,,2022,,,45283,316032,,270749,
2019,Alley Reconstruction,109,Street & Transportation,Brookview Dr Gloster Rd,S223,,,2019,,,312048,312048,,,
2019,Street Resurfacing,109,Street & Transportation,Brown St from Shelby Ave to Reagan St,V569,,,2020,,,,45050,45050,,
2019,Street Resurfacing,109,Street & Transportation,Bucknell Dr from Bennington Dr to Trammel Dr,V651,,,2021,,,,85550,,85550,
2019,Street Resurfacing,109,Street & Transportation,Burlew St from Bryan St to San Jacinto St,V646,,,2020,,,,89025,89025,,
2019,Target Neighborhood,109,Street & Transportation,Burma From Kiska St To Saipan St,VA02,,,2022,,,63694,640662,,,576968
2019,Target Neighborhood,109,Street & Transportation,Burma Rd From Carbondale St To Kiska St,VA04,,,2022,,,109337,767029,,,657692
2019,Street Reconstruction,109,Street & Transportation,Burroaks Cir From Burroaks Dr To End Of Pavement,V263,,,2021,,,43500,435000,,391500,
2019,Street Resurfacing,109,Street & Transportation,Cadiz St from S Ervay St to Browder St,V894,,,2019,,,108425,108425,,,
2019,Thoroughfares,109,Street & Transportation,Camp Wisdom Rd from FM 1382 to Mountain Creek Pkwy,VA13,,,2024,,,457119,5741343,,,5284224
2019,Intergovernmental Partnership Projects,109,Street & Transportation,Camp Wisdom Road Project,W147,,,2020,,,1300000,1300000,,,
2019,Street Resurfacing,109,Street & Transportation,Campbell Rd from Colegrove Dr to Hillcrest Rd,V918,,,2020,,,,230625,230625,,
2019,Street Resurfacing,110,Street & Transportation,Campbell Rd from Hillcrest Rd to Meandering Way,V919,,,2019,,,813583,813583,,,
2019,Street Resurfacing,110,Street & Transportation,Campbell Rd from Meandering Way to Coit Rd,V941,,,2019,,,1060777,1060777,,,
2019,Street Resurfacing,110,Street & Transportation,Campbell Rd from Preston Rd to Preston Bend Ct,V959,,,2019,,,934484,934484,,,
2019,Street Resurfacing,110,Street & Transportation,Campbell Rd from Preston Rd to Preston Trail Dr,V952,,,2022,,,,680957,,,680957
2019,Thoroughfares,110,Street & Transportation,Canada Dr From Babcock Dr To Leesburg St,V307,,,2022,,,118614,783494,,664880,
2019,Street Reconstruction,110,Street & Transportation,Canada Dr From Tamerisk St To Westmoreland Rd,S309,,,2020,,,3904710,3904710,,,
2019,Thoroughfares,110,Street & Transportation,Canada Drive From Westmoreland To Hampton,VA08,,,2020,,,13618,7600000,7586382,,
2019,Street Resurfacing,110,Street & Transportation,Capitol Ave from N Peak St to N Carroll Ave,V541,,,2019,,,171962,171962,,,
2019,Street Resurfacing,110,Street & Transportation,Carillon Dr from Rolling Hills Ln to Peyton Dr,V423,,,2019,,,113842,113842,,,
2019,Street Resurfacing,110,Street & Transportation,Carillon Dr from Spring Grove Ave to Rolling Hills Ln,V461,,,2019,,,105733,105733,,,
2019,Street Resurfacing,110,Street & Transportation,Carissa Dr from Carissa Cir to Jupiter Rd,V831,,,2022,,,,672651,,,672651
2019,Street Resurfacing,110,Street & Transportation,Carissa Dr from Ridgelake Dr to Sunland St,V763,,,2022,,,,703345,,,703345
2019,Street Resurfacing,110,Street & Transportation,Carnegie Dr from Carnegie Pl to Peavy Rd,V823,,,2022,,,,649509,,,649509
2019,Street Reconstruction,110,Street & Transportation,Carpenter Ave From S Malcom X Blvd To Meadow St,V261,,,2018,,,136030,252182,,116152,
2019,Street Resurfacing,110,Street & Transportation,Carriage Ln from Dentcrest Dr To Belt Line Rd,V408,,,,,,57111,57111,,,
2019,Street Resurfacing,110,Street & Transportation,Carrollwood Dr from Briarnoll Dr to Debbe Dr,V345,,,2019,,,195098,195098,,,
2019,Street Resurfacing,110,Street & Transportation,Carrousel Cir from Lyre Ln to Lyre ln,V676,,,2021,,,,108275,,108275,
2019,Streetscape/Urban Design,110,Street & Transportation,Casa View Street Improvements,V985,,,2023,,,590275,6890275,945000,5355000,
2019,Street Resurfacing,111,Street & Transportation,Caulan Dr from Willowdell Dr to Galva Dr,V611,,,2020,,,,39400,39400,,
2019,Intergovernmental Partnership Projects,111,Street & Transportation,CBD Fair Link- Hall St to I-30,U203,,,2022,,,4595280,4595280,,,
2019,Thoroughfares,111,Street & Transportation,CBD Fair Park Link From Main to IH30 (Design And ROW),VA11,,,2022,,,1500000,1500000,,,
2019,Complete Streets,111,Street & Transportation,Cedar Springs Ave From Douglas To Oak Lawn,S391,,,2020,,,1605535,1605535,,,
2019,Street Resurfacing,111,Street & Transportation,Cedar Springs Rd from Fairmount St to Routh St,V888,,,2020,,,,326425,326425,,
2019,Street Reconstruction,111,Street & Transportation,Cedardale Paving - Drainage Improvements,W154,,,2018,,,4868814,4868814,,,
2019,Street Resurfacing,111,Street & Transportation,Center Court Dr from Baseline Dr to Chimney Hill Ln,V333,,,2019,,,92233,92233,,,
2019,Thoroughfares,111,Street & Transportation,Central Boulevard - Commerce to Live Oak,U779,,,2019,,,57695,57695,,,
2019,Thoroughfares,111,Street & Transportation,Central Boulevard - Commerce to Live Oak,U779,,,2019,,,239014,239014,,,
2019,Thoroughfares,111,Street & Transportation,Central Boulevard - Commerce to Live Oak,U779,,,2019,,,13169702,13169702,,,
2019,Thoroughfares,111,Street & Transportation,Central Boulevard - Commerce to Live Oak,U779,,,2019,,,1086471,1086471,,,
2019,Thoroughfares,111,Street & Transportation,Chalk Hill Rd - Davis St to 800 south of IH-30,U781,,,2018,,,6875727,6875727,,,
2019,Thoroughfares,111,Street & Transportation,Chalk Hill - I 30 EB frontage road to Singleton,U780,,,2021,,,6583280,6583280,,,
2019,Street Resurfacing,111,Street & Transportation,Champa Dr from Blanning Dr to Hambrick Rd,V372,,,,,,82532,82532,,,
2019,Street Resurfacing,111,Street & Transportation,Chapel Hill Rd from Cathedral Dr to Kimberly Ln,V429,,,2018,,,80766,80766,,,
2019,Street Resurfacing,111,Street & Transportation,Chapel Hill Rd from W Lawther Dr to Cathedral Dr,V557,,,2020,,,,123225,123225,,
2019,Street Resurfacing,111,Street & Transportation,Charing Cross Ln from Staffordshire Dr to Flicker Ln,V594,,,2019,,,96820,96280,,,-540
2019,Street Resurfacing,111,Street & Transportation,Chariot Dr from Trace Rd to Wimbelton Way,V840,,,2021,,,500,246900,,246400,
2019,Street Resurfacing,112,Street & Transportation,Charlestown Dr from Nuestra Dr to Preston Rd,V603,,,2021,,,,300250,,300250,
2019,Street Resurfacing,112,Street & Transportation,Checota Dr from N Masters Dr to Amity Ln,V683,,,2019,,,283935,283935,,,
2019,Sidewalk Improvements,112,Street & Transportation,Cherbourg St from Carbondale St to Dutch Harbor Ave,V159,,,,,,33394,33394,,,
2019,Street Resurfacing,112,Street & Transportation,Chesterton Dr from Lynbrook Dr to Lanward Dr,V649,,,2020,,,,80500,80500,,
2019,Thoroughfares,112,Street & Transportation,Cheyenne From Big Thicket To Elam,VA18,,,2021,,,404981,4500001,,,4095020
2019,Thoroughfares,112,Street & Transportation,Cheyenne From Lake June To Big Thickett - Phase I,VA17,,,2021,,,584223,7101000,,,6516777
2019,Street Resurfacing,112,Street & Transportation,Chimney Hill Ln from Abrams Rd to Wightman Pl,V217,,,2019,,,1005227,1726846,,721619,
2019,Street Resurfacing,112,Street & Transportation,Chiswell Rd from Lanshire Dr to Audelia Rd,V632,,,2020,,,,63025,63025,,
2019,Street Resurfacing,112,Street & Transportation,Christensen Dr from Latta St to Glover Pass,V525,,,2019,,,243736,243736,,,
2019,Street Resurfacing,112,Street & Transportation,Church Cir from End of Pavement to Church Rd,V809,,,2021,,,,46850,,46850,
2019,Street Reconstruction,112,Street & Transportation,Church St From I-35 To Cliff To End,V248,,,2022,,,63586,572316,,508730,
2019,Alley Reconstruction,112,Street & Transportation,Claren Ct Judi Ct,S237,,,2019,,,233084,233084,,,
2019,Street Reconstruction,112,Street & Transportation,Clarendon Dr (2-28' Lanes) from Ewing to Upton,V292,,,2023,,,,1715657,257349,1458308,
2019,Street Resurfacing,112,Street & Transportation,Clarksdale Pl from Clarksdale Dr to End of Pavement,V798,,,2022,,,,629476,,,629476
2019,Street Resurfacing,112,Street & Transportation,Classen Dr from E Northwest Hwy to Van Dyke Rd,V785,,,2021,,,,279200,,279200,
2019,Street Resurfacing,112,Street & Transportation,Classen Dr from Northlake Dr to Waterview Rd,V707,,,2021,,,,204225,,204225,
2019,Street Resurfacing,112,Street & Transportation,Claybrook Dr from Cliffrose Ln to Walnut Hill Ln,V470,,,2021,,,,120400,,120400,
2019,Street Resurfacing,112,Street & Transportation,Clearbrook Ln from Duxbury Dr to Cheswick St,V505,,,2019,,,238316,238316,,,
2019,Street Reconstruction,113,Street & Transportation,Clearsprings Rd From Coit Rd To Sapling Way,V277,,,2022,,,,473965,,473965,
2019,Street Resurfacing,113,Street & Transportation,Clearsprings Rd from Sapling Way to Waterfall Way,V584,,,2020,,,,119425,119425,,
2019,Street Resurfacing,113,Street & Transportation,Clearsprings Rd from Waterfall Way to Maham Rd,V686,,,2020,,,,125075,125075,,
2019,Street Resurfacing,113,Street & Transportation,Clearwater Dr from Angleton Pl to Westfield Dr,V405,,,2019,,,210953,210953,,,
2019,Street Resurfacing,113,Street & Transportation,Clearwater Dr from Westfield Dr to Stults Rd,V504,,,2019,,,220281,220281,,,
2019,Street Resurfacing,113,Street & Transportation,Clearwater Dr from Woodbrook Dr to Angleton Pl,V381,,,2019,,,126144,126144,,,
2019,Street Resurfacing,113,Street & Transportation,Cliff Creek Crossing Dr from Kirnwood Dr to Marvin D Love Serv E,V425,,,2019,,,3546,323600,320054,,
2019,Alley Petitions,113,Street & Transportation,Cloister Dr - Estacado - Ashcreek N Of Mccosh To S Of Peavy,V003,,,2022,,,12980,86000,73020,,
2019,Street Resurfacing,113,Street & Transportation,Club Glen Dr from Whitehurst Dr to Arbor Trail Dr,V347,,,2019,,,155551,155551,,,
2019,Street Resurfacing,113,Street & Transportation,Club Manor Dr from S Hampton Rd to Club Wood Dr,V484,,,2018,,,132065,132065,,,
2019,Street Resurfacing,113,Street & Transportation,Club Terrace Dr S Hampton Rd to Club Wood Dr,V399,,,2018,,,176396,176396,,,
2019,Street Reconstruction,113,Street & Transportation,Cobb St From Cobb St To Adair St,V288,,,2022,,,4915,110305,,105390,
2019,Street Resurfacing,113,Street & Transportation,Cochran Chapel Cir from Midway Rd to Cochran Chapel Cir,V339,,,2019,,,140000,140000,,,
2019,Intergovernmental Partnership Projects,113,Street & Transportation,Cockrell Hill - La Reunion to Singleton,U205,,,2022,,,6535460,6535460,,,
2019,Street Resurfacing,113,Street & Transportation,Cockrell Hill from Bronze Way to Bass Way,V885,,,2020,,,,311875,311875,,
2019,Intergovernmental Partnership Projects,113,Street & Transportation,Cockrell Hill from Davis to the City Limits,U206,,,2019,,,895297,895297,,,
2019,Intergovernmental Partnership Projects,113,Street & Transportation,Cockrell Hill From La Reunion To Singleton,V136,,,2021,,,,1900000,1900000,,
2019,Thoroughfares,113,Street & Transportation,Cole from Harvard to Lee,S332,,,2020,,,457905,457905,,,
2019,Street Resurfacing,114,Street & Transportation,Cole St from N Riverfront Blvd to Slocum St,V380,,,2019,,,327331,327331,,,
2019,Street Resurfacing,114,Street & Transportation,Coleridge St from Easton Dd to Sasanqua Ln,V824,,,2022,,,,1401503,,,1401503
2019,Public/Private Development,114,Street & Transportation,Collete At Tremont And Junius (Pilot Project),VA24,,,2020,,,,85750,85750,,
2019,Streetscape/Urban Design,114,Street & Transportation,Colorado Blvd.-Beckley Av. Area Sidewalk Enhancement,P791,,,2019,,,675000,675000,,,
2019,Thoroughfares,114,Street & Transportation,Columbia Ave/Main St from S Beacon St to Deep Ellum,VA12,,,2021,,,369806,4250001,,,3880195
2019,Streetscape/Urban Design,114,Street & Transportation,Commerce from Good- Latimer to Hall,U733,,,2023,,,1751699,1751699,,,
2019,Streetscape/Urban Design,114,Street & Transportation,Commerce from Good- Latimer to Hall,U733,,,2023,,,,,,,
2019,Street Resurfacing,114,Street & Transportation,Commerce St from East Side Ave to Benson St,V808,,,2020,,,,50200,50200,,
2019,Thoroughfares,114,Street & Transportation,Commerce Street From Good Latimer To Exposition,VA16,,,2022,,,31038,9699996,1423958,,8245000
2019,Sidewalk Improvements,114,Street & Transportation,Community - NW Hwy to Denton Rd,U247,,,2022,,,84630,84630,,,
2019,Thoroughfares,114,Street & Transportation,Community - Harry Hines to N.W. Hwy.,R803,,,2022,,,839635,839635,,,
2019,Street Resurfacing,114,Street & Transportation,Concho St from McCommas Blvd to Martel Ave,V393,,,2019,,,104546,104546,,,
2019,Street Resurfacing,114,Street & Transportation,Concho St from Monticello Ave to Mercedes Ave,V409,,,2021,,,,42850,,42850,
2019,Street Reconstruction,114,Street & Transportation,Concho St From Richmond Ave To Belmont Ave,V289,,,2022,,,49896,393262,,343366,
2019,Street Resurfacing,114,Street & Transportation,Congress Ave from Reagan St to Throckmorton St,V616,,,2018,,,73589,73589,,,
2019,Thoroughfares,114,Street & Transportation,Continental - Industrial to IH 35E,U783,,,2019,,,142201,142201,,,
2019,Thoroughfares,114,Street & Transportation,Continental - Industrial to IH 35E,U783,,,2019,,,5940552,5940552,,,
2019,Street Resurfacing,114,Street & Transportation,Corinth St from S Hardwood St to S Cesar Chavez Blvd,V533,,,2019,,,61750,61750,,,
2019,Street Resurfacing,115,Street & Transportation,Cortez Dr from Larga Dr to El Centro Dr,V498,,,2019,,,158891,158891,,,
2019,Street Resurfacing,115,Street & Transportation,Cortez Dr from Mixon Dr to Lenel Pl,V521,,,2019,,,247516,247516,,,
2019,Street Resurfacing,115,Street & Transportation,Cosgrove Dr from Merriman Pkwy to Tabor Dr,V728,,,2021,,,,182450,,182450,
2019,Street Resurfacing,115,Street & Transportation,Cotillion Dr from Ferguson Rd to Puerto Rico Dr,V710,,,2021,,,,72625,,72625,
2019,Public/Private Development,115,Street & Transportation,Council District 1 Pedestrian Safety/Crosswalk Program,VA26,,,2021,,,65000,260000,,195000,
2019,Public/Private Development,115,Street & Transportation,Council District 14 Pedestrian Safety/Crosswalk Program,VA21,,,2021,,,,150000,150000,,
2019,Sidewalk Improvements,115,Street & Transportation,Council District 5 Sidewalk Improvements,V150,,,2021,,,599953,599953,,,
2019,Sidewalk Improvements,115,Street & Transportation,Council District 8 Sidewalks,V169,,,2019,,,620000,620000,,,
2019,Sidewalk Improvements,115,Street & Transportation,Council District 9 Sidewalks (Locations TBD),V151,,,2023,,,476776,476776,,,
2019,Public/Private Development,115,Street & Transportation,Council District 9 traffic signals improvements,VA29,,,2022,,,338400,846000,507600,,
2019,Alley Reconstruction,115,Street & Transportation,Country Brook Dr,S241,,,2020,,,253147,253147,,,
2019,Traffic Intersection Capacity and Safety Improvement,115,Street & Transportation,Country Creek Dr-Road Closure-Turn Around,VA23,,,2021,,,,428750,385875,,42875
2019,Street Resurfacing,115,Street & Transportation,Covey Ct from Quail Run to End of Pavement,V576,,,2019,,,100000,100000,,,
2019,Street Resurfacing,115,Street & Transportation,Cragmont Ave from Abbott Ave to Glenwood Ave,V322,,,2018,,,74347,74347,,,
2019,Street Resurfacing,115,Street & Transportation,Creek Cove Dr from Great Trinity Forest Way to Ezekial Ave,V777,,,2020,,,,144025,144025,,
2019,Street Resurfacing,115,Street & Transportation,Creel Creek Cir from Creel Creek to End of Pavement,V575,,,2020,,,,44275,44275,,
2019,Street Resurfacing,115,Street & Transportation,Creel Creek Dr from Creel Creek Cir to Springwater Dr,V445,,,2020,,,,35825,35825,,
2019,Street Resurfacing,115,Street & Transportation,Creel Creek Dr from Mercer Dr to Creel Creek Cir,V634,,,2020,,,,117575,117575,,
2019,Street Petitions,116,Street & Transportation,Crenshaw Dr From Cushing Dr To Old Seagoville Rd,S418,,,2020,,,854681,854681,,,
2019,Street Resurfacing,116,Street & Transportation,Cricket Dr from S Trego St to S Pleasant Woods Dr,V453,,,2019,,,1646,1646,,,
2019,Bridge Repair and Modification,116,Street & Transportation,Critical Bridges,V131,,,2022,,,,6129265,6129265,,
2019,Bridge Repair and Modification,116,Street & Transportation,Critical Bridges- Camp Wisdom Road over Ricketts Creek Bridg,VA33,,,,,,93980,93980,,,
2019,Bridge Repair and Modification,116,Street & Transportation,Critical Bridges- Maple Avenue Bridge over Turtle Creek Brid,VA30,,,,,,66110,66110,,,
2019,Bridge Repair and Modification,116,Street & Transportation,Critical Bridges- Marsalis Ave over Five Mile Creek,VA34,,,,,,201938,506938,305000,,
2019,Bridge Repair and Modification,116,Street & Transportation,Critical Bridges- Marsalis Avenue over Cedar Creek-Dallas Zoo,VA35,,,,,,25500,25500,,,
2019,Bridge Repair and Modification,116,Street & Transportation,Critical Bridges- Marsh Lane over Furneaux Creek Bridge Repa,VA32,,,,,,12000,12000,,,
2019,Bridge Repair and Modification,116,Street & Transportation,Critical Bridges- Second Ave over White Rock Creek Bridge,VA31,,,,,,,210000,210000,,
2019,Bridge Repair and Modification,116,Street & Transportation,Critical Bridges- W- Red Bird Lane over Woody Branch Creek,VA36,,,,,,256637,256637,,,
2019,Street Resurfacing,116,Street & Transportation,Cromwell Dr from Whirlaway Rd to Flaxley Dr,V685,,,2021,,,,265750,,265750,
2019,Street Resurfacing,116,Street & Transportation,Crossman Ave From Pueblo St To Nomas St,V733,,,2020,,,57590,57590,,,
2019,Thoroughfares,116,Street & Transportation,Crouch Rd From Old Ox Rd To S Lancaster Rd,VA19,,,2022,,,433973,4159814,,,3725841
2019,Street Reconstruction,116,Street & Transportation,Crownover Ct from Genstar Ln to End of Pavement,V228,,,2022,,,88504,848469,,759965,
2019,Street Reconstruction,116,Street & Transportation,Currin Dr From Pebbledowne Dr To End Of Pavement,V278,,,2022,,,33996,184889,,150893,
2019,Street Reconstruction,116,Street & Transportation,Currin Dr from St Michaels Dr to Pebbledowne Dr,V223,,,2022,,,80951,809511,,728560,
2019,Street Resurfacing,117,Street & Transportation,Cypress Hills Dr from Fox Trl to Black Berry Ln,V446,,,2019,,,135413,135413,,,
2019,Street Resurfacing,117,Street & Transportation,Cypress Hills Dr. from Black Berry Ln to La Cosa Dr.,V337,,,2018,,,17696,17696,,,
2019,Street Resurfacing,117,Street & Transportation,Dale Glade Dr from E Shore Dr to N St Augustine Dr,V781,,,2019,,,170000,170000,,,
2019,Intergovernmental Partnership Projects,117,Street & Transportation,Dallas County 2006 Call for Projects,U208,,,2019,,,1141295,1141295,,,
2019,Street Resurfacing,117,Street & Transportation,Danville Dr from Holcomb Rd to Oak Hill Cir,V654,,,2018,,,131835,131835,,,
2019,Street Resurfacing,117,Street & Transportation,Dart Ave from Woodmont Dr to Bissonet Ave,V535,,,2019,,,130975,130975,,,
2019,Thoroughfares,117,Street & Transportation,Davenport Rd From Winding Creek Rd To Creek Bend Rd,V312,,,2022,,,77676,776761,,699085,
2019,Intergovernmental Partnership Projects,117,Street & Transportation,Davis - Hampton to Westmoreland,U209,,,2023,,,1381052,1381052,,,
2019,Intergovernmental Partnership Projects,117,Street & Transportation,Davis - Hampton to Westmoreland,U209,,,2023,,,3909282,3909282,,,
2019,Complete Streets,117,Street & Transportation,Davis Street From Beckley To Hampton,S405,,,2020,,,1728582,1728582,,,
2019,Complete Streets,117,Street & Transportation,Davis Street From Beckley To Hampton,S405,,,2020,,,840000,840000,,,
2019,Intergovernmental Partnership Projects,117,Street & Transportation,Davis Street from Cockrell Hill to Clinton Ave,V135,,,2023,,,1375320,4000000,,2624680,
2019,Street Resurfacing,117,Street & Transportation,Dawn Dr from Gus Thomasson Rd to Thale Dr,V636,,,2020,,,,127425,127425,,
2019,Street Resurfacing,117,Street & Transportation,Daytonia Ave from Sanford Ave to Tavaros Ave,V740,,,2019,,,71325,71325,,,
2019,Street Resurfacing,117,Street & Transportation,Debbe Dr from Briarnoll Dr to Carrollwood Dr,V330,,,2018,,,47813,47813,,,
2019,Street Resurfacing,117,Street & Transportation,Debbe Dr from Judi St to Meandering Way,V497,,,2018,,,137646,137646,,,
2019,Street Resurfacing,117,Street & Transportation,Debbe Dr from Meandering Way to Briarnoll Dr,V483,,,2018,,,135881,135881,,,
2019,Street Resurfacing,117,Street & Transportation,Deepwood St from Carter Rd to Western Hills Dr,V629,,,2020,,,,182925,182925,,
2019,Street Resurfacing,118,Street & Transportation,Deermont Trl from Brentridge Dr to Whispering Hills Dr,V467,,,2019,,,146735,146735,,,
2019,Street Resurfacing,118,Street & Transportation,Delano Pl from N Haskell Ave to N Peak St,V721,,,2020,,,,87275,87275,,
2019,Intergovernmental Partnership Projects,118,Street & Transportation,Denton Drive Phase 1 [Walnut Hill To Royal],S400,,,2020,,,2824906,2824906,,,
2019,Street Resurfacing,118,Street & Transportation,Desdemona Dr from Barnes Bridge Rd to Housley Dr,V667,,,2021,,,,75450,,75450,
2019,Street Resurfacing,118,Street & Transportation,Diceman Dr from Sanford Ave to Tavaros Ave,V756,,,2021,,,,85550,,85550,
2019,Street Petitions,118,Street & Transportation,Dirk St. - Alley South Of Martel Ave. To Martel Ave. [St],V187,,,2022,,,22440,146000,123560,,
2019,Street Resurfacing,118,Street & Transportation,Dixie Ln from Ash Creek Dr to Mariposa Dr,V790,,,2022,,,,688650,,,688650
2019,Street Resurfacing,118,Street & Transportation,Dolores way from McKissick Ln to Indian Ridge Trl,V501,,,2019,,,96750,96750,,,
2019,Intergovernmental Partnership Projects,118,Street & Transportation,Dolphin Road from Haskell to Spring,V139,,,2021,,,,2000000,2000000,,
2019,Street Reconstruction,118,Street & Transportation,Donnybrook Ln From N Prairie Creek Rd To Riverway Dr,V254,,,2022,,,65720,657200,,591480,
2019,Street Resurfacing,118,Street & Transportation,Dorrington Dr from Ferguson Rd to Telegraph Ave,V424,,,2019,,,319573,319573,,,
2019,Street Resurfacing,118,Street & Transportation,Douglas Ave from Herschel Ave to Prescott Ave,V734,,,2021,,,,51425,,51425,
2019,Street Resurfacing,118,Street & Transportation,Douglas Ave from Luther Ln to W Northwest Hwy,V912,,,2018,,,529247,529247,,,
2019,Street Resurfacing,118,Street & Transportation,Douglas Ave from Newton Ave to Wycliff Ave,V825,,,2021,,,,42075,,42075,
2019,Street Resurfacing,118,Street & Transportation,Douglas Ave from Wycliff Ave to Herschel Ave,V815,,,2021,,,,51125,,51125,
2019,Street Resurfacing,118,Street & Transportation,Dove Brook Cir from Stone Canyon Rd to End of Pavement,V587,,,2020,,,,64075,64075,,
2019,Street Reconstruction,118,Street & Transportation,Dove Creek Way From Myrtlewood Drive To Swansee Street,V245,,,2022,,,112723,1305305,,1192582,
2019,Street Resurfacing,119,Street & Transportation,Dove Meadow Dr from Whitehurst Dr to Middle Glen Dr,V442,,,2019,,,192732,192732,,,
2019,Sidewalk Improvements,119,Street & Transportation,Driskell St from Colonial Ave To S Central Ser Rd,V160,,,,,,53618,53618,,,
2019,Street Resurfacing,119,Street & Transportation,E 7Th St From N Beckley Ave To N Crawford St,V610,,,2018,,,58859,58859,,,
2019,Street Resurfacing,119,Street & Transportation,E Colorado Blvd from Zang to N Marsalis Ave,V883,,,2018,,,255877,255877,,,
2019,Street Reconstruction,119,Street & Transportation,E Corning Ave From Arizona To S Marsalis Ave,V249,,,2022,,,90560,946010,,855450,
2019,Thoroughfares,119,Street & Transportation,E Davis St From Beckley Ave To Patton Ave,V303,,,2022,,,116279,1162793,,1046514,
2019,Street Resurfacing,119,Street & Transportation,E Jerden Ln from Rockwood St to Cumberland St,V335,,,2018,,,22557,22557,,,
2019,Street Resurfacing,119,Street & Transportation,E Kiest Blvd from Kellogg Ave to Bonnie View Rd,V896,,,2018,,,1025770,1025770,,,
2019,Street Resurfacing,119,Street & Transportation,E Mockingbird Ln from Hillside Dr to Yosemite Ln,V866,,,2018,,,217119,217119,,,
2019,Street Resurfacing,119,Street & Transportation,E Mockingbird Ln from Yosemite Ln to Williamson Rd,V861,,,2018,,,400529,400529,,,
2019,Street Resurfacing,119,Street & Transportation,E Oakenwald St to Plowman Ave to N Zang Blvd,V516,,,2019,,,99025,99025,,,
2019,Thoroughfares,119,Street & Transportation,E Overton Rd From S Marsalis Ave To S Ewing,V305,,,2022,,,153112,1531121,,1378009,
2019,Street Resurfacing,119,Street & Transportation,E Pentagon Pkwy from Veterans Dr to End of Pavement,V857,,,2018,,,189679,189679,,,
2019,Alley Reconstruction,119,Street & Transportation,Earthwind Dr Campbell Rd,S249,,,2019,,,707030,707030,,,
2019,Street Resurfacing,119,Street & Transportation,East Side Ave from S Haskell Ave to S Peak St,V725,,,2020,,,,102550,102550,,
2019,Street Resurfacing,119,Street & Transportation,Easton Rd from Garland Rd to San Felipe Dr,V966,,,2020,,,355766,355766,,,
2019,Street Resurfacing,119,Street & Transportation,Easton Rd from Hermosa Dr to Gus Thomasson Rd,V884,,,2020,,,120802,120802,,,
2019,Street Resurfacing,119,Street & Transportation,Easton Rd from Losa Dr to Hermosa Dr,V882,,,2020,,,203851,203851,,,
2019,Street Resurfacing,119,Street & Transportation,Easton Rd from San Felipe Dr to Losa Dr,V873,,,2020,,,,100000,100000,,
2019,Street Resurfacing,120,Street & Transportation,Echo Valley Dr from Loma Vista Dr to Raeford Dr,V369,,,2019,,,50833,50833,,,
2019,Street Resurfacing,120,Street & Transportation,Echo Valley Dr from Raeford Dr to Whitehurst Dr,V558,,,2019,,,168893,168893,,,
2019,Thoroughfares,120,Street & Transportation,Edd Rd From Seagoville To Garden Grove (Design and ROW only),VA20,,,2022,,,281903,750000,,,468097
2019,Street Reconstruction,120,Street & Transportation,Edelweiss Cir From Hillcrest Rd To End Of Pavement,V279,,,2022,,,40642,356383,,315741,
2019,Street Resurfacing,120,Street & Transportation,Edgedale Dr From Silverdale Dr To Racine Dr,V434,,,2019,,,39025,39025,,,
2019,Alley Petitions,120,Street & Transportation,Edgefield And Windomere-12Th To Wentworth [Alley],V001,,,2022,,,20693,214000,193307,,
2019,Street Resurfacing,120,Street & Transportation,Edison St from Slocum St to Hi Line Dr,V441,,,2019,,,352073,352073,,,
2019,Street Resurfacing,120,Street & Transportation,Edwards Cir from S Polk St to Savoy St,V386,,,2018,,,96326,96326,,,
2019,Street Resurfacing,120,Street & Transportation,Egyptian Dr from McKissick Ln to Indian Ridge Trl,V418,,,2019,,,83475,83475,,,
2019,Street Resurfacing,120,Street & Transportation,Elderleaf Dr from End of Pavement to Elder Oaks Ln,V359,,,2018,,,117355,117355,,,
2019,Street Resurfacing,120,Street & Transportation,Elderoaks from W. Camp Wisdom Rd to S. Hampton Rd,V477,,,2018,,,118075,118075,,,
2019,Street Resurfacing,120,Street & Transportation,Elderoaks Pl from End of Pavement to Elderoaks Lane,V357,,,2018,,,169350,169350,,,
2019,Street Resurfacing,120,Street & Transportation,Eldorado Ave from Elsbeth Ave to N Beckley Ave,V779,,,2018,,,155630,155630,,,
2019,Street Resurfacing,120,Street & Transportation,Elihu St from End of Pavement to JB Jackson Jr Blvd,V444,,,2019,,,88925,88925,,,
2019,Street Resurfacing,120,Street & Transportation,Ella Ave from Ezekial Ave to Alcorn Ave,V334,,,2019,,,165703,165703,,,
2019,Street and Alley Improvements,120,Street & Transportation,Elmwood Area Street Lighting,V174,,,2021,,,500000,500000,,,
2019,Street Resurfacing,120,Street & Transportation,Elsie Faye Heggins St from S Central Expy to S Malcolm X Blv,V856,,,2018,,,763265,763265,,,
2019,Street Resurfacing,120,Street & Transportation,Elsie Faye Heggins St from S Malcolm X Blvd to Meadow St,V852,,,2018,,,108442,108442,,,
2019,Street Resurfacing,121,Street & Transportation,Emmett St from S Westmoreland Rd to S Ravinia Rd,V485,,,2019,,,255980,255980,,,
2019,Street Resurfacing,121,Street & Transportation,Enchanted Ln from Breakwood Dr to Urban Crest Rd,V776,,,2020,,,,263575,263575,,
2019,Street Resurfacing,121,Street & Transportation,Enderly Pl from Banting Way to Samuell Blvd,V810,,,2021,,,,79275,,79275,
2019,Street Resurfacing,121,Street & Transportation,Engle Ave from S Waverly Dr to Clearview Cir,V343,,,2018,,,188750,188750,,,
2019,Street Resurfacing,121,Street & Transportation,Esmalda Dr from Toronto St to Nomas St,V338,,,2019,,,87900,87900,,,
2019,Street Resurfacing,121,Street & Transportation,Estacado Dr from Coldwater Cir to Ash Creek Dr,V757,,,2021,,,,152775,,152775,
2019,Sidewalk Improvements,121,Street & Transportation,Everglade Rd From N Jim Miller Rd To Symphony Lane,V161,,,2018,,,60153,60153,,,
2019,Public/Private Development,121,Street & Transportation,Ewing Ave. From I35 E To Clarendon,VA15,,,2024,,,861023,6596998,,,5735975
2019,Street Resurfacing,121,Street & Transportation,Exeter Ave from Sunnyvale St to Tacoma St,V574,,,2019,,,138876,138876,,,
2019,Street Resurfacing,121,Street & Transportation,Fabrication St from Topeka Ave to Sylvan Ave,V370,,,2019,,,37400,37400,,,
2019,Street Resurfacing,121,Street & Transportation,Faircrest Dr from A11639 to Ferndale Rd,V714,,,2021,,,,86175,,86175,
2019,Street Resurfacing,121,Street & Transportation,Fairhaven Ln from McCutcheon Ln to Blanton St,V537,,,2019,,,1234,350275,349041,,
2019,Street Resurfacing,121,Street & Transportation,Fairmount St from Shelby Ave to Reagan St,V388,,,2018,,,7586,7586,,,
2019,Street Resurfacing,121,Street & Transportation,Fallon Pl from Hazelhurst Ln to Hazelhurst Ln,V822,,,2021,,,,141200,,141200,
2019,Street Resurfacing,121,Street & Transportation,Falls Dr from S Cockrell Hill Rd to Andrews St,V440,,,2019,,,169259,169259,,,
2019,Sidewalk Improvements,121,Street & Transportation,Fellows Ln from Carbondale St to Hull Ave,V162,,,,,,25688,25688,,,
2019,Target Neighborhood,121,Street & Transportation,Fellows Ln From Saipan St To End Of Pavement,VA03,,,2022,,,70517,563268,,,492751
2019,Street Resurfacing,121,Street & Transportation,Fenchurch Rd from Buxhill Dr to Lanshire Dr,V637,,,2019,,,118061,118061,,,
2019,Street Resurfacing,122,Street & Transportation,Fenchurch Rd from Fitzroy Dr to Shadydale Ln,V472,,,2019,,,60122,60122,,,
2019,Street Resurfacing,122,Street & Transportation,Fenchurch Rd from Shadydale Ln to Buxhill Dr,V523,,,2019,,,58962,58962,,,
2019,Streetscape/Urban Design,122,Street & Transportation,Ferguson Rd And Lakeland Dr Intersection Improvements,V986,,,2021,,,78371,750000,,671629,
2019,Streetscape/Urban Design,122,Street & Transportation,Ferguson Rd From Oates Dr To Lakeland Dr,V987,,,2021,,,112496,521250,,408754,
2019,Sidewalk Improvements,122,Street & Transportation,Ferguson Rd Sidewalk Imp From Rocky Glen To Gray Cliff,V163,,,2020,,,245000,245000,,,
2019,Street Resurfacing,122,Street & Transportation,Fernald Ave from Dixfield Dr to Lochwood Blvd,V724,,,2021,,,,255125,,255125,
2019,Street Resurfacing,122,Street & Transportation,Fernald Ave from Yeager Dr to Holt Dr,V750,,,2021,,,,152400,,152400,
2019,Street Resurfacing,122,Street & Transportation,Ferndale Ave from S Edgefield Ave to S Clinton Ave,V546,,,2019,,,149205,149205,,,
2019,Street Petitions,122,Street & Transportation,Fernheath Ln From South Beltline Rd To Dead End,S420,,,2021,,,1285699,1285699,,,
2019,Street Resurfacing,122,Street & Transportation,Ferris Branch Blvd from Whitehurst Dr to W Ferris Branch Blvd,V367,,,2019,,,175582,175582,,,
2019,Street Resurfacing,122,Street & Transportation,Ferris Creek Ln from Chimney Hill Ln to End of Pavement,V363,,,2019,,,145809,145809,,,
2019,Street Reconstruction,122,Street & Transportation,Fillmore Dr from Empire Central to Register Ave,V195,,,2021,,,137386,1345946,1208560,,
2019,Street Resurfacing,122,Street & Transportation,Firebird Dr from Postglen Dr to Troyglen Dr,V471,,,2019,,,106126,106126,,,
2019,Street Resurfacing,122,Street & Transportation,Fitzroy Dr from Audelia Rd to Fenchurch Rd,V744,,,2019,,,98510,98510,,,
2019,Street Resurfacing,122,Street & Transportation,Flanary Ln from Garlinghouse Ln to Amador Ave,V666,,,2019,,,114719,114719,,,
2019,Street Reconstruction,122,Street & Transportation,Fordham From Bonnie View To Illinois,S312,,,2019,,,2123627,2123627,,,
2019,Street Resurfacing,122,Street & Transportation,Forest Ct from End of Pavement to Forest Ln,V793,,,2020,,,,88825,88825,,
2019,Street Resurfacing,122,Street & Transportation,Forest Lane From Cromwell To March Resurfacing Project,V981,,,2018,,,643577,643577,,,
2019,Street Resurfacing,123,Street & Transportation,Forest Ln from Grissom Ln to Josey Ln,V955,,,2019,,,654856,654856,,,
2019,Street Resurfacing,123,Street & Transportation,Fort Worth Ave from Bahama Dr to W Colorado Blvd,V858,,,2020,,,,638000,638000,,
2019,Thoroughfares,123,Street & Transportation,Fort Worth Ave From Sylvan To West Commerce,P838,,,2020,,,2266189,2266189,,,
2019,Sidewalk Improvements,123,Street & Transportation,Frankford (South Side) from Dickerson St to Coit Rd,V147,,,,,,100000,100000,,,
2019,Street Reconstruction,123,Street & Transportation,Frankford Rd (Wb Lane Only) from City Limit to Appleridge Dr,V295,,,2022,,,135326,1353262,,1217936,
2019,Street Reconstruction,123,Street & Transportation,Frankford Rd From Frankford Rd To Aramis Ln,V283,,,2022,,,38508,381876,,343368,
2019,Street Resurfacing,123,Street & Transportation,Frankford Rd from Hillcrest Rd to Coit Rd,V933,,,2021,,,,1604875,,1604875,
2019,Street Resurfacing,123,Street & Transportation,Frankford Rd from Preston Rd to Hillcrest Rd,V928,,,2021,,,,1314400,,1314400,
2019,Street Resurfacing,123,Street & Transportation,French Settlement Rd from La Reunion Pkwy to Norwich St,V850,,,2019,,,69642,69642,,,
2019,Street Reconstruction,123,Street & Transportation,FY18 Street and Alley Improvement Projects,W222,,,2020,,,40800746,102001865,20400373,20400373,20400373
2019,Street Resurfacing,123,Street & Transportation,Galena St from Norwood Dr to Fenwick Dr,V705,,,2021,,,,129250,,129250,
2019,Street Reconstruction,123,Street & Transportation,Galloway Ave From Fernwood Ave To S Denley Dr,V250,,,2022,,,95341,939826,,844485,
2019,Street Resurfacing,123,Street & Transportation,Gardenia Pl from Gardenia Dr to Gardenia Dr,V758,,,2018,,,53878,53878,,,
2019,Street Petitions,123,Street & Transportation,Gardenview Dr From Alto Garden Dr To Loma Garden Av,S421,,,2019,,,782704,782704,,,
2019,Intergovernmental Partnership Projects,123,Street & Transportation,Garland/Gaston/East Grand Intersection Safety Improvements,V132,,,2022,,,106429,1100000,,883571,110000
2019,Street Resurfacing,123,Street & Transportation,Gaston Pkwy from Old Gate Ln to Knob Oak Dr,V844,,,2022,,,,918794,,,918794
2019,Street Resurfacing,123,Street & Transportation,Gatewood Pl from End of Pavement to Jupiter Rd,V845,,,2018,,,24783,24783,,,
2019,Street Reconstruction,123,Street & Transportation,Geraldine Dr From Kendale Dr To Lombardy Ln,V257,,,2022,,,85185,851847,,766662,
2019,Street Resurfacing,124,Street & Transportation,Gilbert Ave from Knight St to Douglas Ave,V645,,,2021,,,,64200,,64200,
2019,Street Reconstruction,124,Street & Transportation,Gilbert Ave From Oak Lawn Ave To Reagan St,V290,,,2022,,,48636,425676,,377040,
2019,Street Petitions,124,Street & Transportation,Ginger Ave. - Dacki Ave. To Goldie Ave.-Brandon St. [Street],V182,,,2022,,,189506,1969000,1779494,,
2019,Street Resurfacing,124,Street & Transportation,Gladeside Ct from Gladeside Ct to Preston Trail Dr,V656,,,2020,,,,80125,80125,,
2019,Street Resurfacing,124,Street & Transportation,Glen Springs Cir from End of Pavement to Glen Springs Dr,V580,,,2019,,,55840,55840,,,
2019,Street Resurfacing,124,Street & Transportation,Glen Springs Dr from Glen Springs Cir to Whitehurst Dr,V457,,,2019,,,71310,71310,,,
2019,Street Resurfacing,124,Street & Transportation,Glen Springs Dr from Robin Meadow Dr to Glen Springs Cir,V608,,,2019,,,82251,82251,,,
2019,Alley Petitions,124,Street & Transportation,Glenleigh Dr.- Manning Ln. Existing Pavement To Manchester,V004,,,2022,,,20117,62000,41883,,
2019,Street Resurfacing,124,Street & Transportation,Golden Hills Dr from Bellcrest Dr to Bishop College Dr,V530,,,2019,,,165325,165325,,,
2019,Thoroughfares,124,Street & Transportation,Gooch St from S Lancaster Rd to Tracy Rd Block,S602,,,2022,,,1303743,1303743,,,
2019,Street Resurfacing,124,Street & Transportation,Gooding Dr from Killion Dr to Merrell Rd,V627,,,2021,,,,190475,,190475,
2019,Thoroughfares,124,Street & Transportation,Goodnight - Joe Field to Royal,U788,,,2020,,,5152599,5152599,,,
2019,Thoroughfares,124,Street & Transportation,Goodnight - Royal to North of Harcourt,U787,,,2020,,,3556434,3556434,,,
2019,Street Reconstruction,124,Street & Transportation,Goodwin Ave from Laneri Ave to Glencoe St,V232,,,2022,,,62297,622968,,560671,
2019,Street Resurfacing,124,Street & Transportation,Gould St from McKee St to Beaumont St,V604,,,2020,,,,40500,40500,,
2019,Complete Streets,124,Street & Transportation,Grand From R.B. Cullum To Good Latimer,S406,,,2019,,,682475,682475,,,
2019,Street Resurfacing,124,Street & Transportation,Grandview Ave from Lindsley Ave to Santa Fe Ave,V356,,,2018,,,234135,234135,,,
2019,Street Reconstruction,125,Street & Transportation,Grassy Ridge Trl From Penguin Dr To Scottsboro Ln,V246,,,2022,,,123101,912209,,789108,
2019,Alley Reconstruction,125,Street & Transportation,Gray Wolf Trl Bentwood Trl,S254,,,2020,,,170141,170141,,,
2019,Streetscape/Urban Design,125,Street & Transportation,Greater Casa View Area Streetscape Improvements,W053,,,2018,,,2250000,2250000,,,
2019,Streetscape/Urban Design,125,Street & Transportation,Greater Casa View Area Streetscape Improvements,W053,,,2018,,,2078480,2078480,,,
2019,Street Resurfacing,125,Street & Transportation,Green Oaks Cir from Greenville Ave to End of Pavement,V360,,,2019,,,163268,163268,,,
2019,Street Resurfacing,125,Street & Transportation,Greenhaven Dr from Antoinette St to CF Hawn Serv S,V426,,,2019,,,220240,220240,,,
2019,Street Reconstruction,125,Street & Transportation,Greenhollow Ln From Coit Rd To Sapling Way,V280,,,2022,,,,469004,,469004,
2019,Street Resurfacing,125,Street & Transportation,Greenspan Ave from W Millet Dr to W Camp Wisdom Rd,V465,,,2019,,,2755,525800,523045,,
2019,Street Resurfacing,125,Street & Transportation,Greentree Ln from Greenbrook Ln to W Circle Dr,V814,,,2022,,,,702340,,,702340
2019,Sidewalk Petition,125,Street & Transportation,Greentree Ln.-Rockway Dr. - Fisher Rd. To Westbrook - Fisher,V173,,,2020,,,122000,122000,,,
2019,Street Resurfacing,125,Street & Transportation,Greenwich Ln from Hampstead Ln to Forest Ln,V780,,,2020,,,,118175,118175,,
2019,Street Resurfacing,125,Street & Transportation,Grissom Ln from Royal Ln to Nova Dr,V794,,,2019,,,702402,702402,,,
2019,Street Resurfacing,125,Street & Transportation,Gross Rd from N Buckner Blvd to Peavy Rd,V800,,,2021,,,,240725,,240725,
2019,Street Resurfacing,125,Street & Transportation,Groveway Dr from Kirnwood Dr to Cleardale Dr,V760,,,2020,,,,99375,99375,,
2019,Street Resurfacing,125,Street & Transportation,Gus Thomasson Rd from Dawn Dr to Desdemona Dr,V937,,,2020,,,,66000,66000,,
2019,Street Resurfacing,125,Street & Transportation,Gus Thomasson Rd from Easton Rd to Sylvia Dr,V893,,,2020,,,,266050,266050,,
2019,Street Resurfacing,125,Street & Transportation,Gus Thomasson Rd from Libby Ln to Maylee Blvd,V878,,,2020,,,,140675,140675,,
2019,Street Resurfacing,125,Street & Transportation,Gus Thomasson Rd from Materhorn Dr to Libby Ln,V909,,,2020,,,,183650,183650,,
2019,Street Resurfacing,126,Street & Transportation,Gus Thomasson Rd from Sylvia Dr to Dawn Dr,V897,,,2020,,,,65775,65775,,
2019,Street Resurfacing,126,Street & Transportation,Haas Dr from 51st St to Dahlia Dr,V618,,,2019,,,379426,379426,,,
2019,Street Reconstruction,126,Street & Transportation,Haines Ave From W. Colorado Blvd To W. Greenbriar Ln,V236,,,2021,,,202142,1537988,,1335846,
2019,Street Reconstruction,126,Street & Transportation,Halifax St from Cash Rd to Pulaski St,V206,,,2022,,,105668,1056682,,951014,
2019,Street Resurfacing,126,Street & Transportation,Hambrick Rd from Champa Dr to Northlake Dr,V614,,,2020,,,,93200,93200,,
2019,Street Reconstruction,126,Street & Transportation,Hampton Rd [S] From Crow Creek Dr To North Of W. Ledbetter D,S313,,,2021,,,3000,3000,,,
2019,Street Reconstruction,126,Street & Transportation,Hampton Rd [S] From Crow Creek Dr To North Of W. Ledbetter D,S313,,,2021,,,2069997,2069997,,,
2019,Street Resurfacing,126,Street & Transportation,Happy Canyon Dr from Baraboo Dr to Park Manor Dr,V560,,,2019,,,241775,241775,,,
2019,Street Resurfacing,126,Street & Transportation,Haraby Ct from Preston Trail Dr to End of Pavement,V644,,,2020,,,,60525,60525,,
2019,Street Resurfacing,126,Street & Transportation,Hargrove Dr From Oradell Ln To Webb Chapel Ext,V671,,,2020,,,57075,149925,92850,,
2019,Street Petitions,126,Street & Transportation,Harlandale Ave. - Ohio Ave. To Illinois Ave. [Street],V183,,,2022,,,66217,539000,472783,,
2019,Street Resurfacing,126,Street & Transportation,Harmony Ln from Singing Hills Dr to Lazy River Dr,V559,,,2019,,,197450,197450,,,
2019,Street Resurfacing,126,Street & Transportation,Harry Hines Blvd from Moody St to N Field St,V964,,,2021,,,,321150,,321150,
2019,Street Resurfacing,126,Street & Transportation,Hartsdale Dr from Forth Worth Ave to W Colorado Blvd,V455,,,2019,,,158800,158800,,,
2019,Street Resurfacing,126,Street & Transportation,Harvest Hill Rd from Spurling Dr to Preston Rd,V849,,,2019,,,321940,321940,,,
2019,Intergovernmental Partnership Projects,126,Street & Transportation,Hatcher - Haskell To Indus,L194,,,2023,,,189594,189594,,,
2019,Intergovernmental Partnership Projects,126,Street & Transportation,Hatcher - Haskell To Indus,L194,,,2023,,,368454,368454,,,
2019,Intergovernmental Partnership Projects,126,Street & Transportation,Hatcher Ave Dolphin Rd T,N073,,,2023,,,339386,339386,,,
2019,Street Resurfacing,127,Street & Transportation,Haverford Dr from Bucknell Dr to Trammel Dr,V716,,,2021,,,,138975,,138975,
2019,Street Resurfacing,127,Street & Transportation,Haverford Dr from Trammel Dr to Middlebury Dr,V745,,,2021,,,,113750,,113750,
2019,Street Resurfacing,127,Street & Transportation,Hawthorne Ave from Bowser Ave to Holland Ave,V410,,,2019,,,68909,68909,,,
2019,Street Resurfacing,127,Street & Transportation,Hawthorne Ave from Hartford St to Cedar Springs Rd,V513,,,2019,,,111644,111644,,,
2019,Street Reconstruction,127,Street & Transportation,Hay St From Ring St To End Of Pavement,V239,,,2022,,,26958,180426,25000,128468,
2019,Street Resurfacing,127,Street & Transportation,Haymeadow Dr from Coit Rd to Spring Valley Rd,V464,,,2019,,,417380,417380,,,
2019,Street Resurfacing,127,Street & Transportation,Hazelhurst Ln from Ashbrook Rd to Fallon Pl,V718,,,2020,,,,75475,75475,,
2019,Street Resurfacing,127,Street & Transportation,Hazelhurst Ln from Hovenkamp Dr to Marview Ln,V835,,,2021,,,,77925,,77925,
2019,Street Resurfacing,127,Street & Transportation,Hedgeapple Dr from Desert Willow Dr to Buckingham Rd,V336,,,2019,,,81050,81050,,,
2019,Street Resurfacing,127,Street & Transportation,Hendricks Ave from Fernwood Ave to Cedar Haven Ave,V326,,,2019,,,69075,69075,,,
2019,Target Neighborhood,127,Street & Transportation,Hendricks from Denley to Moore,S603,,,2021,,,559015,559015,,,
2019,Street Resurfacing,127,Street & Transportation,Henry St from Commerce St to Canton St,V547,,,2019,,,83246,83246,,,
2019,Street Resurfacing,127,Street & Transportation,Hickory Hill Dr from Golden Creek Rd to End of Pavement,V479,,,2019,,,133497,133497,,,
2019,Street Resurfacing,127,Street & Transportation,Highland Hills Dr from Bonnie View Rd to Simpson Stuart Rd,V739,,,2018,,,354771,354771,,,
2019,Thoroughfares,127,Street & Transportation,Highland Rd from Ferguson to N of Entrance to Primrose,S611,,,2021,,,1244455,1244455,,,
2019,Thoroughfares,127,Street & Transportation,Highland Rd from Ferguson to N of Entrance to Primrose,S611,,,2021,,,783357,783357,,,
2019,Street Resurfacing,127,Street & Transportation,Highland Woods Cir from Highland Woods Dr to End of Pavement,V622,,,2020,,,,43525,43525,,
2019,Street Resurfacing,128,Street & Transportation,Hillbrook St from South Ridge Dr to North Ridge Dr,V549,,,2019,,,59775,59775,,,
2019,Street Resurfacing,128,Street & Transportation,Hillburn Dr from Bruton Rd to Ravehill Ln,V350,,,2018,,,170278,170278,,,
2019,Street Resurfacing,128,Street & Transportation,Hillburn Dr from Umphress Rd to Tillman St,V578,,,2018,,,217496,217496,,,
2019,Street Resurfacing,128,Street & Transportation,Hillcrest Rd from McCallum Blvd to Riseden Dr,V965,,,2022,,,,980039,,,980039
2019,Street Resurfacing,128,Street & Transportation,Hillcrest Rd from Park Ln to Walnut Hill Ln,V880,,,2020,,,,731875,731875,,
2019,Alley Reconstruction,128,Street & Transportation,Hillcrest Rd Blue Mesa Dr,S257,,,2019,,,233034,233034,,,
2019,Alley Reconstruction,128,Street & Transportation,Hilton Head Dr Harbor Town Dr,S261,,,2020,,,181791,181791,,,
2019,Alley Reconstruction,128,Street & Transportation,Hilton Head Dr River Hill Cir,S260,,,2020,,,160542,160542,,,
2019,Street Reconstruction,128,Street & Transportation,Hodde St from Woodmont Dr to N Jim Miller Rd,V204,,,2022,,,163043,1630432,81522,1385867,
2019,Street Resurfacing,128,Street & Transportation,Holcomb Rd from Eden Valley Ln to Files St,V607,,,2019,,,215625,215625,,,
2019,Street Resurfacing,128,Street & Transportation,Holland Ave from Douglas Ave to Wycliff Ave,V564,,,2020,,,,78275,78275,,
2019,Street Resurfacing,128,Street & Transportation,Holland Ave from Turtle Creek Blvd to Bowser Ave,V836,,,2021,,,,77550,,77550,
2019,Target Neighborhood,128,Street & Transportation,Holly Hill from Phoenix to Pineland,S604,,,2021,,,857200,857200,,,
2019,Street Resurfacing,128,Street & Transportation,Holt Dr from Strand St to Dorchester Dr,V755,,,2021,,,,39150,,39150,
2019,Street Petitions,128,Street & Transportation,Hord Ave. - Moler St. To Brandon St. [Street],V181,,,2022,,,104968,850000,745032,,
2019,Street Resurfacing,128,Street & Transportation,Housley Dr from Desdemona Dr to Housley Dr,V737,,,2019,,,124514,124514,,,
2019,Street Resurfacing,128,Street & Transportation,Housley Dr from Housley Dr to Joaquin Dr,V438,,,2019,,,121275,121275,,,
2019,Bridge Repair and Modification,128,Street & Transportation,Houston Street Viaduct,S389,,,2019,,,14398140,14398140,,,
2019,Target Neighborhood,128,Street & Transportation,Hughes Lane from Churchill Way to Lafayette Way,S605,,,2021,,,814301,814301,,,
2019,Street Reconstruction,129,Street & Transportation,Hughes Ln from Wilderness Ct to Preston Rd,V224,,,2022,,,95183,925108,,829925,
2019,Street Resurfacing,129,Street & Transportation,Hunnicut Rd from Highland Rd to Dorrington Dr,V731,,,,,,450525,901050,450525,,
2019,Street Resurfacing,129,Street & Transportation,Hymie Circle from Glengreen Dr to Shayna Dr,V437,,,2018,,,153440,153440,,,
2019,Bridge Repair and Modification,129,Street & Transportation,I-30 Signature Design,P658,,,2022,,,5520896,5520896,,,
2019,Street Resurfacing,129,Street & Transportation,Illinois Ave from Orial Ave to Brookhaven,V765,,,2019,,,106881,106881,,,
2019,Street Reconstruction,129,Street & Transportation,Imperial St From Bertrand Ave To Lagow St,S436,,,2021,,,652751,652751,,,
2019,Street Resurfacing,129,Street & Transportation,Inca Dr from Eastgate Cir to Horizon Dr,V503,,,2019,,,214450,214450,,,
2019,Street Reconstruction,129,Street & Transportation,Jb Jackson From Grand To Mlk,S437,,,2019,,,775507,775507,,,
2019,Street Reconstruction,129,Street & Transportation,Jb Jackson From Grand To Mlk,S437,,,2019,,,1119517,1119517,,,
2019,Streetscape/Urban Design,129,Street & Transportation,Jefferson Blvd From Adams Ave To Polk St,V988,,,2022,,,100717,1000000,,899283,
2019,Complete Streets,129,Street & Transportation,Jefferson Blvd From Crawford To Van Buren,S395,,,2018,,,2422801,2422801,,,
2019,Streetscape/Urban Design,129,Street & Transportation,Jefferson Complete Street Project - LED Median Street Lights,W205,,,2019,,,50000,50000,,,
2019,Target Neighborhood,129,Street & Transportation,Jefferson-Twelfth Connector Lane Diet- Removal,V990,,,2022,,,204325,2000000,,1795675,
2019,Sidewalk Petition,129,Street & Transportation,Jeffries St. - Tanner St. To Warren Ave. [Sidewalk],V172,,,,,,36978,36978,,,
2019,Street Resurfacing,129,Street & Transportation,Jennie Lee Cir from Jennie Lee Ln to End of Pavement,V331,,,2019,,,69412,69412,,,
2019,Street Resurfacing,129,Street & Transportation,Jennie Lee Ln from N Prairie Creek Rd to Cypress Ave,V600,,,2020,,,,252850,252850,,
2019,Street Resurfacing,129,Street & Transportation,Jennie Lee Ln from N St Augustine Dr to A7014,V902,,,2019,,,247132,247132,,,
2019,Street Resurfacing,129,Street & Transportation,Joaquin Dr from Housley Dr to San Francisco Dr,V482,,,2019,,,147559,147559,,,
2019,Street Reconstruction,130,Street & Transportation,Joyce Way from Thackery St to Hillcrest Rd,V230,,,2022,,,80956,852674,,771718,
2019,Street Resurfacing,130,Street & Transportation,Jubilee Trl from Webb Chapel Rd to Marsh Ln,V344,,,2019,,,910643,910643,,,
2019,Street Resurfacing,130,Street & Transportation,Judge Dupree Dr from Gentle River Dr to Silverhill Dr,V562,,,2019,,,105626,105626,,,
2019,Street Resurfacing,130,Street & Transportation,Junius St from N Munger Blvd to Dumas St,V421,,,2019,,,69217,69217,,,
2019,Street Resurfacing,130,Street & Transportation,Kalani Pl from Hughes Ln to End of Pavement,V581,,,2019,,,69505,69505,,,
2019,Street Resurfacing,130,Street & Transportation,Keeneland Pkwy from Bluegrass Dr to Cherry Laurel Ln,V720,,,2020,,,,205300,205300,,
2019,Street Resurfacing,130,Street & Transportation,Kelly Blvd from Harbinger Ln to Frankford Rd,V901,,,2018,,,103077,103077,,,
2019,Street Resurfacing,130,Street & Transportation,Kelly Blvd from Old Mill Rd to Harbinger Ln,V892,,,2018,,,25796,25796,,,
2019,-Street Resurfacing,130,Street & Transportation,Kelman St from Trammel Dr to Axton Ln V605,,,,2020,,,,45050,45050,,
2019,Street Resurfacing,130,Street & Transportation,Kelsey Rd from Inwood Rd to Meaders Ln,V690,,,2021,,,,300675,,300675,
2019,Street Resurfacing,130,Street & Transportation,Kendall from Harry Hines Blvd to Macatee Dr,V391,,,2018,,,60534,60534,,,
2019,Street Reconstruction,130,Street & Transportation,Kernack St From Phinney Ave To Burns Ave,V237,,,2021,,,61367,759785,,698418,
2019,Intergovernmental Partnership Projects,130,Street & Transportation,Kiest Blvd - Ledbetter Dr Interesection,W228,,,2020,,,23204,23204,,,
2019,Street Resurfacing,130,Street & Transportation,Kiest Meadow from Kiest Knoll to End of Pavement,V751,,,2018,,,167640,167640,,,
2019,Street Resurfacing,130,Street & Transportation,Kilarney Dr from Tranquilla Dr to Peavy Rd,V555,,,2019,,,223106,223106,,,
2019,Street Resurfacing,130,Street & Transportation,Kilkirk Ln from Ruidosa Ave to End of Pavement,V623,,,2020,,,,274100,274100,,
2019,Sidewalk Improvements,130,Street & Transportation,Kimball Neighborhood Plus Target Area Sidewalk Improvements,V148,,,2021,,,99881,350000,250119,,
2019,Street Resurfacing,130,Street & Transportation,Kingsley Rd from Crofton Dr to Winedale Dr,V463,,,2019,,,116311,344150,227839,,
2019,Street Resurfacing,131,Street & Transportation,Kirkmeadow Ln from Midway Rd to Timberglen Rd,V361,,,2019,,,182236,182236,,,
2019,Street Resurfacing,131,Street & Transportation,Kirnwood Ct from End of Pavement to Kirnwood Dr,V528,,,2019,,,48600,48600,,,
2019,Sidewalk Improvements,131,Street & Transportation,Kiska St from Yancy St to Fellows Ln,V164,,,,,,81117,81117,,,
2019,Street Resurfacing,131,Street & Transportation,Knight St from Congress Ave to Dickason Ave,V612,,,2020,,,,71600,71600,,
2019,Street Resurfacing,131,Street & Transportation,Knollview Dr from Hillcrest Rd to Hillcrest Rd,V653,,,2020,,,,145875,145875,,
2019,Complete Streets,131,Street & Transportation,Knox from Katy Trail to US 75,S408,,,2020,,,528964,528964,,,
2019,Street Resurfacing,131,Street & Transportation,Knoxville St from Golf Club Dr to W Illinois Ave,V677,,,2020,,,,645300,645300,,
2019,Street Resurfacing,131,Street & Transportation,Komalty Dr from Oklaunion Dr to Tiawah Dr,V768,,,2020,,,,78050,78050,,
2019,Alley Petitions,131,Street & Transportation,La Rue St. And Wyoming St. - Cockrell Hill Rd. To La Rue St.,V002,,,2022,,,8630,122000,113370,,
2019,Street Resurfacing,131,Street & Transportation,Lahoma St from Kings Rd to Crestview Dr,V529,,,2019,,,371709,371709,,,
2019,Street Resurfacing,131,Street & Transportation,Lakemere Dr from Lynbrook Dr to Plano Rd,V679,,,2020,,,,121250,121250,,
2019,Thoroughfares,131,Street & Transportation,Lamar [S] from IH 45 to Hatcher,S396,,,2019,,,10060461,10060461,,,
2019,Streetscape/Urban Design,131,Street & Transportation,Lamar Streetscape Project,W045,,,2022,,,2000000,2000000,,,
2019,Street Resurfacing,131,Street & Transportation,Lamplighter Ln from Meadow Crest Dr to Del Roy Dr,V846,,,2019,,,115351,115351,,,
2019,Street Reconstruction,131,Street & Transportation,Lanshire Dr From Chiswell Rd To Audelia Rd,V269,,,2022,,,62016,620156,,558140,
2019,Street Reconstruction,131,Street & Transportation,Laurel Hill Dr From Budeudy Dr To End Of Pavement,V264,,,2022,,,9410,94098,20000,64688,
2019,Street Reconstruction,131,Street & Transportation,Laurel Hill Dr from Kleberg Rd to Budeudy Dr,V211,,,2021,,,41286,577820,28891,507643,
2019,Street Resurfacing,131,Street & Transportation,Laurel Valley Rd from Golden Creek Rd to Brook Lake Dr,V375,,,2019,,,182373,182373,,,
2019,Street Resurfacing,132,Street & Transportation,Lavalle Ln from Woodbrook Dr to Greenville Ave,V664,,,2020,,,,81625,81625,,
2019,Intergovernmental Partnership Projects,132,Street & Transportation,LBJ/Skillman Intersection Improvements,V133,,,2024,,,,6500000,6500000,,
2019,Street Reconstruction,132,Street & Transportation,Ledbetter Dr [E] From Kolloch Dr To Mayforge Dr,S454,,,2021,,,2806,2806,,,
2019,Street Reconstruction,132,Street & Transportation,Ledbetter Dr [E] From Kolloch Dr To Mayforge Dr,S454,,,2021,,,578100,578100,,,
2019,Street Resurfacing,132,Street & Transportation,Ledgestone Dr from Crestmont Dr to Abrams Rd,V327,,,2019,,,329691,329691,,,
2019,Street Reconstruction,132,Street & Transportation,Lemmon Ave E from Lemmon Ave E to Oak Grove Ave,V297,,,2023,,,1540,577490,28874,547076,
2019,Street Resurfacing,132,Street & Transportation,Lemmon Ave E from Noble Ave to McKinney Ave,V904,,,2021,,,161040,232915,,71875,
2019,Street Reconstruction,132,Street & Transportation,Lemmon Ave from Douglas Ave to Wycliff Ave,V296,,,2022,,,1693,1144229,57211,1085325,
2019,Street Resurfacing,132,Street & Transportation,Lemmon Ave from Lemmon Ave to Howell St,V900,,,2021,,,,72150,,72150,
2019,Street Resurfacing,132,Street & Transportation,Lemmon Ave from Reagan St to Throckmorton St,V922,,,2021,,,,142825,,142825,
2019,Street Resurfacing,132,Street & Transportation,Lemmon Ave from Throckmorton St to Knight St,V944,,,2021,,,,172650,,172650,
2019,Street Reconstruction,132,Street & Transportation,Lenel PL (Partnership W/ Dist 2) from Clover Ln to Wemdon Dr,V208,,,2022,,,117341,796853,,679512,
2019,Street Reconstruction,132,Street & Transportation,Lenel Pl [Partnership W- Dist 6] From Clover Ln To Wemdon Dr,V240,,,2022,,,117341,796853,,679512,
2019,Street Reconstruction,132,Street & Transportation,Lenel Pl From Lively Ln To Clover Ln,V258,,,2022,,,117341,973241,,855900,
2019,Street Resurfacing,132,Street & Transportation,Lenel PL from Walnut Hill Ln to Lively,V481,,,2018,,,388403,388403,,,
2019,Street Reconstruction,132,Street & Transportation,Lenel Pl from Wemdon Dr to Mixon Dr,V207,,,2022,,,107343,1607328,,1489987,9998
2019,Street Resurfacing,132,Street & Transportation,Lingo Ln from Hartline Dr to San Marcus Ave,V419,,,2018,,,104032,104032,,,
2019,Street Resurfacing,132,Street & Transportation,Linkwood Dr from Ferndale Rd to Lockhaven Dr,V741,,,2021,,,,110800,,110800,
2019,Street Resurfacing,133,Street & Transportation,Lippitt Ave from Jupiter Rd to Mayfair Blvd,V715,,,2021,,,,83825,,83825,
2019,Street Resurfacing,133,Street & Transportation,Lippitt Ave from Sahara Way to Neering Dr,V673,,,2021,,,,39275,,39275,
2019,Street Resurfacing,133,Street & Transportation,Liptonshire Dr from McCree Rd to Lakemere Dr,V502,,,2019,,,219589,219589,,,
2019,Thoroughfares,133,Street & Transportation,Live Oak -Olive to Central Boulevard,U791,,,2019,,,477760,477760,,,
2019,Street Resurfacing,133,Street & Transportation,Llano Ave from Matilda St to Delmar Ave,V642,,,2020,,,,82000,82000,,
2019,Street Resurfacing,133,Street & Transportation,Lockhart Ave from Rustown Dr to Shiloh Dr,V775,,,2021,,,,350100,,350100,
2019,Street Reconstruction,133,Street & Transportation,Lockhaven Dr From E Northwest Hwy To Lockyer Dr,V271,,,2022,,,44784,447836,,403052,
2019,Street Reconstruction,133,Street & Transportation,Lockhaven Dr From Lockyer Dr To Lynford Dr,V270,,,2022,,,47405,463381,,415976,
2019,Street Reconstruction,133,Street & Transportation,Lockhaven Dr from Lynford Dr to Lanshire Dr,V218,,,2022,,,29600,259804,,230204,
2019,Street Resurfacing,133,Street & Transportation,Loma Vista Dr from Club Meadows Dr to Echo Valley Dr,V688,,,2020,,,,190200,190200,,
2019,-Street Petitions,133,Street & Transportation,Longhorn Street From Bar X St To Ferguson Rd S422,,,,2018,,,753401,753401,,,
2019,Street Resurfacing,133,Street & Transportation,Longmeadow Dr from Ferndale Rd to Larchwood Dr,V660,,,2019,,,55738,55738,,,
2019,Street Resurfacing,133,Street & Transportation,Longmeadow Dr from Larchwood Dr to Liptonshire Dr,V613,,,2019,,,50833,50833,,,
2019,Street Resurfacing,133,Street & Transportation,Longmeadow Dr From Liptonshire Dr To Leaside Dr,V454,,,2019,,,52513,52513,,,
2019,Street Petitions,133,Street & Transportation,Lonsdale Ave. Sarah Lee Ln. to Lake June Rd. [Street],V184,,,2019,,,970840,1457000,486160,,
2019,Street Petitions,133,Street & Transportation,Lonsdale from Sarah Lee to Lake June Rd,W052,,,2019,,,112121,112121,,,
2019,Street Resurfacing,133,Street & Transportation,Loree Dr from Carnegie Dr to Mercer Dr,V778,,,2021,,,,41625,,41625,
2019,Street Resurfacing,133,Street & Transportation,Loving Ave from Pasadena Ave to Winsted Dr,V706,,,2021,,,,25850,,25850,
2019,Street Resurfacing,133,Street & Transportation,Loving Ave from Shook Ave to Wildgrove Ave,V687,,,2021,,,,47900,,47900,
2019,Street Resurfacing,134,Street & Transportation,Lovington Dr from Genstar Ln to Amador Ave,V585,,,2019,,,163851,163851,,,
2019,Street Reconstruction,134,Street & Transportation,Lynford Dr from Ferndale Rd to Lockhaven Dr,V219,,,2022,,,73212,732115,,658903,
2019,Street Resurfacing,134,Street & Transportation,Mack Lane from Bruton Rd to Ravehill Ln,V512,,,2019,,,253683,253683,,,
2019,Street Resurfacing,134,Street & Transportation,Maham Rd from Spring Valley to N Central Serv W,V962,,,2019,,,797328,797328,,,
2019,Complete Streets,134,Street & Transportation,Main St From Good Latimer To Exposition,S397,,,2022,,,730200,730200,,,
2019,Street Reconstruction,134,Street & Transportation,Maple Ave From 700 South Of Mockingbird Ln To Mockingbird L,S316,,,2021,,,730200,730200,,,
2019,Thoroughfares,134,Street & Transportation,Maple Ave From Mahon St To Cedar Springs Rd,V314,,,2022,,,83137,547556,,464419,
2019,Street Reconstruction,134,Street & Transportation,Maple Ave from McKinney Ave to Mahon St,V298,,,2022,,,113249,1132488,,1019239,
2019,Thoroughfares,134,Street & Transportation,Maple Ave From Randall St To Wolf St,V315,,,2022,,,83137,489840,,406703,
2019,Street Resurfacing,134,Street & Transportation,Maple Glen Dr from A3677 to Westbend Dr,V661,,,2019,,,84309,84309,,,
2019,Street Resurfacing,134,Street & Transportation,Maple Glen Dr from Westbend Dr to Arborgate Dr,V561,,,2018,,,188521,188521,,,
2019,Street Resurfacing,134,Street & Transportation,Maple Routh Conn from Thomas Ave to McKinney Ave,V917,,,2021,,,,191275,,191275,
2019,Street Reconstruction,134,Street & Transportation,Marfa Ave From Biglow St To Easter Ave,V251,,,2022,,,85655,856554,42828,728071,
2019,Street Reconstruction,134,Street & Transportation,Marfa Ave from Fernwood Ave to S Lancaster Rd,V201,,,2022,,,124585,1245849,62292,1058972,
2019,Street Resurfacing,134,Street & Transportation,Marlin Dr from Modlin St to La Prada Dr,V711,,,2021,,,,127650,,127650,
2019,Street Resurfacing,134,Street & Transportation,Marsh Ln from Briargrove Ln to Frankford Rd,V960,,,2019,,,313065,313065,,,
2019,Street Resurfacing,134,Street & Transportation,Martin Luther King Jr from S Ervay St to S Central Serv W,V862,,,2019,,,354460,354460,,,
2019,Street Resurfacing,134,Street & Transportation,Materhorn Dr from Shiloh Rd to Crest Ridge Dr,V478,,,2019,,,155551,155551,,,
2019,Street Resurfacing,135,Street & Transportation,Matilda from McCommas to Vanderbilt,V451,,,2018,,,437047,437047,,,
2019,Street Resurfacing,135,Street & Transportation,Matilda from Penrose to Martel,V433,,,2018,,,80811,80811,,,
2019,Street Resurfacing,135,Street & Transportation,Matilda St from Belmont Ave to Oram St,V401,,,2018,,,305000,305000,,,
2019,Street Resurfacing,135,Street & Transportation,Matilda St from Martel Ave to McCommas Blvd,V411,,,2018,,,135657,135657,,,
2019,Street Resurfacing,135,Street & Transportation,Matilda St from Oram St to Ross Ave,V640,,,2018,,,214348,214348,,,
2019,Street Resurfacing,135,Street & Transportation,Matilda St from Vanderbilt Ave to Velasco Ave,V377,,,2018,,,370029,370029,,,
2019,Street Resurfacing,135,Street & Transportation,Matilda St from Velasco Ave to Belmont Ave,V382,,,2018,,,341182,341182,,,
2019,Street Resurfacing,135,Street & Transportation,Matilda St from Winton to Penrose Ave,V499,,,2018,,,160633,160633,,,
2019,Street Resurfacing,135,Street & Transportation,Matland Dr/Club Wood Dr from S Hampton Dr to Club Terrace Dr,V420,,,2018,,,220683,220683,,,
2019,Street Reconstruction,135,Street & Transportation,Maywood Ave from Frio Dr to S Denley Dr,V202,,,2022,,,104828,1077749,,972921,
2019,Sidewalk Improvements,135,Street & Transportation,Mc Kinney Ave Pedestrian Safety Improvement,V171,,,2022,,,682685,750000,67315,,
2019,Street Reconstruction,135,Street & Transportation,McCommas Blvd from McMillan Ave to Worcola St,V233,,,2022,,,61156,611557,,550401,
2019,Street Resurfacing,135,Street & Transportation,McKinney Ave from Allen St to Oak Grove Ave,V972,,,2022,,,,1102348,,,1102348
2019,Street Resurfacing,135,Street & Transportation,McKinney Ave from Boll St to Worthington St,V974,,,2022,,,,657595,,,657595
2019,Street Resurfacing,135,Street & Transportation,McKinney Ave from Fairmount St to Routh St,V975,,,2022,,,,658255,,,658255
2019,Street Resurfacing,135,Street & Transportation,McKinney Ave from Maple Routh Conn to Leonard St,V979,,,2022,,,,635741,,,635741
2019,Street Resurfacing,135,Street & Transportation,McKinney Ave from N Hall St to Lemmon Ave,V976,,,2022,,,,676184,,,676184
2019,Street Resurfacing,135,Street & Transportation,McKinney Ave from Routh St to Boll St,V973,,,2022,,,,656418,,,656418
2019,Street Resurfacing,136,Street & Transportation,McKinney Ave from Worthington St to Allen St,V978,,,2022,,,,663749,,,663749
2019,Intergovernmental Partnership Projects,136,Street & Transportation,McKinney Ave/Cole Two Way Conversion,V137,,,2022,,,,8000000,800000,7200000,
2019,Street Resurfacing,136,Street & Transportation,McLarty Dr from Wild Honey Dr to Stagecoach Trl,V515,,,2019,,,91700,91700,,,
2019,Street Reconstruction,136,Street & Transportation,Meadow Crest Dr From Inwood Road To Lamplighter Lane,V286,,,2022,,,75871,778586,,702715,
2019,Street Reconstruction,136,Street & Transportation,Meadow Park Dr from Stone Canyon Rd to Regal Park Ln,V225,,,2022,,,77544,775443,,697899,
2019,Street Resurfacing,136,Street & Transportation,Meadow St from Pennsylvania Ave to Tuskegee St,V638,,,2020,,,,352925,352925,,
2019,Complete Streets,136,Street & Transportation,Meadowcreek Drive Arapaho To Campbell - Pedestrian And Traff,S409,,,2020,,,270135,270135,,,
2019,Street Resurfacing,136,Street & Transportation,Meadowlark Ln from Santa Maria Ln to Sperry St,V829,,,2020,,,,77550,77550,,
2019,Street Resurfacing,136,Street & Transportation,Meadowside Dr from Laurel Wood Ln to Kendallwood Dr,V662,,,2020,,,,143800,143800,,
2019,Street Resurfacing,136,Street & Transportation,Meandering Way from Alpha Rd to Purple Sage Rd,V910,,,2018,,,139915,139915,,,
2019,Street Resurfacing,136,Street & Transportation,Meandering Way from Brushcreek Ln to Alpha Rd,V872,,,2018,,,240595,240595,,,
2019,Street Resurfacing,136,Street & Transportation,Meandering Way from LBJ Serv N to Brushcreek Ln. I,V926,,,2018,,,67935,67935,,,
2019,Street Resurfacing,136,Street & Transportation,Meandering Way from Purple Sage to Spring Grove,V924,,,2018,,,1097,1097,,,
2019,Street Resurfacing,136,Street & Transportation,Meandering Way from Spring Grove Ave to Far Hills Ln,V977,,,2018,,,,,,,
2019,Street Resurfacing,136,Street & Transportation,Mehalia Dr from Baraboo Dr to Flagstaff Dr,V591,,,2019,,,137500,137500,,,
2019,Street Resurfacing,136,Street & Transportation,Mercer Dr from N Buckner Blvd to Mariposa Dr,V553,,,2019,,,305922,305922,,,
2019,Thoroughfares,136,Street & Transportation,Merit Dr From Clodus Fields Dr To Churchill Way,V311,,,2022,,,231625,2791465,,2559840,
2019,Thoroughfares,137,Street & Transportation,Merit From Church Hill Way To Lbj,V302,,,2022,,,271907,3271907,,3000000,
2019,Street Resurfacing,137,Street & Transportation,Merrimac Ave from Laneri Ave to Glencoe St,V511,,,2020,,,,94675,94675,,
2019,Street Resurfacing,137,Street & Transportation,Merriwood Dr from End of Pavement to Church Rd,V364,,,2019,,,141488,141488,,,
2019,Street Resurfacing,137,Street & Transportation,Michigan Ave from E Illinois Ave to E Ohio Ave,V321,,,2019,,,53700,53700,,,
2019,Street Petitions,137,Street & Transportation,Michigan Ave From Saner Ave To Hobson Ave,S423,,,2020,,,474375,474375,,,
2019,Street Resurfacing,137,Street & Transportation,Middle Cove Dr from Meadowcreek Dr to Windy Meadow Dr,V572,,,2019,,,232588,232588,,,
2019,Street Resurfacing,137,Street & Transportation,Middle Glen Dr from Dove Meadow Dr to Mill Hollow Dr,V412,,,2019,,,155551,155551,,,
2019,Street Resurfacing,137,Street & Transportation,Middlebury Dr from Rockhurst Dr to Rutgers Dr,V754,,,2021,,,,22300,,22300,
2019,Street Resurfacing,137,Street & Transportation,Middlebury Dr from Rutgers Dr to Haverford Dr,V566,,,2021,,,,77675,,77675,
2019,Street Resurfacing,137,Street & Transportation,Midpark Rd from Goldmark Dr to N Central Serv E,V934,,,2020,,,,192425,192425,,
2019,Street Reconstruction,137,Street & Transportation,Milhof Dr From Barnes Bridge Rd To Plummer Dr,V267,,,2021,,,137842,1030121,,892279,
2019,Street Resurfacing,137,Street & Transportation,Military Cir From Military Pkwy To End Of Pavement,V589,,,2018,,,21494,21494,,,
2019,Streetscape/Urban Design,137,Street & Transportation,Military Parkway from Elva Ave to Rockbluff Dr (Complete Street),V989,,,2022,,,239193,2000000,,1760807,
2019,Street Resurfacing,137,Street & Transportation,Military Pkwy from Dolphin Rd to Forney Rd,V886,,,2020,,,,203575,203575,,
2019,Street Reconstruction,137,Street & Transportation,Mimms Dr from Featherwood Dr to Mimms Dr,V229,,,2022,,,86252,813323,,727071,
2019,Street Reconstruction,137,Street & Transportation,Mimosa Ln from Edgemere Rd to Hillcrest Rd,V231,,,2021,,,156289,1562892,,1406603,
2019,Street Reconstruction,137,Street & Transportation,Mingo Street From Dolphin To Gault,S439,,,2021,,,304974,304974,,,
2019,Street Resurfacing,137,Street & Transportation,Minuet Ln from Singing Hills Dr to Summertime Ln,V506,,,2019,,,82725,82725,,,
2019,Street Resurfacing,138,Street & Transportation,Mirage Valley Dr from Aldenwood Dr to Mill Stream Dr,V736,,,2020,,,,76200,76200,,
2019,Street Resurfacing,138,Street & Transportation,Mirage Valley Dr from Kirnwood Dr to Aldenwood Dr,V539,,,2019,,,48750,48750,,,
2019,Complete Streets,138,Street & Transportation,MLK From Rb Cullum To Sm Wright,S398,,,2020,,,15059,15059,,,
2019,Complete Streets,138,Street & Transportation,MLK From Rb Cullum To Sm Wright,S398,,,2020,,,590977,590977,,,
2019,Intergovernmental Partnership Projects,138,Street & Transportation,Modern Streetcar Extension,W072,,,2020,,,1504000,1504000,,,
2019,Street Resurfacing,138,Street & Transportation,Modlin St from Hillglenn Rd to Marlin Dr,V674,,,2021,,,,68200,,68200,
2019,Street Resurfacing,138,Street & Transportation,Mojave Dr from Texoma Way to Plaza Blvd,V693,,,2020,,,,138750,138750,,
2019,Street Resurfacing,138,Street & Transportation,Monarch St from N Fitzhugh Ave to Bennett Ave,V507,,,2019,,,87122,87122,,,
2019,Street Reconstruction,138,Street & Transportation,Montague Ave from Yewpon Ave to Ramona,V203,,,2022,,,104732,1047320,,942588,
2019,Street Resurfacing,138,Street & Transportation,Monticello Ave from Monticello Ave to Homer St,V820,,,2019,,,111269,111269,,,
2019,Street Reconstruction,138,Street & Transportation,Montie St From Scyene Rd To Junction St,S440,,,2021,,,860400,860400,,,
2019,Street Resurfacing,138,Street & Transportation,Moonstone Dr from Highland Hills Dr to Moonstone Dr,V787,,,2018,,,213375,213375,,,
2019,Thoroughfares,138,Street & Transportation,Morgan Dr From Plaza Blvd To Nandina Dr,V308,,,2023,,,215298,836099,34489,586312,
2019,Street Resurfacing,138,Street & Transportation,Morningside Ave from Worcola St to Greenville Ave,V819,,,2021,,,,79525,,79525,
2019,Thoroughfares,138,Street & Transportation,Morrell Ave From Bonnie View Rd To High St,V306,,,2023,,,73672,480743,22615,384456,
2019,Street Resurfacing,138,Street & Transportation,Moser Ave from Monarch St to Fuqua St,V458,,,2018,,,96267,96267,,,
2019,Street Resurfacing,138,Street & Transportation,Moss Meadows Dr from Arborside Dr to Abrams Rd,V571,,,2019,,,215678,215678,,,
2019,Street Resurfacing,138,Street & Transportation,Motor City Blvd from Peterbilt Ave to S Lancaster Rd,V830,,,2021,,,,158150,,158150,
2019,Intergovernmental Partnership Projects,138,Street & Transportation,Motor St - IH 35E to Medical Center Dr,U222,,,2020,,,1902929,1902929,,,
2019,Intergovernmental Partnership Projects,139,Street & Transportation,Motor St - IH 35E to Medical Center Dr,U222,,,2020,,,14276490,14276490,,,
2019,Thoroughfares,139,Street & Transportation,Motor Street From Harry Hines To Stemmons,U795,,,2020,,,336543,336543,,,
2019,Street Resurfacing,139,Street & Transportation,Mountain Creek Pkwy from Mountainview Dr to Eagle Ford Dr,V913,,,2021,,,,162300,,162300,
2019,Street Resurfacing,139,Street & Transportation,Mt Washington St from Gilpin Ave to End of Pavement,V769,,,2018,,,217493,217493,,,
2019,Street Reconstruction,139,Street & Transportation,Murray St From Main St To Canton St,V241,,,2022,,,65636,636180,85582,484962,
2019,Street Reconstruction,139,Street & Transportation,Myers Cir from Myers Cir to Elam Rd,V212,,,2021,,,102946,1029459,,926513,
2019,Street Resurfacing,139,Street & Transportation,Myrtice Dr from Ruidosa Ave to Tisinger Ave,V469,,,2019,,,280613,280613,,,
2019,Target Neighborhood,139,Street & Transportation,N Arcadia Dr From S Ira Ave S Tillery Ave,V998,,,2022,,,77534,928355,,850821,
2019,Street Resurfacing,139,Street & Transportation,N Beckley Ave from E 6th St to E 5th St,V903,,,2018,,,75518,75518,,,
2019,Street Resurfacing,139,Street & Transportation,N Beckley Ave from E Davis St to E Neely St,V950,,,2018,,,,,,,
2019,Street Resurfacing,139,Street & Transportation,N Beckley Ave from W Colorado Blvd to E Oakenwald St,V865,,,2019,,,168175,168175,,,
2019,Street Reconstruction,139,Street & Transportation,N Cliff St From Hutchins Ave To Reverend Cbt Smith St,V252,,,2022,,,44282,442822,,398540,
2019,Street Resurfacing,139,Street & Transportation,N Collett Ave from Reiger Ave to Victor St,V430,,,2019,,,120565,120565,,,
2019,Street Resurfacing,139,Street & Transportation,N Edgefield Ave from Stewart Dr to W Colorado Blvd,V404,,,2020,,,,210225,210225,,
2019,Street Resurfacing,139,Street & Transportation,N Fitzhugh Ave from Abbott Ave to Turtle Creek Bnd,V905,,,2021,,,,175025,,175025,
2019,Street Resurfacing,139,Street & Transportation,N Fitzhugh Ave from Bennett Ave to Manett St,V828,,,2021,,,,335475,,335475,
2019,Street Reconstruction,139,Street & Transportation,N Fitzhugh Ave from McKinney Ave to Cole Ave,V299,,,2022,,,74223,1051636,,977413,
2019,Thoroughfares,139,Street & Transportation,N Hall St From Cochran St To Central Expwy Srv Rd,V318,,,2022,,,56652,516797,,460145,
2019,Street Resurfacing,140,Street & Transportation,N Hall St from Floyd St to Swiss Ave,V881,,,2020,,,,42850,42850,,
2019,Street Resurfacing,140,Street & Transportation,N Hall St from Gaston Ave to Floyd St,V869,,,2020,,,,83575,83575,,
2019,Street Resurfacing,140,Street & Transportation,N Hall St from Indiana St to Main St,V877,,,2019,,,192080,192080,,,
2019,Thoroughfares,140,Street & Transportation,N Hall St From Munger Ave To Cochran St,V317,,,2022,,,62937,359856,,296919,
2019,Street Resurfacing,140,Street & Transportation,N Hall St from Oak Lawn Ave to Reagan St,V838,,,2018,,,50000,50000,,,
2019,Thoroughfares,140,Street & Transportation,N Hall St From Ross Ave To Munger Blvd,V316,,,2022,,,76580,765799,,689219,
2019,Street Resurfacing,140,Street & Transportation,N Hall St from Welborn St to Oak Lawn Ave,V837,,,2018,,,57391,57391,,,
2019,Street Resurfacing,140,Street & Transportation,N Hampton Rd from Dennison St to Kraft St,V879,,,2019,,,279133,279133,,,
2019,Street Resurfacing,140,Street & Transportation,N Hampton Rd from I- 30 W Commerce St,V969,,,2022,,,,300925,,,300925
2019,Target Neighborhood,140,Street & Transportation,N Ira Ave From N Arcadia Dr To W Jefferson Blvd,V999,,,2022,,,57518,651477,,593959,
2019,Street Reconstruction,140,Street & Transportation,N Lancaster Ave From E. Colorado Blvd To Addison St,V238,,,2022,,,35407,414430,,379023,
2019,Street Resurfacing,140,Street & Transportation,N Marsalis Ave from E 8th St to E 7th St,V889,,,2018,,,52449,52449,,,
2019,Street Reconstruction,140,Street & Transportation,N Morocco Ave From Goodman St To N Justin Ave,V259,,,2022,,,69899,698992,,629093,
2019,Street Resurfacing,140,Street & Transportation,N Munger Blvd from Gaston Ave to Live Oak,V915,,,2019,,,430167,430167,,,
2019,Street Reconstruction,140,Street & Transportation,N Munger Blvd from Junius St to Gaston Ave,V301,,,2023,,,91791,855476,42427,721258,
2019,Street Reconstruction,140,Street & Transportation,N Munger Blvd from Tremont St to Worth St,V300,,,2022,,,91791,717653,34770,591092,
2019,Thoroughfares,140,Street & Transportation,N Munger Blvd From Worth St To Junius St,V319,,,2022,,,91791,649931,31007,527133,
2019,Street Resurfacing,140,Street & Transportation,N Murdeaux Ln from Antoinette St to CF Hawn Serv S,V596,,,2019,,,208950,208950,,,
2019,Streetscape/Urban Design,141,Street & Transportation,N Pearl St / Flora St Streetscape And Pedestrian Improvements,V982,,,2022,,,,1000000,1000000,,
2019,Street Resurfacing,141,Street & Transportation,N Prairie Ave from Junius St to Tremont St,V655,,,2020,,,,86900,86900,,
2019,Street Resurfacing,141,Street & Transportation,N Prairie Creek Rd from Lake June Rd to Palisade Dr,V914,,,2020,,,,1303800,1303800,,
2019,Street Resurfacing,141,Street & Transportation,N Randolph Dr from S Randolph Dr to Mt Ranier St,V328,,,2019,,,85650,85650,,,
2019,Street Resurfacing,141,Street & Transportation,N St Mary Ave from Columbia Ave to N Munger Blvd,V802,,,2020,,,,32125,32125,,
2019,Street Resurfacing,141,Street & Transportation,N Van Buren Ave from W 10th St to W Davis St,V556,,,2018,,,321191,321191,,,
2019,Street Reconstruction,141,Street & Transportation,N Walton St From Elm St To End Of Pavement,V242,,,2022,,,51995,548120,74419,421706,
2019,Street Resurfacing,141,Street & Transportation,N Westmoreland Rd from Bickers St to Bernal Rd,V956,,,2020,,,84897,157575,72678,,
2019,Street Resurfacing,141,Street & Transportation,N Windomere Ave from W 8th St to Taft St,V492,,,2019,,,302464,302464,,,
2019,Street Resurfacing,141,Street & Transportation,N. Hall St from Welborn St to Turtle Creek Blvd,V854,,,2019,,,231525,231525,,,
2019,Street Reconstruction,141,Street & Transportation,Nagle St from Denton Dr to Overlake Dr,V209,,,2022,,,112538,1125377,,1012839,
2019,Street Resurfacing,141,Street & Transportation,Neches St from N Madison Ave to N Bishop Ave,V395,,,2020,,,,54550,54550,,
2019,Street Resurfacing,141,Street & Transportation,Neering Dr from Lippitt Ave to Lanewood Cir,V700,,,2021,,,,54425,,54425,
2019,Street Resurfacing,141,Street & Transportation,Newcombe Dr from San Juan Ave to Crest Ridge Dr,V496,,,2019,,,237296,237296,,,
2019,Street Resurfacing,141,Street & Transportation,Newmore Ave from Kaywood Dr to Robin Rd,V422,,,2018,,,180938,180938,,,
2019,Street Resurfacing,141,Street & Transportation,Nomas Sr from N Westmoreland Rd to Furey St,V619,,,2020,,,,114500,114500,,
2019,Street Resurfacing,141,Street & Transportation,Nonesuch Ed from Blanch Cir to Westlake Ave,V542,,,2019,,,141488,141488,,,
2019,Street Resurfacing,141,Street & Transportation,Norcross Ln from Castlegate Dr to Marsh Ln,V842,,,2022,,,,717946,,,717946
2019,Target Neighborhood,142,Street & Transportation,North Boulevard Terrace Extension- Bridget To Plymouth,V991,,,2022,,,303784,2143750,,1839966,
2019,Street Resurfacing,142,Street & Transportation,North Ridge Dr from Hillbrook St to Sperry St,V329,,,2018,,,137628,137628,,,
2019,Street Resurfacing,142,Street & Transportation,Northaven Rd from Marsh Ln to Cox Ln,V568,,,2021,,,,271400,,271400,
2019,Street Reconstruction,142,Street & Transportation,Northaven Rd from Royalshire Dr to Crest Brook Dr,V226,,,2022,,,79942,799423,,719481,
2019,Intergovernmental Partnership Projects,142,Street & Transportation,Northaven Trail Extension,S618,,,2019,,,1828350,1828350,,,
2019,Thoroughfares,142,Street & Transportation,Northbound S Westmoreland At Kimball High Sch Parking Lot,V304,,,2022,,,120847,950000,,829153,
2019,Street Resurfacing,142,Street & Transportation,Northcliff Dr from Bondstone Dr to Classen Dr,V729,,,2021,,,,62875,,62875,
2019,Street Resurfacing,142,Street & Transportation,Northcliff Dr from N Buckner Blvd to Harter Rd,V680,,,2021,,,,199150,,199150,
2019,Street Reconstruction,142,Street & Transportation,Northcreek Ln from L B J Serv N to End of Pavement,V227,,,2022,,,79446,794462,,715016,
2019,Street Resurfacing,142,Street & Transportation,Northlake Dr from Coolair Dr to Kirkwood Dr,V764,,,2021,,,,114600,,114600,
2019,Street Resurfacing,142,Street & Transportation,Northlake Dr from Kirkwood Dr to Hambrick Rd,V766,,,2021,,,,78900,,78900,
2019,Intergovernmental Partnership Projects,142,Street & Transportation,Northwest Highway/Preston Parking/Transportation Interface,V141,,,2022,,,,10000000,,,10000000
2019,Street Resurfacing,142,Street & Transportation,Norwalk Ave from Timberline Dr to Hargrove Dr,V493,,,2019,,,269676,269676,,,
2019,Street Resurfacing,142,Street & Transportation,Norwood Dr from Newcombe Dr to Galena St,V378,,,2019,,,52856,52856,,,
2019,Street Resurfacing,142,Street & Transportation,Oak Creek Cir from Urban Ave to Military Serv S,V742,,,2019,,,385909,385909,,,
2019,Street Resurfacing,142,Street & Transportation,Oak Grove Ave from N Hall St to Lemmon Ave,V396,,,2018,,,123171,123171,,,
2019,Sidewalk Improvements,142,Street & Transportation,Oak Lawn-Cedar Springs Area Imp [Sw- Lighting-Ped Safety Imp],V156,,,2021,,,499709,499709,,,
2019,Street Reconstruction,143,Street & Transportation,Oak Plaza from Kleberg Rd to End of Pavement,V213,,,2021,,,46742,706482,35324,624416,
2019,Street Resurfacing,143,Street & Transportation,Oceanview Dr from Greenspan Ave to Silverdale Dr,V449,,,2019,,,140225,140225,,,
2019,Street Resurfacing,143,Street & Transportation,Old Bent Tree Ln From Dallas Pkwy To Parkway Ln,V650,,,2019,,,63040,63040,,,
2019,Street Resurfacing,143,Street & Transportation,Old Gate Ln from San Leandro Dr to Groveland Dr,V672,,,2021,,,,36450,,36450,
2019,Street Resurfacing,143,Street & Transportation,Old Ox Rd from Glendale Park Enter to Caravan Trl,V590,,,2020,,,,226175,226175,,
2019,Street Resurfacing,143,Street & Transportation,Oradell Ln from Timberline Dr to Hargrove Dr,V545,,,2019,,,269509,269509,,,
2019,Street Resurfacing,143,Street & Transportation,Orchid Ln from Hillcrest Rd to Forestglade Cir,V609,,,2020,,,,94800,94800,,
2019,Street Resurfacing,143,Street & Transportation,Overview Dr from Village Trail Dr to Dentcrest Dr,V532,,,2019,,,101668,101668,,,
2019,Street Reconstruction,143,Street & Transportation,Palisade Dr From N Prairie Creek Rd To Riverway Dr,V255,,,2022,,,90146,901459,,811313,
2019,Street Resurfacing,143,Street & Transportation,Palo Pinto Ave from Concho St to Skillman St,V407,,,2018,,,131163,131163,,,
2019,Alley Petitions,143,Street & Transportation,Palo Pinto Ave. And Velasco Ave - Concho St. To Skillman St,V006,,,2022,,,29763,174000,144237,,
2019,Alley Reconstruction,143,Street & Transportation,Park Grove Ln [18627- 18851] And Kirkmeadow Ln [4007- 4131] A1,S294,,,2020,,,302500,302500,,,
2019,Street Resurfacing,143,Street & Transportation,Park Highlands Dr from Plano Rd to Walnut Hill Ln,V475,,,2019,,,199557,199557,,,
2019,Street Reconstruction,143,Street & Transportation,Park Lane - US 75 To Greenville,U227,,,2020,,,529729,529729,,,
2019,Street Reconstruction,143,Street & Transportation,Park Lane - US 75 To Greenville,U227,,,2020,,,676352,676352,,,
2019,Street Resurfacing,143,Street & Transportation,Park Ln from Greenville Ave to Fair Oaks Ave,V899,,,2021,,,,407100,,407100,
2019,Street Resurfacing,143,Street & Transportation,Park Ln from Hillcrest Rd to Sarah Nash Ct,V930,,,2022,,,,1015565,,,1015565
2019,Street Reconstruction,143,Street & Transportation,Park Manor Dr From Simpson Stuart Rd To Happy Canyon Dr,V265,,,2022,,,34578,158559,25000,98981,
2019,Street Resurfacing,144,Street & Transportation,Park Row Ave from Malcolm X Blvd to Jeffries St,V376,,,2019,,,73425,73425,,,
2019,Sidewalk Improvements,144,Street & Transportation,Park Row Ave From South Central Expy To Jeffries St,V165,,,2019,,,161848,161848,,,
2019,Street and Alley Improvements,144,Street & Transportation,Park Row Ave From South Central Expy to Jeffries St-Lighting,V175,,,2021,,,424000,424000,,,
2019,Street Resurfacing,144,Street & Transportation,Parry Ave from S Peak St to Ann Ave,V870,,,2019,,,72450,72450,,,
2019,Street Resurfacing,144,Street & Transportation,Pasadena Pl from Pasadena Ave to Winsted Dr,V598,,,2020,,,,38175,38175,,
2019,Street Resurfacing,144,Street & Transportation,Payne St from Levee St to N Riverfront Blvd,V468,,,2019,,,249052,249052,,,
2019,Thoroughfares,144,Street & Transportation,Pearl -Commerce to Live Oak,U798,,,2019,,,3045767,3045767,,,
2019,Street Resurfacing,144,Street & Transportation,Pearlstone St from Dawson St to Hickory St,V389,,,2018,,,97785,97785,,,
2019,Street Resurfacing,144,Street & Transportation,Pearson Dr from Avalon Ave to Lakewood Blvd,V702,,,2021,,,,62175,,62175,
2019,Street Resurfacing,144,Street & Transportation,Peavy Rd from Garland Rd to Losa Dr,V863,,,2019,,,277761,277761,,,
2019,Street Resurfacing,144,Street & Transportation,Peavy Rd from Hermosa Dr to E Zacha Dr,V855,,,2018,,,219625,219625,,,
2019,Street Resurfacing,144,Street & Transportation,Peavy Rd from Losa Dr to Hermosa Dr,V853,,,2018,,,329878,329878,,,
2019,Streetscape/Urban Design,144,Street & Transportation,Pedestrian Way On Elm St Between Ervay - Stone St,U748,,,2021,,,2324147,2324147,,,
2019,Thoroughfares,144,Street & Transportation,Pemberton Hill from Great Trinity Forest to Lake June,VA10,,,2022,,,639602,13980000,3225995,,10114403
2019,Target Neighborhood,144,Street & Transportation,Phoenix from Fair Oaks to Holly Hill,S609,,,2021,,,823870,823870,,,
2019,Street Reconstruction,144,Street & Transportation,Pierce St from St Rita Dr to W Kiest Blvd,V196,,,2022,,,137790,1377905,68896,1171219,
2019,Street Resurfacing,144,Street & Transportation,Pindar Ave from Godfrey Ave to Sarah Lee Dr,V531,,,2019,,,168550,168550,,,
2019,Street Resurfacing,144,Street & Transportation,Pine St from Holmes St to S Central Serv W,V689,,,2020,,,,198875,198875,,
2019,Street Resurfacing,145,Street & Transportation,Planters Glen Dr from Harvest Hill Rd to Sugar Mill Rd,V443,,,2019,,,146941,146941,,,
2019,Street Reconstruction,145,Street & Transportation,Polk St from Jefferson Blvd to Davis,S377,,,2020,,,474600,474600,,,
2019,Traffic Intersection Capacity and Safety Improvement,145,Street & Transportation,Polk-Tyler Roundabouts,P894,,,2020,,,3610913,3610913,,,
2019,Traffic Intersection Capacity and Safety Improvement,145,Street & Transportation,Polk-Tyler Roundabouts,P894,,,2020,,,2544924,2544924,,,
2019,Street Resurfacing,145,Street & Transportation,Postal Way from I-30 Frontage Rd to Lone Star Dr,V958,,,2020,,,,186875,186875,,
2019,Street Resurfacing,145,Street & Transportation,Postal Way from W Commerce St to Lone Star Dr,V898,,,2020,,,,364275,364275,,
2019,Intergovernmental Partnership Projects,145,Street & Transportation,Prairie Creek Bridge over UPRR Tracks,V143,,,2024,,,21998,8921433,50000,8849435,
2019,Street Reconstruction,145,Street & Transportation,Preakness Ln from Polarity Dr to S Walton Walker Serv E,V197,,,2022,,,110532,1437605,71881,1255192,
2019,Street Resurfacing,145,Street & Transportation,Princess Ln from Marquis Ln to Marsh Ln,V697,,,2021,,,,512750,,512750,
2019,Street Resurfacing,145,Street & Transportation,Prospect Ave from Matilda St to Delmar Ave,V416,,,2019,,,133367,133367,,,
2019,Street Resurfacing,145,Street & Transportation,Province Ln from Tellerson Ave to Casa Oaks Dr,V691,,,2021,,,,154250,,154250,
2019,Street Resurfacing,145,Street & Transportation,Pryor St from Main St to Commerce St,V508,,,2020,,,,31125,31125,,
2019,Public Art,145,Street & Transportation,Public Art Admin-PBW,PA59,,,2022,,,26202,26202,,,
2019,Public Art,145,Street & Transportation,Public Art Projects- PBW,PA58,,,2022,,,104808,104808,,,
2019,Street Resurfacing,145,Street & Transportation,Purple Sage Rd from Alpha Rd to Meandering Way,V432,,,2019,,,117782,117782,,,
2019,Street Resurfacing,145,Street & Transportation,Purple Sage Rd from Meandering Way to Willow Bend Rd,V833,,,2019,,,139189,139189,,,
2019,Street Resurfacing,145,Street & Transportation,Quail Run from Capri Dr to Rolling Rock Ln,V628,,,2018,,,60642,60642,,,
2019,Street Reconstruction,145,Street & Transportation,Quebec St From Sharp St To Mockingbird Ln,V260,,,2022,,,71492,714916,,643424,
2019,Street Resurfacing,146,Street & Transportation,Queenswood Ln from Walnut Hill Ln to Knoll Krest Dr,V801,,,2021,,,,101575,,101575,
2019,Street Resurfacing,146,Street & Transportation,Querida Ln from Spring Creek to La Manga,V631,,,2018,,,113046,113046,,,
2019,Street Reconstruction,146,Street & Transportation,Race St From End Of Pavement To N Washington Ave,V243,,,2022,,,,575009,86251,488758,
2019,Intergovernmental Partnership Projects,146,Street & Transportation,Rail Road Crossing Quiet Zones,V142,,,2022,,,,543000,,488700,54300
2019,Street Resurfacing,146,Street & Transportation,Ramblewood Trl from Clearsprings Rd to Greenhollow Ln,V480,,,2019,,,178531,178531,,,
2019,Street Resurfacing,146,Street & Transportation,Randolph Dr from S Randolph Dr to Lakehurst Ct,V708,,,2021,,,,125950,,125950,
2019,Street Resurfacing,146,Street & Transportation,Ravehill Ln from Santa Cruz Dr to Waycross Dr,V517,,,2019,,,196779,196779,,,
2019,Street Resurfacing,146,Street & Transportation,Ravendale Ln from Belford Dr to Rockaway Dr,V743,,,2021,,,,108675,,108675,
2019,Street Resurfacing,146,Street & Transportation,Ravendale Ln from Lange Cir to Belford Dr,V730,,,2021,,,,159525,,159525,
2019,Street Resurfacing,146,Street & Transportation,Ravenview Rd from Appleberry Dr to Shepherd Ln,V415,,,2019,,,76105,76105,,,
2019,Street Resurfacing,146,Street & Transportation,Ravenview Rd from Smoke Tree Ln to Garden Grove Dr,V400,,,2019,,,8781,8781,,,
2019,Street Reconstruction,146,Street & Transportation,Rayenell Ave from Hodde St to CF Hawn Serv S,V205,,,2022,,,177474,1737737,86681,1473582,
2019,Street Resurfacing,146,Street & Transportation,Reagan St From Lemmon Ave To Bowser Ave,V355,,,2019,,,75632,75632,,,
2019,Street Resurfacing,146,Street & Transportation,Redstart Ln from Lyre Ln to Santa Barbara Dr,V669,,,2021,,,,109925,,109925,
2019,Street Resurfacing,146,Street & Transportation,Regent Dr from Cromwell Dr to Lathrop Dr,V712,,,2021,,,,186500,,186500,
2019,Thoroughfares,146,Street & Transportation,Remove Dip On Eb Royal Ln 400 Ft East Of Greenville Ave,V309,,,2022,,,7500,75000,,67500,
2019,Street Reconstruction,146,Street & Transportation,Resurfacing - Reconstruction Improvements,W186,,,2020,,,12249748,12249748,,,
2019,Street Resurfacing,147,Street & Transportation,Rexton Ln from Glennox Ln to E Lovers Ln,V797,,,2022,,,,633134,,,633134
2019,Street Resurfacing,147,Street & Transportation,Rhapsody LN from Bowling Brook Dr to Lazy River Dr,V379,,,2019,,,186412,186412,,,
2019,Public/Private Development,147,Street & Transportation,Richmond Ave At Skillman St Intersection Improvements,VA25,,,2020,,,35000,385000,350000,,
2019,Street Resurfacing,147,Street & Transportation,Richmond Ave from Abrams Rd to Skillman St,V462,,,2020,,,,551050,551050,,
2019,Street Resurfacing,147,Street & Transportation,Richmond Ave from Matilda St to Skillman St,V620,,,2020,,,,472250,472250,,
2019,Street Resurfacing,147,Street & Transportation,Ridge Park Ln from End of Pavement to Indian Ridge Trl,V626,,,2020,,,,35200,35200,,
2019,Street Petitions,147,Street & Transportation,Ridgecrest Rd. - Holly Hill Dr. To Sopac Tr E Of Eastridge,V186,,,2022,,,498467,5512000,5013533,,
2019,Street Reconstruction,147,Street & Transportation,Ridgedale Ave from McMillan Ave to Worcola St,V234,,,2022,,,61321,613211,,551890,
2019,Street Resurfacing,147,Street & Transportation,Ridgemeadow Dr from Lochwood Blvd to Midlake Dr,V738,,,2021,,,,61050,,61050,
2019,Street Resurfacing,147,Street & Transportation,Ridgemont Dr from Highgate Ln to Santa Anita Dr,V723,,,2021,,,,113500,,113500,
2019,Street Resurfacing,147,Street & Transportation,Ridgemoor Cir from Highland Woods Dr to End of Pavement,V796,,,2020,,,,56300,56300,,
2019,Street Resurfacing,147,Street & Transportation,Ring St from East Grand Ave to Hay St,V713,,,2020,,,,47550,47550,,
2019,Street Resurfacing,147,Street & Transportation,Rio Grande Cir from Rio Grande Ave to Kimball Ridge Dr,V595,,,2020,,,,135275,135275,,
2019,Street Resurfacing,147,Street & Transportation,Rio Verde Way from Shiloh Rd to Kilkirk Ln,V652,,,2021,,,,88400,,88400,
2019,Street Resurfacing,147,Street & Transportation,River Bend Dr from N Stemmons Serv E to River Bend Dr,V732,,,2021,,,,285100,,285100,
2019,Intergovernmental Partnership Projects,147,Street & Transportation,Riverfront From Uppr Tracks To Cadiz,V134,,,2020,,,73666,4600000,4526334,,
2019,Street Resurfacing,147,Street & Transportation,Rock Creek Dr from Stonebridge Dr to Rock Creek Dr,V439,,,2019,,,44590,44590,,,
2019,Street Reconstruction,148,Street & Transportation,Rolling Rock Ln from Hackney Ln to Fern Hollow Dr,V220,,,2022,,,82098,525397,,443299,
2019,Street Resurfacing,148,Street & Transportation,Rooster Ln from Seedling Ln to Daybreak Dr,V456,,,2019,,,48854,48854,,,
2019,Street Resurfacing,148,Street & Transportation,Roseland Ave from N Peak St to Ashby St,V675,,,2020,,,,56400,56400,,
2019,Target Neighborhood,148,Street & Transportation,Rosemont Rd From Buckner To Hillburn,V996,,,2022,,,159387,1522200,,1362813,
2019,Target Neighborhood,148,Street & Transportation,Rosemont Rd From Hillburn To Jim Miller,V997,,,2022,,,406226,3268505,,1877832,984447
2019,Sidewalk Improvements,148,Street & Transportation,Rothington Rd From Chariot Dr To S Buckner Blvd,V166,,,2022,,,41192,41192,,,
2019,Streetscape/Urban Design,148,Street & Transportation,Routh St Gateway Streetscape And Pedestian Improvements,V983,,,2022,,,,250000,250000,,
2019,Street and Alley Improvements,148,Street & Transportation,ROW Data Collection Analysis,W132,,,2020,,,1585057,1585057,,,
2019,Street Resurfacing,148,Street & Transportation,Royal Ln from Ashcroft Ave to Greenville Ave,V967,,,2022,,,500238,500238,,,
2019,Street Resurfacing,148,Street & Transportation,Royal Ln from Brockbank Dr to Coogan Dr,V923,,,2018,,,598478,598478,,,
2019,Street Resurfacing,148,Street & Transportation,Royal Ln from Cromwell Dr to Marsh Ln,V891,,,2021,,,1055623,1055623,,,
2019,Street Resurfacing,148,Street & Transportation,Royal Ln from Harry Hines Blvd to Grissom Ln,V951,,,2021,,,,733125,,733125,
2019,Street Resurfacing,148,Street & Transportation,Royal Ln from St Judes Dr to Lavendale Ave,V908,,,2018,,,841249,841249,,,
2019,Street Reconstruction,148,Street & Transportation,Rugged Dr from Berkley Ave to Ferndale Ave,V189,,,2022,,,94715,947148,852433,,
2019,Street Resurfacing,148,Street & Transportation,Ruidosa Ave from Featherbrook Dr to Cotillion Dr,V727,,,2021,,,,73375,,73375,
2019,Street Resurfacing,148,Street & Transportation,Rutgers Dr from Trammel Dr to Middlebury Dr,V583,,,2020,,,,105625,105625,,
2019,Street Resurfacing,148,Street & Transportation,Rylie Rd from S St Augustine Dr to Thorne St,V906,,,2020,,,,242425,242425,,
2019,Street Resurfacing,148,Street & Transportation,Rylie Rd from Thorne St to Bloomfield Dr,V925,,,2020,,,,189400,189400,,
2019,Street Resurfacing,148,Street & Transportation,S Barnett Ave from W Illinois Ave to Dutton Rd,V500,,,2019,,,321855,321855,,,
2019,Street Resurfacing,149,Street & Transportation,S Barry Ave from East Grand Ave to Ware St,V895,,,2020,,,,255675,255675,,
2019,Street Resurfacing,149,Street & Transportation,S Belt Line Rd from Fish Rd to W Lawson Rd,V953,,,2020,,,,551700,551700,,
2019,Street Resurfacing,149,Street & Transportation,S Belt Line Rd from Sarah Ln to Greengrove Ln,V911,,,2020,,,,120900,120900,,
2019,Street Resurfacing,149,Street & Transportation,S Belt Line Rd from W Lawson Rd to Sarah Ln,V954,,,2020,,,,106925,106925,,
2019,Street Resurfacing,149,Street & Transportation,S Ewing Ave from Georgia Ave to E Louisiana Ave,V968,,,2020,,,,47350,47350,,
2019,Street Resurfacing,149,Street & Transportation,S Ewing Ave from McVey Ave to Graceland Ave,V643,,,2019,,,236350,236350,,,
2019,Street Resurfacing,149,Street & Transportation,S Franklin St from W Kiest Blvd to Southwood Dr,V625,,,2020,,,,223575,223575,,
2019,Street Resurfacing,149,Street & Transportation,S Hall St from Chestnut St to Jeffries St,V948,,,2021,,,,83325,,83325,
2019,Street Resurfacing,149,Street & Transportation,S Haskell Ave from Garland Ave to Parry Ave,V851,,,2018,,,80159,80159,,,
2019,Street Resurfacing,149,Street & Transportation,S Henderson Ave from Columbia Ave to Terry St,V567,,,2019,,,237237,237237,,,
2019,Street Resurfacing,149,Street & Transportation,S Llewellyn Ave from Pratt St to Wynnewood Plaza,V431,,,2019,,,228095,228095,,,
2019,Street Resurfacing,149,Street & Transportation,S Montreal Ave from Barlow Ave to Savoy St,V348,,,2019,,,102300,102300,,,
2019,Street Reconstruction,149,Street & Transportation,S Murdeaux Ln from Great Trinity Forest Way to Olusta Dr,V214,,,2021,,,70036,700363,,630327,
2019,Street Reconstruction,149,Street & Transportation,S Patton Ave from E 10th St to E. Jefferson Blvd,V190,,,2022,,,45876,390286,344410,,
2019,Street Resurfacing,149,Street & Transportation,S St Paul St from Young St to Marilla St,V876,,,2019,,,67150,67150,,,
2019,Street Reconstruction,149,Street & Transportation,S Van Buren Ave from W Pembroke Ave to Page Ave,V191,,,2022,,,68410,591967,523557,,
2019,Street Resurfacing,149,Street & Transportation,S Westmoreland Rd from Poinsettia Dr to Dutton Dr,V859,,,2019,,,96450,96450,,,
2019,Street Resurfacing,149,Street & Transportation,San Diego Dr from Shiloh Rd to Santa Anna Ave,V782,,,2021,,,,244375,,244375,
2019,Street Resurfacing,150,Street & Transportation,San Fernando Way from Whittier Ave to Lakeland Dr,V366,,,2018,,,105023,105023,,,
2019,Street Resurfacing,150,Street & Transportation,San Jacinto St from Bennett Ave to N Garrett Ave,V621,,,2020,,,,74725,74725,,
2019,Street Reconstruction,150,Street & Transportation,San Jacinto St From N Pearl St To Crockett St,V291,,,2022,,,51471,423691,,372220,
2019,Street Resurfacing,150,Street & Transportation,San Juan Ave from Newcombe Dr to Crest Ridge Dr,V772,,,2021,,,,125575,,125575,
2019,Street Resurfacing,150,Street & Transportation,San Marcus Ave from Lingo Ln to Ferguson Rd,V703,,,2021,,,,112400,,112400,
2019,Street Resurfacing,150,Street & Transportation,Sandstone Dr from Jennie Lee Ln to Cypress Ave,V526,,,2019,,,137317,160275,22958,,
2019,Street Resurfacing,150,Street & Transportation,Santa Anna Ave from Shiloh Rd to Vista Mar Dr,V747,,,2021,,,,76325,,76325,
2019,Street Resurfacing,150,Street & Transportation,Santa Barbara Dr from Santa Maria Ln to E Mockingbird Ln,V771,,,2021,,,,125275,,125275,
2019,Street Resurfacing,150,Street & Transportation,Santa Fe Ave from Clermont Ave to Monte Vista Dr,V817,,,2021,,,,44675,,44675,
2019,Street Resurfacing,150,Street & Transportation,Santa Fe Ave from Cordova St to Clermont Ave,V826,,,2021,,,,41250,,41250,
2019,Street Resurfacing,150,Street & Transportation,Santa Teresa Ave from Materhorn Dr to Santa Garza Dr,V447,,,2018,,,179218,179218,,,
2019,Street Reconstruction,150,Street & Transportation,Sapling Way From Clearsprings Rd To Greenhollow Ln,V281,,,2022,,,,245913,,245913,
2019,Street Resurfacing,150,Street & Transportation,Satsuma Dr from Dennis Rd to Sundial Dr,V398,,,2020,,,,334325,334325,,
2019,Street Resurfacing,150,Street & Transportation,Scottsboro Ln from S Marsalis Ave to Grassy Ridge Trl,V748,,,2021,,,,142675,,142675,
2019,Street Resurfacing,150,Street & Transportation,Seabeach Rd from Greenspan Ave to Silverdale Dr,V522,,,2019,,,122725,122725,,,
2019,Street Resurfacing,150,Street & Transportation,Sevilla St from Valencia St to Cordova St,V476,,,2019,,,48843,48843,,,
2019,Intergovernmental Partnership Projects,150,Street & Transportation,SH 78-Loop 12 to IH,R469,,,2020,,,210000,210000,,,
2019,Street Resurfacing,150,Street & Transportation,Shadow Ridge Dr from Timber Oaks Dr to Timber Oaks Dr,V696,,,2019,,,256979,256979,,,
2019,Street Resurfacing,151,Street & Transportation,Shadow Way from Audelia Rd to Creekspan Dr,V586,,,2019,,,300,105850,105550,,
2019,Street Resurfacing,151,Street & Transportation,Shadow Way from Creekspan Dr to Candlebrook Dr,V692,,,2019,,,229433,229433,,,
2019,Street Resurfacing,151,Street & Transportation,Shadow Wood Dr from W Saner Ave to S Edgefield Ave,V701,,,2018,,,607081,607081,,,
2019,Street Resurfacing,151,Street & Transportation,Shady Oak Ln From End Of Pavement To Timberview Rd,V647,,,2021,,,110000,110000,,,
2019,Street Resurfacing,151,Street & Transportation,Shady Trl from Manana Dr to Andjon Dr,V946,,,2020,,,,82850,82850,,
2019,Street Resurfacing,151,Street & Transportation,Shady Valley Dr from Royal Highlands Dr to Shady Valley Dr,V390,,,2019,,,103689,103689,,,
2019,Street Resurfacing,151,Street & Transportation,Shady Valley Dr from Shady Valley Dr to Winding Ridge Dr,V540,,,2019,,,89695,89695,,,
2019,Street Reconstruction,151,Street & Transportation,Shaw St from Navaro St to Harston St,V210,,,2022,,,97885,978855,,880970,
2019,Street Resurfacing,151,Street & Transportation,Sheila Ln from Timberline Dr to Hargrove Dr,V413,,,2019,,,243433,243433,,,
2019,Street Resurfacing,151,Street & Transportation,Shelley Blvd from Coombs Creek Dr to S Westmoreland Rd,V374,,,2019,,,180075,187750,7675,,
2019,Street Resurfacing,151,Street & Transportation,Shelley Blvd from Keats Dr to Dryden Dr,V544,,,2019,,,115350,115350,,,
2019,Street Resurfacing,151,Street & Transportation,Sherry Ln from Douglas Ave to Preston Rd,V864,,,2019,,,422200,422200,,,
2019,Street Resurfacing,151,Street & Transportation,Shiremont Dr from Talmadge Ln to End of Pavement,V373,,,2019,,,59373,59373,,,
2019,Sidewalk Improvements,151,Street & Transportation,Sidewalk Improvement,R474,,,2019,,,329087,329087,,,
2019,Sidewalk Improvements,151,Street & Transportation,Sidewalk Improvement,R474,,,2019,,,98229,98229,,,
2019,Sidewalk Improvements,151,Street & Transportation,Sidewalk Improvements - CD projects,P709,,,2020,,,78849,78849,,,
2019,Sidewalk Improvements,151,Street & Transportation,Sidewalk Improvements District 12,S415,,,2020,,,7749,7749,,,
2019,Sidewalk Improvements,152,Street & Transportation,Sidewalk Reconstruction-Street Replacement,R475,,,2019,,,1003676,1003676,,,
2019,Sidewalk Improvements,152,Street & Transportation,Sidewalks 50-50 And Ada Ramps,V146,,,2021,,,2041421,6756949,2357764,2357764,
2019,Street Resurfacing,152,Street & Transportation,Silverdale Dr from Oceanview Dr to Seabeach Rd,V519,,,2019,,,40626,40626,,,
2019,Street Resurfacing,152,Street & Transportation,Silverhill Dr from Baraboo Dr to A9958,V552,,,2018,,,102574,102574,,,
2019,Street Resurfacing,152,Street & Transportation,Silverton Dr from Caraway Dr to Webb Chapel Rd,V633,,,2021,,,,229725,,229725,
2019,Street and Alley Improvements,152,Street & Transportation,Simpson Stuart Rd From Bonnie View Rd To Lancaster Rd,V180,,,2021,,,350000,350000,,,
2019,Street Resurfacing,152,Street & Transportation,Sinclair Ave from Jupiter Rd to Gaston Pkwy,V746,,,2021,,,,137875,,137875,
2019,Street Resurfacing,152,Street & Transportation,Sinclair Ave from Sunland St to Jupiter Rd,V681,,,2021,,,,214100,,214100,
2019,Public/Private Development,152,Street & Transportation,Skillman at Walnut Hill,VA22,,,2021,,,,1432572,477524,795874,159174
2019,Street Resurfacing,152,Street & Transportation,Skillman St from Gaston Ave to Swiss Ave,V354,,,2019,,,143870,143870,,,
2019,Street Resurfacing,152,Street & Transportation,Skillman St from Richmond Ave to Llano Ave,V907,,,2018,,,677368,677368,,,
2019,Street Resurfacing,152,Street & Transportation,Songwood Dr from Blue Moon Dr to Lazy River Dr,V548,,,2019,,,202876,202876,,,
2019,Intergovernmental Partnership Projects,152,Street & Transportation,Sopac-Katy Trail Drainage-Erosion Improvements,V138,,,2021,,,,700000,700000,,
2019,Street Resurfacing,152,Street & Transportation,South Blvd from Malcolm X Blvd to Meadow St,V698,,,2020,,,,295475,295475,,
2019,Sidewalk Improvements,152,Street & Transportation,South Blvd From South Central Expy To Meadow St,V167,,,2021,,,224789,224789,,,
2019,Street and Alley Improvements,152,Street & Transportation,South Blvd From South Central Expy To Meadow St Lighting,V176,,,2021,,,604800,604800,,,
2019,Street Petitions,152,Street & Transportation,South Ewing Ave From Sleeth St To Ann Arbor Ave,V188,,,2022,,,77240,895000,817760,,
2019,Street Resurfacing,152,Street & Transportation,South Ridge Dr from Sperry St to Wildbriar Ln,V450,,,2019,,,269885,269885,,,
2019,Street Resurfacing,153,Street & Transportation,Southern Knoll Dr from Trails End Dr to Golden Creek Rd,V570,,,2019,,,86337,86337,,,
2019,Street Resurfacing,153,Street & Transportation,Sperry St from Meadowlark Ln to Santa Barbara Dr,V488,,,2020,,,,82975,82975,,
2019,Street Resurfacing,153,Street & Transportation,Sperry St From Williamson Rd To Lyre Ln,V324,,,2018,,,68221,68221,,,
2019,Street Reconstruction,153,Street & Transportation,Spring Grove From Alpha To Coit,S443,,,2019,,,2306222,2306222,,,
2019,Intergovernmental Partnership Projects,153,Street & Transportation,Spring Valley Rd From Coit Rd To Goldmark Sidewalk And Pedes,S404,,,2019,,,152163,152163,,,
2019,Street Resurfacing,153,Street & Transportation,Springhill Dr from Mercer Dr to Stanwood Dr,V832,,,2022,,,,640247,,,640247
2019,Street Resurfacing,153,Street & Transportation,St Croix Dr from End of Pavement to Dartmoor Dr,V342,,,2019,,,312199,312199,,,
2019,Street Resurfacing,153,Street & Transportation,St Francis Ave from Ferguson Rd to Hunnicut Rd,V752,,,2019,,,797990,797990,,,
2019,Street Resurfacing,153,Street & Transportation,St Francis Ave from Ralph Ln to S Buckner Blvd,V783,,,2019,,,299175,299175,,,
2019,Street Resurfacing,153,Street & Transportation,St Francis Ave from San Leandro Dr to Barbaree Blvd,V759,,,2019,,,117066,117066,,,
2019,Street Reconstruction,153,Street & Transportation,St Paul [S]-Gano To 250FT South,R505,,,,,,131238,131238,,,
2019,Street Resurfacing,153,Street & Transportation,Stagecoach Trl from Maxine Dr to Stagecoach Cir,V459,,,2019,,,38775,38775,,,
2019,Street Resurfacing,153,Street & Transportation,Stagecoach Trl from McLarty Dr to Sebring Dr,V534,,,2019,,,37300,37300,,,
2019,Street Resurfacing,153,Street & Transportation,State St from Routh St to Boll St,V789,,,2021,,,,55550,,55550,
2019,Street Resurfacing,153,Street & Transportation,Stefani Dr from Hillcrest Rd to Boedeker St,V392,,,2020,,,,348025,348025,,
2019,Street Resurfacing,153,Street & Transportation,Stella Ave from S Corinth St to Cedar Crest Blvd,V916,,,2019,,,,124349,124349,,
2019,Street Resurfacing,153,Street & Transportation,Steuben Ct from Preston Trail Dr to Steuben Ct,V657,,,2020,,,,122075,122075,,
2019,Street Resurfacing,153,Street & Transportation,Strathmore Dr from E Northwest Pkwy to Flicker Ln,V550,,,2018,,,152018,152018,,,
2019,Street Resurfacing,154,Street & Transportation,Strathmore Dr from Flicker Ln to Kingspoint Dr,V606,,,2019,,,51622,51622,,,
2019,Street and Alley Improvements,154,Street & Transportation,Street Lights At Parkdale Dr And Lawnview Ave,V177,,,2021,,,16000,16000,,,
2019,Street and Alley Improvements,154,Street & Transportation,Street Lights Wendelkin St,V178,,,2021,,,112000,112000,,,
2019,Street and Alley Improvements,154,Street & Transportation,Street Lights Within Claremont Neighborhood,V179,,,2021,,,120000,600000,,,480000
2019,Street Resurfacing,154,Street & Transportation,Summit Ave from Alta Ave to Sears St,V490,,,2019,,,72785,72785,,,
2019,Street Resurfacing,154,Street & Transportation,Summit Ave from Rowena St to Alta Ave,V663,,,2020,,,,121375,121375,,
2019,Street Resurfacing,154,Street & Transportation,Sunbriar Ave from Godfrey Ave to Sarah Lee Dr,V514,,,2019,,,163165,163165,,,
2019,Street Resurfacing,154,Street & Transportation,Sundial Dr from Dennis Rd to Satsuma Dr,V385,,,2019,,,491943,491943,,,
2019,Street Resurfacing,154,Street & Transportation,Sunny Crest Ln From E Red Bird Ln To Woodburn Trl,V474,,,2019,,,54300,54300,,,
2019,Street Resurfacing,154,Street & Transportation,Sunnyvale St from Ann Arbor Ave to Cummings St,V929,,,2019,,,,35153,35153,,
2019,Thoroughfares,154,Street & Transportation,Sylvan Ave Phase Ii [Funding for Pedestrian Lightings],VA09,,,2022,,,143795,387273,136719,,106759
2019,Thoroughfares,154,Street & Transportation,Sylvan -West Commerce to Singleton,U802,,,2019,,,2728733,2728733,,,
2019,Thoroughfares,154,Street & Transportation,Sylvan -West Commerce to Singleton,U802,,,2019,,,1604383,1604383,,,
2019,Thoroughfares,154,Street & Transportation,Sylvan -West Commerce to Singleton,U802,,,2019,,,3000000,3000000,,,
2019,Street Resurfacing,154,Street & Transportation,Sylvania Dr from Sinclair Ave to Vinemont St,V807,,,2022,,,,687802,,,687802
2019,Street Resurfacing,154,Street & Transportation,Sylvester St from Vargas St to Knight St,V527,,,2019,,,126676,126676,,,
2019,Street Resurfacing,154,Street & Transportation,Sylvia Dr from Crest Ridge Dr to Desdemona Dr,V641,,,2020,,,,90925,90925,,
2019,Street Resurfacing,154,Street & Transportation,Syracuse Dr from Wake Forrest Dr to Wake Forrest Dr,V804,,,2022,,,,715088,,,715088
2019,Street Resurfacing,155,Street & Transportation,Tabor Dr from Kenwhite Dr to Cosgrove Dr,V365,,,2019,,,141693,141693,,,
2019,Street Resurfacing,155,Street & Transportation,Tara Ln from Edgeglen Dr to Uarda Dr,V722,,,2019,,,54400,54400,,,
2019,Street Resurfacing,155,Street & Transportation,Terry St from S Haskell Ave to S Peak St,V811,,,2021,,,,103350,,103350,
2019,Street Reconstruction,155,Street & Transportation,Timber Oaks Dr From Shadow Ridge Dr To Shadow Ridge Dr,V284,,,2022,,,80852,808518,,727666,
2019,Street Resurfacing,155,Street & Transportation,Timberline Dr from Community Dr to Kendale Dr,V890,,,2020,,,,78050,78050,,
2019,Street Resurfacing,155,Street & Transportation,Tina Ln from Atha Dr to A4938,V563,,,2019,,,19450,19450,,,
2019,Street Resurfacing,155,Street & Transportation,Tioga St from La Grange Dr to Bonnie View Rd,V874,,,2018,,,64175,64175,,,
2019,Street Resurfacing,155,Street & Transportation,Tisinger Ave from Tascosa St to Ulloa Ln,V466,,,2019,,,79350,79350,,,
2019,Street Resurfacing,155,Street & Transportation,Tobian St from Bellafonte Dr to Dandridge Dr,V452,,,2019,,,106399,115950,9551,,
2019,Public/Private Development,155,Street & Transportation,Traffic Signal Installations,VA28,,,2022,,,6832736,18350000,,11517264,
2019,Public/Private Development,155,Street & Transportation,Traffic Signal Synchronization Project,VA27,,,2022,,,2763974,20205250,5270000,7496420,4674856
2019,Street Resurfacing,155,Street & Transportation,Trammel Dr from Bennington Dr to Clemson Dr,V841,,,2022,,,,680172,,,680172
2019,Street Resurfacing,155,Street & Transportation,Trammel Dr from Clemson Dr to E Northwest hwy,V806,,,2022,,,,567190,,,567190
2019,Street Resurfacing,155,Street & Transportation,Trammel Dr from Fisher Rd to Bennington Dr,V791,,,2022,,,,356796,,,356796
2019,Alley Reconstruction,155,Street & Transportation,Tree Shadow Trl [5902- 5942] And Flintshire Ct [5901-5923] A1,S307,,,2020,,,245340,245340,,,
2019,Street Resurfacing,155,Street & Transportation,Trio Ln from Wagon Wheels Trl to Caravan Trl,V448,,,2019,,,137775,137775,,,
2019,Street Petitions,155,Street & Transportation,Trojan St. - Burma Rd. To Fellows Ln. [Street],V185,,,2022,,,75470,1090001,1014531,,
2019,Street Resurfacing,155,Street & Transportation,Tulip Ln from Camellia Dr to Thackery St,V573,,,2020,,,,422850,422850,,
2019,Street Resurfacing,156,Street & Transportation,Turtle Creek Blvd from Turtle Creek Blvd to Turtle Creek Blvd,V848,,,2019,,,210739,210739,,,
2019,Street Resurfacing,156,Street & Transportation,Tuscany Way from Sinclair Ave to Lippitt Ave,V818,,,2022,,,,673813,,,673813
2019,Sidewalk Improvements,156,Street & Transportation,Tyler From Illinois Ave To Lebanon [East Side Only],V152,,,2023,,,362000,362000,,,
2019,Target Neighborhood,156,Street & Transportation,Upton St From I-35 E To 12Th St,V995,,,2022,,,56361,566908,,510547,
2019,Intergovernmental Partnership Projects,156,Street & Transportation,Us 75-Mockingbird- Lovers Lane Pedestrian Improvements,V144,,,2023,,,,1100000,70474,1029526,
2019,Intergovernmental Partnership Projects,156,Street & Transportation,UT Southwestern Medical District,V140,,,2022,,,,7500000,,7500000,
2019,Street Resurfacing,156,Street & Transportation,Utica Dr from Bruton Rd to Cordell Dr,V565,,,2019,,,153400,153400,,,
2019,Street Resurfacing,156,Street & Transportation,Utica Dr from Cordell Dr to Jennie Lee Ln,V353,,,2018,,,142722,142722,,,
2019,Street Resurfacing,156,Street & Transportation,Valencia St from Sevilla St to East Grand Ave,V709,,,2021,,,,82000,,82000,
2019,Intergovernmental Partnership Projects,156,Street & Transportation,Valey View-Walnut-635 Cty,N083,,,2020,,,24672,24672,,,
2019,Intergovernmental Partnership Projects,156,Street & Transportation,Valey View-Walnut-635 Cty,N083,,,2020,,,200000,200000,,,
2019,Street Resurfacing,156,Street & Transportation,Valley View Ln from Valley View Ln to L B J Serv,V639,,,2020,,,,62975,62975,,
2019,Intergovernmental Partnership Projects,156,Street & Transportation,Valley View-Walnut - IH 635 to City Limits,U234,,,2020,,,907540,907540,,,
2019,Intergovernmental Partnership Projects,156,Street & Transportation,Valley View-Walnut - IH 635 to City Limits,U234,,,2020,,,1114338,1114338,,,
2019,Street Resurfacing,156,Street & Transportation,Vandelia St from Prescott Ave to Hawthorne Ave,V601,,,2020,,,,59825,59825,,
2019,Street Reconstruction,156,Street & Transportation,Vanette Ln From Fitzsimmons Dr To S Marsalis Ave,V253,,,2022,,,56112,561117,,505005,
2019,-Street Resurfacing,156,Street & Transportation,Viceroy Dr from King George Dr to Regal Row V617,,,,2021,,,,284150,,284150,
2019,Street Resurfacing,156,Street & Transportation,Vickery Blvd from Laneri Ave to Glencoe St,V383,,,2019,,,129380,129380,,,
2019,Street Resurfacing,157,Street & Transportation,Vinecrest Dr from Cox Ln to End of Pavement,V384,,,2019,,,231525,231525,,,
2019,Street Resurfacing,157,Street & Transportation,Vinemont St from Forest Grove Dr to Easton Rd,V761,,,2021,,,,99850,,99850,
2019,Street Reconstruction,157,Street & Transportation,W 12th St from Briscoe Blvd to Hampton Rd,V192,,,2022,,,60199,601990,541791,,
2019,Street Resurfacing,157,Street & Transportation,W Amherst Ave from Huron Dr to Thurston Dr,V332,,,2019,,,189,189,,,
2019,Street Resurfacing,157,Street & Transportation,W Bay Cir from W Lawther Dr to Branchfield Dr,V786,,,2021,,,,249650,,249650,
2019,Street Resurfacing,157,Street & Transportation,W Clarendon from S Waverly Dr to S Edgefield Ave,V860,,,2020,,,,272225,272225,,
2019,Street Resurfacing,157,Street & Transportation,W Colorado Blvd from Leander Dr to N Hampton Rd,V489,,,2019,,,281260,281260,,,
2019,Street Resurfacing,157,Street & Transportation,W Commerce St from N Hampton Rd to Postal Way,V932,,,2020,,,,465800,465800,,
2019,Street Resurfacing,157,Street & Transportation,W Greenbriar Ln from Stemmons Ave to N Beckley Ave,V788,,,2018,,,222006,222006,,,
2019,Street Resurfacing,157,Street & Transportation,W Grover C Washington Ave from Orial Ave to Toluca Ave,V821,,,2019,,,67575,67575,,,
2019,Sidewalk Improvements,157,Street & Transportation,W Jefferson Blvd [S Side]- N Westmoreland Rd To N. Plymouth,V153,,,2024,,,363482,363482,,,
2019,Street Resurfacing,157,Street & Transportation,W Lovers Ln from Menier St to Preston Park Dr,V940,,,2019,,,317995,317995,,,
2019,Street Resurfacing,157,Street & Transportation,W Mockingbird Ln from N Stemmons Serv E to Brookriver Dr,V868,,,2018,,,209409,209409,,,
2019,Street Resurfacing,157,Street & Transportation,W Mockingbird Ln from W John Carpenter Fwy to N Stemmons Serv E,V887,,,2020,,,,296425,296425,,
2019,Street Resurfacing,157,Street & Transportation,W Pentagon Pkwy from Spruce Valley Ln to Coombs Creek Dr,V577,,,2018,,,233391,233391,,,
2019,Street Resurfacing,157,Street & Transportation,W University Blvd from Inwood Rd to Eastern Ave,V935,,,2022,,,,801611,,,801611
2019,Street Resurfacing,157,Street & Transportation,W University Blvd from Robin Rd to Inwood Rd,V938,,,2021,,,,73325,,73325,
2019,Sidewalk Improvements,158,Street & Transportation,W University Blvd From Roper St To Kenwell St,V157,,,2021,,,94833,94833,,,
2019,Street Resurfacing,158,Street & Transportation,Wake Forrest Dr from Lehigh Dr to Trammel Dr,V670,,,2021,,,,38275,,38275,
2019,Street Resurfacing,158,Street & Transportation,Waldorf Dr from Cromwell Dr to Lathrop Dr,V491,,,2020,,,,183800,183800,,
2019,Street Resurfacing,158,Street & Transportation,Walnut Hill From Marsh To Midway Resurfacing Project,V980,,,2018,,,2035364,2035364,,,
2019,Street Resurfacing,158,Street & Transportation,Walnut Hill Ln from Chireno St to Marsh Ln,V871,,,2019,,,563742,563742,,,
2019,Street Resurfacing,158,Street & Transportation,Walnut Hill Ln from Midway Rd to Crestline Ave,V945,,,2019,,,441863,441863,,,
2019,Street Resurfacing,158,Street & Transportation,Walnut Hill Ln from Thackery St to Hillcrest Rd,V927,,,2019,,,662426,662426,,,
2019,Street Reconstruction,158,Street & Transportation,Waneta Dr From Robin Rd To Inwood Rd,V244,,,2021,,,31010,366471,,335461,
2019,Traffic Signals,158,Street & Transportation,Warranted Signals and School Flashers - On- Demand,U811,,,2019,,,3708633,3708633,,,
2019,Street Resurfacing,158,Street & Transportation,Waterview Rd from Bondstone Dr to Classen Dr,V704,,,2021,,,,40875,,40875,
2019,Street Resurfacing,158,Street & Transportation,Webb Chapel Ext from Hargrove Dr to Larga Dr,V538,,,2019,,,176183,176183,,,
2019,Street Resurfacing,158,Street & Transportation,Webb Chapel Ext from Larga Dr to Webb Chapel Rd,V920,,,2020,,,,353425,353425,,
2019,Street Resurfacing,158,Street & Transportation,Webb Chapel Rd from Forest Ln to LBJ Service S,V936,,,2020,,,,284375,284375,,
2019,Thoroughfares,158,Street & Transportation,Webb Chapel Rd From Silverton Dr To Northaven Rd,V313,,,2022,,,290932,3018832,,2727900,
2019,Street Resurfacing,158,Street & Transportation,Weeburn Dr from Marsh Ln to Cox Ln,V694,,,2021,,,,269700,,269700,
2019,Sidewalk Improvements,158,Street & Transportation,Wendelkin St From Pennsylvania Ave To Driskell St,V168,,,2021,,,119945,119945,,,
2019,Street Reconstruction,158,Street & Transportation,West Shore Dr From Tokalon Dr To Meadow Lake Ave,S574,,,2018,,,310203,310203,,,
2019,Street Reconstruction,158,Street & Transportation,Westfield Dr From Gladwood Ln To Clearwater Dr,V272,,,2022,,,53499,534988,,481489,
2019,Street Reconstruction,159,Street & Transportation,Westfield Dr from Woodbrook Dr to Gladwood Ln,V221,,,2022,,,57418,574182,,516764,
2019,Street Resurfacing,159,Street & Transportation,Westlake Ave from Velasco Ave to Wendover Rd,V341,,,2019,,,83244,83244,,,
2019,Street Resurfacing,159,Street & Transportation,Westover Dr from Arborside Dr to Ridgemar Dr,V371,,,2019,,,156923,156923,,,
2019,Target Neighborhood,159,Street & Transportation,Westshore - Santa Fe Tr - Alley N Of Coronado [Rw-Dng - Sw],VA07,,,2022,,,76878,904287,,,827409
2019,Thoroughfares,159,Street & Transportation,Wheatland - Lancaster CL to Lancaster Rd Plaza,U803,,,2019,,,376070,376070,,,
2019,Thoroughfares,159,Street & Transportation,Wheatland - Lancaster CL to Lancaster Rd Plaza,U803,,,2019,,,5234525,5234525,,,
2019,Intergovernmental Partnership Projects,159,Street & Transportation,Wheatland Road From City Limits To University Hills,V145,,,2022,,,65000,1800000,,1735000,
2019,Street Resurfacing,159,Street & Transportation,Whittier Ave from San Benito Way to San Leandro Dr,V767,,,2021,,,,58475,,58475,
2019,Street Resurfacing,159,Street & Transportation,Whittier Ave from Santa Clara Dr to San Benito Way,V630,,,2021,,,,248175,,248175,
2019,Street Resurfacing,159,Street & Transportation,Wickersham Rd from McCree Rd to Wallbrook Dr,V495,,,2018,,,268371,268371,,,
2019,Street Resurfacing,159,Street & Transportation,Wightman Pl from Baseline Dr to Chimney Hill Ln,V351,,,2019,,,52033,52033,,,
2019,Street Resurfacing,159,Street & Transportation,Wild Honey Dr From Tioga St To A11316,V428,,,2018,,,27028,27028,,,
2019,Street Reconstruction,159,Street & Transportation,Willis Ave from McMillan Ave to Worcola St,V235,,,2022,,,62699,614037,,551338,
2019,Street Resurfacing,159,Street & Transportation,Willis Ave from Worcola St to Greenville Ave,V394,,,2020,,,,80275,80275,,
2019,Sidewalk Improvements,159,Street & Transportation,Willow Ln [North Side] From Preston Rd To Hillcrest Rd,V170,,,2019,,,1409995,1409995,,,
2019,Street Resurfacing,159,Street & Transportation,Willowdell Dr from Caulan Dr to Towns St,V699,,,2020,,,,283300,283300,,
2019,Street Resurfacing,159,Street & Transportation,Winding Ridge from 9800 Winding Ridge Dr to Church Rd,V665,,,2020,,,,128200,128200,,
2019,Street Resurfacing,159,Street & Transportation,Winedale Dr from Walnut Hill Ln to Lacrosse Dr,V387,,,2019,,,136742,136742,,,
2019,Street Resurfacing,160,Street & Transportation,Winsted Dr from Lakeforest Ct to Pasadena Pl,V588,,,2021,,,,174450,,174450,
2019,Street Resurfacing,160,Street & Transportation,Winsted Dr from Lakewood Blvd to Westlake Ave,V719,,,2021,,,,48625,,48625,
2019,Street Resurfacing,160,Street & Transportation,Winsted Dr from Pasadena Pl to White Rock Rd,V635,,,2021,,,,39775,,39775,
2019,Street Resurfacing,160,Street & Transportation,Winsted Dr from Westlake Ave to Meadow Lake Ave,V753,,,2021,,,,45925,,45925,
2019,Street Resurfacing,160,Street & Transportation,Winsted Dr from White Rock Rd to Tokalon Dr,V362,,,2019,,,136891,136891,,,
2019,Street Resurfacing,160,Street & Transportation,Winters St from S Ewing St to Harlandale Ave,V678,,,2019,,,44800,44800,,,
2019,Street Resurfacing,160,Street & Transportation,Woodbrook Dr from Ashcroft Ave to Stillwater Dr,V593,,,2018,,,73642,73642,,,
2019,Street Reconstruction,160,Street & Transportation,Woodbrook Dr From Clearwater Dr To Graywood Dr,V274,,,2022,,,25567,255670,,230103,
2019,Street Reconstruction,160,Street & Transportation,Woodbrook Dr From Graywood Dr To Westfield Dr,V273,,,2022,,,25732,257324,,231592,
2019,Street Resurfacing,160,Street & Transportation,Woodleigh Dr from Timber Trail Dr to Marsh Ln,V346,,,2019,,,237287,237287,,,
2019,Street Reconstruction,160,Street & Transportation,Woodmeadow From La Prada West To The End Of Divided Roadway,S320,,,2022,,,1714781,1714781,,,
2019,Bridge Repair and Modification,160,Street & Transportation,Woodmeadow Parkway over Long Branch,P861,,,2018,,,12410,12410,,,
2019,Street Resurfacing,160,Street & Transportation,Woodmont Dr from Elam Rd to Lucy St,V340,,,2018,,,273726,273726,,,
2019,Street Resurfacing,160,Street & Transportation,Woodshire Dr from Kirnwood Dr to Cleardale Dr,V762,,,2020,,,,170250,170250,,
2019,Street Resurfacing,160,Street & Transportation,Woodspan Dr from Emberwood Dr to Fairwood Dr,V509,,,2019,,,34363,34363,,,
2019,Street Resurfacing,160,Street & Transportation,Woodthrush Dr from Boedeker St to Stone Canyon Rd,V352,,,2019,,,141007,141007,,,
2019,Street Reconstruction,160,Street & Transportation,Woodwick Dr From W Camp Wisdom Ed To Clearwood Dr,V266,,,2021,,,48691,406326,,357635,
2019,Street Resurfacing,160,Street & Transportation,Worth St from N Haskell Ave to N Peak St,V599,,,2020,,,,117525,117525,,
2019,Sidewalk Improvements,161,Street & Transportation,Wright Street From S. Oak Cliff To Edgefield,V154,,,2021,,,128555,447125,,318570,
2019,Street Resurfacing,161,Street & Transportation,Wyatt St from Maplegrove Ln to Wyatt Cir,V624,,,2020,,,,38775,38775,,
2019,Street Resurfacing,161,Street & Transportation,Wycliff Ave from Holland Ave to Gilbert Ave,V867,,,2019,,,77175,77175,,,
2019,Target Neighborhood,161,Street & Transportation,Yancy S from Carbondale St to Saipan St,S610,,,2022,,,501670,501670,,,
2019,Street Resurfacing,161,Street & Transportation,Yellowstone Rd from Sleepy Hollow Dr to Record Crossing Rd,V487,,,2019,,,117704,117704,,,
2019,Street Resurfacing,161,Street & Transportation,Yorkmont Cir from End of Pavement to Evangeline Way,V510,,,2018,,,157231,157231,,,
2019,Street Resurfacing,161,Street & Transportation,Yorksprings Dr from Meadowspring Ln to Yorksprings Pl,V695,,,2021,,,,85800,,85800,
2019,Street Resurfacing,161,Street & Transportation,Yorksprings Dr from Valley Spring Dr to Meadowspring Ln,V717,,,2021,,,,145275,,145275,
2019,,161,Street & Transportation,Grand Total,,,,,,,403451499,875625654,147083180,207396636,117694340
2019,Water Treatment Plants and Associated Facilities,167,WATER UTILITIES Facilities,Bachman Water Tr Pl - Facil1,CW30,,,2023,,,16875554,35875554,19000000,,
2019,Water Treatment Plants and Associated Facilities,167,WATER UTILITIES Facilities,Bachman Water Tr Pl - Facil1,PW30,,,2023,,,200350831,209350831,9000000,,
2019,Wastewater Treatment Plants and Associated Facilities,167,WATER UTILITIES Facilities,Central Ww Treat Pl - Facil,PS30,,,2023,,,474158485,550388485,36430000,2800000,37000000
2019,Wastewater Treatment Plants and Associated Facilities,167,WATER UTILITIES Facilities,Central Ww Treat Pl- Facil,CS30,,,2023,,,59622504,61622504,,,2000000
2019,Water Treatment Plants and Associated Facilities,167,WATER UTILITIES Facilities,East Side Water Tr Pl - Facil3,CW32,,,2023,,,47479438,54479438,,,7000000
2019,Water Treatment Plants and Associated Facilities,167,WATER UTILITIES Facilities,East Side Water Tr Pl - Facil3,PW32,,,2023,,,579909298,662609298,17700000,25000000,40000000
2019,Water Treatment Plants and Associated Facilities,167,WATER UTILITIES Facilities,Elm Fork Water Tr Pl - Facil2,CW31,,,2023,,,47221605,53221605,,6000000,
2019,Water Treatment Plants and Associated Facilities,167,WATER UTILITIES Facilities,Elm Fork Water Tr Pl - Facil2,PW31,,,2023,,,376334704,550334704,12000000,130000000,32000000
2019,Homeowner Extensions and Unserved Areas,167,WATER UTILITIES Facilities,Future Development Initiatives - Wastewater,CS97,,,2023,,,8500000,8500000,,,
2019,Homeowner Extensions and Unserved Areas,167,WATER UTILITIES Facilities,Future Development Initiatives - Water,CW97,,,2023,,,8500000,8500000,,,
2019,Homeowner Extensions and Unserved Areas,167,WATER UTILITIES Facilities,Home-Unserv Exten - Improv,PW41,,,2023,,,1260770,1260770,,,
2019,Homeowner Extensions and Unserved Areas,167,WATER UTILITIES Facilities,Home-Unserv Exten - Improv2,CS41,,,2023,,,39151984,42901984,1250000,1250000,1250000
2019,Homeowner Extensions and Unserved Areas,167,WATER UTILITIES Facilities,Home-Unserv Exten - Improv3,CW41,,,2023,,,94603012,100303012,1900000,1900000,1900000
2019,"Mains, Pump Stations, and Associated Facilities",167,WATER UTILITIES Facilities,Mains Intercept - Lift Sta,PS40,,,2023,,,654213388,719713388,36500000,16000000,13000000
2019,"Mains, Pump Stations, and Associated Facilities",167,WATER UTILITIES Facilities,Mains Interecpt - Lift Sta,CS40,,,2023,,,151146514,173746514,6200000,8200000,8200000
2019,"Mains, Pump Stations, and Associated Facilities",167,WATER UTILITIES Facilities,Mains-Pumping - Storage Fa,PW40,,,2023,,,1013949723,1074749723,23300000,4000000,33500000
2019,"Mains, Pump Stations, and Associated Facilities",167,WATER UTILITIES Facilities,Mains-Pumping - Storage Fa2,CW40,,,2023,,,173618902,209518902,8700000,17100000,10100000
2019,Rehabilitation and Equipment,167,WATER UTILITIES Facilities,Major Maintenace - Rehab,CW50,,,2023,,,179356651,199956651,6300000,9000000,5300000
2019,Rehabilitation and Equipment,167,WATER UTILITIES Facilities,Major Maintenance - Rehab,PW50,,,2023,,,12561741,24561741,6000000,,6000000
2019,Rehabilitation and Equipment,167,WATER UTILITIES Facilities,Major Maintenance - Rehab1,CS50,,,2023,,,84014797,91014797,500000,2000000,4500000
2019,Rehabilitation and Equipment,168,WATER UTILITIES Facilities,Major Maintenance - Rehabilitation,PS50,,,2023,,,6075000,12075000,4000000,2000000,
2019,Public Art,168,WATER UTILITIES Facilities,Public Art Admin - Water Utilities,CW95,,,2023,,,2050750,2312500,30000,130500,101250
2019,Studies and Master Plans,168,WATER UTILITIES Facilities,PW01_Studies-Master Plans,PW01,,,2023,,,900000,900000,,,
2019,Raw Water Pumping and Transmission,168,WATER UTILITIES Facilities,Raw Water Pump - Trans Fac,PW20,,,2023,,,242025158,292025158,8000000,,42000000
2019,Raw Water Pumping and Transmission,168,WATER UTILITIES Facilities,Raw Water Pump - Trans Fac2,CW20,,,2024,,,61121581,62621581,500000,500000,500000
2019,Relocations in Advance of Paving,168,WATER UTILITIES Facilities,Relocations Due To Paving,PW42,,,2023,,,207655791,234155791,10500000,8000000,8000000
2019,Relocations in Advance of Paving,168,WATER UTILITIES Facilities,Relocations Due To Paving3,CS42,,,2023,,,38823211,40473211,550000,550000,550000
2019,Relocations in Advance of Paving,168,WATER UTILITIES Facilities,Relocations Due To Paving4,CW42,,,2023,,,67695609,70095609,800000,800000,800000
2019,Relocations in Advance of Paving,168,WATER UTILITIES Facilities,Relocations Due To Paving5,PS42,,,2023,,,138520415,165020415,10500000,8000000,8000000
2019,"Service Centers, Offices, and Research Facilities",168,WATER UTILITIES Facilities,Service Ctr-Ofcs- Research,PW60,,,2023,,,20078824,20078824,,,
2019,"Service Centers, Offices, and Research Facilities",168,WATER UTILITIES Facilities,Service Ctr-Ofcs- Research2,CS60,,,2023,,,14024746,14024746,,,
2019,"Service Centers, Offices, and Research Facilities",168,WATER UTILITIES Facilities,Service Ctr-Ofcs- Research3,CW60,,,2023,,,47311317,56311317,3000000,3000000,3000000
2019,"Service Centers, Offices, and Research Facilities",168,WATER UTILITIES Facilities,Service Ctr-Ofcs- Research4,PS60,,,2023,,,11423811,11423811,,,
2019,Wastewater Treatment Plants and Associated Facilities,168,WATER UTILITIES Facilities,Southside Ww Treat Pl - Fa2,CS31,,,2023,,,108066321,110266321,,,2200000
2019,Wastewater Treatment Plants and Associated Facilities,168,WATER UTILITIES Facilities,Southside Ww Treat Pl - Facil,PS31,,,2023,,,392155190,437155190,14000000,8000000,23000000
2019,Studies and Master Plans,168,WATER UTILITIES Facilities,Studies-Master Plan2,CW01,,,2024,,,44484974,46734974,2100000,50000,100000
2019,Studies and Master Plans,168,WATER UTILITIES Facilities,Studies-Master Plans1,CS01,,,2023,,,22276454,26276454,2000000,1000000,1000000
2019,Studies and Master Plans,168,WATER UTILITIES Facilities,Studies-Master Plans3,PS01,,,2023,,,15573071,15573071,,,
2019,Water Supply Reservoirs and Dams,168,WATER UTILITIES Facilities,Supply Reservoirs - Dams,PW10,,,2023,,,32575167,60575167,3000000,25000000,
2019,Water Supply Reservoirs and Dams,168,WATER UTILITIES Facilities,Supply Reservoirs - Dams1,CW10,,,2024,,,36682884,39182884,1000000,1500000,
2019,"Mains, Pump Stations, and Associated Facilities",168,WATER UTILITIES Facilities,TWDB Wastewater (Clean Water) Project,FS40,,,2023,,,22000000,88000000,22000000,22000000,22000000
2019,"Mains, Pump Stations, and Associated Facilities",169,WATER UTILITIES Facilities,TWDB Water (Drinking Water),FW40,,,2023,,,44000000,176000000,44000000,44000000,44000000
2019,Public Art,169,WATER UTILITIES Facilities,Wastewater Facl Public Art,CS95,,,2023,,,2127500,2179500,40000,12000,
2019,Water Treatment Plants and Associated Facilities,169,WATER UTILITIES Facilities,Water Conservation Vouchers,CW70,,,2023,,,,,,,
2019,Wholesale Customer Facilities,169,WATER UTILITIES Facilities,Wholesale Customer Facilities,PW43,,,2023,,,2335200,5335200,3000000,,
2019,Wholesale Customer Facilities,169,WATER UTILITIES Facilities,Wholesale Customer Facils,CW43,,,2023,,,8386119,9386119,,500000,500000
2019,Wholesale Customer Facilities,169,WATER UTILITIES Facilities,Wholesale Customer Facils1,CS43,,,2023,,,525365,1525365,,500000,500000
2019,Wholesale Customer Facilities,169,WATER UTILITIES Facilities,Wholesale Customers Facilities,PS43,,,,,,,2000000,2000000,,
2019,,169,WATER UTILITIES Facilities,Grand Total,,,,,,,5811724358,6834318108,315800000,348792500,358001250
