cip_year,source_page,department,project_name,project_type,funding_source,address_location,comp_date,year_2021,year_2022,year_2023,project_total,start_year,end_year
2020,10,Aviation,Airport Planning and Advisory Services,Aviation Capital Program,Aviation Capital Program,Citywide,Ongoing,1000000,1000000,1500000,3500000,2021,2023
2020,10,Aviation,Aviation Project Reserve,Aviation Capital Program,Aviation Capital Program,Citywide,Ongoing,0,0,2000000,2000000,2023,2023
2020,10,Aviation,CONRAC,Terminal,Aviation Capital Program,Citywide,9/30/2024,28600000,0,0,28600000,2021,2021
2020,10,Aviation,Construction Management/Project Management,Aviation Capital Program,Aviation Capital Program,Citywide,9/30/2026,0,0,1000000,1000000,2023,2023
2020,10,Aviation,Crossfield Taxiway Reconfiguration,Aviation Capital Program,Aviation Capital Program,Citywide,9/30/2025,40810000,0,0,40810000,2021,2021
2020,10,Aviation,DAL Alternate Entry,Aviation Capital Program,Aviation Capital Program,Citywide,9/30/2026,30210000,0,0,30210000,2021,2021
2020,10,Aviation,DAL EMS Suite,Aviation Capital Program,Aviation Capital Program,Citywide,9/30/2021,1000000,0,0,1000000,2021,2021
2020,10,Aviation,DAL Replacement Fire Station,Safety/Security,Aviation Capital Program / FAA Grants,Citywide,9/30/2024,18700000,0,0,18700000,2021,2021
2020,10,Aviation,DAL Streetscape Enhancements,Aviation Capital Program,Aviation Capital Program,Citywide,9/30/2024,2000000,32000000,2500000,36500000,2021,2023
2020,10,Aviation,DAS Exterior Lighting Improvements,Aviation Capital Program,Aviation Capital Program,Citywide,9/30/2022,0,0,2000000,2000000,2023,2023
2020,10,Aviation,DEA Extend Taxiway E,Pavement Maintenance- Construction,Aviation Capital Program,3,9/30/2025,0,0,1215000,1215000,2023,2023
2020,10,Aviation,DEA Master Plan,Aviation Capital Program,Aviation Capital Program,3,9/30/2024,0,0,325000,325000,2023,2023
2020,10,Aviation,DEA Streetscape Enhancements,Aviation Capital Program,Aviation Capital Program,3,9/30/2024,0,0,5170000,5170000,2023,2023
2020,10,Aviation,DEA Taxiway B,Pavement Maintenance- Construction,Aviation Capital Program,3,9/30/2024,0,0,1065000,1065000,2023,2023
2020,10,Aviation,DEA Taxiway J,Pavement Maintenance- Construction,Aviation Capital Program,3,9/30/2023,0,0,415000,415000,2023,2023
2020,10,Aviation,DEA West Development Payback,Aviation Capital Program,Aviation Capital Program,3,9/30/2023,3500000,0,0,3500000,2021,2021
2020,10,Aviation,Elevator Upgrades,Aviation Capital Program,Aviation Capital Program,Citywide,9/30/2022,0,0,1000000,1000000,2023,2023
2020,10,Aviation,Love Field Major Maintenance,Terminal,Aviation Capital Program,Citywide,9/30/2026,0,0,1000000,1000000,2023,2023
2020,10,Aviation,Misc. Taxi Lane and Apron improvements,Pavement Maintenance- Construction,Aviation Capital Program,Citywide,9/30/2024,0,2520000,23730000,26250000,2022,2023
2020,11,Aviation,Reconstruct Taxiway A (Phase 1) TWY D to RWY 31 R,Pavement Maintenance- Construction,Aviation Capital Program / FAA Grants,Citywide,9/30/2024,0,5820000,28250000,34070000,2022,2023
2020,11,Aviation,Reconstruct Taxiway M (B1 to 31R),Pavement Maintenance- Construction,Aviation Capital Program / FAA Grants,Citywide,9/30/2025,0,3500000,0,3500000,2022,2022
2020,11,Aviation,Rehabilitate Taxiway C Phase 2,Pavement Maintenance- Construction,Aviation Capital Program / FAA Grants,Citywide,9/30/2024,0,12540000,0,12540000,2022,2022
2020,15,City Facilities,City Hall,City and Municipal Court Facilities,2017 Bonds,2,10/31/2022,75000,603750,1868228,2546978,2021,2023
2020,15,City Facilities,Electrical Panel Replacement at 37 Facilities,City and Municipal Court Facilities,2017 Bonds,Citywide,1/1/2021,144896,0,0,144896,2021,2021
2020,15,City Facilities,Fire Station #46,Fire Protection Facilities,2017 Bonds,3,3/15/2021,663382,0,0,663382,2021,2021
2020,15,City Facilities,Fire Station #36,Fire Protection Facilities,2017 Bonds,6,10/31/2022,719916,2160199,2183646,5063761,2021,2023
2020,15,City Facilities,Fleet Replacement,Fleet Replacement,Other GO CIP - Non-Debt,Citywide,Ongoing,20000000,0,0,20000000,2021,2021
2020,15,City Facilities,Future Fire Station Jim Miller - Loop 12,Fire Protection Facilities,2017 Bonds,8,5/31/2021,776901,0,0,776901,2021,2021
2020,15,City Facilities,Homeless Assistance Facilities,Housing Services,2017 Bonds,Citywide,9/30/2023,2989185,2989185,3021630,9000000,2021,2023
2020,15,City Facilities,Major Maintenance and Repairs FY21 - BSD,Major Maintenance,Other GO CIP - Non-Debt,Citywide,Ongoing,8000000,8500000,8500000,25000000,2021,2023
2020,15,City Facilities,Master Lease,Fleet Replacement,Other GO CIP - Non-Debt,Citywide,Ongoing,25000000,25000000,0,50000000,2021,2022
2020,15,City Facilities,Oak Cliff Municipal Center,City and Municipal Court Facilities,2017 Bonds,1,10/31/2022,535132,600000,864868,2000000,2021,2023
2020,15,City Facilities,Storage Facility,City and Municipal Court Facilities,2017 Bonds,10,3/31/2021,325000,0,0,325000,2021,2021
2020,15,City Facilities,Unspecified ADA Improvements,City and Municipal Court Facilities,2017 Bonds,Citywide,10/31/2021,1118319,1500000,0,2618319,2021,2022
2020,15,City Facilities,West Dallas Multipurpose Center,City and Municipal Court Facilities,2017 Bonds,6,3/31/2021,505403,0,0,505403,2021,2021
2020,19,Convention And Event Services,Convention Center Facility Improvements,Convention Center Improvement,Convention Center Capital Program,2,Ongoing,0,1000000,1000000,2000000,2022,2023
2020,19,Convention And Event Services,Convention Center Master Plan,Convention Center Improvement,Convention Center Capital Program,2,4/30/2021,0,1000000,1200000,2200000,2022,2023
2020,19,Convention And Event Services,Convention Facility Elevator/Escalator Improvement Project,Convention Center Improvement,Convention Center Capital Program,2,9/30/2024,0,1000000,1000000,2000000,2022,2023
2020,19,Convention And Event Services,EBJ Union Station,Convention Center Improvement,Convention Center Capital Program,2,Ongoing,0,300000,300000,600000,2022,2023
2020,19,Convention And Event Services,F Hall Roof Replacement,Convention Center Improvement,Convention Center Capital Program,2,9/30/2022,0,800000,0,800000,2022,2022
2020,19,Convention And Event Services,Facility Security (Camera Maintenance Contract),Convention Center Improvement,Convention Center Capital Program,2,Ongoing,0,218096,218096,436192,2022,2023
2020,19,Convention And Event Services,Fire Sprinkler Pipe Replacement,Convention Center Improvement,Convention Center Capital Program,2,Ongoing,0,150000,346469,496469,2022,2023
2020,19,Convention And Event Services,Flatwork around Facility,Convention Center Improvement,Convention Center Capital Program,2,Ongoing,0,50000,100000,150000,2022,2023
2020,19,Convention And Event Services,JOC Projects,Convention Center Improvement,Convention Center Capital Program,2,8/28/2021,0,1375000,1718750,3093750,2022,2023
2020,19,Convention And Event Services,KBHCCD Water Infiltration Project,Convention Center Improvement,Convention Center Capital Program,2,N/A,0,1388641,1000000,2388641,2022,2023
2020,19,Convention And Event Services,Restroom Modernization and Accessibility Improvements,Convention Center Improvement,Convention Center Capital Program,2,9/30/2021,0,1000000,1000000,2000000,2022,2023
2020,19,Convention And Event Services,Spectra Projects,Convention Center Improvement,Convention Center Capital Program,2,Ongoing,0,2428666,2877088,5305754,2022,2023
2020,19,Convention And Event Services,TBAAL Capital Improvements,Convention Center Improvement,Convention Center Capital Program,2,Ongoing,0,720135,720135,1440270,2022,2023
2020,19,Convention And Event Services,War Memorial Repairs,Convention Center Improvement,Convention Center Capital Program,2,9/30/2022,0,50000,0,50000,2022,2022
2020,29,Economic Development,ADOLPHUS TOWER PROJECT,City Center Tax Increment Financing District,Other GO CIP - Non-Debt,14,12/31/2020,11000,2035360,190245,2236605,2021,2023
2020,29,Economic Development,Bishop Arts Station Project,Oak Cliff Gateway Tax Increment Financing District,Other GO CIP - Non-Debt,1,12/31/2018,2539964,2640464,1209689,6390117,2021,2023
2020,29,Economic Development,Cabana Hotel 899 N. Stemmons,Design District Tax Increment Financing District,Other GO CIP - Non-Debt,6,12/31/2025,0,12426579,2573421,15000000,2022,2023
2020,29,Economic Development,Cedars Branch Bridge,Southwestern Medical Tax Increment Financing District,Other GO CIP - Non-Debt,2,12/31/2023,0,826500,0,826500,2022,2022
2020,29,Economic Development,Cedars Branch Town Homes,Southwestern Medical Tax Increment Financing District,Other GO CIP - Non-Debt,2,12/31/2027,1000000,0,0,1000000,2021,2021
2020,29,Economic Development,Cedars Tax Increment,Cedars Tax Increment Financing District,Other GO CIP - Non-Debt,2,12/31/2022,1315647,2024617,0,3340264,2021,2022
2020,29,Economic Development,City Center Tax Increment,City Center Tax Increment Financing District,Other GO CIP - Non-Debt,"2,14",12/31/2038,2584941,2704605,7950489,13240035,2021,2023
2020,29,Economic Development,City Center TIF District Fund - (Corgan Crescent),City Center Tax Increment Financing District,Other GO CIP - Non-Debt,"2,14",12/31/2019,253659,348419,0,602078,2021,2022
2020,29,Economic Development,Community Garden & Futsal Field,Farmers Market Tax Increment Financing District,Other GO CIP - Non-Debt,2,12/31/2018,0,229735,360153,589888,2022,2023
2020,29,Economic Development,Continental Bldg Increment Repayment,Downtown Connection Tax Increment Financing District,Other GO CIP - Non-Debt,14,12/31/2013,150196,150196,150196,450588,2021,2023
2020,29,Economic Development,Continental Gin Redevelopment Project,Deep Ellum Tax Increment Financing District,Other GO CIP - Non-Debt,2,12/31/2024,3000000,0,0,3000000,2021,2021
2020,29,Economic Development,Cypress Waters Phase II Development,Cypress Waters Tax Increment Financing District,Other GO CIP - Non-Debt,6,12/31/2015,4414667,2104728,0,6519395,2021,2022
2020,29,Economic Development,Cypress Waters Repayment of Advances,Cypress Waters Tax Increment Financing District,Other GO CIP - Non-Debt,6,12/31/2041,0,0,181607,181607,2023,2023
2020,29,Economic Development,Dallas Heritage Village,Cedars Tax Increment Financing District,Other GO CIP - Non-Debt,2,12/31/2021,650000,0,0,650000,2021,2021
2020,29,Economic Development,Davis St Between Hampton - Montclaire Public Improvement,Davis Garden Tax Increment Financing District,Other GO CIP - Non-Debt,"1,3",12/31/2011,39418,0,0,39418,2021,2021
2020,29,Economic Development,Debt Service Transfer to PPPF (Red Bird Mall Redev Project),Mall Area Redevelopment TIF District,Other GO CIP - Non-Debt,8,12/31/2033,48000,50000,50000,148000,2021,2023
2020,29,Economic Development,Deep Ellum Repay Dev Adv,Deep Ellum Tax Increment Financing District,Other GO CIP - Non-Debt,"2,7,14",12/31/2027,0,4694375,4835207,9529582,2022,2023
2020,29,Economic Development,Design District TIF - Repayment of Advances,Design District Tax Increment Financing District,Other GO CIP - Non-Debt,"2,6",12/31/2028,7287312,0,6109277,13396589,2021,2023
2020,29,Economic Development,DISD – Hogg Elementary,Oak Cliff Gateway Tax Increment Financing District,Other GO CIP - Non-Debt,1,12/31/2023,785000,0,0,785000,2021,2021
2020,29,Economic Development,Economic Development-ECO,Capital Budget,2017 Bonds,Citywide,9/30/2023,7828874,4828874,4881287,17539035,2021,2023
2020,"29, 30",Economic Development,Farmers Mkt Tax Increment,Farmers Market Tax Increment Financing District,Other GO CIP - Non-Debt,2,12/31/2028,0,571408,3255578,3826986,2022,2023
2020,30,Economic Development,Fire Station 58,Cypress Waters Tax Increment Financing District,Other GO CIP - Non-Debt,6,6/30/2022,0,3400000,5300000,8700000,2022,2023
2020,30,Economic Development,FM Mixed-Use Development,Farmers Market Tax Increment Financing District,Other GO CIP - Non-Debt,2,11/30/2017,2423198,0,0,2423198,2021,2021
2020,30,Economic Development,Fort Worth Ave. - Repayment of Advances,Fort Worth Avenue Tax Increment Financing District,Other GO CIP - Non-Debt,"1,6",12/31/2029,2794867,2878713,2965075,8638655,2021,2023
2020,30,Economic Development,FY20 DWU Fee for Unserved Areas,Water Service to the Unserved,Other GO CIP- Non-Debt,Citywide,Ongoing,2871027,2980910,2980910,8832847,2021,2023
2020,30,Economic Development,Grand Park South - Repayment of Advances,Grand Park South Tax Increment Financing District,Other GO CIP - Non-Debt,7,12/31/2035,216384,222876,229563,668823,2021,2023
2020,30,Economic Development,Housing Transfer Unit,Housing,2017 Bonds,Citywide,Ongoing,1828874,4828874,4881287,11539035,2021,2023
2020,30,Economic Development,IH 30 frontage road (Construction) Project,Davis Garden Tax Increment Financing District,Other GO CIP - Non-Debt,3,12/31/2013,10089,426254,3030938,3467281,2021,2023
2020,30,Economic Development,Imp at 32 Pinnacle Park Blvd (Taylors Farm),Davis Garden Tax Increment Financing District,Other GO CIP - Non-Debt,"1,3",12/31/2011,471140,0,0,471140,2021,2021
2020,30,Economic Development,Improvement at 1214 W. Davis & 1215 West 7th (Kessler Theater),Davis Garden Tax Increment Financing District,Other GO CIP - Non-Debt,3,12/31/2015,139643,0,0,139643,2021,2021
2020,30,Economic Development,INCAP I-30 Frontage Road Project (Design),Davis Garden Tax Increment Financing District,Other GO CIP - Non-Debt,3,12/31/2012,436343,0,0,436343,2021,2021
2020,30,Economic Development,Mall Area Redevelopment TIF Increment,Mall Area Redevelopment TIF District,Other GO CIP - Non-Debt,"8,11",12/31/2044,500341,531242,566117,1597700,2021,2023
2020,30,Economic Development,Maple-Mockingbird - Repayment of Advances,Maple-Mockingbird Tax Increment Financing District,Other GO CIP - Non-Debt,2,12/31/2033,4162364,4287235,4415853,12865452,2021,2023
2020,30,Economic Development,Mid Elm Lofts Project,City Center Tax Increment Financing District,Other GO CIP - Non-Debt,14,12/31/2018,1067784,2804358,0,3872142,2021,2022
2020,30,Economic Development,North Parking Garage Project,Sports Arena Tax Increment Financing District,Other GO CIP - Non-Debt,2,12/31/2028,1993035,1993035,3986071,7972141,2021,2023
2020,30,Economic Development,Oak Cliff Gateway Tax Increment,Oak Cliff Gateway Tax Increment Financing District,Other GO CIP - Non-Debt,1,12/31/2045,884078,1989483,3883253,6756814,2021,2023
2020,30,Economic Development,Olympic Redevelopment Project,Downtown Connection Tax Increment Financing District,Other GO CIP - Non-Debt,14,12/31/2020,22451361,13254271,13671536,49377168,2021,2023
2020,30,Economic Development,Open Space Public Improvements at 888 Stevens Hills Lane (Twelve Hills Nature Center),Davis Garden Tax Increment Financing District,Other GO CIP - Non-Debt,"1,3",12/31/2010,118820,0,0,118820,2021,2021
2020,30,Economic Development,Project Food Access,Capital Budget,2006 Bonds,Citywide,9/30/2023,1400000,0,0,1400000,2021,2021
2020,30,Economic Development,Public Private Partnership,Public-Private Partnership Program,Other GO CIP - Non-Debt,Citywide,Ongoing,7750000,7750000,7750000,23250000,2021,2023
2020,30,Economic Development,RISD Public Improvement Reimbursement,Skillman Corridor Tax Increment Financing District,Other GO CIP - Non-Debt,10,9/30/2007,519731,609508,683946,1813185,2021,2023
2020,30,Economic Development,Saint Elm Hotel - Corrigan Tower,Downtown Connection Tax,Other GO CIP - Non-Debt,14,12/31/2018,149566,149566,149566,448698,2021,2023
2020,31,Economic Development,Skillman Corridor TIF - Repayment of Advances,Skillman Corridor Tax Increment Financing District,Other GO CIP - Non-Debt,"9,10,13,1 4",12/31/2036,4282086,4463564,4541319,13286969,2021,2023
2020,31,Economic Development,Skillman Corridor TIF District Fund,Skillman Corridor Tax Increment Financing District,Other GO CIP - Non-Debt,"9,10,13,1 4",12/31/2036,123495,0,0,123495,2021,2021
2020,31,Economic Development,Southwestern Medical TIF - Repayment of Advances,Southwestern Medical Tax Increment Financing District,Other GO CIP - Non-Debt,2,12/31/2027,791083,1018316,1900161,3709560,2021,2023
2020,31,Economic Development,Sports Arena Increment,Sports Arena Tax Increment Financing District,Other GO CIP - Non-Debt,"2,6,14",12/31/2043,6758778,8216815,6345530,21321123,2021,2023
2020,31,Economic Development,"Stack Deep Ellum 2700, 2712, 2718, Commerce",Deep Ellum Tax Increment Financing District,Other GO CIP - Non-Debt,2,12/31/2022,2576125,0,0,2576125,2021,2021
2020,31,Economic Development,Statler-Library Jackson-ST Redev.,Downtown Connection Tax Increment Financing District,Other GO CIP - Non-Debt,14,12/31/2018,542923,542923,542923,1628769,2021,2023
2020,31,Economic Development,Stoneleigh Hotel [2927 Maple Ave],Downtown Connection Tax Increment Financing District,Other GO CIP - Non-Debt,14,12/31/2008,195812,195812,43705,435329,2021,2023
2020,31,Economic Development,Streetcar Project- North Oak Cliff Streetcar System,Davis Garden Tax Increment Financing District,Other GO CIP - Non-Debt,"1,3",12/31/2022,828120,2015485,156395,3000000,2021,2023
2020,31,Economic Development,Thanksgiving Tower Renovation,City Center Tax Increment Financing District,Other GO CIP - Non-Debt,14,4/29/2016,3612737,0,0,3612737,2021,2021
2020,31,Economic Development,TOD - TIF,Transit-Oriented Development [TOD] Tax Increment Financing D,Other GO CIP - Non-Debt,"2, 3, 4, 8, 14",12/31/2039,4394913,2837056,2978909,10210878,2021,2023
2020,31,Economic Development,Trinity Groves Mixed-Use Project,Sports Arena Tax Increment Financing District,Other GO CIP - Non-Debt,6,6/1/2018,2279624,3319453,3333684,8932761,2021,2023
2020,31,Economic Development,University TIF District-Increment,University Tax Increment Financing District,Other GO CIP - Non-Debt,"8,12",12/31/2047,795667,819538,844125,2459330,2021,2023
2020,31,Economic Development,Vickery Meadow TIF - Repayment of Advances,Vickery Meadow Tax Increment Financing District,Other GO CIP - Non-Debt,13,6/30/2028,3020837,3171879,3330473,9523189,2021,2023
2020,31,Economic Development,Victory South Parking Garage Imp,Sports Arena Tax Increment Financing District,Other GO CIP - Non-Debt,2,12/31/2028,855000,855000,1710000,3420000,2021,2023
2020,31,Economic Development,Victory SU-District Retail,Sports Arena Tax Increment Financing District,Other GO CIP - Non-Debt,2,6/30/2019,1166666,1166666,0,2333332,2021,2022
2020,31,Economic Development,Virgin Hotel Project,Design District Tax Increment Financing District,Other GO CIP - Non-Debt,6,12/31/2023,896962,0,0,896962,2021,2021
2020,35,Flood Protection And Storm Drainage,Abshire Lane,Stormwater Drainage Management,2017 Bonds,7,6/15/2022,0,828028,0,828028,2022,2022
2020,35,Flood Protection And Storm Drainage,"Acres/Grady Detention Basins 1 & 2, Dredging",Storm Drainage Relief System,Other GO CIP - Non-Debt,5,5/31/2021,0,1076320,0,1076320,2022,2022
2020,35,Flood Protection And Storm Drainage,"Alderson, 3700",Stormwater Drainage Management,2017 Bonds,14,10/11/2022,1003000,0,0,1003000,2021,2021
2020,35,Flood Protection And Storm Drainage,Anderson Ave @ Goodman,Storm Drainage Relief System,Other GO CIP - Non-Debt,-,-,0,27600,0,27600,2022,2022
2020,35,Flood Protection And Storm Drainage,Ash Creek - S Fork Channel Imprv at John West,Storm Drainage Relief System,Other GO CIP - Non-Debt,1,-,0,243500,0,243500,2022,2022
2020,35,Flood Protection And Storm Drainage,"Baymar Lane, 6201",Erosion Control,2017 Bonds,12,6/28/2022,172370,0,0,172370,2021,2021
2020,35,Flood Protection And Storm Drainage,Beckley @ Coombs Creek Drainage Study,Storm Drainage Relief System,Other GO CIP - Non-Debt,12,5/31/2021,0,125000,0,125000,2022,2022
2020,35,Flood Protection And Storm Drainage,"Bent Creek Detention Basin, Dredging",Storm Drainage Relief System,Other GO CIP - Non-Debt,1,6/28/2022,0,86800,0,86800,2022,2022
2020,35,Flood Protection And Storm Drainage,"Betty Jane, 10225",Erosion Control,2017 Bonds,13,6/28/2022,0,197000,0,197000,2022,2022
2020,35,Flood Protection And Storm Drainage,Bonnie View over Five Mile Creek,Stormwater Drainage Management,2017 Bonds,8,8/2/2022,100000,455096,0,555096,2021,2022
2020,35,Flood Protection And Storm Drainage,"Brittania Way, 8470- 8506, Erosion Control Pilot",Erosion Control,2017 Bonds,10,6/28/2022,232719,0,0,232719,2021,2021
2020,35,Flood Protection And Storm Drainage,Brookshire Dr From Orchid Ln To Brookshire Cir,Stormwater Drainage Management,Other GO CIP - Non-Debt,11,8/20/2023,0,0,2300000,2300000,2023,2023
2020,35,Flood Protection And Storm Drainage,"Brushy Creek Trail, 5719",Erosion Control,2017 Bonds,12,6/28/2022,271612,0,0,271612,2021,2021
2020,35,Flood Protection And Storm Drainage,Cedar Creek Bridge @ Clarendon,Storm Drainage Relief System,Other GO CIP - Non-Debt,-,-,0,281000,0,281000,2022,2022
2020,35,Flood Protection And Storm Drainage,Cedar Creek Bridge @ Moore,Storm Drainage Relief System,Other GO CIP - Non-Debt,-,-,0,147600,0,147600,2022,2022
2020,35,Flood Protection And Storm Drainage,Chalkhill Branch - I30/Loop 12 Interchange,Stormwater Drainage Management,2017 Bonds,6,10/11/2022,688592,0,0,688592,2021,2021
2020,36,Flood Protection And Storm Drainage,Channel - Major Maintenance,Stormwater Drainage Management,Other GO CIP - Non-Debt,Citywide,9/30/2024,0,200000,250000,450000,2022,2023
2020,36,Flood Protection And Storm Drainage,"Claren Court 7106, 7110, 7114",Erosion Control,2017 Bonds,12,6/28/2022,149076,0,0,149076,2021,2021
2020,36,Flood Protection And Storm Drainage,Clearbrook Lane 10500 Blk,Erosion Control,2017 Bonds,9,5/15/2020,129259,0,0,129259,2021,2021
2020,36,Flood Protection And Storm Drainage,"Clubcreek Circle 8903, 8907, 8911",Erosion Control,2017 Bonds,10,6/28/2022,100000,656172,0,756172,2021,2022
2020,36,Flood Protection And Storm Drainage,Coombs Creek - Hampton to Davis [coordinate with adjacent trail],Erosion Control,2017 Bonds,1,5/10/2022,525000,0,0,525000,2021,2021
2020,36,Flood Protection And Storm Drainage,Council District 10,Flood Management,2017 Bonds,7,10/3/2023,0,1000000,0,1000000,2022,2022
2020,36,Flood Protection And Storm Drainage,Country Brook Pond Improvements,Stormwater Drainage Management,2017 Bonds,13,7/15/2022,91144,0,0,91144,2021,2021
2020,36,Flood Protection And Storm Drainage,Creek Bend Road 7028,Stormwater Drainage Management,2017 Bonds,Citywide,TBD,73515,0,0,73515,2021,2021
2020,36,Flood Protection And Storm Drainage,Cypress Branch @ Jennie Lee,Stormwater Drainage Management,2017 Bonds,7,10/3/2023,164700,0,18300,183000,2021,2023
2020,36,Flood Protection And Storm Drainage,"Deep Hill Circle 2625, 2641, 2663, 2667, 2687, 2691",Stormwater Drainage Management,2017 Bonds,3,5/10/2022,97120,1091140,0,1188260,2021,2022
2020,36,Flood Protection And Storm Drainage,Dredge Maintenance,Storm Drainage Relief System,Other GO CIP - Non-Debt,Citywide,N/A,0,200000,200000,400000,2022,2023
2020,36,Flood Protection And Storm Drainage,"El Cerrito Storm Drainage, 2470",Stormwater Drainage Management,2017 Bonds,7,8/2/2022,170218,0,0,170218,2021,2021
2020,36,Flood Protection And Storm Drainage,"El Cerrito, 2420, 2460, 2522",Stormwater Drainage Management,2017 Bonds,7,12/31/2021,446148,0,0,446148,2021,2021
2020,36,Flood Protection And Storm Drainage,Elam Creek Voluntary Purchase (1 home),Stormwater Drainage Management,Other GO CIP - Non-Debt,5,10/1/2021,146050,0,0,146050,2021,2021
2020,36,Flood Protection And Storm Drainage,Emergency Pipe Repairs - Major Maint. of collapsed pipe in critical areas,Stormwater Drainage Management,Other GO CIP - Non-Debt,Citywide,10/1/2024,250000,250000,250000,750000,2021,2023
2020,36,Flood Protection And Storm Drainage,"Fair Oaks Crossing, 8555",Storm Drainage Relief System,Other GO CIP - Non-Debt,10,-,42000,0,238000,280000,2021,2023
2020,36,Flood Protection And Storm Drainage,"Fair Oaks Detention Basin, Dredging",Storm Drainage Relief System,Other GO CIP - Non-Debt,13,5/31/2021,0,691840,0,691840,2022,2022
2020,36,Flood Protection And Storm Drainage,Flood Management Area - Major Maintenance,Stormwater Drainage Management,Other GO CIP - Non-Debt,Citywide,9/30/2024,250000,250000,250000,750000,2021,2023
2020,36,Flood Protection And Storm Drainage,Forest Ridge 9700 Block-Chiswell 9600 Block,Stormwater Drainage Management,2017 Bonds,5,5/10/2022,200000,1322245,0,1522245,2021,2022
2020,36,Flood Protection And Storm Drainage,Fort Worth Avenue @ Vilbig,Stormwater Drainage Management,2017 Bonds,6,10/11/2022,169484,0,0,169484,2021,2021
2020,36,Flood Protection And Storm Drainage,"Fox Hollow Lake, Dredging",Storm Drainage Relief System,Other GO CIP - Non-Debt,3,5/31/2021,0,106764,0,106764,2022,2022
2020,37,Flood Protection And Storm Drainage,Gabion - Major Maintenance,Stormwater Drainage Management,Other GO CIP - Non-Debt,Citywide,9/30/2024,250000,250000,200000,700000,2021,2023
2020,37,Flood Protection And Storm Drainage,Gifford-Roanoke Area Relief System - Phase II/Brookhollow Bridge,Stormwater Drainage Management,2017 Bonds,2,10/11/2022,0,1450580,0,1450580,2022,2022
2020,37,Flood Protection And Storm Drainage,"Greendale 1721, 1716",Stormwater Drainage Management,2017 Bonds,5,10/3/2023,50000,0,55000,105000,2021,2023
2020,37,Flood Protection And Storm Drainage,Greenspan - Kirnwood Area,Stormwater Drainage Management,2017 Bonds,8,8/2/2022,0,455802,0,455802,2022,2022
2020,37,Flood Protection And Storm Drainage,Guildhall-McCree Storm Drainage Relief System,Stormwater Drainage Management,Other GO CIP - Non-Debt,"10, Citywide",9/6/2022,426140,0,0,426140,2021,2021
2020,37,Flood Protection And Storm Drainage,Hampton Gate,Stormwater Drainage Management,2017 Bonds,6,9/15/2022,0,21279,478721,500000,2022,2023
2020,37,Flood Protection And Storm Drainage,Hatfield Branch @ Seagoville Channel improvements,Stormwater Drainage Management,2017 Bonds,5,10/3/2023,200000,0,287000,487000,2021,2023
2020,37,Flood Protection And Storm Drainage,Hearne @ Commerce,Stormwater Drainage Management,2017 Bonds,6,10/11/2022,209512,0,0,209512,2021,2021
2020,37,Flood Protection And Storm Drainage,Highgrove Area Drainage Relief System,Storm Drainage Relief System,Other GO CIP - Non-Debt,6,5/31/2021,0,415500,0,415500,2022,2022
2020,37,Flood Protection And Storm Drainage,"Highland Road, 2447",Stormwater Drainage Management,2017 Bonds,7,10/3/2023,75000,0,120000,195000,2021,2023
2020,37,Flood Protection And Storm Drainage,"Hillside Drive, 3604",Erosion Control,2017 Bonds,9,5/15/2020,129351,0,0,129351,2021,2021
2020,37,Flood Protection And Storm Drainage,"Holliday, 3445, 3449, 3605, 3621",Storm Drainage Relief System,Other GO CIP - Non-Debt,Citywide,-,0,109133,0,109133,2022,2022
2020,37,Flood Protection And Storm Drainage,"Hollow Ridge, 4804",Stormwater Drainage Management,2017 Bonds,7,10/3/2023,165000,0,185000,350000,2021,2023
2020,37,Flood Protection And Storm Drainage,"Homer Street, 3215",Stormwater Drainage Management,2017 Bonds,14,10/11/2022,121800,0,0,121800,2021,2021
2020,37,Flood Protection And Storm Drainage,Hughes Lane - Kalani Place,Stormwater Drainage Management,2017 Bonds,10,5/10/2022,713396,0,0,713396,2021,2021
2020,37,Flood Protection And Storm Drainage,Joe's Creek - TXU ROW and 3900 Block Vinecrest,Erosion Control,2017 Bonds,13,6/28/2022,301783,0,0,301783,2021,2021
2020,37,Flood Protection And Storm Drainage,Joe's Creek West Fork Bridge @ Walnut Hill,Stormwater Drainage Management,2017 Bonds,6,10/3/2023,275000,0,195000,470000,2021,2023
2020,37,Flood Protection And Storm Drainage,Junius Street @Baylor University Medical Center,Stormwater Drainage Management,2017 Bonds,2,10/11/2022,720671,0,0,720671,2021,2021
2020,37,Flood Protection And Storm Drainage,"Keeton Park Lake, Dredging",Storm Drainage Relief System,Other GO CIP - Non-Debt,-,-,0,671832,0,671832,2022,2022
2020,37,Flood Protection And Storm Drainage,Kiest Boulevard W. 2901,Stormwater Drainage Management,Other GO CIP - Non-Debt,3,6/28/2022,0,50400,0,50400,2022,2022
2020,37,Flood Protection And Storm Drainage,"Kiest, 2412",Stormwater Drainage Management,Other GO CIP - Non-Debt,-,-,0,50400,0,50400,2022,2022
2020,38,Flood Protection And Storm Drainage,"Kiesthill (3407, 3411, 3431), Kiest Crest (3610), & Kiest Forest (3408, 3316)",Storm Drainage Relief System,Other GO CIP - Non-Debt,-,-,0,194880,1129120,1324000,2022,2023
2020,38,Flood Protection And Storm Drainage,Kings Branch @ Genoa,Stormwater Drainage Management,2017 Bonds,4,8/2/2022,0,225625,0,225625,2022,2022
2020,38,Flood Protection And Storm Drainage,Kings Branch Culvert @ Denley,Stormwater Drainage Management,2017 Bonds,4,6/15/2022,0,417825,0,417825,2022,2022
2020,38,Flood Protection And Storm Drainage,Kings Branch Culvert @ Edgemont,Stormwater Drainage Management,2017 Bonds,4,8/22/2022,0,150104,0,150104,2022,2022
2020,38,Flood Protection And Storm Drainage,Kings Branch Culvert @ Georgia,Stormwater Drainage Management,2017 Bonds,4,8/2/2022,0,173432,0,173432,2022,2022
2020,38,Flood Protection And Storm Drainage,Kings Branch Culvert @ Louisiana,Stormwater Drainage Management,2017 Bonds,4,8/2/2022,0,321040,0,321040,2022,2022
2020,38,Flood Protection And Storm Drainage,Kings Branch Culvert @ Stella,Stormwater Drainage Management,2017 Bonds,4,8/2/2022,0,164852,0,164852,2022,2022
2020,38,Flood Protection And Storm Drainage,Kings Branch Culvert @ Woodin,Stormwater Drainage Management,2017 Bonds,4,6/15/2022,0,184018,0,184018,2022,2022
2020,38,Flood Protection And Storm Drainage,"Lake Highlands Town Center, Dredge Project",Stormwater Drainage Management,2017 Bonds,5,9/30/2018,664043,0,0,664043,2021,2021
2020,38,Flood Protection And Storm Drainage,Lake June @ St. Augustine,Stormwater Drainage Management,2017 Bonds,5,10/3/2023,200000,0,521000,721000,2021,2023
2020,38,Flood Protection And Storm Drainage,"Leeshire, 2921",Storm Drainage Relief System,Other GO CIP - Non-Debt,-,-,0,42000,0,42000,2022,2022
2020,38,Flood Protection And Storm Drainage,Lisbon Area C,Stormwater Drainage Management,Other GO CIP - Non-Debt,4,9/6/2022,889750,481487,0,1371237,2021,2022
2020,38,Flood Protection And Storm Drainage,"Lively Lane, 3808",Stormwater Drainage Management,2017 Bonds,6,10/3/2023,64000,0,16000,80000,2021,2023
2020,38,Flood Protection And Storm Drainage,Loganwood 3602,Stormwater Drainage Management,2017 Bonds,5,10/3/2023,100000,0,156000,256000,2021,2023
2020,38,Flood Protection And Storm Drainage,Master Plans / Floodplain Management Studies,Stormwater Drainage Management,Other GO CIP - Non-Debt,-,-,0,1040000,0,1040000,2022,2022
2020,38,Flood Protection And Storm Drainage,McCommas Branch FPMS Alt 4,Stormwater Drainage Management,Other GO CIP - Non-Debt,14,10/1/2024,0,550000,3119500,3669500,2022,2023
2020,38,Flood Protection And Storm Drainage,"Meadowcliff 10720, 10726",Erosion Control,2017 Bonds,10,5/10/2022,16216,0,0,16216,2021,2021
2020,38,Flood Protection And Storm Drainage,Meandering Way 16209,Stormwater Drainage Management,2017 Bonds,N/A,12/31/2021,65848,0,0,65848,2021,2021
2020,38,Flood Protection And Storm Drainage,"Mercer Place, 9056",Storm Drainage Relief System,Other GO CIP - Non-Debt,-,-,0,21000,119000,140000,2022,2023
2020,38,Flood Protection And Storm Drainage,Milverton @ Palisade,Stormwater Drainage Management,2017 Bonds,5,10/3/2023,150000,0,720000,870000,2021,2023
2020,38,Flood Protection And Storm Drainage,Morning Dew Circle 3844 (RL Area 39),Stormwater Drainage Management,2017 Bonds,4,4/15/2022,0,117200,0,117200,2022,2022
2020,39,Flood Protection And Storm Drainage,"Munger, 1300, 1301",Stormwater Drainage Management,2017 Bonds,"2,14",10/11/2022,68287,0,0,68287,2021,2021
2020,39,Flood Protection And Storm Drainage,Nandina - Pine Trail Area,Stormwater Drainage Management,2017 Bonds,8,6/15/2022,0,806293,0,806293,2022,2022
2020,39,Flood Protection And Storm Drainage,"Nedra Way, 15821, 15827",Erosion Control,2017 Bonds,12,6/28/2022,124973,0,0,124973,2021,2021
2020,39,Flood Protection And Storm Drainage,Oates Drive 1407,Erosion Control,2017 Bonds,9,6/28/2022,163846,0,0,163846,2021,2021
2020,39,Flood Protection And Storm Drainage,"Pandora Circle, 13344",Storm Drainage Relief System,Other GO CIP - Non-Debt,12,8/2/2022,0,42000,238000,280000,2022,2023
2020,39,Flood Protection And Storm Drainage,Parkdale Bridge - White Rock Creek Tributary,Stormwater Drainage Management,2017 Bonds,7,N/A,0,0,97000,97000,2023,2023
2020,39,Flood Protection And Storm Drainage,Parrish Branch Culvert @ Wheatland Rd.,Stormwater Drainage Management,Other GO CIP - Non-Debt,8,11/10/2022,0,0,217764,217764,2023,2023
2020,39,Flood Protection And Storm Drainage,Pensive Drive Channel/Walnut Hill Relief System,Stormwater Drainage Management,Other GO CIP - Non-Debt,"6,13, Citywide",9/6/2022,9958949,0,0,9958949,2021,2021
2020,39,Flood Protection And Storm Drainage,Pleasant Branch Tonawanda to Bruton,Stormwater Drainage Management,Other GO CIP - Non-Debt,-,-,0,2477702,0,2477702,2022,2022
2020,39,Flood Protection And Storm Drainage,Polk Street 3425 (RL Area 38),Stormwater Drainage Management,Other GO CIP - Non-Debt,3,10/1/2023,440000,0,0,440000,2021,2021
2020,39,Flood Protection And Storm Drainage,Prairie Creek Channel & Bridge Improvement @ 175,Stormwater Drainage Management,2017 Bonds,5,10/3/2023,300000,0,917000,1217000,2021,2023
2020,39,Flood Protection And Storm Drainage,Prairie Oak Drive 9321 (RL Area 33),Stormwater Drainage Management,2017 Bonds,5,10/3/2023,125000,0,300000,425000,2021,2023
2020,39,Flood Protection And Storm Drainage,"Preston Bend Drive, 17110",Storm Drainage Relief System,Other GO CIP - Non-Debt,13,-,0,67200,492800,560000,2022,2023
2020,39,Flood Protection And Storm Drainage,"Preston Hollow Channel, Phases 1& 2, Desco",Stormwater Drainage Management,2017 Bonds,13,10/3/2023,250000,0,1609000,1859000,2021,2023
2020,39,Flood Protection And Storm Drainage,Pruitt Branch Tributary Culvert Imprv @ Kingsfield,Stormwater Drainage Management,2017 Bonds,8,8/2/2022,0,364315,0,364315,2022,2022
2020,39,Flood Protection And Storm Drainage,Public Erosion control,Stormwater Drainage Management,2017 Bonds,Citywide,12/31/2021,0,310000,0,310000,2022,2022
2020,39,Flood Protection And Storm Drainage,Red Bird Branch Culvert @ Red Bird Lane,Storm Drainage Relief System,Other GO CIP - Non-Debt,9,-,0,270000,2430000,2700000,2022,2023
2020,39,Flood Protection And Storm Drainage,Rexford Drive @ Shorecrest Drive,Stormwater Drainage Management,2017 Bonds,5,5/10/2022,149523,0,0,149523,2021,2021
2020,39,Flood Protection And Storm Drainage,"Riverhill Drive, 17418",Erosion Control,2017 Bonds,12,6/28/2022,162056,0,0,162056,2021,2021
2020,39,Flood Protection And Storm Drainage,"Royal Lane, 3162 (RL Area 7)",Stormwater Drainage Management,2017 Bonds,13,10/3/2023,98000,0,122000,220000,2021,2023
2020,39,Flood Protection And Storm Drainage,"Royal Lane, 7012",Stormwater Drainage Management,2017 Bonds,11,10/3/2023,145000,0,905000,1050000,2021,2023
2020,39,Flood Protection And Storm Drainage,Sanford Ave Relief System,Stormwater Drainage Management,Other GO CIP - Non-Debt,9,9/6/2022,0,4550140,0,4550140,2022,2022
2020,40,Flood Protection And Storm Drainage,"Shady Hollow Ct, 3300 Block & Boulder Drive",Stormwater Drainage Management,2017 Bonds,3,8/2/2022,276152,1209511,0,1485663,2021,2022
2020,40,Flood Protection And Storm Drainage,"Sinclair, 10514",Storm Drainage Relief System,Other GO CIP - Non-Debt,-,-,0,21000,119000,140000,2022,2023
2020,40,Flood Protection And Storm Drainage,Sorcey Road @ White Ash,Stormwater Drainage Management,2017 Bonds,3,10/11/2022,34025,0,0,34025,2021,2021
2020,40,Flood Protection And Storm Drainage,South Branch Culvert Louisiana,Stormwater Drainage Management,Other GO CIP - Non-Debt,1,11/10/2022,0,0,545397,545397,2023,2023
2020,40,Flood Protection And Storm Drainage,"South Lamar Ph. 2 - Pear, Mooney, Bannock Area",Storm Drainage Relief System,Other GO CIP - Non-Debt,12,5/31/2021,0,400000,0,400000,2022,2022
2020,40,Flood Protection And Storm Drainage,"Squaw Valley, 17614",Storm Drainage Relief System,Other GO CIP - Non-Debt,4,10/1/2023,0,78960,447440,526400,2022,2023
2020,40,Flood Protection And Storm Drainage,State-Thomas - Flora/Boll to Fairmont,Stormwater Drainage Management,2017 Bonds,14,10/11/2022,396000,0,0,396000,2021,2021
2020,40,Flood Protection And Storm Drainage,State-Thomas - Hallsville/Worthington,Stormwater Drainage Management,2017 Bonds,14,10/11/2022,540412,0,0,540412,2021,2021
2020,40,Flood Protection And Storm Drainage,Stedman Cir 17309 & 17315,Erosion Control,2017 Bonds,12,6/28/2022,258546,0,0,258546,2021,2021
2020,40,Flood Protection And Storm Drainage,"Summer Creek Circle 6145, 6153, 6155, 6157",Storm Drainage Relief System,Other GO CIP - Non-Debt,14,9/6/2022,0,168000,1512000,1680000,2022,2023
2020,40,Flood Protection And Storm Drainage,Teakwood Elmridge Drainage Relief,Stormwater Drainage Management,2017 Bonds,11,10/3/2023,100000,0,550000,650000,2021,2023
2020,40,Flood Protection And Storm Drainage,Throckmorton-Reagan- Drainage Improvements,Stormwater Drainage Management,Other GO CIP - Non-Debt,2,9/6/2022,828515,0,0,828515,2021,2021
2020,40,Flood Protection And Storm Drainage,"Trammel Drive, 6561",Storm Drainage Relief System,Other GO CIP - Non-Debt,11,9/6/1933,0,21000,119000,140000,2022,2023
2020,40,Flood Protection And Storm Drainage,"Tree Shadow Trail, 5910",Stormwater Drainage Management,2017 Bonds,10,6/28/2022,100000,713217,0,813217,2021,2022
2020,40,Flood Protection And Storm Drainage,Turnpike Distribution IV IH30-Commerce,Stormwater Drainage Management,2017 Bonds,6,10/11/2022,189393,0,0,189393,2021,2021
2020,40,Flood Protection And Storm Drainage,Turtle Creek - Trib 1 Culvert,Stormwater Drainage Management,2017 Bonds,Citywide,10/3/2023,0,250000,0,250000,2022,2022
2020,40,Flood Protection And Storm Drainage,Turtle Creek @ Bowen Area - Storm Drainage Relief,Storm Drainage Relief System,Other GO CIP - Non-Debt,9,6/8/2022,0,48000,0,48000,2022,2022
2020,40,Flood Protection And Storm Drainage,"Twin Lakes, Dredging",Storm Drainage Relief System,Other GO CIP - Non-Debt,4,6/8/2022,0,48000,0,48000,2022,2022
2020,40,Flood Protection And Storm Drainage,"Versailles, 3500",Stormwater Drainage Management,2017 Bonds,10,8/2/2022,183209,0,0,183209,2021,2021
2020,40,Flood Protection And Storm Drainage,"Vinemont Channel, Drainage Diversion",Stormwater Drainage Management,2017 Bonds,9,9/6/2022,0,0,5951711,5951711,2023,2023
2020,40,Flood Protection And Storm Drainage,Vinewood Drive 8725,Stormwater Drainage Management,Other GO CIP - Non-Debt,9,6/28/2022,0,48000,0,48000,2022,2022
2020,41,Flood Protection And Storm Drainage,White Rock Creek Drainage Study Update,Stormwater Drainage Management,Other GO CIP - Non-Debt,10,10/1/2024,0,48000,0,48000,2022,2022
2020,41,Flood Protection And Storm Drainage,Williamson Branch FPMS Alt 2,Stormwater Drainage Management,Other GO CIP - Non-Debt,-,-,0,0,6443153,6443153,2023,2023
2020,41,Flood Protection And Storm Drainage,Woody Branch @ S Polk St,Storm Drainage Relief System,Other GO CIP - Non-Debt,3,6/8/2022,0,659500,0,659500,2022,2022
2020,41,Flood Protection And Storm Drainage,Woody Branch Floodplain Management Study (TWM000075),Stormwater Drainage Management,Other GO CIP - Non-Debt,4,10/1/2023,0,250000,0,250000,2022,2022
2020,41,Flood Protection And Storm Drainage,Wynnewood Village Drainage Improvements,Stormwater Drainage Management,2017 Bonds,4,5/10/2022,391959,177184,0,569143,2021,2022
2020,48,Park & Recreation,ADA/Code Allowance (locations TBD),"Code Compliance, Safety and Security",2017 Bonds,Citywide,12/31/1999,25000,125000,0,150000,2021,2022
2020,48,Park & Recreation,Add Discretionary Funds [Singing Hills Rec. Ctr.[Amended],Recreation Centers,2017 Bonds,3,3/31/2020,975430,0,0,975430,2021,2021
2020,48,Park & Recreation,Anderson Bonner - Creek bank stabilization,"Code Compliance, Safety and Security",2017 Bonds,11,12/31/1999,0,70000,430000,500000,2022,2023
2020,48,Park & Recreation,Anderson Bonner - Playground - New,"Code Compliance, Safety and Security",2017 Bonds,11,12/31/1999,0,30000,190000,220000,2022,2023
2020,48,Park & Recreation,Anderson Bonner - Renovate Soccer Field #3 with lights and bleachers,"Code Compliance, Safety and Security",2017 Bonds,11,12/31/1999,0,70000,430000,500000,2022,2023
2020,48,Park & Recreation,B. B. Owen Park - Site Development,"Code Compliance, Safety and Security",2017 Bonds,10,6/20/2020,249250,0,0,249250,2021,2021
2020,48,Park & Recreation,Bachman Lake Skatepark,Site Development,2017 Bonds,6,12/31/2021,970000,3000000,0,3970000,2021,2022
2020,48,Park & Recreation,Bachman Regional Family Aquatic Center - Phase 1 (with CD 6),Aquatic Facilities,2017 Bonds,2,5/21/2021,83065,0,0,83065,2021,2021
2020,48,Park & Recreation,"Barry Barker Park - pavilion, park furnishings, ADA drinking fountain","Code Compliance, Safety and Security",2017 Bonds,12,3/31/2021,0,147738,0,147738,2022,2022
2020,48,Park & Recreation,Beckley Saner Park - Renovate backstop at 2 softball fields,Community Parks,2017 Bonds,4,12/31/2019,0,90000,0,90000,2022,2022
2020,48,Park & Recreation,Bentwood Park - tennis - add player benches; park furnishings,"Code Compliance, Safety and Security",2017 Bonds,12,12/31/2020,50000,0,0,50000,2021,2021
2020,48,Park & Recreation,"Bisbee Park - Parking lot, clearing/grubbing, and signage",Neighborhood Park Facilities,2017 Bonds,5,10/31/2022,0,0,150000,150000,2023,2023
2020,48,Park & Recreation,Bishop Flores Park - Connecting walkway to neighborhood,Neighborhood Park Facilities,2017 Bonds,6,7/31/2022,386938,0,0,386938,2021,2021
2020,48,Park & Recreation,Bitter Creek Park - Creek bank stabilization,Erosion Control,2017 Bonds,4,12/31/1999,0,0,273000,273000,2023,2023
2020,48,Park & Recreation,Bonnie View Park - Playground expansion,Playground Improvement,2017 Bonds,4,6/30/2020,115000,0,0,115000,2021,2021
2020,48,Park & Recreation,Campbell Green Park - Site Improvements,"Code Compliance, Safety and Security",2017 Bonds,12,6/21/2021,517605,0,0,517605,2021,2021
2020,48,Park & Recreation,Casa Linda Park - Basketball,"Code Compliance, Safety and Security",2017 Bonds,9,3/31/2021,35000,0,0,35000,2021,2021
2020,48,Park & Recreation,Casa Linda Park Picnic Pavilion,"Code Compliance, Safety and Security",2017 Bonds,9,3/31/2021,423800,0,0,423800,2021,2021
2020,48,Park & Recreation,Casa view Park - Walking Trail,"Code Compliance, Safety and Security",2017 Bonds,9,12/31/1999,0,0,400000,400000,2023,2023
2020,48,Park & Recreation,Centennial Building,"Code Compliance, Safety and Security",2017 Bonds,Citywide,7/31/2022,750000,0,3650000,4400000,2021,2023
2020,48,Park & Recreation,Central Square - playground replacement,Playground Improvement,2017 Bonds,14,3/30/2020,180000,0,0,180000,2021,2021
2020,48,Park & Recreation,"Churchill Recreation Center - Major Maintenance, HVAC","Code Compliance, Safety and Security",2017 Bonds,11,4/20/2020,230000,0,0,230000,2021,2021
2020,48,Park & Recreation,Circuit Trail - The LOOP (Match),Hike and Bike Trails,2017 Bonds,"2, 4, 5, 6, 7, 9",9/30/2022,9000000,0,0,9000000,2021,2021
2020,48,Park & Recreation,Coliseum,"Code Compliance, Safety and Security",2017 Bonds,Citywide,7/31/2021,3589000,0,0,3589000,2021,2021
2020,48,Park & Recreation,Community Pool Conversion Projects,Aquatic Facilities,2006 Bonds,Citywide,-,1500000,0,0,1500000,2021,2021
2020,48,Park & Recreation,Coombs Creek Trail - from Hampton/Davis to Moss Park,Hike and Bike Trails,2017 Bonds,1,3/31/2021,50000,1650000,0,1700000,2021,2022
2020,48,Park & Recreation,Cotillion Park - Security Lighting,"Code Compliance, Safety and Security",2017 Bonds,9,8/2/2019,0,0,20000,20000,2023,2023
2020,48,Park & Recreation,Cottonwood Park - Playground - Add Equipment,"Code Compliance, Safety and Security",2017 Bonds,11,6/30/2021,150000,0,0,150000,2021,2021
2020,48,Park & Recreation,Craddock Park - playground expansion,Playground Improvement,2017 Bonds,14,3/30/2020,170000,0,0,170000,2021,2021
2020,48,Park & Recreation,Crawford Memorial Park - Phase 1,Site Development,2017 Bonds,5,6/15/2022,0,5000000,2600000,7600000,2022,2023
2020,49,Park & Recreation,"Cummings Park - Parking lot (rear), renovate and expand with concrete",Community Parks,2017 Bonds,4,12/31/1999,0,0,350000,350000,2023,2023
2020,49,Park & Recreation,Cummings Park - Walking loop trail - 6' wide - 1/4 mi. - new,Hike and Bike Trails,2017 Bonds,4,12/31/1999,0,0,150000,150000,2023,2023
2020,49,Park & Recreation,Dallas Arboretum (Match),Dallas Arboretum,2017 Bonds,9,12/31/1999,1000000,0,0,1000000,2021,2021
2020,49,Park & Recreation,Dallas Water Gardens (Match) (Amendment - 8/9/17),Major Park Facilities,2017 Bonds,Citywide,12/31/1999,0,7500000,0,7500000,2022,2022
2020,49,Park & Recreation,Dallas Zoo (Match),Dallas Zoo,2017 Bonds,4,12/31/2021,0,3220000,0,3220000,2022,2022
2020,49,Park & Recreation,Devon Anderson Park - Replace playground equipment,Playground Improvement,2017 Bonds,5,6/21/2021,100000,0,0,100000,2021,2021
2020,49,Park & Recreation,Discretionary Funding [Singing Hills R.C.] [Amended-8-9-17],"Code Compliance, Safety and Security",2017 Bonds,8,3/31/2020,632500,0,0,632500,2021,2021
2020,49,Park & Recreation,Dixon Branch Greenbelt - Park Furnishings,"Code Compliance, Safety and Security",2017 Bonds,9,12/31/1999,0,0,65507,65507,2023,2023
2020,49,Park & Recreation,"Downtown Parks - Carpenter, Harwood and West End [Match]",Downtown Parks,2017 Bonds,"2, 14",12/31/1999,145066,0,0,145066,2021,2021
2020,49,Park & Recreation,"Eladio Martinez Park - park furnishings, fencing and drinking fountain",Neighborhood Park Facilities,2017 Bonds,6,12/31/1999,0,60000,0,60000,2022,2022
2020,49,Park & Recreation,Elmwood Pkwy Tr. (Elmwood Parkway to Polk to Gannon Park,Hike and Bike Trails,2017 Bonds,1,1/31/2021,1720000,0,0,1720000,2021,2021
2020,49,Park & Recreation,Eloise Lundy - Playground expansion,Playground Improvement,2017 Bonds,4,6/30/2020,115000,0,0,115000,2021,2021
2020,49,Park & Recreation,Emerald Lake Park - Dam safety and erosion control,Erosion Control,2017 Bonds,3,6/30/2020,1500000,0,0,1500000,2021,2021
2020,49,Park & Recreation,Ferguson Park - Portable Toilet Enclosure,Neighborhood Park Facilities,2017 Bonds,7,12/31/1999,0,70000,0,70000,2022,2022
2020,49,Park & Recreation,Flag Pole Hill - Phase 1 Master Plan Implementation,Site Development,2017 Bonds,10,6/15/2021,200000,0,0,200000,2021,2021
2020,49,Park & Recreation,Flag Pole Hill - Playground [Match],Playground Improvement,2017 Bonds,10,6/15/2021,130000,0,0,130000,2021,2021
2020,49,Park & Recreation,Flag Pole Hill Park - Phase 1 Master Plan Implementation,"Code Compliance, Safety and Security",2017 Bonds,10,11/30/2021,790000,0,0,790000,2021,2021
2020,49,Park & Recreation,Flag Pole Hill Park -Playground Replacement [Supplemental fund],"Code Compliance, Safety and Security",2017 Bonds,10,11/30/2018,20362,0,0,20362,2021,2021
2020,49,Park & Recreation,Flag Pole Hill Pavilion - Historic Restoration,"Code Compliance, Safety and Security",2017 Bonds,10,2/19/2019,200000,0,0,200000,2021,2021
2020,49,Park & Recreation,Food and Fiber Building,"Code Compliance, Safety and Security",2017 Bonds,Citywide,5/31/2022,250000,0,1000000,1250000,2021,2023
2020,49,Park & Recreation,Forston Park - Develop new park with park furnishings,"Code Compliance, Safety and Security",2017 Bonds,12,12/31/1999,0,0,220000,220000,2023,2023
2020,49,Park & Recreation,"Frances Rizo Park - Playground replacement, ADA drinking fountain",Playground Improvement,2017 Bonds,6,12/21/2021,180000,0,0,180000,2021,2021
2020,49,Park & Recreation,Frankford Park - park furnishings package,"Code Compliance, Safety and Security",2017 Bonds,12,6/30/2020,27667,4333,0,32000,2021,2022
2020,49,Park & Recreation,Fretz Park Recreation Center - Acoustical Treatment - Multi- purpose rooms,"Code Compliance, Safety and Security",2017 Bonds,11,6/30/2020,95000,0,0,95000,2021,2021
2020,49,Park & Recreation,"Friendship Park - Security lights, loop trail, exercise stations","Code Compliance, Safety and Security",2017 Bonds,10,5/31/2020,360000,0,0,360000,2021,2021
2020,49,Park & Recreation,Friendship Park - Site Development (Supplemental funding),"Code Compliance, Safety and Security",2017 Bonds,10,8/31/2021,133000,0,0,133000,2021,2021
2020,49,Park & Recreation,Garland Road Sidewalk at the Arboretum frontage,Dallas Arboretum,2017 Bonds,9,6/21/2021,0,300000,0,300000,2022,2022
2020,49,Park & Recreation,Glen Meadow - Playground replacement,Playground Improvement,2017 Bonds,13,12/31/1999,0,40000,180000,220000,2022,2023
2020,49,Park & Recreation,Glendale Park Parking spaces and lighting,Community Parks,2017 Bonds,3,11/30/2020,60000,0,0,60000,2021,2021
2020,49,Park & Recreation,"Glover Park - Parking lot with lighting, land acquisition",Park Land Acquisition,2017 Bonds,5,12/20/2020,110000,0,0,110000,2021,2021
2020,50,Park & Recreation,Guard Dr. - Phase 2 Site Development,Site Development,2017 Bonds,5,6/30/2021,600000,0,0,600000,2021,2021
2020,50,Park & Recreation,Hattie R. Moore Park - Master Plan and Phase 1 Implementation,Site Development,2017 Bonds,6,7/31/2021,300000,0,0,300000,2021,2021
2020,50,Park & Recreation,Herndon Park - Playground expansion,Playground Improvement,2017 Bonds,4,9/30/2019,149500,0,0,149500,2021,2021
2020,50,Park & Recreation,Hillview Park - Creek Erosion Control and Drainage Near Playground,Erosion Control,2017 Bonds,7,6/15/2023,345000,0,0,345000,2021,2021
2020,50,Park & Recreation,Hillview Park - Park Furnishings Package,Neighborhood Park Facilities,2017 Bonds,7,4/30/2021,59100,0,0,59100,2021,2021
2020,50,Park & Recreation,Hillview Park - Park ID Sign,Neighborhood Park Facilities,2017 Bonds,7,6/30/2021,6403,0,0,6403,2021,2021
2020,50,Park & Recreation,Hillview Park - Pavilion,Neighborhood Park Facilities,2017 Bonds,7,6/30/2021,118000,0,0,118000,2021,2021
2020,50,Park & Recreation,Hillview Park - Renovate Basketball Court,Neighborhood Park Facilities,2017 Bonds,7,6/30/2021,17000,0,0,17000,2021,2021
2020,50,Park & Recreation,"Holcomb Park - 6' wide walking loop trail, park furnishings",Hike and Bike Trails,2017 Bonds,5,6/30/2021,400000,0,0,400000,2021,2021
2020,50,Park & Recreation,J. J. Craft Park - historic bench restoration,Historic Restoration,2017 Bonds,7,12/15/2018,870,0,0,870,2021,2021
2020,50,Park & Recreation,Jamestown Park - Playground equipment - swing set and park furnishings,Playground Improvement,2017 Bonds,13,12/31/1999,0,40000,160000,200000,2022,2023
2020,50,Park & Recreation,Jaycee Zaragoza Park,Aquatic Facilities,2017 Bonds,6,6/23/2023,102420,0,0,102420,2021,2021
2020,50,Park & Recreation,Juanita J. Craft Park - ADA Drinking Fountain,"Code Compliance, Safety and Security",2017 Bonds,7,12/15/2018,10835,0,0,10835,2021,2021
2020,50,Park & Recreation,KCS Corridor Connection Trail - Design,"Code Compliance, Safety and Security",2017 Bonds,10,12/31/1999,0,0,300000,300000,2023,2023
2020,50,Park & Recreation,Kidd Springs - Japanese Garden Restoration - Phase 1,Site Development,2017 Bonds,1,4/30/2021,500000,0,0,500000,2021,2021
2020,50,Park & Recreation,Kidd Springs - Natural Spring daylighting and Lake bank erosion control,Erosion Control,2017 Bonds,1,6/15/2020,640000,0,0,640000,2021,2021
2020,50,Park & Recreation,Kiest Park - Memorial Tree Grove - Phase 1 Implementation,Site Development,2017 Bonds,4,12/31/1999,35959,0,203288,239247,2021,2023
2020,50,Park & Recreation,Kiowa Parkway - Pedestrian Bridge,"Code Compliance, Safety and Security",2017 Bonds,11,12/31/1999,0,60000,290000,350000,2022,2023
2020,50,Park & Recreation,Kleberg Trail,Hike and Bike Trails,2017 Bonds,5,6/30/2022,170000,0,1000000,1170000,2021,2023
2020,50,Park & Recreation,Kleberg-Rylie Park - Sprayground,"Code Compliance, Safety and Security",2017 Bonds,8,5/31/2020,53521,0,0,53521,2021,2021
2020,50,Park & Recreation,Klyde Warren Park Improvements (Match) (Amendment - 8/9/17),Downtown Parks,2017 Bonds,14,1/31/2022,7934451,1178563,636986,9750000,2021,2023
2020,50,Park & Recreation,Lake Highland North Park - Site Developments - Recreation Ce,"Code Compliance, Safety and Security",2017 Bonds,10,12/22/2022,160000,0,0,160000,2021,2021
2020,50,Park & Recreation,Lake Highlands Trails,Hike and Bike Trails,2017 Bonds,10,8/31/2022,400000,0,0,400000,2021,2021
2020,50,Park & Recreation,Lakewood Park - Basketball Renovate,"Code Compliance, Safety and Security",2017 Bonds,9,12/31/1999,0,10000,70000,80000,2022,2023
2020,50,Park & Recreation,Lakewood Park - Park Furnishing and drinking fountain,"Code Compliance, Safety and Security",2017 Bonds,9,12/31/1999,0,10000,75000,85000,2022,2023
2020,50,Park & Recreation,Lakewood Park - Pedestrian Bridge and ADA Parking,"Code Compliance, Safety and Security",2017 Bonds,9,12/31/1999,0,100000,150000,250000,2022,2023
2020,50,Park & Recreation,Land Acq for Football Complex [Suppl System-W Land Acq fund],Park Land Acquisition,2017 Bonds,5,12/31/1999,314848,0,2658214,2973062,2021,2023
2020,50,Park & Recreation,Land Acq for football complex in CD 5 [supplement CD funds],Park Land Acquisition,2017 Bonds,Citywide,12/31/1999,321077,518923,0,840000,2021,2022
2020,50,Park & Recreation,Land Acq for the Cedars [Supplemental to S-W allocation],Park Land Acquisition,2017 Bonds,2,12/31/1999,0,0,485000,485000,2023,2023
2020,50,Park & Recreation,Land Acq. and development of neighborhood-community park,"Code Compliance, Safety and Security",2017 Bonds,11,12/31/1999,3970000,0,0,3970000,2021,2021
2020,51,Park & Recreation,Land Acquisition for CD 10 (to supplement CD 10 funds),Park Land Acquisition,2017 Bonds,10,12/31/1999,1000000,0,0,1000000,2021,2021
2020,51,Park & Recreation,Land Acquisition,Park Land Acquisition,2017 Bonds,4,12/31/1999,190000,200000,0,390000,2021,2022
2020,51,Park & Recreation,Land Acquisition - CW Allowance (TBD - CW),Park Land Acquisition,2017 Bonds,Citywide,12/31/1999,1050000,0,0,1050000,2021,2021
2020,51,Park & Recreation,Land Acquisition (to match $1M from System-wide allowance),"Code Compliance, Safety and Security",2017 Bonds,10,12/31/1999,650000,0,350000,1000000,2021,2023
2020,51,Park & Recreation,Land Acquisition and Partnership Match Funding,Park Land Acquisition,2017 Bonds,Citywide,12/31/1999,-700000,0,0,-700000,2021,2021
2020,51,Park & Recreation,Land Acquisition in the Cedars for new park (to supplement CD 2 funds),Park Land Acquisition,2017 Bonds,Citywide,12/31/1999,0,0,475000,475000,2023,2023
2020,51,Park & Recreation,Magnolia Lounge,Fair Park,2017 Bonds,CW,7/31/2022,0,160000,740000,900000,2022,2023
2020,51,Park & Recreation,Marcus Park - Playground replacement,Playground Improvement,2017 Bonds,13,12/31/1999,0,40000,160000,200000,2022,2023
2020,51,Park & Recreation,"Maria Luna Park - Dog Park, basketball court, restoration of pavilion",Neighborhood Park Facilities,2017 Bonds,2,12/15/2021,455327,0,244673,700000,2021,2023
2020,51,Park & Recreation,Martin Luther King Jr. Park - Playground replacement,Playground Improvement,2017 Bonds,7,3/31/2020,200000,0,0,200000,2021,2021
2020,51,Park & Recreation,Martin Luther King Jr. Park - Rec Center - Gym Floor Cover,"Code Compliance, Safety and Security",2017 Bonds,7,12/31/1999,12155,0,0,12155,2021,2021
2020,51,Park & Recreation,"McCree Park - Portable facility enclosure, park furnishings","Code Compliance, Safety and Security",2017 Bonds,10,12/31/1999,0,200000,0,200000,2022,2022
2020,51,Park & Recreation,Midtown Park [Match],Major Park Facilities,2017 Bonds,Citywide,12/31/1999,0,0,6000000,6000000,2023,2023
2020,51,Park & Recreation,Monarch Park - Playground replacement and Parking/ADA,Playground Improvement,2017 Bonds,2,12/15/2021,0,0,250000,250000,2023,2023
2020,51,Park & Recreation,"Moss Glen Park - Phase 2 site, including playground","Code Compliance, Safety and Security",2017 Bonds,12,9/30/2020,0,235000,0,235000,2022,2022
2020,51,Park & Recreation,Moss Glen Park - Supplemental funding - pond imp. - site dev,"Code Compliance, Safety and Security",2017 Bonds,12,12/31/2020,0,402879,0,402879,2022,2022
2020,51,Park & Recreation,Munger Park - Add shade structure at playground,Playground Improvement,2017 Bonds,14,3/30/2020,70000,0,0,70000,2021,2021
2020,51,Park & Recreation,Music Hall,"Code Compliance, Safety and Security",2017 Bonds,Citywide,9/20/2020,38086,0,0,38086,2021,2021
2020,51,Park & Recreation,Neighborhood Park - Site Development - TBD,Site Development,2017 Bonds,2,12/31/1999,0,0,1085000,1085000,2023,2023
2020,51,Park & Recreation,Oak Lawn Park (Arlington Hall) - Renovate historic WPA rest rooms,Historic Restoration,2017 Bonds,14,7/20/2020,586,60000,90000,150586,2021,2023
2020,51,Park & Recreation,Pan American Complex,"Code Compliance, Safety and Security",2017 Bonds,Citywide,7/1/2022,1900000,0,1230000,3130000,2021,2023
2020,51,Park & Recreation,Parkdale Park - ADA Drinking Fountain,"Code Compliance, Safety and Security",2017 Bonds,7,6/15/2019,3816,0,0,3816,2021,2021
2020,51,Park & Recreation,Parkdale Park - Portable Facility Enclosure,"Code Compliance, Safety and Security",2017 Bonds,7,9/30/2020,0,0,28000,28000,2023,2023
2020,51,Park & Recreation,Phase 1 Site Development - New park in the Cedars,Site Development,2017 Bonds,2,12/31/1999,0,0,500000,500000,2023,2023
2020,51,Park & Recreation,Pleasant Oaks Park Connecting walkways and security,Community Parks,2017 Bonds,5,7/2/2019,0,0,75599,75599,2023,2023
2020,51,Park & Recreation,"Preston Green Park - park furnishings, ADA drinking fountain",Neighborhood Park Facilities,2017 Bonds,12,12/31/1999,0,0,100000,100000,2023,2023
2020,51,Park & Recreation,Public Art-Parks,Public Art,2017 Bonds,Citywide,12/31/1999,1100000,0,0,1100000,2021,2021
2020,51,Park & Recreation,Public Art Admin-Parks,Public Art,2017 Bonds,Citywide,12/31/1999,200000,0,0,200000,2021,2021
2020,51,Park & Recreation,R P Brooks Park - Loop Walking Trail,"Code Compliance, Safety and Security",2017 Bonds,10,12/31/1999,0,90000,210000,300000,2022,2023
2020,51,Park & Recreation,Randall Park - Historic Pavilion Restoration,Historic Restoration,2017 Bonds,14,12/31/1999,0,0,250000,250000,2023,2023
2020,51,Park & Recreation,Recreation Centers - Golf Course - Major Maintenance,Major Maintenance,2017 Bonds,Citywide,8/22/2022,1000000,0,0,1000000,2021,2021
2020,51,Park & Recreation,Ridgewood Sidewalk - along Fisher,"Code Compliance, Safety and Security",2017 Bonds,9,6/30/2021,250000,0,0,250000,2021,2021
2020,52,Park & Recreation,"Rose Haggar Park - walking loop trail, park furnishings",Hike and Bike Trails,2017 Bonds,12,12/31/1999,0,400000,0,400000,2022,2022
2020,52,Park & Recreation,Samuell Grand Park - Shade structure at existing playground,Playground Improvement,2017 Bonds,2,3/31/2020,11586,0,0,11586,2021,2021
2020,52,Park & Recreation,"Sand Springs Park - ADA Drinking Fountain, Park Furnishings Package","Code Compliance, Safety and Security",2017 Bonds,7,6/20/2020,0,6500,0,6500,2022,2022
2020,52,Park & Recreation,Science Place 1 (Phase 1),"Code Compliance, Safety and Security",2017 Bonds,Citywide,6/1/2022,0,4872914,0,4872914,2022,2022
2020,52,Park & Recreation,Shadybank Park (Shadybank & Coolglen Dr.) - Trail connection with low water,"Code Compliance, Safety and Security",2017 Bonds,12,1/31/2021,0,550000,0,550000,2022,2022
2020,52,Park & Recreation,Singing Hills [New] Site Development,"Code Compliance, Safety and Security",2017 Bonds,8,3/31/2020,180000,0,0,180000,2021,2021
2020,52,Park & Recreation,Singing Hills Rec Ctr-Gym Addition,Recreation Centers,2017 Bonds,8,3/31/2020,156170,0,0,156170,2021,2021
2020,52,Park & Recreation,Singing Hills Replacement Recreation Center - Addition,"Code Compliance, Safety and Security",2017 Bonds,8,3/31/2020,400000,0,800000,1200000,2021,2023
2020,52,Park & Recreation,Spray park or recreational amenity at CD 10 Site - TBD,"Code Compliance, Safety and Security",2017 Bonds,10,2/21/2021,0,332000,0,332000,2022,2022
2020,52,Park & Recreation,Stafford Park - Playground and park furnishings,Playground Improvement,2017 Bonds,6,12/21/2021,180000,0,0,180000,2021,2021
2020,52,Park & Recreation,"Timberglen Park - pavilion, new","Code Compliance, Safety and Security",2017 Bonds,12,12/31/1999,0,60000,390000,450000,2022,2023
2020,52,Park & Recreation,Timberglen Park - Softball outfield fence,"Code Compliance, Safety and Security",2017 Bonds,12,9/13/2019,0,56000,0,56000,2022,2022
2020,52,Park & Recreation,Timberglen Trail,Hike and Bike Trails,2017 Bonds,12,9/30/2021,11293,0,3358707,3370000,2021,2023
2020,52,Park & Recreation,Timberglen Trail - supplemental funding,"Code Compliance, Safety and Security",2017 Bonds,12,9/30/2021,0,500000,0,500000,2022,2022
2020,52,Park & Recreation,Timberleaf Park - Playground new,"Code Compliance, Safety and Security",2017 Bonds,10,7/30/2021,40000,220000,0,260000,2021,2022
2020,52,Park & Recreation,Tipton Park - Picnic pavilion and water fountain,Neighborhood Park Facilities,2017 Bonds,6,12/31/1999,0,10000,290000,300000,2022,2023
2020,52,Park & Recreation,Tower Building,"Code Compliance, Safety and Security",2017 Bonds,Citywide,7/31/2022,507463,2001635,490902,3000000,2021,2023
2020,52,Park & Recreation,Twin Lakes Park - park furnishings package,"Code Compliance, Safety and Security",2017 Bonds,12,12/31/1999,0,50000,0,50000,2022,2022
2020,52,Park & Recreation,Wagging Tail Dog Park - Add new parking area - South,"Code Compliance, Safety and Security",2017 Bonds,11,6/30/2021,325000,0,0,325000,2021,2021
2020,52,Park & Recreation,Wahoo Park - ADA Drinking Fountain,"Code Compliance, Safety and Security",2017 Bonds,7,6/15/2020,5500,0,0,5500,2021,2021
2020,52,Park & Recreation,"Wahoo Park - Basketball - Full Court, New","Code Compliance, Safety and Security",2017 Bonds,7,6/30/2020,80000,230000,0,310000,2021,2022
2020,52,Park & Recreation,Walnut Hill Park - Basketball - Renovate existing and add new,Community Parks,2017 Bonds,13,12/31/1999,0,160000,0,160000,2022,2022
2020,52,Park & Recreation,Walnut Hill Park - Replace softball backstop and bleachers on existing pad,Community Parks,2017 Bonds,13,12/31/1999,0,230000,0,230000,2022,2022
2020,52,Park & Recreation,West Trinity Heights Park - Develop master plan,Studies and Master Plans,2017 Bonds,4,12/31/1999,0,40000,0,40000,2022,2022
2020,52,Park & Recreation,Westmount Park - Site Development,Site Development,2017 Bonds,1,12/15/2020,20000,0,0,20000,2021,2021
2020,52,Park & Recreation,"Wheatley Park - ADA Drinking Fountain, Park Furnishings Package","Code Compliance, Safety and Security",2017 Bonds,7,12/31/1999,0,0,40000,40000,2023,2023
2020,52,Park & Recreation,Wheatley Park - Replace Sidewalk Segment,"Code Compliance, Safety and Security",2017 Bonds,7,12/31/1999,0,0,30000,30000,2023,2023
2020,52,Park & Recreation,White Rock Lake Stone Tables (Match),Major Park Facilities,2017 Bonds,9,8/31/2020,225000,0,0,225000,2021,2021
2020,52,Park & Recreation,White Rock Lake Trail,Hike and Bike Trails,2017 Bonds,9,9/30/2022,3100000,0,0,3100000,2021,2021
2020,52,Park & Recreation,Willie B. Johnson Gym. Addition (Hamilton Park),Recreation Centers,2017 Bonds,10,11/30/2020,900000,0,1000000,1900000,2021,2023
2020,52,Park & Recreation,Willie B. Johnson Recreation Center - Senior Addition [Hamil,Recreation Centers,2017 Bonds,10,1/31/2021,450000,0,450000,900000,2021,2023
2020,53,Park & Recreation,Willie Mae Butler Park - ADA Drinking Fountain and Park Furnishings Package,"Code Compliance, Safety and Security",2017 Bonds,7,8/31/2020,60000,0,0,60000,2021,2021
2020,53,Park & Recreation,Willie Mae Butler Park - Convert Tennis Court to Basketball,"Code Compliance, Safety and Security",2017 Bonds,7,6/30/2021,42000,0,0,42000,2021,2021
2020,53,Park & Recreation,Willie Mae Butler Park - Portable Facility Enclosure,"Code Compliance, Safety and Security",2017 Bonds,7,6/30/2021,60000,0,0,60000,2021,2021
2020,56,Sanitation Services,Construction of the Swale and Wetlands per the 404 Permit,Solid Waste Facilities,Other GO CIP – Non-Debt,Citywide,Ongoing,889775,807532,0,1697307,2021,2022
2020,56,Sanitation Services,Fleet Replacement,Fleet Replacement,Other GO CIP – Non-Debt,Citywide,Ongoing,8000000,8000000,0,16000000,2021,2022
2020,56,Sanitation Services,Other Sanitation Projects,Solid Waste Facilities,Other GO CIP – Non-Debt,Citywide,Ongoing,9639226,8748258,0,18387484,2021,2022
2020,61,Estimated,ADA Sidewalk Improvements,Sidewalk Improvements,2006 Bonds / 2012 Bonds,Citywide,-,9400000,0,0,9400000,2021,2021
2020,61,Estimated,Council District 1 Pedestrian Safety/Cro,Public/Private Development,2017 Bonds,-,12/31/21,195000,0,0,195000,2021,2021
2020,61,Estimated,Bike Lanes,Street and Alley Improvements,2006 Bonds / 2012 Bonds,Citywide,Ongoing,295001,0,0,295001,2021,2021
2020,61,Estimated,Country Creek Dr- Road Closure/Turn Aroun,Traffic Intersection Capacity and Safety Improvement,2017 Bonds,-,12/31/21,42876,0,0,42876,2021,2021
2020,61,Estimated,FY18 Street and Alley Improvement Projects,Street Reconstruction,Other GO CIP - Non-Debt,Citywide,Ongoing,20115408,20542361,20542361,61200130,2021,2023
2020,61,Estimated,Garland/Gaston/ East Grand Intersection S,Intergovernmental Partnership Projects,2017 Bonds,-,9/30/22,693572,0,0,693572,2021,2021
2020,61,Estimated,Northwest Highway/Preston Parking/Transp,Intergovernmental Partnership Projects,2017 Bonds,-,9/30/22,85000,1000000,8899678,9984678,2021,2023
2020,61,Estimated,Skillman at Walnut Hill (Complete Street,Public/Private Development,2017 Bonds,-,12/31/21,1114223,0,0,1114223,2021,2021
2020,61,Estimated,Traffic Signal Installations,Public/Private Development,2017 Bonds,-,9/30/22,6982553,4423758,0,11406311,2021,2022
2020,61,Estimated,Traffic Signal Synchronization Project,Public/Private Development,2017 Bonds,-,9/30/22,1227055,4408725,1283351,6919131,2021,2023
2020,61,Estimated,V001_Edgefield And Windomere- 12Th To Wentworth [Alley],Alley Petitions,2017 Bonds,1,2/8/2021,170412,0,0,170412,2021,2021
2020,61,Estimated,V002_La Rue St. And Wyoming St. - Cockrell Hill Rd. To La Rue St.,Alley Petitions,2017 Bonds,3,2/8/2021,67148,0,0,67148,2021,2021
2020,61,Estimated,V004_Glenleigh Dr.- Manning Ln. Existing Pavement To Manchester,Alley Petitions,2017 Bonds,13,11/6/2023,0,0,27051,27051,2023,2023
2020,61,Estimated,V005_Amhurst Av - Stanford Av From Linwood Ave. To Briarwood Ln,Alley Petitions,2017 Bonds,13,11/4/2023,0,0,164507,164507,2023,2023
2020,61,Estimated,V006_Palo Pinto Ave. And Velasco Ave - Concho St. To Skillman St,Alley Petitions,2017 Bonds,14,11/4/2023,0,0,119255,119255,2023,2023
2020,61,Estimated,V007_4812-4840 Worth St - 4807- 4841 Tremont St,Alley Petitions,2017 Bonds,2,2/9/2021,114301,0,0,114301,2021,2021
2020,61,Estimated,V017_2408-2564 Club Manor Dr - 2435-2549 Matland Dr,Alley Reconstruction,2017 Bonds,3,9/23/2022,0,554715,0,554715,2022,2022
2020,61,Estimated,V018_5179-5107 Chalet - 1404-1550 Drury Dr,Alley Reconstruction,2017 Bonds,3,5/30/2022,0,322594,0,322594,2022,2022
2020,61,Estimated,V019_5306-5342 Lake Placid Dr - 1572-1568 Drury Pl,Alley Reconstruction,2017 Bonds,3,5/30/2022,0,170319,0,170319,2022,2022
2020,62,Estimated,V021_7501-7631 Ashcrest Ln - 7502- 7578 Christie Ln,Alley Reconstruction,2017 Bonds,3,5/30/2022,0,404027,0,404027,2022,2022
2020,62,Estimated,V022_127-231 W Louisiana Ave - 118-228 Conrad St,Alley Reconstruction,2017 Bonds,4,7/18/2023,0,0,356919,356919,2023,2023
2020,62,Estimated,V023_1608-1620 Day Star Dr - 1603- 1633 Hanging Cliff Dr,Alley Reconstruction,2017 Bonds,4,9/1/2023,0,0,308104,308104,2023,2023
2020,62,Estimated,V024_1621-1631 Windchime Dr - 1614-1626 Vatican Ln,Alley Reconstruction,2017 Bonds,4,9/1/2023,0,0,67577,67577,2023,2023
2020,62,Estimated,V025_1708-1920 Vatican Ln - 1705- 1921 Windchime Dr,Alley Reconstruction,2017 Bonds,4,9/1/2023,0,0,300381,300381,2023,2023
2020,62,Estimated,V026_2104-2336 Dugald Pl - 2005- 2249 E Illinois Ave,Alley Reconstruction,2017 Bonds,4,11/4/2022,0,623794,0,623794,2022,2022
2020,62,Estimated,V027_2211-2323 Deer Path Dr - 2905-3311 Kellogg Ave,Alley Reconstruction,2017 Bonds,4,11/4/2022,0,503660,0,503660,2022,2022
2020,62,Estimated,V028_2603-2931 Garapan Dr - 2502- 2922 Nicholson Dr,Alley Reconstruction,2017 Bonds,4,9/1/2022,0,0,595683,595683,2023,2023
2020,62,Estimated,V029_3163-3241 E Ledbetter Dr - 3132-3244 Dahlia Dr,Alley Reconstruction,2017 Bonds,4,11/5/2022,0,326961,0,326961,2022,2022
2020,62,Estimated,V030_3864-3872 Treeline Cir - 1618- 1626 Five Mile Ct,Alley Reconstruction,2017 Bonds,4,9/1/2023,0,0,230169,230169,2023,2023
2020,62,Estimated,V031_4307-4435 Bonnie View Rd - 4302-4446 Cicero St,Alley Reconstruction,2017 Bonds,4,11/4/2022,0,400103,0,400103,2022,2022
2020,62,Estimated,V037_3004-3150 Kinkaid Dr - 3045- 3155 Park Ln,Alley Reconstruction,2017 Bonds,6,9/8/2023,0,0,711707,711707,2023,2023
2020,62,Estimated,V038_3105-3171 Newcastle Dr - 3104-3170 Walnut Hill,Alley Reconstruction,2017 Bonds,6,9/9/2023,0,0,257926,257926,2023,2023
2020,62,Estimated,V039_3505-3523 Park Ln - 3511 Valley Ridge Rd,Alley Reconstruction,2017 Bonds,6,12/15/2018,43584,0,0,43584,2021,2021
2020,62,Estimated,V040_3506-3658 High Vista Dr - 11960 Highdale Dr,Alley Reconstruction,2017 Bonds,6,9/9/2023,0,0,381282,381282,2023,2023
2020,62,Estimated,V048_4403-4451 Cinnabar Dr - 6102-6150 Symphony Ln,Alley Reconstruction,2017 Bonds,7,12/31/2022,272100,0,0,272100,2021,2021
2020,62,Estimated,V053_5605-5831 Everglade Rd - 5606-5824 Twineing St,Alley Reconstruction,2017 Bonds,7,12/31/2022,401948,0,0,401948,2021,2021
2020,62,Estimated,V055_5710-5814 Meadowick Ln - 5274-5290 Ponderosa Cir,Alley Reconstruction,2017 Bonds,7,12/31/2022,140722,0,0,140722,2021,2021
2020,62,Estimated,V056_6024-6300 Samuell Blvd - 6205-6441 Symphony Ln,Alley Reconstruction,2017 Bonds,7,12/31/2022,419945,0,0,419945,2021,2021
2020,63,Estimated,V057_6206-6440 Symphony Ln - 4307-4339 Cinnabar Dr,Alley Reconstruction,2017 Bonds,7,12/31/2022,262950,0,0,262950,2021,2021
2020,63,Estimated,V059_7129-7195 Elliott Dr - 7130- 7184 Rolling Fork Dr,Alley Reconstruction,2017 Bonds,7,12/31/2022,238723,0,0,238723,2021,2021
2020,63,Estimated,V060_2205-2341 Freeland - 2336- 2328 Homeway - 2204-2340 Babalos,Alley Reconstruction,2017 Bonds,7,10/15/2023,0,0,351916,351916,2023,2023
2020,63,Estimated,"V061_^2711-2733 Groveridge, 9606- 9674 Briggs, 9605- 9621 Altacrest",Alley Reconstruction,2017 Bonds,7,12/24/2023,0,0,421787,421787,2023,2023
2020,63,Estimated,V062_1225-1423 Kirnwood Dr - 7601 S Polk St,Alley Reconstruction,2017 Bonds,8,11/29/2021,320845,0,0,320845,2021,2021
2020,63,Estimated,V063_207-347 Bettyrae Way - 7708-7770 Ryan Ridge Dr,Alley Reconstruction,2017 Bonds,8,11/29/2021,382232,0,0,382232,2021,2021
2020,63,Estimated,V064_2304-2348 Hunters Run Dr - 7407-7415 Mesa Verde Trl,Alley Reconstruction,2017 Bonds,8,11/29/2021,357591,0,0,357591,2021,2021
2020,63,Estimated,V067_7905-7933 Olusta Dr - 7932 Great Trinity Forest Way,Alley Reconstruction,2017 Bonds,8,10/15/2023,0,0,168521,168521,2023,2023
2020,63,Estimated,V068_806-954 Ivywood Dr - 807- 951 Jadewood Dr,Alley Reconstruction,2017 Bonds,8,11/29/2021,345003,0,0,345003,2021,2021
2020,63,Estimated,V069_11133- 11139 Cotillion Dr - 3609 Bon Park Ct,Alley Reconstruction,2017 Bonds,9,10/4/2022,82806,0,0,82806,2021,2021
2020,63,Estimated,V070_11205- 11335 Buchannan Dr - 11200-11298 Ferguson Rd,Alley Reconstruction,2017 Bonds,9,10/2/2022,363480,0,0,363480,2021,2021
2020,63,Estimated,V071_11306- 11340 Dumbarton Dr - 11323-11357 Glen Cross Dr,Alley Reconstruction,2017 Bonds,9,10/4/2022,175096,0,0,175096,2021,2021
2020,63,Estimated,V072_11312- 11344 Glen Cross Dr - 11341-11367 Drummond Dr,Alley Reconstruction,2017 Bonds,9,7/17/2022,178548,0,0,178548,2021,2021
2020,63,Estimated,V073_3609-3615 Bon Park Ct - 3608- 3614 Parader Ct,Alley Reconstruction,2017 Bonds,9,7/18/2022,69496,0,0,69496,2021,2021
2020,63,Estimated,V074_6816-6858 Freemont St - 6809-6851 Whitehill St,Alley Reconstruction,2017 Bonds,9,10/3/2022,175755,0,0,175755,2021,2021
2020,63,Estimated,V075_6906-6954 Kingsbury Dr - 6907-6949 Winchester St,Alley Reconstruction,2017 Bonds,9,7/18/2022,201976,0,0,201976,2021,2021
2020,63,Estimated,V076_6915-6965 Freemont St - 6914-6964 Wakefield St,Alley Reconstruction,2017 Bonds,9,7/18/2022,194490,0,0,194490,2021,2021
2020,63,Estimated,V077_7005-7065 Freemont St - 7006-7066 Wakefield St,Alley Reconstruction,2017 Bonds,9,7/16/2022,237098,0,0,237098,2021,2021
2020,64,Estimated,V078_7023-7031 Wakefield St - 7049-7053 Wakefield Cir,Alley Reconstruction,2017 Bonds,9,7/18/2022,55682,0,0,55682,2021,2021
2020,64,Estimated,V079_10106- 10160 Caribou Trail - 10127- 10143 Ferndale Rd,Alley Reconstruction,2017 Bonds,10,10/19/2023,0,0,9000,9000,2023,2023
2020,64,Estimated,V086_15632- 15724 Golden Creek Rd -6231 - La Cosa Dr - Bay Point,Alley Reconstruction,2017 Bonds,11,8/29/2023,0,0,323772,323772,2023,2023
2020,64,Estimated,V087_6506-6556 Crestmere Dr - 6515-6555 Meadowcreek Dr,Alley Reconstruction,2017 Bonds,11,8/29/2023,0,0,219828,219828,2023,2023
2020,64,Estimated,V088_6510-6580 Calais Dr - 6509- 6565 Crestmere Dr,Alley Reconstruction,2017 Bonds,11,8/29/2023,0,0,250694,250694,2023,2023
2020,64,Estimated,V089_6808-7038 Hunters Ridge Dr - 6807-6959 Town Bluff Dr,Alley Reconstruction,2017 Bonds,11,8/29/2023,0,0,452697,452697,2023,2023
2020,64,Estimated,V091_7309-7435 Tangleglen Dr - 7364-7450 Tophill Ln,Alley Reconstruction,2017 Bonds,11,5/1/2023,0,0,258250,258250,2023,2023
2020,64,Estimated,V092_7405-7443 Lynworth Dr - 7408-7438 Chattington Dr,Alley Reconstruction,2017 Bonds,11,5/1/2023,0,0,185278,185278,2023,2023
2020,64,Estimated,V093_7606-7672 Rolling Acres Dr - 7615-7651 Tophill Ln,Alley Reconstruction,2017 Bonds,11,5/1/2023,0,0,221749,221749,2023,2023
2020,64,Estimated,V094_6906-7030 Orchid Ln -6909- 7007 Meadoebriar Ln -Pemberton Dr,Alley Reconstruction,2017 Bonds,11,8/29/2023,0,0,319083,319083,2023,2023
2020,64,Estimated,V095_18603- 18707 Amador Ave - 6505-6511 Villa Rd,Alley Reconstruction,2017 Bonds,12,8/23/2022,496597,0,0,496597,2021,2021
2020,64,Estimated,V096_19003- 19039 Bilbrook Ln,Alley Reconstruction,2017 Bonds,12,8/23/2022,305173,0,0,305173,2021,2021
2020,64,Estimated,V097_2703-2743 April Hill Ln - 2710- 2750 Stevens Point Ln,Alley Reconstruction,2017 Bonds,12,8/23/2022,237992,0,0,237992,2021,2021
2020,64,Estimated,V098_4104-4124 Firebrick Ln - 4103- 4119 Country Brook Dr,Alley Reconstruction,2017 Bonds,12,8/23/2022,123964,0,0,123964,2021,2021
2020,64,Estimated,V100_5501-5527 Harbor Town Dr - 5506-5530 Tamaron Ct,Alley Reconstruction,2017 Bonds,12,8/23/2022,227714,0,0,227714,2021,2021
2020,64,Estimated,V113_10445 - 10461 Carry Back Cir - 10419 - 10427 Carry Back Pl,Alley Reconstruction,2017 Bonds,13,10/13/2022,78452,0,0,78452,2021,2021
2020,64,Estimated,V114_3105-3161 Waldrop Drive - 3106-3160 Rotan Lane,Alley Reconstruction,2017 Bonds,13,10/13/2022,270171,0,0,270171,2021,2021
2020,64,Estimated,V115_3206-3232 Rotan Lane - 3207- 3233 Waldrop Drive,Alley Reconstruction,2017 Bonds,13,10/13/2022,152898,0,0,152898,2021,2021
2020,65,Estimated,V116_3207 - 3349 Citation Dr - 3208 - 3330 Timberview Rd,Alley Reconstruction,2017 Bonds,13,10/13/2022,220319,0,0,220319,2021,2021
2020,65,Estimated,V117_3544 - 3638 Ainsworth Dr - 3615 - 3675 Norcross Ln,Alley Reconstruction,2017 Bonds,13,10/13/2022,245377,0,0,245377,2021,2021
2020,65,Estimated,V118_3610-3668 Weeburn Dr - 3623-3651 Midpines Dr,Alley Reconstruction,2017 Bonds,13,10/13/2022,177189,0,0,177189,2021,2021
2020,65,Estimated,V135_Davis Street from Cockrell Hill to Clinton Ave,Intergovernmental Partnership Projects,2017 Bonds,"1, 3",3/27/2023,0,0,2617798,2617798,2023,2023
2020,65,Estimated,V136_Cockrell Hill From La Reunion To Singleton,Intergovernmental Partnership Projects,2017 Bonds,6,9/10/2021,1159771,0,0,1159771,2021,2021
2020,65,Estimated,V137_McKinney Ave/Cole Two Way Conversion,Intergovernmental Partnership Projects,2017 Bonds,14,1/31/2023,7898836,0,0,7898836,2021,2021
2020,65,Estimated,V140_UT Southwestern Medical District,Intergovernmental Partnership Projects,2017 Bonds,2,9/30/22,503724,3132763,3860570,7497057,2021,2023
2020,65,Estimated,V143_Prairie Creek Bridge over UPRR Tracks,Intergovernmental Partnership Projects,2017 Bonds,7,10/31/2023,0,5545184,1082818,6628002,2022,2023
2020,65,Estimated,V144_Us 75- Mockingbird- Lovers Lane Pedestrian Improvements,Intergovernmental Partnership Projects,2017 Bonds,14,7/21/2023,1029526,0,0,1029526,2021,2021
2020,65,Estimated,V145_Wheatland Road From City Limits To University Hills,Intergovernmental Partnership Projects,2017 Bonds,8,9/28/2023,0,1160091,0,1160091,2022,2022
2020,65,Estimated,V146_Sidewalks 50-50 And ADA Ramps,Sidewalk Improvements,2017 Bonds,SW,5/9/2021,0,4148594,0,4148594,2022,2022
2020,65,Estimated,V149_10th Street Historic District Sidewalk Improvements,Sidewalk Improvements,2017 Bonds,4,11/28/2021,689545,0,0,689545,2021,2021
2020,65,Estimated,V154_Wright Street From S. Oak Cliff To Edgefield,Sidewalk Improvements,2017 Bonds,1,10/12/2023,0,0,392886,392886,2023,2023
2020,65,Estimated,V166_Rothington Rd From Chariot Dr To S Buckner Blvd,Sidewalk Improvements,2017 Bonds,7,7/6/2022,30936,0,0,30936,2021,2021
2020,65,Estimated,V171_McKinney Ave Pedestrian Safety Improvement,Sidewalk Improvements,2017 Bonds,14,3/29/2022,682685,0,0,682685,2021,2021
2020,65,Estimated,V174_Elmwood Area Street Lighting,Street and Alley Improvements,2017 Bonds,1,8/20/2023,4162,495000,0,499162,2021,2022
2020,65,Estimated,V175_Park Row Ave From South Central Expy to Jeffries St-Lighting,Street and Alley Improvements,2017 Bonds,7,12/31/2021,0,424000,0,424000,2022,2022
2020,65,Estimated,V176_South Blvd From South Central Expy To Meadow St Lighting,Street and Alley Improvements,2017 Bonds,7,12/31/2021,0,600053,0,600053,2022,2022
2020,65,Estimated,V177_Street Lights At Parkdale Dr And Lawnview Ave,Street and Alley Improvements,2017 Bonds,-,12/31/21,16000,0,0,16000,2021,2021
2020,66,Estimated,V178_Street Lights Wendelkin St,Street and Alley Improvements,2017 Bonds,7,12/31/2021,112000,0,0,112000,2021,2021
2020,66,Estimated,V179_Street Lights Within Claremont Neighborhood,Street and Alley Improvements,2017 Bonds,-,12/31/21,132838,116162,351000,600000,2021,2023
2020,66,Estimated,V180_Simpson Stuart Rd From Bonnie View Rd To Lancaster Rd,Street and Alley Improvements,2017 Bonds,-,12/31/21,350000,0,0,350000,2021,2021
2020,66,Estimated,V181_Hord Ave. - Moler St. To Brandon St. [Street],Street Petitions,2017 Bonds,3,12/7/2023,0,0,737132,737132,2023,2023
2020,66,Estimated,V182_Ginger Ave. - Dacki Ave. To Goldie Ave.- Brandon St. [Street],Street Petitions,2017 Bonds,3,9/7/2023,0,0,1771705,1771705,2023,2023
2020,66,Estimated,V183_Harlandale Ave. - Ohio Ave. To Illinois Ave. [Street],Street Petitions,2017 Bonds,4,9/7/2022,448731,0,0,448731,2021,2021
2020,66,Estimated,V185_Trojan St. - Burma Rd. To Fellows Ln. [Street],Street Petitions,2017 Bonds,7,12/25/2023,0,0,1009556,1009556,2023,2023
2020,66,Estimated,V186_Ridgecrest Rd. - Holly Hill Dr. To Sopac Tr E Of Eastridge,Street Petitions,2017 Bonds,13,12/13/2023,0,0,4995006,4995006,2023,2023
2020,66,Estimated,V188_South Ewing Ave From Sleeth St To Ann Arbor Ave,Street Petitions,2017 Bonds,4,9/7/2022,792529,0,0,792529,2021,2021
2020,66,Estimated,V189_Rugged Dr from Berkley Ave to Ferndale Ave,Street Reconstruction,2017 Bonds,1,1/20/2022,855988,0,0,855988,2021,2021
2020,66,Estimated,V190_S Patton Ave from E 10th St to E. Jefferson Blvd,Street Reconstruction,2017 Bonds,1,1/1/2023,0,327747,0,327747,2022,2022
2020,66,Estimated,V191_S Van Buren Ave from W Pembroke Ave to Page Ave,Street Reconstruction,2017 Bonds,1,1/20/2022,511650,0,0,511650,2021,2021
2020,66,Estimated,V194_Bradford Dr from Maple Springs Blvd to Hedgerow Dr,Street Reconstruction,2017 Bonds,2,10/1/2023,0,0,1759897,1759897,2023,2023
2020,66,Estimated,V195_Fillmore Dr from Empire Central to Register Ave,Street Reconstruction,2017 Bonds,2,5/10/2022,0,325047,0,325047,2022,2022
2020,66,Estimated,V196_Pierce St from St Rita Dr to W Kiest Blvd,Street Reconstruction,2017 Bonds,3,12/26/2022,0,0,1184323,1184323,2023,2023
2020,66,Estimated,V197_Preakness Ln from Polarity Dr to S Walton Walker Serv E,Street Reconstruction,2017 Bonds,3,12/26/2022,0,0,1288420,1288420,2023,2023
2020,66,Estimated,V198_10th St from I-35 to Clarendon Dr.,Street Reconstruction,2017 Bonds,4,12/25/2023,0,0,2526059,2526059,2023,2023
2020,66,Estimated,V199_Anzio Cir from Garapan Dr to S Polk St,Street Reconstruction,2017 Bonds,4,3/6/2022,0,243191,0,243191,2022,2022
2020,66,Estimated,V200_Bonnie View Rd from Ann Arbor Ave to Cummings St,Street Reconstruction,2017 Bonds,4,9/7/2022,0,2081742,0,2081742,2022,2022
2020,66,Estimated,V201_Marfa Ave from Fernwood Ave to S Lancaster Rd,Street Reconstruction,2017 Bonds,4,3/17/2023,0,0,1183512,1183512,2023,2023
2020,67,Estimated,V202_Maywood Ave from Frio Dr to S Denley Dr,Street Reconstruction,2017 Bonds,4,5/6/2021,0,949880,0,949880,2022,2022
2020,67,Estimated,V203_Montague Ave from Yewpon Ave to Ramona,Street Reconstruction,2017 Bonds,4,7/17/2023,0,0,957618,957618,2023,2023
2020,67,Estimated,V204_Hodde St from Woodmont Dr to N Jim Miller Rd,Street Reconstruction,2017 Bonds,5,7/17/2022,0,1389285,0,1389285,2022,2022
2020,67,Estimated,V205_Rayenell Ave from Hodde St to CF Hawn Serv S,Street Reconstruction,2017 Bonds,5,7/17/2022,0,1469471,0,1469471,2022,2022
2020,67,Estimated,V206_Halifax St from Cash Rd to Pulaski St,Street Reconstruction,2017 Bonds,6,7/30/2021,951799,0,0,951799,2021,2021
2020,67,Estimated,V207_Lenel Pl from Wemdon Dr to Mixon Dr,Street Reconstruction,2017 Bonds,6,3/5/2022,0,201095,0,201095,2022,2022
2020,67,Estimated,V209_Nagle St from Denton Dr to Overlake Dr,Street Reconstruction,2017 Bonds,6,12/31/2022,0,0,1005410,1005410,2023,2023
2020,67,Estimated,V210_Shaw St from Navaro St to Harston St,Street Reconstruction,2017 Bonds,6,7/15/2023,0,0,880970,880970,2023,2023
2020,67,Estimated,V211_Laurel Hill Dr from Kleberg Rd to Budeudy Dr,Street Reconstruction,2017 Bonds,8,12/20/2021,507643,0,0,507643,2021,2021
2020,67,Estimated,V212_Myers Cir from Myers Cir to Elam Rd,Street Reconstruction,2017 Bonds,8,5/13/2021,0,926513,0,926513,2022,2022
2020,67,Estimated,V213_Oak Plaza from Kleberg Rd to End of Pavement,Street Reconstruction,2017 Bonds,8,12/20/2021,624416,0,0,624416,2021,2021
2020,67,Estimated,V214_S Murdeaux Ln from Great Trinity Forest Way to Olusta Dr,Street Reconstruction,2017 Bonds,8,5/13/2021,0,630327,0,630327,2022,2022
2020,67,Estimated,V216_Broken Bow Rd from 9635 Broken Bow Rd to Fieldcrest Dr,Street Reconstruction,2017 Bonds,10,3/10/2022,0,527521,0,527521,2022,2022
2020,67,Estimated,V218_Lockhaven Dr from Lynford Dr to Lanshire Dr,Street Reconstruction,2017 Bonds,10,12/20/2020,0,54724,0,54724,2022,2022
2020,67,Estimated,V219_Lynford Dr from Ferndale Rd to Lockhaven Dr,Street Reconstruction,2017 Bonds,10,12/20/2020,0,223374,0,223374,2022,2022
2020,67,Estimated,V220_Rolling Rock Ln from Hackney Ln to Fern Hollow Dr,Street Reconstruction,2017 Bonds,10,10/19/2023,0,0,435567,435567,2023,2023
2020,67,Estimated,V221_Westfield Dr from Woodbrook Dr to Gladwood Ln,Street Reconstruction,2017 Bonds,10,3/7/2023,0,516571,516571,1033142,2022,2023
2020,67,Estimated,V222_Blossomheat h Ln from Thistle Ln to Alpha Rd,Street Reconstruction,2017 Bonds,11,12/27/2022,0,458035,0,458035,2022,2022
2020,67,Estimated,V223_Currin Dr from St Michaels Dr to Pebbledowne Dr,Street Reconstruction,2017 Bonds,11,8/20/2023,0,0,728560,728560,2023,2023
2020,67,Estimated,V224_Hughes Ln from Wilderness Ct to Preston Rd,Street Reconstruction,2017 Bonds,11,12/22/2022,0,0,823393,823393,2023,2023
2020,67,Estimated,V225_Meadow Park Dr from Stone Canyon Rd to Regal Park Ln,Street Reconstruction,2017 Bonds,11,8/14/2023,0,0,697899,697899,2023,2023
2020,68,Estimated,V226_Northaven Rd from Royalshire Dr to Crest Brook Dr,Street Reconstruction,2017 Bonds,11,10/20/2022,0,719394,0,719394,2022,2022
2020,68,Estimated,V227_Northcreek Ln from L B J Serv N to End of Pavement,Street Reconstruction,2017 Bonds,11,9/20/2022,0,714929,0,714929,2022,2022
2020,68,Estimated,V230_Joyce Way from Thackery St to Hillcrest Rd,Street Reconstruction,2017 Bonds,13,3/5/2022,0,137763,0,137763,2022,2022
2020,68,Estimated,V231_Mimosa Ln from Edgemere Rd to Hillcrest Rd,Street Reconstruction,2017 Bonds,13,2/24/2022,0,1406603,0,1406603,2022,2022
2020,68,Estimated,V232_Goodwin Ave from Laneri Ave to Glencoe St,Street Reconstruction,2017 Bonds,14,10/18/2023,0,0,549741,549741,2023,2023
2020,68,Estimated,V233_McCommas Blvd from McMillan Ave to Worcola St,Street Reconstruction,2017 Bonds,14,10/18/2023,0,0,539438,539438,2023,2023
2020,68,Estimated,V234_Ridgedale Ave from McMillan Ave to Worcola St,Street Reconstruction,2017 Bonds,14,2/28/2023,612890,0,0,612890,2021,2021
2020,68,Estimated,V235_Willis Ave from McMillan Ave to Worcola St,Street Reconstruction,2017 Bonds,14,10/18/2022,0,0,540450,540450,2023,2023
2020,68,Estimated,V236_Haines Ave From W. Colorado Blvd To W. Greenbriar Ln,Street Reconstruction,2017 Bonds,1,12/19/2021,0,1332740,0,1332740,2022,2022
2020,68,Estimated,V237_Kernack St From Phinney Ave To Burns Ave,Street Reconstruction,2017 Bonds,1,9/30/2023,0,0,1246823,1246823,2023,2023
2020,68,Estimated,V238_N Lancaster Ave From E. Colorado Blvd To Addison St,Street Reconstruction,2017 Bonds,1,6/21/2023,0,0,371320,371320,2023,2023
2020,68,Estimated,V239_Hay St From Ring St To End Of Pavement,Street Reconstruction,2017 Bonds,2,2/27/2022,0,101509,0,101509,2022,2022
2020,68,Estimated,V241_Murray St From Main St To Canton St,Street Reconstruction,2017 Bonds,2,1/1/2023,0,419326,0,419326,2022,2022
2020,68,Estimated,V242_N Walton St From Elm St To End Of Pavement,Street Reconstruction,2017 Bonds,2,1/1/2023,0,369710,0,369710,2022,2022
2020,68,Estimated,V244_Waneta Dr From Robin Rd To Inwood Rd,Street Reconstruction,2017 Bonds,2,9/30/2023,0,0,331778,331778,2023,2023
2020,68,Estimated,V245_Dove Creek Way From Myrtlewood Drive To Swansee Street,Street Reconstruction,2017 Bonds,3,12/31/2022,0,0,1154069,1154069,2023,2023
2020,68,Estimated,V246_Grassy Ridge Trl From Penguin Dr To Scottsboro Ln,Street Reconstruction,2017 Bonds,3,12/31/2022,0,0,829447,829447,2023,2023
2020,68,Estimated,V247_Avenue H From E 11Th St To Sanderson Ave,Street Reconstruction,2017 Bonds,4,9/25/2023,0,0,758624,758624,2023,2023
2020,68,Estimated,V248_Church St From I-35 To Cliff To End,Street Reconstruction,2017 Bonds,4,9/25/2023,0,0,501719,501719,2023,2023
2020,68,Estimated,V249_E Corning Ave From Arizona To S Marsalis Ave,Street Reconstruction,2017 Bonds,4,3/6/2022,0,153935,0,153935,2022,2022
2020,69,Estimated,V250_Galloway Ave From Fernwood Ave To S Denley Dr,Street Reconstruction,2017 Bonds,4,5/6/2021,0,820241,0,820241,2022,2022
2020,69,Estimated,V251_Marfa Ave From Biglow St To Easter Ave,Street Reconstruction,2017 Bonds,4,3/17/2023,0,0,813456,813456,2023,2023
2020,69,Estimated,V252_N Cliff St From Hutchins Ave To Reverend Cbt Smith St,Street Reconstruction,2017 Bonds,4,9/25/2023,0,0,398540,398540,2023,2023
2020,69,Estimated,V253_Vanette Ln From Fitzsimmons Dr To S Marsalis Ave,Street Reconstruction,2017 Bonds,4,7/17/2023,0,0,505005,505005,2023,2023
2020,69,Estimated,V254_Donnybrook Ln From N Prairie Creek Rd To Riverway Dr,Street Reconstruction,2017 Bonds,5,1/19/2022,0,116149,0,116149,2022,2022
2020,69,Estimated,V255_Palisade Dr From N Prairie Creek Rd To Riverway Dr,Street Reconstruction,2017 Bonds,5,1/20/2022,0,170821,0,170821,2022,2022
2020,69,Estimated,V256_Babcock Dr From Bernal Dr To Canada Dr,Street Reconstruction,2017 Bonds,6,7/30/2022,384118,0,0,384118,2021,2021
2020,69,Estimated,V257_Geraldine Dr From Kendale Dr To Lombardy Ln,Street Reconstruction,2017 Bonds,6,12/31/2022,0,0,756686,756686,2023,2023
2020,69,Estimated,V259_N Morocco Ave From Goodman St To N Justin Ave,Street Reconstruction,2017 Bonds,6,7/3/2023,0,0,629093,629093,2023,2023
2020,69,Estimated,V260_Quebec St From Sharp St To Mockingbird Ln,Street Reconstruction,2017 Bonds,6,7/30/2021,639205,0,0,639205,2021,2021
2020,69,Estimated,V262_Arborcrest Dr From Bluewood Dr To Partridge Dr,Street Reconstruction,2017 Bonds,8,5/26/2021,0,806609,0,806609,2022,2022
2020,69,Estimated,V263_Burroaks Cir From Burroaks Dr To End Of Pavement,Street Reconstruction,2017 Bonds,8,5/13/2021,0,386021,0,386021,2022,2022
2020,69,Estimated,V264_Laurel Hill Dr From Budeudy Dr To End Of Pavement,Street Reconstruction,2017 Bonds,8,12/20/2021,64688,0,0,64688,2021,2021
2020,69,Estimated,V265_Park Manor Dr From Simpson Stuart Rd To Happy Canyon Dr,Street Reconstruction,2017 Bonds,8,12/20/2021,78179,0,0,78179,2021,2021
2020,69,Estimated,V266_Woodwick Dr From W Camp Wisdom Ed To Clearwood Dr,Street Reconstruction,2017 Bonds,8,5/26/2021,0,351651,0,351651,2022,2022
2020,69,Estimated,V267_Milhof Dr From Barnes Bridge Rd To Plummer Dr,Street Reconstruction,2017 Bonds,9,12/19/2021,0,885921,0,885921,2022,2022
2020,69,Estimated,V268_Boundbrook Ave From Greenville Ave To Woodbrook Dr,Street Reconstruction,2017 Bonds,10,3/7/2023,0,0,356006,356006,2023,2023
2020,69,Estimated,V269_Lanshire Dr From Chiswell Rd To Audelia Rd,Street Reconstruction,2017 Bonds,10,3/10/2022,0,546339,0,546339,2022,2022
2020,69,Estimated,V270_Lockhaven Dr From Lockyer Dr To Lynford Dr,Street Reconstruction,2017 Bonds,10,12/20/2020,0,4273,0,4273,2022,2022
2020,70,Estimated,V271_Lockhaven Dr From E Northwest Hwy To Lockyer Dr,Street Reconstruction,2017 Bonds,10,12/20/2020,0,104546,0,104546,2022,2022
2020,70,Estimated,V272_Westfield Dr From Gladwood Ln To Clearwater Dr,Street Reconstruction,2017 Bonds,10,3/7/2023,0,0,479776,479776,2023,2023
2020,70,Estimated,V273_Woodbrook Dr From Graywood Dr To Westfield Dr,Street Reconstruction,2017 Bonds,10,3/7/2023,0,0,228591,228591,2023,2023
2020,70,Estimated,V274_Woodbrook Dr From Clearwater Dr To Graywood Dr,Street Reconstruction,2017 Bonds,10,3/7/2023,0,0,222946,222946,2023,2023
2020,70,Estimated,V275_Blossomheat h Ln From Lbj Serv N To Thistle Ln,Street Reconstruction,2017 Bonds,11,10/20/2022,0,402221,0,402221,2022,2022
2020,70,Estimated,V276_Brookshire Dr From Orchid Ln To Brookshire Cir,Street Reconstruction,2017 Bonds,11,8/20/2023,0,0,264174,264174,2023,2023
2020,70,Estimated,V277_Clearsprings Rd From Coit Rd To Sapling Way,Street Reconstruction,2017 Bonds,11,2/14/2022,0,0,29321,29321,2023,2023
2020,70,Estimated,V278_Currin Dr From Pebbledowne Dr To End Of Pavement,Street Reconstruction,2017 Bonds,11,8/20/2023,443239,0,129562,572801,2021,2023
2020,70,Estimated,V279_Edelweiss Cir From Hillcrest Rd To End Of Pavement,Street Reconstruction,2017 Bonds,11,12/22/2022,0,0,307896,307896,2023,2023
2020,70,Estimated,V284_Timber Oaks Dr From Shadow Ridge Dr To Shadow Ridge Dr,Street Reconstruction,2017 Bonds,12,12/31/2022,0,171726,0,171726,2022,2022
2020,70,Estimated,V285_Aberdeen Ave From Edgemere Rd To Thackery St,Street Reconstruction,2017 Bonds,13,7/26/2022,0,702657,0,702657,2022,2022
2020,70,Estimated,V286_Meadow Crest Dr From Inwood Road To Lamplighter Lane,Street Reconstruction,2017 Bonds,13,3/4/2021,0,67146,0,67146,2022,2022
2020,70,Estimated,V287_Adair St From Cobb St To 500 Ft North Of Cobb St,Street Reconstruction,2017 Bonds,14,11/13/2022,0,0,64442,64442,2023,2023
2020,70,Estimated,V288_Cobb St From Cobb St To Adair St,Street Reconstruction,2017 Bonds,14,11/13/2022,0,0,96147,96147,2023,2023
2020,70,Estimated,V289_Concho St From Richmond Ave To Belmont Ave,Street Reconstruction,2017 Bonds,14,11/14/2022,0,0,333866,333866,2023,2023
2020,70,Estimated,V290_Gilbert Ave From Oak Lawn Ave To Reagan St,Street Reconstruction,2017 Bonds,14,11/13/2022,0,0,368227,368227,2023,2023
2020,70,Estimated,V291_San Jacinto St From N Pearl St To Crockett St,Street Reconstruction,2017 Bonds,14,11/13/2022,0,0,359702,359702,2023,2023
2020,70,Estimated,V292_Clarendon Dr (2-28' Lanes) from Ewing to Upton,Street Reconstruction,2017 Bonds,4,4/20/2023,1458308,0,0,1458308,2021,2021
2020,70,Estimated,V293_Alpha Rd from Barton Dr to Noel Rd,Street Reconstruction,2017 Bonds,11,11/28/2023,1013177,0,0,1013177,2021,2021
2020,71,Estimated,V294_Alpha Rd from Noel Rd to Montfort Dr,Street Reconstruction,2017 Bonds,11,11/28/2023,1925161,0,0,1925161,2021,2021
2020,71,Estimated,V296_Lemmon Ave from Douglas Ave to Wycliff Ave,Street Reconstruction,2017 Bonds,14,4/4/2023,0,0,894881,894881,2023,2023
2020,71,Estimated,V297_Lemmon Ave E from Lemmon Ave E to Oak Grove Ave,Street Reconstruction,2017 Bonds,14,4/4/2023,336147,0,0,336147,2021,2021
2020,71,Estimated,V298_Maple Ave from McKinney Ave to Mahon St,Street Reconstruction,2017 Bonds,14,9/24/2022,1043047,0,0,1043047,2021,2021
2020,71,Estimated,V299_N Fitzhugh Ave from McKinney Ave to Cole Ave,Street Reconstruction,2017 Bonds,14,11/12/2022,0,0,873302,873302,2023,2023
2020,71,Estimated,V300_N Munger Blvd from Tremont St to Worth St,Street Reconstruction,2017 Bonds,14,2/23/2023,0,0,568840,568840,2023,2023
2020,71,Estimated,V301_N Munger Blvd from Junius St to Gaston Ave,Street Reconstruction,2017 Bonds,14,3/13/2023,0,0,714320,714320,2023,2023
2020,71,Estimated,V302_Merit From Church Hill Way To Lbj,Thoroughfares,2017 Bonds,11,11/26/2022,0,0,2719459,2719459,2023,2023
2020,71,Estimated,V303_E Davis St From Beckley Ave To Patton Ave,Thoroughfares,2017 Bonds,1,6/21/2023,0,0,1063601,1063601,2023,2023
2020,71,Estimated,V304_Northbound S Westmoreland At Kimball High Sch Parking Lot,Thoroughfares,2017 Bonds,3,8/27/2022,0,807912,0,807912,2022,2022
2020,71,Estimated,V305_E Overton Rd From S Marsalis Ave To S Ewing,Thoroughfares,2017 Bonds,4,9/21/2022,0,1403433,0,1403433,2022,2022
2020,71,Estimated,V306_Morrell Ave From Bonnie View Rd To High St,Thoroughfares,2017 Bonds,4,4/18/2023,0,0,362897,362897,2023,2023
2020,71,Estimated,V308_Morgan Dr From Plaza Blvd To Nandina Dr,Thoroughfares,2017 Bonds,8,4/19/2023,0,0,439992,439992,2023,2023
2020,71,Estimated,V309_Remove Dip On Eb Royal Ln 400 Ft East Of Greenville Ave,Thoroughfares,2017 Bonds,10,7/17/2022,0,0,67500,67500,2023,2023
2020,71,Estimated,V310_Alpha Rd From End Of Pavement To Barton Dr,Thoroughfares,2017 Bonds,11,11/28/2023,992416,0,0,992416,2021,2021
2020,71,Estimated,V311_Merit Dr From Clodus Fields Dr To Churchill Way,Thoroughfares,2017 Bonds,11,11/26/2022,0,0,2325680,2325680,2023,2023
2020,71,Estimated,V312_Davenport Rd From Winding Creek Rd To Creek Bend Rd,Thoroughfares,2017 Bonds,12,4/24/2022,0,267556,0,267556,2022,2022
2020,71,Estimated,V313_Webb Chapel Rd From Silverton Dr To Northaven Rd,Thoroughfares,2017 Bonds,13,7/17/2023,0,0,2719669,2719669,2023,2023
2020,71,Estimated,V314_Maple Ave From Mahon St To Cedar Springs Rd,Thoroughfares,2017 Bonds,14,9/23/2022,261782,0,0,261782,2021,2021
2020,71,Estimated,V315_Maple Ave From Randall St To Wolf St,Thoroughfares,2017 Bonds,14,9/25/2022,0,184023,0,184023,2022,2022
2020,72,Estimated,V316_N Hall St From Ross Ave To Munger Blvd,Thoroughfares,2017 Bonds,14,10/2/2022,0,0,697136,697136,2023,2023
2020,72,Estimated,V317_N Hall St From Munger Ave To Cochran St,Thoroughfares,2017 Bonds,14,10/1/2022,0,0,294114,294114,2023,2023
2020,72,Estimated,V318_N Hall St From Cochran St To Central Expwy Srv Rd,Thoroughfares,2017 Bonds,14,10/1/2022,0,0,451846,451846,2023,2023
2020,72,Estimated,V319_N Munger Blvd From Worth St To Junius St,Thoroughfares,2017 Bonds,14,2/23/2023,0,0,497357,497357,2023,2023
2020,72,Estimated,V409_Concho St from Monticello Ave to Mercedes Ave,Street Resurfacing,2017 Bonds,14,9/30/2021,0,52376,0,52376,2022,2022
2020,72,Estimated,V470_Claybrook Dr from Cliffrose Ln to Walnut Hill Ln,Street Resurfacing,2017 Bonds,10,9/30/2021,165189,0,0,165189,2021,2021
2020,72,Estimated,V566_Middlebury Dr from Rutgers Dr to Haverford Dr,Street Resurfacing,2017 Bonds,9,9/30/2021,106570,0,0,106570,2021,2021
2020,72,Estimated,V568_Northaven Rd from Marsh Ln to Cox Ln,Street Resurfacing,2017 Bonds,13,9/30/2021,0,372361,0,372361,2022,2022
2020,72,Estimated,V588_Winsted Dr from Lakeforest Ct to Pasadena Pl,Street Resurfacing,2017 Bonds,9,9/30/2021,107256,0,0,107256,2021,2021
2020,72,Estimated,V603_Charlestown Dr from Nuestra Dr to Preston Rd,Street Resurfacing,2017 Bonds,13,9/30/2021,0,411943,0,411943,2022,2022
2020,72,Estimated,V617_Viceroy Dr from King George Dr to Regal Row,Street Resurfacing,2017 Bonds,2,9/30/2021,273786,0,0,273786,2021,2021
2020,72,Estimated,V627_Gooding Dr from Killion Dr to Merrell Rd,Street Resurfacing,2017 Bonds,13,9/30/2021,0,261332,0,261332,2022,2022
2020,72,Estimated,V630_Whittier Ave from Santa Clara Dr to San Benito Way,Street Resurfacing,2017 Bonds,9,9/30/2021,142379,0,0,142379,2021,2021
2020,72,Estimated,V633_Silverton Dr from Caraway Dr to Webb Chapel Rd,Street Resurfacing,2017 Bonds,13,9/30/2021,315183,0,0,315183,2021,2021
2020,72,Estimated,V635_Winsted Dr from Pasadena Pl to White Rock Rd,Street Resurfacing,2017 Bonds,9,9/30/2021,51515,0,0,51515,2021,2021
2020,72,Estimated,V645_Gilbert Ave from Knight St to Douglas Ave,Street Resurfacing,2017 Bonds,14,9/30/2021,0,88082,0,88082,2022,2022
2020,72,Estimated,V647_Shady Oak Ln From End Of Pavement To Timberview Rd,Street Resurfacing,2017 Bonds,13,9/30/2021,110000,0,0,110000,2021,2021
2020,72,Estimated,V648_Blessing Cir from End of Pavement to Blessing Dr,Street Resurfacing,2017 Bonds,9,9/30/2021,58550,0,0,58550,2021,2021
2020,72,Estimated,V651_Bucknell Dr from Bennington Dr to Trammel Dr,Street Resurfacing,2017 Bonds,9,9/30/2021,117375,0,0,117375,2021,2021
2020,72,Estimated,V652_Rio Verde Way from Shiloh Rd to Kilkirk Ln,Street Resurfacing,2017 Bonds,9,9/30/2021,121285,0,0,121285,2021,2021
2020,73,Estimated,V667_Desdemona Dr from Barnes Bridge Rd to Housley Dr,Street Resurfacing,2017 Bonds,9,9/30/2021,102487,0,0,102487,2021,2021
2020,73,Estimated,V668_Bennington Dr from Trammel Dr to Middlebury Dr,Street Resurfacing,2017 Bonds,9,9/30/2021,150337,0,0,150337,2021,2021
2020,73,Estimated,V669_Redstart Ln from Lyre Ln to Santa Barbara Dr,Street Resurfacing,2017 Bonds,9,9/30/2021,150817,0,0,150817,2021,2021
2020,73,Estimated,V670_Wake Forrest Dr from Lehigh Dr to Trammel Dr,Street Resurfacing,2017 Bonds,9,9/30/2021,52513,0,0,52513,2021,2021
2020,73,Estimated,V672_Old Gate Ln from San Leandro Dr to Groveland Dr,Street Resurfacing,2017 Bonds,9,9/30/2021,50009,0,0,50009,2021,2021
2020,73,Estimated,V673_Lippitt Ave from Sahara Way to Neering Dr,Street Resurfacing,2017 Bonds,9,9/30/2021,53885,0,0,53885,2021,2021
2020,73,Estimated,V674_Modlin St from Hillglenn Rd to Marlin Dr,Street Resurfacing,2017 Bonds,9,9/30/2021,93570,0,0,93570,2021,2021
2020,73,Estimated,V676_Carrousel Cir from Lyre Ln to Lyre ln,Street Resurfacing,2017 Bonds,9,9/30/2021,148553,0,0,148553,2021,2021
2020,73,Estimated,V680_Northcliff Dr from N Buckner Blvd to Harter Rd,Street Resurfacing,2017 Bonds,9,9/30/2021,160078,0,0,160078,2021,2021
2020,73,Estimated,V681_Sinclair Ave from Sunland St to Jupiter Rd,Street Resurfacing,2017 Bonds,9,9/30/2021,293745,0,0,293745,2021,2021
2020,73,Estimated,V682_Brookhurst Dr from Edgelake Dr to Northcliff Dr,Street Resurfacing,2017 Bonds,9,9/30/2021,322763,0,0,322763,2021,2021
2020,73,Estimated,V684_Bonham St from Midway Rd to End of Pavement,Street Resurfacing,2017 Bonds,13,9/30/2021,0,294397,0,294397,2022,2022
2020,73,Estimated,V685_Cromwell Dr from Whirlaway Rd to Flaxley Dr,Street Resurfacing,2017 Bonds,13,9/30/2021,0,364609,0,364609,2022,2022
2020,73,Estimated,V687_Loving Ave from Shook Ave to Wildgrove Ave,Street Resurfacing,2017 Bonds,9,9/30/2021,65719,0,0,65719,2021,2021
2020,73,Estimated,V690_Kelsey Rd from Inwood Rd to Meaders Ln,Street Resurfacing,2017 Bonds,13,9/30/2021,0,412526,0,412526,2022,2022
2020,73,Estimated,V691_Province Ln from Tellerson Ave to Casa Oaks Dr,Street Resurfacing,2017 Bonds,9,9/30/2021,211631,0,0,211631,2021,2021
2020,73,Estimated,V694_Weeburn Dr from Marsh Ln to Cox Ln,Street Resurfacing,2017 Bonds,13,9/30/2021,370028,0,0,370028,2021,2021
2020,73,Estimated,V695_Yorksprings Dr from Meadowspring Ln to Yorksprings Pl,Street Resurfacing,2017 Bonds,9,9/30/2021,117718,0,0,117718,2021,2021
2020,73,Estimated,V697_Princess Ln from Marquis Ln to Marsh Ln,Street Resurfacing,2017 Bonds,13,9/30/2021,0,448095,0,448095,2022,2022
2020,73,Estimated,V700_Neering Dr from Lippitt Ave to Lanewood Cir,Street Resurfacing,2017 Bonds,9,9/30/2021,74671,0,0,74671,2021,2021
2020,73,Estimated,V702_Pearson Dr from Avalon Ave to Lakewood Blvd,Street Resurfacing,2017 Bonds,9,9/30/2021,85304,0,0,85304,2021,2021
2020,74,Estimated,V703_San Marcus Ave from Lingo Ln to Ferguson Rd,Street Resurfacing,2017 Bonds,9,9/30/2021,154213,0,0,154213,2021,2021
2020,74,Estimated,V704_Waterview Rd from Bondstone Dr to Classen Dr,Street Resurfacing,2017 Bonds,9,9/30/2021,56081,0,0,56081,2021,2021
2020,74,Estimated,V705_Galena St from Norwood Dr to Fenwick Dr,Street Resurfacing,2017 Bonds,9,9/30/2021,177331,0,0,177331,2021,2021
2020,74,Estimated,V706_Loving Ave from Pasadena Ave to Winsted Dr,Street Resurfacing,2017 Bonds,9,9/30/2021,35466,0,0,35466,2021,2021
2020,74,Estimated,V707_Classen Dr from Northlake Dr to Waterview Rd,Street Resurfacing,2017 Bonds,9,9/30/2021,222950,0,0,222950,2021,2021
2020,74,Estimated,V708_Randolph Dr from S Randolph Dr to Lakehurst Ct,Street Resurfacing,2017 Bonds,3,9/30/2021,96966,0,0,96966,2021,2021
2020,74,Estimated,V709_Valencia St from Sevilla St to East Grand Ave,Street Resurfacing,2017 Bonds,14,9/30/2021,0,112504,0,112504,2022,2022
2020,74,Estimated,V710_Cotillion Dr from Ferguson Rd to Puerto Rico Dr,Street Resurfacing,2017 Bonds,9,9/30/2021,99642,0,0,99642,2021,2021
2020,74,Estimated,V711_Marlin Dr from Modlin St to La Prada Dr,Street Resurfacing,2017 Bonds,9,9/30/2021,175136,0,0,175136,2021,2021
2020,74,Estimated,V712_Regent Dr from Cromwell Dr to Lathrop Dr,Street Resurfacing,2017 Bonds,13,9/30/2021,0,255878,0,255878,2022,2022
2020,74,Estimated,V713_Ring St from East Grand Ave to Hay St,Street Resurfacing,2017 Bonds,2,9/30/2020,0,82429,0,82429,2022,2022
2020,74,Estimated,V714_Faircrest Dr from A11639 to Ferndale Rd,Street Resurfacing,2017 Bonds,10,9/30/2021,118232,0,0,118232,2021,2021
2020,74,Estimated,V715_Lippitt Ave from Jupiter Rd to Mayfair Blvd,Street Resurfacing,2017 Bonds,9,9/30/2021,115008,0,0,115008,2021,2021
2020,74,Estimated,V716_Haverford Dr from Bucknell Dr to Trammel Dr,Street Resurfacing,2017 Bonds,9,9/30/2021,190674,0,0,190674,2021,2021
2020,74,Estimated,V717_Yorksprings Dr from Valley Spring Dr to Meadowspring Ln,Street Resurfacing,2017 Bonds,9,9/30/2021,199317,0,0,199317,2021,2021
2020,74,Estimated,V719_Winsted Dr from Lakewood Blvd to Westlake Ave,Street Resurfacing,2017 Bonds,9,9/30/2021,66714,0,0,66714,2021,2021
2020,74,Estimated,V723_Ridgemont Dr from Highgate Ln to Santa Anita Dr,Street Resurfacing,2017 Bonds,9,9/30/2021,155722,0,0,155722,2021,2021
2020,74,Estimated,V724_Fernald Ave from Dixfield Dr to Lochwood Blvd,Street Resurfacing,2017 Bonds,9,9/30/2021,350032,0,0,350032,2021,2021
2020,74,Estimated,V727_Ruidosa Ave from Featherbrook Dr to Cotillion Dr,Street Resurfacing,2017 Bonds,9,9/30/2021,100671,0,0,100671,2021,2021
2020,74,Estimated,V728_Cosgrove Dr from Merriman Pkwy to Tabor Dr,Street Resurfacing,2017 Bonds,10,9/30/2021,150321,0,0,150321,2021,2021
2020,74,Estimated,V729_Northcliff Dr from Bondstone Dr to Classen Dr,Street Resurfacing,2017 Bonds,9,9/30/2021,86265,0,0,86265,2021,2021
2020,75,Estimated,V730_Ravendale Ln from Lange Cir to Belford Dr,Street Resurfacing,2017 Bonds,9,9/30/2021,218868,0,0,218868,2021,2021
2020,75,Estimated,V732_River Bend Dr from N Stemmons Serv E to River Bend Dr,Street Resurfacing,2017 Bonds,2,9/30/2021,427902,0,0,427902,2021,2021
2020,75,Estimated,V734_Douglas Ave from Herschel Ave to Prescott Ave,Street Resurfacing,2017 Bonds,14,9/30/2021,0,70555,0,70555,2022,2022
2020,75,Estimated,V735_Berwyn Ln from Ridgelawn Dr to E University Blvd,Street Resurfacing,2017 Bonds,9,9/30/2021,141556,0,0,141556,2021,2021
2020,75,Estimated,V738_Ridgemeado w Dr from Lochwood Blvd to Midlake Dr,Street Resurfacing,2017 Bonds,9,9/30/2021,83761,0,0,83761,2021,2021
2020,75,Estimated,V741_Linkwood Dr from Ferndale Rd to Lockhaven Dr,Street Resurfacing,2017 Bonds,10,9/30/2021,152018,0,0,152018,2021,2021
2020,75,Estimated,V743_Ravendale Ln from Belford Dr to Rockaway Dr,Street Resurfacing,2017 Bonds,9,9/30/2021,149102,0,0,149102,2021,2021
2020,75,Estimated,V745_Haverford Dr from Trammel Dr to Middlebury Dr,Street Resurfacing,2017 Bonds,9,9/30/2021,156065,0,0,156065,2021,2021
2020,75,Estimated,V746_Sinclair Ave from Jupiter Rd to Gaston Pkwy,Street Resurfacing,2017 Bonds,9,9/30/2021,189165,0,0,189165,2021,2021
2020,75,Estimated,V747_Santa Anna Ave from Shiloh Rd to Vista Mar Dr,Street Resurfacing,2017 Bonds,9,9/30/2021,104718,0,0,104718,2021,2021
2020,75,Estimated,V748_Scottsboro Ln from S Marsalis Ave to Grassy Ridge Trl,Street Resurfacing,2017 Bonds,3,9/3/2021,91053,0,0,91053,2021,2021
2020,75,Estimated,V750_Fernald Ave from Yeager Dr to Holt Dr,Street Resurfacing,2017 Bonds,9,9/30/2021,209093,0,0,209093,2021,2021
2020,75,Estimated,V753_Winsted Dr from Westlake Ave to Meadow Lake Ave,Street Resurfacing,2017 Bonds,9,9/30/2021,63009,0,0,63009,2021,2021
2020,75,Estimated,V754_Middlebury Dr from Rockhurst Dr to Rutgers Dr,Street Resurfacing,2017 Bonds,9,9/30/2021,30596,0,0,30596,2021,2021
2020,75,Estimated,V755_Holt Dr from Strand St to Dorchester Dr,Street Resurfacing,2017 Bonds,9,9/30/2021,53715,0,0,53715,2021,2021
2020,75,Estimated,V756_Diceman Dr from Sanford Ave to Tavaros Ave,Street Resurfacing,2017 Bonds,9,9/30/2021,117375,0,0,117375,2021,2021
2020,75,Estimated,V757_Estacado Dr from Coldwater Cir to Ash Creek Dr,Street Resurfacing,2017 Bonds,9,9/30/2021,209607,0,0,209607,2021,2021
2020,75,Estimated,V758_Gardenia Pl from Gardenia Dr to Gardenia Dr,Street Resurfacing,2017 Bonds,9,9/30/2021,5376,0,0,5376,2021,2021
2020,75,Estimated,V761_Vinemont St from Forest Grove Dr to Easton Rd,Street Resurfacing,2017 Bonds,9,9/30/2021,136994,0,0,136994,2021,2021
2020,75,Estimated,V763_Carissa Dr from Ridgelake Dr to Sunland St,Street Resurfacing,2017 Bonds,9,9/30/2022,0,214855,0,214855,2022,2022
2020,75,Estimated,V764_Northlake Dr from Coolair Dr to Kirkwood Dr,Street Resurfacing,2017 Bonds,9,9/30/2021,157231,0,0,157231,2021,2021
2020,76,Estimated,V766_Northlake Dr from Kirkwood Dr to Hambrick Rd,Street Resurfacing,2017 Bonds,9,9/30/2021,108251,0,0,108251,2021,2021
2020,76,Estimated,V767_Whittier Ave from San Benito Way to San Leandro Dr,Street Resurfacing,2017 Bonds,9,9/30/2021,80228,0,0,80228,2021,2021
2020,76,Estimated,V771_Santa Barbara Dr from Santa Maria Ln to E Mockingbird Ln,Street Resurfacing,2017 Bonds,9,9/30/2021,171877,0,0,171877,2021,2021
2020,76,Estimated,V772_San Juan Ave from Newcombe Dr to Crest Ridge Dr,Street Resurfacing,2017 Bonds,9,9/30/2021,172289,0,0,172289,2021,2021
2020,76,Estimated,V773_Blanch Cir from Hillside Dr to Nonesuch Rd,Street Resurfacing,2017 Bonds,9,9/30/2021,162068,0,0,162068,2021,2021
2020,76,Estimated,V774_Adleta Blvd from Adleta Ct to Adleta Blvd,Street Resurfacing,2017 Bonds,10,9/30/2021,443396,0,0,443396,2021,2021
2020,76,Estimated,V775_Lockhart Ave from Rustown Dr to Shiloh Dr,Street Resurfacing,2017 Bonds,7,9/30/2021,481572,0,0,481572,2021,2021
2020,76,Estimated,V778_Loree Dr from Carnegie Dr to Mercer Dr,Street Resurfacing,2017 Bonds,9,9/30/2021,57110,0,0,57110,2021,2021
2020,76,Estimated,V782_San Diego Dr from Shiloh Rd to Santa Anna Ave,Street Resurfacing,2017 Bonds,9,9/30/2021,335283,0,0,335283,2021,2021
2020,76,Estimated,V784_Brandeis Ln from Creighton Dr to Ridgelawn Dr,Street Resurfacing,2017 Bonds,9,9/30/2021,173284,0,0,173284,2021,2021
2020,76,Estimated,V785_Classen Dr from E Northwest Hwy to Van Dyke Rd,Street Resurfacing,2017 Bonds,9,9/30/2021,383062,0,0,383062,2021,2021
2020,76,Estimated,V786_W Bay Cir from W Lawther Dr to Branchfield Dr,Street Resurfacing,2017 Bonds,9,9/30/2021,342520,0,0,342520,2021,2021
2020,76,Estimated,V789_State St from Routh St to Boll St,Street Resurfacing,2017 Bonds,14,9/30/2021,0,76215,0,76215,2022,2022
2020,76,Estimated,V790_Dixie Ln from Ash Creek Dr to Mariposa Dr,Street Resurfacing,2017 Bonds,9,9/30/2022,0,182750,0,182750,2022,2022
2020,76,Estimated,V791_Trammel Dr from Fisher Rd to Bennington Dr,Street Resurfacing,2017 Bonds,9,9/30/2022,0,421204,0,421204,2022,2022
2020,76,Estimated,V794_Grissom Ln from Royal Ln to Nova Dr,Street Resurfacing,2017 Bonds,6,9/30/2021,896633,0,0,896633,2021,2021
2020,76,Estimated,V795_Annapolis Ln from Ridgelawn Dr to Berwyn Ln,Street Resurfacing,2017 Bonds,9,9/30/2022,0,228198,0,228198,2022,2022
2020,76,Estimated,V798_Clarksdale Pl from Clarksdale Dr to End of Pavement,Street Resurfacing,2017 Bonds,9,9/30/2022,0,61466,0,61466,2022,2022
2020,76,Estimated,V799_Adler Dr from Adler Dr to Cockrell Hill Rd,Street Resurfacing,2017 Bonds,3,12/20/2021,199400,0,0,199400,2021,2021
2020,76,Estimated,V800_Gross Rd from N Buckner Blvd to Peavy Rd,Street Resurfacing,2017 Bonds,7,9/30/2021,330275,0,0,330275,2021,2021
2020,76,Estimated,V801_Queenswood Ln from Walnut Hill Ln to Knoll Krest Dr,Street Resurfacing,2017 Bonds,10,9/30/2021,139361,0,0,139361,2021,2021
2020,76,Estimated,V803_Branchfield Dr from W Lawther Dr to Fisher Rd,Street Resurfacing,2017 Bonds,9,9/30/2022,0,224288,0,224288,2022,2022
2020,77,Estimated,V804_Syracuse Dr from Wake Forrest Dr to Wake Forrest Dr,Street Resurfacing,2017 Bonds,9,9/30/2022,0,240513,0,240513,2022,2022
2020,77,Estimated,V805_Bluffdale Dr from Berkinshire Dr to Brookhurst Dr,Street Resurfacing,2017 Bonds,9,9/30/2022,0,93570,0,93570,2022,2022
2020,77,Estimated,V806_Trammel Dr from Clemson Dr to E Northwest hwy,Street Resurfacing,2017 Bonds,9,9/30/2022,0,216982,0,216982,2022,2022
2020,77,Estimated,V807_Sylvania Dr from Sinclair Ave to Vinemont St,Street Resurfacing,2017 Bonds,9,9/30/2022,0,180898,0,180898,2022,2022
2020,77,Estimated,V809_Church Cir from End of Pavement to Church Rd,Street Resurfacing,2017 Bonds,10,9/30/2021,64278,0,0,64278,2021,2021
2020,77,Estimated,V810_Enderly Pl from Banting Way to Samuell Blvd,Street Resurfacing,2017 Bonds,7,9/30/2021,108765,0,0,108765,2021,2021
2020,77,Estimated,V811_Terry St from S Haskell Ave to S Peak St,Street Resurfacing,2017 Bonds,2,9/30/2021,142345,0,0,142345,2021,2021
2020,77,Estimated,V812_Banting Way from Enchanted Ln to Ashbrook Rd,Street Resurfacing,2017 Bonds,7,9/30/2021,178017,0,0,178017,2021,2021
2020,77,Estimated,V813_Briaridge Rd from Spring Creek Rd to Coit Rd,Street Resurfacing,2017 Bonds,11,9/30/2021,211803,0,0,211803,2021,2021
2020,77,Estimated,V814_Greentree Ln from Greenbrook Ln to W Circle Dr,Street Resurfacing,2017 Bonds,9,9/30/2022,0,212660,0,212660,2022,2022
2020,77,Estimated,V815_Douglas Ave from Wycliff Ave to Herschel Ave,Street Resurfacing,2017 Bonds,14,9/30/2021,0,70144,0,70144,2022,2022
2020,77,Estimated,V816_Bambi St from Murdock Rd to Elkton Cir,Street Resurfacing,2017 Bonds,8,9/30/2021,143408,0,0,143408,2021,2021
2020,77,Estimated,V817_Santa Fe Ave from Clermont Ave to Monte Vista Dr,Street Resurfacing,2017 Bonds,14,9/30/2021,0,61294,0,61294,2022,2022
2020,77,Estimated,V818_Tuscany Way from Sinclair Ave to Lippitt Ave,Street Resurfacing,2017 Bonds,9,9/30/2022,0,150337,0,150337,2022,2022
2020,77,Estimated,V819_Morningside Ave from Worcola St to Greenville Ave,Street Resurfacing,2017 Bonds,14,9/30/2021,0,107016,0,107016,2022,2022
2020,77,Estimated,V822_Fallon Pl from Hazelhurst Ln to Hazelhurst Ln,Street Resurfacing,2017 Bonds,7,9/30/2021,193726,0,0,193726,2021,2021
2020,77,Estimated,V823_Carnegie Dr from Carnegie Pl to Peavy Rd,Street Resurfacing,2017 Bonds,9,9/30/2022,0,97241,0,97241,2022,2022
2020,77,Estimated,V824_Coleridge St from Easton Dd to Sasanqua Ln,Street Resurfacing,2017 Bonds,9,9/30/2022,0,0,30664,30664,2023,2023
2020,77,Estimated,V825_Douglas Ave from Newton Ave to Wycliff Ave,Street Resurfacing,2017 Bonds,14,9/30/2021,0,57727,0,57727,2022,2022
2020,77,Estimated,V826_Santa Fe Ave from Cordova St to Clermont Ave,Street Resurfacing,2017 Bonds,14,9/30/2021,0,56595,0,56595,2022,2022
2020,77,Estimated,V827_Beechmont Dr from Ferguson Rd to Felicia Ct,Street Resurfacing,2017 Bonds,7,9/30/2021,206245,0,0,206245,2021,2021
2020,78,Estimated,V828_N Fitzhugh Ave from Bennett Ave to Manett St,Street Resurfacing,2017 Bonds,2,9/30/2021,197259,0,0,197259,2021,2021
2020,78,Estimated,V830_Motor City Blvd from Peterbilt Ave to S Lancaster Rd,Street Resurfacing,2017 Bonds,8,9/30/2021,216981,0,0,216981,2021,2021
2020,78,Estimated,V831_Carissa Dr from Carissa Cir to Jupiter Rd,Street Resurfacing,2017 Bonds,9,9/30/2022,0,147799,0,147799,2022,2022
2020,78,Estimated,V832_Springhill Dr from Mercer Dr to Stanwood Dr,Street Resurfacing,2017 Bonds,9,9/30/2022,0,77004,0,77004,2022,2022
2020,78,Estimated,V835_Hazelhurst Ln from Hovenkamp Dr to Marview Ln,Street Resurfacing,2017 Bonds,7,9/30/2021,106913,0,0,106913,2021,2021
2020,78,Estimated,V836_Holland Ave from Turtle Creek Blvd to Bowser Ave,Street Resurfacing,2017 Bonds,14,9/30/2021,0,106399,0,106399,2022,2022
2020,78,Estimated,V837_N Hall St from Welborn St to Oak Lawn Ave,Street Resurfacing,2017 Bonds,14,11/1/2021,0,86710,0,86710,2022,2022
2020,78,Estimated,V838_N Hall St from Oak Lawn Ave to Reagan St,Street Resurfacing,2017 Bonds,14,11/1/2018,0,88871,0,88871,2022,2022
2020,78,Estimated,V840_Chariot Dr from Trace Rd to Wimbelton Way,Street Resurfacing,2017 Bonds,7,9/30/2021,338061,0,0,338061,2021,2021
2020,78,Estimated,V841_Trammel Dr from Bennington Dr to Clemson Dr,Street Resurfacing,2017 Bonds,9,9/30/2022,0,164228,0,164228,2022,2022
2020,78,Estimated,V842_Norcross Ln from Castlegate Dr to Marsh Ln,Street Resurfacing,2017 Bonds,13,9/30/2022,0,246754,0,246754,2022,2022
2020,78,Estimated,V843_Brennans Pl from End of Pavement to Brennans Dr,Street Resurfacing,2017 Bonds,9,9/30/2023,0,0,42429,42429,2023,2023
2020,78,Estimated,V844_Gaston Pkwy from Old Gate Ln to Knob Oak Dr,Street Resurfacing,2017 Bonds,9,9/30/2022,121456,0,0,121456,2021,2021
2020,78,Estimated,V845_Gatewood Pl from End of Pavement to Jupiter Rd,Street Resurfacing,2017 Bonds,9,6/30/2021,0,168173,0,168173,2022,2022
2020,78,Estimated,V847_Broadmoor Dr from Broadmoor Dr to Garland Rd,Street Resurfacing,2017 Bonds,9,9/30/2022,0,127013,0,127013,2022,2022
2020,78,Estimated,V880_Hillcrest Rd from Park Ln to Walnut Hill Ln,Street Resurfacing,2017 Bonds,13,9/30/2020,854753,0,0,854753,2021,2021
2020,78,Estimated,V883_E Colorado Blvd from Zang to N Marsalis Ave,Street Resurfacing,2017 Bonds,1,9/30/2018,209899,0,0,209899,2021,2021
2020,78,Estimated,V891_Royal Ln from Cromwell Dr to Marsh Ln,Street Resurfacing,2017 Bonds,13,9/30/2021,0,670000,0,670000,2022,2022
2020,78,Estimated,V899_Park Lane from Greenville to Fair Oaks,Street and Alley Improvements,2017 Bonds,13,9/30/21,0,558541,0,558541,2022,2022
2020,78,Estimated,V900_Lemmon Ave from Lemmon Ave to Howell St,Street Resurfacing,2017 Bonds,14,9/30/2021,0,98990,0,98990,2022,2022
2020,78,Estimated,V904_Lemmon Ave E from Noble Ave to McKinney Ave,Street Resurfacing,2017 Bonds,14,9/30/2021,0,98613,0,98613,2022,2022
2020,79,Estimated,V905_N Fitzhugh Ave from Abbott Ave to Turtle Creek Bnd,Street Resurfacing,2017 Bonds,14,9/30/2021,179218,0,0,179218,2021,2021
2020,79,Estimated,V907_Skillman St from Richmond Ave to Llano Ave,Street Resurfacing,2017 Bonds,14,9/30/2022,0,654770,0,654770,2022,2022
2020,79,Estimated,V910_Meandering Way from Alpha Rd to Purple Sage Rd,Street Resurfacing,2017 Bonds,11,9/30/2020,0,558541,0,558541,2022,2022
2020,79,Estimated,V913_Mountain Creek Pkwy from Mountainview Dr to Eagle Ford Dr,Street Resurfacing,2017 Bonds,3,9/19/2021,222676,0,0,222676,2021,2021
2020,79,Estimated,V915_N Munger Blvd from Gaston Ave to Live Oak,Street Resurfacing,2017 Bonds,14,2/1/2022,0,620165,0,620165,2022,2022
2020,79,Estimated,V917_Maple Routh Conn from Thomas Ave to McKinney Ave,Street Resurfacing,2017 Bonds,14,9/30/2021,0,139430,0,139430,2022,2022
2020,79,Estimated,V921_Abrams Rd from Trammel Dr to E University Blvd,Street Resurfacing,2017 Bonds,9,9/30/2021,145981,0,0,145981,2021,2021
2020,79,Estimated,V922_Lemmon Ave from Reagan St to Throckmorton St,Street Resurfacing,2017 Bonds,14,9/30/2021,0,195956,0,195956,2022,2022
2020,79,Estimated,V923_Royal Ln from Brockbank Dr to Coogan Dr,Street Resurfacing,2017 Bonds,13,9/1/2018,0,455127,0,455127,2022,2022
2020,79,Estimated,V928_Frankford Rd from Preston Rd to Hillcrest Rd,Street Resurfacing,2017 Bonds,12,9/30/2021,0,1754016,0,1754016,2022,2022
2020,79,Estimated,V930_Park Ln from Hillcrest Rd to Sarah Nash Ct,Street Resurfacing,2017 Bonds,13,9/30/2022,0,701085,0,701085,2022,2022
2020,79,Estimated,V931_Arapaho Rd from Meadowcreek Dr to Hillcrest Rd,Street Resurfacing,2017 Bonds,12,1/11/2022,714949,0,0,714949,2021,2021
2020,79,Estimated,V933_Frankford Rd from Hillcrest Rd to Coit Rd,Street Resurfacing,2017 Bonds,12,9/30/2021,0,2212007,0,2212007,2022,2022
2020,79,Estimated,V935_W University Blvd from Inwood Rd to Eastern Ave,Street Resurfacing,2017 Bonds,13,9/30/2022,0,429539,0,429539,2022,2022
2020,79,Estimated,V938_W University Blvd from Robin Rd to Inwood Rd,Street Resurfacing,2017 Bonds,2,9/30/2021,103472,0,0,103472,2021,2021
2020,79,Estimated,V939_Arapaho Rd from Golden Creek Rd to Meadowcreek Dr,Street Resurfacing,2017 Bonds,12,9/30/2022,870363,0,0,870363,2021,2021
2020,79,Estimated,V942_Abrams Rd from E University Blvd to Chesley Ln,Street Resurfacing,2017 Bonds,9,9/30/2021,450000,0,0,450000,2021,2021
2020,79,Estimated,V944_Lemmon Ave from Throckmorton St to Knight St,Street Resurfacing,2017 Bonds,14,9/30/2021,0,236876,0,236876,2022,2022
2020,79,Estimated,V948_S Hall St from Chestnut St to Jeffries St,Street Resurfacing,2017 Bonds,2,7/19/2019,135485,0,0,135485,2021,2021
2020,79,Estimated,V949_Abrams Rd from Glennox Ln to E Lovers Ln,Street Resurfacing,2017 Bonds,9,9/30/2022,0,129585,0,129585,2022,2022
2020,79,Estimated,V951_Royal Ln from Harry Hines Blvd to Grissom Ln,Street Resurfacing,2017 Bonds,6,9/30/2021,584815,0,0,584815,2021,2021
2020,80,Estimated,V952_Campbell Rd from Preston Rd to Preston Trail Dr,Street Resurfacing,2017 Bonds,11,9/30/2022,0,165943,0,165943,2022,2022
2020,80,Estimated,V957_Blackburn St from Turtle Creek Blvd to Oak Lawn Ave,Street Resurfacing,2017 Bonds,14,9/30/2021,0,261538,0,261538,2022,2022
2020,80,Estimated,V959_Campbell Rd from Preston Rd to Preston Bend Ct,Street Resurfacing,2017 Bonds,12,2/1/2022,0,733506,0,733506,2022,2022
2020,80,Estimated,V961_Audelia Rd from Faircrest Dr to Royal Ln,Street Resurfacing,2017 Bonds,10,9/30/2021,571847,0,0,571847,2021,2021
2020,80,Estimated,V963_Blackburn St from N Haskell Ave to Noble Ave,Street Resurfacing,2017 Bonds,14,9/30/2021,0,168962,0,168962,2022,2022
2020,80,Estimated,V964_Harry Hines Blvd from Moody St to N Field St,Street Resurfacing,2017 Bonds,14,9/30/2021,0,73471,0,73471,2022,2022
2020,80,Estimated,V965_Hillcrest Rd from McCallum Blvd to Riseden Dr,Street Resurfacing,2017 Bonds,12,9/30/2022,0,814911,0,814911,2022,2022
2020,80,Estimated,V967_Royal Ln from Ashcroft Ave to Greenville Ave,Street Resurfacing,2017 Bonds,10,9/30/2022,0,500238,0,500238,2022,2022
2020,80,Estimated,V969_N Hampton Rd from I-30 W Commerce St,Street Resurfacing,2017 Bonds,6,9/30/2022,0,955255,0,955255,2022,2022
2020,80,Estimated,V970_Allen St from McKinney Ave to Laclede St,Street Resurfacing,2017 Bonds,12,9/30/2022,0,155482,0,155482,2022,2022
2020,80,Estimated,V971_Blackburn St from Turtle Creek Blvd to Travis St,Street Resurfacing,2017 Bonds,14,9/30/2021,0,267774,0,267774,2022,2022
2020,80,Estimated,V972_McKinney Ave from Allen St to Oak Grove Ave,Street Resurfacing,2017 Bonds,14,9/30/2022,0,117752,0,117752,2022,2022
2020,80,Estimated,V973_McKinney Ave from Routh St to Boll St,Street Resurfacing,2017 Bonds,14,9/30/2022,0,112333,0,112333,2022,2022
2020,80,Estimated,V974_McKinney Ave from Boll St to Worthington St,Street Resurfacing,2017 Bonds,14,9/30/2022,0,114905,0,114905,2022,2022
2020,80,Estimated,V975_McKinney Ave from Fairmount St to Routh St,Street Resurfacing,2017 Bonds,14,9/30/2022,0,116345,0,116345,2022,2022
2020,80,Estimated,V978_McKinney Ave from Worthington St to Allen St,Street Resurfacing,2017 Bonds,14,9/30/2022,0,128351,0,128351,2022,2022
2020,80,Estimated,V979_McKinney Ave from Maple Routh Conn to Leonard St,Street Resurfacing,2017 Bonds,14,9/30/2022,0,67159,0,67159,2022,2022
2020,80,Estimated,V982_N Pearl St/Flora St Streetscape & Pedestrian Improvements,Streetscape-Urban Design,2017 Bonds,14,9/30/22,0,0,961500,961500,2023,2023
2020,80,Estimated,V983_Routh St Gateway Streetscape and Pedestrian Improvements,Streetscape-Urban Design,2017 Bonds,14,9/30/22,200000,0,0,200000,2021,2021
2020,80,Estimated,V984_Bishop from 10th St to Jefferson Blvd,Streetscape-Urban Design,2017 Bonds,1,9/27/2020,1219157,0,0,1219157,2021,2021
2020,81,Estimated,V985_Casa View Street Improvements,Streetscape-Urban Design,2017 Bonds,9,3/19/2023,0,0,5678629,5678629,2023,2023
2020,81,Estimated,V986_Ferguson Rd And Lakeland Dr Intersection Improvements,Streetscape-Urban Design,2017 Bonds,7,12/23/2020,0,660599,0,660599,2022,2022
2020,81,Estimated,V987_Ferguson Rd From Oates Dr To Lakeland Dr,Streetscape-Urban Design,2017 Bonds,7,12/23/2021,0,404053,0,404053,2022,2022
2020,81,Estimated,V988_Jefferson Blvd From Adams Ave To Polk St,Streetscape-Urban Design,2017 Bonds,1,10/12/2022,0,0,893057,893057,2023,2023
2020,81,Estimated,V989_Military Parkway from Elva Ave to Rockbluff Dr (Complete Street),Streetscape-Urban Design,2017 Bonds,5,7/26/2023,0,0,1757051,1757051,2023,2023
2020,81,Estimated,V990_Jefferson- Twelfth Connector Lane Diet-Removal,Target Neighborhood,2017 Bonds,1,3/15/2023,0,1774677,0,1774677,2022,2022
2020,81,Estimated,V991_North Boulevard Terrace Extension-Bridget To Plymouth,Target Neighborhood,2017 Bonds,1,5/1/2023,0,0,1831584,1831584,2023,2023
2020,81,Estimated,V992_12Th St From Upton To 200 Ft East Of Upton,Target Neighborhood,2017 Bonds,4,6/21/2023,0,0,310289,310289,2023,2023
2020,81,Estimated,V993_Alley Imp Between 8Th St - Church From Ih 35E To N Cliff,Target Neighborhood,2017 Bonds,4,6/21/2023,0,0,211032,211032,2023,2023
2020,81,Estimated,V994_Alley Imp Between Ewing Ave - Upton From Viola To Clarendon,Target Neighborhood,2017 Bonds,4,6/21/2023,0,0,158369,158369,2023,2023
2020,81,Estimated,V995_Upton St From I-35 E To 12Th St,Target Neighborhood,2017 Bonds,4,6/21/2023,0,0,519523,519523,2023,2023
2020,81,Estimated,V996_Rosemont Rd From Buckner To Hillburn,Target Neighborhood,2017 Bonds,5,11/27/2022,0,0,1362625,1362625,2023,2023
2020,81,Estimated,V997_Rosemont Rd From Hillburn To Jim Miller,Target Neighborhood,2017 Bonds,5,11/27/2022,0,0,2862091,2862091,2023,2023
2020,81,Estimated,V998_N Arcadia Dr From S Ira Ave S Tillery Ave,Target Neighborhood,2017 Bonds,6,8/18/2023,0,0,844439,844439,2023,2023
2020,81,Estimated,V999_N Ira Ave From N Arcadia Dr To W Jefferson Blvd,Target Neighborhood,2017 Bonds,6,8/18/2023,0,0,589168,589168,2023,2023
2020,81,Estimated,VA01_7704-78400 Carbondale St - 7703-7835 Brownville [Alley Imp],Target Neighborhood,2017 Bonds,7,12/25/2023,0,0,306312,306312,2023,2023
2020,81,Estimated,VA02_Burma From Kiska St To Saipan St,Target Neighborhood,2017 Bonds,7,12/25/2023,0,0,556106,556106,2023,2023
2020,81,Estimated,VA03_Fellows Ln From Saipan St To End Of Pavement,Target Neighborhood,2017 Bonds,7,12/25/2023,0,0,490329,490329,2023,2023
2020,81,Estimated,VA04_Burma Rd From Carbondale St To Kiska St,Target Neighborhood,2017 Bonds,7,12/25/2023,0,0,657122,657122,2023,2023
2020,81,Estimated,VA05_17604- 17630 Davenport Alley Construction,Target Neighborhood,2017 Bonds,12,2/9/2021,450634,0,0,450634,2021,2021
2020,82,Estimated,VA06_5701-5745 Palo Pinto Ave - 5702-5746 Velasco Ave [Alley Imp],Target Neighborhood,2017 Bonds,14,10/26/2023,0,0,183125,183125,2023,2023
2020,82,Estimated,VA07_Westshore - Santa Fe Tr - Alley N Of Coronado [Rw-Dng - Sw],Target Neighborhood,2017 Bonds,14,10/26/2023,0,0,834685,834685,2023,2023
2020,82,Estimated,VA08_Canada Drive From Westmoreland To Hampton,Thoroughfares,2017 Bonds,6,9/30/2023,0,7579261,7579261,15158522,2022,2023
2020,82,Estimated,VA10_Pemberton Hill from Great Trinity Forest to Lake June,Thoroughfares,2017 Bonds,"5,7,8",12/25/2022,10114403,0,0,10114403,2021,2021
2020,82,Estimated,VA11_CBD Fair Park Link From Main to IH30 (Design And ROW),Thoroughfares,2017 Bonds,2,12/31/2022,1186446,0,0,1186446,2021,2021
2020,82,Estimated,VA12_Columbia Ave/Main St from S Beacon St to Deep Ellum,Thoroughfares,2017 Bonds,2,4/12/2022,3827395,0,0,3827395,2021,2021
2020,82,Estimated,VA13_Camp Wisdom Rd from FM 1382 to Mountain Creek Pkwy,Thoroughfares,2017 Bonds,3,8/31/2022,0,113910,0,113910,2022,2022
2020,82,Estimated,VA14_Abrams Rd from Gaston Ave to S Beacon St,Thoroughfares,2017 Bonds,14,10/17/2020,643846,0,0,643846,2021,2021
2020,82,Estimated,VA15_Ewing Ave. From I35 E To Clarendon,Public/Private Development,2017 Bonds,4,8/13/2023,0,5037090,0,5037090,2022,2022
2020,82,Estimated,VA16_Commerce Street From Good Latimer To Exposition,Thoroughfares,2017 Bonds,2,5/18/2023,0,8221560,0,8221560,2022,2022
2020,82,Estimated,VA17_Cheyenne From Lake June To Big Thickett ? Phase I,Thoroughfares,2017 Bonds,5,12/30/2021,0,6526912,0,6526912,2022,2022
2020,82,Estimated,VA18_Cheyenne From Big Thicket To Elam,Thoroughfares,2017 Bonds,5,12/30/2021,0,4081504,0,4081504,2022,2022
2020,82,Estimated,VA19_Crouch Rd From Old Ox Rd To S Lancaster Rd,Thoroughfares,2017 Bonds,8,9/30/2023,0,0,3716425,3716425,2023,2023
2020,82,Estimated,VA20_Edd Rd From Seagoville To Garden Grove [Design and ROW only],Thoroughfares,2017 Bonds,8,9/30/2023,0,0,460329,460329,2023,2023
2020,82,Estimated,VA25_Richmond Ave at Skillman St Intersection Improvements,Public/Private Development,2017 Bonds,14,4/12/2022,267448,0,0,267448,2021,2021
2020,82,Estimated,VA30_Critical Bridges- Maple Avenue Bridge over Turtle Creek Brid,Bridge Repair and Modification,2017 Bonds,"3, 14",12/1/2021,137187,0,0,137187,2021,2021
2020,82,Estimated,VA32_Critical Bridges- Marsh Lane over Furneaux Creek Bridge Repair,Bridge Repair and Modification,2017 Bonds,12,12/1/2021,0,287634,0,287634,2022,2022
2020,89,Water Utilities Facilities,Bachman Water Tr Pl - Facs,Water Treatment Plants and Associated Facilities,Water Capital Program,6,9/30/2025,0,4000000,0,4000000,2022,2022
2020,89,Water Utilities Facilities,Central Ww Treat Pl - Faci,Wastewater Treatment Plants and Associated Facilities,Sewer Capital Program,Citywide,9/30/2025,0,22800000,35000000,57800000,2022,2023
2020,89,Water Utilities Facilities,East Side Water Tr Pl - Fa,Water Treatment Plants and Associated Facilities,Water Capital Program,Outside City,9/30/2025,25000000,6000000,0,31000000,2021,2022
2020,89,Water Utilities Facilities,Elm Fork Water Tr Pl - Fac,Water Treatment Plants and Associated Facilities,Water Capital Program,Outside City,9/30/2025,135000000,11000000,96000000,242000000,2021,2023
2020,89,Water Utilities Facilities,Home-Unserv Exten - Improv,Homeowner Extensions and Unserved Areas,Water Capital Program / Sewer Capital Program,Citywide,9/30/2025,3150000,3150000,3150000,9450000,2021,2023
2020,89,Water Utilities Facilities,Mains Intercept - Lift Sta,"Mains, Pump Stations, and Associated Facilities",Sewer Capital Program,Citywide,9/30/2025,14500000,13000000,14500000,42000000,2021,2023
2020,89,Water Utilities Facilities,Mains Interecpt - Lift Sta,"Mains, Pump Stations, and Associated Facilities",Sewer Capital Program,Citywide,9/30/2025,9700000,6700000,9200000,25600000,2021,2023
2020,89,Water Utilities Facilities,Mains-Pumping - Storage Fa,"Mains, Pump Stations, and Associated Facilities",Water Capital Program,Citywide,9/30/2025,27500000,34600000,41710000,103810000,2021,2023
2020,89,Water Utilities Facilities,Major Maintenance - Rehab,Rehabilitation and Equipment,Water Capital Program / Sewer Capital Program,Citywide,9/30/2025,13000000,15800000,15000000,43800000,2021,2023
2020,89,Water Utilities Facilities,Public Art Admin -Water Utilities,Public Art,Water Public Arts Fund,Citywide,9/30/2025,17500,25000,25000,67500,2021,2023
2020,89,Water Utilities Facilities,Raw Water Pump - Trans Fac,Raw Water Pumping and Transmission,Water Capital Program,Citywide & Outside City,9/30/2025,7750000,51450000,16650000,75850000,2021,2023
2020,"89, 90",Water Utilities Facilities,Relocations Due To Paving,Relocations in Advance of Paving,Sewer Capital Program / Water Capital Program,Citywide,9/30/2025,17350000,17350000,25850000,60550000,2021,2023
2020,90,Water Utilities Facilities,Service Ctr- Ofcs-Research,"Service Centers, Offices and Research Facilities",Water Capital Program,Citywide,9/30/2025,3000000,5000000,5000000,13000000,2021,2023
2020,90,Water Utilities Facilities,Southside Ww Treat Pl - Fa,Wastewater Treatment Plants and Associated Facilities,Sewer Capital Program,Citywide,9/30/2025,0,46000000,15000000,61000000,2022,2023
2020,90,Water Utilities Facilities,Studies-Master Plan,Studies and Master Plans,Water Capital Program,Citywide & Outside City,9/30/2025,50000,100000,100000,250000,2021,2023
2020,90,Water Utilities Facilities,Studies-Master Plans,Studies and Master Plans,Sewer Capital Program,Citywide,9/30/2025,1000000,5500000,1000000,7500000,2021,2023
2020,90,Water Utilities Facilities,Supply Reservoirs - Dams,Water Supply Reservoirs and Dams,Water Capital Program,Citywide & Outside City,9/30/2025,26500000,0,0,26500000,2021,2021
2020,90,Water Utilities Facilities,TWDB Wastewater [Clean Water] Project,"Mains, Pump Stations, and Associated Facilities",Water Capital Program,Citywide,9/30/2025,22000000,22000000,22000000,66000000,2021,2023
2020,90,Water Utilities Facilities,TWDB Water Drinking Water Project,"Mains, Pump Stations, and Associated Facilities",Sewer Capital Program,Citywide,9/30/2025,44000000,44000000,44000000,132000000,2021,2023
2020,90,Water Utilities Facilities,Wastewater Facl Public Art,Public Art,Water Public Arts Fund,Citywide,9/30/2025,25000,25000,25000,75000,2021,2023
2020,90,Water Utilities Facilities,Wholesale Customer Facils,Wholesale Customer Facilities,Sewer Capital Program / Water Capital Program,Citywide,9/30/2025,1000000,5000000,1000000,7000000,2021,2023
