cip_year,source_page,department,project_name,project_id,project_type,funding_source,address_location,comp_date,previous_appropriations,spent,remaining,year_2022,year_2023,project_total,future_cost,start_year,end_year
2021,17,Aviation,Airfield Pavement Evaluation,W214,Pavement Construction Maintenance/,Aviation Program Capital,Citywide,Ongoing,521648,376045,145603,0,0,521648,1000000,,
2021,17,Aviation,Airport Emergency Operations Center,W685,Terminal,Aviation Program Capital,Citywide,09/2023,0,0,0,2000000,0,2000000,0,2022,2022
2021,17,Aviation,Airport Planning and Advisory Services,1725,Capital Program Improvement,Aviation Program Capital,Citywide,Ongoing,7905000,6281995,1623005,1000000,1000000,9905000,2376995,2022,2023
2021,17,Aviation,Architectural Engineering Roster,W286,Capital Program Improvement,Aviation Program Capital,Citywide,Ongoing,154500,1329,153171,0,0,154500,0,,
2021,17,Aviation,Aviation Parking Garage,8738,Capital Program Improvement,Aviation Program Capital,Citywide,Ongoing,3757407,1512113,2245294,0,0,3757407,0,,
2021,17,Aviation,Central Utility Plant Updates,W396,Terminal,Aviation Program Capital,Citywide,09/2028,0,0,0,0,0,0,1000000,,
2021,17,Aviation,Common Use Platform/Common Use Self Service Kiosk (CUP/ CUSS),W683,Terminal,Aviation Program Capital,Citywide,09/2027,0,0,0,0,0,0,3300000,,
2021,17,Aviation,CONRAC,W280,Capital Program Improvement,Aviation Program Capital,Citywide,09/2027,0,0,0,0,28600000,28600000,0,2023,2023
2021,17,Aviation,Construction Management/ Project Management,W371,Capital Program Improvement,Aviation Program Capital,Citywide,09/2026,2202666,2202666,0,0,1000000,3202666,2250000,2023,2023
2021,17,Aviation,Crossfield Taxiway Reconfiguration,W125,Pavement Construction Maintenance/,FAA Grants,Citywide,09/2024,20601667,2361800,18239867,12130302,0,32731969,0,2022,2022
2021,18,Aviation,Crossfield Taxiway Reconfiguration,W799,Pavement Construction Maintenance/,Aviation Program Capital,Citywide,09/2024,0,0,0,27500000,0,27500000,0,2022,2022
2021,18,Aviation,Customer Facility Charge,7963,Capital Program Improvement,Aviation Program Capital,Citywide,Ongoing,0,622953,-622953,0,0,622953,0,,
2021,18,Aviation,DAL A/E Space Planning Implementation,W469,Terminal,Aviation Program Capital,Citywide,Ongoing,250000,0,250000,500000,0,750000,0,2022,2022
2021,18,Aviation,DAL Alternate Entry,W287,Capital Program Improvement,Aviation Program Capital,Citywide,Ongoing,33064155,4405000,28659155,0,35000000,68064155,184500000,2023,2023
2021,18,Aviation,DAL Baggage Handling System,W479,Capital Program Improvement,Aviation Program Capital,Citywide,Ongoing,100000,0,100000,0,0,100000,0,,
2021,18,Aviation,DAL Elevator Study,W360,Capital Program Improvement,Aviation Program Capital,Citywide,Ongoing,371300,371040,260,0,0,371300,0,,
2021,18,Aviation,DAL EMS Suite,W357,Capital Program Improvement,Aviation Program Capital,Citywide,09/2022,2308000,186000,2122000,0,0,2308000,0,,
2021,18,Aviation,DAL Replacement Fire Station,W358,Safety/ Security,Aviation Program Capital / FAA Grants,Citywide,Ongoing,20457500,1394265,19063235,0,0,20457500,0,,
2021,18,Aviation,DAL Streetscape Enhancements,W387,Capital Program Improvement,Aviation Program Capital,Citywide,09/2024,5330000,3356498,1973502,22650000,1800000,29780000,6000000,2022,2023
2021,18,Aviation,DAL-Entrance Road Improvements,W167,Capital Program Improvement,Aviation Program Capital,Citywide,Ongoing,14997303,14706893,290410,0,0,14997303,0,,
2021,18,Aviation,Dallas Vertiport Fuel System,W215,Capital Program Improvement,Aviation Program Capital,Citywide,Ongoing,1257409,0,1257409,0,0,1257409,0,,
2021,18,Aviation,DAS Exterior Lighting Improvements,W359,Capital Program Improvement,Aviation Program Capital,Citywide,09/2023,1245000,276071,968929,0,0,1245000,0,,
2021,19,Aviation,DEA Economic Development,W605,Capital Program Improvement,Aviation Program Capital,Citywide,Ongoing,0,0,0,0,0,0,2000000,,
2021,19,Aviation,DEA Extend Taxiway E,W388,Pavement Construction Maintenance/,Aviation Program Capital,Citywide,09/2026,463300,0,463300,0,0,463300,1222000,,
2021,19,Aviation,DEA Streetscape Enhancements,W367,Capital Program Improvement,Aviation Program Capital,Citywide,09/2024,517500,517202,298,0,5170000,5687500,9000000,2023,2023
2021,19,Aviation,DEA Taxiway Apron Infill - Design,W334,Pavement Construction Maintenance/,Aviation Program Capital,Citywide,Ongoing,850000,0,850000,0,0,850000,0,,
2021,19,Aviation,DEA Taxiway J,W393,Pavement Construction Maintenance/,Aviation Program Capital,Citywide,09/2026,0,0,0,0,0,0,282500,,
2021,19,Aviation,DEA West Development Payback,W285,Capital Program Improvement,Aviation Program Capital,Citywide,09/2022,7764286,100100,7664186,0,0,7764286,0,,
2021,19,Aviation,Drainage Master Plan - Schematic Design,W133,Capital Program Improvement,Aviation Program Capital,Citywide,Ongoing,13401638,101638,13300000,0,0,13401638,0,,
2021,19,Aviation,Elevator Upgrades,W391,Capital Program Improvement,Aviation Program Capital,Citywide,09/2022,873700,0,873700,0,126300,1000000,0,2023,2023
2021,19,Aviation,Garage A and Terminal Roadway Rebuild,W687,Terminal,Aviation Program Capital,Citywide,Ongoing,0,0,0,0,0,0,277500000,,
2021,19,Aviation,K9 Facility,W684,Safety/ Security,Aviation Program Capital,Citywide,09/2026,0,0,0,0,1000000,1000000,0,2023,2023
2021,19,Aviation,Love Fld Major Maintenance,8707,Terminal,Aviation Program Capital,Citywide,Ongoing,16506585,14506585,2000000,0,0,16506585,0,,
2021,19,Aviation,Material Testing for Construction Work,W152,Capital Program Improvement,Aviation Program Capital,Citywide,Ongoing,551361,0,551361,0,0,551361,0,,
2021,19,Aviation,Passenger Facility Charge Program,0781,Capital Program Improvement,Aviation Program Capital,Citywide,Ongoing,69266427,84671946,-15405519,0,0,84671946,0,,
2021,20,Aviation,People-mover Connector,8710,Capital Program Improvement,FAA Grants,Citywide,Ongoing,5311092,5012736,298356,0,0,5311092,0,,
2021,20,Aviation,Reconstruct RWY 13R 31L,D019,Pavement Construction Maintenance/,Aviation Program Capital,Citywide,09/2022,147354044,85998576,138178586,0,0,147354044,0,,
2021,20,Aviation,Reconstruction of Runway 13L/31R at Dallas Love Field Airport,W609,Pavement Construction Maintenance/,Aviation Program Capital,Citywide,09/2027,0,0,0,0,0,0,3000000,,
2021,20,Aviation,Reconstruction of Runway 13L/31R at Dallas Love Field Airport,W797,Pavement Construction Maintenance/,FAA Grants,Citywide,09/2027,0,0,0,0,0,0,6600000,,
2021,20,Aviation,Rehabilitate Taxiway C Phase 2,W281,Pavement Construction Maintenance/,Aviation Program Capital,Citywide,09/2024,193200,444000,-250800,0,0,444000,0,,
2021,20,Aviation,Rehabilitate Taxiway C: Taxi D to Taxi C,W122,Pavement Construction Maintenance/,Aviation Program Capital,Citywide,09/2022,43341140,21635432,21705707,0,0,43341140,0,,
2021,20,Aviation,Reonstruct Taxiway A (Phase 1) TWY D to,W288,Pavement Construction Maintenance/,Aviation Program Capital,Citywide,09/2024,0,589500,-589500,0,1975200,1975200,22028760,2023,2023
2021,20,Aviation,Reonstruct Taxiway A (Phase 1) TWY D to,W798,Pavement Construction Maintenance/,FAA Grants,Citywide,09/2024,0,0,0,0,3600000,3600000,10200000,2023,2023
2021,20,Aviation,Grand Total,,,,,,0,0,0,0,0,0,0,,
2021,24,City Facilities,10345 Webb Chapel Road,VJ05,Homeless Services Housing,2017 Bonds,13,09/2023,7320,7320,0,0,0,7320,0,,
2021,24,City Facilities,12000 Greenville Avenue,VJ02,Homeless Services Housing,2017 Bonds,10,09/2023,5000,2652,2349,0,0,5000,0,,
2021,24,City Facilities,1805 North Haskell Avenue,VJ03,Homeless Services Housing,2017 Bonds,14,09/2023,5000,3247,1753,0,0,5000,0,,
2021,24,City Facilities,19393 Preston Rd [Candlewood Suites],VJ06,Homeless Services Housing,2017 Bonds,12,09/2023,510490,10490,500000,0,0,510490,0,,
2021,24,City Facilities,2009 and 2011 North Haskell Avenue,VJ04,Homeless Services Housing,2017 Bonds,14,09/2023,5000,2125,2875,0,0,5000,0,,
2021,24,City Facilities,2929 S Hampton,VJ07,Homeless Services Housing,2017 Bonds,3,09/2023,13000,13000,0,0,0,13000,0,,
2021,24,City Facilities,6th Floor Renovation,W266,City Court and Facilities Municipal,2006 Bonds,Citywide,07/2021,979842,955711,24131,0,0,979842,0,,
2021,24,City Facilities,ADA Improvements,W793,City Court and Facilities Municipal,2006 Bonds,Citywide,Ongoing,0,0,0,2264118,0,2264118,0,2022,2022
2021,24,City Facilities,ADA Improvements- Major Maintenance and Repairs,W663,Major Maintenance,Other GO Non-Debt CIP -,Citywide,Ongoing,500000,249786,250214,0,0,500000,0,,
2021,25,City Facilities,Apparatus Replacement,E313,Replacement Fleet/Equipment,Other Debt GO CIP -,Citywide,Ongoing,33350000,31836578,1513422,11800000,11800000,56950000,0,2022,2023
2021,25,City Facilities,Cadillac Heights Land Acquisition,T825,Land Acquisition,2006 Bonds,Citywide,09/2022,11743349,528939,11214411,0,0,11743349,0,,
2021,25,City Facilities,Case Management System,E314,Replacement Fleet/Equipment,Other Debt GO CIP -,Citywide,Ongoing,3379178,3246908,132270,0,0,3379178,0,,
2021,25,City Facilities,Central Library - Elevators,W156,City Court and Facilities Municipal,2003 Bonds,Citywide,07/2021,107806,0,107806,0,0,107806,0,,
2021,25,City Facilities,Central Patrol Station,VG33,City Court and Facilities Municipal,2017 Bonds,2,03/2022,548,548,0,150452,0,151000,0,2022,2022
2021,25,City Facilities,Central Service Center - Streets Operations Building,VH03,City Court and Facilities Municipal,2017 Bonds,2,09/2021,125000,8030,116970,0,0,125000,0,,
2021,25,City Facilities,Central Service Center- Sanitation Building,VH04,City Court and Facilities Municipal,2017 Bonds,2,09/2021,149999,7858,142142,0,0,149999,0,,
2021,25,City Facilities,City Facilities - Police Facilities Safety Improvements,W019,City Court and Facilities Municipal,Other GO Non-Debt CIP -,Citywide,09/2020,697770,688711,9059,0,0,697770,0,,
2021,25,City Facilities,City Facilities- Building Condition Asse,T771,City Court and Facilities Municipal,2006 Bonds,Citywide,09/2021,100001,0,100001,0,0,100001,0,,
2021,25,City Facilities,City Facilities Improvements,W221,Major Maintenance,Other GO Non-Debt CIP -,Citywide,09/2024,7163673,7140997,22676,0,0,7163673,0,,
2021,25,City Facilities,City Hall - Electrical system renovation,T747,City Court and Facilities Municipal,2006 Bonds,Citywide,09/2022,4331763,3026850,1304912,0,0,4331763,0,,
2021,25,City Facilities,City Hall - Tank Replacement,T749,City Court and Facilities Municipal,2006 Bonds,Citywide,09/2022,160164,15407,144757,0,0,160164,0,,
2021,26,City Facilities,City Hall,VH05,City Court and Facilities Municipal,2017 Bonds,2,10/2022,2613986,2446452,167534,603750,1868229,5085965,0,2022,2023
2021,26,City Facilities,City Hall Data Center - Renovations,P478,Technology,Other Debt GO CIP -,Citywide,Ongoing,5200000,299517,4900483,0,0,5200000,0,,
2021,26,City Facilities,Citywide Radio System Replacement,E384,Technology,Other Debt GO CIP -,Citywide,Ongoing,54899072,53975572,923500,0,0,54899072,0,,
2021,26,City Facilities,Comfort Suites- 13165 N. Central Exwy,VJ11,Homeless Services Housing,2017 Bonds,11,09/2023,2590,2590,0,0,0,2590,0,,
2021,26,City Facilities,Contingency Reserve - Capital Construction,P479,Major Maintenance,Other GO Non-Debt CIP -,Citywide,09/2020,3014104,3009214,4890,0,0,3014104,0,,
2021,26,City Facilities,Dallas Museum of Art,VF03,Cultural Facilities,2017 Bonds,14,02/2022,6000000,5638524,361476,0,0,6000000,0,,
2021,26,City Facilities,Days Inn Lancaster- 8312 S. Lancaster Rd,VJ10,Homeless Services Housing,2017 Bonds,8,09/2023,2590,2590,0,0,0,2590,0,,
2021,26,City Facilities,DFD- SCBA and Safety Equipment,E406,Replacement Fleet/Equipment,Other Debt GO CIP -,Citywide,09/2022,4672134,379381,4292753,0,0,4672134,0,,
2021,26,City Facilities,DFD-Ambulance Replacement,E414,Replacement Fleet/Equipment,Other Debt GO CIP -,Citywide,Ongoing,0,0,0,0,6000000,6000000,0,2023,2023
2021,26,City Facilities,DPD In-Car DVR 1/5 Annual Replacement,E409,Technology,Other Debt GO CIP -,Citywide,Ongoing,2277600,0,2277600,0,0,2277600,0,,
2021,26,City Facilities,DPD In-Car DVR 1/5 Annual Replacement,E416,Technology,Other Debt GO CIP -,Citywide,Ongoing,0,0,0,1401600,1401600,2803200,0,2022,2023
2021,26,City Facilities,DPD TAAG Surveillance Camera 1/5 Annual,E410,Technology,Other Debt GO CIP -,Citywide,Ongoing,1063500,608298,455202,0,0,1063500,0,,
2021,27,City Facilities,DPD TAAG Surveillance Camera 1/5 Annual,E417,Technology,Other Debt GO CIP -,Citywide,Ongoing,0,0,0,2127000,2127000,4254000,0,2022,2023
2021,27,City Facilities,EFM - General Fleet,E413,Replacement Fleet/Equipment,Other Debt GO CIP -,Citywide,Ongoing,7500000,0,7500000,0,0,7500000,0,,
2021,27,City Facilities,EFM-General Fleet,E422,Replacement Fleet/Equipment,Other Debt GO CIP -,Citywide,Ongoing,0,0,0,9800000,8800000,18600000,0,2022,2023
2021,27,City Facilities,Electrical Panel Replacement at 37 Facilities,VH07,City Court and Facilities Municipal,2017 Bonds,Citywide,10/2022,1300000,377429,922571,0,0,1300000,0,,
2021,27,City Facilities,Emergency Warning Sirens,W792,City Court and Facilities Municipal,2006 Bonds,Citywide,Ongoing,0,0,0,310000,0,310000,0,2022,2022
2021,27,City Facilities,Enterprise Electronic Document Management,E380,Technology,Other Debt GO CIP -,Citywide,Ongoing,565407,0,565407,0,0,565407,0,,
2021,27,City Facilities,Enterprise Electronic Document Management,E389,Technology,Other Debt GO CIP -,Citywide,Ongoing,725000,0,725000,0,0,725000,0,,
2021,27,City Facilities,Facilities Condition Assessment,W077,City Court and Facilities Municipal,2006 Bonds,Citywide,12/2021,352753,0,352753,0,0,352753,0,,
2021,27,City Facilities,Fire Station # 46,VG02,Fire Facilities Protection,2017 Bonds,3,07/2021,6775492,5700877,1074615,0,0,6775492,0,,
2021,27,City Facilities,Fire Station # 53,VG03,Fire Facilities Protection,2017 Bonds,7,03/2022,3358,3358,0,81642,0,85000,0,2022,2022
2021,27,City Facilities,Fire Station #05,VG04,Fire Facilities Protection,2017 Bonds,5,03/2022,45000,199,44801,0,0,45000,0,,
2021,27,City Facilities,Fire Station #09,VG06,Fire Facilities Protection,2017 Bonds,8,06/2021,63000,61207,1793,0,0,63000,0,,
2021,27,City Facilities,Fire Station #1,VG16,Fire Facilities Protection,2017 Bonds,6,03/2022,3024,3024,0,81975,0,84999,0,2022,2022
2021,27,City Facilities,Fire Station #11,VG07,Fire Facilities Protection,2017 Bonds,14,03/2022,3493,3493,0,81508,0,85001,0,2022,2022
2021,28,City Facilities,Fire Station #11B,VG18,Fire Facilities Protection,2017 Bonds,14,03/2022,3678,3678,0,97322,0,101000,0,2022,2022
2021,28,City Facilities,Fire Station #21,VG19,Fire Facilities Protection,2017 Bonds,2,03/2022,2699,2699,0,82301,0,85000,0,2022,2022
2021,28,City Facilities,Fire Station #24,VG11,Fire Facilities Protection,2017 Bonds,7,03/2022,3083,3083,0,88917,0,92000,0,2022,2022
2021,28,City Facilities,Fire Station #36,VG13,Fire Facilities Protection,2017 Bonds,6,07/2022,6777138,6646232,130906,1496081,0,8273219,0,2022,2022
2021,28,City Facilities,Fire Station #45,VG21,Fire Facilities Protection,2017 Bonds,6,03/2022,3412,3412,0,0,0,3412,0,,
2021,28,City Facilities,Fire Station #5,VG25,Fire Facilities Protection,2017 Bonds,5,03/2022,85000,0,85000,0,0,85000,0,,
2021,28,City Facilities,Fire Station #52,VG22,Fire Facilities Protection,2017 Bonds,3,03/2022,85000,3532,81468,0,0,85000,0,,
2021,28,City Facilities,Fire Station #53,VG23,Fire Facilities Protection,2017 Bonds,7,03/2022,74000,2890,71110,0,0,74000,0,,
2021,28,City Facilities,Fire Station 19 Replacement,VG44,Fire Facilities Protection,2017 Bonds / Other Debt GO CIP -,2,08/2022,7475650,766049,6709601,0,0,7475650,0,,
2021,28,City Facilities,Fire Station 41 Replacement,VG45,Fire Facilities Protection,Other Debt GO CIP -,13,09/2022,7000000,550442,6449558,0,0,7000000,0,,
2021,28,City Facilities,Fire Station Improvements - Generators,W791,Fire Facilities Protection,2006 Bonds,Citywide,Ongoing,0,0,0,638716,0,638716,0,2022,2022
2021,28,City Facilities,Fire Station Temporary Facilities 19 & 41,VG46,Fire Facilities Protection,Other Debt GO CIP -,13,08/2021,2000000,278316,1721684,0,0,2000000,0,,
2021,28,City Facilities,Fleet/Equipment Replacement,8199,Replacement Fleet/Equipment,Other Debt GO CIP -,Citywide,Ongoing,25000000,15151786,9848214,8200000,8200000,41400000,0,2022,2023
2021,28,City Facilities,Fleet/Equipment Replacement - EBS,E323,Replacement Fleet/Equipment,Other Debt GO CIP -,Citywide,Ongoing,3862422,3786780,75642,0,0,3862422,0,,
2021,29,City Facilities,Forest Green Branch Library,VE01,City Court and Facilities Municipal,2017 Bonds,10,07/2021,7483031,7317489,165543,0,0,7483031,0,,
2021,29,City Facilities,Future Fire Station Jim Miller - Loop 12,VG31,Fire Facilities Protection,2017 Bonds,8,09/2021,6615217,5920609,694608,0,0,6615217,0,,
2021,29,City Facilities,Future Fire Station Jim Miller and Loop,W627,Fire Facilities Protection,2006 Bonds,8,09/2021,500000,500000,0,0,0,500000,0,,
2021,29,City Facilities,Garage at Central Service Center,VH08,City Court and Facilities Municipal,2017 Bonds,2,09/2021,75000,6039,68961,0,0,75000,0,,
2021,29,City Facilities,General Capital Reserve,,Major Maintenance,Other GO Non-Debt CIP -,Citywide,Ongoing,14425249,9425249,5000000,3000000,3500000,20925249,0,2022,2023
2021,29,City Facilities,General Fleet,E381,Replacement Fleet/Equipment,Other Debt GO CIP -,Citywide,09/2022,5637646,5536557,101089,0,0,5637646,0,,
2021,29,City Facilities,Homeless Assistance Facilites,VJ01,Homeless Services Housing,2017 Bonds,Citywide,09/2023,7787572,40300,7747272,2989185,3021630,13798387,0,2022,2023
2021,29,City Facilities,IT Network Equipment 1/5 Annual Replacement,E402,Technology,Other Debt GO CIP -,Citywide,Ongoing,915610,604865,310745,0,0,915610,0,,
2021,29,City Facilities,IT Network Equipment 1/5 Annual Replacement,E411,Technology,Other Debt GO CIP -,Citywide,Ongoing,4200000,1777285,2422715,0,0,4200000,0,,
2021,29,City Facilities,IT Network Equipment 1/5 Annual Replacement,E418,Technology,Other Debt GO CIP -,Citywide,Ongoing,0,0,0,2100000,2100000,4200000,0,2022,2023
2021,29,City Facilities,IT Security Equipment 1/5 Annual Replacement,E420,Technology,Other Debt GO CIP -,Citywide,Ongoing,0,0,0,440000,440000,880000,0,2022,2023
2021,30,City Facilities,Jack Evans DPD Headquarters - Physical Security Enhancements,W049,City Court and Facilities Municipal,2006 Bonds / 2017 Bonds,Citywide,07/2021,141706,141706,0,0,0,141706,0,,
2021,30,City Facilities,Jack Evans Headquarters,VG35,City Court and Facilities Municipal,2017 Bonds,2,07/2021,1250000,1166718,83282,0,0,1250000,0,,
2021,30,City Facilities,Laptop/Desktop 1/5 Annual Replacement,E415,Technology,Other Debt GO CIP -,Citywide,Ongoing,0,0,0,2156400,2156400,4312800,0,2022,2023
2021,30,City Facilities,Latino Cultural Center - Phase II - Des,T697,Cultural Facilities,2006 Bonds,Citywide,09/2023,881918,488404,393514,0,0,881918,0,,
2021,30,City Facilities,Latino Cultural Center - Phase II - Prio,T698,Cultural Facilities,2006 Bonds,Citywide,08/2021,2813041,2809843,3198,0,0,2813041,0,,
2021,30,City Facilities,Major Maintenance and Repairs FY20,W504,Major Maintenance,Other GO Non-Debt CIP -,Citywide,09/2024,6500000,6352266,147734,0,0,6500000,0,,
2021,30,City Facilities,Major Maintenance and Repairs FY21,W620,Major Maintenance,Other GO Non-Debt CIP -,Citywide,Ongoing,5640467,5583962,56505,0,0,5640467,0,,
2021,30,City Facilities,Major Maintenance and Repairs FY22 - BSD,W680,Major Maintenance,Other GO Non-Debt CIP -,Citywide,Ongoing,0,0,0,8500000,9000000,17500000,38000000,2022,2023
2021,30,City Facilities,Major Maintenance and Repairs Meyerson,W506,Major Maintenance,Other GO Non-Debt CIP -,Citywide,09/2024,1000000,981335,18665,0,0,1000000,0,,
2021,31,City Facilities,Major Maintenance Projects-Arts and Cultural Facilities,W130,Cultural Facilities,Other GO Non-Debt CIP -,Citywide,09/2026,2400000,2180139,219861,0,0,2400000,0,,
2021,31,City Facilities,Meyerson,VF05,Cultural Facilities,2017 Bonds,14,08/2021,3800000,3579821,220179,0,0,3800000,0,,
2021,31,City Facilities,Meyerson Maintenance Support,W629,Cultural Facilities,Other GO Non-Debt CIP -,14,09/2024,2873600,2486082,387518,667669,0,3541269,0,2022,2022
2021,31,City Facilities,Meyerson Sypmphony Center Reverberation,W267,Cultural Facilities,2006 Bonds,14,08/2021,73995,73995,0,0,0,73995,0,,
2021,31,City Facilities,Miramar Hotel- 1950 Fort Worth Ave,VJ08,Homeless Services Housing,2017 Bonds,1,09/2023,2348033,2760,2345273,0,0,2348033,0,,
2021,31,City Facilities,NE Patrol Station,VG37,City Court and Facilities Municipal,2017 Bonds,10,05/2022,1075000,471038,603962,0,0,1075000,0,,
2021,31,City Facilities,Non-City Owned Cultural Facility Repair,W149,Cultural Facilities,Other GO Non-Debt CIP -,Citywide,09/2023,600000,216158,383842,0,0,600000,0,,
2021,31,City Facilities,Oak Cliff Municipal Center,VH10,City Court and Facilities Municipal,2017 Bonds,1,10/2022,535132,2401,532731,600000,864868,2000000,0,2022,2023
2021,31,City Facilities,P25 Radio Project,P776,Technology,Capital Reimbursement Projects,Citywide,12/2022,924360,848707,75653,0,0,924360,0,,
2021,31,City Facilities,Police Academy Building - Phase I- Design,R961,Police Facilities,2003 Bonds,Citywide,09/2022,72916,3344,69572,0,0,72916,0,,
2021,31,City Facilities,Police DVR Replacements Phase 1 of 4,E391,Technology,Other Debt GO CIP -,Citywide,Ongoing,1350000,124549,1225451,0,0,1350000,0,,
2021,31,City Facilities,Priority Major Maintenance,P717,Major Maintenance,Other GO Non-Debt CIP -,Citywide,09/2024,9242331,8183598,1058733,0,0,9242331,0,,
2021,32,City Facilities,Public Art Administration - Court Facilities,PA55,Public Art,2006 Bonds,Citywide,09/2022,3039,0,3039,0,0,3039,0,,
2021,32,City Facilities,Public Art Administration - Farmers Market,PA53,Public Art,2006 Bonds,Citywide,09/2022,2158,0,2158,0,0,2158,0,,
2021,32,City Facilities,Public Art Administration,N928,Public Art,1998 Bonds,Citywide,09/2021,15630,0,15630,0,0,15630,0,,
2021,32,City Facilities,Public Art Administration- Library Facilities,PA45,Public Art,2006 Bonds,Citywide,09/2021,136,0,136,0,0,136,0,,
2021,32,City Facilities,Public Art Program,N819,Public Art,1998 Bonds,Citywide,09/2021,540684,511649,29035,0,0,540684,0,,
2021,32,City Facilities,Public Art Projects - Library Facilities,PA02,Public Art,2003 Bonds,Citywide,09/2021,48500,0,48500,0,0,48500,0,,
2021,32,City Facilities,Public Art Projects,N927,Public Art,1998 Bonds,Citywide,09/2021,62520,11364,51156,0,0,62520,0,,
2021,32,City Facilities,Public Art Projects - Public Safety Facilities,PA42,Public Art,2006 Bonds / 2017 Bonds,Citywide,09/2022,3837,0,3837,0,0,3837,0,,
2021,32,City Facilities,Public Art Projects- Court Facilities,PA54,Public Art,2006 Bonds,Citywide,09/2022,12156,0,12156,0,0,12156,0,,
2021,32,City Facilities,Public Arts Administration,PA61,Public Art,2017 Bonds,Citywide,09/2021,37155,27877,9278,0,0,37155,0,,
2021,32,City Facilities,Public Arts Administration- City Facilities,PA51,Public Art,2006 Bonds,Citywide,09/2022,18994,0,18994,0,0,18994,0,,
2021,33,City Facilities,Public Arts Administration- Public Safety,PA63,Public Art,2017 Bonds,Citywide,09/2021,47955,13773,34182,0,0,47955,0,,
2021,33,City Facilities,Public Arts Projects- City Facilities,PA50,Public Art,2006 Bonds,Citywide,09/2022,75974,0,75974,0,0,75974,0,,
2021,33,City Facilities,Public Arts Projects- Farmers Market,PA52,Public Art,2006 Bonds,Citywide,09/2022,8631,0,8631,0,0,8631,0,,
2021,33,City Facilities,Public Arts Projects- Library Facilities,PA44,Public Art,2006 Bonds,Citywide,09/2021,17611,0,17611,0,0,17611,0,,
2021,33,City Facilities,Public Arts Projects- Public Safety,PA62,Public Art,2017 Bonds,Citywide,09/2021,191820,118000,73820,0,0,191820,0,,
2021,33,City Facilities,Public Safety MDC 1/5 Annual Replacement,E412,Technology,Other Debt GO CIP -,Citywide,Ongoing,500000,0,500000,0,0,500000,0,,
2021,33,City Facilities,Public Safety MDC 1/5 Annual Replacement,E419,Technology,Other Debt GO CIP -,Citywide,Ongoing,0,0,0,1000000,1000000,2000000,0,2022,2023
2021,33,City Facilities,Reserve Bond Projects,RV42,City Court and Facilities Municipal,2006 Bonds / 2003 Bonds,Citywide,09/2023,197557,0,197557,0,0,197557,0,,
2021,33,City Facilities,Reserve Bond Projects,RV49,Cultural Facilities,2006 Bonds,Citywide,09/2023,80385,0,80385,0,0,80385,0,,
2021,33,City Facilities,Reserved 2017 Bond Projects- City Facilities - BSD,VH16,City Court and Facilities Municipal,2017 Bonds,Citywide,09/2023,267188,0,267188,0,0,267188,0,,
2021,33,City Facilities,Reserved 2017 Bond Projects- Cultural Af,VF10,Cultural Facilities,2017 Bonds,Citywide,09/2023,1243,0,1243,0,0,1243,0,,
2021,"33, 34",City Facilities,Reserved Bond Projects,RV33,Fire Facilities Protection,2006 Bonds / 2003 Bonds,Citywide,09/2023,260619,0,260619,0,0,260619,0,,
2021,34,City Facilities,Reserved Bond Projects,RV60,City Court and Facilities Municipal,2006 Bonds,Citywide,09/2023,778361,0,778361,0,0,778361,0,,
2021,34,City Facilities,Solar Installation,W799,Major Maintenance,Other GO Non-Debt CIP -,Citywide,Ongoing,0,0,0,500000,500000,1000000,0,2022,2023
2021,34,City Facilities,South Dallas Cultural Center,VF09,Cultural Facilities,2017 Bonds,7,10/2022,49278,0,49278,131484,132912,313674,0,2022,2023
2021,34,City Facilities,Southeast Service Center - Construction,T743,City Court and Facilities Municipal,2006 Bonds / 2017 Bonds,Citywide,09/2022,7633293,420394,7212899,0,0,7633293,0,,
2021,34,City Facilities,Southwest Transfer Station [24410],VH11,City Court and Facilities Municipal,2017 Bonds,3,09/2021,205000,151982,53018,0,0,205000,0,,
2021,34,City Facilities,Space Planning- Major Maintenance and Repairs,W664,Major Maintenance,Other GO Non-Debt CIP -,Citywide,Ongoing,500000,34201,465799,0,0,500000,0,,
2021,34,City Facilities,Storage Facility,VH01,City Court and Facilities Municipal,2017 Bonds,10,09/2021,325000,0,325000,0,0,325000,0,,
2021,34,City Facilities,SW Patrol Station,VG42,City Court and Facilities Municipal,2017 Bonds,3,10/2022,3248,3248,0,0,2183646,2186894,0,2023,2023
2021,34,City Facilities,Technology Infrastructure Redesign,E421,Technology,Other Debt GO CIP -,Citywide,Ongoing,0,0,0,975000,975000,1950000,0,2022,2023
2021,34,City Facilities,The St. Jude Center - Park Central Project,VJ12,Homeless Services Housing,2017 Bonds,11,09/2023,3300000,3300000,0,0,0,3300000,0,,
2021,34,City Facilities,Unspecified ADA Improvements,VH12,City Court and Facilities Municipal,2017 Bonds,Citywide,10/2022,1730000,243398,1486603,1500000,0,3230000,0,2022,2022
2021,"34, 35",City Facilities,Vickery Meadow Branch Library,VE03,City Court and Facilities Municipal,2017 Bonds / Other GO Non-Debt CIP -,13,03/2021,7814398,6949875,864522,0,0,7814398,0,,
2021,35,City Facilities,Vickery Meadow Community Court,W141,City Court and Facilities Municipal,2006 Bonds,Citywide,06/2021,532790,454427,78363,0,0,532790,0,,
2021,35,City Facilities,West Dallas Multipurpose Center,VH13,City Court and Facilities Municipal,2017 Bonds,6,07/2021,2761000,2353659,407341,0,0,2761000,0,,
2021,35,City Facilities,Wingate Inn- 8650 N. Stemmons Fwy,VJ09,Homeless Services Housing,2017 Bonds,2,09/2023,2590,2590,0,0,0,2590,0,,
2021,35,City Facilities,Grand Total,,,,,,0,0,0,0,0,-38000000,38000000,,
2021,40,Convention & Event Services,Convention Center Facility Improvements,W111,Convention Improvement Center,Center Program Convention Capital,2,Ongoing,8659638,2209580,6450058,1500000,2000000,12159638,13437500,2022,2023
2021,40,Convention & Event Services,Convention Center Master Plan,W433,Convention Improvement Center,Center Program Convention Capital,2,08/2021,4953198,0,4953198,3572237,7352793,15878228,9771004,2022,2023
2021,40,Convention & Event Services,Convention Facility ElevatorEscalator Improvement Project,W106,Convention Improvement Center,Center Program Convention Capital,2,09/2023,4658334,332178,4326156,2094763,918482,7671579,0,2022,2023
2021,40,Convention & Event Services,Convention Facility Wayfinding Signage,W102,Convention Improvement Center,Center Program Convention Capital,2,Ongoing,1875000,0,1875000,0,0,1875000,0,,
2021,40,Convention & Event Services,EBJ Union Station,W602,Convention Improvement Center,Center Program Convention Capital,2,Ongoing,0,0,0,200000,330625,530625,1317471,2022,2023
2021,40,Convention & Event Services,Electronic-Mechanical Lock Replacement,W219,Convention Improvement Center,Center Program Convention Capital,2,09/2022,2500000,0,2500000,0,0,2500000,0,,
2021,40,Convention & Event Services,F Hall Roof Replacement,W295,Convention Improvement Center,Center Program Convention Capital,2,09/2023,1800000,596440,1203560,0,0,1800000,0,,
2021,41,Convention & Event Services,Facility Security (Camera Maintenance Contract),W104,Convention Improvement Center,Center Program Convention Capital,2,Ongoing,725000,506904,218096,0,0,725000,0,,
2021,41,Convention & Event Services,Fire Sprinkler Pipe Replacement,W298,Convention Improvement Center,Center Program Convention Capital,2,Ongoing,5376867,165367,5211500,0,0,5376867,0,,
2021,41,Convention & Event Services,Flatwork around Facility,W297,Convention Improvement Center,Center Program Convention Capital,2,Ongoing,2000000,0,2000000,0,0,2000000,0,,
2021,41,Convention & Event Services,JOC Projects,W604,Convention Improvement Center,Center Program Convention Capital,2,Ongoing,0,0,0,1375000,1718750,3093750,4448438,2022,2023
2021,41,Convention & Event Services,KBHCCD Interior- Exterior Door Replacement Project,W218,Convention Improvement Center,Center Program Convention Capital,2,09/2022,1800000,0,1800000,0,0,1800000,0,,
2021,41,Convention & Event Services,KBHCCD Water Infiltration Project,W188,Convention Improvement Center,Center Program Convention Capital,2,09/2027,4600000,919476,3680524,4500000,2700000,11800000,5200000,2022,2023
2021,41,Convention & Event Services,Operable Wall Repairs,W175,Convention Improvement Center,Center Program Convention Capital,2,09/2021,1536904,567120,969784,0,0,1536904,0,,
2021,41,Convention & Event Services,Pioneer Plaza,W601,Convention Improvement Center,Center Program Convention Capital,2,Ongoing,0,0,0,69000,79350,148350,301133,2022,2023
2021,41,Convention & Event Services,Restroom Modernization and Accessibility Improvements,W431,Convention Improvement Center,Center Program Convention Capital,2,09/2025,3049493,68667,2980826,1100000,1100000,5249493,2200000,2022,2023
2021,41,Convention & Event Services,Reunion Parking Center Assessment & Repairs,W291,Convention Improvement Center,Center Program Convention Capital,2,09/2021,5767033,404562,5362471,0,0,5767033,0,,
2021,42,Convention & Event Services,Spectra Projects,W603,Convention Improvement Center,Center Program Convention Capital,2,Ongoing,0,0,0,1784000,5000000,6784000,8535537,2022,2023
2021,42,Convention & Event Services,TBAAL Capital Improvements,W432,Convention Improvement Center,Center Program Convention Capital,2,Ongoing,720135,464445,255690,805000,800000,2325135,3788917,2022,2023
2021,42,Convention & Event Services,War Memorial Repairs,W294,Convention Improvement Center,Center Program Convention Capital,2,09/2021,150000,260028,-110028,0,0,260028,0,,
2021,42,Convention & Event Services,Grand Total,,,,,,0,0,0,0,0,0,0,,
2021,50,Economic Development,1632 MLK Blvd. Project - St. Phillips Redevelopment Project,VI27,Development Economic Bonds,2017 Bonds,7,12/2022,1000000,1000000,0,0,0,1000000,0,,
2021,50,Economic Development,1712 Commerce Hotel,P952,District Connection Downtown TIF,Other GO Non-Debt CIP -,14,09/2024,713880,0,713880,141712,141712,997304,9905961,2022,2023
2021,50,Economic Development,2101 Taylor St Development,P847,Farmers District Market TIF,Other GO Non-Debt CIP -,2,09/2022,1033665,0,1033665,3156799,0,4190464,0,2022,2022
2021,50,Economic Development,411 N Akard Bldg Redevelopment,P943,District Connection Downtown TIF,Other GO Non-Debt CIP -,14,09/2024,1747637,1525160,222477,166221,3184293,5098151,4967506,2022,2023
2021,50,Economic Development,5580 Peterson Lane Future Midtown Park,VI32,Development Economic Bonds,2017 Bonds,11,Ongoing,3000000,0,3000000,0,0,3000000,0,,
2021,50,Economic Development,Adolphus Tower Project,1880,City District Center TIF,Other GO Non-Debt CIP -,14,06/2023,2258605,0,2258605,2083862,139634,4482101,0,2022,2023
2021,50,Economic Development,Affordable Housing Partcip,P008,Housing,Other GO Non-Debt CIP -,Citywide,Ongoing,1620566,1546863,73703,0,0,1620566,0,,
2021,50,Economic Development,Bishop Arts Station,W059,Oak Cliff District Gateway TIF,Other GO Non-Debt CIP -,1,09/2022,7225555,4685591,2539964,2136273,0,9361828,0,2022,2022
2021,50,Economic Development,Cabana Hotel 899 N. Stemmons,W500,Design District District TIF,Other GO Non-Debt CIP -,6,12/2025,0,0,0,0,0,0,500000,,
2021,51,Economic Development,CD1 - Southern Gateway,W483,Equity Revitalization,Other GO Non-Debt CIP - / 2003 Bonds,1,09/2022,370767,0,370767,0,0,370767,0,,
2021,51,Economic Development,CD10 - LBJ Skillman,W492,Equity Revitalization,Other GO Non-Debt CIP - / 2003 Bonds,10,09/2022,1119322,71682,1047640,0,0,1119322,0,,
2021,51,Economic Development,CD11 - Midtown,W493,Equity Revitalization,Other GO Non-Debt CIP -,11,09/2022,500000,301178,198822,0,0,500000,0,,
2021,51,Economic Development,CD12 - Streets,W494,Equity Revitalization,Other GO Non-Debt CIP -,12,09/2022,500000,0,500000,0,0,500000,0,,
2021,51,Economic Development,CD13 - Vickery Meadows,W495,Equity Revitalization,Other GO Non-Debt CIP - / 2003 Bonds,13,09/2022,1000000,463928,536072,0,0,1000000,0,,
2021,51,Economic Development,CD14 - Streets,W496,Equity Revitalization,Other GO Non-Debt CIP - / 2003 Bonds,14,09/2022,734911,33825,701086,0,0,734911,0,,
2021,51,Economic Development,CD2 - Jubilee Park,W484,Equity Revitalization,Other GO Non-Debt CIP -,2,09/2022,500000,0,500000,0,0,500000,0,,
2021,51,Economic Development,CD3 - Executive Airport,W485,Equity Revitalization,Other GO Non-Debt CIP -,3,09/2022,1000000,100000,900000,0,0,1000000,0,,
2021,51,Economic Development,CD4 -The Bottom/10th Street,W486,Equity Revitalization,Other GO Non-Debt CIP - / 2003 Bonds,4,09/2022,1500000,435151,1064849,0,0,1500000,0,,
2021,"51, 52",Economic Development,CD5 - Buckner Station / Pleasant Grove,W487,Equity Revitalization,Other GO Non-Debt CIP - / 1998 Bonds / 2003 Bonds,5,09/2022,3697259,12950,3684309,0,0,3697259,0,,
2021,52,Economic Development,CD6 - West Dallas,W488,Equity Revitalization,Other GO Non-Debt CIP -,6,09/2022,2500000,500000,2000000,0,0,2500000,0,,
2021,52,Economic Development,CD7 - Forest Heights,W489,Equity Revitalization,Other GO Non-Debt CIP - / 2003 Bonds,7,09/2022,541810,488994,52816,0,0,541810,0,,
2021,52,Economic Development,CD8 - University Hills,W490,Equity Revitalization,Other GO Non-Debt CIP -,8,09/2022,2500000,464744,2035256,0,0,2500000,0,,
2021,52,Economic Development,CD9 - Casa View,W491,Equity Revitalization,Other GO Non-Debt CIP - / 2003 Bonds,9,09/2022,1000000,133356,866644,0,0,1000000,0,,
2021,52,Economic Development,Cedars Branch Bridge,P895,Medical TIF Southwestern District,Other GO Non-Debt CIP -,2,12/2023,0,0,0,826500,0,826500,0,2022,2022
2021,52,Economic Development,Cedars Branch Town Homes,P896,Medical TIF Southwestern District,Other GO Non-Debt CIP -,2,12/2027,6938452,0,6938452,0,0,6938452,0,,
2021,52,Economic Development,Cedars Tax Increment,Q001,Cedars TIF District,Other GO Non-Debt CIP -,2,12/2022,5493630,1344047,4149583,2422948,2550346,10466924,8480733,2022,2023
2021,52,Economic Development,Cedars-Admin,9927,Cedars TIF District,Other GO Non-Debt CIP -,2,12/2022,929071,934667,-5596,125000,125000,1179071,375000,2022,2023
2021,52,Economic Development,City Center - Administrative,9870,City District Center TIF,Other GO Non-Debt CIP -,"2, 14",12/2038,2528415,2529138,-723,202750,202750,2933915,608250,2022,2023
2021,52,Economic Development,City Center Tax Increment,9912,City District Center TIF,Other GO Non-Debt CIP -,"2, 14",12/2038,16748004,6105782,10642222,2545705,7843749,27137458,23145652,2022,2023
2021,52,Economic Development,City Center TIF District Fund,W174,City District Center TIF,Other GO Non-Debt CIP -,"2, 14",09/2022,526581,536321,-9740,338679,0,865260,0,2022,2022
2021,52,Economic Development,Community Garden & Futsal Field,P848,Farmers District Market TIF,Other GO Non-Debt CIP -,2,09/2023,10760,0,10760,369814,220074,600648,0,2022,2023
2021,52,Economic Development,Continental Bldg Increment Repayment,P832,District Connection Downtown TIF,Other GO Non-Debt CIP -,14,09/2028,1921380,1279062,642318,150119,150119,2221618,450357,2022,2023
2021,53,Economic Development,Continental Gin Redevelopment Project,7328,Deep District Ellum TIF,Other GO Non-Debt CIP -,2,09/2021,6000000,0,6000000,0,0,6000000,0,,
2021,53,Economic Development,Cypress Waters Phase II Development,P759,Cypress District Waters TIF,Other GO Non-Debt CIP -,6,09/2022,7735892,2050614,5685278,588937,0,8324829,0,2022,2022
2021,53,Economic Development,Cypress Waters Repayment of Advances,P634,Cypress District Waters TIF,Other GO Non-Debt CIP -,6,12/2041,762271,0,762271,130000,555487,1447758,25946023,2022,2023
2021,53,Economic Development,Cypress Waters TIF Admin.,P633,Cypress District Waters TIF,Other GO Non-Debt CIP -,6,12/2041,134435,134542,-107,70000,70000,274435,210000,2022,2023
2021,53,Economic Development,Dallas Heritage Village,W438,Cedars TIF District,Other GO Non-Debt CIP -,2,12/2021,650000,0,650000,0,0,650000,0,,
2021,53,Economic Development,Davis Garden - Repayment of Advances,P563,Davis District Garden TIF,Other GO Non-Debt CIP -,"1, 3",12/2039,2796759,70,2796689,378979,1174472,4350210,6689690,2022,2023
2021,53,Economic Development,Davis Garden Admin,P409,Davis District Garden TIF,Other GO Non-Debt CIP -,"1, 3",12/2039,300000,292510,7490,137750,137750,575500,413250,2022,2023
2021,53,Economic Development,Davis Street Infrastructure Improvements,P754,Davis District Garden TIF,Other GO Non-Debt CIP -,"1, 3",09/2021,606779,605824,956,0,0,606779,0,,
2021,53,Economic Development,Debt Service Transfer to PPPF (Red Bird Mall Redev Project),Q008,Mall District Area Redevelopment TIF,Other GO Non-Debt CIP -,8,12/2033,48000,84860,-36860,71000,88000,207000,295000,2022,2023
2021,53,Economic Development,Deep Ellum Admin,P407,Deep District Ellum TIF,Other GO Non-Debt CIP -,"2, 7, 14",12/2027,325027,336535,-11508,127750,127750,580527,383250,2022,2023
2021,53,Economic Development,Deep Ellum Repay Dev Adv,P406,Deep District Ellum TIF,Other GO Non-Debt CIP -,"2, 7, 14",12/2027,3363525,595424,2768101,6161915,7419848,16945288,24600244,2022,2023
2021,53,Economic Development,Design District Admin,P404,Design District District TIF,Other GO Non-Debt CIP -,"2, 6",12/2028,307304,310455,-3152,117750,117750,542804,353250,2022,2023
2021,53,Economic Development,Design District TIF - Repayment of Advances,P471,Design District District TIF,Other GO Non-Debt CIP -,"2, 6",12/2028,24708286,0,24708286,1136172,3621561,29466019,20263241,2022,2023
2021,54,Economic Development,Design DistrictTIF,P926,Design District District TIF,Other GO Non-Debt CIP -,Citywide,09/2022,7800000,7650000,150000,150000,0,7950000,0,2022,2022
2021,54,Economic Development,Development of Phase I of the AT LAST Project,VI20,Development Economic Bonds,2017 Bonds,5,09/2021,400000,400000,0,0,0,400000,0,,
2021,54,Economic Development,DHADC Land Bank Services,W310,Housing,2006 Bonds,Citywide,09/2023,1500000,1230000,270000,0,0,1500000,0,,
2021,54,Economic Development,Digital Realty Expansion and Renovation,W675,Partnership Public-Private Program,Other GO Non-Debt CIP -,Citywide,Ongoing,200000,0,200000,0,0,200000,0,,
2021,54,Economic Development,Disc Eco Dev CD3- Sq 67 SC,VI07,Development Economic Bonds,2017 Bonds,3,10/2022,1450000,1450000,0,0,0,1450000,0,,
2021,54,Economic Development,Disc Eco Dev CD6 SDMIF,VI09,Development Economic Bonds,2017 Bonds,4,09/2026,2500000,135000,2365000,0,0,2500000,0,,
2021,54,Economic Development,Disc Eco Dev CD6 HAWK Signal - Singleton - ECO,VI08,Development Economic Bonds,2017 Bonds,6,09/2021,250000,106636,143364,0,0,250000,0,,
2021,54,Economic Development,Disc Mayor Golden Seeds,VI10,Development Economic Bonds,2017 Bonds,4,12/2022,500000,0,500000,0,0,500000,0,,
2021,54,Economic Development,DISD – Hogg Elementary,W300,Oak Cliff District Gateway TIF,Other GO Non-Debt CIP -,1,12/2023,1570000,0,1570000,0,0,1570000,0,,
2021,54,Economic Development,Downtown Connection TIF - Increment,P305,District Connection Downtown TIF,Other GO Non-Debt CIP -,14,12/2035,10530578,3828726,6701852,225000,225000,10980578,79314742,2022,2023
2021,54,Economic Development,Eco Dev Program for CIty of Dallas Neighborhood Empowerment No. 10 (NEZ 10),VI13,Development Economic Bonds,2017 Bonds,5,09/2026,1000000,0,1000000,0,0,1000000,0,,
2021,54,Economic Development,Economic Development - Citywide,W513,Development Economic Bonds,2012 Bonds,Citywide,Ongoing,2835802,0,2835802,0,0,2835802,0,,
2021,55,Economic Development,Economic Development and Housing Demand,S801,Housing,2012 Bonds,Citywide,Ongoing,13784592,8141027,5643566,0,0,13784592,0,,
2021,55,Economic Development,Economic Development-ECO Transfer Unit,VI01,Development Economic Bonds,2017 Bonds,Citywide,09/2026,3426349,0,3426349,4828865,5611368,13866583,0,2022,2023
2021,55,Economic Development,Farmers Market GT Defeasance 2013,1737,Development Economic Bonds,Other GO Non-Debt CIP -,2,Ongoing,3230000,1213492,2016508,0,0,3230000,0,,
2021,55,Economic Development,Farmers Mkt Admin,9576,Farmers District Market TIF,Other GO Non-Debt CIP -,2,12/2028,799369,805976,-6607,147750,147750,1094869,443250,2022,2023
2021,55,Economic Development,Farmers Mkt Tax Increment,Q005,Farmers District Market TIF,Other GO Non-Debt CIP -,2,12/2028,3484332,0,3484332,0,1370354,4854686,3199521,2023,2023
2021,55,Economic Development,Farmers Mkt Tax Increment,Q025,Farmers District Market TIF,Other GO Non-Debt CIP -,2,12/2028,3248832,4987573,-1738741,0,1964766,5213598,8614440,2023,2023
2021,55,Economic Development,Fire Station 58,W630,Cypress District Waters TIF,Other GO Non-Debt CIP -,6,09/2023,0,0,0,5741741,6558259,12300000,0,2022,2023
2021,55,Economic Development,FM Mixed-Use Development,P846,Farmers District Market TIF,Other GO Non-Debt CIP -,2,09/2021,8752368,5924068,2828300,0,0,8752368,0,,
2021,55,Economic Development,Fort Worth Ave Admin,P408,Fort TIF Worth District Avenue,Other GO Non-Debt CIP -,"1, 6",12/2029,306563,308602,-2038,112750,112750,532063,338250,2022,2023
2021,55,Economic Development,Fort Worth Ave. - Repayment of Advances,P562,Fort TIF Worth District Avenue,Other GO Non-Debt CIP -,"1, 6",12/2029,2688285,8643,2679642,0,4088310,6776595,13567785,2023,2023
2021,55,Economic Development,FY20 DWU Fee for Unserved Areas,W647,Water Service Unserved to the,Other GO Non-Debt CIP -,Citywide,09/2022,5773060,5773060,0,0,0,5773060,0,,
2021,55,Economic Development,Gateway Oak Cliff Project,W681,Oak Cliff District Gateway TIF,Other GO Non-Debt CIP -,1,12/2025,0,0,0,0,1500000,1500000,0,2023,2023
2021,55,Economic Development,Grand Park South - Repayment of Advances,P397,Grand Park District South TIF,Other GO Non-Debt CIP -,7,12/2035,597967,0,597967,185676,188811,972454,585557,2022,2023
2021,55,Economic Development,Grand Park South - TIF Administration,P396,Grand Park District South TIF,Other GO Non-Debt CIP -,7,12/2035,204976,205198,-222,127750,127750,460476,383250,2022,2023
2021,56,Economic Development,Hensley Field re- use and redevelopment project,VI25,Development Economic Bonds,2017 Bonds,3,06/2022,862609,862609,0,0,0,862609,0,,
2021,56,Economic Development,Hou Prop 8 Acquisition & Demolition,T808,Housing,2006 Bonds,Citywide,Ongoing,5209692,5164692,45000,0,0,5209692,0,,
2021,56,Economic Development,Housing - Acquisition and Demolition,T807,Housing,2006 Bonds,Citywide,Ongoing,8703770,8691090,12680,0,0,8703770,0,,
2021,56,Economic Development,Housing - Land Bank,T802,Housing,2006 Bonds,Citywide,Ongoing,1350000,1302418,47582,0,0,1350000,0,,
2021,56,Economic Development,Housing Demand Driven Projects,S803,Housing,2012 Bonds,Citywide,Ongoing,2871313,2258967,612346,0,0,2871313,0,,
2021,56,Economic Development,Housing Purposes,P477,Housing,Other GO Non-Debt CIP -,Citywide,Ongoing,2000000,1989780,10220,0,0,2000000,0,,
2021,56,Economic Development,Housing Transfer Unit,VI26,Housing,2017 Bonds,13,10/2023,419874,0,419874,4028879,3421137,7869890,0,2022,2023
2021,56,Economic Development,Improvements at 32 Pinnacle Park Blvd,P584,Davis District Garden TIF,Other GO Non-Debt CIP -,"1, 3",09/2021,907462,747650,159812,0,0,907462,0,,
2021,56,Economic Development,INCAP Frontage Road Project,P585,Davis District Garden TIF,Other GO Non-Debt CIP -,"1, 3",09/2021,436343,0,436343,0,0,436343,0,,
2021,56,Economic Development,Integrated Community Development Project,VI29,Development Economic Bonds,2017 Bonds,5,09/2021,25500,2000,23500,0,0,25500,0,,
2021,56,Economic Development,Joppa Neighbor Project SD,W085,Housing,2012 Bonds,Citywide,09/2023,280000,240000,40000,0,0,280000,0,,
2021,56,Economic Development,Klyde Warren Park Phase II,W677,City District Center TIF,Other GO Non-Debt CIP -,"2, 14",09/2024,0,0,0,0,0,0,1800000,,
2021,56,Economic Development,Kroger-Ocado Project,W476,Development Economic Bonds,2012 Bonds,Citywide,Ongoing,2000000,2000000,0,0,0,2000000,0,,
2021,57,Economic Development,Lake Highlands Tower Center,P373,Skillman District Corridor TIF,Other GO Non-Debt CIP -,"9, 14 10, 13,",09/2021,11667950,8337751,3330199,0,0,11667950,0,,
2021,57,Economic Development,LED Conversion- Priority Zones,W655,Development Economic Bonds,2012 Bonds,Citywide,Ongoing,500000,324005,175995,0,0,500000,0,,
2021,57,Economic Development,LHTC Pond Dredging Project,W682,Skillman District Corridor TIF,Other GO Non-Debt CIP -,"9, 14 10, 13,",12/2025,0,0,0,4000000,0,4000000,0,2022,2022
2021,57,Economic Development,Lucie-Partial Ops Consolidation,W470,Partnership Public-Private Program,Other GO Non-Debt CIP -,Citywide,Ongoing,8600000,8600000,0,0,0,8600000,0,,
2021,57,Economic Development,Mall Area Redevelopment TIF Admin,W008,Mall District Area Redevelopment TIF,Other GO Non-Debt CIP -,"8, 11",12/2044,1011255,41220,970035,102750,102750,1216755,308250,2022,2023
2021,57,Economic Development,Mall Area Redevelopment TIF Increment,W185,Mall District Area Redevelopment TIF,Other GO Non-Debt CIP -,"8, 11",12/2044,0,0,0,636907,790440,1427347,2644615,2022,2023
2021,57,Economic Development,Maple/Mockingbird - TIF,P560,Maple TIF District Mockingbird,Other GO Non-Debt CIP -,2,12/2033,167669,169364,-1694,102750,102750,373169,308250,2022,2023
2021,57,Economic Development,Maple-Mockingbird - Repayment of Advances,P565,Maple TIF District Mockingbird,Other GO Non-Debt CIP -,2,12/2033,8039469,0,8039469,4593622,4734514,17367605,15091796,2022,2023
2021,57,Economic Development,Mid Elm Lofts Project,P914,City District Center TIF,Other GO Non-Debt CIP -,"2, 14",09/2022,1090465,27857,1062608,2854624,0,3945089,0,2022,2022
2021,57,Economic Development,Neighborhood Empowerment Zones,5548,Housing,Other GO Non-Debt CIP -,Citywide,Ongoing,1000000,0,1000000,0,0,1000000,0,,
2021,57,Economic Development,North Parking Garage Project,P729,Sports District Arena TIF,Other GO Non-Debt CIP -,2,12/2028,18877713,17364800,1512913,1993035,3986071,24856819,11958213,2022,2023
2021,57,Economic Development,Oak Cliff Gateway Tax Increment,Q002,Oak Cliff District Gateway TIF,Other GO Non-Debt CIP -,1,12/2045,2158407,591189,1567218,2966520,5233902,10358829,25633109,2022,2023
2021,58,Economic Development,Oak Cliff/Gateway Admin,9915,Oak Cliff District Gateway TIF,Other GO Non-Debt CIP -,1,12/2045,908189,911734,-3545,202750,202750,1313689,608250,2022,2023
2021,58,Economic Development,Olympic Redevelopment Project,P853,District Connection Downtown TIF,Other GO Non-Debt CIP -,14,12/2020,23823829,0,23823829,21578952,0,45402781,0,2022,2022
2021,58,Economic Development,Open Space Pubilic Improvements at 888 S,P575,Davis District Garden TIF,Other GO Non-Debt CIP -,"1, 3",09/2021,118820,0,118820,0,0,118820,0,,
2021,58,Economic Development,Project Food Access,W654,Development Economic Bonds,2006 Bonds,Citywide,09/2023,1400000,0,1400000,0,0,1400000,0,,
2021,58,Economic Development,Public Private Partnership,9992,Partnership Public-Private Program,Other GO Non-Debt CIP -,Citywide,09/2020,57387616,56348236,1039381,0,0,57387616,0,,
2021,58,Economic Development,Public Private Partnership,P151,Partnership Public-Private Program,Other GO Non-Debt CIP -,Citywide,Ongoing,33628884,18293597,15335287,8500000,8500000,50628884,24000000,2022,2023
2021,58,Economic Development,Public Private Partnership - Retail Rehabilitation Demonstration,W018,Partnership Public-Private Program,Other GO Non-Debt CIP -,Citywide,Ongoing,1000000,0,1000000,0,0,1000000,0,,
2021,58,Economic Development,Public Private Partnership- Adaptive Reuse Program,P886,Partnership Public-Private Program,Other GO Non-Debt CIP -,Citywide,Ongoing,150000,120000,30000,0,0,150000,0,,
2021,58,Economic Development,Public Private Partnership -Small Business Façade Program,P885,Partnership Public-Private Program,Other GO Non-Debt CIP -,Citywide,Ongoing,100000,93725,6275,0,0,100000,0,,
2021,58,Economic Development,Public Private Partnership-2400 Bryan Project,1879,Partnership Public-Private Program,Other GO Non-Debt CIP -,Citywide,Ongoing,6000000,6000000,0,0,0,6000000,0,,
2021,59,Economic Development,Public Private Partnership- Advisory Services for City's Housing Policy,W055,Partnership Public-Private Program,Other GO Non-Debt CIP -,Citywide,Ongoing,125000,115000,10000,0,0,125000,0,,
2021,59,Economic Development,Public Private Partnership-BSHD Projects,P777,Partnership Public-Private Program,Other GO Non-Debt CIP -,Citywide,Ongoing,100000,72695,27305,0,0,100000,0,,
2021,59,Economic Development,Public Private Partnership- Business Park,8808,Partnership Public-Private Program,Other GO Non-Debt CIP -,Citywide,Ongoing,1859029,1859029,0,0,0,1859029,0,,
2021,59,Economic Development,Public Private Partnership-Dallas Protocol and World Affairs Council Contract,P476,Partnership Public-Private Program,Other GO Non-Debt CIP -,Citywide,Ongoing,2920505,2403005,517500,0,0,2920505,0,,
2021,59,Economic Development,Public Private Partnership- Downtown Retail Program -Phase III,P435,Partnership Public-Private Program,Other GO Non-Debt CIP -,Citywide,Ongoing,1212008,678074,533934,0,0,1212008,0,,
2021,59,Economic Development,Public Private Partnership- Heritage Alliance,6856,Partnership Public-Private Program,Other GO Non-Debt CIP -,Citywide,Ongoing,206712,206712,0,0,0,206712,0,,
2021,59,Economic Development,Public Private Partnership-Main Dist.Initiative,P102,Partnership Public-Private Program,Other GO Non-Debt CIP -,Citywide,Ongoing,2963812,2725934,237878,0,0,2963812,0,,
2021,59,Economic Development,Public Private Partnership- Neighborhood Retail Redevelopment Program,W166,Partnership Public-Private Program,Other GO Non-Debt CIP -,Citywide,Ongoing,1500000,1508085,-8085,0,0,1508085,0,,
2021,60,Economic Development,Public Private Partnership- Public/Private Fee Rebate,9990,Partnership Public-Private Program,Other GO Non-Debt CIP -,Citywide,Ongoing,2556194,2442936,113258,0,0,2556194,0,,
2021,60,Economic Development,Public Private Partnership- Public/Private Infrastructure,9953,Partnership Public-Private Program,Other GO Non-Debt CIP -,Citywide,Ongoing,3582988,3554656,28332,0,0,3582988,0,,
2021,60,Economic Development,Public Private Partnership- Southern Dallas Adaptive Reuse Grant Program- Phase II,W142,Partnership Public-Private Program,Other GO Non-Debt CIP -,Citywide,Ongoing,250000,60000,190000,0,0,250000,0,,
2021,60,Economic Development,Public Private Partnership- Southwest Center Mall Redevelopment,P587,Partnership Public-Private Program,Other GO Non-Debt CIP -,Citywide,Ongoing,186200,109186,77014,0,0,186200,0,,
2021,60,Economic Development,Public Private Partnership-UNT - Dallas Campus,P311,Partnership Public-Private Program,Other GO Non-Debt CIP -,Citywide,Ongoing,2064782,2064782,0,0,0,2064782,0,,
2021,60,Economic Development,"Public Private Partnership- Workforce Readiness, Placement & Retention",W178,Partnership Public-Private Program,Other GO Non-Debt CIP -,Citywide,Ongoing,1641898,1357601,284297,0,0,1641898,0,,
2021,60,Economic Development,Redbird Business Grant,W435,Partnership Public-Private Program,Other GO Non-Debt CIP -,Citywide,Ongoing,2500000,2000000,500000,0,0,2500000,0,,
2021,"60, 61",Economic Development,Redevelopment of Grocery Store- 3035 N. Buckner,VI30,Partnership Public-Private Program,Other GO Non-Debt CIP - / 2017 Bonds,Citywide,Ongoing,1300000,1300000,0,0,0,1300000,0,,
2021,61,Economic Development,RISD Public Improvement Reimbursement,P684,Skillman District Corridor TIF,Other GO Non-Debt CIP -,"9, 14 10, 13,",09/2026,1949319,1623275,326044,519731,609508,3078558,2272276,2022,2023
2021,61,Economic Development,Saint Elm Hotel & Corrigan Tower,P957,District Connection Downtown TIF,Other GO Non-Debt CIP -,14,09/2024,572358,378047,194311,149566,149566,871490,8886794,2022,2023
2021,61,Economic Development,Skillman Corridor Admin,P405,Skillman District Corridor TIF,Other GO Non-Debt CIP -,"9, 14 10, 13,",12/2036,400805,402929,-2124,110000,110000,620805,330000,2022,2023
2021,61,Economic Development,Skillman Corridor TIF - Repayment of Advances,P472,Skillman District Corridor TIF,Other GO Non-Debt CIP -,"9, 14 10, 13,",12/2036,11745632,25119,11720513,2824836,7480516,22050984,24540833,2022,2023
2021,61,Economic Development,Southwestern Medical TIF - Administration,P468,Medical TIF Southwestern District,Other GO Non-Debt CIP -,2,12/2027,355535,359225,-3690,82750,82750,521035,248250,2022,2023
2021,61,Economic Development,Southwestern Medical TIF - Repayment of Advances,P469,Medical TIF Southwestern District,Other GO Non-Debt CIP -,2,12/2027,7350767,0,7350767,170754,1051255,8572776,3505453,2022,2023
2021,61,Economic Development,Sports Arena Admin,9630,Sports District Arena TIF,Other GO Non-Debt CIP -,"2, 6, 14",12/2043,1270770,990914,279856,187750,187750,1646270,563250,2022,2023
2021,61,Economic Development,Sports Arena Increment,Q003,Sports District Arena TIF,Other GO Non-Debt CIP -,"2, 6, 14",12/2043,18645766,1407935,17237831,7899080,6550337,33095183,26332044,2022,2023
2021,61,Economic Development,Sports Arena TIF N.Parking Garage Mainte,5094,Sports District Arena TIF,Other GO Non-Debt CIP -,2,Ongoing,200000,0,200000,0,0,200000,0,,
2021,61,Economic Development,St. Philip's Catalyst Project,VI21,Housing,2017 Bonds,7,06/2022,550000,0,550000,0,0,550000,0,,
2021,61,Economic Development,"Stack Deep Ellum 2700, 2712, 2718, Commerce",W497,Deep District Ellum TIF,Other GO Non-Debt CIP -,2,09/2021,2576125,0,2576125,0,0,2576125,0,,
2021,62,Economic Development,Statler/Library Jackson/ST Redev.,P884,District Connection Downtown TIF,Other GO Non-Debt CIP -,14,09/2023,13852129,13992797,-140668,5732920,26208690,45793739,0,2022,2023
2021,62,Economic Development,Stoneleigh Hotel (2927 Maple Ave),P298,District Connection Downtown TIF,Other GO Non-Debt CIP -,14,09/2024,2420993,1984306,436686,189084,43705,2653782,93820,2022,2023
2021,62,Economic Development,Street Improvements on Stafford St.,VI33,Development Economic Bonds,2017 Bonds,6,Ongoing,192000,0,192000,0,0,192000,0,,
2021,62,Economic Development,Streetcar Project- North Oak Cliff Streetcar System,P674,Davis District Garden TIF,Other GO Non-Debt CIP -,"1, 3",09/2023,828120,0,828120,1526910,833599,3188629,0,2022,2023
2021,62,Economic Development,Streetcar Support - (DWSA),W673,Oak Cliff District Gateway TIF,Other GO Non-Debt CIP -,1,Ongoing,475000,475000,0,475000,0,950000,0,2022,2022
2021,62,Economic Development,Streetcar-PPPF,W694,Partnership Public-Private Program,Other GO Non-Debt CIP -,Citywide,Ongoing,1000000,0,1000000,0,0,1000000,0,,
2021,62,Economic Development,The Canyon- Colorado Extension Phase II,W048,Development Economic Bonds,2012 Bonds,Citywide,Ongoing,196256,196256,0,0,0,196256,0,,
2021,62,Economic Development,The Crossing Project,VI28,Development Economic Bonds,2017 Bonds,7,12/2022,390000,390000,0,0,0,390000,0,,
2021,62,Economic Development,TOD - TIF,P559,TIF Development District Transit-Oriented (TOD),Other GO Non-Debt CIP -,"2, 3, 14 4, 8,",12/2039,8825099,180180,8644919,3531739,3637692,15994530,13244836,2022,2023
2021,62,Economic Development,Trinity Groves Mixed-Use Project,P924,Sports District Arena TIF,Other GO Non-Debt CIP -,2,12/2025,7627504,2689865,4937639,2226286,3234772,13088562,2187741,2022,2023
2021,62,Economic Development,Trinity Strand Hi- Line Span Pedestrian Bridge/Connector,W642,Design District District TIF,Other GO Non-Debt CIP -,Citywide,09/2023,511000,511000,0,4000000,2489000,7000000,0,2022,2023
2021,62,Economic Development,UL 4315 S Lancaster Rd 75216 CD4,VI12,Development Economic Bonds,2017 Bonds,4,12/2021,750000,750000,0,0,0,750000,0,,
2021,63,Economic Development,University TIF District-Increment,W467,District University TIF,Other GO Non-Debt CIP -,"8, 12",12/2047,895667,0,895667,1661262,1993479,4550408,6598684,2022,2023
2021,63,Economic Development,Vickery Meadow Admin,P403,Vickery District Meadow TIF,Other GO Non-Debt CIP -,13,06/2028,308981,311453,-2472,125000,125000,558981,375000,2022,2023
2021,63,Economic Development,Vickery Meadow TIF - Repayment of Advances,P470,Vickery District Meadow TIF,Other GO Non-Debt CIP -,13,06/2028,19376018,16704921,2671097,2945274,3006680,25327972,9400881,2022,2023
2021,63,Economic Development,Victory South Parking Garage Improvements,P780,Sports District Arena TIF,Other GO Non-Debt CIP -,2,12/2028,6841001,5985001,856000,855000,1710000,9406001,5130000,2022,2023
2021,63,Economic Development,Victory Su-district Retail,W151,Sports District Arena TIF,Other GO Non-Debt CIP -,2,09/2022,2333334,1166667,1166667,1166666,0,3500000,0,2022,2022
2021,63,Economic Development,Villas at Western Heights,W650,Fort TIF Worth District Avenue,Other GO Non-Debt CIP -,"1, 6",09/2022,2500000,0,2500000,5178874,0,7678874,0,2022,2022
2021,63,Economic Development,Virgin Hotel Project,W301,Design District District TIF,Other GO Non-Debt CIP -,6,12/2023,6896962,2842733,4054229,792981,0,7689943,0,2022,2022
2021,63,Economic Development,Water Main Installations and Wastewater,VI34,Development Economic Bonds,2017 Bonds,8,10/2023,508739,0,508739,0,0,508739,0,,
2021,63,Economic Development,West Dallas - Target Rehab Program,VI31,Housing,2017 Bonds,4,09/2024,0,0,0,800001,0,800001,0,2022,2022
2021,63,Economic Development,Grand Total,,,,,,0,0,0,0,0,-420096547,420096547,,
2021,69,Flood Protection & Storm Drainage Management,"10836, 10840, 10844 Meadowcliff Cir",W093,Stormwater Management Drainage,2006 Bonds / 2012 Bonds,7,06/2023,587134,587134,0,0,0,587134,0,,
2021,69,Flood Protection & Storm Drainage Management,1700 N Field Street Drainage Repair,W706,Stormwater Management Drainage,Other GO Non-Debt CIP -,14,05/2025,0,0,0,0,0,0,75000,,
2021,69,Flood Protection & Storm Drainage Management,2133 Province,W707,Stormwater Management Drainage,Other GO Non-Debt CIP -,9,05/2025,0,0,0,0,0,0,75000,,
2021,69,Flood Protection & Storm Drainage Management,2330 Blanton Outfall Repair,W708,Stormwater Management Drainage,Other GO Non-Debt CIP -,5,05/2025,0,0,0,0,0,0,75000,,
2021,69,Flood Protection & Storm Drainage Management,408 Glen Oak,W356,Stormwater Management Drainage,Other GO Non-Debt CIP -,4,07/2023,350000,23108,326892,140000,0,490000,0,2022,2022
2021,69,Flood Protection & Storm Drainage Management,4126 Maybeth Drainage Relief,W709,Stormwater Management Drainage,Other GO Non-Debt CIP -,6,05/2025,0,0,0,0,0,0,15000,,
2021,69,Flood Protection & Storm Drainage Management,"4209 Rosa Ct, Drainage Relief System",W710,Stormwater Management Drainage,Other GO Non-Debt CIP -,13,05/2025,0,0,0,0,0,0,225000,,
2021,69,Flood Protection & Storm Drainage Management,5th Street Drainage Relief system,W711,Stormwater Management Drainage,Other GO Non-Debt CIP -,1,05/2025,0,0,0,0,0,0,159450,,
2021,70,Flood Protection & Storm Drainage Management,Abshire Lane,VD62,Stormwater Management Drainage,2017 Bonds,11,06/2023,120472,116972,3500,828028,0,948500,0,2022,2022
2021,70,Flood Protection & Storm Drainage Management,"Acres/Grady Detention Basins 1 & 2, Dredging",W398,Stormwater Management Drainage,Other GO Non-Debt CIP -,5,08/2023,143942,139936,4006,1076320,0,1220262,0,2022,2022
2021,70,Flood Protection & Storm Drainage Management,"Alderson, 3700",VD42,Stormwater Management Drainage,2017 Bonds,14,07/2023,185000,185000,0,1003000,0,1188000,0,2022,2022
2021,70,Flood Protection & Storm Drainage Management,Alpha 6919 Drainage Relief System,W712,Stormwater Management Drainage,Other GO Non-Debt CIP -,11,05/2025,0,0,0,0,0,0,60000,,
2021,70,Flood Protection & Storm Drainage Management,Anderson Ave @ Goodman,W399,Stormwater Management Drainage,Other GO Non-Debt CIP -,6,04/2025,0,0,0,230000,0,230000,0,2022,2022
2021,70,Flood Protection & Storm Drainage Management,Ash Creek - S Fork - Bridges @ Lakeland,T497,Flood Management,2006 Bonds,7,04/2025,3273966,3565839,-291873,0,0,3565839,0,,
2021,70,Flood Protection & Storm Drainage Management,Ash Creek - S Fork Channel Improvements at John West,W400,Stormwater Management Drainage,Other GO Non-Debt CIP -,7,04/2025,0,0,0,243500,0,243500,2191500,2022,2022
2021,70,Flood Protection & Storm Drainage Management,Ash Creek Estates @ Meadow Way,T517,Stormwater Management Drainage,2006 Bonds,7,06/2023,207251,207251,0,0,0,207251,0,,
2021,70,Flood Protection & Storm Drainage Management,Ash Creek Trib 5B7 Bridge Improvement @ Peavy,W713,Stormwater Management Drainage,Other GO Non-Debt CIP -,9,05/2025,0,0,0,0,0,0,256500,,
2021,70,Flood Protection & Storm Drainage Management,Ash Creek Trib 5B7 Bridge Improvement @ Province,W714,Erosion Control,Other GO Non-Debt CIP -,9,05/2028,0,0,0,0,0,0,5400000,,
2021,70,Flood Protection & Storm Drainage Management,Avenue Q 7512 and 7506,W715,Stormwater Management Drainage,Other GO Non-Debt CIP -,7,05/2025,0,0,0,0,0,0,72000,,
2021,"70, 71",Flood Protection & Storm Drainage Management,"Baymar Lane, 6201",VD26,Erosion Control,2017 Bonds,5,04/2023,200000,27630,172370,0,0,202000,0,,
2021,71,Flood Protection & Storm Drainage Management,Beckley @ Coombs Creek Drinage Study,W401,Stormwater Management Drainage,Other GO Non-Debt CIP -,1,04/2025,0,0,0,125000,0,125000,0,2022,2022
2021,71,Flood Protection & Storm Drainage Management,Beechmont Dr 2507,S704,Erosion Control,2012 Bonds / 1995 Bonds,9,11/2023,118311,118311,0,0,0,118311,0,,
2021,71,Flood Protection & Storm Drainage Management,Belt Line 2327,W229,Stormwater Management Drainage,Other GO Non-Debt CIP -,8,Ongoing,127200,0,127200,0,0,127200,0,,
2021,71,Flood Protection & Storm Drainage Management,"Bent Creek Detention Basin, Dredging",W402,Stormwater Management Drainage,Other GO Non-Debt CIP -,12,10/2023,37369,27369,10000,86800,0,124169,0,2022,2022
2021,71,Flood Protection & Storm Drainage Management,Bethany Dr 9908,W716,Stormwater Management Drainage,Other GO Non-Debt CIP -,9,05/2025,0,0,0,0,0,0,64800,,
2021,71,Flood Protection & Storm Drainage Management,"Betty Jane, 10225",VD27,Stormwater Management Drainage,2017 Bonds,12,Ongoing,0,0,0,197000,0,197000,0,2022,2022
2021,71,Flood Protection & Storm Drainage Management,Birchridge 14721,W717,Stormwater Management Drainage,Other GO Non-Debt CIP -,11,05/2025,0,0,0,0,0,0,36000,,
2021,71,Flood Protection & Storm Drainage Management,Bonnie View over Five Mile Creek,VD12,Erosion Control,2017 Bonds,14,07/2023,189904,89904,100000,455096,0,645000,0,2022,2022
2021,71,Flood Protection & Storm Drainage Management,"Brittania Way, 8470-8506, Erosion Control Pilot",VD20,Erosion Control,2017 Bonds,10,04/2023,270000,37281,232719,0,0,270000,0,,
2021,71,Flood Protection & Storm Drainage Management,"Brushy Creek Trail, 5719",VD23,Erosion Control,2017 Bonds,7,04/2023,315000,43388,271612,0,0,317768,0,,
2021,71,Flood Protection & Storm Drainage Management,Burninglog 13156,S709,Erosion Control,2012 Bonds,10,11/2023,68600,43539,25061,0,0,68600,0,,
2021,72,Flood Protection & Storm Drainage Management,Calcutta 616 (RL Area 40),W273,Stormwater Management Drainage,Other GO Non-Debt CIP -,3,07/2023,440000,67397,372603,0,0,440000,1622037,,
2021,72,Flood Protection & Storm Drainage Management,Cedar Creek Bridge @ Clarendon,W403,Stormwater Management Drainage,Other GO Non-Debt CIP -,4,04/2025,0,0,0,281000,0,281000,2529000,2022,2022
2021,72,Flood Protection & Storm Drainage Management,Cedar Creek Bridge @ Clarendon (Sta 149+13),W718,Stormwater Management Drainage,Other GO Non-Debt CIP -,4,05/2025,0,0,0,0,0,0,332250,,
2021,72,Flood Protection & Storm Drainage Management,Cedar Creek Bridge @ Moore,W404,Stormwater Management Drainage,Other GO Non-Debt CIP -,4,04/2025,0,0,0,147600,0,147600,1328400,2022,2022
2021,72,Flood Protection & Storm Drainage Management,Cedar Creek Bridge @ Tyler,W719,Stormwater Management Drainage,Other GO Non-Debt CIP -,1,05/2028,0,0,0,0,0,0,1245000,,
2021,72,Flood Protection & Storm Drainage Management,Cedar Creek Channel -ATSF RR to Ewing,W720,Stormwater Management Drainage,Other GO Non-Debt CIP -,4,06/2029,0,0,0,0,0,0,1740000,,
2021,72,Flood Protection & Storm Drainage Management,Cedar Creek Channel Improvements (908 s Rosemont),W721,Stormwater Management Drainage,Other GO Non-Debt CIP -,1,05/2025,0,0,0,0,0,0,225000,,
2021,72,Flood Protection & Storm Drainage Management,Cedar Creek Culvert @ Polk,W722,Stormwater Management Drainage,Other GO Non-Debt CIP -,1,06/2029,0,0,0,0,0,0,1000000,,
2021,72,Flood Protection & Storm Drainage Management,Cedar Creek Culvert @ W. Claredon Drive,W230,Stormwater Management Drainage,Other GO Non-Debt CIP -,1,07/2023,206250,85518,120732,0,0,206250,0,,
2021,72,Flood Protection & Storm Drainage Management,Cedar Creek Culvert @ Winnetka,W723,Stormwater Management Drainage,Other GO Non-Debt CIP -,1,05/2025,0,0,0,0,0,0,330000,,
2021,72,Flood Protection & Storm Drainage Management,"Cedar Hurst 3411, 3421",W724,Stormwater Management Drainage,Other GO Non-Debt CIP -,3,05/2025,0,0,0,0,0,0,91200,,
2021,73,Flood Protection & Storm Drainage Management,Cedar Springs Branch @ Denton,W725,Stormwater Management Drainage,Other GO Non-Debt CIP -,2,05/2025,0,0,0,0,0,0,91500,,
2021,73,Flood Protection & Storm Drainage Management,Chalk Hill Branch @ N.Counts,W727,Stormwater Management Drainage,Other GO Non-Debt CIP -,3,05/2025,0,0,0,0,0,0,123750,,
2021,73,Flood Protection & Storm Drainage Management,Chalk Hill Branch @ S.Counts,W728,Stormwater Management Drainage,Other GO Non-Debt CIP -,3,05/2025,0,0,0,0,0,0,206250,,
2021,73,Flood Protection & Storm Drainage Management,Chalk Hill Branch Culvert @ Jefferson,W729,Stormwater Management Drainage,Other GO Non-Debt CIP -,3,05/2025,0,0,0,0,0,0,75000,,
2021,73,Flood Protection & Storm Drainage Management,Chalkhill Branch - I30/Loop 12 Interchange,VD33,Stormwater Management Drainage,2017 Bonds,6,07/2023,780000,91408,688592,0,0,780000,0,,
2021,73,Flood Protection & Storm Drainage Management,Channel - Major Maintenance,W195,Stormwater Management Drainage,Other GO Non-Debt CIP -,Citywide,Ongoing,0,0,0,175000,300000,475000,750000,2022,2023
2021,73,Flood Protection & Storm Drainage Management,Chantilly Lane 6916,W730,Stormwater Management Drainage,Other GO Non-Debt CIP -,9,05/2025,0,0,0,0,0,0,36000,,
2021,73,Flood Protection & Storm Drainage Management,"Claren Court 7106, 7110, 7114",VD24,Erosion Control,2017 Bonds,12,04/2023,173000,23924,149076,0,0,173000,0,,
2021,73,Flood Protection & Storm Drainage Management,Clearbrook Lane 10500 Blk,VD17,Erosion Control,2017 Bonds,9,04/2023,150000,20741,129259,0,0,150000,0,,
2021,73,Flood Protection & Storm Drainage Management,"Cliffdale, 322",W731,Stormwater Management Drainage,Other GO Non-Debt CIP -,1,05/2025,0,0,0,0,0,0,82500,,
2021,73,Flood Protection & Storm Drainage Management,"Clubcreek Circle 8903, 8907, 8911",VD14,Erosion Control,2017 Bonds,13,07/2023,262344,162344,100000,656172,0,918516,0,2022,2022
2021,73,Flood Protection & Storm Drainage Management,Clubhouse Circle 6511,W732,Stormwater Management Drainage,Other GO Non-Debt CIP -,11,05/2025,0,0,0,0,0,0,45600,,
2021,73,Flood Protection & Storm Drainage Management,Clubhouse Circle 6523 & 6527,S715,Erosion Control,2012 Bonds,Citywide,04/2023,28966,28966,0,0,0,28966,0,,
2021,74,Flood Protection & Storm Drainage Management,Coolgreene 8208,W231,Stormwater Management Drainage,Other GO Non-Debt CIP -,7,01/2023,315000,43030,271970,0,0,315000,0,,
2021,74,Flood Protection & Storm Drainage Management,Coombs Creek - Hampton to Davis (Coordinate with Adjacent Trail),VD01,Erosion Control,2017 Bonds,1,06/2022,2296432,1124092,1172340,206511,0,2502943,0,2022,2022
2021,74,Flood Protection & Storm Drainage Management,Coombs Creek Bridge @ 9th,W733,Stormwater Management Drainage,Other GO Non-Debt CIP -,1,05/2025,0,0,0,0,0,0,50250,,
2021,74,Flood Protection & Storm Drainage Management,Coombs Creek Bridge @ Barnett,W734,Stormwater Management Drainage,Other GO Non-Debt CIP -,1,05/2025,0,0,0,0,0,0,42000,,
2021,74,Flood Protection & Storm Drainage Management,Coombs Creek Bridge @ Brooklyndell,W735,Stormwater Management Drainage,Other GO Non-Debt CIP -,1,05/2026,0,0,0,0,0,0,260000,,
2021,74,Flood Protection & Storm Drainage Management,Coombs Creek Bridge @ Colorado,W736,Stormwater Management Drainage,Other GO Non-Debt CIP -,1,05/2025,0,0,0,0,0,0,73025,,
2021,74,Flood Protection & Storm Drainage Management,Coombs Creek Bridge @ Plymouth,W737,Stormwater Management Drainage,Other GO Non-Debt CIP -,1,05/2026,0,0,0,0,0,0,6400000,,
2021,74,Flood Protection & Storm Drainage Management,Council District 10,VD84,Flood Management,2017 Bonds,7,10/2023,0,0,0,1000000,0,1000000,0,2022,2022
2021,74,Flood Protection & Storm Drainage Management,Country Brook Pond Btwn Park Grove Ln &,S717,Erosion Control,2012 Bonds,14,04/2023,24961,24961,0,0,0,24961,0,,
2021,74,Flood Protection & Storm Drainage Management,Country Brook Pond Improvements,VD82,Stormwater Management Drainage,2017 Bonds,7,04/2023,110000,18856,91144,0,0,110000,0,,
2021,74,Flood Protection & Storm Drainage Management,Creek Bend Road 7028,VD80,Stormwater Management Drainage,2017 Bonds,1,06/2023,82000,8485,73515,0,0,82000,0,,
2021,75,Flood Protection & Storm Drainage Management,Crestview East Addition No.2 (Beechmont 2779) Drainage relief system,W738,Stormwater Management Drainage,Other GO Non-Debt CIP -,7,05/2025,0,0,0,0,0,0,315000,,
2021,75,Flood Protection & Storm Drainage Management,Cypress Branch @ Jennie Lee,VD75,Stormwater Management Drainage,2017 Bonds,7,11/2023,164700,103075,61625,0,18300,183000,0,2023,2023
2021,75,Flood Protection & Storm Drainage Management,Dallas Floodway DFE PPA,W446,Trinity River Projects Corridor,2006 Bonds / 1998 Bonds,Citywide,07/2023,2764802,848806,1915997,0,0,2764802,0,,
2021,75,Flood Protection & Storm Drainage Management,Dallas Floodway Extension,W632,Trinity River Projects Corridor,2006 Bonds / 1998 Bonds,Citywide,07/2023,5599923,2892215,2707709,0,0,5599923,0,,
2021,75,Flood Protection & Storm Drainage Management,Davenport Road 17911,W739,Stormwater Management Drainage,Other GO Non-Debt CIP -,12,05/2025,0,0,0,0,0,0,57600,,
2021,75,Flood Protection & Storm Drainage Management,"Deep Hill Circle 2625, 2641, 2663, 2667, 2687, 2691",VD02,Stormwater Management Drainage,2017 Bonds,3,10/2022,97120,0,97120,1091140,0,1188260,0,2022,2022
2021,75,Flood Protection & Storm Drainage Management,Dixon Branch-E Prong Culvert@ Mediterranean,W740,Stormwater Management Drainage,Other GO Non-Debt CIP -,10,05/2025,0,0,0,0,0,0,25559,,
2021,75,Flood Protection & Storm Drainage Management,Dorrington Circle 3106,W741,Stormwater Management Drainage,Other GO Non-Debt CIP -,7,05/2025,0,0,0,0,24000,24000,136000,2023,2023
2021,75,Flood Protection & Storm Drainage Management,Dredge Maintenance,W405,Stormwater Management Drainage,Other GO Non-Debt CIP -,Citywide,Ongoing,0,0,0,175000,250000,425000,750000,2022,2023
2021,75,Flood Protection & Storm Drainage Management,"El Cerrito Storm Drainage, 2470",VD11,Erosion Control,2017 Bonds,1,06/2023,200001,29783,170218,0,0,200001,0,,
2021,76,Flood Protection & Storm Drainage Management,"El Cerrito, 2420, 2460, 2522",VD10,Erosion Control,2017 Bonds,9,04/2023,528000,81852,446148,0,0,528000,0,,
2021,76,Flood Protection & Storm Drainage Management,El Tivoli@ Reverchon Drainage Relief System,W742,Stormwater Management Drainage,Other GO Non-Debt CIP -,1,05/2025,0,0,0,0,0,0,241500,,
2021,76,Flood Protection & Storm Drainage Management,Elam Creek Voluntary Purchase (1 home),W275,Stormwater Management Drainage,Other GO Non-Debt CIP -,5,10/2021,146050,0,146050,0,0,146050,0,,
2021,76,Flood Protection & Storm Drainage Management,Elmwood Branch Bridge @ Melbourne,W743,Stormwater Management Drainage,Other GO Non-Debt CIP -,1,05/2025,0,0,0,0,0,0,31500,,
2021,76,Flood Protection & Storm Drainage Management,Elmwood Branch Culvert @ Edgefield,W744,Stormwater Management Drainage,Other GO Non-Debt CIP -,1,05/2025,0,0,0,0,0,0,48000,,
2021,76,Flood Protection & Storm Drainage Management,Elmwood Branch Culvert @ Tyler & Vernon,W745,Stormwater Management Drainage,Other GO Non-Debt CIP -,1,05/2025,0,0,0,0,0,0,36000,,
2021,76,Flood Protection & Storm Drainage Management,Emergency Pipe Repairs - Major Maintenance of Collapsed Pipe in Critical Areas,W268,Stormwater Management Drainage,Other GO Non-Debt CIP -,Citywide,Ongoing,250000,0,250000,150000,300000,700000,800000,2022,2023
2021,76,Flood Protection & Storm Drainage Management,Estes Branch Channel Improvements (2704 Mossglen),W746,Stormwater Management Drainage,Other GO Non-Debt CIP -,7,05/2025,0,0,0,0,0,0,300000,,
2021,76,Flood Protection & Storm Drainage Management,Eustis Ave 8600- 8800 Blk & KCS Railroad Backwater Analysis,W747,Erosion Control,Other GO Non-Debt CIP -,9,05/2028,0,0,0,0,0,0,200000,,
2021,76,Flood Protection & Storm Drainage Management,"Fair Oaks Crossing, 8555",W406,Stormwater Management Drainage,Other GO Non-Debt CIP -,10,04/2026,102165,0,102165,0,238000,340165,0,2023,2023
2021,77,Flood Protection & Storm Drainage Management,"Fair Oaks Detention Basin, Dredging",W407,Stormwater Management Drainage,Other GO Non-Debt CIP -,13,10/2023,101298,98298,3000,691840,0,793138,0,2022,2022
2021,77,Flood Protection & Storm Drainage Management,Ferguson Rd. 1151,W748,Stormwater Management Drainage,Other GO Non-Debt CIP -,9,05/2025,0,0,0,0,0,0,60000,,
2021,77,Flood Protection & Storm Drainage Management,Five Mile Pkwy 2200 Clock,W232,Stormwater Management Drainage,Other GO Non-Debt CIP -,4,07/2023,951430,877412,74018,0,0,951430,0,,
2021,77,Flood Protection & Storm Drainage Management,Flood Control Operations Center,W220,Stormwater Management Drainage,Other GO Non-Debt CIP -,6,Ongoing,11282356,11818933,-536577,0,0,11818933,0,,
2021,77,Flood Protection & Storm Drainage Management,Flood Management Area - Major Maintenance,W194,Stormwater Management Drainage,Other GO Non-Debt CIP -,Citywide,Ongoing,208000,0,208000,150000,300000,658000,800000,2022,2023
2021,77,Flood Protection & Storm Drainage Management,Flood risk/Eco Restoration/ Recreation,W245,Trinity River Projects Corridor,1998 Bonds,Citywide,07/2023,47700365,47705189,-4824,0,0,47705189,0,,
2021,77,Flood Protection & Storm Drainage Management,Forest Ridge 9700 Block-Chiswell 9600 Block,VD76,Stormwater Management Drainage,2017 Bonds,7,06/2023,377755,177755,200000,1322245,0,1700000,0,2022,2022
2021,77,Flood Protection & Storm Drainage Management,Fort Worth Avenue @ Vilbig,VD37,Stormwater Management Drainage,2017 Bonds,6,07/2023,200000,30516,169484,0,0,200000,0,,
2021,77,Flood Protection & Storm Drainage Management,"Fox Hollow Lake, Dredging",W408,Stormwater Management Drainage,Other GO Non-Debt CIP -,3,10/2023,31006,28006,3000,106764,0,137770,0,2022,2022
2021,77,Flood Protection & Storm Drainage Management,Gabion - Major Maintenance,W196,Stormwater Management Drainage,Other GO Non-Debt CIP -,Citywide,Ongoing,250000,0,250000,160000,300000,710000,750000,2022,2023
2021,77,Flood Protection & Storm Drainage Management,Gifford-Roanoke Area Relief System - Phase II/ Brookhollow Bridge,VD38,Stormwater Management Drainage,2017 Bonds,2,07/2023,194420,189420,5000,1450580,0,1645000,0,2022,2022
2021,77,Flood Protection & Storm Drainage Management,Glen Oaks 816,S723,Erosion Control,2012 Bonds,4,11/2023,0,35609,-35609,0,0,35609,0,,
2021,78,Flood Protection & Storm Drainage Management,Glen Oaks 936,W749,Stormwater Management Drainage,Other GO Non-Debt CIP -,4,05/2025,0,0,0,0,0,0,67200,,
2021,78,Flood Protection & Storm Drainage Management,Glencairn 460,W750,Stormwater Management Drainage,Other GO Non-Debt CIP -,8,05/2025,0,0,0,0,0,0,33600,,
2021,78,Flood Protection & Storm Drainage Management,Grauwyler Gate,W751,Stormwater Management Drainage,Other GO Non-Debt CIP -,2,05/2025,0,0,0,0,0,0,75000,,
2021,78,Flood Protection & Storm Drainage Management,"Greendale 1721, 1716",VD67,Stormwater Management Drainage,2017 Bonds,5,11/2023,50000,18814,31186,0,55000,105000,0,2023,2023
2021,78,Flood Protection & Storm Drainage Management,Greenhollow/ Sapling Way/ Clearsprings RL,W200,Stormwater Management Drainage,Other GO Non-Debt CIP -,11,11/2023,1370700,139135,1231565,0,0,1370700,0,,
2021,78,Flood Protection & Storm Drainage Management,Greenspan - Kirnwood Area,VD65,Stormwater Management Drainage,2017 Bonds,10,06/2023,72698,69198,3500,455802,0,528500,0,2022,2022
2021,78,Flood Protection & Storm Drainage Management,Guadalupe 3033,W752,Stormwater Management Drainage,Other GO Non-Debt CIP -,3,05/2025,0,0,0,0,0,0,24000,,
2021,78,Flood Protection & Storm Drainage Management,Guildhall-McCree Storm Drainage Relief System,W213,Stormwater Management Drainage,Other GO Non-Debt CIP -,"10, Citywide",11/2023,4699970,426170,4273800,0,0,4699970,0,,
2021,78,Flood Protection & Storm Drainage Management,Hampton Gate,VD34,Stormwater Management Drainage,2017 Bonds,6,09/2022,0,0,0,21277,472437,493714,0,2022,2023
2021,78,Flood Protection & Storm Drainage Management,Hatfield Branch @ Seagoville Channel Improvements,VD71,Stormwater Management Drainage,2017 Bonds,5,11/2023,200000,49474,150526,0,287000,487000,0,2023,2023
2021,78,Flood Protection & Storm Drainage Management,Healey 2116 & Kingsman 9869,S731,Erosion Control,2012 Bonds,9,05/2023,76877,20642,56235,0,0,76877,0,,
2021,78,Flood Protection & Storm Drainage Management,Hearne @ Commerce,VD35,Stormwater Management Drainage,2017 Bonds,6,07/2023,246000,36488,209512,0,0,246000,0,,
2021,79,Flood Protection & Storm Drainage Management,Hickory Creek Floodplain Management Study,W270,Stormwater Management Drainage,Other GO Non-Debt CIP -,8,10/2024,228066,0,228066,0,0,228066,0,,
2021,79,Flood Protection & Storm Drainage Management,Highgrove Area Drainage Relief System,W410,Stormwater Management Drainage,Other GO Non-Debt CIP -,6,05/2027,0,0,0,0,0,0,4115000,,
2021,79,Flood Protection & Storm Drainage Management,"Highland Road, 2447",VD68,Stormwater Management Drainage,2017 Bonds,7,11/2023,75000,37069,37931,0,120000,195000,0,2023,2023
2021,79,Flood Protection & Storm Drainage Management,"Hillside Drive, 3604",VD18,Erosion Control,2017 Bonds,9,04/2023,150000,20649,129351,0,0,150000,0,,
2021,79,Flood Protection & Storm Drainage Management,"Holliday, 3445, 3449, 3605, 3621",W411,Stormwater Management Drainage,Other GO Non-Debt CIP -,Citywide,04/2025,0,0,0,124800,915200,1040000,0,2022,2023
2021,79,Flood Protection & Storm Drainage Management,"Hollow Ridge, 4804 VD74",,- Stormwater Management Drainage,2017 Bonds,7,11/2023,165000,7611,157389,0,185000,350000,0,2023,2023
2021,79,Flood Protection & Storm Drainage Management,"Homer Street, 3215",VD43,Stormwater Management Drainage,2017 Bonds,14,07/2023,141000,19200,121800,0,0,141000,0,,
2021,79,Flood Protection & Storm Drainage Management,Hughes Lane @ Kalani Place,VD78,Stormwater Management Drainage,2006 Bonds / 2017 Bonds,11,10/2022,1238534,1238534,0,0,0,1238534,0,,
2021,79,Flood Protection & Storm Drainage Management,Hunnicut Road 8223,W233,Stormwater Management Drainage,Other GO Non-Debt CIP -,7,07/2023,263000,45640,217360,0,0,263000,0,,
2021,79,Flood Protection & Storm Drainage Management,Jackson Branch- Church Road Bridge,W753,Stormwater Management Drainage,Other GO Non-Debt CIP -,10,05/2025,0,0,0,0,0,0,205500,,
2021,79,Flood Protection & Storm Drainage Management,Joe's Creek - TXU ROW and 3900 Block Vinecrest,VD28,Erosion Control,2017 Bonds,4,04/2023,350000,48216,301783,0,0,350000,0,,
2021,79,Flood Protection & Storm Drainage Management,Joe's Creek West Fork Bridge @ Walnut Hill,VD47,Stormwater Management Drainage,2017 Bonds,6,11/2023,275000,219843,55157,0,195000,470000,0,2023,2023
2021,80,Flood Protection & Storm Drainage Management,Junius Street @Baylor University Medical Center,VD39,Stormwater Management Drainage,2017 Bonds,3,07/2023,102829,99329,3500,0,0,102829,0,,
2021,80,Flood Protection & Storm Drainage Management,"Keeton Park Lake, Dredging",W412,Stormwater Management Drainage,Other GO Non-Debt CIP -,5,10/2023,118966,115966,3000,0,671832,790798,0,2023,2023
2021,80,Flood Protection & Storm Drainage Management,Kidd Springs - H&H Study,VD31,Stormwater Management Drainage,2017 Bonds,1,08/2021,89000,89000,0,0,0,89000,0,,
2021,80,Flood Protection & Storm Drainage Management,Kidd Springs Branch @ Colorado,W754,Stormwater Management Drainage,Other GO Non-Debt CIP -,1,05/2025,0,0,0,0,0,0,146050,,
2021,80,Flood Protection & Storm Drainage Management,Kiest Boulevard W. 2901,W234,Stormwater Management Drainage,Other GO Non-Debt CIP -,3,07/2023,275000,45547,229453,57600,0,332600,154600,2022,2022
2021,80,Flood Protection & Storm Drainage Management,"Kiesthill (3407, 3411, 3431), Kiest Crest (3610), & Kiest Forest (3408, 3316)",W414,Stormwater Management Drainage,Other GO Non-Debt CIP -,3,04/2025,0,0,0,236800,2131200,2368000,2131200,2022,2023
2021,80,Flood Protection & Storm Drainage Management,"Kiesthill Drive, 3335",VD04,Erosion Control,2017 Bonds,3,06/2022,300000,145913,154087,0,0,300000,0,,
2021,80,Flood Protection & Storm Drainage Management,Kiltartan 1511,S735,Erosion Control,2012 Bonds / 1995 Bonds,9,10/2021,170904,170904,0,0,0,170904,0,,
2021,80,Flood Protection & Storm Drainage Management,Kiltartan 1519,W755,Stormwater Management Drainage,Other GO Non-Debt CIP -,9,05/2025,0,0,0,0,33600,33600,190400,2023,2023
2021,80,Flood Protection & Storm Drainage Management,Kings Branch @ Genoa,VD61,Stormwater Management Drainage,2017 Bonds,4,06/2023,36375,34375,2000,225625,0,262000,0,2022,2022
2021,80,Flood Protection & Storm Drainage Management,Kings Branch Culvert @ Denley,VD60,Stormwater Management Drainage,2017 Bonds,4,06/2023,65175,62175,3000,417825,0,483000,0,2022,2022
2021,80,Flood Protection & Storm Drainage Management,Kings Branch Culvert @ Edgemont,VD56,Stormwater Management Drainage,2017 Bonds,4,06/2023,24896,22896,2000,150104,0,175000,0,2022,2022
2021,81,Flood Protection & Storm Drainage Management,Kings Branch Culvert @ Georgia,VD54,Stormwater Management Drainage,2017 Bonds,4,06/2023,28568,26568,2000,173432,0,202000,0,2022,2022
2021,81,Flood Protection & Storm Drainage Management,Kings Branch Culvert @ Louisiana,VD59,Stormwater Management Drainage,2017 Bonds,4,06/2023,51460,48960,2500,321040,0,372500,0,2022,2022
2021,81,Flood Protection & Storm Drainage Management,Kings Branch Culvert @ Stella,VD58,Stormwater Management Drainage,2017 Bonds,4,06/2023,27148,25148,2000,164852,0,192000,0,2022,2022
2021,81,Flood Protection & Storm Drainage Management,Kings Branch Culvert @ Woodin,VD57,Stormwater Management Drainage,2017 Bonds,9,06/2023,29982,27982,2000,184018,0,214000,0,2022,2022
2021,81,Flood Protection & Storm Drainage Management,Knights Branch Upper Relief System Study,W756,Stormwater Management Drainage,Other GO Non-Debt CIP -,"2, 13",05/2025,0,0,0,0,0,0,400000,,
2021,81,Flood Protection & Storm Drainage Management,Knights Street 2426 & 2428,W757,Stormwater Management Drainage,Other GO Non-Debt CIP -,2,05/2025,0,0,0,0,0,0,177000,,
2021,81,Flood Protection & Storm Drainage Management,Kushla 3800 @ Grinnell,W758,Stormwater Management Drainage,Other GO Non-Debt CIP -,4,05/2025,0,0,0,0,0,0,65250,,
2021,81,Flood Protection & Storm Drainage Management,Lake Cliff at Colorado - H&H Study,VD30,Stormwater Management Drainage,2017 Bonds,1,08/2021,59000,59000,0,0,0,59000,0,,
2021,81,Flood Protection & Storm Drainage Management,"Lake Highlands (E.) 10684, 10688, 10692",W759,Stormwater Management Drainage,Other GO Non-Debt CIP -,9,05/2025,0,0,0,0,0,0,168000,,
2021,81,Flood Protection & Storm Drainage Management,Lake June @ St. Augustine,VD72,Stormwater Management Drainage,2017 Bonds,5,11/2023,200000,59714,140286,0,521000,721000,0,2023,2023
2021,81,Flood Protection & Storm Drainage Management,Lakeland 2214,W235,Stormwater Management Drainage,Other GO Non-Debt CIP -,9,01/2023,343750,47078,296673,0,0,343750,0,,
2021,81,Flood Protection & Storm Drainage Management,Lane Park-7100 to 7300 Block,W760,Stormwater Management Drainage,Other GO Non-Debt CIP -,13,05/2025,0,0,0,0,0,0,143550,,
2021,81,Flood Protection & Storm Drainage Management,"Leeshire, 2921",W415,Stormwater Management Drainage,Other GO Non-Debt CIP -,7,05/2025,0,0,0,320000,0,320000,0,2022,2022
2021,82,Flood Protection & Storm Drainage Management,Levee Drainage System - Sump A,T513,Flood Management,2006 Bonds,7,06/2023,3095251,3095281,-29,0,0,3095281,0,,
2021,82,Flood Protection & Storm Drainage Management,Levee Drainage System,T543,Stormwater Management Drainage,2006 Bonds,4,06/2023,200000,438024,-238024,0,0,438024,0,,
2021,82,Flood Protection & Storm Drainage Management,Levee Drainage System- Sump A (Able Pump),S768,Flood Management,2012 Bonds,7,06/2023,89571270,76935378,12635891,0,0,89571270,0,,
2021,82,Flood Protection & Storm Drainage Management,Lisbon Area C,W204,Stormwater Management Drainage,Other GO Non-Debt CIP -,4,11/2023,1172813,283063,889750,481487,0,1654300,0,2022,2022
2021,82,Flood Protection & Storm Drainage Management,"Lively Lane, 3808",VD48,Stormwater Management Drainage,2017 Bonds,6,11/2023,64000,37688,26312,0,16000,80000,0,2023,2023
2021,82,Flood Protection & Storm Drainage Management,Loganwood 3602,VD69,Stormwater Management Drainage,2017 Bonds,5,11/2023,100000,41038,58962,0,156000,256000,0,2023,2023
2021,82,Flood Protection & Storm Drainage Management,"Lone Star Detention Basin, Dredging",W416,Stormwater Management Drainage,Other GO Non-Debt CIP -,6,10/2023,87643,87625,18,0,0,87643,0,,
2021,82,Flood Protection & Storm Drainage Management,Loree 1742,W761,Stormwater Management Drainage,Other GO Non-Debt CIP -,9,05/2025,0,0,0,0,0,0,109500,,
2021,82,Flood Protection & Storm Drainage Management,"Lullwater Drive 8223, 8235",W762,Stormwater Management Drainage,Other GO Non-Debt CIP -,9,05/2025,0,0,0,0,0,0,36000,,
2021,82,Flood Protection & Storm Drainage Management,Mapleleaf Circle/ Mapleleaf Lane Area,W763,Stormwater Management Drainage,Other GO Non-Debt CIP -,3,05/2025,0,0,0,0,0,0,159000,,
2021,82,Flood Protection & Storm Drainage Management,Master Plans / Floodplain Management Studies,W417,Stormwater Management Drainage,Other GO Non-Debt CIP -,Citywide,08/2024,3500000,3500000,0,1040000,0,4540000,0,2022,2022
2021,82,Flood Protection & Storm Drainage Management,McCommas Branch FPMS Alt 4,W277,Stormwater Management Drainage,Other GO Non-Debt CIP -,14,05/2025,0,0,0,479432,0,479432,3119500,2022,2022
2021,83,Flood Protection & Storm Drainage Management,McCree Branch- White Rock-Flood Management,T515,Flood Management,2006 Bonds,10,11/2023,178844,123469,55375,0,0,178844,0,,
2021,83,Flood Protection & Storm Drainage Management,Meadow Lake Ave 7102 & Westlake 7203,W764,Stormwater Management Drainage,Other GO Non-Debt CIP -,9,05/2025,0,0,0,0,0,0,238500,,
2021,83,Flood Protection & Storm Drainage Management,"Meadowcliff 10720, 10726",VD13,Erosion Control,2006 Bonds / 2017 Bonds,10,06/2022,1251183,1234966,16217,0,0,1251183,0,,
2021,83,Flood Protection & Storm Drainage Management,Meadowknoll 8911,W765,Stormwater Management Drainage,Other GO Non-Debt CIP -,10,05/2025,0,0,0,0,0,0,26400,,
2021,83,Flood Protection & Storm Drainage Management,Meandering Way 16209,VD81,Stormwater Management Drainage,2017 Bonds,1,06/2023,74000,8152,65848,0,0,74000,0,,
2021,83,Flood Protection & Storm Drainage Management,Melody Lane 6262 Site 1&2,W766,Stormwater Management Drainage,Other GO Non-Debt CIP -,13,06/2029,0,0,0,0,253350,253350,1435650,2023,2023
2021,83,Flood Protection & Storm Drainage Management,"Mercer Place, 9056",W790,Stormwater Management Drainage,Other GO Non-Debt CIP -,9,05/2025,0,0,0,24000,136000,160000,0,2022,2023
2021,83,Flood Protection & Storm Drainage Management,Middle Peaks Branch - Phase 1 - to Fair,T523,Stormwater Management Drainage,2006 Bonds,Citywide,11/2023,4259863,4259863,0,0,0,4259863,0,,
2021,83,Flood Protection & Storm Drainage Management,Middle Peaks Branch - Phase 2 - Fair Par,T524,Stormwater Management Drainage,2006 Bonds,Citywide,11/2023,2978777,2978777,0,0,0,2978777,0,,
2021,83,Flood Protection & Storm Drainage Management,Mill Creek Drainage Relief System - Phase I,T525,Stormwater Management Drainage,2006 Bonds,Citywide,11/2023,91100467,52926709,38173758,0,0,91100467,0,,
2021,83,Flood Protection & Storm Drainage Management,"Mill Creek, Peaks Branch and State Thomas",S769,Flood Management,2012 Bonds,Citywide,11/2023,218600000,204573549,14026451,0,0,218600000,0,,
2021,84,Flood Protection & Storm Drainage Management,Milverton @ Palisade,VD73,Stormwater Management Drainage,2017 Bonds,5,11/2023,150000,88760,61240,0,720000,870000,0,2023,2023
2021,84,Flood Protection & Storm Drainage Management,Monte Carlo 1600 and 3400 block,W274,Stormwater Management Drainage,Other GO Non-Debt CIP -,4,07/2023,200000,70325,129675,0,0,200000,0,,
2021,84,Flood Protection & Storm Drainage Management,Morning Dew Circle 3844 (RL Area 39),VD55,Stormwater Management Drainage,2017 Bonds,3,06/2023,21800,17800,4000,117200,0,139000,0,2022,2022
2021,84,Flood Protection & Storm Drainage Management,"Munger, 1300, 1301",VD40,Stormwater Management Drainage,2017 Bonds,"2, 14",07/2023,80000,11713,68287,0,0,80000,0,,
2021,84,Flood Protection & Storm Drainage Management,N. Winnetka Ave. @ McBroom Street Drainage Relief,W767,Stormwater Management Drainage,Other GO Non-Debt CIP -,6,05/2025,0,0,0,0,0,0,34500,,
2021,84,Flood Protection & Storm Drainage Management,Nandina - Pine Trail Area,VD63,Stormwater Management Drainage,2017 Bonds,7,06/2023,107207,103707,3500,806293,0,913500,0,2022,2022
2021,84,Flood Protection & Storm Drainage Management,"Nedra Way, 15821, 15827",VD25,Erosion Control,2017 Bonds,11,04/2023,145000,20027,124973,0,0,145000,0,,
2021,84,Flood Protection & Storm Drainage Management,Northclif Drive 9804,W768,Stormwater Management Drainage,Other GO Non-Debt CIP -,9,06/2029,0,0,0,0,0,0,448000,,
2021,84,Flood Protection & Storm Drainage Management,Northwest Highway @ Tulane,W769,Stormwater Management Drainage,Other GO Non-Debt CIP -,13,05/2028,0,0,0,0,0,0,2550000,,
2021,84,Flood Protection & Storm Drainage Management,Oates Drive 1407,VD19,Erosion Control,2017 Bonds,9,04/2023,190000,26154,163846,0,0,190000,0,,
2021,84,Flood Protection & Storm Drainage Management,Ohio W. 412 416,W236,Stormwater Management Drainage,Other GO Non-Debt CIP -,9,05/2023,111875,8883,102992,0,0,111875,0,,
2021,84,Flood Protection & Storm Drainage Management,Pagewood 10553,S743,Erosion Control,2012 Bonds,11,05/2022,90000,90000,0,0,0,90000,0,,
2021,84,Flood Protection & Storm Drainage Management,"Pandora Circle, 13344",W419,Stormwater Management Drainage,Other GO Non-Debt CIP -,10,04/2025,0,0,0,48000,272000,320000,0,2022,2023
2021,85,Flood Protection & Storm Drainage Management,Parkdale Bridge - White Rock Creek Tributary,VD08,Stormwater Management Drainage,2017 Bonds,7,Ongoing,0,0,0,0,97000,97000,0,2023,2023
2021,85,Flood Protection & Storm Drainage Management,Parrish Branch Culvert @ Wheatland Rd.,W237,Stormwater Management Drainage,Other GO Non-Debt CIP -,8,06/2023,460000,18900,441100,0,402500,862500,0,2023,2023
2021,85,Flood Protection & Storm Drainage Management,"Paul Quinn College, 3837 Simpson Stewar",W238,Stormwater Management Drainage,Other GO Non-Debt CIP -,8,01/2023,412500,57634,354866,0,0,412500,0,,
2021,85,Flood Protection & Storm Drainage Management,Pensive Drive Channel/ Walnut Hill Relief System,W212,Stormwater Management Drainage,Other GO Non-Debt CIP -,"6, 13, Citywide",07/2023,11025000,1066051,9958949,0,0,11025000,0,,
2021,85,Flood Protection & Storm Drainage Management,"Pentagon Parkway, W. 1122",VD06,Erosion Control,2017 Bonds,9,06/2022,480000,319080,160920,0,0,480000,0,,
2021,85,Flood Protection & Storm Drainage Management,Plano Pkwy. 8800,W770,Stormwater Management Drainage,Other GO Non-Debt CIP -,10,05/2025,0,0,0,0,0,0,103500,,
2021,85,Flood Protection & Storm Drainage Management,Pleasant Branch Tonawanda to Bruton,W279,Stormwater Management Drainage,Other GO Non-Debt CIP -,5,06/2025,2208449,0,2208449,2477702,0,4686151,0,2022,2022
2021,85,Flood Protection & Storm Drainage Management,Polk Street 3425 (RL Area 38),W272,Stormwater Management Drainage,Other GO Non-Debt CIP -,3,10/2028,440000,0,440000,0,0,440000,0,,
2021,85,Flood Protection & Storm Drainage Management,Prairie Creek Channel & Bridge Improvement @ 175,VD70,Stormwater Management Drainage,2017 Bonds,5,11/2023,300000,65901,234099,0,917000,1217000,0,2023,2023
2021,85,Flood Protection & Storm Drainage Management,Prairie Oak Drive 9321 (RL Area 33),VD66,Stormwater Management Drainage,2017 Bonds,5,11/2023,125000,67737,57263,0,300000,425000,0,2023,2023
2021,85,Flood Protection & Storm Drainage Management,"Preston Bend Drive, 17110",W420,Stormwater Management Drainage,Other GO Non-Debt CIP -,12,04/2025,0,0,0,76800,563200,640000,0,2022,2023
2021,86,Flood Protection & Storm Drainage Management,Preston Creek Place 6166,W771,Stormwater Management Drainage,Other GO Non-Debt CIP -,11,05/2025,0,0,0,0,0,0,22500,,
2021,86,Flood Protection & Storm Drainage Management,"Preston Hollow Channel, Phases 1& 2, Desco",VD51,Stormwater Management Drainage,2017 Bonds,13,11/2023,245000,202076,42924,0,1609000,1854000,0,2023,2023
2021,86,Flood Protection & Storm Drainage Management,Pruitt Branch Tributary Culvert Improvements @ Kingsfield,VD64,Stormwater Management Drainage,2017 Bonds,12,06/2023,58685,55685,3000,364315,0,423000,0,2022,2022
2021,86,Flood Protection & Storm Drainage Management,Public Erosion control,VD15,Stormwater Management Drainage,2017 Bonds,Citywide,01/2023,0,0,0,310000,0,310000,0,2022,2022
2021,86,Flood Protection & Storm Drainage Management,"Putting Green 6521, 6629, 6637, 6729",VD03,Erosion Control,2006 Bonds / 2017 Bonds,3,06/2022,937024,1020032,-83008,0,0,1020032,0,,
2021,86,Flood Protection & Storm Drainage Management,Pyka 3918,W239,Stormwater Management Drainage,Other GO Non-Debt CIP -,3,07/2023,232000,40077,191923,0,0,232000,0,,
2021,86,Flood Protection & Storm Drainage Management,Ravinia S. 3338,W772,Stormwater Management Drainage,Other GO Non-Debt CIP -,3,05/2025,0,0,0,0,0,0,28800,,
2021,86,Flood Protection & Storm Drainage Management,"Ravinia South,123",W773,Erosion Control,Other GO Non-Debt CIP -,1,05/2028,0,0,0,0,0,0,250000,,
2021,86,Flood Protection & Storm Drainage Management,Rawlings-Douglas to Knight Drainage Relief,W197,Stormwater Management Drainage,Other GO Non-Debt CIP -,14,Ongoing,1820318,1077102,743216,0,0,1820318,0,,
2021,86,Flood Protection & Storm Drainage Management,Red Bird Branch Culvert @ Red Bird Lane,W421,Stormwater Management Drainage,Other GO Non-Debt CIP -,3,04/2025,0,0,0,270000,2430000,2700000,0,2022,2023
2021,86,Flood Protection & Storm Drainage Management,Rembrandt Terrace 18731,W240,Stormwater Management Drainage,Other GO Non-Debt CIP -,12,01/2023,201079,79333,121746,0,0,201079,0,,
2021,87,Flood Protection & Storm Drainage Management,Rexford Dr @ Shorecrest Dr,VD53,Stormwater Management Drainage,2017 Bonds,13,07/2022,168000,18477,149523,0,0,168000,0,,
2021,87,Flood Protection & Storm Drainage Management,"Richardson Branch Trail 8619,8623",W774,Stormwater Management Drainage,Other GO Non-Debt CIP -,10,05/2025,0,0,0,0,0,0,48000,,
2021,87,Flood Protection & Storm Drainage Management,Richwood,W241,Stormwater Management Drainage,Other GO Non-Debt CIP -,3,01/2023,1911306,256000,1655306,0,0,1911306,0,,
2021,87,Flood Protection & Storm Drainage Management,"Riverhill Drive, 17418",VD22,Stormwater Management Drainage,2017 Bonds,12,04/2023,188000,25944,162056,0,0,188000,0,,
2021,87,Flood Protection & Storm Drainage Management,Riverview 6431,W355,Stormwater Management Drainage,Other GO Non-Debt CIP -,13,05/2022,2312592,2320602,-8010,0,0,2320602,0,,
2021,87,Flood Protection & Storm Drainage Management,Royal Crest Drive 5105,W775,Stormwater Management Drainage,Other GO Non-Debt CIP -,13,05/2025,0,0,0,0,0,0,72000,,
2021,87,Flood Protection & Storm Drainage Management,Royal Lane 7832 & 7920,S746,Erosion Control,2006 Bonds / 2012 Bonds / 1995 Bonds,11,10/2021,596053,596208,-155,0,0,597693,0,,
2021,87,Flood Protection & Storm Drainage Management,"Royal Lane, 3162 (RL Area 7)",VD52,Stormwater Management Drainage,2017 Bonds,13,11/2023,98000,42966,55034,0,122000,220000,0,2023,2023
2021,87,Flood Protection & Storm Drainage Management,"Royal Lane, 7012",VD50,Stormwater Management Drainage,2017 Bonds,11,11/2023,145000,110769,34231,0,905000,1050000,0,2023,2023
2021,87,Flood Protection & Storm Drainage Management,Rush Creek - Relief/Diversion System,T533,Stormwater Management Drainage,2006 Bonds,Citywide,11/2023,495407,495018,389,0,0,495407,0,,
2021,87,Flood Protection & Storm Drainage Management,Sage Valley- Wisteria Area,W776,Stormwater Management Drainage,Other GO Non-Debt CIP -,3,05/2025,0,0,0,0,0,0,26472,,
2021,87,Flood Protection & Storm Drainage Management,San Gabriel Drive 4300 Blk,W777,Erosion Control,Other GO Non-Debt CIP -,13,05/2028,0,0,0,0,0,0,7245000,,
2021,88,Flood Protection & Storm Drainage Management,Sanford Ave Relief System,W199,Stormwater Management Drainage,Other GO Non-Debt CIP -,9,11/2023,408860,399860,9000,0,0,408860,0,,
2021,88,Flood Protection & Storm Drainage Management,Seaton 3321,W778,Stormwater Management Drainage,Other GO Non-Debt CIP -,4,05/2025,0,0,0,0,0,0,43200,,
2021,88,Flood Protection & Storm Drainage Management,"Shady Hollow Ct, 3300 Block & Boulder Drive",VD16,Erosion Control,2017 Bonds,3,01/2023,1518102,214337,1303765,0,0,1518102,0,,
2021,88,Flood Protection & Storm Drainage Management,Sheldon Ave 3303 (Fire Station 26),W779,Stormwater Management Drainage,Other GO Non-Debt CIP -,1,05/2025,0,0,0,0,0,0,96000,,
2021,88,Flood Protection & Storm Drainage Management,"Sinclair, 10514",W423,Stormwater Management Drainage,Other GO Non-Debt CIP -,9,04/2025,0,0,0,24000,136000,160000,0,2022,2023
2021,88,Flood Protection & Storm Drainage Management,Sorcey Road @ White Ash,VD41,Stormwater Management Drainage,2017 Bonds,3,07/2023,65000,30975,34025,0,0,65000,0,,
2021,88,Flood Protection & Storm Drainage Management,South Branch Culvert Louisiana,W242,Stormwater Management Drainage,Other GO Non-Debt CIP -,1,06/2023,165900,16564,149336,0,0,165900,1333000,,
2021,88,Flood Protection & Storm Drainage Management,"South Lamar Ph. 2 - Pear, Mooney, Bannock Area",W424,Stormwater Management Drainage,Other GO Non-Debt CIP -,7,04/2025,0,0,0,400000,0,400000,3600000,2022,2022
2021,88,Flood Protection & Storm Drainage Management,Spring Grove 13316,S751,Erosion Control,2012 Bonds,2,04/2023,74045,37771,36274,0,0,74045,0,,
2021,88,Flood Protection & Storm Drainage Management,Squaw Valley 17628,S754,Erosion Control,2012 Bonds,9,04/2023,93641,48918,44723,0,0,93641,0,,
2021,88,Flood Protection & Storm Drainage Management,"Squaw Valley, 17612,17614 & 17630",W425,Stormwater Management Drainage,Other GO Non-Debt CIP -,12,04/2025,0,0,0,120192,881408,1001600,0,2022,2023
2021,88,Flood Protection & Storm Drainage Management,State-Thomas - Antique District (Fairmou,T534,Stormwater Management Drainage,2006 Bonds,Citywide,11/2023,28130,28041,89,0,0,28130,0,,
2021,88,Flood Protection & Storm Drainage Management,State-Thomas - Flora/Boll to Fairmont,VD45,Stormwater Management Drainage,2017 Bonds,14,07/2023,495000,99000,396000,0,0,495000,0,,
2021,89,Flood Protection & Storm Drainage Management,State-Thomas - Hallsville/ Worthington,VD44,Stormwater Management Drainage,2017 Bonds,14,07/2023,636000,95588,540412,0,0,636000,0,,
2021,89,Flood Protection & Storm Drainage Management,State-Thomas - McKinney Ave.,T535,Stormwater Management Drainage,2006 Bonds,Citywide,11/2023,2941120,2941120,0,0,0,2941120,0,,
2021,89,Flood Protection & Storm Drainage Management,State-Thomas @ Woodall Rodgers,T536,Stormwater Management Drainage,2006 Bonds,Citywide,11/2023,8261418,8261418,0,0,0,8261418,0,,
2021,89,Flood Protection & Storm Drainage Management,State-Thomas @ Woodall Rodgers (Study),T537,Stormwater Management Drainage,2006 Bonds,Citywide,11/2023,9020,9020,0,0,0,9020,0,,
2021,89,Flood Protection & Storm Drainage Management,Stedman Cir 17309 & 17315,VD21,Erosion Control,2017 Bonds,12,04/2023,300000,41454,258546,0,0,300000,0,,
2021,89,Flood Protection & Storm Drainage Management,"Summer Creek Circle 6145, 6153, 6155, 6157",W426,Stormwater Management Drainage,Other GO Non-Debt CIP -,13,10/2023,0,0,0,230400,1689600,1920000,0,2022,2023
2021,89,Flood Protection & Storm Drainage Management,"Talbot Parkway, 6760",VD05,Erosion Control,2017 Bonds,3,06/2022,245039,382063,-137024,0,0,382063,0,,
2021,89,Flood Protection & Storm Drainage Management,"Tamarack 1745, 1739, 1751",S757,Erosion Control,2012 Bonds,9,11/2023,308500,121916,186584,0,0,308500,0,,
2021,89,Flood Protection & Storm Drainage Management,Teakwood Elmridge Drainage Relief,VD49,Stormwater Management Drainage,2017 Bonds,11,11/2023,63500,60089,3411,0,550000,613500,0,2023,2023
2021,89,Flood Protection & Storm Drainage Management,Throckmorton- Reagan-Drainage Improvements,W198,Stormwater Management Drainage,Other GO Non-Debt CIP -,2,06/2023,1736501,512768,1223733,2067400,0,3803901,0,2022,2022
2021,89,Flood Protection & Storm Drainage Management,Timber Trail Dr. 10245,W243,Stormwater Management Drainage,Other GO Non-Debt CIP -,13,01/2023,406250,0,406250,0,0,406250,0,,
2021,89,Flood Protection & Storm Drainage Management,"Trammel Drive, 6561",W427,Stormwater Management Drainage,Other GO Non-Debt CIP -,9,04/2025,0,0,0,24000,136000,160000,0,2022,2023
2021,90,Flood Protection & Storm Drainage Management,"Tree Shadow Trail, 5910",VD79,Stormwater Management Drainage,2017 Bonds,1,06/2023,200783,100783,100000,713217,0,914000,0,2022,2022
2021,90,Flood Protection & Storm Drainage Management,Trinity River Corridor Projects,N962,Trinity River Projects Corridor,1998 Bonds,Citywide,07/2023,359617,359617,0,0,0,359617,0,,
2021,90,Flood Protection & Storm Drainage Management,Turnpike Distribution IV IH30-Commerce,VD36,Stormwater Management Drainage,2017 Bonds,6,07/2023,224000,34607,189393,0,0,224000,0,,
2021,90,Flood Protection & Storm Drainage Management,Turtle Creek - Trib 1 Culvert,VD46,Stormwater Management Drainage,2017 Bonds,Citywide,05/2025,0,0,0,250000,0,250000,0,2022,2022
2021,90,Flood Protection & Storm Drainage Management,Turtle Creek @ Bowen Area - Storm Drainage Relief,W428,Stormwater Management Drainage,Other GO Non-Debt CIP -,14,04/2026,0,0,0,48000,0,48000,272000,2022,2022
2021,90,Flood Protection & Storm Drainage Management,Turtle Creek @ Hall,W780,Stormwater Management Drainage,Other GO Non-Debt CIP -,14,05/2025,0,0,0,0,0,0,900000,,
2021,90,Flood Protection & Storm Drainage Management,Turtle Creek @ Stonebridge,W781,Erosion Control,Other GO Non-Debt CIP -,14,05/2028,0,0,0,0,0,0,1110000,,
2021,90,Flood Protection & Storm Drainage Management,Twin Creek 9726,S760,Erosion Control,2012 Bonds / 1995 Bonds,9,10/2021,139423,139423,0,0,0,139423,0,,
2021,90,Flood Protection & Storm Drainage Management,"Twin Lakes, Dredging",W429,Stormwater Management Drainage,Other GO Non-Debt CIP -,5,10/2023,81603,76603,5000,538000,0,619603,0,2022,2022
2021,90,Flood Protection & Storm Drainage Management,Tyler (S)-Berkley,W782,Stormwater Management Drainage,Other GO Non-Debt CIP -,1,05/2025,0,0,0,0,0,0,490500,,
2021,90,Flood Protection & Storm Drainage Management,University Hills (Houston School St) Bridge@ Ricketts Branch,W783,Stormwater Management Drainage,Other GO Non-Debt CIP -,3,05/2025,0,0,0,0,150000,150000,850000,2023,2023
2021,90,Flood Protection & Storm Drainage Management,Urban 3100 Private Erosion Control,VD07,Erosion Control,2017 Bonds,9,06/2022,250000,169855,80145,0,0,250000,0,,
2021,91,Flood Protection & Storm Drainage Management,USACE Partnership Funds,W397,Trinity River Projects Corridor,2006 Bonds / 1998 Bonds,Citywide,07/2023,20742640,20739640,3000,0,0,20742640,0,,
2021,91,Flood Protection & Storm Drainage Management,Van Buren (N)- Cedar Hill Area,W784,Stormwater Management Drainage,Other GO Non-Debt CIP -,1,05/2025,0,0,0,0,0,0,180000,,
2021,91,Flood Protection & Storm Drainage Management,"Versailles, 3500",VD83,Stormwater Management Drainage,2017 Bonds,9,06/2023,206000,22791,183209,0,0,206000,0,,
2021,91,Flood Protection & Storm Drainage Management,"Vinemont Channel, Drainage Diversion",VD29,Stormwater Management Drainage,2017 Bonds,1,09/2025,585288,585288,0,0,5957995,6543283,0,2023,2023
2021,91,Flood Protection & Storm Drainage Management,Vinewood Drive 8725,W244,Stormwater Management Drainage,Other GO Non-Debt CIP -,9,01/2023,246958,35458,211500,0,0,246958,0,,
2021,91,Flood Protection & Storm Drainage Management,Welch 11811,W785,Stormwater Management Drainage,Other GO Non-Debt CIP -,13,05/2025,0,0,0,0,0,0,22500,,
2021,91,Flood Protection & Storm Drainage Management,West Dallas - Eagle Ford Sump Basin,T541,Stormwater Management Drainage,2006 Bonds,Citywide,11/2023,421950,421950,0,0,0,421950,0,,
2021,91,Flood Protection & Storm Drainage Management,West Fork of Joes Creek Channel Repair-Brockbank Dr @ Channel Dr.,W786,Stormwater Management Drainage,Other GO Non-Debt CIP -,"6, 13",05/2025,0,0,0,0,0,0,150000,,
2021,91,Flood Protection & Storm Drainage Management,White Rock Creek Drainage Study update of 1989 FPMS Study,W269,Stormwater Management Drainage,Other GO Non-Debt CIP -,10,10/2028,550000,0,550000,0,0,550000,0,,
2021,"91, 92",Flood Protection & Storm Drainage Management,Wild Oak 2488,S764,Erosion Control,2006 Bonds / 2012 Bonds / 1995 Bonds,7,03/2022,137716,136576,1140,0,0,137716,0,,
2021,92,Flood Protection & Storm Drainage Management,Williamson Branch FPMS Alt 2,W278,Stormwater Management Drainage,Other GO Non-Debt CIP -,9,05/2026,0,0,0,0,2055000,2055000,11645000,2023,2023
2021,92,Flood Protection & Storm Drainage Management,Wixom Lane 835,W787,Stormwater Management Drainage,Other GO Non-Debt CIP -,8,05/2025,0,0,0,0,0,0,27300,,
2021,92,Flood Protection & Storm Drainage Management,"Woodlark Trail, 306",W788,Stormwater Management Drainage,Other GO Non-Debt CIP -,4,05/2025,0,0,0,0,0,0,7650,,
2021,92,Flood Protection & Storm Drainage Management,Woody Branch @ S Polk St,W430,Stormwater Management Drainage,Other GO Non-Debt CIP -,3,05/2023,0,0,0,0,659500,659500,5935500,2023,2023
2021,92,Flood Protection & Storm Drainage Management,Woody Branch Floodplain Management Study,W271,Stormwater Management Drainage,Other GO Non-Debt CIP -,4,04/2024,0,0,0,0,200000,200000,0,2023,2023
2021,92,Flood Protection & Storm Drainage Management,Wynnewood Village Drainage Improvements,VD32,Stormwater Management Drainage,2017 Bonds,4,05/2022,1157857,1151427,6430,177184,0,1335041,0,2022,2022
2021,92,Flood Protection & Storm Drainage Management,Yewpon - Kingsley Area,T543,Storm System Drainage Relief,2006 Bonds,4,06/2023,1996008,33900,1962108,0,0,1996008,0,,
2021,92,Flood Protection & Storm Drainage Management,Yosemite 6664,W789,Stormwater Management Drainage,Other GO Non-Debt CIP -,9,05/2025,0,0,0,0,0,0,6300,,
2021,92,Flood Protection & Storm Drainage Management,Grand Total,,,,,,0,0,0,0,0,0,0,,
2021,98,Park & Recreation,Accessibility and Code Compliance,T046,"Safety Code and Security Compliance,",2006 Bonds,Citywide,12/2021,217313,214780,2532,0,0,217313,0,,
2021,98,Park & Recreation,ADA/Code Allowance,VB14,"Safety Code and Security Compliance,",2017 Bonds,Citywide,09/2023,25000,0,25000,125000,0,150000,0,2022,2022
2021,98,Park & Recreation,Anderson Bonner - Creek Bank Stabilization,VK45,"Safety Code and Security Compliance,",2017 Bonds,11,12/2023,70000,0,70000,0,430000,500000,0,2023,2023
2021,98,Park & Recreation,Anderson Bonner - Playground - New,VK46,"Safety Code and Security Compliance,",2017 Bonds,11,12/2023,30000,0,30000,0,190000,220000,0,2023,2023
2021,98,Park & Recreation,Anderson Bonner - Renovate Soccer Field #3 with Lights and Bleachers,VK47,"Safety Code and Security Compliance,",2017 Bonds,11,12/2023,70000,0,70000,0,430000,500000,0,2023,2023
2021,98,Park & Recreation,Aquatics Master Plan Implementation- Phase 2A [Exline - Bahama],VB02,Aquatic Facilities,2017 Bonds,Citywide,06/2021,13002000,12102803,899197,0,0,13002000,0,,
2021,98,Park & Recreation,Arboretum Parking,T005,Dallas Arboretum,2006 Bonds,9,03/2022,1181068,1172098,8971,0,0,1181068,0,,
2021,98,Park & Recreation,Athletic Field Lighting,T010,"Safety Code and Security Compliance,",2006 Bonds,Citywide,06/2022,376930,145116,231814,0,0,376930,0,,
2021,99,Park & Recreation,B. B. Owen Park - Site Development,VK39,"Safety Code and Security Compliance,",2017 Bonds,10,03/2022,249250,0,249250,0,0,249250,0,,
2021,99,Park & Recreation,Bachman Lake Park - Regional Family Aquatic Center - Phase 1,VB83,- Aquatic Facilities,2017 Bonds,6,11/2021,4044500,3770473,274027,0,0,4044500,0,,
2021,99,Park & Recreation,Bachman Lake Skatepark,VB11,Site Development,2017 Bonds,6,12/2022,925000,337857,587144,3060000,0,3985000,0,2022,2022
2021,99,Park & Recreation,Bachman Recreation Center Renovation,VB23,Recreation Centers,2017 Bonds,6,09/2021,3637548,3013916,623631,0,0,3637548,0,,
2021,99,Park & Recreation,Bachman Regional Family Aquatic Center - Phase 1 (with CD 6),VB48,Aquatic Facilities,2017 Bonds,2,11/2021,2922500,2789025,133475,0,0,2922500,0,,
2021,99,Park & Recreation,"Barry Barker Park - pavilion, park furnishings, ADA drinking fountain",VK71,"Safety Code and Security Compliance,",2017 Bonds,12,09/2023,100000,0,100000,0,547738,647738,0,2023,2023
2021,99,Park & Recreation,Beckley Saner Park - Renovate backstop at 2 softball fields,VB61,Community Parks,2017 Bonds,4,12/2021,310000,316488,-6488,0,0,316488,0,,
2021,99,Park & Recreation,Bentwood Park - tennis - add player benches; park furnishings,VK64,"Safety Code and Security Compliance,",2017 Bonds,12,08/2021,50000,6728,43272,0,0,50000,0,,
2021,99,Park & Recreation,"Bisbee Park - Parking lot, clearing/grubbing, and signage",VB68,Facilities Neighborhood Park,2017 Bonds,5,10/2022,150000,0,150000,0,0,150000,0,,
2021,100,Park & Recreation,Bishop Flores Park - Connecting walkway to neighborhood,VB86,Facilities Neighborhood Park,2017 Bonds,6,10/2022,299438,0,299438,0,475000,774438,0,2023,2023
2021,100,Park & Recreation,Bitter Creek Park - Creek bank stabilization,VB67,Erosion Control,2017 Bonds,5,09/2023,73000,0,73000,0,200000,273000,0,2023,2023
2021,100,Park & Recreation,Bonnie View Park - Playground expansion,VB55,Playground Improvement,2017 Bonds,4,12/2021,6682,6682,0,0,0,6682,0,,
2021,100,Park & Recreation,Brownwood - Erosion Control,VB73,Erosion Control,2017 Bonds,6,10/2021,400000,374853,25147,0,0,400000,0,,
2021,100,Park & Recreation,Brownwood Park - Soccer Field,VB74,Community Parks,2017 Bonds,6,10/2021,198800,36013,162787,0,0,198800,0,,
2021,100,Park & Recreation,Cadillac Heights Park,VK94,Site Development,2017 Bonds,4,12/2024,674522,169945,504577,545265,0,1219787,0,2022,2022
2021,100,Park & Recreation,Campbell Green Park - Site Improvements,VK61,"Safety Code and Security Compliance,",2017 Bonds,12,04/2022,362547,0,362547,0,537453,900000,0,2023,2023
2021,100,Park & Recreation,Casa Linda Park - Basketball,VK18,"Safety Code and Security Compliance,",2017 Bonds,9,06/2022,35000,0,35000,0,0,35000,0,,
2021,100,Park & Recreation,Casa Linda Park Picnic Pavilion,VK17,"Safety Code and Security Compliance,",2017 Bonds,9,06/2022,423800,0,423800,0,0,423800,0,,
2021,100,Park & Recreation,Casa view Park - Walking Trail,VK19,"Safety Code and Security Compliance,",2017 Bonds,9,08/2022,60000,0,60000,340000,0,400000,0,2022,2022
2021,100,Park & Recreation,Centennial Building VC08,,"- Safety Code and Security Compliance,",2017 Bonds,Citywide,08/2023,750000,0,750000,0,3650000,4400000,0,2023,2023
2021,101,Park & Recreation,Central Square - playground replacement,VK90,Playground Improvement,2017 Bonds,14,07/2021,220000,30700,189300,0,0,220000,0,,
2021,101,Park & Recreation,Chalk Hill Trail land acq,T038,Park Land Acquisition,2006 Bonds,Citywide,09/2023,2797977,1720148,1077829,0,0,2797977,0,,
2021,101,Park & Recreation,"Churchill Recreation Center - Major Maintenance, HVAC",VK48,"Safety Code and Security Compliance,",2017 Bonds,11,07/2021,250000,137364,112636,0,0,250000,0,,
2021,101,Park & Recreation,Circuit Trail - The LOOP (Match),VB05,Hike and Bike Trails,2017 Bonds,"2, 4, 9 5, 6, 7,",04/2023,19400125,142300,19257825,0,550000,19950125,0,2023,2023
2021,101,Park & Recreation,City Facilities - Fair Park and Other Park Facility Repairs,W020,Major Maintenance,Other GO Non-Debt CIP -,Citywide,09/2023,1000000,675855,324145,0,0,1000000,0,,
2021,101,Park & Recreation,Citywide Security Lighting,T044,"Safety Code and Security Compliance,",2006 Bonds,Citywide,06/2022,400000,336987,63013,0,0,400000,0,,
2021,101,Park & Recreation,Coliseum,VC06,"Safety Code and Security Compliance,",2017 Bonds,Citywide,08/2021,9500000,7145293,2354707,0,0,9500000,0,,
2021,101,Park & Recreation,Community Pool Conversion Projects,W645,Aquatic Facilities,2006 Bonds,Citywide,09/2024,1500000,0,1500000,0,0,1500000,0,,
2021,101,Park & Recreation,Coombs Creek Trail - from Hampton/ Davis to Moss Park,VB36,Hike and Bike Trails,2017 Bonds,1,03/2022,461950,368943,93007,1635050,0,2097000,0,2022,2022
2021,101,Park & Recreation,Cottonwood Park - Playground - Add Equipment,VK49,"Safety Code and Security Compliance,",2017 Bonds,11,06/2023,50000,0,50000,0,100000,150000,0,2023,2023
2021,101,Park & Recreation,Craddock Park - playground expansion,VK87,Playground Improvement,2017 Bonds,14,07/2021,197750,29671,168079,0,0,197750,0,,
2021,102,Park & Recreation,Crawford Memorial master plan and design,T055,Studies Plans and Master,2006 Bonds,5,03/2022,1265494,765208,500286,0,0,1265494,0,,
2021,102,Park & Recreation,Crawford Memorial Park - Phase 1,VB15,Site Development,2017 Bonds,5,06/2023,55000,15079,39921,4401077,3228923,7685000,0,2022,2023
2021,102,Park & Recreation,Dallas Arboretum (Match),VB09,Dallas Arboretum,2017 Bonds,9,08/2021,1000000,77457,922543,0,0,1000000,0,,
2021,102,Park & Recreation,Dallas Water Gardens (Match),VB31,Major Park Facilities,2017 Bonds,2,03/2024,30000,29436,564,7470000,0,7500000,0,2022,2022
2021,102,Park & Recreation,Dallas Zoo (Match),VB08,Dallas Zoo,2017 Bonds,4,09/2023,280000,0,280000,0,3220000,3500000,0,2023,2023
2021,102,Park & Recreation,Danieldale Park - Playground replacement,VK11,"Safety Code and Security Compliance,",2017 Bonds,8,07/2021,225020,225845,-825,0,0,225845,0,,
2021,102,Park & Recreation,Devon Anderson Park - Replace playground equipment,VB65,Playground Improvement,2017 Bonds,5,04/2022,100000,0,100000,0,0,100000,0,,
2021,102,Park & Recreation,Dickerson Street,P516,Site Development,Other GO Non-Debt CIP -,12,09/2023,1032027,12220,1019807,0,0,1032027,0,,
2021,102,Park & Recreation,Discretionary Funding [Singing Hills R.C.],VK15,"Safety Code and Security Compliance,",2017 Bonds,8,12/2021,798717,16488,782229,0,0,798717,0,,
2021,102,Park & Recreation,District 2 Service Center,P764,Internal Facilities Administrative Service and,2017 Bonds,11,09/2023,1506641,0,1506641,0,0,1506641,0,,
2021,102,Park & Recreation,Dixon Branch Greenbelt - Park Furnishings,VK22,"Safety Code and Security Compliance,",2017 Bonds,9,10/2023,0,0,0,0,65507,65507,0,2023,2023
2021,103,Park & Recreation,Downtown Park Development,7087,Downtown Parks,Other GO Non-Debt CIP -,Citywide,09/2024,6815413,1456940,5358473,0,0,6815413,0,,
2021,103,Park & Recreation,"Downtown Parks - Carpenter, Harwood and West End [Match]",VB03,Downtown Parks,2017 Bonds,"2, 14",03/2022,35000000,34999790,210,0,0,35000000,0,,
2021,103,Park & Recreation,"Eladio Martinez Park - park furnishings, fencing and drinking fountain",VB87,Facilities Neighborhood Park,2017 Bonds,6,09/2023,0,0,0,0,60000,60000,0,2023,2023
2021,103,Park & Recreation,Elmwood Pkwy Tr. (Elmwood Parkway to Polk to Gannon Park),VB37,Hike and Bike Trails,2017 Bonds,1,03/2022,1997000,1167097,829903,0,0,1997000,0,,
2021,103,Park & Recreation,Eloise Lundy - Playground expansion,VB56,Playground Improvement,2017 Bonds,4,12/2021,6528,6528,0,0,0,6528,0,,
2021,103,Park & Recreation,Emerald Lake Park - Dam safety and erosion control,VB49,Erosion Control,2017 Bonds,3,03/2022,2075000,419722,1655278,0,0,2075000,0,,
2021,103,Park & Recreation,Environmental Conservation,T083,Environmental,2006 Bonds,Citywide,03/2022,462733,389315,73418,0,0,462733,0,,
2021,103,Park & Recreation,Everglade Park - Exercise stations at loop trail,VB88,Hike and Bike Trails,2017 Bonds,7,09/2021,147750,19096,128654,0,0,147750,0,,
2021,103,Park & Recreation,Fair Park Improvements (C) Reserves,W503,Site Development,2017 Bonds,Citywide,12/2024,0,0,0,146763,0,146763,0,2022,2022
2021,103,Park & Recreation,Ferguson Park - Portable Toilet Enclosure,VB91,Facilities Neighborhood Park,2017 Bonds,7,09/2022,0,0,0,70000,0,70000,0,2022,2022
2021,104,Park & Recreation,Flag Pole Hill - Phase 1 Master Plan Implementation,VB20,Site Development,2017 Bonds,10,12/2021,394000,188131,205869,0,0,394000,0,,
2021,104,Park & Recreation,Flag Pole Hill - Playground [Match],VB21,Playground Improvement,2017 Bonds,10,09/2023,162525,0,162525,0,0,162525,0,,
2021,104,Park & Recreation,Flag Pole Hill Park - Phase 1 Master Plan Implementation,VK36,"Safety Code and Security Compliance,",2017 Bonds,10,10/2021,1083500,280142,803358,0,0,1083500,0,,
2021,104,Park & Recreation,Flag Pole Hill Pavilion - Historic Restoration,VK32,"Safety Code and Security Compliance,",2017 Bonds,10,09/2021,200000,0,200000,0,0,200000,0,,
2021,104,Park & Recreation,Food and Fiber Building,VC05,"Safety Code and Security Compliance,",2017 Bonds,Citywide,12/2023,250000,0,250000,250000,1000000,1500000,0,2022,2023
2021,104,Park & Recreation,Forston Park - Develop new park with park furnishings,VK59,"Safety Code and Security Compliance,",2017 Bonds,12,09/2023,0,0,0,0,220000,220000,0,2023,2023
2021,104,Park & Recreation,"Frances Rizo Park - Playground replacement, ADA drinking fountain",VB78,Playground Improvement,2017 Bonds,6,12/2022,25000,0,25000,0,0,25000,0,,
2021,104,Park & Recreation,Frankford Park - park furnishings package,VK65,"Safety Code and Security Compliance,",2017 Bonds,12,09/2022,27187,0,27187,4333,0,31520,0,2022,2022
2021,104,Park & Recreation,Fretz Park Recreation Center - Acoustical Treatment - Multi- purpose rooms,VK52,"Safety Code and Security Compliance,",2017 Bonds,11,07/2021,95000,64636,30364,0,0,95000,0,,
2021,105,Park & Recreation,"Friendship Park - Security lights, loop trail, exercise stations",VK30,"Safety Code and Security Compliance,",2017 Bonds,10,03/2022,465500,80571,384929,0,0,465500,0,,
2021,105,Park & Recreation,Friendship Park - Site Development (Supplemental funding),VK42,"Safety Code and Security Compliance,",2017 Bonds,10,03/2022,133000,253,132747,0,0,133000,0,,
2021,105,Park & Recreation,Garland Road Sidewalk at the Arboretum frontage,VB12,Dallas Arboretum,2017 Bonds,9,09/2021,97000,89688,7312,300000,0,397000,0,2022,2022
2021,105,Park & Recreation,Glen Meadow - Playground replacement,VK74,Playground Improvement,2017 Bonds,13,09/2023,40000,0,40000,0,180000,220000,0,2023,2023
2021,105,Park & Recreation,Glendale Park,W349,Community Parks,2006 Bonds,3,03/2022,20582,0,20582,0,0,20582,0,,
2021,105,Park & Recreation,Glendale Park Parking spaces and lighting,VB52,Community Parks,2017 Bonds,3,04/2022,1040348,295843,744505,0,0,1040348,0,,
2021,105,Park & Recreation,"Glover Park - Parking lot with lighting, land acquisition",VB72,Park Land Acquisition,2017 Bonds,5,12/2021,126048,8679,117368,0,0,126048,0,,
2021,105,Park & Recreation,Guard Dr. - Phase 2 Site Development,VB66,Site Development,2017 Bonds,5,08/2023,480000,0,480000,120000,0,600000,0,2022,2022
2021,105,Park & Recreation,Hall of State,VC01,"Safety Code and Security Compliance,",2017 Bonds,Citywide,09/2021,13831388,13595898,235490,0,289306,14120694,0,2023,2023
2021,105,Park & Recreation,Hamilton Park - Parking lot expansion at Recreation Center,VK31,"Safety Code and Security Compliance,",2017 Bonds,10,09/2021,219655,168676,50979,0,0,219655,0,,
2021,106,Park & Recreation,Harry Stone Park - Neighborhood Family Aquatic Center,VK29,"Safety Code and Security Compliance,",2017 Bonds,9,12/2021,6107000,5566160,540840,0,0,6107000,0,,
2021,106,Park & Recreation,Hattie R. Moore Park - Master Plan and Phase 1 Implementation,VB80,Site Development,2017 Bonds,6,12/2021,149475,31080,118395,200000,0,349475,0,2022,2022
2021,106,Park & Recreation,Hillview Park - Creek Erosion Control and Drainage Near Playground,VB95,Erosion Control,2017 Bonds,7,10/2021,403345,48058,355287,0,0,403345,0,,
2021,106,Park & Recreation,Hillview Park - Park Furnishings Package,VB93,Facilities Neighborhood Park,2017 Bonds,7,10/2021,59100,0,59100,0,0,59100,0,,
2021,106,Park & Recreation,Hillview Park - Park ID Sign,VB94,Facilities Neighborhood Park,2017 Bonds,7,10/2021,6403,0,6403,0,0,6403,0,,
2021,106,Park & Recreation,Hillview Park - Pavilion,VB96,Facilities Neighborhood Park,2017 Bonds,7,10/2021,148750,21931,126819,0,0,148750,0,,
2021,106,Park & Recreation,Hillview Park - Renovate Basketball Court,VB92,Facilities Neighborhood Park,2017 Bonds,7,12/2021,17000,0,17000,0,0,17000,0,,
2021,106,Park & Recreation,"Holcomb Park - 6' wide walking loop trail, park furnishings",VB70,Hike and Bike Trails,2017 Bonds,5,12/2021,400000,256793,143207,0,0,400000,0,,
2021,106,Park & Recreation,Jamestown Park - Playground equipment - swingset and park furnishings,VK76,Playground Improvement,2017 Bonds,13,09/2023,0,0,0,40000,160000,200000,0,2022,2023
2021,107,Park & Recreation,Juanita Craft Recreation Center Improvem,P384,Recreation Centers,2006 Bonds,7,09/2022,1999888,1945842,54046,0,0,1999888,0,,
2021,107,Park & Recreation,Juanita J. Craft Park - ADA Drinking Fountain,VB97,"Safety Code and Security Compliance,",2017 Bonds,7,10/2021,10835,0,10835,0,0,10835,0,,
2021,107,Park & Recreation,KCS Corridor Connection Trail - Design,VK40,"Safety Code and Security Compliance,",2017 Bonds,10,08/2023,300000,0,300000,0,0,300000,0,,
2021,107,Park & Recreation,Kidd Springs - Japanese Garden Restoration - Phase 1,VB35,Site Development,2017 Bonds,1,03/2022,591000,129747,461253,0,0,591000,0,,
2021,107,Park & Recreation,Kidd Springs - Natural Spring daylighting and Lake bank erosion control,VB34,Erosion Control,2017 Bonds,1,09/2023,828500,275081,553419,0,70000,898500,0,2023,2023
2021,107,Park & Recreation,Kiest Park - Memorial Tree Grove - Phase 1 Implementation,VB64,Site Development,2017 Bonds,4,12/2021,7003,7003,0,0,0,7003,0,,
2021,107,Park & Recreation,Kiowa Parkway - Pedestrian Bridge,VK53,"Safety Code and Security Compliance,",2017 Bonds,11,12/2022,60000,0,60000,290000,0,350000,0,2022,2022
2021,107,Park & Recreation,Kleberg Trail,VB17,Hike and Bike Trails,2017 Bonds,5,05/2024,191000,174130,16870,0,1000000,1191000,0,2023,2023
2021,107,Park & Recreation,Kleberg-Rylie Park - Sprayground,VK14,"Safety Code and Security Compliance,",2017 Bonds,8,09/2021,1457330,1433060,24270,470,0,1457800,0,2022,2022
2021,107,Park & Recreation,Klyde Warren Park Improvements (Match),VB32,Downtown Parks,2017 Bonds,14,01/2023,8184451,0,8184451,1815549,0,10000000,0,2022,2022
2021,108,Park & Recreation,Lake Highland North Park - Site Developments - Recreation Ce,VK38,"Safety Code and Security Compliance,",2017 Bonds,10,12/2022,394000,229060,164940,0,0,394000,0,,
2021,108,Park & Recreation,Lake Highlands Trails,VB18,Hike and Bike Trails,2017 Bonds,10,03/2024,2282750,359498,1923252,0,0,2282750,0,,
2021,108,Park & Recreation,Lake Highlands Trails (Supplemental funding),VK41,"Safety Code and Security Compliance,",2017 Bonds,10,03/2022,496250,8500,487750,0,0,496250,0,,
2021,108,Park & Recreation,Lakewood Park - Basketball Renovate,VK23,"Safety Code and Security Compliance,",2017 Bonds,9,12/2023,0,0,0,10000,70000,80000,0,2022,2023
2021,108,Park & Recreation,Lakewood Park - Park Furnishing and drinking fountain,VK25,"Safety Code and Security Compliance,",2017 Bonds,9,12/2023,0,0,0,10000,75000,85000,0,2022,2023
2021,108,Park & Recreation,Lakewood Park - Pedestrian Bridge and ADA Parking,VK24,"Safety Code and Security Compliance,",2017 Bonds,9,12/2022,100000,0,100000,150000,0,250000,0,2022,2022
2021,108,Park & Recreation,Land Acq for football complex in CD 5 [supplement CD funds],VB30,Park Land Acquisition,2017 Bonds,Citywide,09/2022,681077,339495,341582,518923,0,1200000,0,2022,2022
2021,108,Park & Recreation,Land Acq for the Cedars [Supplemental to SW allocation],VB45,Park Land Acquisition,2017 Bonds,2,12/2024,5932,5932,0,0,0,5932,0,,
2021,108,Park & Recreation,Land Acq. and development of neighborhood- community park,VK54,"Safety Code and Security Compliance,",2017 Bonds,11,09/2021,332939,78926,254013,0,0,332939,0,,
2021,108,Park & Recreation,Land Acquisiiton for CD 10 (to supplement CD 10 funds),VB29,Park Land Acquisition,2017 Bonds,10,09/2023,1000000,640646,359354,0,0,1000000,0,,
2021,109,Park & Recreation,Land Acquisition - 919A,,Park Land Acquisition,Other GO Non-Debt CIP -,Citywide,09/2024,3801028,2356087,1444941,0,0,3801028,0,,
2021,109,Park & Recreation,Land Acquisition - CW Allowance,VB04,Park Land Acquisition,2017 Bonds,Citywide,09/2023,2200000,1983219,216781,0,0,2200000,0,,
2021,109,Park & Recreation,Land Acquisition,VB57,Park Land Acquisition,2017 Bonds,4,09/2023,200000,11380,188620,200000,0,400000,0,2022,2022
2021,109,Park & Recreation,Land Acquisition,VK55,"Safety Code and Security Compliance,",2017 Bonds,11,09/2021,128000,21498,106502,0,0,128000,0,,
2021,109,Park & Recreation,Land Acquisition & Plan,K212,Park Land Acquisition,2006 Bonds,Citywide,09/2022,50600,25640,24960,0,0,50600,0,,
2021,109,Park & Recreation,Land Acquisition (to match $1M from System-wide allowance),VK43,"Safety Code and Security Compliance,",2017 Bonds,10,09/2023,650000,631661,18339,0,350000,1000000,0,2023,2023
2021,109,Park & Recreation,Land Acquisition and Partnership Match Funding,VB27,Park Land Acquisition,2017 Bonds,Citywide,09/2023,2300000,1538280,761720,0,0,2300000,0,,
2021,109,Park & Recreation,Land Acquisition for Football Complex [Supplemental System- with Land Acquisition Fund],VB69,Park Land Acquisition,2017 Bonds,5,09/2022,641786,21322,620464,2658214,0,3300000,0,2022,2022
2021,109,Park & Recreation,Land Acquisition in the Cedars for new park (to supplement CD 2 funds),VB28,Park Land Acquisition,2017 Bonds,Citywide,12/2024,5992,5992,0,0,0,5992,0,,
2021,109,Park & Recreation,Lindsley Park - Playground replacement,VK82,Playground Improvement,2017 Bonds,14,08/2021,220000,205287,14713,0,0,220000,0,,
2021,109,Park & Recreation,Lindsley Park - Sidewalk exten.- Shadyside Ln.- Lindsley Dr.,VK81,Facilities Neighborhood Park,2017 Bonds,14,08/2021,193838,179515,14323,0,0,193838,0,,
2021,110,Park & Recreation,Lochwood Park - Field grading and irrigation,VK27,"Safety Code and Security Compliance,",2017 Bonds,9,09/2021,118200,102969,15231,0,0,118200,0,,
2021,110,Park & Recreation,"Lochwood Park - Park furnishings package, including ADA drinking fountain",VK28,"Safety Code and Security Compliance,",2017 Bonds,9,09/2021,44663,0,44663,0,0,44663,0,,
2021,110,Park & Recreation,Magnolia Lounge,VC12,Fair Park,2017 Bonds,Citywide,01/2023,0,0,0,160000,740000,900000,0,2022,2023
2021,110,Park & Recreation,Main Street Garden Special Project,P722,Downtown Parks,2006 Bonds,14,12/2021,253455,116355,137100,0,0,253455,0,,
2021,110,Park & Recreation,Marcus Park - Playground replacement,VK75,Playground Improvement,2017 Bonds,13,09/2023,0,0,0,40000,160000,200000,0,2022,2023
2021,110,Park & Recreation,"Maria Luna Park - Dog Park, basketball court, restoration of pavilion",VB40,Facilities Neighborhood Park,2017 Bonds,2,06/2023,287327,8570,278757,0,414673,702000,0,2023,2023
2021,110,Park & Recreation,Martin Luther King Jr. Park - Playground replacement,VB90,Playground Improvement,2017 Bonds,7,07/2021,250000,47250,202750,0,0,250000,0,,
2021,110,Park & Recreation,Martin Luther King Jr. Park -Rec Center - Gym. Floor Cover,VB98,"Safety Code and Security Compliance,",2017 Bonds,7,09/2023,12155,0,12155,0,0,12155,0,,
2021,110,Park & Recreation,"McCree Park - Portable facility enclosure, park furnishings",VK33,"Safety Code and Security Compliance,",2017 Bonds,10,07/2023,200000,0,200000,0,200000,400000,0,2023,2023
2021,110,Park & Recreation,Midtown Land Acquisition,W671,Park Land Acquisition,2006 Bonds,Citywide,10/2022,12631,5476,7155,0,0,12631,0,,
2021,111,Park & Recreation,Midtown Park [Match],VB16,Major Park Facilities,2017 Bonds,11,09/2023,0,741,-741,0,6000000,6000000,0,2023,2023
2021,111,Park & Recreation,Monarch Park - Playground replacement and Parking/ADA,VB41,Playground Improvement,2017 Bonds,2,03/2022,40000,0,40000,210000,0,250000,0,2022,2022
2021,111,Park & Recreation,"Moss Glen Park - Phase 2 site, including playground",VK58,"Safety Code and Security Compliance,",2017 Bonds,12,12/2021,553000,526743,26257,0,235000,788000,0,2023,2023
2021,111,Park & Recreation,Moss Glen Park - Supplemental Funding - Pond Improvements - Site Development,VK70,"Safety Code and Security Compliance,",2017 Bonds,12,09/2023,508121,8121,500000,0,82879,591000,0,2023,2023
2021,111,Park & Recreation,Muchert Service Center,P762,Internal Facilities Administrative Service and,2006 Bonds,Citywide,07/2022,1556012,1214827,341185,0,0,1556012,0,,
2021,111,Park & Recreation,Munger Park - Add shade structure at playground,VK86,Playground Improvement,2017 Bonds,14,07/2021,98275,17178,81097,0,0,98275,0,,
2021,111,Park & Recreation,Neighborhood Park - Site Development - TBD,VB47,Site Development,2017 Bonds,2,12/2024,0,0,0,0,1085000,1085000,0,2023,2023
2021,111,Park & Recreation,Northaven Trail - Bridge at I-75 (Supplemental to System-Wide funding),VK56,"Safety Code and Security Compliance,",2017 Bonds,11,07/2021,4892212,4892880,-668,0,0,4892880,0,,
2021,111,Park & Recreation,Northaven Trail,VB06,Hike and Bike Trails,2017 Bonds,11,06/2022,2004126,2004126,0,0,0,2004126,0,,
2021,111,Park & Recreation,Northaven Trail (75 to Hillcrest),T241,Hike and Bike Trails,2006 Bonds,11,07/2021,1222243,962193,260050,0,0,1222243,0,,
2021,112,Park & Recreation,Oak Lawn Park (Arlington Hall) - Renovate historic WPA rest rooms,VK83,Historic Restoration,2017 Bonds,14,08/2021,170586,186436,-15850,29414,0,200000,0,2022,2022
2021,112,Park & Recreation,Pan American Complex,VC09,"Safety Code and Security Compliance,",2017 Bonds,Citywide,08/2023,2183155,43746,2139409,66845,1230000,3480000,0,2022,2023
2021,112,Park & Recreation,Park and Recreation Facilities (B) Reserves,W501,Site Development,2017 Bonds,Citywide,12/2024,0,0,0,75638,1817890,1893528,0,2022,2023
2021,112,Park & Recreation,Park and Recreation Facilities (B) Trail Reserves,W502,Site Development,2017 Bonds,Citywide,12/2024,0,0,0,0,18205,18205,0,2023,2023
2021,112,Park & Recreation,Park at Dallas Heritage Village,VK93,Park Land Acquisition,2017 Bonds,2,12/2024,220076,0,220076,768000,500000,1488076,0,2022,2023
2021,112,Park & Recreation,Park Signage (2006),T249,"Safety Code and Security Compliance,",2006 Bonds,Citywide,12/2021,687641,675520,12121,0,0,687641,0,,
2021,112,Park & Recreation,"Preston Green Park - park furnishings, ADA drinking fountain",VK72,Facilities Neighborhood Park,2017 Bonds,12,12/2022,0,0,0,100000,0,100000,0,2022,2022
2021,112,Park & Recreation,Public Art Administration- Park,N809,Public Art,2006 Bonds / Other GO Non-Debt CIP -,Citywide,09/2022,818358,478623,339735,0,0,818358,0,,
2021,112,Park & Recreation,Public Art Projects- Park,N810,Public Art,2006 Bonds / Other GO Non-Debt CIP -,Citywide,09/2022,2736076,1620526,1115550,0,0,2736076,0,,
2021,112,Park & Recreation,Public Art-Parks,PA56,Public Art,2017 Bonds,Citywide,09/2023,1248228,187392,1060836,0,0,1248228,0,,
2021,113,Park & Recreation,Pueblo Park - Park furnishings package and drinking fountain,VB84,Mini Park,2017 Bonds,6,12/2021,11000,0,11000,0,0,11000,0,,
2021,113,Park & Recreation,Pulbic Art Admin- Parks,PA57,Public Art,2017 Bonds,Citywide,09/2023,312057,151292,160765,0,0,312057,0,,
2021,113,Park & Recreation,R P Brooks Park - Loop Walking Trail,VK34,"Safety Code and Security Compliance,",2017 Bonds,10,12/2024,90000,0,90000,0,210000,300000,0,2023,2023
2021,113,Park & Recreation,Randall Park - Historic Pavilion Restoration,VK89,Historic Restoration,2017 Bonds,14,09/2023,0,0,0,0,250000,250000,0,2023,2023
2021,113,Park & Recreation,Recreation Centers - Golf Course - Major Maintenance,VB33,Major Maintenance,2017 Bonds,Citywide,08/2022,2300000,1562199,737801,0,0,2300000,0,,
2021,113,Park & Recreation,Reserve Citywide,P550,Site Development,2006 Bonds,Citywide,12/2021,104101,14320,89781,0,0,104101,0,,
2021,113,Park & Recreation,Reverchon Master Plan Implementation,T353,Community Parks,2006 Bonds,2,11/2022,568862,249072,319791,0,0,568862,0,,
2021,113,Park & Recreation,Ridgewood Sidewalk - along Fisher,VK26,"Safety Code and Security Compliance,",2017 Bonds,9,09/2021,250000,47445,202555,0,0,250000,0,,
2021,113,Park & Recreation,"Rose Haggar Park - walking loop trail, park furnishings",VK73,Hike and Bike Trails,2017 Bonds,12,08/2023,100000,0,100000,300000,0,400000,0,2022,2022
2021,113,Park & Recreation,Runyon Creek Trail,W354,Hike and Bike Trails,2006 Bonds,Citywide,09/2022,211735,29481,182254,0,0,211735,0,,
2021,113,Park & Recreation,Samuell Grand Park - Shade structure at existing playground,VB43,- Playground Improvement,2017 Bonds,2,07/2021,97750,17104,80646,0,0,97750,0,,
2021,114,Park & Recreation,Science Place 1 (Phase 1),VC10,"Safety Code and Security Compliance,",2017 Bonds,Citywide,04/2022,1410000,1021662,388338,3700000,0,5110000,0,2022,2022
2021,114,Park & Recreation,Shadybank Park (Shadybank & Coolglen Dr.) - Trail connection with low water,VK60,"Safety Code and Security Compliance,",2017 Bonds,12,12/2021,700000,492915,207085,0,0,700000,0,,
2021,114,Park & Recreation,Singing Hills Replacement Recreation Center - Addition,VK13,"Safety Code and Security Compliance,",2017 Bonds,8,12/2021,1170000,1169706,294,800000,0,1970000,0,2022,2022
2021,114,Park & Recreation,Southern Gateway Green-Ph 1 Deck,VB10,Citywide Parks,2017 Bonds,"1, 4",12/2023,22400,172242,-149842,0,0,172242,0,,
2021,114,Park & Recreation,Spray park or recreational amenity at CD 10 Site,VK44,"Safety Code and Security Compliance,",2017 Bonds,10,09/2023,0,0,0,0,332000,332000,0,2023,2023
2021,114,Park & Recreation,Stafford Park - Playground and park furnishings,VB79,Playground Improvement,2017 Bonds,6,12/2022,22000,0,22000,0,0,22000,0,,
2021,114,Park & Recreation,Thurgood Marshall Rec. Ctr. Ren.,VB26,Recreation Centers,2017 Bonds,3,08/2021,1529000,1495071,33929,0,0,1529000,0,,
2021,114,Park & Recreation,Thurgood Marshall Recreation Center - Renovation (Supplemental Funding),VB51,Recreation Centers,2017 Bonds,3,08/2021,347000,120358,226642,0,0,347000,0,,
2021,114,Park & Recreation,Tietze Park - Add ADA parking and site improvements,VK84,Major Park Facilities,2017 Bonds,14,12/2021,100000,0,100000,0,0,100000,0,,
2021,115,Park & Recreation,Tietze Park - Add shade structure at playground,VK85,Playground Improvement,2017 Bonds,14,12/2021,99250,16992,82258,0,0,99250,0,,
2021,115,Park & Recreation,"Timberglen Park - pavilion, new",VK67,"Safety Code and Security Compliance,",2017 Bonds,12,09/2023,0,0,0,0,450000,450000,0,2023,2023
2021,115,Park & Recreation,Timberglen Trail - supplemental funding,VK68,"Safety Code and Security Compliance,",2017 Bonds,12,09/2022,0,5813,-5813,500000,0,500000,0,2022,2022
2021,115,Park & Recreation,Timberglen Trail,VB19,Hike and Bike Trails,2017 Bonds,12,01/2024,791293,782605,8688,0,3358707,4150000,0,2023,2023
2021,115,Park & Recreation,Timberleaf Park - Playground new,VK35,"Safety Code and Security Compliance,",2017 Bonds,10,04/2022,40000,20518,19482,220000,0,260000,0,2022,2022
2021,115,Park & Recreation,Tipton Park - Picnic pavilion and water fountain,VB85,Facilities Neighborhood Park,2017 Bonds,6,06/2022,60000,0,60000,240000,0,300000,0,2022,2022
2021,115,Park & Recreation,Tower Building,VC07,"Safety Code and Security Compliance,",2017 Bonds,Citywide,12/2023,587463,41237,546226,2710941,201596,3500000,0,2022,2023
2021,115,Park & Recreation,Trail Development,7165,Hike and Bike Trails,2006 Bonds / Other GO Non-Debt CIP -,Citywide,09/2023,1211146,441289,769858,0,0,1211146,0,,
2021,115,Park & Recreation,Twin Lakes Park - park furnishings package,VK69,"Safety Code and Security Compliance,",2017 Bonds,12,10/2022,0,0,0,50000,0,50000,0,2022,2022
2021,115,Park & Recreation,Wagging Tail Dog Park - Add new parking area - South,VK57,"Safety Code and Security Compliance,",2017 Bonds,11,08/2021,400000,394142,5858,0,0,400000,0,,
2021,115,Park & Recreation,Wahoo Park - ADA Drinking Fountain,VK04,"Safety Code and Security Compliance,",2017 Bonds,7,03/2022,5500,0,5500,0,0,5500,0,,
2021,115,Park & Recreation,"Wahoo Park - Basketball - Full Court, New",VK03,"Safety Code and Security Compliance,",2017 Bonds,7,03/2022,80000,0,80000,0,0,80000,0,,
2021,116,Park & Recreation,Walnut Hill Park - Basketball - Renovate existing and add new,VK77,Community Parks,2017 Bonds,13,04/2023,0,0,0,0,160000,160000,0,2023,2023
2021,116,Park & Recreation,Walnut Hill Park - Replace softball backstop and bleachers on existing pad,VK78,Community Parks,2017 Bonds,13,04/2023,0,0,0,0,230000,230000,0,2023,2023
2021,116,Park & Recreation,Westmount Park - Site Development,VB39,Site Development,2017 Bonds,1,12/2021,203255,203255,0,0,0,203255,0,,
2021,116,Park & Recreation,Wheatland Park Football Field,VK91,Community Parks,2017 Bonds,8,08/2021,160000,179095,-19095,0,0,179095,0,,
2021,116,Park & Recreation,"Wheatley Park - ADA Drinking Fountain, Park Furnishings Package",VK05,"Safety Code and Security Compliance,",2017 Bonds,7,03/2022,0,0,0,40000,0,40000,0,2022,2022
2021,116,Park & Recreation,Wheatly Park - Replace Sidewalk Segment,VK06,"Safety Code and Security Compliance,",2017 Bonds,7,03/2022,0,0,0,30000,0,30000,0,2022,2022
2021,116,Park & Recreation,White Rock Hills Recreation New Construction,T329,Recreation Centers,2006 Bonds,9,03/2022,204841,100785,104056,0,0,204841,0,,
2021,116,Park & Recreation,White Rock Lake security lights,T330,"Safety Code and Security Compliance,",2006 Bonds,Citywide,06/2023,207284,107680,99604,0,0,207284,0,,
2021,116,Park & Recreation,White Rock Lake Stone Tables (Match),VB07,Major Park Facilities,2017 Bonds,9,07/2021,280000,280000,0,0,0,280000,0,,
2021,116,Park & Recreation,White Rock Lake Trail,VB13,Hike and Bike Trails,2017 Bonds,9,08/2022,3496625,413906,3082719,0,0,3496625,0,,
2021,117,Park & Recreation,Willie B. Johnson Gym. Add'n. (Hamilton Park),VB25,Recreation Centers,2017 Bonds,10,08/2021,6683000,5552134,1130866,0,0,6683000,0,,
2021,117,Park & Recreation,Willie B. Johnson Recreation Center - Senior Addition [Hamil,VB24,Recreation Centers,2017 Bonds,10,08/2021,3293000,2767467,525533,0,0,3293000,0,,
2021,117,Park & Recreation,Willie Mae Butler Park - ADA Drinking Fountain and Park Furnishings Package,VK08,"Safety Code and Security Compliance,",2017 Bonds,7,12/2021,60000,0,60000,0,0,60000,0,,
2021,117,Park & Recreation,Willie Mae Butler Park - Convert Tennis Court to Basketball,VK07,"Safety Code and Security Compliance,",2017 Bonds,7,12/2021,42000,0,42000,0,0,42000,0,,
2021,117,Park & Recreation,Willie Mae Butler Park - Portable Facility Enclosure,VK09,"Safety Code and Security Compliance,",2017 Bonds,7,12/2021,60000,4323,55677,0,0,60000,0,,
2021,117,Park & Recreation,Willoughby Park - Playground Replacement,VK10,"Safety Code and Security Compliance,",2017 Bonds,8,07/2021,228763,224492,4270,0,0,228763,0,,
2021,117,Park & Recreation,Grand Total,,,,,,0,0,0,0,0,0,0,,
2021,121,Sanitation Services,Collection Equipment Purchase,E601,Replacement Fleet/Equipment,Other GO Non-Debt CIP -,Citywide,Ongoing,3000000,3260802,-260802,0,0,3260802,0,,
2021,121,Sanitation Services,Construction of the Swale and Wetlands per the 404 Permit,W324,Solid Facilities Waste,Other GO Non-Debt CIP -,Citywide,Ongoing,2089775,0,2089775,0,2500000,4589775,5700000,2023,2023
2021,121,Sanitation Services,ECO Park-Admin,W317,Solid Facilities Waste,Other GO Non-Debt CIP -,Citywide,Ongoing,750000,0,750000,0,0,750000,0,,
2021,121,Sanitation Services,Fleet Purchases,E600,Replacement Fleet/Equipment,Other GO Non-Debt CIP -,Citywide,Ongoing,3000000,5916281,-2916281,4000000,3000000,10000000,9000000,2022,2023
2021,121,Sanitation Services,Fleet/Equipment Replacement (FY20 Fleet Purchases),E312,Replacement Fleet/Equipment,Other Debt GO CIP -,Citywide,Ongoing,6985000,6698601,286399,0,0,6985000,0,,
2021,121,Sanitation Services,Fleet/Equipment Replacement (FY21 Fleet Purchases),E445,Replacement Fleet/Equipment,Other Debt GO CIP -,Citywide,Ongoing,8000000,7439328,560672,8000000,8000000,24000000,24000000,2022,2023
2021,121,Sanitation Services,New Scale House,W316,Solid Facilities Waste,Other GO Non-Debt CIP -,Citywide,Ongoing,1200000,0,1200000,0,0,1200000,0,,
2021,121,Sanitation Services,On-Board Camera for MRMP,W653,Replacement Fleet/Equipment,Other GO Non-Debt CIP -,Citywide,Ongoing,2918854,0,2918854,0,500000,3418854,0,2023,2023
2021,121,Sanitation Services,Other Sanitation Projects,W325,Solid Facilities Waste,Other GO Non-Debt CIP -,Citywide,Ongoing,13900372,0,13900372,0,4500000,18400372,12647730,2023,2023
2021,121,Sanitation Services,Post Closure Cost,W326,Solid Facilities Waste,Other GO Non-Debt CIP -,Citywide,Ongoing,500000,0,500000,0,0,500000,0,,
2021,121,Sanitation Services,Transfer Stations,W315,Solid Facilities Waste,Other GO Non-Debt CIP -,Citywide,Ongoing,1450000,0,1450000,0,0,1450000,0,,
2021,121,Sanitation Services,Grand Total,,,,,,0,0,0,0,0,0,0,,
2021,129,Street & Transportation,10005-10119 Shayna Dr - 10002- 10106 Hymie Cir,V032,Alley Reconstruction,2017 Bonds,5,06/2021,347594,367238,-19644,0,0,367238,0,,
2021,129,Street & Transportation,10106-10160 Caribou Trail - 10127-10143 Ferndale Rd,V079,Alley Reconstruction,2017 Bonds,10,12/2023,55992,45979,10013,0,9000,64992,0,2023,2023
2021,129,Street & Transportation,10163-10199 Vistadale Dr - 10200-10200 Trailcliff Dr,V080,Alley Reconstruction,2017 Bonds,10,12/2023,39348,41754,-2406,0,0,41754,0,,
2021,129,Street & Transportation,10315-10542 Castlerock Dr - 10315 Checota Dr - Gardenside,V033,Alley Reconstruction,2017 Bonds,5,06/2021,508561,466672,41890,0,0,508561,0,,
2021,129,Street & Transportation,10445 - 10461 Carry Back Cir - 10419 - 10427 Carry Back Pl,V113,Alley Reconstruction,2017 Bonds,13,12/2024,116684,50820,65864,0,0,116684,0,,
2021,129,Street & Transportation,10th St from I-35 to Clarendon Dr.,V198,Street Reconstruction,2017 Bonds,4,12/2024,260705,266221,-5515,2526059,0,2786764,0,2022,2022
2021,130,Street & Transportation,10th Street Historic District Sidewalk and Barrier Free Ramp Improvements,V149,Free Sidewalk and Ramp Improvements Barrier,2017 Bonds,4,04/2023,692982,9234,683747,0,0,692982,0,,
2021,130,Street & Transportation,11133-11139 Cotillion Dr - 3609 Bon Park Ct,V069,Alley Reconstruction,2017 Bonds,9,06/2023,104988,37090,67898,0,0,104988,0,,
2021,130,Street & Transportation,11205-11335 Buchannan Dr - 11200-11298 Ferguson Rd,V070,Alley Reconstruction,2017 Bonds,9,06/2023,407810,58423,349386,0,0,407810,0,,
2021,130,Street & Transportation,11306-11340 Dumbarton Dr - 11323-11357 Glen Cross Dr,V071,Alley Reconstruction,2017 Bonds,9,06/2023,207200,46153,161047,0,0,207200,0,,
2021,130,Street & Transportation,11312-11344 Glen Cross Dr - 11341- 11367 Drummond Dr,V072,Alley Reconstruction,2017 Bonds,9,06/2023,243800,79960,163840,0,0,243800,0,,
2021,130,Street & Transportation,1225-1423 Kirnwood Dr - 7601 S Polk St,V062,Alley Reconstruction,2017 Bonds,8,04/2022,365124,290421,74703,0,0,365124,0,,
2021,130,Street & Transportation,127-231 W Louisiana Ave - 118- 228 Conrad St,V022,Alley Reconstruction,2017 Bonds,4,03/2024,66727,68968,-2240,0,356919,423646,0,2023,2023
2021,130,Street & Transportation,12Th St From Upton To 200 Ft East Of Upton,V992,Target Neighborhood,2017 Bonds,4,02/2024,41966,45492,-3526,0,310289,352255,0,2023,2023
2021,131,Street & Transportation,1503-1551 Briarcliff Rd - 5503- 5537 Mesa Cir,V008,Alley Reconstruction,2017 Bonds,2,06/2021,297521,301848,-4327,0,0,301848,0,,
2021,131,Street & Transportation,15632-15724 Golden Creek Rd - 6231 - La Cosa Dr - Bay Point,V086,Alley Reconstruction,2017 Bonds,11,12/2023,45081,47771,-2691,0,323772,368853,0,2023,2023
2021,131,Street & Transportation,1608-1620 Day Star Dr - 1603- 1633 Hanging Cliff Dr,V023,Alley Reconstruction,2017 Bonds,4,03/2024,46571,49025,-2454,0,308104,354675,0,2023,2023
2021,131,Street & Transportation,1611-1727 Red Cloud Dr - 9704- 9780 Faircloud Dr [A7003],V034,Alley Reconstruction,2017 Bonds,5,06/2021,421851,431270,-9420,0,0,431270,0,,
2021,131,Street & Transportation,1621-1631 Windchime Dr - 1614-1626 Vatican Ln,V024,Alley Reconstruction,2017 Bonds,4,03/2024,20378,22408,-2030,0,67577,87955,0,2023,2023
2021,131,Street & Transportation,1708-1920 Vatican Ln - 1705-1921 Windchime Dr,V025,Alley Reconstruction,2017 Bonds,4,03/2024,44632,46048,-1416,0,300381,345013,0,2023,2023
2021,131,Street & Transportation,17604-17630 Davenport Alley Construction,VA05,Target Neighborhood,2017 Bonds,12,10/2022,500579,42281,458298,0,0,500579,0,,
2021,131,Street & Transportation,1830-1886 Red Cloud Dr - 9803- 9851 Glengreen Dr [A6972],V035,Alley Reconstruction,2017 Bonds,5,06/2021,337651,346968,-9316,0,0,346968,0,,
2021,131,Street & Transportation,18603-18707 Amador Ave - 6505- 6511 Villa Rd,V095,Alley Reconstruction,2017 Bonds,12,12/2022,1018459,543511,474947,0,0,1018459,0,,
2021,131,Street & Transportation,1885-2025 Red Cloud Dr - 2002- 2080 Corvette Dr [A6966],V036,Alley Reconstruction,2017 Bonds,5,06/2021,461394,293459,167935,0,0,461394,0,,
2021,132,Street & Transportation,19003-19039 Bilbrook Ln,V096,Alley Reconstruction,2017 Bonds,12,12/2022,334963,334963,0,0,0,334963,0,,
2021,132,Street & Transportation,2017 Bond Program Reserved Contingency,VA38,Bridge Repair Modification and,2017 Bonds,Citywide,04/2025,3270269,0,3270269,0,0,3270269,0,,
2021,132,Street & Transportation,2022 Certificate of Obligation- Sidewalks,W796,Free Sidewalk and Ramp Improvements Barrier,Other Debt GO CIP -,Citywide,Ongoing,0,0,0,5000000,5000000,10000000,0,2022,2023
2021,132,Street & Transportation,2022 Certificate of Obligation-Streets,W795,Street Reconstruction,Other Debt GO CIP -,Citywide,Ongoing,0,0,0,50000000,50000000,100000000,0,2022,2023
2021,132,Street & Transportation,207-347 Bettyrae Way - 7708-7770 Ryan Ridge Dr,V063,Alley Reconstruction,2017 Bonds,8,04/2022,426262,279249,147013,0,0,426262,0,,
2021,132,Street & Transportation,2104-2336 Dugald Pl - 2005-2249 E Illinois Ave,V026,Alley Reconstruction,2017 Bonds,4,12/2023,62634,65360,-2725,623794,0,686428,0,2022,2022
2021,132,Street & Transportation,2205-2341 Freeland - 2336- 2328 Homeway - 2204-2340 Babalos,V060,Alley Reconstruction,2017 Bonds,7,12/2024,54047,59128,-5081,0,351916,405963,0,2023,2023
2021,132,Street & Transportation,2211-2323 Deer Path Dr - 2905- 3311 Kellogg Ave,V027,Alley Reconstruction,2017 Bonds,4,12/2021,79164,81735,-2571,503660,0,582824,0,2022,2022
2021,132,Street & Transportation,2304-2348 Hunters Run Dr - 7407-7415 Mesa Verde Trl,V064,Alley Reconstruction,2017 Bonds,8,04/2022,406808,287183,119625,0,0,406808,0,,
2021,132,Street & Transportation,2306-2440 Bluffton Dr - 2307 - 2439 Blaydon Dr,V042,Alley Reconstruction,2017 Bonds,7,09/2022,497095,505006,-7911,56222,0,553317,0,2022,2022
2021,133,Street & Transportation,2408-2564 Club Manor Dr - 2435- 2549 Matland Dr,V017,Alley Reconstruction,2017 Bonds,3,01/2024,70601,72392,-1792,554715,0,625316,0,2022,2022
2021,133,Street & Transportation,2503-2623 W Lovers Ln - 2502- 2614 W Amherst Ave,V009,Alley Reconstruction,2017 Bonds,2,06/2021,259060,265485,-6425,0,0,265485,0,,
2021,133,Street & Transportation,2507-2537 Blaydon Dr - 2506 - 2536 Bluffton Dr,V043,Alley Reconstruction,2017 Bonds,7,09/2022,340279,348141,-7862,0,0,348141,0,,
2021,133,Street & Transportation,2603-2931 Garapan Dr - 2502- 2922 Nicholson Dr,V028,Alley Reconstruction,2017 Bonds,4,03/2024,70714,71627,-913,0,595683,666397,0,2023,2023
2021,133,Street & Transportation,2703-2743 April Hill Ln - 2710-2750 Stevens Point Ln,V097,Alley Reconstruction,2017 Bonds,12,12/2022,445396,224183,221212,0,0,445396,0,,
2021,133,Street & Transportation,2703-2829 Klondike - Dr 2704- 2830 Lockhart Ave,V044,Alley Reconstruction,2017 Bonds,7,09/2022,624429,629911,-5482,0,0,629911,0,,
2021,133,Street & Transportation,2703-2831 Scottsbluff Dr - 2802-2826 La Prada Ct,V045,Alley Reconstruction,2017 Bonds,7,09/2022,470810,476078,-5268,0,0,476078,0,,
2021,133,Street & Transportation,2707-2757 Runningbrook Ln - 2700 N Buckner Blvd,V046,Alley Reconstruction,2017 Bonds,7,09/2022,301301,278362,22938,0,0,301301,0,,
2021,133,Street & Transportation,2707-2837 Blyth Dr - 2706-2838 Gross Rd,V047,Alley Reconstruction,2017 Bonds,7,09/2022,369781,379444,-9663,0,0,379444,0,,
2021,134,Street & Transportation,"2711-2733 Groveridge, 9606- 9674 Briggs, 9605- 9621 Altacrest",V061,Alley Reconstruction,2017 Bonds,7,12/2024,54964,57070,-2106,0,421787,476751,0,2023,2023
2021,134,Street & Transportation,3004-3150 Kinkaid Dr - 3045-3155 Park Ln,V037,Alley Reconstruction,2017 Bonds,6,01/2024,87336,90158,-2822,0,711707,799043,0,2023,2023
2021,134,Street & Transportation,3105-3161 Waldrop Drive - 3106-3160 Rotan Lane,V114,Alley Reconstruction,2017 Bonds,13,12/2024,323624,66297,257327,0,0,323624,0,,
2021,134,Street & Transportation,3105-3171 Newcastle Dr - 3104-3170 Walnut Hill,V038,Alley Reconstruction,2017 Bonds,6,01/2024,50299,52070,-1771,0,257926,308225,0,2023,2023
2021,134,Street & Transportation,3163-3241 E Ledbetter Dr - 3244 Dahlia Dr,V029,- Alley Reconstruction,2017 Bonds,4,12/2023,41235,43308,-2074,326961,0,368196,0,2022,2022
2021,134,Street & Transportation,3206-3232 Rotan Lane - 3207-3233 Waldrop Drive,V115,Alley Reconstruction,2017 Bonds,13,12/2024,189386,48443,140943,0,0,189386,0,,
2021,134,Street & Transportation,3207 - 3349 Citation Dr - 3208 - 3330 Timberview Rd,V116,Alley Reconstruction,2017 Bonds,13,12/2024,290644,81663,208981,0,0,290644,0,,
2021,134,Street & Transportation,3505-3523 Park Ln - 3511 Valley Ridge Rd,V039,Alley Reconstruction,2017 Bonds,6,07/2021,51697,8109,43588,0,0,51697,0,,
2021,134,Street & Transportation,3505-3523 Park Ln & 3511 Valley Ridge Rd,V039,Alley Reconstruction,Capital Reimbursement Projects,6,07/2021,15330,0,15330,0,0,15330,0,,
2021,135,Street & Transportation,3506-3658 High Vista Dr - 11960 Highdale Dr,V040,Alley Reconstruction,2017 Bonds,6,01/2024,77039,46649,30390,0,381282,458321,0,2023,2023
2021,135,Street & Transportation,3544 - 3638 Ainsworth Dr - 3615 - 3675 Norcross Ln,V117,Alley Reconstruction,2017 Bonds,13,12/2024,311387,77142,234246,0,0,311387,0,,
2021,135,Street & Transportation,3609-3615 Bon Park Ct - 3608- 3614 Parader Ct,V073,Alley Reconstruction,2017 Bonds,9,06/2023,89061,32802,56259,0,0,89061,0,,
2021,135,Street & Transportation,3610-3668 Weeburn Dr - 3623- 3651 Midpines Dr,V118,Alley Reconstruction,2017 Bonds,13,12/2024,252265,87745,164520,0,0,252265,0,,
2021,135,Street & Transportation,3703-3771 Cortez Dr - 3702-3770 Durango Dr,V010,Alley Reconstruction,2017 Bonds,2,06/2021,-11769,11460,-23230,0,0,11460,0,,
2021,135,Street & Transportation,3703-3771 Cortez Dr & 3702-3770 Durango,V010,Alley Reconstruction,Capital Reimbursement Projects,2,06/2021,21990,0,21990,0,0,21990,0,,
2021,135,Street & Transportation,3805-3945 Hawick Ln - 3804-3858 Eaton Dr,V011,Alley Reconstruction,2017 Bonds,2,06/2021,341249,341249,0,0,0,341249,0,,
2021,135,Street & Transportation,3864-3872 Treeline Cir - 1618- 1626 Five Mile Ct,V030,Alley Reconstruction,2017 Bonds,4,03/2024,44576,47123,-2547,0,230169,274745,0,2023,2023
2021,135,Street & Transportation,4104-4124 Firebrick Ln - 4103- 4119 Country Brook Dr,V098,Alley Reconstruction,2017 Bonds,12,12/2022,283048,174410,108639,0,0,283048,0,,
2021,136,Street & Transportation,4202-4272 Timberglen Rd - 4203-4231 Lawngate Dr,V099,Alley Reconstruction,2017 Bonds,12,12/2022,227459,231945,-4486,0,0,231945,0,,
2021,136,Street & Transportation,4307-4435 Bonnie View Rd - 4302- 4446 Cicero St,V031,Alley Reconstruction,2017 Bonds,4,12/2023,46827,48958,-2131,400103,0,446930,0,2022,2022
2021,136,Street & Transportation,4403-4451 Cinnabar Dr - 6102- 6150 Symphony Ln,V048,Alley Reconstruction,2017 Bonds,7,12/2024,345371,61441,283930,0,0,345371,0,,
2021,136,Street & Transportation,4503-4535 Live Oak St - 4514-4522 Bryan St,V012,Alley Reconstruction,2017 Bonds,2,06/2021,274143,276701,-2558,0,0,276701,0,,
2021,136,Street & Transportation,4804-4950 Ashbrook Rd - 4803- 4945 Chilton Dr,V049,Alley Reconstruction,2017 Bonds,7,11/2023,86784,71103,15681,0,0,86784,0,,
2021,136,Street & Transportation,4806-5034 Mill Creek Rd - 4807- 4923 -12515 Planters Glen Dr,V123,Alley Reconstruction,2017 Bonds,13,09/2021,462189,462174,16,0,0,462189,0,,
2021,136,Street & Transportation,4812-4840 Worth St - 4807-4841 Tremont St,V007,Alley Petitions,2017 Bonds,2,10/2022,143396,44116,99279,0,0,143396,0,,
2021,136,Street & Transportation,4902-5032 Thursh St - 4903-5033 Wenonah Dr,V013,Alley Reconstruction,2017 Bonds,2,06/2021,282331,278218,4113,0,0,282331,0,,
2021,136,Street & Transportation,5005-5207 Banting Way - 5411-5445 Endlery Pl,V050,Alley Reconstruction,2017 Bonds,7,11/2023,58878,61504,-2625,0,0,61504,0,,
2021,137,Street & Transportation,503-511 N Prairie Ave - 4721-4721 Tremont St,V014,Alley Reconstruction,2017 Bonds,2,06/2021,125679,128692,-3013,0,0,128692,0,,
2021,137,Street & Transportation,5100-5152 Lahoma St - 5101-5147 N Hall St,V015,Alley Reconstruction,2017 Bonds,2,06/2021,239683,245358,-5675,0,0,245358,0,,
2021,137,Street & Transportation,5107-5143 Breakwood Dr - 5116-5152 Colter Dr,V051,Alley Reconstruction,2017 Bonds,7,11/2023,33545,36686,-3141,0,0,36686,0,,
2021,137,Street & Transportation,5179-5107 Chalet - 1404-1550 Drury Dr,V018,Alley Reconstruction,2017 Bonds,3,12/2023,56438,59227,-2789,322594,0,379032,0,2022,2022
2021,137,Street & Transportation,5300-5358 Willis Ave - 5303-5355 Richard Ave,V016,Alley Reconstruction,2017 Bonds,2,06/2021,253089,260084,-6994,0,0,260084,0,,
2021,137,Street & Transportation,5303-5347 Blaney Way - 5204-5240 Banting Way,V052,Alley Reconstruction,2017 Bonds,7,11/2023,73515,54702,18813,0,0,73515,0,,
2021,137,Street & Transportation,5306-5342 Lake Placid Dr - 1572- 1568 Drury Pl,V019,Alley Reconstruction,2017 Bonds,3,12/2023,34618,37026,-2408,170320,0,204938,0,2022,2022
2021,137,Street & Transportation,5500-5552 Longview St - 5503- 5549 Mccommas Blvd,V125,Alley Reconstruction,2017 Bonds,14,11/2022,240786,177718,63068,0,0,240786,0,,
2021,137,Street & Transportation,5501-5527 Harbor Town Dr - 5506- 5530 Tamaron Ct,V100,Alley Reconstruction,2017 Bonds,12,12/2022,496609,283198,213411,0,0,496609,0,,
2021,138,Street & Transportation,5601-5639 Morningside Ave - 5602-5634 Mccommas Blvd,V126,Alley Reconstruction,2017 Bonds,14,11/2022,205751,174408,31343,0,0,205751,0,,
2021,138,Street & Transportation,5605-5831 Everglade Rd - 5606-5824 Twineing St,V053,Alley Reconstruction,2017 Bonds,7,12/2024,478582,75802,402780,0,0,478582,0,,
2021,138,Street & Transportation,5620-5832 Everglade Rd - 5707-5861 Marview Ln,V054,Alley Reconstruction,2017 Bonds,7,11/2023,90086,61661,28425,0,0,90086,0,,
2021,138,Street & Transportation,5701-5745 Palo Pinto Ave - 5702- 5746 Velasco Ave (Alley Improvements),VA06,Target Neighborhood,2017 Bonds,14,02/2024,44805,48014,-3209,0,183125,227930,0,2023,2023
2021,138,Street & Transportation,5703-5747 Vanderbilt Ave - 5710-5750 Marquita Ave,V127,Alley Reconstruction,2017 Bonds,14,11/2022,214351,188798,25553,0,0,214351,0,,
2021,138,Street & Transportation,5710-5814 Meadowick Ln - 5274-5290 Ponderosa Cir,V055,Alley Reconstruction,2017 Bonds,7,12/2024,189335,38725,150610,0,0,189335,0,,
2021,138,Street & Transportation,5737-5763 Caruth Blvd - 5708-5728 Surrey Square Lane,V119,Alley Reconstruction,2017 Bonds,13,09/2021,226496,230989,-4493,0,0,230989,0,,
2021,138,Street & Transportation,6020-6040 Fieldstone,V101,Alley Reconstruction,2017 Bonds,12,03/2023,70038,73785,-3748,0,0,73785,0,,
2021,139,Street & Transportation,6024-6300 Samuell Blvd - 6205-6441 Symphony Ln,V056,Alley Reconstruction,2017 Bonds,7,12/2024,476831,67154,409677,0,0,476831,0,,
2021,139,Street & Transportation,6100 Blk Of Calm Meadow,V282,Street Reconstruction,2017 Bonds,12,07/2022,539969,546665,-6696,0,0,546665,0,,
2021,139,Street & Transportation,6103-6129 Mercedes Ave - 6100-6126 Morningside Ave,V128,Alley Reconstruction,2017 Bonds,14,11/2022,157894,150839,7055,0,0,157894,0,,
2021,139,Street & Transportation,6139-6179 Monticello Ave - 6202-6238 Mercedes Ave,V129,Alley Reconstruction,2017 Bonds,14,09/2022,200974,184531,16443,0,0,200974,0,,
2021,139,Street & Transportation,6201- 6333 Bryan Pkwy - 5808-5842 Live Oak St,V130,Alley Reconstruction,2017 Bonds,14,09/2022,223906,202628,21278,0,0,223906,0,,
2021,139,Street & Transportation,6206-6440 Symphony Ln - 4307-4339 Cinnabar Dr,V057,Alley Reconstruction,2017 Bonds,7,12/2024,332828,57498,275330,0,0,332828,0,,
2021,139,Street & Transportation,6216-6226 Autumn Woods Trl - 804- 814 W Red Bird Ln,V020,Alley Reconstruction,2017 Bonds,3,12/2023,35962,40286,-4323,0,0,40286,0,,
2021,139,Street & Transportation,6302-6326 Oakleaf Rd - 6301-6323 Warm Mist Ln,V102,Alley Reconstruction,2017 Bonds,12,09/2023,222471,53001,169470,0,0,222471,0,,
2021,139,Street & Transportation,6407-6475 Glendora Ave - 6406-6474 Meadow Road,V120,Alley Reconstruction,2017 Bonds,13,09/2021,317714,322541,-4826,0,0,322541,0,,
2021,140,Street & Transportation,6421-6543 Northwood Road - 6426-6542 Deloache Ave,V121,Alley Reconstruction,2017 Bonds,13,09/2021,359293,363894,-4601,0,0,363894,0,,
2021,140,Street & Transportation,6505-6635 Mimosa Ln - 6506-6630 Lakehurst Ave,V122,Alley Reconstruction,2017 Bonds,13,09/2021,394393,399391,-4998,0,0,399391,0,,
2021,140,Street & Transportation,6506-6556 Crestmere Dr - 6515-6555 Meadowcreek Dr,V087,Alley Reconstruction,2017 Bonds,11,12/2023,40449,44328,-3879,0,219828,260277,0,2023,2023
2021,140,Street & Transportation,6510-6580 Calais Dr - 6509-6565 Crestmere Dr,V088,Alley Reconstruction,2017 Bonds,11,12/2023,44186,49622,-5437,0,250694,294880,0,2023,2023
2021,140,Street & Transportation,6607-6831 Desco Drive - 6706-6838 Prestonshire Lane,V124,Alley Reconstruction,2017 Bonds,13,09/2021,427467,377338,50129,0,0,427467,0,,
2021,140,Street & Transportation,6808-7038 Hunters Ridge Dr - 6807-6959 Town Bluff Dr,V089,Alley Reconstruction,2017 Bonds,11,12/2023,60936,65418,-4482,0,452697,513633,0,2023,2023
2021,140,Street & Transportation,6816-6858 Freemont St - 6809- 6851 Whitehill St,V074,Alley Reconstruction,2017 Bonds,9,06/2023,226629,54072,172557,0,0,226629,0,,
2021,140,Street & Transportation,6906-6954 Kingsbury Dr - 6907-6949 Winchester St,V075,Alley Reconstruction,2017 Bonds,9,06/2023,233707,47145,186562,0,0,233707,0,,
2021,141,Street & Transportation,6906-7030 Orchid Ln -6909-7007 Meadoebriar Ln - Pemberton Dr,V094,Alley Reconstruction,2017 Bonds,11,12/2023,46876,50862,-3986,0,319083,365959,0,2023,2023
2021,141,Street & Transportation,6915-6965 Freemont St - 6914- 6964 Wakefield St,V076,Alley Reconstruction,2017 Bonds,9,06/2023,264480,50364,214116,0,0,264480,0,,
2021,141,Street & Transportation,6920-7038 Midbury Dr - 6919- 7033 Northaven Rd,V090,Alley Reconstruction,2017 Bonds,11,12/2023,58711,63428,-4717,0,0,63428,0,,
2021,141,Street & Transportation,7005-7065 Freemont St - 7006- 7066 Wakefield St,V077,Alley Reconstruction,2017 Bonds,9,06/2023,324123,51505,272618,0,0,324123,0,,
2021,141,Street & Transportation,7023-7031 Wakefield St - 7049- 7053 Wakefield Cir,V078,Alley Reconstruction,2017 Bonds,9,06/2023,175529,46334,129195,0,0,175529,0,,
2021,141,Street & Transportation,7027-7203 Hunnicut Rd - 7012- 7108 Belteau Ln,V058,Alley Reconstruction,2017 Bonds,7,11/2023,61170,40593,20577,0,0,61170,0,,
2021,141,Street & Transportation,7103-7133 Echo Bluff Dr - 7202- 7226 Rustic Valley Dr,V103,Alley Reconstruction,2017 Bonds,12,09/2023,342881,65911,276970,0,0,342881,0,,
2021,141,Street & Transportation,7105-7227 Bluefield Dr - 7311- 7427 Carta Valley Dr,V104,Alley Reconstruction,2017 Bonds,12,09/2023,504197,93372,410825,0,0,504197,0,,
2021,142,Street & Transportation,7129-7195 Elliott Dr - 7130-7184 Rolling Fork Dr,V059,Alley Reconstruction,2017 Bonds,7,12/2024,341700,54660,287040,0,0,341700,0,,
2021,142,Street & Transportation,7151-7203 Gracefield Ln - 7101-7145 Crooked Oak Dr,V105,Alley Reconstruction,2017 Bonds,12,09/2023,456540,77439,379101,0,0,456540,0,,
2021,142,Street & Transportation,7206 -7446 La Sobrina Dr - 7223- 7441 Whispering Pine Dr,V106,Alley Reconstruction,2017 Bonds,12,09/2023,526064,78704,447360,0,0,526064,0,,
2021,142,Street & Transportation,7309-7435 Tangleglen Dr - 7364-7450 Tophill Ln,V091,Alley Reconstruction,2017 Bonds,11,12/2023,44556,48584,-4028,0,258250,302806,0,2023,2023
2021,142,Street & Transportation,7405-7443 Lynworth Dr - 7408- 7438 Chattington Dr,V092,Alley Reconstruction,2017 Bonds,11,12/2023,38767,42608,-3840,0,185278,224045,0,2023,2023
2021,142,Street & Transportation,7501-7631 Ashcrest Ln - 7502- 7578 Christie Ln,V021,Alley Reconstruction,2017 Bonds,3,12/2023,54286,56422,-2136,404027,0,458313,0,2022,2022
2021,142,Street & Transportation,7604-7608 Dornoch Ln - 7603- 7605 Lairds Ln,V107,Alley Reconstruction,2017 Bonds,12,09/2023,227803,46688,181115,0,0,227803,0,,
2021,142,Street & Transportation,7606-7672 Rolling Acres Dr - 7615- 7651 Tophill Ln,V093,Alley Reconstruction,2017 Bonds,11,12/2023,41116,44782,-3666,0,221749,262865,0,2023,2023
2021,142,Street & Transportation,7704-78400 Carbondale St - 7703-7835 Brownville (Alley Improvements),VA01,Target Neighborhood,2017 Bonds,7,12/2024,54273,56677,-2404,0,306312,360585,0,2023,2023
2021,143,Street & Transportation,7905-7933 Olusta Dr - 7932 Great Trinity Forest Way,V067,Alley Reconstruction,2017 Bonds,8,12/2024,24568,26061,-1493,0,168521,193089,0,2023,2023
2021,143,Street & Transportation,806-954 Ivywood Dr - 807-951 Jadewood Dr,V068,Alley Reconstruction,2017 Bonds,8,04/2022,385703,258461,127242,0,0,385703,0,,
2021,143,Street & Transportation,9003-9131 Webb Kay Dr - 9006- 9132 Windy Crest Dr,V081,Alley Reconstruction,2017 Bonds,10,07/2021,468020,476451,-8431,0,0,476451,0,,
2021,143,Street & Transportation,9506-9650 Dartridge Dr - 9605- 9679 Covemeadow Dr,V082,Alley Reconstruction,2017 Bonds,10,07/2021,447811,381690,66122,0,0,447811,0,,
2021,143,Street & Transportation,9603-9616 Greensprint Drive - 9626-9626 Church Rd,V083,Alley Reconstruction,2017 Bonds,10,07/2021,179671,183073,-3402,0,0,183073,0,,
2021,143,Street & Transportation,9606-9734 Shady Dale Lane - 9709- 9733 Shoreview Rd,V084,Alley Reconstruction,2017 Bonds,10,07/2021,268115,270427,-2312,0,0,270427,0,,
2021,143,Street & Transportation,9805-8805 Buxhill Dr - 9804-9846 Chiswell - 8805 Fenchurch,V085,Alley Reconstruction,2017 Bonds,10,07/2021,299096,264012,35084,0,0,299096,0,,
2021,143,Street & Transportation,Aberdeen Ave From Edgemere Rd To Thackery St,V285,Street Reconstruction,2017 Bonds,13,12/2022,99766,104228,-4462,702657,0,802423,0,2022,2022
2021,"143, 144",Street & Transportation,Abrams Rd from Gaston Ave to S Beacon St,VA14,Thoroughfares,2017 Bonds / 2006 Bonds,14,12/2022,3260385,3236379,24006,0,0,3260385,0,,
2021,144,Street & Transportation,Abrams Rd from Glennox Ln to E Lovers Ln,V949,Street Resurfacing,2017 Bonds,2,09/2023,0,0,0,129585,0,129585,0,2022,2022
2021,144,Street & Transportation,ADA Sidewalk and Barrier Free Ramp Improvements,W646,Free Sidewalk and Ramp Improvements Barrier,2006 Bonds / 2012 Bonds,Citywide,09/2022,9400002,5330681,4069321,0,0,9400002,0,,
2021,144,Street & Transportation,Adair St From Cobb St To 500 Ft North Of Cobb St,V287,Street Reconstruction,2017 Bonds,14,11/2023,27726,33554,-5828,0,64442,92168,0,2023,2023
2021,144,Street & Transportation,Adleta Blvd from Adleta Ct to Adleta Blvd,V774,Street Resurfacing,2017 Bonds,9,05/2022,443396,443396,0,0,0,443396,0,,
2021,144,Street & Transportation,Akard Place Signals,W064,Traffic Signals,Capital Reimbursement Projects,2,12/2021,69611,38826,30785,0,0,69611,0,,
2021,144,Street & Transportation,Allen St from McKinney Ave to Laclede St,V970,Street Resurfacing,2017 Bonds,6,09/2023,0,0,0,155482,0,155482,0,2022,2022
2021,144,Street & Transportation,Alley Improvements Between 8th St - Church From IH 35E To N Cliff,V993,Target Neighborhood,2017 Bonds,4,02/2024,36475,40649,-4174,0,211032,247507,0,2023,2023
2021,145,Street & Transportation,Alley Improvements Between Ewing Ave - Upton From Viola To Clarendon,V994,Target Neighborhood,2017 Bonds,4,02/2024,25856,27274,-1418,0,158369,184225,0,2023,2023
2021,145,Street & Transportation,Alley: Hibernia & Mckinney From Routh To Boll,S201,Alley Petitions,2012 Bonds,Citywide,12/2021,125415,125415,0,0,0,125415,0,,
2021,145,Street & Transportation,Alley: Hibernia & State From Boll To Wort,S202,Alley Petitions,2012 Bonds,Citywide,12/2021,107232,107232,0,0,0,107232,0,,
2021,145,Street & Transportation,Alley: Hurley Way & Lenel Place Williamsburg,S203,Alley Petitions,2006 Bonds / 2012 Bonds,Citywide,12/2021,224108,203179,20929,0,0,224108,0,,
2021,145,Street & Transportation,Alley: Manana & Park From Larga To Marsh,S205,Alley Petitions,2012 Bonds,Citywide,12/2021,457466,445260,12206,0,0,457466,0,,
2021,145,Street & Transportation,Alley: State St & Thomas Ave From Routh To Boll,S207,Alley Petitions,2012 Bonds,Citywide,12/2022,24258,24258,0,0,0,24258,0,,
2021,145,Street & Transportation,Alpha Rd from Barton Dr to Noel Rd,V293,Street Reconstruction,2017 Bonds,11,10/2024,1036503,21910,1014593,0,0,1036503,0,,
2021,145,Street & Transportation,Alpha Rd From End Of Pavement To Barton Dr,V310,Thoroughfares,2017 Bonds,11,10/2024,1077548,14211,1063337,0,0,1077548,0,,
2021,146,Street & Transportation,Alpha Rd from Noel Rd to Montfort Dr,V294,Street Reconstruction,2017 Bonds,11,10/2024,1949588,35584,1914004,0,0,1949588,0,,
2021,146,Street & Transportation,Amhurst Ave - Stanford Ave From Linwood Ave To Briarwood Ln,V005,Alley Petitions,2017 Bonds,13,02/2024,57159,60617,-3458,0,164507,221666,0,2023,2023
2021,146,Street & Transportation,Annapolis Ln from Ridgelawn Dr to Berwyn Ln,V795,Street Resurfacing,2017 Bonds,6,09/2023,0,0,0,228198,0,228198,0,2022,2022
2021,146,Street & Transportation,Anzio Cir from Garapan Dr to S Polk St,V199,Street Reconstruction,2017 Bonds,4,04/2022,906420,915758,-9338,243191,0,1149611,0,2022,2022
2021,146,Street & Transportation,Apple St. and Live Oak St. Intersection- W336,,Traffic Signals,Capital Reimbursement Projects,14,12/2021,21482,8628,12854,0,0,21482,0,,
2021,146,Street & Transportation,Arapaho Rd from Golden Creek Rd to Meado,V939,Street Resurfacing,2006 Bonds,12,09/2022,409747,409747,0,0,0,409747,0,,
2021,146,Street & Transportation,Arapaho Rd from Golden Creek Rd to Meadowcreek Dr,V939,Street Resurfacing,2017 Bonds,12,09/2022,460616,460616,0,0,0,460616,0,,
2021,146,Street & Transportation,Arborcrest Dr From Bluewood Dr To Partridge Dr,V262,Street Reconstruction,2017 Bonds,8,10/2021,859828,848045,11783,806609,0,1666437,0,2022,2022
2021,146,Street & Transportation,AT&T Discovery Plaza,W312,Traffic Signals,Capital Reimbursement Projects,"2, 14",06/2022,175676,91607,84070,0,0,175676,0,,
2021,146,Street & Transportation,Audelia Rd from Faircrest Dr to Royal Ln,V961,Street Resurfacing,2017 Bonds,10,09/2022,571847,571847,0,0,0,571847,0,,
2021,147,Street & Transportation,Avenue H From E 11Th St To Sanderson Ave,V247,Street Reconstruction,2017 Bonds,4,09/2025,89891,94040,-4150,758624,0,848515,0,2022,2022
2021,147,Street & Transportation,Azalea Ln & Currin,S218,Alley Reconstruction,2012 Bonds,Citywide,12/2021,247589,247589,0,0,0,247589,0,,
2021,147,Street & Transportation,Babcock Dr From Bernal Dr To Canada Dr,V256,Street Reconstruction,2017 Bonds,6,09/2023,437426,66827,370599,0,0,437426,0,,
2021,147,Street & Transportation,Baruth Blvd & Colgate Ave,S226,Alley Reconstruction,2012 Bonds,Citywide,12/2021,41076,53756,-12680,0,0,53756,0,,
2021,147,Street & Transportation,Beall Street From Dolphin To Gifford Str,S428,Street Reconstruction,2012 Bonds,Citywide,12/2021,719508,690232,29276,0,0,719508,0,,
2021,147,Street & Transportation,Beechmont Dr from Ferguson Rd to Felicia Ct,V827,Street Resurfacing,2017 Bonds,14,09/2022,206245,206245,0,0,0,206245,0,,
2021,147,Street & Transportation,Belmont Ave from Summit Ave to Greenville Ave,V320,Street Resurfacing,2017 Bonds,14,12/2022,767,673,94,0,0,767,0,,
2021,147,Street & Transportation,Bennington Dr from Trammel Dr to Middlebury Dr,V668,Street Resurfacing,2017 Bonds,9,09/2022,150337,150337,0,0,0,150337,0,,
2021,147,Street & Transportation,Bernal/Singleton Left Turn Signal,W366,Traffic Signals,2006 Bonds,6,06/2022,39585,0,39585,0,0,39585,0,,
2021,147,Street & Transportation,Bishop from 10th St to Jefferson Blvd,V984,Design Streetscape-Urban,2017 Bonds,1,09/2022,1918775,1616538,302237,0,0,1918775,0,,
2021,147,Street & Transportation,Blackburn St from N Haskell Ave to Noble Ave,V963,Street Resurfacing,2017 Bonds,14,09/2022,168962,168962,0,168962,0,337924,0,2022,2022
2021,148,Street & Transportation,Blackburn St from Turtle Creek Blvd to Oak Lawn Ave,V957,Street Resurfacing,2017 Bonds,14,06/2022,261538,261538,0,261538,0,523076,0,2022,2022
2021,148,Street & Transportation,Blackburn St from Turtle Creek Blvd to Travis St,V971,Street Resurfacing,2017 Bonds,14,06/2022,267774,267774,0,267774,0,535548,0,2022,2022
2021,148,Street & Transportation,Blanch Cir from Hillside Dr to Nonesuch Rd,V773,Street Resurfacing,2017 Bonds,9,12/2021,162068,162068,0,0,0,162068,0,,
2021,148,Street & Transportation,Blessing Cir from End of Pavement to Blessing Dr,V648,Street Resurfacing,2017 Bonds,13,09/2022,58550,58550,0,0,0,58550,0,,
2021,148,Street & Transportation,Blossomheath Ln From LBJ Service Rd N To Thistle Ln,V275,Street Reconstruction,2017 Bonds,11,12/2022,44788,44642,146,402221,0,447009,0,2022,2022
2021,148,Street & Transportation,Blossomheath Ln from Thistle Ln to Alpha Rd,V222,Street Reconstruction,2017 Bonds,11,12/2022,57778,56466,1312,458035,0,515813,0,2022,2022
2021,148,Street & Transportation,Blue Mesa Dr & Hillcrest Rd,S221,Alley Reconstruction,2012 Bonds,12,12/2022,247788,247788,0,0,0,247788,0,,
2021,148,Street & Transportation,Bluffdale Dr from Berkinshire Dr to Brookhurst Dr,V805,Street Resurfacing,2017 Bonds,9,09/2023,0,0,0,93570,0,93570,0,2022,2022
2021,148,Street & Transportation,Bombay Ave from Huron Dr to Thurston Dr,V193,Street Reconstruction,2017 Bonds,2,06/2021,1208765,1107277,101488,0,0,1208765,0,,
2021,148,Street & Transportation,Bonham St from Midway Rd to End of Pavement,V684,Street Resurfacing,2017 Bonds,5,09/2022,294397,294397,0,294397,0,588794,0,2022,2022
2021,149,Street & Transportation,Bonnie View Rd from Ann Arbor Ave to Cummings St,V200,Street Reconstruction,2017 Bonds,4,04/2024,182704,189141,-6436,2081742,0,2264446,0,2022,2022
2021,149,Street & Transportation,Boundbrook Ave From Greenville Ave To Woodbrook Dr,V268,Street Reconstruction,2017 Bonds,10,05/2024,56868,60061,-3192,0,356006,412874,0,2023,2023
2021,149,Street & Transportation,Bradford Dr from Maple Springs Blvd to Hedgerow Dr,V194,Street Reconstruction,2017 Bonds,2,12/2024,193677,199080,-5403,0,1759897,1953574,0,2023,2023
2021,149,Street & Transportation,Branchfield Dr from W Lawther Dr to Fisher Rd,V803,Street Resurfacing,2017 Bonds,2,09/2023,0,0,0,224288,0,224288,0,2022,2022
2021,149,Street & Transportation,Brennans Pl from End of Pavement to Brennans Dr,V843,Street Resurfacing,2017 Bonds,"12, 13",09/2023,0,0,0,0,42429,42429,0,2023,2023
2021,149,Street & Transportation,Briaridge Rd from Spring Creek Rd to Coit Rd,V813,Street Resurfacing,2017 Bonds,7,09/2022,211803,211803,1,0,0,211803,0,,
2021,149,Street & Transportation,Bridge Maintenance/ Repair Program,W661,Bridge Repair Modification and,Other GO Non-Debt CIP -,Citywide,Ongoing,1000000,318500,681500,1000000,0,2000000,0,2022,2022
2021,149,Street & Transportation,Bristol Ave From March Ave To Hopkins Ave,V155,Free Sidewalk and Ramp Improvements Barrier,2017 Bonds,2,10/2024,85732,86755,-1024,0,0,86755,0,,
2021,149,Street & Transportation,Broadmoor Dr from Broadmoor Dr to Garland Rd,V847,Street Resurfacing,2017 Bonds,13,09/2023,0,0,0,127013,0,127013,0,2022,2022
2021,150,Street & Transportation,Broken Bow Rd from 9635 Broken Bow Rd to Fieldcrest Dr,V216,Street Reconstruction,2017 Bonds,10,01/2022,85127,92397,-7270,527521,0,612648,0,2022,2022
2021,150,Street & Transportation,Brookhurst Dr from Edgelake Dr to Northcliff Dr,V682,Street Resurfacing,2017 Bonds,9,09/2022,322763,322763,0,0,0,322763,0,,
2021,150,Street & Transportation,Brookshire Dr From Orchid Ln To Brookshire Cir,V276,Street Reconstruction,2017 Bonds,11,01/2024,59183,60993,-1810,0,264174,323357,0,2023,2023
2021,150,Street & Transportation,Bucknell Dr from Bennington Dr to Trammel Dr,V651,Street Resurfacing,2017 Bonds,12,09/2022,117375,117375,0,0,0,117375,0,,
2021,150,Street & Transportation,Burma From Kiska St To Saipan St,VA02,Target Neighborhood,2017 Bonds,7,12/2024,92807,96200,-3394,0,556106,648913,0,2023,2023
2021,150,Street & Transportation,Burma Rd From Carbondale St To Kiska St,VA04,Target Neighborhood,2017 Bonds,7,12/2024,111663,114067,-2404,0,657122,768785,0,2023,2023
2021,150,Street & Transportation,Burroaks Cir From Burroaks Dr To End Of Pavement,V263,Street Reconstruction,2017 Bonds,8,12/2022,57308,60702,-3395,386021,0,443329,0,2022,2022
2021,150,Street & Transportation,Camp Wisdom Rd from FM 1382 to Mountain Creek Pkwy,VA13,Thoroughfares,2017 Bonds,3,10/2023,465746,467309,-1563,113910,0,579656,0,2022,2022
2021,"150, 151",Street & Transportation,Camp Wisdom Road Project,W147,Partnership Projects Intergovernmental,2017 Bonds / 2006 Bonds / Capital Reimbursement Projects,3,03/2022,2000336,1315726,684610,0,0,2000336,0,,
2021,151,Street & Transportation,Campbell Rd from Preston Rd to Preston Bend Ct,V959,Street Resurfacing,2017 Bonds,12,02/2022,0,0,0,733506,0,733506,0,2022,2022
2021,151,Street & Transportation,Campbell Rd from Preston Rd to Preston Trail Dr,V952,Street Resurfacing,2017 Bonds,11,09/2022,1130,2738,-1609,165943,0,167073,0,2022,2022
2021,151,Street & Transportation,Canada Dr From Babcock Dr To Leesburg St,V307,Thoroughfares,2017 Bonds,6,10/2021,1460386,1232253,228133,0,0,1460386,0,,
2021,151,Street & Transportation,Canada Dr From Tamerisk St To Westmoreland Rd,S309,Street Reconstruction,2006 Bonds / 2012 Bonds / 2017 Bonds,12,12/2024,960656,883024,77633,0,0,965142,0,,
2021,151,Street & Transportation,Canada Drive From Westmoreland To Hampton,VA08,Thoroughfares,2017 Bonds,5,12/2025,23299,24142,-843,1799433,4172853,5995585,0,2022,2023
2021,151,Street & Transportation,Canterbury- Edgefield Pathway Connection,W144,Hike and Bike Trails,2006 Bonds,1,Ongoing,27,0,27,0,0,27,0,,
2021,152,Street & Transportation,Capps Dr & Rexford Dr From Lemmon Ave Par,S210,Alley Petitions,2012 Bonds,Citywide,12/2021,184081,163009,21072,0,0,184081,0,,
2021,152,Street & Transportation,Carissa Dr from Carissa Cir to Jupiter Rd,V831,Street Resurfacing,2017 Bonds,8,09/2023,0,0,0,147799,0,147799,0,2022,2022
2021,152,Street & Transportation,Carissa Dr from Ridgelake Dr to Sunland St,V763,Street Resurfacing,2017 Bonds,8,09/2022,0,0,0,214855,0,214855,0,2022,2022
2021,152,Street & Transportation,Carnegie Dr from Carnegie Pl to Peavy Rd,V823,Street Resurfacing,2017 Bonds,7,09/2023,0,0,0,97241,0,97241,0,2022,2022
2021,152,Street & Transportation,Carrousel Cir from Lyre Ln to Lyre ln,V676,Street Resurfacing,2017 Bonds,2,09/2022,148553,148553,0,0,0,148553,0,,
2021,152,Street & Transportation,Casa View Street Improvements,V985,Design Streetscape-Urban,2017 Bonds,9,12/2024,697396,760173,-62777,0,5678629,6376025,0,2023,2023
2021,152,Street & Transportation,CBD Fair Link- Hall St to I-30,U203,Partnership Projects Intergovernmental,2006 Bonds / 2012 Bonds / 2017 Bonds,"1, 3",12/2024,3778411,2253760,1524652,0,0,3778411,0,,
2021,152,Street & Transportation,CBD Fair Park Link From Main to IH30 (Design And ROW),VA11,Thoroughfares,2017 Bonds,2,Ongoing,1199999,6862,1193138,0,0,1199999,0,,
2021,"152, 153",Street & Transportation,Cedar Springs Ave From Douglas To Oak Lawn,S391,Complete Street,2012 Bonds / Capital Reimbursement Projects,Citywide,10/2021,1886122,1939350,-53228,0,0,2014372,0,,
2021,153,Street & Transportation,Central Signal Computer,R090,Traffic Signals,2006 Bonds,Citywide,Ongoing,2054189,1967070,87119,0,0,2054189,0,,
2021,153,Street & Transportation,Chalk Hill - I 30 EB Frontage Road to Singleton,U780,Thoroughfares,2006 Bonds / 2017 Bonds,Citywide,12/2025,3138559,1889827,1248733,0,0,3138559,0,,
2021,153,Street & Transportation,Chalk Hill Rd - Davis St to 800 South of IH-30,U781,Thoroughfares,2006 Bonds / 2012 Bonds / 2017 Bonds,Citywide,12/2022,10625818,10394670,231147,0,0,10688731,0,,
2021,153,Street & Transportation,Chapel Hill Rd from W Lawther Dr to Cathedral Dr,V557,Street Resurfacing,2017 Bonds,9,09/2021,3225,0,3225,0,0,3225,0,,
2021,153,Street & Transportation,Charing Cross Ln from Staffordshire Dr to Flicker Ln,V594,Street Resurfacing,2017 Bonds,10,09/2021,0,0,0,0,0,0,0,,
2021,153,Street & Transportation,Chariot Dr from Trace Rd to Wimbelton Way,V840,Street Resurfacing,2017 Bonds,8,09/2022,338753,338753,0,0,0,338753,0,,
2021,154,Street & Transportation,Charlestown Dr from Nuestra Dr to Preston Rd,V603,Street Resurfacing,2017 Bonds,13,09/2022,0,411943,-411943,411943,0,411943,0,2022,2022
2021,154,Street & Transportation,Cheyenne From Big Thicket To Elam,VA18,Thoroughfares,2017 Bonds,5,09/2024,427418,429884,-2466,4081504,0,4508922,0,2022,2022
2021,154,Street & Transportation,Cheyenne From Lake June To Big Thickett Phase I,VA17,Thoroughfares,2017 Bonds,5,09/2024,589719,592137,-2418,6526912,0,7116631,0,2022,2022
2021,154,Street & Transportation,Chimney Hill Ln from Abrams Rd to Wightm,V217,Street Resurfacing,2012 Bonds,10,12/2022,968546,968546,0,0,0,968546,0,,
2021,154,Street & Transportation,Chimney Hill Ln from Abrams Rd to Wightman Pl,V217,Street Resurfacing,2017 Bonds,10,12/2022,36681,30150,6531,0,0,36681,0,,
2021,154,Street & Transportation,Church Cir from End of Pavement to Church Rd,V809,Street Resurfacing,2017 Bonds,2,09/2022,64278,64278,0,0,0,64278,0,,
2021,154,Street & Transportation,Church St From I- 35 To Cliff To End,V248,Street Reconstruction,2017 Bonds,4,09/2025,79124,82493,-3369,501719,0,580843,0,2022,2022
2021,154,Street & Transportation,Clarendon Dr (2-28' Lanes) from Ewing to Upton,V292,Street Reconstruction,2017 Bonds,4,08/2024,715657,276394,439263,0,0,715657,0,,
2021,154,Street & Transportation,Clark Road and Clarkridge Drive,W172,Traffic Signals,2017 Bonds / Capital Reimbursement Projects,3,12/2021,200000,192809,7191,0,0,200000,0,,
2021,154,Street & Transportation,Clarksdale Pl from Clarksdale Dr to End of Pavement,V798,Street Resurfacing,2017 Bonds,9,09/2023,0,0,0,61466,0,61466,0,2022,2022
2021,155,Street & Transportation,Classen Dr from E Northwest Hwy to Van Dyke Rd,V785,Street Resurfacing,2017 Bonds,9,Ongoing,383062,383062,0,0,0,383062,0,,
2021,155,Street & Transportation,Classen Dr from Northlake Dr to Waterview Rd,V707,Street Resurfacing,2017 Bonds,9,09/2022,222950,222950,0,0,0,222950,0,,
2021,155,Street & Transportation,Clearsprings Rd From Coit Rd To Sapling Way,V277,Street Reconstruction,2017 Bonds,11,02/2022,35872,41145,-5273,0,29321,65193,0,2023,2023
2021,155,Street & Transportation,Cobb St From Cobb St To Adair St,V288,Street Reconstruction,2017 Bonds,14,11/2023,24499,29588,-5088,0,96147,120646,0,2023,2023
2021,155,Street & Transportation,Cockrell Hill - La Reunion to Singleton,U205,Partnership Projects Intergovernmental,2006 Bonds / 2017 Bonds,Citywide,06/2023,6040355,6040355,0,0,0,6040355,0,,
2021,155,Street & Transportation,Cockrell Hill from Davis to the City Lim,U206,Partnership Projects Intergovernmental,2006 Bonds / 2017 Bonds,Citywide,06/2023,43983,22187,21797,0,0,43983,0,,
2021,155,Street & Transportation,Cockrell Hill From La Reunion To Singleton,V136,Partnership Projects Intergovernmental,2017 Bonds,6,06/2023,1900000,7998,1892002,0,0,1900000,0,,
2021,155,Street & Transportation,Cole from Harvard to Lee,S332,Street Resurfacing,2012 Bonds,Citywide,10/2021,62548,48240,14308,0,0,62548,0,,
2021,155,Street & Transportation,Coleridge St from Easton Dd to Sasanqua Ln,V824,Street Resurfacing,2017 Bonds,9,09/2023,0,0,0,0,30664,30664,0,2023,2023
2021,156,Street & Transportation,Collete At Tremont And Junius (Pilot Project to Construct Mini Roundabouts),VA24,Traffic Capacity & Improvements Safety Intersection,2017 Bonds,14,12/2022,78287,77203,1083,7465,0,85752,0,2022,2022
2021,156,Street & Transportation,Columbia Ave/Main St from S Beacon St to,VA12,Thoroughfares,2012 Bonds,2,01/2023,251678,251678,0,0,0,251678,0,,
2021,156,Street & Transportation,Columbia Ave/Main St from S Beacon St to Deep Ellum,VA12,Thoroughfares,2017 Bonds,2,01/2023,3998789,208222,3790567,251679,0,4250468,0,2022,2022
2021,156,Street & Transportation,Commerce from Good-Latimer to Hall,U733,Design Streetscape-Urban,2006 Bonds / 2012 Bonds / 2017 Bonds,11,12/2023,1691699,529894,1161805,0,0,1692432,0,,
2021,156,Street & Transportation,Commerce St from East Side Ave to Benson St,V808,Street Resurfacing,2017 Bonds,2,09/2021,200,0,200,0,0,200,0,,
2021,156,Street & Transportation,Commerce Street From Good Latimer To Exposition,VA16,Thoroughfares,2017 Bonds,2,12/2025,1478441,894093,584348,8221560,0,9700001,0,2022,2022
2021,157,Street & Transportation,Concho St from Monticello Ave to Mercedes Ave,V409,Street Resurfacing,2017 Bonds,14,09/2022,0,58790,-58790,52376,0,52376,0,2022,2022
2021,157,Street & Transportation,Concho St From Richmond Ave To Belmont Ave,V289,Street Reconstruction,2017 Bonds,14,11/2023,61776,66013,-4236,0,333866,395642,0,2023,2023
2021,157,Street & Transportation,Coombs Creek Trail Extension,W264,Partnership Projects Intergovernmental,2017 Bonds,1,02/2024,336452,47231,289221,0,0,336452,0,,
2021,157,Street & Transportation,Cosgrove Dr from Merriman Pkwy to Tabor Dr,V728,Street Resurfacing,2017 Bonds,9,09/2022,150321,150321,0,0,0,150321,0,,
2021,157,Street & Transportation,Cotillion Dr from Ferguson Rd to Puerto Rico Dr,V710,Street Resurfacing,2017 Bonds,14,05/2022,201871,99642,102230,0,0,201871,0,,
2021,157,Street & Transportation,Council District 1 Pedestrian Safety/Crosswalk Program -VA26,,Development Public/Private,2017 Bonds,1,06/2024,260000,0,260000,0,0,260000,0,,
2021,157,Street & Transportation,Council District 14 Pedestrian Safety- Crosswalk Program,VA21,Traffic Capacity & Improvements Safety Intersection,2017 Bonds,14,Ongoing,50000,4271,45729,0,0,50000,0,,
2021,157,Street & Transportation,Council District 5 Sidewalk and Barrier Free Ramp Improvements,V150,Free Sidewalk and Ramp Improvements Barrier,2017 Bonds,5,04/2023,622304,623201,-898,0,0,623201,0,,
2021,157,Street & Transportation,Council District 8 Infrastructure Improvements,VA44,Traffic Signals,2017 Bonds,8,12/2025,350000,0,350000,0,0,350000,0,,
2021,158,Street & Transportation,Council District 9 Traffic Signal Improvements,VA29,Development Public/Private,2017 Bonds,9,12/2023,846000,265000,581000,0,0,846000,0,,
2021,158,Street & Transportation,Country Brook Dr,S241,Alley Reconstruction,2012 Bonds / 2017 Bonds,12,09/2022,54640,24779,29861,0,0,54640,0,,
2021,158,Street & Transportation,Country Creek Dr- Road Closure-Turn Around,VA23,Traffic Capacity & Improvements Safety Intersection,2017 Bonds,3,12/2022,428751,0,428751,0,0,428751,0,,
2021,158,Street & Transportation,Critical Bridges,V131,Bridge Repair Modification and,2017 Bonds,Citywide,06/2021,1599279,25090,1574188,0,0,1599279,0,,
2021,158,Street & Transportation,Critical Bridges- Camp Wisdom Road over Ricketts Creek Bridge,VA33,Bridge Repair Modification and,2017 Bonds,"3, 8",03/2023,99392,99392,0,905654,0,1005046,0,2022,2022
2021,158,Street & Transportation,Critical Bridges- Maple Avenue Bridge over Turtle Creek Bridge,VA30,Bridge Repair Modification and,2017 Bonds,"2, 14",04/2022,209329,75862,133467,0,0,209329,0,,
2021,158,Street & Transportation,Critical Bridges- Marsalis Avenue over Cedar Creek- Dallas Zoo,VA35,Bridge Repair Modification and,2017 Bonds,4,04/2022,505324,34032,471292,0,0,505324,0,,
2021,158,Street & Transportation,Critical Bridges- Marsh Lane over Furneaux Creek Bridge Repa,VA32,Bridge Repair Modification and,2017 Bonds,12,03/2022,17340,17340,0,287634,0,304974,0,2022,2022
2021,158,Street & Transportation,Critical Bridges- Second Ave over White Rock Creek Bridge Repairs,VA31,Bridge Repair Modification and,2017 Bonds,5,10/2022,475987,497153,-21165,0,0,497153,0,,
2021,159,Street & Transportation,Critical Bridges- W- Red Bird Lane over Woody Branch Creek,VA36,Bridge Repair Modification and,2017 Bonds,3,04/2025,276005,278984,-2979,0,2733121,3009126,0,2023,2023
2021,159,Street & Transportation,Cromwell Dr from Whirlaway Rd to Flaxley Dr,V685,Street Resurfacing,2017 Bonds,13,10/2022,756187,762653,-6466,364609,0,1120796,0,2022,2022
2021,159,Street & Transportation,Crouch Rd From Old Ox Rd To S Lancaster Rd,VA19,Thoroughfares,2017 Bonds,8,09/2025,451203,454771,-3568,0,3716425,4167628,0,2023,2023
2021,159,Street & Transportation,Crownover Ct from Genstar Ln to End of Pavement,V228,Street Reconstruction,2017 Bonds,12,07/2021,851556,858240,-6684,0,0,858240,0,,
2021,159,Street & Transportation,Currin Dr From Pebbledowne Dr To End Of Pavement,V278,Street Reconstruction,2017 Bonds,11,01/2024,502879,67141,435738,0,129562,632441,0,2023,2023
2021,159,Street & Transportation,Currin Dr from St Michaels Dr to Pebbledowne Dr,V223,Street Reconstruction,2017 Bonds,11,01/2024,89310,98580,-9271,0,728560,817870,0,2023,2023
2021,159,Street & Transportation,DART Transportation Projects Fund,W337,Street and Improvements Alley,Other GO Non-Debt CIP -,Citywide,12/2025,9619105,2751544,6867561,0,0,9619105,0,,
2021,159,Street & Transportation,Davenport Rd From Winding Creek Rd To Creek Bend Rd,V312,Thoroughfares,2017 Bonds,12,10/2021,517978,526271,-8293,267556,0,785534,0,2022,2022
2021,"159, 160",Street & Transportation,Davis - Hampton to Westmoreland,U209,Partnership Projects Intergovernmental,2006 Bonds / 2017 Bonds,"1, 3",04/2023,448232,335235,112997,0,0,448232,0,,
2021,160,Street & Transportation,Davis Street from Cockrell Hill to Clint,V135,Partnership Projects Intergovernmental,2006 Bonds,14,03/2023,437944,437944,0,0,0,437944,0,,
2021,160,Street & Transportation,Davis Street from Cockrell Hill to Clinton Ave,V135,Partnership Projects Intergovernmental,2017 Bonds,14,03/2023,965601,978919,-13318,0,3055742,4021343,0,2023,2023
2021,160,Street & Transportation,Desdemona Dr from Barnes Bridge Rd to Housley Dr,V667,Street Resurfacing,2017 Bonds,12,09/2022,104445,104445,0,0,0,104445,0,,
2021,160,Street & Transportation,Diceman Dr from Sanford Ave to Tavaros Ave,V756,Street Resurfacing,2017 Bonds,9,09/2022,117375,117375,0,0,0,117375,0,,
2021,160,Street & Transportation,Dirk St. - Alley South Of Martel Ave. To Martel Ave.,V187,Street Petitions,2017 Bonds,14,02/2024,146000,43385,102615,0,0,146000,0,,
2021,160,Street & Transportation,Dixie Ln from Ash Creek Dr to Mariposa Dr,V790,Street Resurfacing,2017 Bonds,14,09/2023,0,0,0,182750,0,182750,0,2022,2022
2021,160,Street & Transportation,Donnybrook Ln From N Prairie Creek Rd To Riverway Dr,V254,Street Reconstruction,2017 Bonds,5,01/2022,665786,589185,76600,116149,0,781935,0,2022,2022
2021,160,Street & Transportation,Douglas Ave from Herschel Ave to Prescott Ave,V734,Street Resurfacing,2017 Bonds,6,09/2022,83738,84738,-1000,70555,0,154293,0,2022,2022
2021,160,Street & Transportation,Douglas Ave from Newton Ave to Wycliff Ave,V825,Street Resurfacing,2017 Bonds,9,10/2022,134151,135151,-1000,57727,0,191878,0,2022,2022
2021,161,Street & Transportation,Douglas Ave from Wycliff Ave to Herschel Ave,V815,Street Resurfacing,2017 Bonds,9,09/2022,127826,128826,-1000,70144,0,197970,0,2022,2022
2021,161,Street & Transportation,Dove Brook Cir from Stone Canyon Rd to End of Pavement,V587,Street Resurfacing,2017 Bonds,11,09/2021,4075,0,4075,0,0,4075,0,,
2021,161,Street & Transportation,Dove Creek Way From Myrtlewood Drive To Swansee Street,V245,Street Reconstruction,2017 Bonds,3,12/2024,162447,167824,-5377,0,1154069,1316516,0,2023,2023
2021,161,Street & Transportation,E Corning Ave From Arizona To S Marsalis Ave,V249,Street Reconstruction,2017 Bonds,4,04/2022,790687,784611,6076,153935,0,944622,0,2022,2022
2021,161,Street & Transportation,E Davis St From Beckley Ave To Patton Ave,V303,Thoroughfares,2017 Bonds,1,12/2023,107385,110422,-3037,0,1063601,1170986,0,2023,2023
2021,161,Street & Transportation,E Overton Rd From S Marsalis Ave To S Ewing,V305,Thoroughfares,2017 Bonds,4,10/2022,136465,142792,-6327,1403433,0,1539898,0,2022,2022
2021,161,Street & Transportation,Earthwind Dr & Campbell Rd,S249,Alley Reconstruction,2012 Bonds,12,12/2025,259546,265136,-5590,0,0,265136,0,,
2021,161,Street & Transportation,East Side Ave from S Haskell Ave to S Peak St,V725,Street Resurfacing,2017 Bonds,2,09/2021,0,0,0,140699,0,140699,0,2022,2022
2021,161,Street & Transportation,Edd Rd From Seagoville To Garden Grove [Design and ROW only],VA20,Thoroughfares,2017 Bonds,8,09/2025,294922,299147,-4225,0,460329,755251,0,2023,2023
2021,162,Street & Transportation,Edelweiss Cir From Hillcrest Rd To End Of Pavement,V279,Street Reconstruction,2017 Bonds,11,11/2023,50177,52333,-2157,0,307896,358073,0,2023,2023
2021,162,Street & Transportation,Edgefield And Windomere-12th To Wentworth (Alley),V001,Alley Petitions,2017 Bonds,1,10/2022,217628,67812,149816,0,0,217628,0,,
2021,162,Street & Transportation,Elmwood Area Street Lighting,V174,Street and Improvements Alley,2017 Bonds,1,06/2024,4162,0,4162,494355,0,498517,0,2022,2022
2021,162,Street & Transportation,Enderly Pl from Banting Way to Samuell Blvd,V810,Street Resurfacing,2017 Bonds,10,09/2022,108765,108765,0,0,0,108765,0,,
2021,162,Street & Transportation,Estacado Dr from Coldwater Cir to Ash Creek Dr,V757,Street Resurfacing,2017 Bonds,9,09/2022,209607,209607,0,0,0,209607,0,,
2021,162,Street & Transportation,Everglade Rd From N Jim Miller Rd To Symphony Lane,V161,Free Sidewalk and Ramp Improvements Barrier,2017 Bonds,7,09/2022,54358,55278,-920,0,0,55278,0,,
2021,162,Street & Transportation,Ewing Ave. From I35 E To Clarendon,VA15,Thoroughfares,2017 Bonds,4,08/2024,969251,984275,-15024,5037090,0,6006341,0,2022,2022
2021,162,Street & Transportation,Faircrest Dr from A11639 to Ferndale Rd,V714,Street Resurfacing,2017 Bonds,13,09/2022,118232,118232,0,0,0,118232,0,,
2021,162,Street & Transportation,Fallon Pl from Hazelhurst Ln to Hazelhurst Ln,V822,Street Resurfacing,2017 Bonds,4,09/2022,193726,193726,0,0,0,193726,0,,
2021,162,Street & Transportation,Fellows Ln From Saipan St To End Of Pavement,VA03,Target Neighborhood,2017 Bonds,7,12/2024,76403,78725,-2322,0,490329,566732,0,2023,2023
2021,163,Street & Transportation,Ferguson Rd And Lakeland Dr Intersection Improvements,V986,Design Streetscape-Urban,2017 Bonds,7,03/2023,98888,101874,-2986,660599,0,759487,0,2022,2022
2021,163,Street & Transportation,Ferguson Rd From Oates Dr To Lakeland Dr,V987,Design Streetscape-Urban,2017 Bonds,7,03/2023,126761,128397,-1636,404053,0,530814,0,2022,2022
2021,163,Street & Transportation,Ferguson Rd Sidewalk Imp From Rocky Glen To Gray Cliff,V163,Free Sidewalk and Ramp Improvements Barrier,2017 Bonds,7,12/2022,256377,259796,-3419,0,0,259796,0,,
2021,163,Street & Transportation,Fernald Ave from Dixfield Dr to Lochwood Blvd,V724,Street Resurfacing,2017 Bonds,9,09/2022,350032,350032,1,0,0,350032,0,,
2021,163,Street & Transportation,Fernald Ave from Yeager Dr to Holt Dr,V750,Street Resurfacing,2017 Bonds,9,09/2022,209093,209093,0,0,0,209093,0,,
2021,163,Street & Transportation,Fernheath Ln from South Beltline Rd. to Dead End,S420,Street Petitions,2012 Bonds,Citywide,01/2024,409331,75633,333698,0,0,409331,0,,
2021,163,Street & Transportation,Fillmore Dr from Empire Central to Register Ave,V195,Street Reconstruction,2017 Bonds,2,06/2021,1017797,1003426,14371,325047,0,1342844,0,2022,2022
2021,163,Street & Transportation,Firebird Dr from Postglen Dr to Troyglen,V471,Street Resurfacing,2017 Bonds,8,12/2022,109418,80813,28606,0,0,109418,0,,
2021,163,Street & Transportation,Flag Pole Hill Trl frm Goforth to ftr pr,S616,Hike and Bike Trails,2006 Bonds / 2012 Bonds,Citywide,Ongoing,828843,822793,6050,0,0,828843,0,,
2021,164,Street & Transportation,Fort Worth Ave From Sylvan to West Commerce,P838,Thoroughfares,2006 Bonds,6,06/2021,1220225,1179817,40408,0,0,1220225,0,,
2021,164,Street & Transportation,Frankford Rd (Wb Lane Only) from City Limit to Appleridge Dr,V295,Street Reconstruction,2017 Bonds,12,10/2021,1159386,1141585,17801,0,0,1159386,0,,
2021,164,Street & Transportation,Frankford Rd From Frankford Rd To Aramis Ln,V283,Street Reconstruction,2017 Bonds,12,07/2022,370861,377075,-6214,0,0,377075,0,,
2021,164,Street & Transportation,Frankford Rd from Hillcrest Rd to Coit Rd,V933,Street Resurfacing,2017 Bonds,6,09/2021,2490684,2215815,274868,2212007,0,4702691,0,2022,2022
2021,164,Street & Transportation,Frankford Rd from Preston Rd to Hillcrest Rd,V928,Street Resurfacing,2017 Bonds,13,09/2022,1976216,1758499,217716,1754016,0,3730232,0,2022,2022
2021,164,Street & Transportation,FY18 Street and Alley Improvement Projects,W222,Street Reconstruction,Other GO Non-Debt CIP -,Citywide,Ongoing,74331559,70355812,3975747,22036102,14676455,111044116,0,2022,2023
2021,164,Street & Transportation,Galena St from Norwood Dr to Fenwick Dr,V705,Street Resurfacing,2017 Bonds,9,09/2022,177331,177331,0,0,0,177331,0,,
2021,164,Street & Transportation,Galloway Ave From Fernwood Ave To S Denley Dr,V250,Street Reconstruction,2017 Bonds,4,02/2025,129709,135174,-5466,820241,0,949950,0,2022,2022
2021,164,Street & Transportation,Garland/Gaston/ East Grand Intersection Safety Improvements,V132,Partnership Projects Intergovernmental,2017 Bonds,"2, 9, 14",12/2024,1103493,367845,735648,0,0,1103493,0,,
2021,165,Street & Transportation,Gaston Pkwy from Old Gate Ln to Knob Oak Dr,V844,Street Resurfacing,2017 Bonds,9,09/2023,121456,0,121456,0,0,121456,0,,
2021,165,Street & Transportation,Gatewood Pl from End of Pavement to Jupiter Rd,V845,Street Resurfacing,2017 Bonds,9,06/2022,24783,24783,0,168173,0,192956,0,2022,2022
2021,165,Street & Transportation,Geraldine Dr From Kendale Dr To Lombardy Ln,V257,Street Reconstruction,2017 Bonds,6,12/2024,119236,141685,-22449,0,756686,875922,0,2023,2023
2021,165,Street & Transportation,Gilbert Ave from Knight St to Douglas Ave,V645,Street Resurfacing,2017 Bonds,14,09/2022,0,199141,-199141,88082,0,88082,0,2022,2022
2021,165,Street & Transportation,Gilbert Ave From Oak Lawn Ave To Reagan St,V290,Street Reconstruction,2017 Bonds,14,11/2023,59383,62555,-3173,0,368227,427610,0,2023,2023
2021,165,Street & Transportation,Ginger Ave. - Dacki Ave. To Goldie Ave. - Brandon St.,V182,Street Petitions,2017 Bonds,3,12/2023,205093,208227,-3134,0,1771705,1976798,0,2023,2023
2021,165,Street & Transportation,Glenleigh Dr.- Manning Ln. Existing Pavement To Manchester,V004,Alley Petitions,2017 Bonds,13,02/2024,44882,48619,-3738,0,27051,71933,0,2023,2023
2021,165,Street & Transportation,Gooch St from S Lancaster Rd to Tracy Rd,S602,Target Neighborhood,2017 Bonds / 2006 Bonds / 2012 Bonds,8,12/2024,2035304,2035171,133,0,0,2035804,0,,
2021,166,Street & Transportation,Gooding Dr from Killion Dr to Merrell Rd,V627,Street Resurfacing,2017 Bonds,8,09/2022,261332,261332,0,261332,0,522664,0,2022,2022
2021,166,Street & Transportation,Goodwin Ave from Laneri Ave to Glencoe St,V232,Street Reconstruction,2017 Bonds,14,12/2023,82133,89993,-7860,0,549741,631874,0,2023,2023
2021,166,Street & Transportation,Grassy Ridge Trl From Penguin Dr To Scottsboro Ln,V246,Street Reconstruction,2017 Bonds,3,12/2024,92046,96548,-4502,0,829447,921493,0,2023,2023
2021,166,Street & Transportation,Gray Wolf Trl & Bentwood Trl,S254,Alley Reconstruction,2012 Bonds,12,09/2022,235797,216460,19337,0,0,235797,0,,
2021,166,Street & Transportation,Greenhollow Ln From Coit Rd To Sapling Way,V280,Street Reconstruction,2017 Bonds,11,12/2023,38296,51799,-13503,0,0,51799,0,,
2021,166,Street & Transportation,Greentree Ln from Greenbrook Ln to W Circle Dr,V814,Street Resurfacing,2017 Bonds,11,09/2023,0,0,0,212660,0,212660,0,2022,2022
2021,166,Street & Transportation,Gross Rd from N Buckner Blvd to Peavy Rd,V800,Street Resurfacing,2017 Bonds,3,09/2022,330275,330275,0,0,0,330275,0,,
2021,166,Street & Transportation,Haas From Marjorie To 51St,S452,Street Reconstruction,2006 Bonds / 2012 Bonds,Citywide,Ongoing,448842,435640,13202,0,0,448842,0,,
2021,166,Street & Transportation,Haines Ave From W. Colorado Blvd To W. Greenbriar Ln,V236,Street Reconstruction,2017 Bonds,1,04/2023,216758,223120,-6362,1332740,0,1549498,0,2022,2022
2021,166,Street & Transportation,Halifax St from Cash Rd to Pulaski St,V206,Street Reconstruction,2017 Bonds,6,09/2023,1056682,107307,949375,0,0,1056682,0,,
2021,167,Street & Transportation,Harlandale Ave. - Ohio Ave. To Illinois Ave.,V183,Street Petitions,2017 Bonds,4,01/2023,545779,535230,10549,0,0,545779,0,,
2021,167,Street & Transportation,Harry Hines Blvd from Moody St to N Field St,V964,Street Resurfacing,2017 Bonds,14,09/2022,73471,73471,0,73471,0,146942,0,2022,2022
2021,167,Street & Transportation,Hatcher - Haskell To Indus,L194,Partnership Projects Intergovernmental,Capital Reimbursement Projects,9,08/2023,2355722,2504393,-148670,0,0,2504393,0,,
2021,167,Street & Transportation,Hatcher Ave Dolphin Rd T,N073,Partnership Projects Intergovernmental,2006 Bonds,9,10/2023,335704,335363,341,0,0,335704,0,,
2021,167,Street & Transportation,Haverford Dr from Bucknell Dr to Trammel Dr,V716,Street Resurfacing,2017 Bonds,9,09/2022,190674,190674,0,0,0,190674,0,,
2021,167,Street & Transportation,Haverford Dr from Trammel Dr to Middlebury Dr,V745,Street Resurfacing,2017 Bonds,10,09/2022,156065,156065,0,0,0,156065,0,,
2021,167,Street & Transportation,Hay St From Ring St To End Of Pavement,V239,Street Reconstruction,2017 Bonds,2,12/2023,58507,62768,-4260,101509,0,160016,0,2022,2022
2021,167,Street & Transportation,Highland Rd from Ferguson to N. of Entrance to Primrose,S611,Thoroughfares,2012 Bonds / Capital Reimbursement Projects,Citywide,04/2022,2491633,2405100,86533,0,0,2491633,0,,
2021,167,Street & Transportation,Hike and Bike Trails- W477,,Hike and Bike Trails,Other GO Non-Debt CIP -,Citywide,06/2023,456487,456487,0,0,0,456487,0,,
2021,"167, 168",Street & Transportation,Hike and Bike Trails- W660,,Hike and Bike Trails,2006 Bonds / 2012 Bonds / Other GO Non-Debt CIP -,Citywide,06/2023,494999,0,494999,0,0,494999,0,,
2021,168,Street & Transportation,Hillcrest Rd from McCallum Blvd to Riseden Dr,V965,Street Resurfacing,2017 Bonds,14,09/2023,0,0,0,814911,0,814911,0,2022,2022
2021,168,Street & Transportation,Hillcrest Road Repair,P059,Partnership Projects Intergovernmental,Capital Reimbursement Projects,Citywide,Ongoing,0,-23340,23340,0,0,0,0,,
2021,168,Street & Transportation,Hilton Head Dr & Harbor Town Dr,S261,Alley Reconstruction,2012 Bonds / 2017 Bonds,12,09/2022,36607,21301,15304,0,0,36607,0,,
2021,168,Street & Transportation,Hilton Head Dr & River Hill Cir,S260,Alley Reconstruction,2012 Bonds / 2017 Bonds,12,09/2022,283459,270195,13264,0,0,283459,0,,
2021,168,Street & Transportation,Hodde St from Woodmont Dr to N Jim Miller Rd,V204,Street Reconstruction,2017 Bonds,5,12/2024,241147,151716,89431,1389285,0,1630432,0,2022,2022
2021,168,Street & Transportation,Holland Ave from Turtle Creek Blvd to Bowser Ave,V836,Street Resurfacing,2017 Bonds,7,10/2022,106399,106399,0,106399,0,212798,0,2022,2022
2021,168,Street & Transportation,Holly Hill from Phoenix to Pineland,S604,Target Neighborhood,2012 Bonds / 2017 Bonds,13,01/2023,1266216,1268282,-2066,0,0,1269798,0,,
2021,168,Street & Transportation,Hord Ave. - Moler St. To Brandon St.,V181,Street Petitions,2017 Bonds,3,12/2023,120886,124118,-3232,0,737132,858018,0,2023,2023
2021,169,Street & Transportation,Hudspeth Ave from Biglow St to Cardinal Dr,S509,Street Resurfacing,2017 Bonds,4,09/2021,0,0,0,0,0,0,0,,
2021,169,Street & Transportation,Hughes Lane from Churchill Way to Lafayette Way,S605,Target Neighborhood,2012 Bonds / 2017 Bonds,11,01/2023,1309284,1310229,-944,0,0,1313035,0,,
2021,169,Street & Transportation,Hughes Lane from LaFayette Way to the Alley North of Linden,S413,Free Sidewalk and Ramp Improvements Barrier,2012 Bonds,Citywide,Ongoing,8666,8606,60,0,0,8666,0,,
2021,169,Street & Transportation,Hughes Ln from Wilderness Ct to Preston Rd,V224,Street Reconstruction,2017 Bonds,11,11/2023,103405,104286,-881,0,823393,926798,0,2023,2023
2021,169,Street & Transportation,I-30 Bridge- Replacment,P107,Bridge Repair Modification and,Capital Reimbursement Projects,10,Ongoing,16667500,16628185,39315,0,0,16667500,0,,
2021,169,Street & Transportation,I-30 Signature Design,P658,Partnership Projects Intergovernmental,2006 Bonds,10,Ongoing,5154766,5154047,719,0,0,5154766,0,,
2021,169,Street & Transportation,IH20 and Mountain Creek Parkway- W696,,Partnership Projects Intergovernmental,2012 Bonds,3,06/2022,100000,0,100000,0,0,100000,0,,
2021,169,Street & Transportation,Illegal Landfill Remediation,P036,Partnership Projects Intergovernmental,Capital Reimbursement Projects,Citywide,Ongoing,29168131,29085618,82513,0,0,29168131,0,,
2021,169,Street & Transportation,Imperial St From Bertrand Ave To Lagow S,S436,Street Reconstruction,2012 Bonds,Citywide,07/2021,611205,567281,43924,0,0,611205,0,,
2021,170,Street & Transportation,Industrial Blvd - Cadiz St to Continental Ave,U215,Partnership Projects Intergovernmental,2006 Bonds / 2012 Bonds / 2017 Bonds / Capital Reimbursement Projects,2,Ongoing,4009125,1067758,2941367,0,0,4009125,0,,
2021,170,Street & Transportation,Inwood Intersection Traffic Signal Modifications,W258,Traffic Signals,Capital Reimbursement Projects,2,12/2021,20703,13725,6978,0,0,20703,0,,
2021,170,Street & Transportation,JB Jackson From Grand To MLK,S437,Street Reconstruction,2006 Bonds / 2012 Bonds,7,08/2021,1080474,1009401,71075,0,0,1080474,0,,
2021,170,Street & Transportation,Jefferson Blvd From Adams Ave To Polk St,V988,Design Streetscape-Urban,2017 Bonds,1,06/2024,118157,118951,-794,0,893057,1011214,0,2023,2023
2021,170,Street & Transportation,Jefferson-Twelfth Connector Lane Diet-Removal,V990,Target Neighborhood,2017 Bonds,1,11/2023,239921,245320,-5399,1774677,0,2014598,0,2022,2022
2021,170,Street & Transportation,Joyce Way from Thackery St to Hillcrest Rd,V230,Street Reconstruction,2017 Bonds,13,04/2022,723498,726407,-2909,137763,0,861261,0,2022,2022
2021,171,Street & Transportation,Judge Dupree Dr from Gentle River Dr to Silverhill Dr,V562,Street Resurfacing,2017 Bonds,8,03/2022,64228,38807,25420,0,0,64228,0,,
2021,171,Street & Transportation,Katy Trail-Skillman- White,R276,Partnership Projects Intergovernmental,2006 Bonds / Capital Reimbursement Projects,9,Ongoing,4416719,4501165,-84447,0,0,4501165,0,,
2021,171,Street & Transportation,Keller Springs / Preston / Westgrove,S401,Partnership Projects Intergovernmental,2012 Bonds / Capital Reimbursement Projects,Citywide,Ongoing,822208,751797,70410,0,0,822208,0,,
2021,171,Street & Transportation,Keller Springs Rd. at Westgrove Dr Round,P655,Partnership Projects Intergovernmental,2006 Bonds,Citywide,Ongoing,19863,19494,369,0,0,19863,0,,
2021,171,Street & Transportation,Kelsey Rd from Inwood Rd to Meaders Ln,V690,Street Resurfacing,2017 Bonds,7,09/2022,412526,412526,0,412526,0,825052,0,2022,2022
2021,171,Street & Transportation,Kernack St From Phinney Ave To Burns Ave,V237,Street Reconstruction,2017 Bonds,1,12/2023,69389,71458,-2070,0,1246823,1316212,0,2023,2023
2021,171,Street & Transportation,Kiest Blvd & Ledbetter Dr Interesection,W228,Traffic Signals,Capital Reimbursement Projects,3,12/2021,23204,13993,9211,0,0,23204,0,,
2021,172,Street & Transportation,Kimball Neighborhood Plus Target Area Sidewalk and Barrier Free Ramp Improvements,V148,Free Sidewalk and Ramp Improvements Barrier,2017 Bonds,12,04/2022,356728,358860,-2132,0,0,358860,0,,
2021,172,Street & Transportation,Kingsley Rd from Crofton Dr to Winedale,V463,Street Resurfacing,2017 Bonds,10,12/2022,54958,54958,0,0,0,54958,0,,
2021,172,Street & Transportation,Kirnwood Dr/Wheatland Rd,P042,Partnership Projects Intergovernmental,Capital Reimbursement Projects,Citywide,Ongoing,130000,89982,40018,0,0,130000,0,,
2021,172,Street & Transportation,Knox from Katy Trail to US 75,S408,Complete Street,2012 Bonds,Citywide,09/2023,227903,20642,207261,0,0,227903,0,,
2021,172,Street & Transportation,La Rue St. And Wyoming St. - Cockrell Hill Rd. To La Rue St.,V002,Alley Petitions,2017 Bonds,3,10/2022,94000,40299,53701,0,0,94000,0,,
2021,172,Street & Transportation,Lake Highlands Trail From White Rock Creek Trail to Skillman,S617,Hike and Bike Trails,2006 Bonds / 2012 Bonds,Citywide,09/2023,866088,796412,69675,0,0,866088,0,,
2021,172,Street & Transportation,Lamar (S) from IH 45 to Hatcher,S396,Complete Street,2012 Bonds,Citywide,11/2021,9353227,9263686,89541,0,0,9353227,0,,
2021,"172, 173",Street & Transportation,Lamar Streetscape Project,W045,Design Streetscape-Urban,2006 Bonds / 2017 Bonds,"2, 14",11/2023,2424882,314201,2110681,0,0,2424882,0,,
2021,173,Street & Transportation,Lamplighter Ln from Meadow Crest Dr to Del Roy Dr,V846,Street Resurfacing,2017 Bonds,12,09/2022,15351,0,15351,0,0,15351,0,,
2021,173,Street & Transportation,Lanshire Dr From Chiswell Rd To Audelia Rd,V269,Street Reconstruction,2017 Bonds,10,12/2022,85249,93833,-8585,546339,0,631588,0,2022,2022
2021,173,Street & Transportation,Laurel Hill Dr From Budeudy Dr To End Of Pavement,V264,Street Reconstruction,2017 Bonds,8,10/2022,94098,21924,72174,0,0,94098,0,,
2021,173,Street & Transportation,Laurel Hill Dr from Kleberg Rd to Budeudy Dr,V211,Street Reconstruction,2017 Bonds,8,10/2022,577820,56594,521226,0,0,577820,0,,
2021,173,Street & Transportation,LBJ/Skillman Intersection Improvements,V133,Partnership Projects Intergovernmental,2017 Bonds,10,10/2024,1196114,66571,1129543,0,3948028,5144142,0,2023,2023
2021,173,Street & Transportation,Ledbetter / Grady Niblo Ext - Merrifield,U219,Partnership Projects Intergovernmental,2006 Bonds,10,12/2024,44065,10009,34056,0,0,44065,0,,
2021,173,Street & Transportation,Ledbetter Dr (E) From Kolloch Dr to Mayforge Dr,S454,Street Reconstruction,2006 Bonds / 2012 Bonds / 2017 Bonds,5,12/2024,460425,32949,427476,0,0,460425,0,,
2021,174,Street & Transportation,Lemmon Ave E from Lemmon Ave E to Oak Grove Ave,V297,Street Reconstruction,2017 Bonds,14,04/2024,577490,32492,544998,0,0,577490,0,,
2021,174,Street & Transportation,Lemmon Ave E from Noble Ave to McKinney Ave,V904,Street Resurfacing,2017 Bonds,14,09/2022,161240,161240,0,98613,0,259853,0,2022,2022
2021,174,Street & Transportation,Lemmon Ave from Douglas Ave to Wycliff A,V296,Street Reconstruction,2012 Bonds,14,11/2022,256121,256121,0,0,0,256121,0,,
2021,174,Street & Transportation,Lemmon Ave from Douglas Ave to Wycliff Ave,V296,Street Reconstruction,2017 Bonds,14,11/2022,8592,19716,-11125,0,894881,903473,0,2023,2023
2021,174,Street & Transportation,Lemmon Ave from Lemmon Ave to Howell St,V900,Street Resurfacing,2017 Bonds,14,04/2023,98990,98990,0,98990,0,197980,0,2022,2022
2021,174,Street & Transportation,Lemmon Ave from Reagan St to Throckmorton St,V922,Street Resurfacing,2017 Bonds,14,09/2022,197091,197091,0,195956,0,393047,0,2022,2022
2021,174,Street & Transportation,Lemmon Ave from Throckmorton St to Knight St,V944,Street Resurfacing,2017 Bonds,6,09/2022,256329,256329,0,236876,0,493205,0,2022,2022
2021,174,Street & Transportation,Lenel PL (Partnership with District 2) from Clover Ln to Wemdon Dr,V208,Street Reconstruction,2017 Bonds,6,05/2022,943416,948778,-5361,0,0,948778,0,,
2021,175,Street & Transportation,Lenel Pl [Partnership with District 6] From Clover Ln To Wemdon Dr,V240,Street Reconstruction,2017 Bonds,2,03/2022,1033397,1035724,-2327,0,0,1035724,0,,
2021,175,Street & Transportation,Lenel Pl From Lively Ln To Clover Ln,V258,Street Reconstruction,2017 Bonds,6,03/2022,1342096,1347555,-5459,0,0,1347555,0,,
2021,175,Street & Transportation,Lenel Pl from Wemdon Dr to Mixon Dr,V207,Street Reconstruction,2017 Bonds,6,05/2022,1415938,1419938,-4000,201095,0,1617033,0,2022,2022
2021,175,Street & Transportation,Linkwood Dr from Ferndale Rd to Lockhaven Dr,V741,Street Resurfacing,2017 Bonds,9,09/2022,152018,152018,0,0,0,152018,0,,
2021,175,Street & Transportation,Lippitt Ave from Jupiter Rd to Mayfair Blvd,V715,Street Resurfacing,2017 Bonds,2,09/2022,115008,115008,0,0,0,115008,0,,
2021,175,Street & Transportation,Lippitt Ave from Sahara Way to Neering Dr,V673,Street Resurfacing,2017 Bonds,9,09/2022,53885,53885,0,0,0,53885,0,,
2021,175,Street & Transportation,Lockhart Ave from Rustown Dr to Shiloh Dr,V775,Street Resurfacing,2017 Bonds,10,09/2022,481572,481572,0,0,0,481572,0,,
2021,175,Street & Transportation,Lockhaven Dr From E Northwest Hwy To Lockyer Dr,V271,Street Reconstruction,2017 Bonds,10,06/2021,350319,353096,-2777,104546,0,454865,0,2022,2022
2021,175,Street & Transportation,Lockhaven Dr From Lockyer Dr To Lynford Dr,V270,Street Reconstruction,2017 Bonds,10,06/2021,465782,467700,-1918,4273,0,470055,0,2022,2022
2021,175,Street & Transportation,Lockhaven Dr from Lynford Dr to Lanshire Dr,V218,Street Reconstruction,2017 Bonds,10,06/2021,211821,213833,-2012,54724,0,266545,0,2022,2022
2021,176,Street & Transportation,Loree Dr from Carnegie Dr to Mercer Dr,V778,Street Resurfacing,2017 Bonds,8,10/2021,57110,57110,1,0,0,57110,0,,
2021,176,Street & Transportation,Loving Ave from Pasadena Ave to Winsted,V706,Street Resurfacing,2017 Bonds,9,09/2022,35466,35466,0,0,0,35466,0,,
2021,176,Street & Transportation,Loving Ave from Shook Ave to Wildgrove Ave,V687,Street Resurfacing,2017 Bonds,11,09/2022,65719,65719,0,0,0,65719,0,,
2021,176,Street & Transportation,Lynford Dr from Ferndale Rd to Lockhaven Dr,V219,Street Reconstruction,2017 Bonds,10,06/2021,516561,518944,-2383,223374,0,739935,0,2022,2022
2021,176,Street & Transportation,Main St From Good Latimer To Exposition,S397,Free Sidewalk and Ramp Improvements Barrier,2012 Bonds,2,09/2022,1120057,161494,958563,0,0,1120057,0,,
2021,176,Street & Transportation,Maple Ave From 700 South Of Mockingbird Ln To Mockingbird Ln,S316,Street Reconstruction,2012 Bonds / 2017 Bonds,2,12/2023,189483,157447,32036,0,0,189483,0,,
2021,176,Street & Transportation,Maple Ave From Mahon St To Cedar Springs Rd,V314,Thoroughfares,2017 Bonds,14,04/2022,512769,518660,-5891,0,0,518660,0,,
2021,176,Street & Transportation,Maple Ave from McKinney Ave to Mahon St,V298,Street Reconstruction,2017 Bonds,14,12/2022,1818811,811486,1007325,0,0,1818811,0,,
2021,176,Street & Transportation,Maple Ave From Randall St To Wolf St,V315,Thoroughfares,2017 Bonds,14,04/2022,875990,881567,-5577,184023,0,1060013,0,2022,2022
2021,176,Street & Transportation,Maple Glen Dr from A3677 to Westbend Dr,V661,Street Resurfacing,2017 Bonds,10,09/2021,309,0,309,0,0,309,0,,
2021,177,Street & Transportation,Maple Routh Conn from Thomas Ave to McKinney Ave,V917,Street Resurfacing,2017 Bonds,14,09/2022,0,0,0,139430,0,139430,0,2022,2022
2021,177,Street & Transportation,Marfa Ave From Biglow St To Easter Ave,V251,Street Reconstruction,2017 Bonds,4,12/2024,13098,4995,8103,0,813456,826554,0,2023,2023
2021,177,Street & Transportation,Marfa Ave from Fernwood Ave to S Lancaster Rd,V201,Street Reconstruction,2017 Bonds,4,12/2024,22337,11965,10371,0,1183512,1205849,0,2023,2023
2021,177,Street & Transportation,Marlin Dr from Modlin St to La Prada Dr,V711,Street Resurfacing,2017 Bonds,9,09/2022,175136,175136,0,0,0,175136,0,,
2021,177,Street & Transportation,Mayforge Dr From Le Forge Ave to E Ledbe,S455,Street Reconstruction,2006 Bonds / 2012 Bonds,5,08/2021,144594,138287,6307,0,0,144594,0,,
2021,177,Street & Transportation,Maywood Ave from Frio Dr to S Denley Dr,V202,Street Reconstruction,2017 Bonds,4,01/2023,138188,142743,-4555,949880,0,1088068,0,2022,2022
2021,177,Street & Transportation,Mc Kinney Ave Pedestrian Safety Improvement,V171,Free Sidewalk and Ramp Improvements Barrier,2017 Bonds,14,12/2023,710000,18441,691559,0,0,710000,0,,
2021,177,Street & Transportation,McCommas Blvd from McMillan Ave to Worcola St,V233,Street Reconstruction,2017 Bonds,14,12/2023,81467,89236,-7768,0,539438,620905,0,2023,2023
2021,177,Street & Transportation,McKinney Ave from Allen St to Oak Grove Ave,V972,Street Resurfacing,2017 Bonds,14,09/2023,0,0,0,117752,0,117752,0,2022,2022
2021,178,Street & Transportation,McKinney Ave from Boll St to Worthington St,V974,Street Resurfacing,2017 Bonds,14,09/2023,0,0,0,114905,0,114905,0,2022,2022
2021,178,Street & Transportation,McKinney Ave from Fairmount St to Routh St,V975,Street Resurfacing,2017 Bonds,14,09/2023,0,0,0,116345,0,116345,0,2022,2022
2021,178,Street & Transportation,McKinney Ave from Maple Routh Conn to Leonard St,V979,Street Resurfacing,2017 Bonds,14,09/2023,0,0,0,67159,0,67159,0,2022,2022
2021,178,Street & Transportation,McKinney Ave from N Hall St to Lemmon Ave,V976,Street Resurfacing,2017 Bonds,14,09/2022,0,0,0,155516,0,155516,0,2022,2022
2021,178,Street & Transportation,McKinney Ave from Routh St to Boll St,V973,Street Resurfacing,2017 Bonds,14,09/2023,0,0,0,112333,0,112333,0,2022,2022
2021,178,Street & Transportation,McKinney Ave from Worthington St to Allen St,V978,Street Resurfacing,2017 Bonds,11,09/2023,0,0,0,128351,0,128351,0,2022,2022
2021,178,Street & Transportation,McKinney Ave/Cole Two Way Conversion,V137,Partnership Projects Intergovernmental,2017 Bonds,14,12/2023,8000000,177236,7822764,0,0,8000000,0,,
2021,178,Street & Transportation,Meadow Crest Dr From Inwood Road To Lamplighter Lane,V286,Street Reconstruction,2017 Bonds,13,04/2022,713894,712165,1729,67146,0,781040,0,2022,2022
2021,178,Street & Transportation,Meadow Park Dr from Stone Canyon Rd to Regal Park Ln,V225,Street Reconstruction,2017 Bonds,11,01/2024,77544,74024,3520,0,697899,775443,0,2023,2023
2021,179,Street & Transportation,Meandering Way from Alpha Rd to Purple Sage Rd,V910,Street Resurfacing,2017 Bonds,11,09/2022,140066,140843,-777,558541,0,698607,0,2022,2022
2021,179,Street & Transportation,Merit Dr From Clodus Fields Dr To Churchill Way,V311,Thoroughfares,2017 Bonds,11,12/2024,245406,247957,-2551,0,2325680,2571086,0,2023,2023
2021,179,Street & Transportation,Merit From Church Hill Way To LBJ,V302,Thoroughfares,2017 Bonds,11,12/2024,291648,295880,-4233,0,2719459,3011107,0,2023,2023
2021,179,Street & Transportation,Michigan Ave from E Illinois Ave to E Oh,V321,Street Resurfacing,2017 Bonds,4,04/2022,2474,2474,0,0,0,2474,0,,
2021,179,Street & Transportation,Middlebury Dr from Rockhurst Dr to Rutgers Dr,V754,Street Resurfacing,2017 Bonds,9,09/2022,30596,30596,0,0,0,30596,0,,
2021,179,Street & Transportation,Middlebury Dr from Rutgers Dr to Haverford Dr,V566,Street Resurfacing,2017 Bonds,5,Ongoing,106570,106570,0,0,0,106570,0,,
2021,179,Street & Transportation,Milhof Dr From Barnes Bridge Rd To Plummer Dr,V267,Street Reconstruction,2017 Bonds,9,04/2023,154083,158749,-4666,885921,0,1040004,0,2022,2022
2021,179,Street & Transportation,Military Parkway from Elva Ave to Rockbluff Dr (Complete Street),V989,Street Reconstruction,2017 Bonds,5,03/2023,252387,254952,-2565,0,1757051,2009438,0,2023,2023
2021,179,Street & Transportation,Mimms Dr from Featherwood Dr to Mimms Dr,V229,Street Reconstruction,2017 Bonds,12,07/2021,793774,803180,-9407,0,0,803180,0,,
2021,179,Street & Transportation,Mimosa Ln from Edgemere Rd to Hillcrest Rd,V231,Street Reconstruction,2017 Bonds,13,12/2022,162741,167840,-5099,1406603,0,1569344,0,2022,2022
2021,180,Street & Transportation,Mingo Street From Dolphin To Gault,S439,Street Reconstruction,2012 Bonds,7,12/2021,849248,846152,3096,0,0,849248,0,,
2021,180,Street & Transportation,MLK from RB Cullum to SM Wright,S398,Complete Street,2006 Bonds / 2012 Bonds,Citywide,11/2021,606036,605552,484,0,0,606054,0,,
2021,180,Street & Transportation,Modern Streetcar Extension,W072,Partnership Projects Intergovernmental,2006 Bonds,"1, 2, 14",12/2025,2000,522,1478,0,0,2000,0,,
2021,180,Street & Transportation,Modlin St from Hillglenn Rd to Marlin Dr,V674,Street Resurfacing,2017 Bonds,9,09/2022,93570,93570,0,0,0,93570,0,,
2021,180,Street & Transportation,Montague Ave from Yewpon Ave to Ramona,V203,Street Reconstruction,2017 Bonds,4,04/2024,117551,125685,-8134,0,957618,1075169,0,2023,2023
2021,180,Street & Transportation,Montie St From Scyene Rd To Junction St,S440,Street Reconstruction,2012 Bonds,7,07/2021,1080186,1041414,38772,0,0,1080186,0,,
2021,180,Street & Transportation,Morgan Dr From Plaza Blvd To Nandina Dr,V308,Thoroughfares,2017 Bonds,8,04/2024,249787,245538,4249,0,439992,689779,0,2023,2023
2021,180,Street & Transportation,Morningside Ave from Worcola St to Greenville Ave,V819,Street Resurfacing,2017 Bonds,9,09/2022,107016,107016,0,107016,0,214032,0,2022,2022
2021,180,Street & Transportation,Morrell Ave From Bonnie View Rd To High St,V306,Thoroughfares,2017 Bonds,4,04/2024,99188,106675,-7487,0,362897,462085,0,2023,2023
2021,"180, 181",Street & Transportation,Motor St - IH 35E to Medical Center Dr,U222,Partnership Projects Intergovernmental,2006 Bonds / 2017 Bonds / Capital Reimbursement Projects,2,12/2021,16180094,2387460,13792634,0,0,16180094,0,,
2021,181,Street & Transportation,Murray St From Main St To Canton St,V241,Street Reconstruction,2017 Bonds,2,12/2023,109129,131762,-22634,419326,0,528455,0,2022,2022
2021,181,Street & Transportation,Myers Cir from Myers Cir to Elam Rd,V212,Street Reconstruction,2017 Bonds,8,01/2023,102946,95136,7810,926513,0,1029459,0,2022,2022
2021,181,Street & Transportation,N Arcadia Dr From S Ira Ave S Tillery Ave,V998,Target Neighborhood,2017 Bonds,6,12/2023,99238,102553,-3316,0,844439,943677,0,2023,2023
2021,181,Street & Transportation,N Cliff St From Hutchins Ave To Reverend Cbt Smith St,V252,Street Reconstruction,2017 Bonds,4,09/2025,46282,48543,-2261,398540,0,444822,0,2022,2022
2021,181,Street & Transportation,N Fitzhugh Ave from Abbott Ave to Turtle Creek Bnd,V905,Street Resurfacing,2017 Bonds,14,09/2022,179218,179218,1,0,0,179218,0,,
2021,181,Street & Transportation,N Fitzhugh Ave from McKinney Ave to Cole Ave,V299,Street Reconstruction,2017 Bonds,14,11/2023,84309,87072,-2763,0,873302,957611,0,2023,2023
2021,181,Street & Transportation,N Hall St From Cochran St To Central Expwy Srv Rd,V318,Thoroughfares,2017 Bonds,14,01/2024,516797,77101,439696,0,0,516797,0,,
2021,181,Street & Transportation,N Hall St from Floyd St to Swiss Ave,V881,Street Resurfacing,2017 Bonds,13,09/2021,2850,0,2850,0,0,2850,0,,
2021,181,Street & Transportation,N Hall St from Gaston Ave to Floyd St,V869,Street Resurfacing,2017 Bonds,14,09/2021,3575,0,3575,0,0,3575,0,,
2021,181,Street & Transportation,N Hall St From Munger Ave To Cochran St,V317,Thoroughfares,2017 Bonds,14,01/2024,359856,85095,274761,0,0,359856,0,,
2021,182,Street & Transportation,N Hall St from Oak Lawn Ave to Reagan St,V838,Street Resurfacing,2017 Bonds,14,11/2021,138871,138871,0,88871,0,227742,0,2022,2022
2021,182,Street & Transportation,N Hall St From Ross Ave To Munger Blvd,V316,Thoroughfares,2017 Bonds,14,01/2024,972235,94024,878211,0,0,972235,0,,
2021,182,Street & Transportation,N Hall St from Welborn St to Oak Lawn Ave,V837,Street Resurfacing,2017 Bonds,14,11/2021,144101,144101,0,86710,0,230811,0,2022,2022
2021,182,Street & Transportation,N Hampton Rd from I-30 W Commerce St,V969,Street Resurfacing,2017 Bonds,4,09/2023,0,0,0,955255,0,955255,0,2022,2022
2021,182,Street & Transportation,N Ira Ave From N Arcadia Dr To W Jefferson Blvd,V999,Target Neighborhood,2017 Bonds,6,12/2023,76403,78217,-1814,0,589168,665571,0,2023,2023
2021,182,Street & Transportation,N Lancaster Ave From E. Colorado Blvd To Addison St,V238,Street Reconstruction,2017 Bonds,1,12/2023,62045,53758,8287,0,371320,433365,0,2023,2023
2021,182,Street & Transportation,N Morocco Ave From Goodman St To N Justin Ave,V259,Street Reconstruction,2017 Bonds,6,12/2023,73399,77451,-4052,0,629093,702492,0,2023,2023
2021,182,Street & Transportation,N Munger Blvd from Gaston Ave to Live Oak,V915,Street Resurfacing,2017 Bonds,5,02/2022,620165,620165,0,620165,0,1240330,0,2022,2022
2021,182,Street & Transportation,N Munger Blvd from Junius St to Gaston Ave,V301,Street Reconstruction,2017 Bonds,14,11/2023,134218,104845,29373,0,714320,848538,0,2023,2023
2021,182,Street & Transportation,N Munger Blvd from Tremont St to Worth St,V300,Street Reconstruction,2017 Bonds,14,11/2023,126561,103049,23512,0,568840,695401,0,2023,2023
2021,183,Street & Transportation,N Munger Blvd From Worth St To Junius St,V319,Thoroughfares,2017 Bonds,14,11/2023,122798,99917,22882,0,497357,620155,0,2023,2023
2021,183,Street & Transportation,N Pearl St/Flora St Streetscape & Pedestrian Improvements,V982,Design Streetscape-Urban,2017 Bonds,14,06/2025,38500,4481,34019,480750,480750,1000000,0,2022,2023
2021,183,Street & Transportation,N Walton St From Elm St To End Of Pavement,V242,Street Reconstruction,2017 Bonds,2,12/2023,126414,75196,51219,369710,0,496124,0,2022,2022
2021,183,Street & Transportation,Nagle St from Denton Dr to Overlake Dr,V209,Street Reconstruction,2017 Bonds,6,12/2024,145100,165776,-20676,0,1005410,1150510,0,2023,2023
2021,183,Street & Transportation,Neering Dr from Lippitt Ave to Lanewood Cir,V700,Street Resurfacing,2017 Bonds,10,09/2022,74671,74671,0,0,0,74671,0,,
2021,183,Street & Transportation,Norcross Ln from Castlegate Dr to Marsh Ln,V842,Street Resurfacing,2017 Bonds,9,09/2023,0,0,0,246754,0,246754,0,2022,2022
2021,183,Street & Transportation,North Boulevard Terrace Extension- Bridget To Plymouth,V991,Target Neighborhood,2017 Bonds,1,05/2024,323657,327625,-3969,0,1831584,2155241,0,2023,2023
2021,183,Street & Transportation,Northaven Rd from Marsh Ln to Cox Ln,V568,Street Resurfacing,2017 Bonds,13,09/2022,0,372361,-372361,372361,0,372361,0,2022,2022
2021,183,Street & Transportation,Northaven Rd from Royalshire Dr to Crest Brook Dr,V226,Street Reconstruction,2017 Bonds,11,12/2022,80029,67173,12856,719394,0,799423,0,2022,2022
2021,183,Street & Transportation,Northbound S Westmoreland At Kimball High Sch Parking Lot,V304,Thoroughfares,2017 Bonds,3,10/2022,149539,155145,-5606,807912,0,957451,0,2022,2022
2021,184,Street & Transportation,Northcliff Dr from Bondstone Dr to Classen Dr,V729,Street Resurfacing,2017 Bonds,10,09/2022,86265,86265,1,0,0,86265,0,,
2021,184,Street & Transportation,Northcreek Ln from L B J Serv N to End of Pavement,V227,Street Reconstruction,2017 Bonds,11,12/2022,79533,70884,8648,714929,0,794462,0,2022,2022
2021,184,Street & Transportation,Northlake Dr from Coolair Dr to Kirkwood Dr,V764,Street Resurfacing,2017 Bonds,9,09/2022,157231,157231,0,0,0,157231,0,,
2021,184,Street & Transportation,Northlake Dr from Kirkwood Dr to Hambrick Rd,V766,Street Resurfacing,2017 Bonds,4,09/2022,108251,108251,0,0,0,108251,0,,
2021,184,Street & Transportation,Northwest Highway/Preston Parking/ Transportation Interface,V141,Partnership Projects Intergovernmental,2017 Bonds,13,12/2025,100000,9900,90100,1000000,8895503,9995503,0,2022,2023
2021,184,Street & Transportation,Oak Lawn-Cedar Springs Area Improvements,V156,Free Sidewalk and Ramp Improvements Barrier,2017 Bonds,2,06/2024,513144,514180,-1036,0,0,514180,0,,
2021,184,Street & Transportation,Oak Plaza from Kleberg Rd to End of Pavement,V213,Street Reconstruction,2017 Bonds,8,10/2022,706482,60463,646019,0,0,706482,0,,
2021,184,Street & Transportation,Old Gate Ln from San Leandro Dr to Groveland Dr,V672,Street Resurfacing,2017 Bonds,2,09/2022,50009,50009,0,0,0,50009,0,,
2021,184,Street & Transportation,Pacific Plaza Traffic Signal Upgrade,W311,Traffic Signals,Capital Reimbursement Projects,14,12/2021,375000,639971,-264971,0,0,639971,0,,
2021,185,Street & Transportation,Palisade Dr From N Prairie Creek Rd To Riverway Dr,V255,Street Reconstruction,2017 Bonds,5,01/2022,761032,776998,-15966,170821,0,931853,0,2022,2022
2021,185,Street & Transportation,Palo Pinto Ave. And Velasco Ave - Concho St. To Skillman St,V006,Alley Petitions,2017 Bonds,14,02/2024,64840,74391,-9551,0,119255,184095,0,2023,2023
2021,185,Street & Transportation,Park Grove Ln (18627-18851) and Kirkmead,S294,Alley Reconstruction,2012 Bonds,Citywide,09/2022,423419,422558,861,0,0,423419,0,,
2021,185,Street & Transportation,Park Lane - US 75 to Greenville,U227,Partnership Projects Intergovernmental,2017 Bonds / 2006 Bonds,13,12/2022,500155,366059,134097,0,0,500155,0,,
2021,185,Street & Transportation,Park Lane from Boedecker to US75,U226,Partnership Projects Intergovernmental,2006 Bonds / 2017 Bonds,13,07/2021,1878568,1180316,698252,0,0,1878568,0,,
2021,185,Street & Transportation,Park Lane from Greenville to Fair Oaks,V899,Street and Improvements Alley,2017 Bonds,13,06/2025,0,0,0,558541,0,558541,0,2022,2022
2021,185,Street & Transportation,Park Ln from Hillcrest Rd to Sarah Nash Ct,V930,Street Resurfacing,2017 Bonds,4,09/2023,0,0,0,701085,0,701085,0,2022,2022
2021,185,Street & Transportation,Park Manor Dr From Simpson Stuart Rd To Happy Canyon Dr,V265,Street Reconstruction,2017 Bonds,8,10/2022,137757,43049,94708,0,0,137757,0,,
2021,186,Street & Transportation,Park Row Ave From South Central Expy to Jeffries St- Lighting,V175,Street and Improvements Alley,2017 Bonds,7,12/2023,0,0,0,424000,0,424000,0,2022,2022
2021,186,Street & Transportation,Pearson Dr from Avalon Ave to Lakewood Blvd,V702,Street Resurfacing,2017 Bonds,4,09/2022,85304,85304,0,0,0,85304,0,,
2021,186,Street & Transportation,Pedestrian Way On Elm St Between Ervay - Stone St,U748,Design Streetscape-Urban,2006 Bonds / 2017 Bonds,Citywide,10/2021,466934,0,466934,0,0,466934,0,,
2021,186,Street & Transportation,Pemberton Hill from Great Trinity Forest,VA10,Thoroughfares,2006 Bonds,"5, 7, 8",10/2023,462779,462779,0,0,0,462779,0,,
2021,186,Street & Transportation,Pemberton Hill from Great Trinity Forest to Lake June,VA10,Thoroughfares,2017 Bonds,"5, 7, 8",10/2023,8855785,253605,8602180,0,3856067,12711852,0,2023,2023
2021,186,Street & Transportation,Phoenix from Fair Oaks to Holly Hill,S609,Target Neighborhood,2017 Bonds,13,04/2023,857623,853623,4000,0,0,857623,0,,
2021,186,Street & Transportation,Pierce St from St Rita Dr to W Kiest Blvd,V196,Street Reconstruction,2017 Bonds,3,11/2023,193581,136742,56839,0,1184323,1377904,0,2023,2023
2021,186,Street & Transportation,Polk/Tyler Roundabouts,P894,Partnership Projects Intergovernmental,2006 Bonds / 2012 Bonds,Citywide,07/2021,3892687,3486877,405810,0,0,3892687,0,,
2021,187,Street & Transportation,Prairie Creek Bridge over UPRR Tracks,V143,Partnership Projects Intergovernmental,2017 Bonds / Capital Reimbursement Projects,7,08/2025,2398979,2423265,-24286,5545184,1082818,10629341,0,2022,2023
2021,187,Street & Transportation,Preakness Ln from Polarity Dr to S Walton Walker Serv E,V197,Street Reconstruction,2017 Bonds,3,11/2023,149185,137324,11860,0,1288420,1437605,0,2023,2023
2021,187,Street & Transportation,Princess Ln from Marquis Ln to Marsh Ln,V697,Street Resurfacing,2017 Bonds,13,10/2022,661869,780734,-118864,448095,0,1109964,0,2022,2022
2021,187,Street & Transportation,Province Ln from Tellerson Ave to Casa Oaks Dr,V691,Street Resurfacing,2017 Bonds,9,09/2022,211631,0,211631,0,0,211631,0,,
2021,187,Street & Transportation,Public Art Administration- Public Works,PA59,Public Art,2017 Bonds,13,07/2022,46647,15710,30937,0,0,46647,0,,
2021,187,Street & Transportation,Public Art Projects- Public Works,PA58,Public Art,2017 Bonds,Citywide,12/2021,186584,0,186584,0,0,186584,0,,
2021,187,Street & Transportation,Quebec St From Sharp St To Mockingbird Ln,V260,Street Reconstruction,2017 Bonds,6,09/2023,802015,89611,712404,0,0,802015,0,,
2021,187,Street & Transportation,Rail Road Crossing Quiet Zones,V142,Partnership Projects Intergovernmental,2017 Bonds,Citywide,06/2022,543000,425159,117841,0,0,543000,0,,
2021,187,Street & Transportation,Ravendale Ln from Belford Dr to Rockaway Dr,V743,Street Resurfacing,2017 Bonds,5,09/2022,149102,0,149102,0,0,149102,0,,
2021,188,Street & Transportation,Ravendale Ln from Lange Cir to Belford Dr,V730,Street Resurfacing,2017 Bonds,9,09/2022,218868,0,218868,0,0,218868,0,,
2021,188,Street & Transportation,Rayenell Ave from Hodde St to CF Hawn Serv S,V205,Street Reconstruction,2017 Bonds,5,12/2024,264155,203435,60720,1469471,0,1733626,0,2022,2022
2021,188,Street & Transportation,Redstart Ln from Lyre Ln to Santa Barbara Dr,V669,Street Resurfacing,2017 Bonds,9,09/2022,150817,0,150817,0,0,150817,0,,
2021,188,Street & Transportation,Regent Dr from Cromwell Dr to Lathrop Dr,V712,Street Resurfacing,2017 Bonds,9,09/2022,465990,532519,-66529,255878,0,721868,0,2022,2022
2021,188,Street & Transportation,Remove Dip On Eb Royal Ln 400 Ft East Of Greenville Ave,V309,Thoroughfares,2017 Bonds,10,04/2022,7500,1568,5932,0,67500,75000,0,2023,2023
2021,188,Street & Transportation,Rexton Ln from Glennox Ln to E Lovers Ln,V797,Street Resurfacing,2017 Bonds,8,09/2023,0,0,0,61446,0,61446,0,2022,2022
2021,188,Street & Transportation,Richmond Ave At Skillman St Intersection Improvements,VA25,Traffic Capacity & Improvements Safety Intersection,2017 Bonds,14,06/2022,350212,95084,255128,0,0,350212,0,,
2021,188,Street & Transportation,Richmond Ave from Matilda St to Skillman St,V620,Street Resurfacing,2017 Bonds,14,09/2021,1274616,5673,1268943,0,0,1274616,0,,
2021,188,Street & Transportation,Ridgecrest Rd. - Holly Hill Dr. To Sopac Tr E Of Eastridge,V186,Street Petitions,2017 Bonds,13,11/2024,532136,536852,-4717,0,4995006,5527142,0,2023,2023
2021,188,Street & Transportation,Ridgedale Ave from McMillan Ave to Worcola St,V234,Street Reconstruction,2017 Bonds,14,02/2024,185904,4975,180929,0,0,185904,0,,
2021,189,Street & Transportation,Ridgemeadow Dr from Lochwood Blvd to Midlake Dr,V738,Street Resurfacing,2017 Bonds,9,09/2022,83761,0,83761,0,0,83761,0,,
2021,189,Street & Transportation,Ridgemont Dr from Highgate Ln to Santa Anita Dr,V723,Street Resurfacing,2017 Bonds,5,09/2022,155722,0,155722,0,0,155722,0,,
2021,189,Street & Transportation,Ring St from East Grand Ave to Hay St,V713,Street Resurfacing,2017 Bonds,2,09/2022,63093,63093,0,82429,0,145522,0,2022,2022
2021,189,Street & Transportation,Rio Grande Cir from Rio Grande Ave to Kimball Ridge Dr,V595,Street Resurfacing,2017 Bonds,3,09/2021,5275,0,5275,0,0,5275,0,,
2021,189,Street & Transportation,Rio Verde Way from Shiloh Rd to Kilkirk Ln,V652,Street Resurfacing,2017 Bonds,9,04/2022,198000,0,198000,0,0,198000,0,,
2021,189,Street & Transportation,Riverfront From Uppr Tracks To Cadiz,V134,Partnership Projects Intergovernmental,2017 Bonds,1,06/2025,4600000,0,4600000,0,0,4600000,0,,
2021,189,Street & Transportation,Rolling Rock Ln from Hackney Ln to Fern Hollow Dr,V220,Street Reconstruction,2017 Bonds,10,12/2023,97213,99457,-2243,0,435567,532780,0,2023,2023
2021,189,Street & Transportation,Rosemont Rd From Buckner To Hillburn,V996,Target Neighborhood,2017 Bonds,5,12/2023,178215,181538,-3323,0,1362625,1540840,0,2023,2023
2021,189,Street & Transportation,Rosemont Rd From Hillburn To Jim Miller,V997,Target Neighborhood,2017 Bonds,5,12/2023,426261,427856,-1595,0,2862091,3288352,0,2023,2023
2021,189,Street & Transportation,Rothington Rd From Chariot Dr To S Buckner Blvd,V166,Free Sidewalk and Ramp Improvements Barrier,2017 Bonds,7,07/2022,41216,0,41216,0,0,41216,0,,
2021,"189, 190",Street & Transportation,Routh St Gateway Streetscape And Pedestian Improvements,V983,Design Streetscape-Urban,2017 Bonds,14,09/2023,250000,4691,245309,0,0,250000,0,,
2021,190,Street & Transportation,Royal Ln from Ashcroft Ave to Greenville Ave,V967,Street Resurfacing,2017 Bonds,10,09/2022,0,0,0,500238,0,500238,0,2022,2022
2021,190,Street & Transportation,Royal Ln from Brockbank Dr to Coogan Dr,V923,Street Resurfacing,2017 Bonds,13,09/2022,338954,338954,0,455127,0,794081,0,2022,2022
2021,190,Street & Transportation,Royal Ln from Cromwell Dr to Marsh Ln,V891,Street Resurfacing,2017 Bonds,13,09/2022,0,0,0,670000,0,670000,0,2022,2022
2021,190,Street & Transportation,Royal Ln from Harry Hines Blvd to Grissom Ln,V951,Street Resurfacing,2017 Bonds,6,06/2022,584815,0,584815,0,0,584815,0,,
2021,190,Street & Transportation,Rugged Dr from Berkley Ave to Ferndale Ave,V189,Street Reconstruction,2017 Bonds,1,11/2022,956004,566892,389111,0,0,956004,0,,
2021,190,Street & Transportation,Ruidosa Ave from Featherbrook Dr to Cotillion Dr,V727,Street Resurfacing,2017 Bonds,7,05/2022,198501,0,198501,0,0,198501,0,,
2021,190,Street & Transportation,S Murdeaux Ln from Great Trinity Forest Way to Olusta Dr,V214,Street Reconstruction,2017 Bonds,8,02/2023,70036,65461,4575,630327,0,700363,0,2022,2022
2021,190,Street & Transportation,S Patton Ave from E 10th St to E. Jefferson Blvd,V190,Street Reconstruction,2017 Bonds,1,12/2023,66565,71981,-5416,0,327747,394312,0,2023,2023
2021,191,Street & Transportation,S Van Buren Ave from W Pembroke Ave to Page Ave,V191,Street Reconstruction,2017 Bonds,1,11/2022,595673,563698,31976,0,0,595673,0,,
2021,191,Street & Transportation,San Diego Dr from Shiloh Rd to Santa Anna Ave,V782,Street Resurfacing,2017 Bonds,5,04/2022,335283,180848,154435,0,0,335283,0,,
2021,191,Street & Transportation,San Jacinto St From N Pearl St To Crockett St,V291,Street Reconstruction,2017 Bonds,14,11/2023,66291,69364,-3074,0,359702,425993,0,2023,2023
2021,191,Street & Transportation,San Juan Ave from Newcombe Dr to Crest Ridge Dr,V772,Street Resurfacing,2017 Bonds,2,09/2022,172289,0,172289,0,0,172289,0,,
2021,191,Street & Transportation,San Marcus Ave from Lingo Ln to Ferguson Rd,V703,Street Resurfacing,2017 Bonds,9,09/2022,154213,0,154213,0,0,154213,0,,
2021,191,Street & Transportation,Santa Anna Ave from Shiloh Rd to Vista Mar Dr,V747,Street Resurfacing,2017 Bonds,9,05/2022,202379,0,202379,0,0,202379,0,,
2021,191,Street & Transportation,Santa Barbara Dr from Santa Maria Ln to E Mockingbird Ln,V771,Street Resurfacing,2017 Bonds,8,09/2022,171877,0,171877,0,0,171877,0,,
2021,191,Street & Transportation,Santa Fe Ave from Clermont Ave to Monte Vista Dr,V817,Street Resurfacing,2017 Bonds,8,09/2022,0,0,0,61294,0,61294,0,2022,2022
2021,191,Street & Transportation,Santa Fe Ave from Cordova St to Clermont Ave,V826,Street Resurfacing,2017 Bonds,14,09/2022,0,0,0,56595,0,56595,0,2022,2022
2021,192,Street & Transportation,Sapling Way From Clearsprings Rd To Greenhollow Ln,V281,Street Reconstruction,2017 Bonds,11,12/2023,22622,28625,-6003,0,245913,268535,0,2023,2023
2021,192,Street & Transportation,Shaw St from Navaro St to Harston St,V210,Street Reconstruction,2017 Bonds,6,12/2023,97885,101057,-3172,0,880970,978855,0,2023,2023
2021,192,Street & Transportation,Sidewalk and Barrier Free Ramp Improvements - Council Disrict Projects,P709,Free Sidewalk and Ramp Improvements Barrier,2017 Bonds,10,09/2021,157698,0,157698,0,0,157698,0,,
2021,192,Street & Transportation,Sidewalk and Barrier Free Ramp Improvements District 2,S416,Free Sidewalk and Ramp Improvements Barrier,2012 Bonds,Citywide,Ongoing,8951,8942,9,0,0,8951,0,,
2021,192,Street & Transportation,Sidewalks 50/50 And ADA Ramps,V146,Free Sidewalk and Ramp Improvements Barrier,2012 Bonds / 2017 Bonds,Citywide,05/2022,6147066,5147721,999345,4148594,0,10295660,0,2022,2022
2021,192,Street & Transportation,Simpson Stuart Rd From Bonnie View Rd To Lancaster Rd,V180,Street and Improvements Alley,2017 Bonds,8,09/2024,0,0,0,0,0,0,0,,
2021,192,Street & Transportation,Sinclair Ave from Jupiter Rd to Gaston Pkwy,V746,Street Resurfacing,2017 Bonds,9,09/2022,189165,0,189165,0,0,189165,0,,
2021,192,Street & Transportation,Sinclair Ave from Sunland St to Jupiter Rd,V681,Street Resurfacing,2017 Bonds,9,09/2022,79971,0,79971,0,0,79971,0,,
2021,193,Street & Transportation,Skillman at Walnut Hill (Complete Street) -VA22,,Development Public/Private,2017 Bonds,10,12/2025,1284747,0,1284747,0,0,1284747,0,,
2021,193,Street & Transportation,Skillman St from Richmond Ave to Llano Ave,V907,Street Resurfacing,2017 Bonds,14,09/2022,0,0,0,654770,0,654770,0,2022,2022
2021,193,Street & Transportation,South Blvd From South Central Expy To Me,V167,Free Sidewalk and Ramp Improvements Barrier,2017 Bonds,7,04/2022,230551,231471,-920,0,0,231471,0,,
2021,193,Street & Transportation,South Blvd From South Central Expy To Meadow St Lighting,V176,Street and Improvements Alley,2017 Bonds,7,12/2023,0,0,0,600053,0,600053,0,2022,2022
2021,193,Street & Transportation,South Ewing Ave From Sleeth St To Ann Arbor Ave,V188,Street Petitions,2017 Bonds,4,01/2023,906330,792423,113907,0,0,906330,0,,
2021,193,Street & Transportation,Springhill Dr from Mercer Dr to Stanwood Dr,V832,Street Resurfacing,2017 Bonds,9,09/2023,0,0,0,77004,0,77004,0,2022,2022
2021,193,Street & Transportation,State St from Routh St to Boll St,V789,Street Resurfacing,2017 Bonds,9,10/2022,76215,94104,-17890,76215,0,152430,0,2022,2022
2021,193,Street & Transportation,"Street Illumination Construction, Replacement, or Upgrade",VA41,Street Lighting,2017 Bonds,Citywide,12/2025,2150000,0,2150000,0,0,2150000,0,,
2021,193,Street & Transportation,Street Lights At Parkdale Dr And Lawnview Ave,V177,Street and Improvements Alley,2017 Bonds,7,12/2022,16000,0,16000,0,0,16000,0,,
2021,193,Street & Transportation,Street Lights Wendelkin St,V178,Street and Improvements Alley,2017 Bonds,7,12/2022,112000,0,112000,0,0,112000,0,,
2021,194,Street & Transportation,Street Lights Within Claremont Neighborhood,V179,Street and Improvements Alley,2017 Bonds,7,12/2023,132838,0,132838,467162,0,600000,0,2022,2022
2021,194,Street & Transportation,Superior St From Catherine To W. Clarendon,S444,Street Reconstruction,2006 Bonds / 2012 Bonds,Citywide,Ongoing,536424,529638,6786,0,0,536424,0,,
2021,194,Street & Transportation,Sylvania Dr from Sinclair Ave to Vinemont St,V807,Street Resurfacing,2017 Bonds,9,09/2023,0,0,0,180898,0,180898,0,2022,2022
2021,194,Street & Transportation,Syracuse Dr from Wake Forrest Dr to Wake Forrest Dr,V804,Street Resurfacing,2017 Bonds,9,09/2023,0,0,0,240513,0,240513,0,2022,2022
2021,194,Street & Transportation,Terry St from S Haskell Ave to S Peak St,V811,Street Resurfacing,2017 Bonds,7,09/2022,142345,0,142345,0,0,142345,0,,
2021,194,Street & Transportation,Timber Oaks Dr From Shadow Ridge Dr To Shadow Ridge Dr,V284,Street Reconstruction,2017 Bonds,12,07/2022,703140,708275,-5135,171726,0,874866,0,2022,2022
2021,194,Street & Transportation,Traffic Accident Reduction Roadway Improvements - On- Demand,U232,Partnership Projects Intergovernmental,2017 Bonds,Citywide,12/2022,0,0,0,0,0,0,0,,
2021,194,Street & Transportation,Traffic Signal at Cantegral and Live Oak,W437,Traffic Signals,Capital Reimbursement Projects,14,12/2021,242059,221228,20832,0,0,242059,0,,
2021,194,Street & Transportation,Traffic Signal Construction,VA40,Traffic Signals,2017 Bonds,Citywide,12/2025,2300000,0,2300000,5650617,2049383,10000000,0,2022,2023
2021,195,Street & Transportation,Traffic Signal Infrastrucure Asset Management,VA42,Traffic Capacity & Improvements Safety Intersection,2017 Bonds,Citywide,12/2022,350000,0,350000,0,0,350000,0,,
2021,195,Street & Transportation,Traffic Signal Installations,VA28,Traffic Signals,2017 Bonds,Citywide,12/2022,14079591,6692595,7386996,1409777,2923973,18413341,0,2022,2023
2021,195,Street & Transportation,Traffic Signal Synchronization Project,VA27,Traffic Signals,2017 Bonds,Citywide,09/2024,1794102,142500,1651602,5754623,0,7548725,0,2022,2022
2021,195,Street & Transportation,Trammel Dr from Bennington Dr to Clemson Dr,V841,Street Resurfacing,2017 Bonds,7,05/2022,0,0,0,164228,0,164228,0,2022,2022
2021,195,Street & Transportation,Trammel Dr from Clemson Dr to E Northwest HWY,V806,Street Resurfacing,2017 Bonds,9,05/2022,0,0,0,216982,0,216982,0,2022,2022
2021,195,Street & Transportation,Trammel Dr from Fisher Rd to Bennington Dr,V791,Street Resurfacing,2017 Bonds,9,05/2022,0,0,0,421204,0,421204,0,2022,2022
2021,195,Street & Transportation,Tree Shadow Trl (5902-5942) And Flintshire Ct,S307,Alley Reconstruction,2012 Bonds,12,09/2022,490960,495244,-4285,0,0,495244,0,,
2021,195,Street & Transportation,Trojan St. - Burma Rd. To Fellows Ln.,V185,Street Petitions,2017 Bonds,7,12/2024,88523,90597,-2074,0,1009556,1098079,0,2023,2023
2021,195,Street & Transportation,Tuscany Way from Sinclair Ave to Lippitt Ave,V818,Street Resurfacing,2017 Bonds,14,09/2023,0,0,0,150337,0,150337,0,2022,2022
2021,195,Street & Transportation,Upton St From I-35 E To 12th St,V995,Target Neighborhood,2017 Bonds,4,02/2024,51613,53667,-2054,0,519523,571136,0,2023,2023
2021,196,Street & Transportation,US 75/ Mockingbird/ Lovers Lane Pedestrian Improvements- V144,,Partnership Projects Intergovernmental,2017 Bonds,14,07/2023,1100000,10609,1089391,0,0,1100000,0,,
2021,196,Street & Transportation,UT Southwestern Medical District,V140,Partnership Projects Intergovernmental,2017 Bonds,2,12/2024,503724,0,503724,3011669,3959680,7475073,0,2022,2023
2021,196,Street & Transportation,UT Southwestern- Modifications at Inwood,W313,Traffic Signals,2006 Bonds / Capital Reimbursement Projects,2,06/2022,123727,57842,65885,0,0,131868,0,,
2021,196,Street & Transportation,Valencia St from Sevilla St to East Grand Ave,V709,Street Resurfacing,2017 Bonds,3,09/2022,0,0,0,112504,0,112504,0,2022,2022
2021,196,Street & Transportation,Valley View- Walnut - IH-635 to City Limits,U234,Partnership Projects Intergovernmental,2006 Bonds / 2017 Bonds,"10, 11",07/2021,1073306,1039306,34000,0,0,1073306,0,,
2021,196,Street & Transportation,Vanette Ln From Fitzsimmons Dr To S Marsalis Ave,V253,Street Reconstruction,2017 Bonds,4,04/2024,63511,68526,-5015,0,505005,568516,0,2023,2023
2021,196,Street & Transportation,Viceroy Dr from King George Dr to Regal Row,V617,Street Resurfacing,2017 Bonds,2,05/2022,526955,0,526955,0,0,526955,0,,
2021,196,Street & Transportation,Vickery Blvd from Laneri Ave to Glencoe St,V383,Street Resurfacing,2017 Bonds,13,09/2023,1535,3768,-2233,0,128872,130407,0,2023,2023
2021,197,Street & Transportation,Vinemont St from Forest Grove Dr to Easton Rd,V761,Street Resurfacing,2017 Bonds,8,Ongoing,136994,0,136994,0,0,136994,0,,
2021,197,Street & Transportation,W 12th St from Briscoe Blvd to Hampton Rd,V192,Street Reconstruction,2017 Bonds,1,12/2023,602172,59752,542420,0,0,602172,0,,
2021,197,Street & Transportation,W Bay Cir from W Lawther Dr to Branchfield Dr,V786,Street Resurfacing,2017 Bonds,9,09/2022,342520,342520,0,0,0,342520,0,,
2021,197,Street & Transportation,W University Blvd from Inwood Rd to Eastern Ave,V935,Street Resurfacing,2017 Bonds,11,06/2022,0,0,0,429539,0,429539,0,2022,2022
2021,197,Street & Transportation,W University Blvd from Robin Rd to Inwood Rd,V938,Street Resurfacing,2017 Bonds,9,06/2022,103472,0,103472,0,0,103472,0,,
2021,197,Street & Transportation,W University Blvd From Roper St To Kenwell St,V157,Free Sidewalk and Ramp Improvements Barrier,2017 Bonds,2,10/2022,100595,101515,-920,0,0,101515,0,,
2021,197,Street & Transportation,Wake Forrest Dr from Lehigh Dr to Trammel Dr,V670,Street Resurfacing,2017 Bonds,9,09/2022,52513,0,52513,0,0,52513,0,,
2021,197,Street & Transportation,Walnut Hill - Malibu to Luna,U236,Partnership Projects Intergovernmental,2006 Bonds,10,12/2024,64114,63322,793,0,0,64114,0,,
2021,197,Street & Transportation,Walnut Hill and White Rock Trail Signal,VA43,Traffic Signals,2017 Bonds,10,07/2022,307000,0,307000,0,0,307000,0,,
2021,197,Street & Transportation,Waneta Dr From Robin Rd To Inwood Rd,V244,Street Reconstruction,2017 Bonds,2,12/2023,42066,45242,-3177,0,331778,373844,0,2023,2023
2021,198,Street & Transportation,Warranted Signals and School Flashers - On-Demand,U811,Traffic Signals,2017 Bonds,Citywide,09/2021,11393,0,11393,0,0,11393,0,,
2021,198,Street & Transportation,Waterview Rd from Bondstone Dr to Classen Dr,V704,Street Resurfacing,2017 Bonds,9,09/2022,8893,0,8893,0,0,8893,0,,
2021,198,Street & Transportation,Webb Chapel Rd From Silverton Dr To Northaven Rd,V313,Thoroughfares,2017 Bonds,13,02/2024,301127,311907,-10780,0,2719669,3020796,0,2023,2023
2021,198,Street & Transportation,Weeburn Dr from Marsh Ln to Cox Ln,V694,Street Resurfacing,2017 Bonds,13,Ongoing,0,0,0,0,0,0,0,,
2021,198,Street & Transportation,Wendelkin St From Pennsylvania Ave To Dr,V168,Free Sidewalk and Ramp Improvements Barrier,2017 Bonds,7,04/2022,125707,126627,-920,0,0,126627,0,,
2021,198,Street & Transportation,West Dallas Gateway,S399,Gateway,2017 Bonds,6,11/2024,21325770,1514542,19811228,0,0,21325770,0,,
2021,198,Street & Transportation,West Shore Dr from Tokalon Dr to Meadow,S574,Street Resurfacing,2012 Bonds,Citywide,07/2021,32916,29267,3649,0,0,32916,0,,
2021,198,Street & Transportation,Westfield Dr From Gladwood Ln To Clearwater Dr,V272,Street Reconstruction,2017 Bonds,10,05/2024,57150,59153,-2003,0,479776,536926,0,2023,2023
2021,198,Street & Transportation,Westfield Dr from Woodbrook Dr to Gladwood Ln,V221,Street Reconstruction,2017 Bonds,10,11/2022,57610,56446,1164,0,516571,574181,0,2023,2023
2021,198,Street & Transportation,Westshore - Santa Fe Trail - Alley North Of Coronado,VA07,Target Neighborhood,2017 Bonds,14,02/2024,91296,94771,-3475,0,834685,925981,0,2023,2023
2021,199,Street & Transportation,Wheatland - Lancaster CL to Lancaster Rd,U803,Thoroughfares,2017 Bonds,Citywide,12/2022,126128,29593,96535,0,0,126128,0,,
2021,199,Street & Transportation,Wheatland Road From City Limits To University Hills,V145,Partnership Projects Intergovernmental,2017 Bonds,8,09/2023,686275,686595,-319,1160091,0,1846366,0,2022,2022
2021,199,Street & Transportation,Whittier Ave from San Benito Way to San Leandro Dr,V767,Street Resurfacing,2017 Bonds,9,09/2022,80228,0,80228,0,0,80228,0,,
2021,199,Street & Transportation,Whittier Ave from Santa Clara Dr to San Benito Way,V630,Street Resurfacing,2017 Bonds,9,09/2021,142379,0,142379,0,0,142379,0,,
2021,199,Street & Transportation,Willis Ave from McMillan Ave to Worcola St,V235,Street Reconstruction,2017 Bonds,14,12/2023,83630,89998,-6369,0,540450,624080,0,2023,2023
2021,199,Street & Transportation,Winsted Dr from Lakeforest Ct to Pasadena Pl,V588,Street Resurfacing,2017 Bonds,11,09/2021,107256,0,107256,0,0,107256,0,,
2021,199,Street & Transportation,Winsted Dr from Lakewood Blvd to Westlake Ave,V719,Street Resurfacing,2017 Bonds,7,09/2022,66714,0,66714,0,0,66714,0,,
2021,199,Street & Transportation,Winsted Dr from Pasadena Pl to White Rock Rd,V635,Street Resurfacing,2017 Bonds,9,09/2021,51515,0,51515,0,0,51515,0,,
2021,199,Street & Transportation,Winsted Dr from Westlake Ave to Meadow Lake Ave,V753,Street Resurfacing,2017 Bonds,7,09/2022,63009,0,63009,0,0,63009,0,,
2021,199,Street & Transportation,Winsted Dr from White Rock Rd to Tokalon Dr,V362,Street Resurfacing,2017 Bonds,9,09/2023,53851,54851,-1000,0,136675,190527,0,2023,2023
2021,200,Street & Transportation,Woodbrook Dr from Ashcroft Ave to Stillwater Dr,V593,Street Resurfacing,2017 Bonds,10,09/2022,0,0,0,73642,0,73642,0,2022,2022
2021,200,Street & Transportation,Woodbrook Dr From Clearwater Dr To Graywood Dr,V274,Street Reconstruction,2017 Bonds,10,11/2023,34802,39298,-4497,0,222946,257748,0,2023,2023
2021,200,Street & Transportation,Woodbrook Dr From Graywood Dr To Westfield Dr,V273,Street Reconstruction,2017 Bonds,10,11/2023,30803,33145,-2342,0,228591,259394,0,2023,2023
2021,200,Street & Transportation,Woodmeadow From La Prada West To The End,S320,Street Reconstruction,2012 Bonds / 2017 Bonds,12,12/2024,27598,26884,714,0,0,27598,0,,
2021,200,Street & Transportation,Woodmeadow Parkway over Long Branch,P861,Bridge Repair Modification and,2006 Bonds / 2012 Bonds,9,12/2024,11324,11325,0,0,0,13040,0,,
2021,200,Street & Transportation,Woodspan Dr from Emberwood Dr to Fairwood,V509,Street Resurfacing,2017 Bonds,8,12/2022,306,1247,-941,0,0,1247,0,,
2021,200,Street & Transportation,Woodwick Dr From W Camp Wisdom Ed To Clearwood Dr,V266,Street Reconstruction,2017 Bonds,8,10/2021,432038,432038,0,351651,0,783689,0,2022,2022
2021,200,Street & Transportation,Wright Street From S. Oak Cliff To Edgefield,V154,Free Sidewalk and Ramp Improvements Barrier,2017 Bonds,1,06/2024,62242,64387,-2144,0,392886,455128,0,2023,2023
2021,201,Street & Transportation,Yancy S from Carbondale St to Saipan St,S610,Target Neighborhood,2006 Bonds / 2012 Bonds / 2017 Bonds,4,12/2023,1191999,1095181,96818,0,0,1191999,0,,
2021,201,Street & Transportation,Yorksprings Dr from Meadowspring Ln to Yorksprings Pl,V695,Street Resurfacing,2017 Bonds,9,04/2022,117718,0,117718,0,0,117718,0,,
2021,201,Street & Transportation,Yorksprings Dr from Valley Spring Dr to Meadowspring Ln,V717,Street Resurfacing,2017 Bonds,9,04/2022,199317,0,199317,0,0,199317,0,,
2021,201,Street & Transportation,Grand Total,,,,,,0,0,0,0,0,0,0,,
2021,208,Water Utilities Facilities,Administrative Order,CS96,"Offices, Service and Facilities Centers, Research",Sewer Program Capital,Citywide,09/2021,29038136,29035933,2203,0,0,29038136,0,,
2021,208,Water Utilities Facilities,Adminstrative Order,PS96,"Offices, Service and Facilities Centers, Research",Sewer Program Capital,Citywide,09/2023,10760074,10760074,0,0,0,10760074,0,,
2021,208,Water Utilities Facilities,AMR,P291,"Offices, Service and Facilities Centers, Research",Water Program Capital,Citywide,09/2023,5000000,3815232,1184768,0,0,5000000,0,,
2021,208,Water Utilities Facilities,Bachman Water Tr Pl - Facs,CW30,Plants Water and Facilities Treatment Associated,Water Program Capital,6,09/2025,37103503,36278424,825079,0,0,37103503,0,,
2021,208,Water Utilities Facilities,Bachman Water Tr Pl - Facs,PW30,Plants Water and Facilities Treatment Associated,Water Program Capital,6,09/2026,57600000,47329491,10270509,4000000,0,61600000,1000000,2022,2022
2021,208,Water Utilities Facilities,Bachman Water Tr Pl & Facs,PW30,Plants Water and Facilities Treatment Associated,Water Program Capital,6,09/2023,122348406,116194018,6154388,0,0,123131204,0,,
2021,209,Water Utilities Facilities,Central Ww Treat Pl - Faci,PS30,Treatment Associated Plants Wastewater Facilities and,Sewer Program Capital,Citywide,09/2026,184618343,170156309,14462034,20000000,20000000,224618343,24500000,2022,2023
2021,209,Water Utilities Facilities,Central Ww Treat Pl & Faci,PS30,Treatment Associated Plants Wastewater Facilities and,Sewer Program Capital,4,09/2022,267920854,240128100,27792755,0,0,267920854,0,,
2021,209,Water Utilities Facilities,Central Ww Treat Pl- Facs,CS30,Treatment Associated Plants Wastewater Facilities and,Sewer Program Capital,5,09/2025,59622504,57993725,1628779,3800000,0,63422504,0,2022,2022
2021,209,Water Utilities Facilities,East Side Water Tr Pl - Fa,PW32,Plants Water and Facilities Treatment Associated,Water Program Capital,City Outside,09/2025,319537684,240334238,79203446,6000000,0,325537684,6500000,2022,2022
2021,209,Water Utilities Facilities,East Side Water Tr Pl - Fa-CW32,,Reservoirs Water and Supply Dams,Water Program Capital,"City Outside Citywide,",09/2025,44958438,44619041,339397,0,0,44958438,0,,
2021,209,Water Utilities Facilities,East Side Water Tr Pl & Fa,CW32,Plants Water and Facilities Treatment Associated,Water Program Capital,City Outside,09/2023,3000000,0,3000000,0,0,3000000,0,,
2021,209,Water Utilities Facilities,East Side Water Tr Pl & Fa,PW32,Reservoirs Water and Supply Dams,Water Program Capital,City Outside,09/2023,198961494,197362167,1599327,0,0,198961494,0,,
2021,210,Water Utilities Facilities,Elm Fork Water Tr Pl - Fac,PW31,Plants Water and Facilities Treatment Associated,Water Program Capital,City Outside,09/2025,383427658,221326613,162101045,5000000,10000000,398427658,136500000,2022,2023
2021,210,Water Utilities Facilities,Elm Fork Water Tr Pl - Fac-CW31,,Reservoirs Water and Supply Dams,Water Program Capital,"City Outside Citywide,",09/2025,49416656,48865983,550673,4000000,0,53416656,0,2022,2022
2021,210,Water Utilities Facilities,Elm Fork Water Tr Pl & Fac,PW31,Plants Water and Facilities Treatment Associated,Water Program Capital,City Outside,09/2023,117207619,117639333,-431715,0,0,117639333,0,,
2021,210,Water Utilities Facilities,Future Development Initiatives - Wastewater,CS97,Unserved Extensions Homeowner Areas and,Sewer Program Capital,Citywide,09/2025,8500000,0,8500000,0,0,8500000,0,,
2021,210,Water Utilities Facilities,Future Development Initiatives - Water,CW97,Unserved Extensions Homeowner Areas and,Water Program Capital,Citywide,09/2023,8500000,0,8500000,0,0,8500000,0,,
2021,210,Water Utilities Facilities,Home/Unserv Exten & Improv,PS41,"and Mains, Pump Facilities Associated Stations,",Sewer Program Capital,Citywide,09/2023,1261864,1143299,118565,0,0,1261864,0,,
2021,210,Water Utilities Facilities,Home/Unserv Exten & Improv,PW41,Unserved Extensions Homeowner Areas and,Sewer Program Capital / Water Program Capital,Citywide,09/2023,1260770,760770,500000,0,0,1260770,0,,
2021,210,Water Utilities Facilities,Home-Unserv Exten - Improv,CS41,Unserved Extensions Homeowner Areas and,Sewer Program Capital,Citywide,09/2026,41651984,28689025,12962959,1250000,1250000,44151984,3750000,2022,2023
2021,211,Water Utilities Facilities,Home-Unserv Exten - Improv,CW41,Unserved Extensions Homeowner Areas and,Water Program Capital,Citywide,09/2026,107003012,103324134,3678878,1900000,1900000,110803012,5700000,2022,2023
2021,211,Water Utilities Facilities,Mains Intercept - Lift Sta,PS40,"and Mains, Pump Facilities Associated Stations,",Sewer Program Capital,Citywide,09/2026,417371881,337005184,80366697,47000000,27000000,491371881,184000000,2022,2023
2021,211,Water Utilities Facilities,Mains Intercept & Lift Sta,PS40,"and Mains, Pump Facilities Associated Stations,",Sewer Program Capital,Citywide,09/2022,232058618,233354001,-1295383,0,0,233511601,0,,
2021,211,Water Utilities Facilities,Mains Interecpt - Lift Sta,CS40,"and Mains, Pump Facilities Associated Stations,",Sewer Program Capital,13,09/2026,163946514,138836916,25109598,6700000,10700000,181346514,27050000,2022,2023
2021,211,Water Utilities Facilities,Mains/Pumping & Storage Fa,PW40,"and Mains, Pump Facilities Associated Stations,",Water Program Capital,Citywide,09/2022,384851343,384002675,848669,0,0,384851343,0,,
2021,211,Water Utilities Facilities,Mains-Pumping - Storage Fa,CW40,"and Mains, Pump Facilities Associated Stations,",Water Program Capital,Citywide,09/2026,197088902,184231986,12856916,6100000,14900000,218088902,33610000,2022,2023
2021,211,Water Utilities Facilities,Mains-Pumping - Storage Fa,PW40,"and Mains, Pump Facilities Associated Stations,",Water Program Capital,Citywide,09/2025,584388929,506867245,77521684,25000000,75000000,684388929,331520000,2022,2023
2021,212,Water Utilities Facilities,Major Maintenace - Rehab,CW50,Equipment Rehabilitation and,Water Program Capital,Citywide,09/2026,192710651,170631180,22079471,9800000,10500000,213010651,30100000,2022,2023
2021,212,Water Utilities Facilities,Major Maintenance - Rehab,CS50,Equipment Rehabilitation and,Sewer Program Capital,Citywide,09/2026,91614797,87678143,3936654,4500000,4000000,100114797,13000000,2022,2023
2021,212,Water Utilities Facilities,Major Maintenance & Rehab,PW50,Equipment Rehabilitation and,Water Program Capital,Citywide,09/2023,22961741,8741348,14220393,0,0,22961741,0,,
2021,212,Water Utilities Facilities,Major Maintenance & Rehabilitation,PS50,Equipment Rehabilitation and,Sewer Program Capital,Citywide,09/2020,10075000,770276,9304724,0,0,10075000,0,,
2021,212,Water Utilities Facilities,Pay 1,P290,"Offices, Service and Facilities Centers, Research",Water Program Capital,Citywide,09/2025,21391000,20201709,1189291,0,0,21391000,0,,
2021,212,Water Utilities Facilities,Public Art Administration - Water Utilities,CW95,Public Art,Water Fund Public Arts,Citywide,09/2026,2098250,1031159,1067091,25000,25000,2148250,75000,2022,2023
2021,212,Water Utilities Facilities,Raw Water Pump - Trans Fac,CW20,Raw and Water Transmission Pumping,Water Program Capital,"City Outside Citywide,",09/2026,62184581,61231143,953438,500000,500000,63184581,49750000,2022,2023
2021,212,Water Utilities Facilities,Raw Water Pump - Trans Fac,PW20,Raw and Water Transmission Pumping,Water Program Capital,"City Outside Citywide,",09/2025,48527907,19398256,29129651,35000000,5000000,88527907,50000000,2022,2023
2021,212,Water Utilities Facilities,Raw Water Pump & Trans Fac,PW20,Raw and Water Transmission Pumping,Water Program Capital,"City Outside Citywide,",09/2023,176107907,175701025,406882,0,0,176107907,0,,
2021,212,Water Utilities Facilities,Relocations Due To Paving,CS42,Advance of Relocations in Paving,Sewer Program Capital,Citywide,09/2026,39923211,35560393,4362818,550000,550000,41023211,1650000,2022,2023
2021,213,Water Utilities Facilities,Relocations Due To Paving,CW42,Advance of Relocations in Paving,Water Program Capital,Citywide,09/2026,69295609,67023840,2271769,1550000,3800000,74645609,10400000,2022,2023
2021,213,Water Utilities Facilities,Relocations Due To Paving,PS42,Advance of Relocations in Paving,Sewer Program Capital,Citywide,09/2022,93887401,76760705,17126696,8750000,26000000,128637401,39750000,2022,2023
2021,213,Water Utilities Facilities,Relocations Due To Paving,PW42,Advance of Relocations in Paving,Water Program Capital,Citywide,09/2022,208801174,147867605,60933570,8000000,8000000,224801174,24000000,2022,2023
2021,213,Water Utilities Facilities,Relocations Due To Paving-PS42,,Advance of Relocations in Paving,Sewer Program Capital,Citywide,09/2025,55763176,25382516,30380660,0,0,55763176,0,,
2021,213,Water Utilities Facilities,Series 2009A Revenue Bonds,0624,"Offices, Service and Facilities Centers, Research",Water Program Capital,Citywide,09/2023,6447660,5737536,710124,0,0,6447660,0,,
2021,213,Water Utilities Facilities,Service Ctr/Ofcs/Research,PS60,"Offices, Service and Facilities Centers, Research",Sewer Program Capital,Citywide,09/2023,11423811,3473810,7950001,0,0,11423811,0,,
2021,213,Water Utilities Facilities,Service Ctr/Ofcs/Research,PW60,"Offices, Service and Facilities Centers, Research",Water Program Capital,Citywide,Ongoing,18595863,7828453,10767410,0,8000000,26595863,0,2023,2023
2021,213,Water Utilities Facilities,Service Ctr-Ofcs- Research,CW60,"Offices, Service and Facilities Centers, Research",Water Program Capital,Citywide,09/2026,44711317,39844043,4867275,4500000,4500000,53711317,9000000,2022,2023
2021,213,Water Utilities Facilities,Service Ctr-Ofcs- Research2,CS60,"Offices, Service and Facilities Centers, Research",Sewer Program Capital,Citywide,09/2025,14024746,10492041,3532705,1500000,0,15524746,6000000,2022,2022
2021,214,Water Utilities Facilities,Southside Ww Treat Pl - Fa,CS31,Treatment Associated Plants Wastewater Facilities and,Sewer Program Capital,Citywide,09/2025,108066321,105128277,2938044,0,0,108066321,2000000,,
2021,214,Water Utilities Facilities,Southside Ww Treat Pl - Fa,PS31,Treatment Associated Plants Wastewater Facilities and,Sewer Program Capital,Citywide,09/2025,169910897,136131126,33779771,46000000,15000000,230910897,23000000,2022,2023
2021,214,Water Utilities Facilities,Southside Ww Treat Pl & Fa,PS31,Treatment Associated Plants Wastewater Facilities and,Sewer Program Capital,Citywide,09/2022,167022201,166641230,380972,0,0,167022201,0,,
2021,214,Water Utilities Facilities,Studies/Master Plans,PS01,"Offices, Service and Facilities Centers, Research",Sewer Program Capital,"City Outside Citywide,",09/2023,7439028,7237614,201414,0,0,7439028,0,,
2021,214,Water Utilities Facilities,Studies/Master Plans,PW01,Studies Plans and Master,Water Program Capital,"Outside Citywide,",09/2023,5295000,5293069,1931,0,0,5295000,0,,
2021,214,Water Utilities Facilities,Studies-Master Plan,CW01,Studies Plans and Master,Water Program Capital,"Outside Citywide,",09/2026,45324974,37692652,7632322,100000,100000,45524974,3800000,2022,2023
2021,214,Water Utilities Facilities,Studies-Master Plans,CS01,Studies Plans and Master,Sewer Program Capital,9,09/2026,25276454,15178927,10097527,1000000,4000000,30276454,4000000,2022,2023
2021,214,Water Utilities Facilities,Studies-Master Plans,PW01,Studies Plans and Master,Water Program Capital,"Outside Citywide,",09/2023,200000,0,200000,0,0,200000,0,,
2021,214,Water Utilities Facilities,Supply Reservoirs - Dams,CW10,Reservoirs Water and Supply Dams,Water Program Capital,"City Outside Citywide,",09/2025,37703884,35523887,2179997,0,0,37703884,1500000,,
2021,214,Water Utilities Facilities,Supply Reservoirs - Dams,PW10,Reservoirs Water and Supply Dams,Water Program Capital,"City Outside Citywide,",09/2025,40000000,7925911,32074089,0,25000000,65000000,0,2023,2023
2021,214,Water Utilities Facilities,Supply Reservoirs & Dams,PW10,Reservoirs Water and Supply Dams,Water Program Capital,"City Outside Citywide,",09/2023,15541184,12379716,3161468,0,0,15541184,0,,
2021,215,Water Utilities Facilities,TWDB Wastewater (Clean Water) Project,FS40,"and Mains, Pump Facilities Associated Stations,",Sewer Program Capital / Water Program Capital,Citywide,09/2025,66000000,40887840,25112160,22000000,22000000,110000000,0,2022,2023
2021,215,Water Utilities Facilities,TWDB Water Drinking Water Project,FW40,"and Mains, Pump Facilities Associated Stations,",Sewer Program Capital / Water Program Capital,Citywide,09/2025,132000000,72959609,59040391,44000000,44000000,220000000,0,2022,2023
2021,215,Water Utilities Facilities,Wastewater Facilities Public Art,CS95,Public Art,Water Fund Public Arts,Citywide,09/2026,2192500,76002,2116498,25000,25000,2242500,75000,2022,2023
2021,215,Water Utilities Facilities,Wholesale Customer Facilities,PW43,Wholesale Facilities Customer,Water Program Capital,Citywide,09/2023,6383000,1210606,5172394,0,0,6383000,0,,
2021,215,Water Utilities Facilities,Wholesale Customer Facils,CS43,Wholesale Facilities Customer,Sewer Program Capital,Citywide,09/2026,1025365,25365,1000000,2000000,500000,3525365,3000000,2022,2023
2021,215,Water Utilities Facilities,Wholesale Customer Facils,CW43,Wholesale Facilities Customer,Water Program Capital,Citywide,09/2026,8886119,6846442,2039677,3000000,500000,12386119,4000000,2022,2023
2021,215,Water Utilities Facilities,Wholesale Customers Facilities,PS43,Wholesale Facilities Customer,Sewer Program Capital,Citywide,Ongoing,2200000,146045,2053955,0,0,2200000,0,,
2021,215,Water Utilities Facilities,Grand Total,,,,,,0,0,0,0,0,0,0,,
