cip_year,source_page,department,project_name,project_id,project_type,funding_source,address_location,comp_date,previous_appropriations,spent,remaining,year_2023,year_2024,project_total,start_year,end_year
2022,16,Aviation,Airfield Pavement Evaluation,W214,Pavement Maintenance/ Construction,Aviation Capital Program,Citywide,Not Started,521648,505587,16061,1000000,1000000,2521648,2023,2024
2022,16,Aviation,Airport Emergency Operations Center,W685,Terminal,Aviation Capital Program,Citywide,09/2024,2000000,0,2000000,0,0,2000000,,
2022,16,Aviation,Airport Planning and Advisory Services,1725,Capital Improvement Program,Aviation Capital Program,Citywide,Ongoing,12905000,6283184,6621816,1000000,1000000,14905000,2023,2024
2022,16,Aviation,Architectural Engineering Roster,W286,Capital Improvement Program,Aviation Capital Program,Citywide,09/2023,154500,1329,153171,0,0,154500,,
2022,16,Aviation,Aviation Parking Garage,8738,Capital Improvement Program,Aviation Capital Program,Citywide,Ongoing,3757407,1653184,2104223,0,0,3757407,,
2022,16,Aviation,CONRAC,W280,Capital Improvement Program,Aviation Capital Program,Citywide,Not Started,0,0,0,1000000,0,1000000,2023,2023
2022,16,Aviation,Construction Management/ Project Management,W371,Capital Improvement Program,Aviation Capital Program,Citywide,09/2028,1428666,1430186,-1520,3000000,3000000,7428666,2023,2024
2022,17,Aviation,Crossfield Taxiway Reconfiguration,W125,Pavement Maintenance/ Construction,Aviation Capital Program / Aviation Capital Program - Commercial Paper,Citywide,09/2024,54888718,2388081,52500637,0,0,54888718,,
2022,17,Aviation,DAL A/E Space Planning Implementation,W469,Terminal,Aviation Capital Program,Citywide,09/2025,750000,0,750000,0,0,750000,,
2022,17,Aviation,DAL Alternate Entry,W287,Capital Improvement Program,Aviation Capital Program,Citywide,Not Started,30210000,0,30210000,0,0,30210000,,
2022,17,Aviation,DAL Elevator Study,W360,Capital Improvement Program,Aviation Capital Program,Citywide,Ongoing,371300,371040,260,100000,0,471300,2023,2023
2022,17,Aviation,DAL EMS Suite,W357,Capital Improvement Program,Aviation Capital Program,Citywide,09/2023,1308000,187027,1120973,200000,0,1508000,2023,2023
2022,17,Aviation,DAL Replacement Fire Station,W358,Capital Improvement Program,FAA Grants / Aviation Capital Program,Citywide,09/2025,20008000,546965,19461035,0,12696188,32704188,2024,2024
2022,17,Aviation,DAL Streetscape Enhancements,W387,Capital Improvement Program,Aviation Capital Program / FAA Grants,Citywide,Not Started,28529499,3812357,24717142,6886176,818182,36233857,2023,2024
2022,18,Aviation,DAL-Entrance Road Improvements,W167,Capital Improvement Program,Aviation Capital Program,Citywide,12/2024,15020575,15029486,-8911,400000,0,15420575,2023,2023
2022,18,Aviation,Dallas Vertiport Fuel System,W215,Capital Improvement Program,Aviation Capital Program,Citywide,Not Started,1257409,0,1257409,0,0,1257409,,
2022,18,Aviation,DAS Exterior Lighting Improvements,W359,Capital Improvement Program,Aviation Capital Program,Citywide,12/2022,1865509,1864802,707,0,0,1865509,,
2022,18,Aviation,DEA Extend Taxiway E,W388,Pavement Maintenance/ Construction,Aviation Capital Program,Citywide,09/2028,463300,0,463300,858200,736000,2057500,2023,2024
2022,18,Aviation,DEA Streetscape Enhancements,W367,Capital Improvement Program,Aviation Capital Program,Citywide,09/2024,569693,569534,158,0,6500000,7069693,2024,2024
2022,18,Aviation,DEA Taxiway Apron Infill - Design,W334,Pavement Maintenance/ Construction,Aviation Capital Program,Citywide,Ongoing,850000,0,850000,0,0,850000,,
2022,18,Aviation,DEA West Development Payback,W285,Capital Improvement Program,Aviation Capital Program,Citywide,Not Started,7764286,100100,7664186,0,0,7764286,,
2022,18,Aviation,Drainage Master Plan - Schematic Design,W133,Capital Improvement Program,Aviation Capital Program,Citywide,Not Started,12800638,101638,12699000,0,0,12800638,,
2022,18,Aviation,Elevator Upgrades,W391,Capital Improvement Program,Aviation Capital Program,Citywide,09/2025,873700,0,873700,0,550000,1423700,2024,2024
2022,18,Aviation,Elevator Upgrades- Ph 2,W889,Capital Improvement Program,Aviation Capital Program,Citywide,09/2024,0,0,0,1700000,0,1700000,2023,2023
2022,18,Aviation,Elevator Upgrades- Ph 3,W890,Capital Improvement Program,Aviation Capital Program,Citywide,09/2025,0,0,0,0,1800000,1800000,2024,2024
2022,18,Aviation,Gararge A and Terminal Roadway Rebuild,W687,Capital Improvement Program,Aviation Capital Program,Citywide,Not Started,0,0,0,0,0,0,,
2022,19,Aviation,Love Fld Major Maintenance,8707,Terminal,Aviation Capital Program,Citywide,Ongoing,16506585,14506585,2000000,0,3000000,19506585,2024,2024
2022,19,Aviation,Material Testing for Construction Work,W152,Capital Improvement Program,Aviation Capital Program,Citywide,Not Started,551361,0,551361,0,0,551361,,
2022,19,Aviation,People-mover Connector,8710,Capital Improvement Program,FAA Grants,Citywide,Not Started,5311092,5012736,298356,0,0,5311092,,
2022,19,Aviation,Reconstruct RWY 13R 31L,D019,Pavement Maintenance/ Construction,Aviation Capital Program / Aviation Capital Program - Commercial Paper / FAA Grants,Citywide,02/2023,178423750,111944868,66478882,0,0,178423750,,
2022,19,Aviation,Rehabilitate Taxiway C Phase 2,W281,Pavement Maintenance/ Construction,Aviation Capital Program / FAA Grants,Citywide,09/2026,193200,444000,-250800,0,0,193200,,
2022,19,Aviation,Rehabilitate Taxiway C: Taxi D to Taxi C,W122,Pavement Maintenance/ Construction,Aviation Capital Program / Aviation Capital Program - Commercial Paper / FAA Grants,Citywide,02/2026,43341140,24416727,18924413,0,0,43341140,,
2022,20,Aviation,Reonstruct Taxiway A (Phase 1) TWY D to,W288,Pavement Maintenance/ Construction,Aviation Capital Program / Aviation Capital Program - Commercial Paper / FAA Grants,Citywide,Not Started,0,0,0,38988030,0,38988030,2023,2023
2022,20,Aviation,Reonstruct Taxiway A (Phase 1) TWY D to,W798,Pavement Maintenance/ Construction,Aviation Capital Program,Citywide,09/2027,0,0,0,3600000,0,3600000,2023,2023
2022,20,Aviation,Grand Total,,,,,,0,0,0,0,0,0,,
2022,25,City Facilities,19393 Preston Rd [Candlewood Suites],VJ06,Homeless Housing Services,2017 Bonds,12,06/2023,513990,513591,399,0,0,513990,,
2022,25,City Facilities,2949 S. Hampton Rd,VJ16,Homeless Housing Services,2017 Bonds,3,9/1/2023,6587615,11500,6576115,0,0,6587615,,
2022,25,City Facilities,6th Floor Renovation,W266,Library Facilities,2006 Bonds,2,9/1/2022,980940,956809,24131,0,0,980940,,
2022,25,City Facilities,ADA Improvements,W793,City and Municipal Court Facilities,2006 Bonds,Citywide,Ongoing,2264118,0,2264118,0,0,2264118,,
2022,25,City Facilities,ADA Improvements- Major Maintenance and Repairs,W663,Major Maintenance,Other GO CIP - Non-Debt,Citywide,Ongoing,500000,368450,131550,0,0,500000,,
2022,25,City Facilities,ADA Upgrades at Canton,W911,City and Municipal Court Facilities,Other GO CIP - Non-Debt,Citywide,Ongoing,0,0,0,630000,0,630000,2023,2023
2022,25,City Facilities,Apparatus Replacement,E313,Fleet/Equipmen t Replacement,Other GO CIP - Debt,Citywide,Ongoing,33350000,32957624,392376,0,0,33350000,,
2022,25,City Facilities,Cadillac Heights Land Acquisition,T825,Land Acquisition,2006 Bonds,4,9/1/2023,11690881,629945,11060935,0,0,11690881,,
2022,25,City Facilities,Case Management System,E314,Fleet/Equipmen t Replacement,Other GO CIP - Debt,Citywide,Ongoing,3379178,3246908,132270,0,0,3379178,,
2022,26,City Facilities,Central Library - Elevators,W156,Library Facilities,2003 Bonds / 2017 Bonds,2,11/1/2022,130738,19929,110809,0,0,130738,,
2022,26,City Facilities,Central Patrol Station,VG33,Police Facilities,2017 Bonds,2,09/2022,151000,3378,147622,0,0,151000,,
2022,26,City Facilities,Central Service Center- Sanitation Building,VH04,City and Municipal Court Facilities,2017 Bonds,2,09/2022,149999,122425,27575,0,0,149999,,
2022,26,City Facilities,City Facilities Improvements,W221,Major Maintenance,Other GO CIP - Non-Debt,Citywide,09/2024,7140997,7140997,0,0,0,7140997,,
2022,26,City Facilities,City Hall - Tank Replacement,T749,City and Municipal Court Facilities,2006 Bonds / 2017 Bonds,Citywide,09/2023,160164,14000,146164,0,0,160164,,
2022,26,City Facilities,City Hall,VH05,City and Municipal Court Facilities,2017 Bonds,2,12/2023,3355,3355,0,1868228,0,1871583,2023,2023
2022,26,City Facilities,City Hall Data Center - Renovations,P478,Technology,Other GO CIP - Debt,Citywide,Ongoing,5200000,299517,4900483,0,0,5200000,,
2022,26,City Facilities,Citywide Radio System Replacement,E384,Technology,Other GO CIP - Debt,Citywide,Ongoing,54899072,53975572,923500,0,0,54899072,,
2022,26,City Facilities,Contingency Reserve - Capital Construction,P479,Major Maintenance,Other GO CIP - Non-Debt,Citywide,Ongoing,3014104,3009214,4890,0,0,3014104,,
2022,26,City Facilities,Dallas Museum of Art,VF03,Cultural Facilities,2017 Bonds,14,09/2022,6000000,5707373,292627,0,0,6000000,,
2022,27,City Facilities,DFD- SCBA and Safety Equipment,E406,Fleet/Equipmen t Replacement,Other GO CIP - Debt,Citywide,09/2022,4672134,379381,4292753,0,0,4672134,,
2022,27,City Facilities,DFD-Ambulance Replacement,E414,Fleet/Equipmen t Replacement,Other GO CIP - Debt,Citywide,Ongoing,0,0,0,6000000,6000000,12000000,2023,2024
2022,27,City Facilities,DPD In-Car DVR 1/5 Annual Replacement,E409,Technology,Other GO CIP - Debt,Citywide,Ongoing,2277600,2269599,8001,0,0,2277600,,
2022,27,City Facilities,DPD In-Car DVR 1/5 Annual Replacement,E416,Technology,Other GO CIP - Debt,Citywide,Ongoing,1401600,1313071,88529,1401600,1401600,4204800,2023,2024
2022,27,City Facilities,DPD TAAG Surveillance Camera 1/5 Annual,E410,Technology,Other GO CIP - Debt,Citywide,Ongoing,1063500,1055611,7889,0,0,1063500,,
2022,27,City Facilities,DPD TAAG Surveillance Camera 1/5 Annual,E417,Technology,Other GO CIP - Debt,Citywide,Ongoing,2127000,1640441,486559,1063500,1063500,4254000,2023,2024
2022,27,City Facilities,EFM - General Fleet,E413,Fleet/Equipmen t Replacement,Other GO CIP - Debt,Citywide,Ongoing,7500000,7243749,256251,0,0,7500000,,
2022,27,City Facilities,EFM-General Fleet,E422,Fleet/Equipmen t Replacement,Other GO CIP - Debt,Citywide,Ongoing,9800000,0,9800000,9809900,9809900,29419800,2023,2024
2022,27,City Facilities,Electrical Panel Replacement at 37 Facilities,VH07,City and Municipal Court Facilities,2017 Bonds,Citywide,12/2022,1010676,240947,769729,0,0,1010676,,
2022,27,City Facilities,Emergency Warning Sirens,W792,City and Municipal Court Facilities,2006 Bonds,Citywide,09/2022,310000,153886,156114,0,0,310000,,
2022,27,City Facilities,Enterprise Electronic Document Management,E380,Technology,Other GO CIP - Debt,Citywide,Ongoing,565407,0,565407,0,0,565407,,
2022,28,City Facilities,Enterprise Electronic Document Management,E389,Technology,Other GO CIP - Debt,Citywide,Ongoing,725000,0,725000,0,0,725000,,
2022,28,City Facilities,Fire Station # 46,VG02,Fire Protection Facilities,2017 Bonds,3,09/2022,6775492,5952484,823008,0,0,6775492,,
2022,28,City Facilities,Fire Station # 53,VG03,Fire Protection Facilities,2017 Bonds,7,09/2022,85000,83350,1650,0,0,85000,,
2022,28,City Facilities,Fire Station #05,VG04,Fire Protection Facilities,2017 Bonds,5,09/2022,45000,21144,23856,0,0,45000,,
2022,28,City Facilities,Fire Station #1,VG16,Fire Protection Facilities,2017 Bonds,6,09/2022,85000,83857,1143,0,0,85000,,
2022,28,City Facilities,Fire Station #11,VG07,Fire Protection Facilities,2017 Bonds,14,09/2022,85000,62323,22678,0,0,85000,,
2022,28,City Facilities,Fire Station #11B,VG18,Fire Protection Facilities,2017 Bonds,14,09/2022,101000,4770,96230,0,0,101000,,
2022,28,City Facilities,Fire Station #21,VG19,Fire Protection Facilities,2017 Bonds,2,09/2023,85000,2762,82238,0,0,85000,,
2022,28,City Facilities,Fire Station #24,VG11,Fire Protection Facilities,2017 Bonds,7,09/2022,92000,83052,8948,0,0,92000,,
2022,28,City Facilities,Fire Station #36,VG13,Fire Protection Facilities,2017 Bonds,6,09/2022,7197245,6856158,341086,0,0,7197245,,
2022,28,City Facilities,Fire Station #45,VG21,Fire Protection Facilities,2017 Bonds,6,09/2022,86712,86402,310,0,0,86712,,
2022,28,City Facilities,Fire Station #5,VG25,Fire Protection Facilities,2017 Bonds,5,09/2022,85000,403,84597,0,0,85000,,
2022,28,City Facilities,Fire Station #52,VG22,Fire Protection Facilities,2017 Bonds,3,09/2022,85000,82789,2211,0,0,85000,,
2022,29,City Facilities,Fire Station #53,VG23,Fire Protection Facilities,2017 Bonds,7,09/2022,74000,72176,1824,0,0,74000,,
2022,29,City Facilities,Fire Station 19 Replacement,VG44,Fire Protection Facilities,2017 Bonds / Other GO CIP - Debt,2,04/2023,7475650,5360077,2115573,0,0,7475650,,
2022,29,City Facilities,Fire Station 41 Replacement,VG45,Fire Protection Facilities,Other GO CIP - Debt,13,11/2023,7000000,675324,6324676,0,0,7000000,,
2022,29,City Facilities,Fire Station Improvements - Generators,W791,Fire Protection Facilities,2006 Bonds,Citywide,Ongoing,638716,0,638716,0,0,638716,,
2022,29,City Facilities,Fire Station Temporary Facilities 19 & 41,VG46,Fire Protection Facilities,Other GO CIP - Debt,13,09/2022,2000000,1009980,990020,0,0,2000000,,
2022,29,City Facilities,Fleet/Equipment Replacement,8199,Fleet/Equipmen t Replacement,Other GO CIP - Debt,Citywide,Ongoing,25000000,24663399,336601,0,0,25000000,,
2022,29,City Facilities,Fleet/Equipment Replacement - EBS,E323,Fleet/Equipmen t Replacement,Other GO CIP - Debt,Citywide,Ongoing,3862422,3786780,75642,0,0,3862422,,
2022,29,City Facilities,Forest Green Branch Library,VE01,Library Facilities,2006 Bonds / 2017 Bonds,10,09/2022,7587979,7379493,208486,0,0,7587979,,
2022,29,City Facilities,Future Fire Station Jim Miller - Loop 12,VG31,Fire Protection Facilities,2017 Bonds,8,09/2022,6615217,6438075,177141,0,0,6615217,,
2022,30,City Facilities,FY21 Year End Major Maintenance Generator Project,W802,Major Maintenance,Other GO CIP - Non-Debt,Citywide,Ongoing,3280000,3279095,906,0,0,3280000,,
2022,30,City Facilities,FY21-22 Mid-Year Projects,W701,Major Maintenance,Other GO CIP - Non-Debt,Citywide,Ongoing,6322793,1069117,5253676,0,0,6322793,,
2022,30,City Facilities,FY22 EAN-EFM General Fleet Replacement,E446,City Fleet Asset Management,Other GO CIP - Debt,Citywide,12/2022,8200000,0,8200000,0,0,8200000,,
2022,30,City Facilities,FY23 EAN-DFR Apparatus Replacement,W905,Fleet/Equipmen t Replacement,Other GO CIP - Debt,Citywide,Ongoing,0,0,0,11800000,11800000,23600000,2023,2024
2022,30,City Facilities,FY23 EAN-EFM Fleet-Equipment Replacement,W906,Fleet/Equipmen t Replacement,Other GO CIP - Debt,Citywide,Ongoing,0,0,0,8200000,8200000,16400000,2023,2024
2022,30,City Facilities,General Capital Reserve,8888,Major Maintenance,Other GO CIP - Non-Debt,Citywide,Ongoing,17425249,9425249,8000000,0,0,17425249,,
2022,30,City Facilities,General Fleet,E381,Fleet/Equipmen t Replacement,Other GO CIP - Debt,Citywide,09/2022,5637646,5536557,101089,0,0,5637646,,
2022,30,City Facilities,Homeless Assistance Facilites,VJ01,Homeless Housing Services,2017 Bonds,Citywide,09/2023,130347,40300,90047,2018630,0,2148977,2023,2023
2022,30,City Facilities,IT Infrastructure,E424,Technology,Other GO CIP - Debt,Citywide,Not Started,0,0,0,15200000,0,15200000,2023,2023
2022,30,City Facilities,IT Network Equipment 1/5 Annual Replacement,E402,Technology,Other GO CIP - Debt,Citywide,Ongoing,915610,604865,310745,0,0,915610,,
2022,30,City Facilities,IT Network Equipment 1/5 Annual Replacement,E411,Technology,Other GO CIP - Debt,Citywide,Ongoing,4200000,3303953,896047,0,0,4200000,,
2022,31,City Facilities,IT Network Equipment 1/5 Annual Replacement,E418,Technology,Other GO CIP - Debt,Citywide,Ongoing,2100000,0,2100000,2100000,2100000,6300000,2023,2024
2022,31,City Facilities,IT Security Equipment 1/5 Annual Replacement,E420,Technology,Other GO CIP - Debt,Citywide,Ongoing,440000,208873,231127,400000,400000,1240000,2023,2024
2022,31,City Facilities,Jack Evans Headquarters,VG35,Police Facilities,2017 Bonds,2,05/2022,994837,955846,38991,0,0,994837,,
2022,31,City Facilities,Laptop/Desktop 1/5 Annual Replacement,E415,Technology,Other GO CIP - Debt,Citywide,Ongoing,2156400,201674,1954726,2250000,2250000,6656400,2023,2024
2022,31,City Facilities,Latino Cultural Center - Phase II - Prio,T698,Cultural Facilities,2006 Bonds,14,6/1/2022,2568068,2567284,784,0,0,2568068,,
2022,31,City Facilities,Major Maintenance and Repairs FY20,W504,Major Maintenance,Other GO CIP - Non-Debt,Citywide,09/2024,6193721,6163354,30367,0,0,6193721,,
2022,31,City Facilities,Major Maintenance and Repairs FY21,W620,Major Maintenance,Other GO CIP - Non-Debt,Citywide,Ongoing,6099963,5295986,803977,0,0,6099963,,
2022,31,City Facilities,Major Maintenance and Repairs FY22 - BSD,W680,Major Maintenance,Other GO CIP - Non-Debt,Citywide,Ongoing,8500000,4400692,4099308,10120000,9500000,28120000,2023,2024
2022,31,City Facilities,Major Maintenance Projects-Arts and Cultural Facilities,W130,Cultural Facilities,Other GO CIP - Non-Debt,Citywide,09/2026,2400000,2214273,185727,0,0,2400000,,
2022,31,City Facilities,Meyerson,VF05,Cultural Facilities,2017 Bonds,14,09/2022,3800000,3605780,194220,0,0,3800000,,
2022,32,City Facilities,Meyerson Maintenance Support,W629,Cultural Facilities,Other GO CIP - Non-Debt,14,09/2024,3541269,2953618,587651,0,0,3541269,,
2022,32,City Facilities,Miramar Hotel- 1950 Fort Worth Ave,VJ08,Homeless Housing Services,2017 Bonds,1,06/2023,2348033,2696,2345337,0,0,2348033,,
2022,32,City Facilities,NE Patrol Station,VG37,Police Facilities,2017 Bonds,10,09/2022,1075000,490113,584887,0,0,1075000,,
2022,32,City Facilities,Non-City Owned Cultural Facility Repair,W149,Cultural Facilities,Other GO CIP - Non-Debt,Citywide,09/2023,600000,400000,200000,0,0,600000,,
2022,32,City Facilities,Oak Cliff Municipal Center,VH10,City and Municipal Court Facilities,2017 Bonds,1,09/2023,1135132,9657,1125475,864868,0,2000000,2023,2023
2022,32,City Facilities,P25 Radio Project,P776,Technology,Capital Projects Reimbursement,Citywide,12/2022,924360,848707,75653,0,0,924360,,
2022,32,City Facilities,Police DVR Replacements Phase 1 of 4,E391,Technology,Other GO CIP - Debt,Citywide,Ongoing,1350000,1344341,5659,0,0,1350000,,
2022,32,City Facilities,Priority Major Maintenance,P717,Major Maintenance,Other GO CIP - Non-Debt,Citywide,09/2024,9242331,8363717,878614,0,0,9242331,,
2022,32,City Facilities,Public Art Administration - Court Facilities,PA55,Public Art,2006 Bonds,Citywide,09/2023,3039,0,3039,0,0,3039,,
2022,32,City Facilities,Public Art Administration - Farmers Market,PA53,Public Art,2006 Bonds,Citywide,09/2023,2158,0,2158,0,0,2158,,
2022,32,City Facilities,Public Art Administration- Library Facilities,PA45,Public Art,2006 Bonds,Citywide,09/2023,136,0,136,0,0,136,,
2022,32,City Facilities,Public Art Program,N819,Public Art,1998 Bonds,Citywide,09/2023,540684,511649,29035,0,0,540684,,
2022,33,City Facilities,Public Art Projects - Library Facilities,PA02,Public Art,2003 Bonds,Citywide,09/2023,48500,0,48500,0,0,48500,,
2022,33,City Facilities,Public Art Projects,N927,Public Art,1998 Bonds,Citywide,09/2022,62521,11364,51157,0,0,62521,,
2022,33,City Facilities,Public Art Projects - Public Safety Facilities,PA42,Public Art,2006 Bonds / 2017 Bonds,Citywide,09/2023,3837,0,3837,0,0,3837,,
2022,33,City Facilities,Public Art Projects- Court Facilities,PA54,Public Art,2006 Bonds,Citywide,09/2023,12156,0,12156,0,0,12156,,
2022,33,City Facilities,Public Arts Administration,PA61,Public Art,2017 Bonds,Citywide,09/2023,37155,27877,9278,0,0,37155,,
2022,33,City Facilities,Public Arts Administration- City Facilities,PA51,Public Art,2006 Bonds,Citywide,09/2023,18994,0,18994,0,0,18994,,
2022,33,City Facilities,Public Arts Administration- Public Safety,PA63,Public Art,2017 Bonds,Citywide,09/2023,47955,40511,7444,0,0,47955,,
2022,33,City Facilities,Public Arts Projects- City Facilities,PA50,Public Art,2006 Bonds,Citywide,09/2023,75974,0,75974,0,0,75974,,
2022,33,City Facilities,Public Arts Projects- Farmers Market,PA52,Public Art,2006 Bonds,Citywide,09/2023,8631,0,8631,0,0,8631,,
2022,33,City Facilities,Public Arts Projects- Library Facilities,PA44,Public Art,2006 Bonds,Citywide,09/2023,17611,108,17504,0,0,17611,,
2022,33,City Facilities,Public Arts Projects- Public Safety,PA62,Public Art,2017 Bonds,Citywide,09/2023,191820,185421,6399,0,0,191820,,
2022,34,City Facilities,Public Safety MDC 1/5 Annual Replacement,E412,Technology,Other GO CIP - Debt,Citywide,Ongoing,500000,494290,5710,0,0,500000,,
2022,34,City Facilities,Public Safety MDC 1/5 Annual Replacement,E419,Technology,Other GO CIP - Debt,Citywide,Ongoing,1000000,988581,11419,1000000,1000000,3000000,2023,2024
2022,34,City Facilities,Public Safety Radio Replacement,E423,Technology,Other GO CIP - Debt,Citywide,Not Started,0,0,0,34800000,0,34800000,2023,2023
2022,34,City Facilities,Solar Installation,W799,Major Maintenance,Other GO CIP - Non-Debt,Citywide,Ongoing,500000,0,500000,1500000,500000,2500000,2023,2024
2022,34,City Facilities,South Dallas Cultural Center,VF09,Cultural Facilities,2017 Bonds,7,06/2023,182005,3255,178750,132912,0,314917,2023,2023
2022,34,City Facilities,Southeast Service Center - Construction,T743,City and Municipal Court Facilities,2006 Bonds / 2017 Bonds,7,9/1/2023,7857365,947527,6909837,0,0,7857365,,
2022,34,City Facilities,Southwest Transfer Station [24410],VH11,City and Municipal Court Facilities,2017 Bonds,3,09/2022,205000,159597,45403,0,0,205000,,
2022,34,City Facilities,Space Planning- Major Maintenance and Repairs,W664,Major Maintenance,Other GO CIP - Non-Debt,Citywide,Ongoing,500000,644774,-144774,0,0,500000,,
2022,34,City Facilities,SW Patrol Station,VG42,Police Facilities,2017 Bonds,3,07/2023,1250000,5236,1244764,2183647,0,3433647,2023,2023
2022,34,City Facilities,Technology Infrastructure Redesign,E421,Technology,Other GO CIP - Debt,Citywide,Ongoing,975000,0,975000,975000,975000,2925000,2023,2024
2022,35,City Facilities,The St. Jude Center - Park Central Project,VJ12,Homeless Housing Services,2017 Bonds,11,01/2023,3300000,3300000,0,0,0,3300000,,
2022,35,City Facilities,Townhouse Suites- 4150 Independence Drive,VJ14,Homeless Housing Services,2017 Bonds,8,09/2023,5033395,4977384,56011,0,0,5033395,,
2022,35,City Facilities,Unspecified ADA Improvements,VH12,City and Municipal Court Facilities,2017 Bonds,Citywide,09/2023,3230000,909501,2320500,0,0,3230000,,
2022,35,City Facilities,Vickery Meadow Branch Library,VE03,Library Facilities,2017 Bonds / Other GO CIP - Non-Debt,13,09/2022,7814398,7065923,748474,0,0,7814398,,
2022,35,City Facilities,Vickery Meadow Community Court,W141,City and Municipal Court Facilities,2006 Bonds / 2017 Bonds,13,9/1/2022,530449,474102,56347,0,0,530449,,
2022,35,City Facilities,West Dallas Multipurpose Center,VH13,City and Municipal Court Facilities,2017 Bonds,6,09/2022,381161,101614,279548,0,0,381161,,
2022,35,City Facilities,Grand Total,,,,,,0,0,0,0,0,0,,
2022,40,Convention And Event Services,Convention Center Facility Improvements,W111,Convention Center Improvement,Convention Center Capital Program,2,Ongoing,9159638,4318839,4840799,2000000,3375000,14534638,2023,2024
2022,40,Convention And Event Services,Convention Center Master Plan,W433,Convention Center Improvement,Convention Center Capital Program,2,Ongoing,8525435,4888698,3636737,4352793,3340477,16218705,2023,2024
2022,40,Convention And Event Services,Convention Facility ElevatorEscalator Improvement Project,W106,Convention Center Improvement,Convention Center Capital Program,2,06/2023,6753097,6960173,-207076,918482,0,7671579,2023,2023
2022,40,Convention And Event Services,EBJ Union Station,W602,Convention Center Improvement,Convention Center Capital Program,2,Ongoing,200000,829016,-629016,330625,380219,910844,2023,2024
2022,40,Convention And Event Services,Fire Sprinkler Pipe Replacement,W298,Convention Center Improvement,Convention Center Capital Program,2,Ongoing,5376867,165367,5211500,0,0,5376867,,
2022,40,Convention And Event Services,JOC Projects,W604,Convention Center Improvement,Convention Center Capital Program,2,Ongoing,2160076,965400,1194676,1718750,2148438,6027264,2023,2024
2022,40,Convention And Event Services,KBHCCD Water Infiltration Project,W188,Convention Center Improvement,Convention Center Capital Program,2,Ongoing,9100000,919476,8180524,3200000,4000000,16300000,2023,2024
2022,41,Convention And Event Services,Pioneer Plaza,W601,Convention Center Improvement,Convention Center Capital Program,2,Ongoing,1069000,0,1069000,279350,291253,1639603,2023,2024
2022,41,Convention And Event Services,Restroom Modernization and Accessibility Improvements,W431,Convention Center Improvement,Convention Center Capital Program,2,09/2025,4149493,1814290,2335203,2100000,1364613,7614106,2023,2024
2022,41,Convention And Event Services,Spectra Projects,W603,Convention Center Improvement,Convention Center Capital Program,2,Ongoing,1784000,175783,1608217,2500000,2500000,6784000,2023,2024
2022,41,Convention And Event Services,TBAAL Capital Improvements,W432,Convention Center Improvement,Convention Center Capital Program,2,Ongoing,1525135,976287,548849,600000,600000,2725135,2023,2024
2022,41,Convention And Event Services,Grand Total,,,,,,0,0,0,0,0,0,,
2022,49,Economic Development,1632 MLK Blvd. Project - St. Phillips Redevelopment Project,VI27,Economic Development Bonds,2017 Bonds,7,12/2022,1000000,1000000,0,0,0,1000000,,
2022,49,Economic Development,1712 Commerce Hotel,P952,Downtown Connection Tax Increment r Financing District,GO CIP - Non,14,12/2024,855592,313999,541593,145095,9895811,10896498,2023,2024
2022,49,Economic Development,2101 Taylor St Development,P847,Farmers Market Tax Increment r Financing District,GO CIP - Non,2,12/2023,4190464,393274,3797190,29380,0,4219844,2023,2023
2022,49,Economic Development,411 N Akard Bldg Redevelopment,P943,Downtown Connection Tax Increment r Financing District,GO CIP - Non,14,12/2024,1913858,1701861,211997,3545885,4584954,10044697,2023,2024
2022,49,Economic Development,Adolphus Tower Project,1880,City Center Tax Increment r Financing District,GO CIP - Non,14,09/2023,4342467,0,4342467,219907,0,4562374,2023,2023
2022,49,Economic Development,Affordable Housing Partcip,P008,Housing r,GO CIP - Non,Citywide,Ongoing,1620566,1546863,73703,0,0,1620566,,
2022,49,Economic Development,Bishop Arts Station,W059,Oak Cliff Gateway Tax Increment r Financing District,GO CIP - Non,1,12/2022,11129179,8992907,2136272,0,0,11129179,,
2022,50,Economic Development,Bonton Cluster Project,VI24,Housing,2017 Bonds,7,12/2023,730072,730072,0,0,0,730072,,
2022,50,Economic Development,Cabana Hotel 899 N. Stemmons,W500,Design District Tax Increment r Financing District,GO CIP - Non,6,09/2026,15500000,0,15500000,0,0,15500000,,
2022,50,Economic Development,CD1 - Southern Gateway,VI35,Housing,2017 Bonds,1,09/2023,230978,217155,13823,0,0,230978,,
2022,50,Economic Development,CD1 - Southern Gateway,W483,Equity Revitalization,2003 Bonds / GO CIP - Non,1,09/2023,370767,16940,353827,0,0,370767,,
2022,50,Economic Development,CD10 - LBJ Skillman,W492,Equity Revitaliz,2003 Bonds a / GO CIP - Non a,10,09/2023,1119322,71682,1047640,0,0,1119322,,
2022,50,Economic Development,CD11 - Midtown,W493,r Equity Revitaliz,GO CIP - Non a,11,09/2023,500000,507556,-7556,0,0,500000,,
2022,50,Economic Development,CD12 - Streets,W494,r Equity Revitaliz,GO CIP - Non a,12,09/2023,500000,59707,440293,0,0,500000,,
2022,50,Economic Development,CD13 - Vickery Meadows,W495,Equity Revitaliz,2003 Bonds a / GO CIP - Non a,13,09/2023,1000000,491572,508428,0,0,1000000,,
2022,50,Economic Development,CD14 - Streets,W496,Equity Revitaliz,2003 Bonds a / GO CIP - Non a,14,09/2023,734911,119999,614912,0,0,734911,,
2022,50,Economic Development,CD2 - Jubilee Park,W484,r Equity Revitaliz,GO CIP - Non a,2,09/2023,500000,49500,450500,0,0,500000,,
2022,50,Economic Development,CD3 - Executive Airport,W485,r Equity Revitaliz,GO CIP - Non a,3,09/2023,892399,100000,792399,0,0,892399,,
2022,50,Economic Development,CD4 -The Bottom/10th Street,W486,Equity Revitaliz,2003 Bonds a / GO CIP - Non a,4,09/2023,1500000,439924,1060076,0,0,1500000,,
2022,"50, 51",Economic Development,CD5 - Buckner Station / Pleasant Grove,W487,Equity Revitaliz,1998 Bonds a / 2003 Bonds a / GO CIP - Non a,5,09/2023,3697259,12950,3684309,0,0,3697259,,
2022,51,Economic Development,CD6 - West Dallas,W488,r Equity Revitaliz,GO CIP - Non a,6,09/2023,1700000,830479,869521,0,0,1700000,,
2022,51,Economic Development,CD7 - Forest Heights,W489,Equity Revitaliz,2003 Bonds a / GO CIP - Non a,7,09/2023,1449411,1024057,425354,0,0,1449411,,
2022,51,Economic Development,CD8 - University Hills,W490,r Equity Revitaliz,GO CIP - Non a,8,09/2023,2500000,1915499,584501,0,0,2500000,,
2022,51,Economic Development,CD9 - Casa View,W491,Equity Revitaliz,2003 Bonds a / GO CIP - Non a,9,09/2023,1000000,215124,784876,0,0,1000000,,
2022,51,Economic Development,Cedars Branch Bridge,P895,Southwestern Medical Tax Increment r Financing District,GO CIP - Non,2,12/2022,826500,0,826500,0,0,826500,,
2022,51,Economic Development,Cedars Branch Town Homes,P896,Southwestern Medical Tax Increment r Financing District,GO CIP - Non,2,12/2027,6938452,0,6938452,0,0,6938452,,
2022,51,Economic Development,Cedars Tax Increment,Q001,Cedars Tax Increment r Financing District,GO CIP - Non,2,12/2024,7916578,1344047,6572531,2497895,0,10414473,2023,2023
2022,51,Economic Development,Cedars-Admin,9927,r Cedars Tax Incr,GO CIP - Non e,2,12/2024,1054071,929967,124104,125000,0,1179071,2023,2023
2022,51,Economic Development,City Center - Administrative,9870,City Center Tax Increment r Financing District,GO CIP - Non,"2, 14",12/2038,2731165,2528981,202184,202750,202750,3136665,2023,2024
2022,51,Economic Development,City Center Tax Increment,9912,r City Center Tax,GO CIP - Non,"2, 14",12/2038,18397643,6105782,12291861,6530812,0,24928456,2023,2023
2022,52,Economic Development,City Center TIF District Fund,W174,r City Center Tax,GO CIP - Non,"2, 14",09/2022,865260,536321,328939,0,0,865260,,
2022,52,Economic Development,Colorado Extension - I30 to Westmoreland - Canyon,P882,Economic Development Bonds,2012 Bonds,Citywide,Ongoing,2676,4294,-1619,0,0,2676,,
2022,52,Economic Development,Community Garden & Futsal Field,P848,Farmers Market Tax Increment r Financing District,GO CIP - Non,2,12/2023,380574,0,380574,589888,0,970462,2023,2023
2022,52,Economic Development,Continental Bldg Increment Repayment,P832,Downtown Connection Tax Increment r Financing District,GO CIP - Non,14,09/2028,2071499,1437949,633550,158887,158887,2389273,2023,2024
2022,52,Economic Development,Cypress Waters Phase II Development,P759,Cypress Waters Tax Increment r Financing District,GO CIP - Non,6,09/2022,8377837,7788900,588937,0,0,8377837,,
2022,52,Economic Development,Cypress Waters Repayment of Advances,P634,r Cypress Waters,GO CIP - Non,6,12/2041,839263,0,839263,421508,7684745,8945516,2023,2024
2022,52,Economic Development,Cypress Waters TIF Admin.,P633,r Cypress Waters,GO CIP - Non,6,12/2041,204435,134452,69983,70000,70000,344435,2023,2024
2022,52,Economic Development,Dallas Heritage Village,W438,Cedars Tax Increment r Financing District,GO CIP - Non,2,12/2023,650000,0,650000,0,0,650000,,
2022,52,Economic Development,Davis Garden - Repayment of Advances,P563,Davis Garden Tax Increment r Financing District,GO CIP - Non,"1, 3",12/2040,3175738,70,3175668,1555944,1988081,6719763,2023,2024
2022,52,Economic Development,Davis Garden Admin,P409,r Davis Garden Ta,GO CIP - Non,"1, 3",12/2040,437750,291600,146150,137750,137750,713250,2023,2024
2022,52,Economic Development,Debt Service Transfer to other Departments,W891,Farmers Market Tax Increment r Financing District,GO CIP - Non,Citywide,12/2029,0,0,0,1922709,2568459,4491168,2023,2024
2022,53,Economic Development,Debt Service Transfer to PPPF (Red Bird Mall Redev Project),Q008,Mall Area Redevelopmen t Tax r Increment Financing District,GO CIP - Non,8,12/2044,119000,151677,-32677,90000,90000,299000,2023,2024
2022,53,Economic Development,Deep Ellum Admin,P407,Deep Ellum Tax Increment r Financing District,GO CIP - Non,"2, 7, 14",12/2027,452777,327587,125189,127750,127750,708277,2023,2024
2022,53,Economic Development,Deep Ellum Repay Dev Adv,P406,r Deep Ellum Tax,GO CIP - Non,"2, 7, 14",12/2027,9525440,595424,8930016,7914759,8316885,25757084,2023,2024
2022,53,Economic Development,Design District Admin,P404,Design District Tax Increment r Financing District,GO CIP - Non,"2, 6",12/2028,425054,310176,114877,117750,117750,660554,2023,2024
2022,53,Economic Development,Design District TIF - Repayment of Advances,P471,r Design District T,GO CIP - Non,"2, 6",12/2028,10324458,0,10324458,5839989,3648876,19813323,2023,2024
2022,53,Economic Development,Design DistrictTIF,P926,r Design District T,GO CIP - Non,Citywide,09/2023,7950000,7650000,300000,0,0,7950000,,
2022,53,Economic Development,DHADC Land Bank Services,W310,Housing,2006 Bonds,Citywide,09/2023,1500000,1230000,270000,0,0,1500000,,
2022,53,Economic Development,Digital Realty Expansion and Renovation,W675,Public-Private Partnership r Program,GO CIP - Non,Citywide,Ongoing,200000,0,200000,0,0,200000,,
2022,53,Economic Development,Disc Eco Dev CD3- Sq 67 SC,VI07,Economic Development Bonds,2017 Bonds,3,09/2023,1450000,1450000,0,0,0,1450000,,
2022,53,Economic Development,Disc Eco Dev CD6 SDMIF,VI09,Economic Devel,2017 Bonds,Citywide,Ongoing,2500000,145000,2355000,0,0,2500000,,
2022,54,Economic Development,Disc Mayor Golden Seeds,VI10,Economic Development Bonds,2017 Bonds,4,12/2022,500000,0,500000,0,0,500000,,
2022,54,Economic Development,Discretionary Economic Development - Mayor,VI02,Economic Devel,2017 Bonds,Citywide,12/2024,2500000,2500000,0,0,0,2500000,,
2022,54,Economic Development,Discretionary Economic Development CD3,VI03,Economic Devel,2017 Bonds,3,12/2024,3000000,3000000,0,0,0,3000000,,
2022,54,Economic Development,Discretionary Economic Development CD8,VI04,Economic Devel,2017 Bonds,4,12/2024,4131414,4131414,0,0,0,4131414,,
2022,54,Economic Development,DISD – Hogg Elementary,W300,Oak Cliff Gateway Tax Increment r Financing District,GO CIP - Non,1,12/2022,1287222,0,1287222,0,0,1287222,,
2022,54,Economic Development,Downtown Connection TIF - Increment,P305,Downtown Connection Tax Increment r Financing District,GO CIP - Non,14,12/2036,10755578,3776601,6978977,225000,11018866,21999444,2023,2024
2022,54,Economic Development,Eco Dev Program for CIty of Dallas Neighborhood Empowerment No. 10 (NEZ 10),VI13,Economic Development Bonds,2017 Bonds,5,Ongoing,1000000,50000,950000,0,0,1000000,,
2022,54,Economic Development,Economic Development - Citywide,W513,Economic Development Bonds,2012 Bonds,Citywide,Ongoing,2835802,0,2835802,0,0,2835802,,
2022,54,Economic Development,Economic Development,T808,Economic Devel,2012 Bonds,Citywide,Ongoing,55921,55921,0,0,0,55921,,
2022,54,Economic Development,Economic Development and Housing Demand,S801,Housing,2012 Bonds,Citywide,Ongoing,5642395,0,5642395,0,0,5642395,,
2022,55,Economic Development,Economic Development and Housing Demand,VI26,Housing,2017 Bonds,Citywide,Ongoing,4217775,0,4217775,3421137,0,7638912,2023,2023
2022,55,Economic Development,Economic Development and Housing Demand Driven Projects,S801,Economic Development Bonds,2012 Bonds,Citywide,Ongoing,8142197,8141027,1171,0,0,8142197,,
2022,55,Economic Development,Economic Development-ECO Transfer Unit,VI01,Economic Development Bonds,2017 Bonds,Citywide,12/2024,8255214,0,8255214,5611368,0,13866582,2023,2023
2022,55,Economic Development,Fair Park West Jeffries-Meyers,VI15,Housing,2017 Bonds,7,08/2023,741730,741730,0,0,0,741730,,
2022,55,Economic Development,Farmers Market GT Defeasance 2013,1737,Economic Development r Bonds,GO CIP - Non,2,Ongoing,3230000,1213492,2016508,0,0,3230000,,
2022,55,Economic Development,Farmers Mkt Admin,9576,Farmers Market Tax Increment r Financing District,GO CIP - Non,2,12/2029,947119,800523,146596,147100,147750,1241969,2023,2024
2022,55,Economic Development,Farmers Mkt Tax Increment,Q005,r Farmers Market,GO CIP - Non,2,12/2029,3484332,0,3484332,0,407254,3891586,2024,2024
2022,55,Economic Development,Farmers Mkt Tax Increment,Q025,r Farmers Market,GO CIP - Non,2,12/2029,3248832,4987573,-1738741,0,0,3248832,,
2022,55,Economic Development,Fire Station 58,W630,Cypress Waters Tax Increment r Financing District,GO CIP - Non,6,09/2023,5741741,0,5741741,6558260,0,12300001,2023,2023
2022,55,Economic Development,Fort Worth Ave Admin,P408,Fort Worth Avenue Tax Increment r Financing District,GO CIP - Non,"1, 6",12/2029,419313,308113,111200,112749,112750,644812,2023,2024
2022,55,Economic Development,Fort Worth Ave. - Repayment of Advances,P562,r Fort Worth Ave,GO CIP - Non,"1, 6",12/2029,2688285,8643,2679642,0,2127198,4815483,2024,2024
2022,56,Economic Development,Gateway Oak Cliff Project,W681,Oak Cliff Gateway Tax Increment r Financing District,GO CIP - Non,1,12/2023,0,0,0,4245432,0,4245432,2023,2023
2022,56,Economic Development,Grand Park South - Repayment of Advances,P397,Grand Park South Tax Increment r Financing District,GO CIP - Non,7,12/2035,283643,0,283643,265592,277392,826627,2023,2024
2022,56,Economic Development,Grand Park South - TIF Administration,P396,r Grand Park Sou,GO CIP - Non t,7,12/2035,332726,205164,127562,127750,127750,588226,2023,2024
2022,56,Economic Development,Hensley Field re-use and redevelopment project,VI25,Economic Development Bonds,2017 Bonds,3,Ongoing,862609,862609,0,0,0,862609,,
2022,56,Economic Development,Hou Prop 8 Acquisition & Demolition,T808,Housing,2006 Bonds,Citywide,Ongoing,5209692,5164692,45000,0,0,5209692,,
2022,56,Economic Development,Housing - Acquisition and Demolition,T807,Housing,2006 Bonds,Citywide,Ongoing,8703770,8691090,12680,0,0,8703770,,
2022,56,Economic Development,Housing - Land Bank,T802,Housing,2006 Bonds,Citywide,Ongoing,1350000,1324169,25831,0,0,1350000,,
2022,56,Economic Development,Housing Demand Driven Projects,S803,Housing,2012 Bonds,Citywide,Ongoing,2871313,2258967,612346,0,0,2871313,,
2022,56,Economic Development,Housing Purposes,P477,r Housing,GO CIP - Non,Citywide,Ongoing,2000000,1989780,10220,0,0,2000000,,
2022,56,Economic Development,Integrated Community Development Project,VI29,Economic Development Bonds,2017 Bonds,5,Ongoing,25500,6555,18945,0,0,25500,,
2022,56,Economic Development,Jeffries-Meyers Infill Development Project,VI18,Housing,2017 Bonds,7,08/2023,1427000,1427000,0,0,0,1427000,,
2022,56,Economic Development,Joppa Neighbor Proj SD,W085,Housing,2012 Bonds,Citywide,09/2022,280000,240000,40000,0,0,280000,,
2022,57,Economic Development,Klyde Warren Park Phase II,W677,City Center Tax Increment r Financing District,GO CIP - Non,14,09/2035,0,0,0,0,1162044,1162044,2024,2024
2022,57,Economic Development,Kroger-Ocado Project,W476,Economic Development Bonds,2012 Bonds,Citywide,Ongoing,2000000,2000000,0,0,0,2000000,,
2022,57,Economic Development,Lake Highlands Tower Center,P373,Skillman Corridor Tax Increment r Financing District,GO CIP - Non,"9, 10, 13, 14",12/2035,11667950,8337751,3330199,0,0,11667950,,
2022,57,Economic Development,LED Conversion- Priority Zones,W655,Economic Development Bonds,2012 Bonds,Citywide,Ongoing,500000,497712,2288,0,0,500000,,
2022,57,Economic Development,LHTC Pond Dredging Project,W682,Skillman Corridor Tax Increment r Financing District,GO CIP - Non,"9, 10, 13, 14",12/2035,4000000,0,4000000,0,0,4000000,,
2022,57,Economic Development,LIHTC Oaklawn Place Project,W804,Maple Mockingbird Tax Increment r Financing District,GO CIP - Non,2,12/2023,0,0,0,4438154,0,4438154,2023,2023
2022,57,Economic Development,Longhorn Ballroom Project,W892,Transit- Oriented Development (TOD) Tax r Increment Financing District,GO CIP - Non,"2, 3, 4, 8, 14",12/2039,0,0,0,967540,332460,1300000,2023,2024
2022,57,Economic Development,Lucie-Partial Ops Consolidation,W470,Public-Private Partnership r Program,GO CIP - Non,Citywide,Ongoing,8600000,8600000,0,0,0,8600000,,
2022,57,Economic Development,Mall Area Redevelopment TIF Admin,W008,Mall Area Redevelopmen t Tax r Increment Financing District,GO CIP - Non,"8, 11",12/2044,1114005,40437,1073567,102750,102750,1319504,2023,2024
2022,58,Economic Development,Mall Area Redevelopment TIF Increment,W185,r Mall Area Redev,GO CIP - Non,"8, 11",12/2044,636907,0,636907,393246,451846,1481999,2023,2024
2022,58,Economic Development,Maple/Mockingbird - TIF,P560,Maple Mockingbird Tax Increment r Financing District,GO CIP - Non,2,12/2033,270419,169313,101107,102750,102750,475919,2023,2024
2022,58,Economic Development,Maple-Mockingbird - Repayment of Advances,P565,Maple Mockingbird Tax Increment r Financing District,GO CIP - Non,2,12/2033,12633091,0,12633091,403746,5039686,18076523,2023,2024
2022,58,Economic Development,Mid Elm Lofts Project,P914,City Center Tax Increment r Financing District,GO CIP - Non,"2, 14",09/2022,3945089,454841,3490248,0,0,3945089,,
2022,58,Economic Development,Mill City Infill Development Project,VI14,Housing,2017 Bonds,7,10/2023,2000000,2000000,0,0,0,2000000,,
2022,58,Economic Development,Mockingbird Station East Project,W817,Transit- Oriented Development (TOD) Tax r Increment Financing District,GO CIP - Non,"2, 3, 4, 8, 14",12/2039,0,0,0,0,0,0,,
2022,58,Economic Development,Neighborhood Empowerment Zones,5548,Housing r,GO CIP - Non,Citywide,Ongoing,1000000,0,1000000,0,0,1000000,,
2022,58,Economic Development,Newpark Sub- District-TIF Increment,W921,Downtown Connection Tax Increment Financing r District (Newpark Sub- District),GO CIP - Non,2,12/31/2053,0,0,0,25000,0,25000,2023,2023
2022,59,Economic Development,North Parking Garage Project,P729,Sports Arena Tax Increment r Financing District,GO CIP - Non,2,12/2028,20870748,19357835,1512913,1993035,3986070,26849852,2023,2024
2022,59,Economic Development,Oak Cliff Gateway Tax Increment,Q002,Oak Cliff Gateway Tax Increment r Financing District,GO CIP - Non,1,12/2045,5124927,591189,4533738,2124134,6784029,14033090,2023,2024
2022,59,Economic Development,Oak Cliff/Gateway Admin,9915,Oak Cliff Gatewr,G O CI P - Non,1,12/2045,1110939,909908,201031,202750,202750,1516439,2023,2024
2022,59,Economic Development,Olympic Redevelopment Project,P853,Downtown Connection Tax Increment r Financing District,GO CIP - Non,14,12/2022,45402781,23722479,21680302,0,0,45402781,,
2022,59,Economic Development,Open Space Pubilic Improvements at 888 S,P575,Davis Garden Tax Increment r Financing District,GO CIP - Non,"1, 3",09/2022,118820,0,118820,0,0,118820,,
2022,59,Economic Development,Pearl Lofts Mixed Use and Mixed Income Development Project,W819,Farmers Market Tax Increment r Financing District,GO CIP - Non,2,12/2027,0,0,0,0,0,0,,
2022,59,Economic Development,Pearl Street Public Improvement Project,W820,Farmers Market Tax Increment r Financing District,GO CIP - Non,2,12/2023,0,0,0,285650,0,285650,2023,2023
2022,59,Economic Development,Project Food Access,W654,Economic Development Bonds,2006 Bonds,Citywide,09/2023,1400000,0,1400000,0,0,1400000,,
2022,59,Economic Development,Project Turnpike,W633,Public-Private Partnership r Program,GO CIP - Non,Citywide,Ongoing,250000,0,250000,0,0,250000,,
2022,59,Economic Development,Public Private Partnership,9992,Public-Private Pr,GO CIP - N on,Citywide,Ongoing,57387616,56040237,1347380,0,0,57387616,,
2022,60,Economic Development,Public Private Partnership,P151,r Public-Private P,GO CIP - Non,Citywide,Ongoing,39019176,18543597,20475579,8500000,8500000,56019176,2023,2024
2022,60,Economic Development,Public Private Partnership - Retail Rehabilitation Demonstration,W018,r Public-Private P,GO CIP - Non,Citywide,Ongoing,1000000,0,1000000,0,0,1000000,,
2022,60,Economic Development,Public Private Partnership- Adaptive Reuse Program,P886,r Public-Private P,GO CIP - Non,Citywide,Ongoing,90000,90000,0,0,0,90000,,
2022,60,Economic Development,Public Private Partnership -Small Business Façade Program,P885,r Public-Private P,GO CIP - Non,Citywide,Ongoing,100000,93725,6275,0,0,100000,,
2022,60,Economic Development,Public Private Partnership-2400 Bryan Project,1879,r Public-Private P,GO CIP - Non,Citywide,Ongoing,6000000,6000000,0,0,0,6000000,,
2022,60,Economic Development,Public Private Partnership- Advisory Services for City's Housing Policy,W055,r Public-Private P,GO CIP - Non,Citywide,Ongoing,125000,115000,10000,0,0,125000,,
2022,60,Economic Development,Public Private Partnership-BSHD Projects,P777,r Public-Private P,GO CIP - Non,Citywide,Ongoing,100000,72695,27305,0,0,100000,,
2022,60,Economic Development,Public Private Partnership- Business Park,8808,r Public-Private P,GO CIP - Non,Citywide,Ongoing,1859029,1859029,0,0,0,1859029,,
2022,60,Economic Development,Public Private Partnership-Dallas Protocol and World Affairs Council Contract,P476,r Public-Private P,GO CIP - Non,Citywide,Ongoing,2920505,2403005,517500,0,0,2920505,,
2022,61,Economic Development,Public Private Partnership- Downtown Retail Program -Phase III,P435,r Public-Private P,GO CIP - Non,Citywide,Ongoing,1212008,678074,533934,0,0,1212008,,
2022,61,Economic Development,Public Private Partnership- Heritage Alliance,6856,r Public-Private P,GO CIP - Non,Citywide,Ongoing,206712,206712,0,0,0,206712,,
2022,61,Economic Development,Public Private Partnership-Main Dist.Initiative,P102,r Public-Private P,GO CIP - Non,Citywide,Ongoing,2963812,2725934,237878,0,0,2963812,,
2022,61,Economic Development,Public Private Partnership- Neighborhood Retail Redevelopment Program,W166,r Public-Private P,GO CIP - Non,Citywide,Ongoing,1508085,1508085,0,0,0,1508085,,
2022,61,Economic Development,Public Private Partnership- Public/Private Fee Rebate,9990,r Public-Private P,GO CIP - Non,Citywide,Ongoing,2556194,2442936,113258,0,0,2556194,,
2022,61,Economic Development,Public Private Partnership- Public/Private Infrastructure,9953,r Public-Private P,GO CIP - Non,Citywide,Ongoing,3582988,3554656,28332,0,0,3582988,,
2022,61,Economic Development,Public Private Partnership- Southern Dallas Adaptive Reuse Grant Program- Phase II,W142,r Public-Private P,GO CIP - Non,Citywide,Ongoing,210000,210000,0,0,0,210000,,
2022,61,Economic Development,Public Private Partnership- Southwest Center Mall Redevelopment,P587,r Public-Private P,GO CIP - Non,Citywide,Ongoing,186200,109186,77014,0,0,186200,,
2022,61,Economic Development,Public Private Partnership-UNT - Dallas Campus,P311,r Public-Private P,GO CIP - Non,Citywide,Ongoing,2064782,2064782,0,0,0,2064782,,
2022,62,Economic Development,"Public Private Partnership- Workforce Readiness, Placement & Retention",W178,r Public-Private P,GO CIP - Non,Citywide,Ongoing,1735521,1606867,128654,0,0,1735521,,
2022,62,Economic Development,Redbird Business Grant,W435,Public-Private Pr,GO CIP - N on,Citywide,Ongoing,2500000,2500000,0,0,0,2500000,,
2022,62,Economic Development,Redbird Hotel Project,W818,Mall Area Redevelopmen t Tax r Increment Financing District,GO CIP - Non,"8, 11",12/2044,0,0,0,0,0,0,,
2022,62,Economic Development,Redevelopment of Grocery Store- 3035 N. Buckner,VI30,Economic Development Bonds,2017 Bonds / GO CIP - Non,7,09/2022,1300000,1300000,0,0,0,1300000,,
2022,62,Economic Development,RISD Public Improvement Reimbursement,P684,Skillman Corridor Tax Increment r Financing District,GO CIP - Non,"9, 10, 13, 14",12/2035,2469050,2168604,300445,588793,618233,3676076,2023,2024
2022,62,Economic Development,Saint Elm Hotel & Corrigan Tower,P957,Downtown Connection Tax Increment r Financing District,GO CIP - Non,14,12/2024,721924,543276,178648,165228,8839749,9726901,2023,2024
2022,62,Economic Development,Skillman Corridor Admin,P405,Skillman Corridor Tax Increment r Financing District,GO CIP - Non,"9, 10, 13, 14",12/2035,510805,402239,108566,110000,110000,730805,2023,2024
2022,62,Economic Development,Skillman Corridor TIF - Repayment of Advances,P472,r Skillman Corrid,GO CIP - Non o,"9, 10, 13, 14",12/2035,13998468,25119,13973349,7670111,8059116,29727696,2023,2024
2022,63,Economic Development,Southwestern Medical TIF - Administration,P468,Southwestern Medical Tax Increment r Financing District,GO CIP - Non,2,12/2027,438285,358385,79900,102750,102750,643785,2023,2024
2022,63,Economic Development,Southwestern Medical TIF - Repayment of Advances,P469,r Southwestern M,GO CIP - Non,2,12/2027,7521521,0,7521521,1018094,1074136,9613751,2023,2024
2022,63,Economic Development,Sports Arena Admin,9630,Sports Arena Tax Increment r Financing District,GO CIP - Non,"2, 6, 14",12/2043,1458520,990317,468204,187750,187750,1834020,2023,2024
2022,63,Economic Development,Sports Arena Increment,Q003,r Sports Arena Ta,GO CIP - Non,"2, 6, 14",12/2043,26544846,1407935,25136912,8344148,7382224,42271219,2023,2024
2022,63,Economic Development,Sports Arena TIF N.Parking Garage Mainte,5094,r Sports Arena Ta,GO CIP - Non,2,Ongoing,200000,0,200000,0,0,200000,,
2022,63,Economic Development,"Stack Deep Ellum 2700, 2712, 2718, Commerce",W497,Deep Ellum Tax Increment r Financing District,GO CIP - Non,2,09/2022,2576125,0,2576125,0,0,2576125,,
2022,63,Economic Development,Statler/Library Jackson/ST Redev.,P884,Downtown Connection Tax Increment r Financing District,GO CIP - Non,14,12/2023,19585049,14538887,5046162,27178405,0,46763454,2023,2023
2022,63,Economic Development,Stoneleigh Hotel (2927 Maple Ave),P298,Downtown Conr,n GO CIP - N on,14,12 /2023,2610077,2173391,436686,137525,0,2747602,2023,2023
2022,63,Economic Development,Street Improvements on Stafford St.,VI33,Economic Development Bonds,2017 Bonds,6,09/2022,192000,192000,0,0,0,192000,,
2022,63,Economic Development,Streetcar Project- North Oak Cliff Streetcar System,P674,Davis Garden Tax Increment r Financing District,GO CIP - Non,"1, 3",09/2023,2355030,627297,1727733,833599,0,3188629,2023,2023
2022,64,Economic Development,Streetcar Support - (DWSA),W673,Oak Cliff Gateway Tax Increment r Financing District,GO CIP - Non,1,12/2022,950000,950000,0,0,0,950000,,
2022,64,Economic Development,Streetcar-PPPF,W694,Public-Private Partnership r Program,GO CIP - Non,Citywide,Ongoing,1000000,0,1000000,0,0,1000000,,
2022,64,Economic Development,The Canyon- Colorado Extension Phase II,W048,Economic Development Bonds,2012 Bonds,Citywide,Ongoing,196256,196256,0,0,0,196256,,
2022,64,Economic Development,The Canyon- Colorado Extension Project,P889,Economic Devel,2012 Bonds,Citywide,Ongoing,4481450,4476502,4948,0,0,4481450,,
2022,64,Economic Development,The Crossing Project,VI28,Economic Development Bonds,2017 Bonds,7,12/2022,390000,390000,0,0,0,390000,,
2022,64,Economic Development,TOD - TIF,P559,Transit- Oriented Development (TOD) Tax r Increment Financing District,GO CIP - Non,"2, 3, 4, 8, 14",12/2039,12356838,173226,12183612,3221126,4302573,19880537,2023,2024
2022,64,Economic Development,Trinity Groves Mixed-Use Project,P924,Sports Arena Tax Increment r Financing District,GO CIP - Non,2,12/2025,9853790,4773755,5080035,3124071,2398280,15376141,2023,2024
2022,64,Economic Development,Trinity Strand Hi- Line Span Pedestrian Bridge/Connector,W642,Design District Tax Increment r Financing District,GO CIP - Non,Citywide,09/2024,4531000,511000,4020000,0,2489000,7020000,2024,2024
2022,64,Economic Development,University TIF District-Increment,W467,University Tax Increment r Financing District,GO CIP - Non,"8, 12",12/2047,2556929,0,2556929,1926900,2023245,6507074,2023,2024
2022,65,Economic Development,Vickery Meadow Admin,P403,Vickery Meadow Tax Increment r Financing District,GO CIP - Non,13,12/2028,433981,309608,124373,125000,124999,683981,2023,2024
2022,65,Economic Development,Vickery Meadow TIF - Repayment of Advances,P470,Vickery Meadowr,G O C IP - Non,13,12/2028,22321292,19712362,2608930,2917709,2978564,28217565,2023,2024
2022,65,Economic Development,Victory North Hi Line Connector Trail Project,W697,Sports Arena Tax Increment r Financing District,GO CIP - Non,"2, 6",12/2026,0,0,0,0,0,0,,
2022,65,Economic Development,Victory South Parking Garage Improvements,P780,r Sports Arena Ta,GO CIP - Non,2,12/2028,7696001,6485001,1211000,855000,1710000,10261001,2023,2024
2022,65,Economic Development,Victory Su-district Retail,W151,r Sports Arena Ta,GO CIP - Non,2,12/2022,3500000,2333333,1166667,0,0,3500000,,
2022,65,Economic Development,Villas at Western Heights,W650,Fort Worth Avenue Tax Increment r Financing District,GO CIP - Non,"1, 6",09/2025,7678874,2500000,5178874,3561188,1617686,12857748,2023,2024
2022,65,Economic Development,Virgin Hotel Project,W301,Design District Tax Increment r Financing District,GO CIP - Non,6,12/2023,7689943,2842733,4847210,0,0,7689943,,
2022,65,Economic Development,Water Main Installations and Wastewater,VI34,Economic Development Bonds,2017 Bonds,8,10/2023,508739,508739,0,0,0,508739,,
2022,65,Economic Development,West Dallas - Target Rehab Program,VI31,Economic Devel,2012 B onds,Citywide,Ongoing,0,0,0,0,0,0,,
2022,65,Economic Development,Zang Plaza Project,W821,Oak Cliff Gateway Tax Increment r Financing District,GO CIP - Non,1,12/2025,0,0,0,0,900000,900000,2024,2024
2022,65,Economic Development,Grand Total,,,,,,0,0,0,0,0,0,,
2022,"71, 90",Flood Protection And Storm Drainage Management,San Gabriel Drive 4300 Blk,W622,Stormwater Drainage Management,Other GO CIP - Non-Debt,7,05/2025,320000,0,320000,1358750,0,1678750,2023,2023
2022,71,Flood Protection And Storm Drainage Management,"10836, 10840, 10844 Meadowcliff Cir",W093,Stormwater Drainage Management,2006 Bonds / 2012 Bonds,7,06/2023,587134,586403,730,0,0,587134,,
2022,71,Flood Protection And Storm Drainage Management,1700 N Field Street Drainage Repair,W706,Stormwater Drainage Management,Other GO CIP - Non-Debt,4,12/2028,0,0,0,0,0,0,,
2022,71,Flood Protection And Storm Drainage Management,17235 Stedman Dr,W667,Stormwater Drainage Management,Other GO CIP - Non-Debt,1,06/2023,134,134,0,0,0,134,,
2022,71,Flood Protection And Storm Drainage Management,2133 Province,W707,Stormwater Drainage Management,Other GO CIP - Non-Debt,1,12/2028,0,0,0,0,0,0,,
2022,71,Flood Protection And Storm Drainage Management,2530 Blanton Outfall Repair,W834,Stormwater Drainage Management,Other GO CIP - Non-Debt,5,09/2027,0,0,0,0,0,0,,
2022,71,Flood Protection And Storm Drainage Management,408 Glen Oak,W356,Stormwater Drainage Management,Other GO CIP - Non-Debt,4,01/2024,143000,15425,127575,0,0,143000,,
2022,71,Flood Protection And Storm Drainage Management,4126 Maybeth Drainage Relief,W709,Stormwater Drainage Management,Other GO CIP - Non-Debt,3,12/2028,0,0,0,0,0,0,,
2022,72,Flood Protection And Storm Drainage Management,"4209 Rosa Ct, Drainage Relief System",W710,Stormwater Drainage Management,Other GO CIP - Non-Debt,1,12/2024,0,0,0,225000,1275000,1500000,2023,2024
2022,72,Flood Protection And Storm Drainage Management,5th Street Drainage Relief system,W711,Stormwater Drainage Management,Other GO CIP - Non-Debt,1,12/2028,0,0,0,0,0,0,,
2022,72,Flood Protection And Storm Drainage Management,6900 Royal Lane Drainage Relief System,W875,Stormwater Drainage Management,Other GO CIP - Non-Debt,"11, 13",12/2027,0,0,0,0,156000,156000,2024,2024
2022,72,Flood Protection And Storm Drainage Management,Abshire Lane,VD62,Stormwater Drainage Management,2017 Bonds,7,09/2024,948500,127972,820528,0,0,948500,,
2022,72,Flood Protection And Storm Drainage Management,"Acres/Grady Detention Basins 1 & 2, Dredging",W398,Stormwater Drainage Management,Other GO CIP - Non-Debt,5,08/2024,1220262,142936,1077326,0,0,1220262,,
2022,72,Flood Protection And Storm Drainage Management,"Alderson, 3700",VD42,Stormwater Drainage Management,2017 Bonds,14,02/2025,188000,188000,0,1003000,0,1191000,2023,2023
2022,72,Flood Protection And Storm Drainage Management,Alpha 6919 Drainage Relief System,W712,Stormwater Drainage Management,Other GO CIP - Non-Debt,11,12/2027,0,0,0,0,0,0,,
2022,72,Flood Protection And Storm Drainage Management,Alpha at Peyton (RL Area 3),W833,Stormwater Drainage Management,Other GO CIP - Non-Debt,11,09/2027,0,0,0,0,0,0,,
2022,72,Flood Protection And Storm Drainage Management,Anderson Ave @ Goodman,W399,Stormwater Drainage Management,Other GO CIP - Non-Debt,6,04/2025,230000,0,230000,202400,0,432400,2023,2023
2022,72,Flood Protection And Storm Drainage Management,Ash Creek - S Fork - Bridges @ Lakeland,T497,Flood Management,2006 Bonds,7,04/2025,3274046,3565839,-291793,0,0,3274046,,
2022,72,Flood Protection And Storm Drainage Management,Ash Creek - S Fork Channel Improvements at John West,W400,Stormwater Drainage Management,Other GO CIP - Non-Debt,7,04/2025,243500,0,243500,0,0,243500,,
2022,72,Flood Protection And Storm Drainage Management,Ash Creek Trib 5B7 Bridge Improvement @ Peavy,W713,Stormwater Drainage Management,Other GO CIP - Non-Debt,9,12/2028,0,0,0,0,0,0,,
2022,73,Flood Protection And Storm Drainage Management,Ash Creek Trib 5B7 Bridge Improvement @ Province,W714,Stormwater Drainage Management,Other GO CIP - Non-Debt,9,12/2027,0,0,0,0,0,0,,
2022,73,Flood Protection And Storm Drainage Management,Audelia 11601 (Audelia - E Bank),S702,Erosion Control,2012 Bonds,10,01/2023,2500,526720,-524220,0,0,2500,,
2022,73,Flood Protection And Storm Drainage Management,"Baymar Lane, 6201",VD26,Erosion Control,2017 Bonds,12,06/2023,216095,216095,0,0,0,216095,,
2022,73,Flood Protection And Storm Drainage Management,Beckley @ Coombs Creek Drinage Study,W401,Stormwater Drainage Management,Other GO CIP - Non-Debt,1,04/2025,125000,0,125000,0,0,125000,,
2022,73,Flood Protection And Storm Drainage Management,"Bent Creek Detention Basin, Dredging",W402,Stormwater Drainage Management,Other GO CIP - Non-Debt,12,08/2024,124169,37369,86800,0,0,124169,,
2022,73,Flood Protection And Storm Drainage Management,"Betty Jane, 10225",VD27,Erosion Control,2017 Bonds,13,09/2024,354600,43485,311115,0,0,354600,,
2022,73,Flood Protection And Storm Drainage Management,Birchridge 14721,W717,Stormwater Drainage Management,Other GO CIP - Non-Debt,11,12/2028,0,0,0,0,0,0,,
2022,73,Flood Protection And Storm Drainage Management,Bonnie View over Five Mile Creek,VD12,Erosion Control,2017 Bonds,8,01/2024,645000,94904,550096,0,0,645000,,
2022,73,Flood Protection And Storm Drainage Management,Burninglog 13156,S709,Erosion Control,2012 Bonds,10,11/2023,68600,37939,30661,0,0,68600,,
2022,73,Flood Protection And Storm Drainage Management,Calcutta 616 (RL Area 40),W273,Stormwater Drainage Management,Other GO CIP - Non-Debt,3,06/2024,440000,67397,372603,0,0,440000,,
2022,73,Flood Protection And Storm Drainage Management,Cedar Creek Bridge @ Clarendon,W403,Stormwater Drainage Management,Other GO CIP - Non-Debt,4,04/2025,281000,0,281000,0,2529000,2810000,2024,2024
2022,73,Flood Protection And Storm Drainage Management,Cedar Creek Bridge @ Clarendon (Sta 149+13),W718,Stormwater Drainage Management,Other GO CIP - Non-Debt,4,12/2028,0,0,0,0,0,0,,
2022,73,Flood Protection And Storm Drainage Management,Cedar Creek Bridge @ Moore,W404,Stormwater Drainage Management,Other GO CIP - Non-Debt,4,04/2025,147600,0,147600,0,1328400,1476000,2024,2024
2022,74,Flood Protection And Storm Drainage Management,Cedar Creek Bridge @ Tyler,W719,Stormwater Drainage Management,Other GO CIP - Non-Debt,1,12/2026,0,0,0,0,0,0,,
2022,74,Flood Protection And Storm Drainage Management,Cedar Creek Channel -ATSF RR to Ewing,W720,Stormwater Drainage Management,Other GO CIP - Non-Debt,4,12/2026,0,0,0,0,0,0,,
2022,74,Flood Protection And Storm Drainage Management,Cedar Creek Channel Improvements (908 s Rosemont),W721,Stormwater Drainage Management,Other GO CIP - Non-Debt,1,12/2028,0,0,0,0,0,0,,
2022,74,Flood Protection And Storm Drainage Management,Cedar Creek Culvert @ Polk,W722,Stormwater Drainage Management,Other GO CIP - Non-Debt,1,12/2026,0,0,0,0,0,0,,
2022,74,Flood Protection And Storm Drainage Management,Cedar Creek Culvert @ W. Claredon Drive,W230,Stormwater Drainage Management,Other GO CIP - Non-Debt,1,01/2024,447883,85518,362365,0,0,447883,,
2022,74,Flood Protection And Storm Drainage Management,Cedar Creek Culvert @ Winnetka,W723,Stormwater Drainage Management,Other GO CIP - Non-Debt,1,12/2028,0,0,0,0,0,0,,
2022,74,Flood Protection And Storm Drainage Management,Cedar Springs Branch - Lomo Alto Dr @ Lemmon Ave,W836,Stormwater Drainage Management,Other GO CIP - Non-Debt,14,12/2024,0,0,0,450000,0,450000,2023,2023
2022,74,Flood Protection And Storm Drainage Management,Cedar Springs Branch @ Denton,W725,Stormwater Drainage Management,Other GO CIP - Non-Debt,2,12/2028,0,0,0,0,0,0,,
2022,74,Flood Protection And Storm Drainage Management,Cedar Springs Branch @ Production,W835,Stormwater Drainage Management,Other GO CIP - Non-Debt,2,12/2028,0,0,0,0,0,0,,
2022,74,Flood Protection And Storm Drainage Management,Chalk Hill Branch @ S.Counts,W728,Stormwater Drainage Management,Other GO CIP - Non-Debt,3,12/2028,0,0,0,0,0,0,,
2022,74,Flood Protection And Storm Drainage Management,Chalk Hill Branch Bridge @ N. Counts,W837,Stormwater Drainage Management,Other GO CIP - Non-Debt,3,12/2028,0,0,0,0,0,0,,
2022,75,Flood Protection And Storm Drainage Management,Chalk Hill Branch Culvert @ Jefferson,W729,Stormwater Drainage Management,Other GO CIP - Non-Debt,3,12/2028,0,0,0,0,0,0,,
2022,75,Flood Protection And Storm Drainage Management,Chalkhill Branch - I30/Loop 12 Interchange,VD33,Stormwater Drainage Management,2017 Bonds,6,02/2025,780000,95908,684092,0,0,780000,,
2022,75,Flood Protection And Storm Drainage Management,Channel - Major Maintenance,W195,Stormwater Drainage Management,Other GO CIP - Non-Debt,Citywide,12/2032,0,0,0,175000,250000,425000,2023,2024
2022,75,Flood Protection And Storm Drainage Management,Cherry Hill 8647 Storm Drainage Relief,W838,Stormwater Drainage Management,Other GO CIP - Non-Debt,10,12/2029,0,0,0,0,0,0,,
2022,75,Flood Protection And Storm Drainage Management,Cherrybrook Dam Spillway Rehabilitation,W839,Stormwater Drainage Management,Other GO CIP - Non-Debt,5,12/2027,0,0,0,0,600000,600000,2024,2024
2022,75,Flood Protection And Storm Drainage Management,"Claren Court 7106, 7110, 7114",VD24,Erosion Control,2017 Bonds,12,06/2023,225400,223400,2000,0,0,225400,,
2022,75,Flood Protection And Storm Drainage Management,Clearbrook Lane 10500 Blk,VD17,Erosion Control,2017 Bonds,9,06/2023,263661,263661,0,0,0,263661,,
2022,75,Flood Protection And Storm Drainage Management,"Cliffdale, 322",W731,Stormwater Drainage Management,Other GO CIP - Non-Debt,1,12/2028,0,0,0,0,0,0,,
2022,75,Flood Protection And Storm Drainage Management,"Clubcreek Circle 8903, 8907, 8911",VD14,Erosion Control,2017 Bonds,10,01/2024,1077339,190016,887323,0,0,1077339,,
2022,75,Flood Protection And Storm Drainage Management,Clubhouse Circle 6523 & 6527,S715,Erosion Control,2012 Bonds / Other GO CIP - Non-Debt,11,06/2023,286493,286493,0,0,0,286493,,
2022,75,Flood Protection And Storm Drainage Management,Conrad - Louisiana Area Relief,W840,Stormwater Drainage Management,Other GO CIP - Non-Debt,4,12/2029,0,0,0,0,0,0,,
2022,76,Flood Protection And Storm Drainage Management,Coolgreene 8208,W231,Stormwater Drainage Management,Other GO CIP - Non-Debt,7,01/2023,281000,42984,238016,0,0,281000,,
2022,76,Flood Protection And Storm Drainage Management,Coombs Creek Bridge @ 9th,W733,Stormwater Drainage Management,Other GO CIP - Non-Debt,1,12/2028,0,0,0,0,0,0,,
2022,76,Flood Protection And Storm Drainage Management,Coombs Creek Bridge @ Barnett,W734,Stormwater Drainage Management,Other GO CIP - Non-Debt,1,12/2028,0,0,0,0,0,0,,
2022,76,Flood Protection And Storm Drainage Management,Coombs Creek Bridge @ Colorado,W736,Stormwater Drainage Management,Other GO CIP - Non-Debt,1,12/2024,0,0,0,0,0,0,,
2022,76,Flood Protection And Storm Drainage Management,Coombs Creek Bridge @ Plymouth,W737,Stormwater Drainage Management,Other GO CIP - Non-Debt,1,12/2026,0,0,0,0,0,0,,
2022,76,Flood Protection And Storm Drainage Management,Country Brook Pond Btwn Park Grove Ln &,S717,Erosion Control,2012 Bonds,12,08/2022,24961,131133,-106172,0,0,24961,,
2022,76,Flood Protection And Storm Drainage Management,Creek Bend Road 7028,VD80,Erosion Control,2017 Bonds,12,06/2023,79790,10485,69305,0,0,79790,,
2022,76,Flood Protection And Storm Drainage Management,Crestview East Addition No.2 (Beechmont 2779) Drainage relief system,W738,Stormwater Drainage Management,Other GO CIP - Non-Debt,7,12/2029,0,0,0,0,0,0,,
2022,76,Flood Protection And Storm Drainage Management,CTP,W139,Stormwater Drainage Management,Other GO CIP - Non-Debt,Citywide,12/2032,1180293,716581,463712,0,0,1180293,,
2022,76,Flood Protection And Storm Drainage Management,Cypress Branch @ Jennie Lee,VD75,Flood Management,2017 Bonds,7,02/2025,164700,105075,59625,18300,0,183000,2023,2023
2022,"76, 77",Flood Protection And Storm Drainage Management,Dallas Floodway DFE PPA,W446,Stormwater Drainage Management,1998 Bonds / 2006 Bonds,Citywide,12/2027,8908368,8888406,19962,0,0,8908368,,
2022,77,Flood Protection And Storm Drainage Management,Dallas Floodway Extension,W632,Erosion Control,1995 Bonds / 2006 Bonds / 1998 Bonds / 2003 Bonds / Other GO CIP - Non-Debt,Citywide,12/2027,22748269,3486307,19261964,0,0,22748269,,
2022,77,Flood Protection And Storm Drainage Management,"Deep Hill Circle 2625, 2641, 2663, 2667, 2687, 2691",VD02,Erosion Control,2017 Bonds,3,01/2024,1172641,12382,1160259,0,0,1172641,,
2022,77,Flood Protection And Storm Drainage Management,Dixon Branch Relief System (RL Areas 18 & 19),W845,Stormwater Drainage Management,Other GO CIP - Non-Debt,9,12/2031,0,0,0,0,0,0,,
2022,78,Flood Protection And Storm Drainage Management,Dixon Branch-E Prong Culvert@ Mediterranean,W740,Stormwater Drainage Management,Other GO CIP - Non-Debt,10,12/2028,0,0,0,0,0,0,,
2022,78,Flood Protection And Storm Drainage Management,Dorrington Circle 3106,W741,Stormwater Drainage Management,Other GO CIP - Non-Debt,7,12/2024,0,0,0,24000,136000,160000,2023,2024
2022,78,Flood Protection And Storm Drainage Management,Dredge Maintenance,W405,Stormwater Drainage Management,Other GO CIP - Non-Debt,Citywide,12/2032,175000,0,175000,175000,250000,600000,2023,2024
2022,78,Flood Protection And Storm Drainage Management,"El Cerrito Storm Drainage, 2470",VD11,Erosion Control,2017 Bonds,7,06/2024,200001,31783,168218,0,0,200001,,
2022,78,Flood Protection And Storm Drainage Management,"El Cerrito, 2420, 2460, 2522",VD10,Erosion Control,2017 Bonds,7,06/2023,720123,696279,23844,0,0,720123,,
2022,78,Flood Protection And Storm Drainage Management,El Tivoli Branch Culvert @ Plymouth Road,W847,Stormwater Drainage Management,Other GO CIP - Non-Debt,1,12/2027,0,0,0,0,60000,60000,2024,2024
2022,78,Flood Protection And Storm Drainage Management,El Tivoli@ Reverchon Drainage Relief System,W742,Stormwater Drainage Management,Other GO CIP - Non-Debt,1,12/2026,0,0,0,0,193200,193200,2024,2024
2022,78,Flood Protection And Storm Drainage Management,Elm Fork Trinity River - Upper East @ Skyline Trail Bridge / Trinity View Park,W846,Stormwater Drainage Management,Other GO CIP - Non-Debt,6,12/2026,0,0,0,0,192000,192000,2024,2024
2022,78,Flood Protection And Storm Drainage Management,Elmwood Branch Bridge @ Melbourne,W743,Stormwater Drainage Management,Other GO CIP - Non-Debt,1,12/2028,0,0,0,0,0,0,,
2022,78,Flood Protection And Storm Drainage Management,Elmwood Branch Culvert @ Edgefield,W744,Stormwater Drainage Management,Other GO CIP - Non-Debt,1,12/2028,0,0,0,0,0,0,,
2022,78,Flood Protection And Storm Drainage Management,Elmwood Branch Culvert @ Tyler & Vernon,W745,Stormwater Drainage Management,Other GO CIP - Non-Debt,1,12/2028,0,0,0,0,0,0,,
2022,79,Flood Protection And Storm Drainage Management,Emergency Pipe Repairs - Major Maintenance of Collapsed Pipe in Critical Areas,W268,Stormwater Drainage Management,Other GO CIP - Non-Debt,Citywide,12/2032,0,0,0,200000,250000,450000,2023,2024
2022,79,Flood Protection And Storm Drainage Management,Estes Branch Channel Improvements (2704 Mossglen),W746,Stormwater Drainage Management,Other GO CIP - Non-Debt,7,12/2028,0,0,0,0,0,0,,
2022,79,Flood Protection And Storm Drainage Management,Eustis Ave 8600- 8800 Blk & KCS Railroad Backwater Analysis,W747,Stormwater Drainage Management,Other GO CIP - Non-Debt,9,12/2025,0,0,0,0,0,0,,
2022,79,Flood Protection And Storm Drainage Management,"Fair Oaks Crossing, 8555",W406,Stormwater Drainage Management,Other GO CIP - Non-Debt,10,06/2024,102165,60165,42000,238000,0,340165,2023,2023
2022,79,Flood Protection And Storm Drainage Management,"Fair Oaks Detention Basin, Dredging",W407,Stormwater Drainage Management,Other GO CIP - Non-Debt,13,08/2024,793138,101298,691840,0,0,793138,,
2022,79,Flood Protection And Storm Drainage Management,Five Mile Pkwy 2200 Clock,W232,Stormwater Drainage Management,Other GO CIP - Non-Debt,4,07/2023,951430,877412,74018,0,0,951430,,
2022,79,Flood Protection And Storm Drainage Management,Flood Control Operations Center,W220,Stormwater Drainage Management,Other GO CIP - Non-Debt,6,07/2024,11818933,11818933,0,0,0,11818933,,
2022,79,Flood Protection And Storm Drainage Management,Flood Management Area - Major Maintenance,W194,Stormwater Drainage Management,Other GO CIP - Non-Debt,Citywide,12/2032,0,0,0,225000,225000,450000,2023,2024
2022,79,Flood Protection And Storm Drainage Management,Flood risk/Eco Restoration/ Recreation,W245,Trinity River Corridor Projects,1998 Bonds,Citywide,12/2027,31032575,31032574,1,0,0,31032575,,
2022,79,Flood Protection And Storm Drainage Management,Forest Ridge 9700 Block-Chiswell 9600 Block,VD76,Stormwater Drainage Management,2017 Bonds,10,09/2024,1344490,185755,1158735,0,0,1344490,,
2022,80,Flood Protection And Storm Drainage Management,Fort Worth Avenue @ Vilbig,VD37,Stormwater Drainage Management,2017 Bonds,6,04/2024,155090,32516,122574,0,0,155090,,
2022,80,Flood Protection And Storm Drainage Management,"Fox Hollow Lake, Dredging",W408,Stormwater Drainage Management,Other GO CIP - Non-Debt,3,08/2024,137770,31006,106764,0,0,137770,,
2022,80,Flood Protection And Storm Drainage Management,Funds to Supplement 2017 Bond Projects,W848,Stormwater Drainage Management,Other GO CIP - Non-Debt,Citywide,09/2024,0,0,0,7067615,0,7067615,2023,2023
2022,80,Flood Protection And Storm Drainage Management,FY22 EAN-SDM Fleet-Equipment Replacement,E449,Stormwater Drainage Management,Other GO CIP - Debt,Citywide,Ongoing,2500000,0,2500000,0,0,2500000,,
2022,80,Flood Protection And Storm Drainage Management,FY23 EAN-SDM Storm Drainage Management,W904,Stormwater Drainage Management,Other GO CIP - Debt,Citywide,Ongoing,0,0,0,2500000,2500000,5000000,2023,2024
2022,80,Flood Protection And Storm Drainage Management,Gabion - Major Maintenance,W196,Stormwater Drainage Management,Other GO CIP - Non-Debt,Citywide,12/2032,-451110,0,-451110,225000,225000,-1110,2023,2024
2022,80,Flood Protection And Storm Drainage Management,Gateridge 6841 Storm Drainage Relief,W849,Stormwater Drainage Management,Other GO CIP - Non-Debt,11,12/2029,0,0,0,0,0,0,,
2022,80,Flood Protection And Storm Drainage Management,Gifford-Roanoke Area Relief System - Phase II/ Brookhollow Bridge,VD38,Storm Drainage Relief System,2017 Bonds,2,02/2025,1645000,194420,1450580,0,0,1645000,,
2022,80,Flood Protection And Storm Drainage Management,Grauwyler Gate,W751,Stormwater Drainage Management,Other GO CIP - Non-Debt,2,12/2028,0,0,0,0,0,0,,
2022,80,Flood Protection And Storm Drainage Management,"Greendale 1721, 1716",VD67,Stormwater Drainage Management,2017 Bonds,5,10/2024,50000,18814,31186,55000,0,105000,2023,2023
2022,80,Flood Protection And Storm Drainage Management,Greenhollow/ Sapling Way/ Clearsprings RL,W200,Stormwater Drainage Management,Other GO CIP - Non-Debt,11,11/2023,1370700,199515,1171185,0,0,1370700,,
2022,81,Flood Protection And Storm Drainage Management,Greenspan - Kirnwood Area,VD65,Stormwater Drainage Management,2017 Bonds,8,09/2024,528500,72698,455802,0,0,528500,,
2022,81,Flood Protection And Storm Drainage Management,Guildhall-McCree Storm Drainage Relief System,W213,Stormwater Drainage Management,Other GO CIP - Non-Debt,Citywide,07/2023,4699970,436170,4263800,0,0,4699970,,
2022,81,Flood Protection And Storm Drainage Management,Hampton Gate,VD34,Stormwater Drainage Management,2017 Bonds,6,09/2024,4992,0,4992,472437,0,477429,2023,2023
2022,81,Flood Protection And Storm Drainage Management,Hatfield Branch @ Seagoville Channel Improvements,VD71,Flood Management,2017 Bonds,5,02/2025,200000,52474,147526,287000,0,487000,2023,2023
2022,81,Flood Protection And Storm Drainage Management,Hatfield Branch Dam Spillway Rehabilitation,W852,Stormwater Drainage Management,Other GO CIP - Non-Debt,5,12/2027,0,0,0,0,600000,600000,2024,2024
2022,81,Flood Protection And Storm Drainage Management,Healey 2116 & Kingsman 9869,S731,Erosion Control,2012 Bonds,9,05/2023,20642,20642,0,0,0,20642,,
2022,81,Flood Protection And Storm Drainage Management,Hearne @ Commerce,VD35,Stormwater Drainage Management,2017 Bonds,6,04/2024,589845,38488,551357,0,0,589845,,
2022,81,Flood Protection And Storm Drainage Management,Hickory Creek Floodplain Management Study,W270,Stormwater Drainage Management,Other GO CIP - Non-Debt,Citywide,12/2025,228066,0,228066,0,0,228066,,
2022,81,Flood Protection And Storm Drainage Management,Highgrove Area Drainage Relief System,W410,Stormwater Drainage Management,Other GO CIP - Non-Debt,Citywide,12/2024,0,0,0,415500,3739500,4155000,2023,2024
2022,81,Flood Protection And Storm Drainage Management,"Highland Road, 2447",VD68,Storm Drainage Relief System,2017 Bonds,7,06/2024,75000,39069,35931,120000,0,195000,2023,2023
2022,81,Flood Protection And Storm Drainage Management,"Hillside Drive, 3604",VD18,Erosion Control,2017 Bonds,9,06/2023,531749,531749,0,0,0,531749,,
2022,81,Flood Protection And Storm Drainage Management,"Holliday, 3445, 3449, 3605, 3621",W411,Stormwater Drainage Management,Other GO CIP - Non-Debt,Citywide,04/2025,124800,0,124800,915200,0,1040000,2023,2023
2022,82,Flood Protection And Storm Drainage Management,"Hollow Ridge, 4804",VD74,Stormwater Drainage Management,2017 Bonds,7,02/2025,165000,10111,154889,185000,0,350000,2023,2023
2022,82,Flood Protection And Storm Drainage Management,"Homer Street, 3215",VD43,Stormwater Drainage Management,2017 Bonds,14,09/2024,141000,21200,119800,0,0,141000,,
2022,82,Flood Protection And Storm Drainage Management,Jackson Branch- Church Road Bridge,W753,Stormwater Drainage Management,Other GO CIP - Non-Debt,10,12/2028,0,0,0,0,0,0,,
2022,82,Flood Protection And Storm Drainage Management,Joe's Creek - TXU ROW and 3900 Block Vinecrest,VD28,Erosion Control,2017 Bonds / Other GO CIP - Non-Debt,13,06/2023,437566,437566,0,0,0,437566,,
2022,82,Flood Protection And Storm Drainage Management,Joe's Creek West Fork Bridge @ Walnut Hill,VD47,Flood Management,2017 Bonds,6,10/2024,275000,223343,51657,195000,0,470000,2023,2023
2022,82,Flood Protection And Storm Drainage Management,Joes Creek West Fork Channel and Cuvert Improvements,W276,Stormwater Drainage Management,Other GO CIP - Non-Debt,13,12/2029,0,0,0,0,0,0,,
2022,82,Flood Protection And Storm Drainage Management,Junius Street @Baylor University Medical Center,VD39,Stormwater Drainage Management,2017 Bonds,2,09/2024,102829,102829,0,0,0,102829,,
2022,82,Flood Protection And Storm Drainage Management,"Keeton Park Lake, Dredging",W412,Stormwater Drainage Management,Other GO CIP - Non-Debt,5,08/2024,118966,118966,0,671832,0,790798,2023,2023
2022,82,Flood Protection And Storm Drainage Management,Kidd Springs - H&H Study,VD31,Erosion Control,2017 Bonds,1,12/2022,89000,89000,0,0,0,89000,,
2022,82,Flood Protection And Storm Drainage Management,Kidd Springs Branch @ Colorado,W754,Stormwater Drainage Management,Other GO CIP - Non-Debt,1,12/2028,0,0,0,0,0,0,,
2022,83,Flood Protection And Storm Drainage Management,Kidd Springs Tunnel,W656,Stormwater Drainage Management,Other GO CIP - Non-Debt,1,12/2025,89945,89945,0,0,0,89945,,
2022,83,Flood Protection And Storm Drainage Management,Kidd Springs Tunnel Rehabilitation,W854,Stormwater Drainage Management,Other GO CIP - Non-Debt,1,12/2025,0,0,0,36000,300000,336000,2023,2024
2022,83,Flood Protection And Storm Drainage Management,Kiest Boulevard W. 2412,W234,Stormwater Drainage Management,Other GO CIP - Non-Debt,3,07/2023,332600,45547,287053,0,192400,525000,2024,2024
2022,83,Flood Protection And Storm Drainage Management,"Kiesthill (3425, 3407, 3411, 3431), Kiest Crest (3610), Kiest (3327, 3335, 3419), and Kiest Crest",W414,Stormwater Drainage Management,Other GO CIP - Non-Debt,3,04/2025,236800,0,236800,3316950,0,3553750,2023,2023
2022,83,Flood Protection And Storm Drainage Management,Kiltartan 1511,S735,Erosion Control,1995 Bonds,9,08/2022,1266,1266,0,0,0,1266,,
2022,83,Flood Protection And Storm Drainage Management,Kiltartan 1519,W755,Stormwater Drainage Management,Other GO CIP - Non-Debt,9,12/2024,0,0,0,33600,190400,224000,2023,2024
2022,83,Flood Protection And Storm Drainage Management,Kings Branch @ Genoa,VD61,Flood Management,2017 Bonds,4,09/2024,262000,41525,220475,0,0,262000,,
2022,83,Flood Protection And Storm Drainage Management,Kings Branch Culvert @ Denley,VD60,Flood Management,2017 Bonds,4,04/2024,736433,80625,655808,0,0,736433,,
2022,83,Flood Protection And Storm Drainage Management,Kings Branch Culvert @ Edgemont,VD56,Flood Management,2017 Bonds,4,04/2024,513385,32621,480764,0,0,513385,,
2022,83,Flood Protection And Storm Drainage Management,Kings Branch Culvert @ Georgia,VD54,Flood Management,2017 Bonds,4,04/2024,428604,33718,394886,0,0,428604,,
2022,83,Flood Protection And Storm Drainage Management,Kings Branch Culvert @ Louisiana,VD59,Flood Management,2017 Bonds,4,04/2024,431955,59185,372770,0,0,431955,,
2022,83,Flood Protection And Storm Drainage Management,Kings Branch Culvert @ Stella,VD58,Flood Management,2017 Bonds,4,09/2024,192000,32298,159702,0,0,192000,,
2022,84,Flood Protection And Storm Drainage Management,Kings Branch Culvert @ Woodin,VD57,Flood Management,2017 Bonds,4,04/2024,308054,35132,272922,0,0,308054,,
2022,84,Flood Protection And Storm Drainage Management,Knights 3800 @ Grinnell,W756,Stormwater Drainage Management,Other GO CIP - Non-Debt,4,12/2028,0,0,0,0,0,0,,
2022,84,Flood Protection And Storm Drainage Management,Knights Branch Upper Relief System Study,W756,Stormwater Drainage Management,Other GO CIP - Non-Debt,"2, 13",12/2026,0,0,0,0,0,0,,
2022,84,Flood Protection And Storm Drainage Management,Knights Street 2426 & 2428,W757,Stormwater Drainage Management,Other GO CIP - Non-Debt,2,12/2028,0,0,0,0,0,0,,
2022,84,Flood Protection And Storm Drainage Management,Lafayette Heights Branch Culvert @ Plymouth Road,W858,Stormwater Drainage Management,Other GO CIP - Non-Debt,1,09/2027,0,0,0,0,67200,67200,2024,2024
2022,84,Flood Protection And Storm Drainage Management,Lake Cliff Dam Rehabilitation,W860,Stormwater Drainage Management,Other GO CIP - Non-Debt,1,12/2026,0,0,0,0,600000,600000,2024,2024
2022,84,Flood Protection And Storm Drainage Management,Lake Cliff Dam Seepage Project,W859,Stormwater Drainage Management,Other GO CIP - Non-Debt,1,12/2026,0,0,0,0,0,0,,
2022,84,Flood Protection And Storm Drainage Management,"Lake Highlands Town Center, Dredge Project",VD77,Stormwater Drainage Management,2017 Bonds,10,05/2023,1664043,10000,1654043,0,0,1664043,,
2022,84,Flood Protection And Storm Drainage Management,Lake June @ St. Augustine,VD72,Flood Management,2017 Bonds,5,02/2025,200000,62714,137286,521000,0,721000,2023,2023
2022,84,Flood Protection And Storm Drainage Management,Lakeland 2214,W235,Stormwater Drainage Management,Other GO CIP - Non-Debt,9,01/2023,37375,290106,-252731,0,0,37375,,
2022,84,Flood Protection And Storm Drainage Management,Lane Park-7100 to 7300 Block,W760,Stormwater Drainage Management,Other GO CIP - Non-Debt,13,12/2028,0,0,0,0,0,0,,
2022,84,Flood Protection And Storm Drainage Management,Lisbon Area C,W204,Stormwater Drainage Management,Other GO CIP - Non-Debt,4,07/2023,1654300,293063,1361237,0,0,1654300,,
2022,85,Flood Protection And Storm Drainage Management,"Lively Lane, 3808",VD48,Storm Drainage Relief System,2017 Bonds,6,06/2024,64000,39688,24312,16000,0,80000,2023,2023
2022,85,Flood Protection And Storm Drainage Management,Loganwood 3602,VD69,Stormwater Drainage Management,2017 Bonds,5,10/2024,100000,43038,56962,156000,0,256000,2023,2023
2022,85,Flood Protection And Storm Drainage Management,"Lone Star Detention Basin, Dredging",W416,Stormwater Drainage Management,Other GO CIP - Non-Debt,6,08/2024,93643,93625,18,0,0,93643,,
2022,85,Flood Protection And Storm Drainage Management,Loree 1742,W761,Stormwater Drainage Management,Other GO CIP - Non-Debt,9,12/2028,0,0,0,0,0,0,,
2022,85,Flood Protection And Storm Drainage Management,Mapleleaf Circle/ Mapleleaf Lane Area,W763,Stormwater Drainage Management,Other GO CIP - Non-Debt,3,12/2028,0,0,0,0,0,0,,
2022,85,Flood Protection And Storm Drainage Management,Master Plans / Floodplain Management Studies,W417,Stormwater Drainage Management,Other GO CIP - Non-Debt,Citywide,08/2024,4540000,3500000,1040000,0,0,4540000,,
2022,85,Flood Protection And Storm Drainage Management,McCommas Branch FPMS Alt 4,W277,Stormwater Drainage Management,Other GO CIP - Non-Debt,14,05/2025,479432,0,479432,619500,1400000,2498932,2023,2024
2022,85,Flood Protection And Storm Drainage Management,McCree Branch- White Rock-Flood Management,T515,Flood Management,2006 Bonds,10,11/2023,41527,96901,-55374,0,0,41527,,
2022,85,Flood Protection And Storm Drainage Management,Meadow Lake Ave 7102 & Westlake 7203,W764,Stormwater Drainage Management,Other GO CIP - Non-Debt,10,12/2032,0,0,0,0,0,0,,
2022,85,Flood Protection And Storm Drainage Management,"Meadowcliff 10720, 10726",VD13,Erosion Control,2006 Bonds / 2017 Bonds,10,06/2022,1088583,1238966,-150384,0,0,1088583,,
2022,85,Flood Protection And Storm Drainage Management,Meadowknoll 8911,W765,Stormwater Drainage Management,Other GO CIP - Non-Debt,13,12/2032,0,0,0,0,0,0,,
2022,"85, 86",Flood Protection And Storm Drainage Management,Meandering Way 16209,VD81,Erosion Control,2017 Bonds,12,02/2025,71016,12152,58864,0,0,71016,,
2022,86,Flood Protection And Storm Drainage Management,Meandering Way 17490 Site A (1901),W626,Stormwater Drainage Management,Other GO CIP - Non-Debt,12,06/2023,1442984,1442984,0,0,0,1442984,,
2022,86,Flood Protection And Storm Drainage Management,Medical District Drive Drainage Relief System Phase II,W863,Stormwater Drainage Management,Other GO CIP - Non-Debt,2,12/2030,0,0,0,0,0,0,,
2022,86,Flood Protection And Storm Drainage Management,Melody Lane 6262 Site 1&2,W766,Stormwater Drainage Management,Other GO CIP - Non-Debt,13,12/2025,0,0,0,253350,0,253350,2023,2023
2022,86,Flood Protection And Storm Drainage Management,"Mercer Place, 9056",W790,Stormwater Drainage Management,Other GO CIP - Non-Debt,9,05/2025,24000,0,24000,136000,0,160000,2023,2023
2022,86,Flood Protection And Storm Drainage Management,Mill Creek Drainage Relief System - Phase I,T525,Flood Management,2006 Bonds / Other GO CIP - Non-Debt,Citywide,11/2023,87693846,49049034,38644813,0,0,87693846,,
2022,86,Flood Protection And Storm Drainage Management,"Mill Creek, Peaks Branch and State Thomas",S769,Flood Management,2012 Bonds,Citywide,11/2023,218600000,204573549,14026451,0,0,218600000,,
2022,86,Flood Protection And Storm Drainage Management,Milverton @ Palisade,VD73,Stormwater Drainage Management,2017 Bonds,5,10/2024,150000,91760,58240,720000,0,870000,2023,2023
2022,86,Flood Protection And Storm Drainage Management,Monte Carlo 1600 and 3400 block,W274,Stormwater Drainage Management,Other GO CIP - Non-Debt,4,10/2024,200000,70325,129675,0,0,200000,,
2022,"86, 87",Flood Protection And Storm Drainage Management,Morning Dew Circle 3844 (RL Area 39),VD55,Erosion Control,2017 Bonds,4,04/2024,210941,21800,189141,0,0,210941,,
2022,87,Flood Protection And Storm Drainage Management,"Munger, 1300, 1301",VD40,Erosion Control,2017 Bonds,"2, 14",04/2024,82333,13713,68620,0,0,82333,,
2022,87,Flood Protection And Storm Drainage Management,N. Winnetka Ave. @ McBroom Street Drainage Relief,W767,Stormwater Drainage Management,Other GO CIP - Non-Debt,6,12/2028,0,0,0,0,0,0,,
2022,87,Flood Protection And Storm Drainage Management,Nandina - Pine Trail Area,VD63,Stormwater Drainage Management,2017 Bonds,7,02/2025,913500,193017,720483,0,0,913500,,
2022,87,Flood Protection And Storm Drainage Management,"Nedra Way, 15821, 15827",VD25,Erosion Control,2017 Bonds,12,06/2023,335002,335002,0,0,0,335002,,
2022,87,Flood Protection And Storm Drainage Management,Northclif Drive 9804,W768,Stormwater Drainage Management,Other GO CIP - Non-Debt,9,12/2025,0,0,0,0,73500,73500,2024,2024
2022,87,Flood Protection And Storm Drainage Management,Northwest Highway @ Tulane,W769,Stormwater Drainage Management,Other GO CIP - Non-Debt,13,12/2028,0,0,0,0,0,0,,
2022,87,Flood Protection And Storm Drainage Management,Oates Drive 1407,VD19,Erosion Control,2017 Bonds,9,06/2023,439960,439960,0,0,0,439960,,
2022,87,Flood Protection And Storm Drainage Management,Ohio W. 412 416,W236,Stormwater Drainage Management,Other GO CIP - Non-Debt,4,05/2023,23375,1000,22375,0,0,23375,,
2022,87,Flood Protection And Storm Drainage Management,"Pandora Circle, 13344",W419,Stormwater Drainage Management,Other GO CIP - Non-Debt,10,04/2025,48000,0,48000,272000,0,320000,2023,2023
2022,87,Flood Protection And Storm Drainage Management,Parkdale Bridge - White Rock Creek Tributary,VD08,Erosion Control,2017 Bonds,7,09/2024,0,0,0,97000,0,97000,2023,2023
2022,87,Flood Protection And Storm Drainage Management,Parkhurst - Brookhurst (Lake Highlands Baptist) Relief System,W867,Stormwater Drainage Management,Other GO CIP - Non-Debt,9,12/2031,0,0,0,0,0,0,,
2022,88,Flood Protection And Storm Drainage Management,Parrish Branch Culvert @ Wheatland Rd.,W237,Stormwater Drainage Management,Other GO CIP - Non-Debt,8,01/2024,46000,114036,-68036,516536,0,562536,2023,2023
2022,88,Flood Protection And Storm Drainage Management,"Paul Quinn College, 3837 Simpson Stewar",W238,Stormwater Drainage Management,Other GO CIP - Non-Debt,8,01/2023,368250,57634,310616,0,0,368250,,
2022,88,Flood Protection And Storm Drainage Management,Peaks Branch Upper Basin Relief System (RL Area 13),W868,Stormwater Drainage Management,Other GO CIP - Non-Debt,Citywide,12/2032,0,0,0,0,0,0,,
2022,88,Flood Protection And Storm Drainage Management,Pensive Drive Channel/ Walnut Hill Relief System,W212,Stormwater Drainage Management,Other GO CIP - Non-Debt,Citywide,07/2023,11025000,1116051,9908949,0,0,11025000,,
2022,88,Flood Protection And Storm Drainage Management,Plano Pkwy. 8800,W770,Stormwater Drainage Management,Other GO CIP - Non-Debt,10,12/2028,0,0,0,0,0,0,,
2022,88,Flood Protection And Storm Drainage Management,Pleasant Branch - Tonawanda to Bruton,W261,Stormwater Drainage Management,Other GO CIP - Non-Debt,1,08/2024,472458,472458,0,0,0,472458,,
2022,88,Flood Protection And Storm Drainage Management,Pleasant Branch Tonawanda to Bruton,W279,Stormwater Drainage Management,Other GO CIP - Non-Debt,5,08/2024,4686151,0,4686151,0,0,4686151,,
2022,88,Flood Protection And Storm Drainage Management,Plymouth Road Drainage Relief (Avon to Bahama),W869,Stormwater Drainage Management,Other GO CIP - Non-Debt,1,12/2027,0,0,0,0,48000,48000,2024,2024
2022,88,Flood Protection And Storm Drainage Management,Polk Street 3425 (RL Area 38),W272,Stormwater Drainage Management,Other GO CIP - Non-Debt,3,12/2026,440000,0,440000,0,0,440000,,
2022,88,Flood Protection And Storm Drainage Management,Prairie Creek Channel & Bridge Improvement @ 175,VD70,Flood Management,2017 Bonds,5,02/2025,300000,69901,230099,917000,0,1217000,2023,2023
2022,88,Flood Protection And Storm Drainage Management,Prairie Oak Drive 9321 (RL Area 33),VD66,Stormwater Drainage Management,2017 Bonds,5,10/2024,125000,70737,54263,300000,0,425000,2023,2023
2022,89,Flood Protection And Storm Drainage Management,Pratt St @ Mayrant Dr. Erosion Control,W870,Stormwater Drainage Management,Other GO CIP - Non-Debt,1,09/2025,0,0,0,0,42000,42000,2024,2024
2022,89,Flood Protection And Storm Drainage Management,"Preston Bend Drive, 17110",W420,Stormwater Drainage Management,Other GO CIP - Non-Debt,12,04/2026,76800,0,76800,563200,0,640000,2023,2023
2022,89,Flood Protection And Storm Drainage Management,Preston Creek Place 6166,W771,Stormwater Drainage Management,Other GO CIP - Non-Debt,11,12/2028,0,0,0,0,0,0,,
2022,89,Flood Protection And Storm Drainage Management,"Preston Hollow Channel, Phases 1& 2, Desco",VD51,Flood Management,2017 Bonds,13,02/2025,245000,208076,36924,1609000,0,1854000,2023,2023
2022,89,Flood Protection And Storm Drainage Management,Pruitt Branch Tributary Culvert Improvements @ Kingsfield,VD64,Flood Management,2017 Bonds,8,04/2024,307975,66410,241565,0,0,307975,,
2022,89,Flood Protection And Storm Drainage Management,Pyka 3918,W239,Stormwater Drainage Management,Other GO CIP - Non-Debt,3,01/2024,519617,40077,479540,0,0,519617,,
2022,89,Flood Protection And Storm Drainage Management,"Ravinia South,123",W773,Stormwater Drainage Management,Other GO CIP - Non-Debt,1,12/2026,0,0,0,0,0,0,,
2022,89,Flood Protection And Storm Drainage Management,Rawlings-Douglas to Knight Drainage Relief,W197,Stormwater Drainage Management,Other GO CIP - Non-Debt,14,10/2022,1820318,1077102,743216,0,0,1820318,,
2022,89,Flood Protection And Storm Drainage Management,Red Bird Branch Culvert @ Red Bird Lane,W421,Stormwater Drainage Management,Other GO CIP - Non-Debt,3,04/2025,270000,0,270000,2430000,0,2700000,2023,2023
2022,89,Flood Protection And Storm Drainage Management,Rembrandt Terrace 18731,W240,Stormwater Drainage Management,Other GO CIP - Non-Debt,12,01/2023,203079,203079,0,0,0,203079,,
2022,89,Flood Protection And Storm Drainage Management,Repetitive Loss Properties,W872,Stormwater Drainage Management,Other GO CIP - Non-Debt,Citywide,12/2032,0,0,0,750000,1827397,2577397,2023,2024
2022,89,Flood Protection And Storm Drainage Management,Rexford Dr @ Shorecrest Dr,VD53,Storm Drainage Relief System,2017 Bonds,13,02/2025,149523,20477,129046,0,0,149523,,
2022,90,Flood Protection And Storm Drainage Management,Richwood,W241,Stormwater Drainage Management,Other GO CIP - Non-Debt,3,01/2023,1911306,1323370,587936,0,0,1911306,,
2022,90,Flood Protection And Storm Drainage Management,"Riverhill Drive, 17418",VD22,Erosion Control,2017 Bonds,12,06/2023,228195,228150,45,0,0,228195,,
2022,90,Flood Protection And Storm Drainage Management,Roof & HVAC Replacements,W873,Stormwater Drainage Management,Other GO CIP - Non-Debt,Citywide,12/2032,0,0,0,250000,500000,750000,2023,2024
2022,90,Flood Protection And Storm Drainage Management,"Royal Lane, 3162 (RL Area 7)",VD52,Stormwater Drainage Management,2017 Bonds,13,10/2024,98000,45466,52534,122000,0,220000,2023,2023
2022,90,Flood Protection And Storm Drainage Management,"Royal Lane, 7012",VD50,Stormwater Drainage Management,2017 Bonds,11,10/2024,145000,114269,30731,905000,0,1050000,2023,2023
2022,90,Flood Protection And Storm Drainage Management,Rush Creek - Relief/Diversion System,T533,Stormwater Drainage Management,2006 Bonds,Citywide,11/2023,495017,495018,-1,0,0,495017,,
2022,90,Flood Protection And Storm Drainage Management,Sage Valley-Wisteria Area,W776,Stormwater Drainage Management,Other GO CIP - Non-Debt,3,12/2029,0,0,0,0,0,0,,
2022,90,Flood Protection And Storm Drainage Management,Sanford Ave Relief System,W199,Stormwater Drainage Management,Other GO CIP - Non-Debt,9,07/2023,323760,408860,-85100,0,0,323760,,
2022,90,Flood Protection And Storm Drainage Management,"Shady Hollow Ct, 3300 Block & Boulder Drive",VD16,Erosion Control,2017 Bonds,3,01/2023,214337,214337,0,0,0,214337,,
2022,90,Flood Protection And Storm Drainage Management,"Sinclair, 10514",W423,Stormwater Drainage Management,Other GO CIP - Non-Debt,9,04/2025,24000,0,24000,136000,0,160000,2023,2023
2022,90,Flood Protection And Storm Drainage Management,Sonnet Drive Drainage Relief System,W877,Stormwater Drainage Management,Other GO CIP - Non-Debt,13,12/2026,0,0,0,372000,0,372000,2023,2023
2022,90,Flood Protection And Storm Drainage Management,Sorcey Road @ White Ash,VD41,Flood Management,2017 Bonds,3,04/2024,246767,34975,211792,0,0,246767,,
2022,91,Flood Protection And Storm Drainage Management,"South Lamar Ph. 2 - Pear, Mooney, Bannock Area",W424,Stormwater Drainage Management,Other GO CIP - Non-Debt,7,04/2025,400000,0,400000,0,3600000,4000000,2024,2024
2022,91,Flood Protection And Storm Drainage Management,Spring Grove 13316,S751,Erosion Control,2012 Bonds,11,06/2023,208831,208252,580,0,0,208831,,
2022,91,Flood Protection And Storm Drainage Management,Squaw Valley 17628,S754,Erosion Control,2012 Bonds / Other GO CIP - Non-Debt,12,06/2023,256502,250620,5882,0,0,256502,,
2022,91,Flood Protection And Storm Drainage Management,"Squaw Valley, 17612,17614 & 17630",W425,Stormwater Drainage Management,Other GO CIP - Non-Debt,12,04/2025,120192,85100,35092,881408,0,1001600,2023,2023
2022,91,Flood Protection And Storm Drainage Management,State-Thomas - Antique District (Fairmou,T534,Stormwater Drainage Management,2006 Bonds,Citywide,11/2023,28041,28041,0,0,0,28041,,
2022,91,Flood Protection And Storm Drainage Management,State-Thomas - Flora/Boll to Fairmont,VD45,Stormwater Drainage Management,2017 Bonds,14,09/2024,495000,102500,392500,0,0,495000,,
2022,91,Flood Protection And Storm Drainage Management,State-Thomas - Hallsville/ Worthington,VD44,Stormwater Drainage Management,2017 Bonds,14,04/2024,636000,99588,536412,0,0,636000,,
2022,91,Flood Protection And Storm Drainage Management,State-Thomas - McKinney Ave.,T535,Stormwater Drainage Management,2006 Bonds,Citywide,11/2023,2787883,2787883,0,0,0,2787883,,
2022,91,Flood Protection And Storm Drainage Management,State-Thomas @ Woodall Rodgers,T536,Stormwater Drainage Management,2006 Bonds,Citywide,11/2023,6517202,6517202,0,0,0,6517202,,
2022,91,Flood Protection And Storm Drainage Management,Stedman Cir 17309 & 17315,VD21,Erosion Control,2017 Bonds / Other GO CIP - Non-Debt,12,06/2023,350914,350914,0,0,0,350914,,
2022,92,Flood Protection And Storm Drainage Management,Storm Water Operations Facility,W879,Stormwater Drainage Management,Other GO CIP - Non-Debt,Citywide,09/2025,0,0,0,0,8000000,8000000,2024,2024
2022,92,Flood Protection And Storm Drainage Management,"Summer Creek Circle 6145, 6153, 6155, 6157",W426,Stormwater Drainage Management,Other GO CIP - Non-Debt,13,10/2024,230400,0,230400,1689600,0,1920000,2023,2023
2022,92,Flood Protection And Storm Drainage Management,"Tamarack 1745, 1739, 1751",S757,Erosion Control,2012 Bonds,9,10/2024,0,68205,-68205,0,0,0,,
2022,92,Flood Protection And Storm Drainage Management,Teakwood Elmridge Drainage Relief,VD49,Erosion Control,2017 Bonds,11,06/2024,67500,64089,3411,550000,0,617500,2023,2023
2022,92,Flood Protection And Storm Drainage Management,Throckmorton- Reagan-Drainage Improvements,W198,Stormwater Drainage Management,Other GO CIP - Non-Debt,2,07/2024,3803901,530768,3273133,2749117,0,6553018,2023,2023
2022,92,Flood Protection And Storm Drainage Management,Timber Trail Dr. 10245,W243,Stormwater Drainage Management,Other GO CIP - Non-Debt,13,01/2023,43625,149600,-105975,0,0,43625,,
2022,92,Flood Protection And Storm Drainage Management,"Trammel Drive, 6561",W427,Stormwater Drainage Management,Other GO CIP - Non-Debt,9,04/2025,24000,0,24000,136000,0,160000,2023,2023
2022,92,Flood Protection And Storm Drainage Management,"Tree Shadow Trail, 5910",VD79,Stormwater Drainage Management,2017 Bonds,12,02/2025,813217,5000,808217,0,0,813217,,
2022,92,Flood Protection And Storm Drainage Management,Trinity River - Lower East @ Bellevue Pressure Sewer,W880,Stormwater Drainage Management,Other GO CIP - Non-Debt,2,12/2029,0,0,0,0,0,0,,
2022,92,Flood Protection And Storm Drainage Management,Trinity River - Lower East @ RR / Courts Building,W882,Stormwater Drainage Management,Other GO CIP - Non-Debt,6,12/2030,0,0,0,0,0,0,,
2022,93,Flood Protection And Storm Drainage Management,Trinity River - Lower West @ Margaret Hunt Hill / Ron Kirk Pedestrian Bridge,W881,Stormwater Drainage Management,Other GO CIP - Non-Debt,6,12/2030,0,0,0,0,0,0,,
2022,93,Flood Protection And Storm Drainage Management,Turnpike Distribution IV IH30- Commerce,VD36,Erosion Control,2017 Bonds,6,09/2024,224000,36607,187393,0,0,224000,,
2022,93,Flood Protection And Storm Drainage Management,Turtle Creek - Trib 1 Culvert,VD46,Flood Management,2017 Bonds,Citywide,02/2025,250000,0,250000,0,0,250000,,
2022,93,Flood Protection And Storm Drainage Management,Turtle Creek @ Bowen Area - Storm Drainage Relief,W428,Stormwater Drainage Management,Other GO CIP - Non-Debt,14,04/2026,48000,0,48000,0,272000,320000,2024,2024
2022,93,Flood Protection And Storm Drainage Management,Twin Creek 9726,S760,Erosion Control,1995 Bonds,9,12/2022,1054,1054,0,0,0,1054,,
2022,93,Flood Protection And Storm Drainage Management,"Twin Lakes, Dredging",W429,Stormwater Drainage Management,Other GO CIP - Non-Debt,5,08/2024,619603,81603,538000,0,0,619603,,
2022,93,Flood Protection And Storm Drainage Management,Tyler (S) - Berkley,W884,Stormwater Drainage Management,Other GO CIP - Non-Debt,1,12/2029,0,0,0,0,0,0,,
2022,93,Flood Protection And Storm Drainage Management,University Hills (Houston School St) Bridge@ Ricketts Branch,W783,Stormwater Drainage Management,Other GO CIP - Non-Debt,3,12/2028,0,0,0,150000,0,150000,2023,2023
2022,93,Flood Protection And Storm Drainage Management,USACE Partnership Funds,W397,Trinity River Corridor Projects,1998 Bonds / 2006 Bonds,Citywide,12/2027,20742640,20739640,3000,0,0,20742640,,
2022,93,Flood Protection And Storm Drainage Management,Van Buren (N)- Cedar Hill Area,W784,Stormwater Drainage Management,Other GO CIP - Non-Debt,1,12/2028,0,0,0,0,0,0,,
2022,94,Flood Protection And Storm Drainage Management,"Versailles, 3500",VD83,Stormwater Drainage Management,2017 Bonds,13,02/2025,183209,6000,177209,0,0,183209,,
2022,94,Flood Protection And Storm Drainage Management,"Vinemont Channel, Drainage Diversion",VD29,Flood Management,2017 Bonds,9,09/2024,1528571,585288,943283,5957995,0,7486566,2023,2023
2022,94,Flood Protection And Storm Drainage Management,Vinewood Drive 8725,W244,Stormwater Drainage Management,Other GO CIP - Non-Debt,9,01/2023,249014,249014,0,0,0,249014,,
2022,94,Flood Protection And Storm Drainage Management,Welch 11811,W785,Stormwater Drainage Management,Other GO CIP - Non-Debt,13,12/2028,0,0,0,0,0,0,,
2022,94,Flood Protection And Storm Drainage Management,West Dallas - Eagle Ford Sump Basin,T541,Stormwater Drainage Management,2006 Bonds,Citywide,11/2023,421950,334072,87878,0,0,421950,,
2022,94,Flood Protection And Storm Drainage Management,West Fork of Joes Creek Channel Repair-Brockbank Dr @ Channel Dr.,W786,Stormwater Drainage Management,Other GO CIP - Non-Debt,"6, 13",12/2028,0,0,0,0,0,0,,
2022,94,Flood Protection And Storm Drainage Management,White Rock Creek Drainage Study update of 1989 FPMS Study,W269,Stormwater Drainage Management,Other GO CIP - Non-Debt,Citywide,09/2024,275000,0,275000,0,0,275000,,
2022,94,Flood Protection And Storm Drainage Management,Whitehurst 9727 (Jackson Branch - E Branch),S762,Erosion Control,2012 Bonds,10,01/2023,3000,380830,-377830,0,0,3000,,
2022,94,Flood Protection And Storm Drainage Management,Williamson Branch FPMS Alt 2,W278,Stormwater Drainage Management,Other GO CIP - Non-Debt,9,12/2027,0,0,0,2055000,0,2055000,2023,2023
2022,94,Flood Protection And Storm Drainage Management,Winslow-Henderson- Beeman Area Relief,W888,Stormwater Drainage Management,Other GO CIP - Non-Debt,2,12/2032,0,0,0,0,0,0,,
2022,95,Flood Protection And Storm Drainage Management,"Woodlark Trail, 306",W788,Stormwater Drainage Management,Other GO CIP - Non-Debt,4,12/2028,0,0,0,0,0,0,,
2022,95,Flood Protection And Storm Drainage Management,Woody Branch @ S Polk St,W430,Stormwater Drainage Management,Other GO CIP - Non-Debt,3,12/2025,0,0,0,659500,5935500,6595000,2023,2024
2022,95,Flood Protection And Storm Drainage Management,Woody Branch Floodplain Management Study,W271,Stormwater Drainage Management,Other GO CIP - Non-Debt,Citywide,12/2024,0,0,0,200000,0,200000,2023,2023
2022,95,Flood Protection And Storm Drainage Management,Yosemite 6664,W789,Stormwater Drainage Management,Other GO CIP - Non-Debt,9,12/2028,0,0,0,0,0,0,,
2022,95,Flood Protection And Storm Drainage Management,Grand Total,,,,,,0,0,0,0,0,0,,
2022,102,Park And Recreation,5580 Peterson,W690,Park Land Acquisition,Other GO CIP - Non-Debt,Citywide,Ongoing,88000,195108,-107108,777727,777727,1643454,2023,2024
2022,102,Park And Recreation,ADA/Code Allowance,VB14,"Code Compliance, Safety and Security",2017 Bonds,Citywide,09/2023,275000,138000,137000,0,0,275000,,
2022,102,Park And Recreation,Anderson Bonner - Creek Bank Stabilization,VK45,"Code Compliance, Safety and Security",2017 Bonds,11,12/2023,70000,91072,-21072,430000,0,500000,2023,2023
2022,102,Park And Recreation,Anderson Bonner - Playground - New,VK46,"Code Compliance, Safety and Security",2017 Bonds,11,12/2023,29550,24415,5135,190000,0,219550,2023,2023
2022,102,Park And Recreation,Anderson Bonner - Renovate Soccer Field #3 with Lights and Bleachers,VK47,"Code Compliance, Safety and Security",2017 Bonds,11,12/2023,68950,70129,-1179,430000,0,498950,2023,2023
2022,102,Park And Recreation,Bachman Lake Park - Regional Family Aquatic Center - Phase 1,VB83,Aquatic Facilities,2017 Bonds,6,12/2022,4035545,3894871,140674,0,0,4035545,,
2022,102,Park And Recreation,Bachman Lake Skatepark,VB11,Site Development,2017 Bonds,6,09/2023,3985900,356372,3629528,0,0,3985900,,
2022,103,Park And Recreation,Bachman Regional Family Aquatic Center - Phase 1 (with CD 6),VB48,Aquatic Facilities,2017 Bonds,6,12/2024,2915600,2869941,45659,0,0,2915600,,
2022,103,Park And Recreation,"Barry Barker Park - pavilion, park furnishings, ADA drinking fountain",VK71,"Code Compliance, Safety and Security",2017 Bonds,12,09/2023,59013,0,59013,589454,0,648467,2023,2023
2022,103,Park And Recreation,Bentwood Park - tennis - add player benches; park furnishings,VK64,"Code Compliance, Safety and Security",2017 Bonds,12,08/2022,49250,42758,6493,0,0,49250,,
2022,103,Park And Recreation,"Bisbee Park - Parking lot, clearing/grubbing, and signage",VB68,Neighborhood Park Facilities,2017 Bonds,5,10/2022,147750,30571,117179,0,0,147750,,
2022,103,Park And Recreation,Bishop Flores Park - Connecting walkway to neighborhood,VB86,Neighborhood Park Facilities,2017 Bonds,6,10/2022,297750,0,297750,475000,0,772750,2023,2023
2022,103,Park And Recreation,Bitter Creek Park - Creek bank stabilization,VB67,Erosion Control,2017 Bonds,5,09/2023,73000,0,73000,200000,0,273000,2023,2023
2022,103,Park And Recreation,Bonnie View Park - Playground expansion,VB55,Playground Improvement,2017 Bonds,4,12/2022,6582,6682,-100,0,0,6582,,
2022,103,Park And Recreation,Brownwood - Erosion Control,VB73,Erosion Control,2017 Bonds,6,12/2022,400000,460178,-60178,0,0,400000,,
2022,103,Park And Recreation,Brownwood Park - Soccer Field,VB74,Community Parks,2017 Bonds,6,10/2023,197000,44726,152274,0,0,197000,,
2022,103,Park And Recreation,Cadillac Heights Park,VK94,Site Development,2017 Bonds,4,09/2024,1209670,290752,918918,0,0,1209670,,
2022,104,Park And Recreation,Campbell Green Park - Site Improvements,VK61,"Code Compliance, Safety and Security",2017 Bonds,12,04/2022,435376,437288,-1912,495737,0,931113,2023,2023
2022,104,Park And Recreation,Casa Linda Park - Basketball,VK18,"Code Compliance, Safety and Security",2017 Bonds,9,09/2022,34475,10680,23795,0,0,34475,,
2022,104,Park And Recreation,Casa Linda Park Picnic Pavilion,VK17,"Code Compliance, Safety and Security",2017 Bonds,9,09/2022,418625,3396,415229,0,0,418625,,
2022,104,Park And Recreation,Casa view Park - Walking Trail,VK19,"Code Compliance, Safety and Security",2017 Bonds,9,06/2022,399550,16597,382953,0,0,399550,,
2022,104,Park And Recreation,Centennial Building,VC08,"Code Compliance, Safety and Security",2017 Bonds,Citywide,08/2023,750000,518329,231671,3650000,0,4400000,2023,2023
2022,104,Park And Recreation,Central Square - playground replacement,VK90,Playground Improvement,2017 Bonds,14,08/2022,220000,105291,114709,0,0,220000,,
2022,104,Park And Recreation,Chalk Hill Trail land acq,T038,Park Land Acquisition,2006 Bonds,Citywide,09/2023,2797977,1810546,987430,0,0,2797977,,
2022,104,Park And Recreation,Cherry Wood Park,VK96,Community Parks,2017 Bonds,2,12/2023,150000,16500,133500,0,0,150000,,
2022,104,Park And Recreation,"Churchill Recreation Center - Major Maintenance, HVAC",VK48,"Code Compliance, Safety and Security",2017 Bonds,11,12/2022,250000,147595,102405,0,0,250000,,
2022,104,Park And Recreation,Circuit Trail - The LOOP (Match),VB05,Hike and Bike Trails,2017 Bonds,"2, 4, 5, 6, 7, 9",12/2023,19304125,6035115,13269010,550000,0,19854125,2023,2023
2022,104,Park And Recreation,City Facilities - Fair Park and Other Park Facility Repairs,W020,Major Maintenance,Other GO CIP - Non-Debt,Citywide,09/2023,1000000,675855,324145,0,0,1000000,,
2022,105,Park And Recreation,Citywide Security Lighting,T044,"Code Compliance, Safety and Security",2006 Bonds,Citywide,06/2022,400000,372039,27961,0,0,400000,,
2022,105,Park And Recreation,Coliseum,VC06,"Code Compliance, Safety and Security",2017 Bonds,Citywide,08/2022,9425516,8128081,1297435,0,0,9425516,,
2022,105,Park And Recreation,Community Pool Conversion Projects,W645,Aquatic Facilities,2006 Bonds,Citywide,09/2024,1500000,0,1500000,0,0,1500000,,
2022,105,Park And Recreation,Coombs Creek Trail - from Hampton/ Davis to Moss Park,VB36,Hike and Bike Trails,2017 Bonds,1,12/2023,1955331,471720,1483610,0,0,1955331,,
2022,105,Park And Recreation,Cottonwood Park - Playground - Add Equipment,VK49,"Code Compliance, Safety and Security",2017 Bonds,11,06/2023,0,0,0,100000,0,100000,2023,2023
2022,105,Park And Recreation,Craddock Park - playground expansion,VK87,Playground Improvement,2017 Bonds,14,08/2022,197000,138414,58586,0,0,197000,,
2022,105,Park And Recreation,Crawford Memorial master plan and design,T055,Studies and Master Plans,2006 Bonds,5,09/2022,1265494,765208,500286,0,0,1265494,,
2022,105,Park And Recreation,Crawford Memorial Park - Phase 1,VB15,Site Development,2017 Bonds,5,06/2023,4470027,58041,4411986,3228922,0,7698949,2023,2023
2022,105,Park And Recreation,Crockett Park- Site Improvements,W376,Community Parks,2017 Bonds,2,12/2023,100000,0,100000,0,0,100000,,
2022,105,Park And Recreation,Dallas Arboretum (Match),VB09,Dallas Arboretum,2017 Bonds,9,12/2022,985000,859949,125051,0,0,985000,,
2022,105,Park And Recreation,Dallas Water Gardens (Match),VB31,Major Park Facilities,2017 Bonds,2,03/2024,7236877,29436,7207441,262673,0,7499550,2023,2023
2022,105,Park And Recreation,Dallas Zoo (Match),VB08,Dallas Zoo,2017 Bonds,4,09/2023,275800,6914,268886,3220000,0,3495800,2023,2023
2022,106,Park And Recreation,Devon Anderson Park - Replace playground equipment,VB65,Playground Improvement,2017 Bonds,5,04/2022,100000,75407,24593,0,0,100000,,
2022,106,Park And Recreation,Dickerson Street,P516,Site Development,Other GO CIP - Non-Debt,12,09/2023,1032027,21641,1010386,0,0,1032027,,
2022,106,Park And Recreation,District 2 Service Center,P764,Administrative and Internal Service Facilities,2017 Bonds,Citywide,09/2023,1506641,118,1506523,0,0,1506641,,
2022,106,Park And Recreation,Dixon Branch Greenbelt - Park Furnishings,VK22,"Code Compliance, Safety and Security",2017 Bonds,9,10/2023,0,0,0,65507,0,65507,2023,2023
2022,106,Park And Recreation,Downtown Park Development,7087,Downtown Parks,Other GO CIP - Non-Debt,Citywide,09/2024,6621816,2063701,4558115,0,0,6621816,,
2022,106,Park And Recreation,"Downtown Parks - Carpenter, Harwood and West End [Match]",VB03,Downtown Parks,2017 Bonds,"2, 14",05/2022,35103952,35094188,9764,0,0,35103952,,
2022,106,Park And Recreation,"Eladio Martinez Park - park furnishings, fencing and drinking fountain",VB87,Neighborhood Park Facilities,2017 Bonds,6,09/2023,0,0,0,60000,0,60000,2023,2023
2022,106,Park And Recreation,Elmwood Pkwy Tr. (Elmwood Parkway to Polk to Gannon Park),VB37,Hike and Bike Trails,2017 Bonds,1,04/2022,1985000,1328259,656741,0,0,1985000,,
2022,106,Park And Recreation,Eloise Lundy - Playground expansion,VB56,Playground Improvement,2017 Bonds,4,12/2022,6430,6589,-160,0,0,6430,,
2022,106,Park And Recreation,Emerald Lake Park - Dam safety and erosion control,VB49,Erosion Control,2017 Bonds,3,10/2023,2075000,478586,1596414,0,0,2075000,,
2022,107,Park And Recreation,Environmental Conservation,T083,Environmental,2006 Bonds,Citywide,09/2022,462733,452807,9926,0,0,462733,,
2022,107,Park And Recreation,Everglade Park - Exercise stations at loop trail,VB88,Hike and Bike Trails,2017 Bonds,7,12/2022,117460,117886,-425,0,0,117460,,
2022,107,Park And Recreation,Everglade Park - Musical Play Equipment,W897,Major Park Facilities,2017 Bonds,7,10/2023,0,0,0,0,0,0,,
2022,107,Park And Recreation,Fair Park Improvements (C) Reserves,W503,Site Development,2017 Bonds,Citywide,12/2024,221247,43250,177997,0,0,221247,,
2022,107,Park And Recreation,Ferguson Park - Portable Toilet Enclosure,VB91,Neighborhood Park Facilities,2017 Bonds,7,12/2022,70000,0,70000,0,0,70000,,
2022,107,Park And Recreation,Flag Pole Hill - Phase 1 Master Plan Implementation,VB20,Site Development,2017 Bonds,10,12/2023,394000,396003,-2003,0,0,394000,,
2022,107,Park And Recreation,Flag Pole Hill - Playground [Match],VB21,Playground Improvement,2017 Bonds,10,09/2023,162525,84136,78389,0,0,162525,,
2022,107,Park And Recreation,Flag Pole Hill Park - Phase 1 Master Plan Implementation,VK36,"Code Compliance, Safety and Security",2017 Bonds,10,03/2023,1083500,1007093,76407,0,0,1083500,,
2022,107,Park And Recreation,Flag Pole Hill Pavilion - Historic Restoration,VK32,"Code Compliance, Safety and Security",2017 Bonds,10,10/2022,200000,134000,66000,0,0,200000,,
2022,107,Park And Recreation,Food and Fiber Building,VC05,"Code Compliance, Safety and Security",2017 Bonds,Citywide,12/2023,500000,166033,333967,1000000,0,1500000,2023,2023
2022,107,Park And Recreation,Forston Park - Develop new park with park furnishings,VK59,"Code Compliance, Safety and Security",2017 Bonds,12,09/2023,0,61,-61,220000,0,220000,2023,2023
2022,108,Park And Recreation,"Frances Rizo Park - Playground replacement, ADA drinking fountain",VB78,Playground Improvement,2017 Bonds,6,01/2023,24813,16130,8682,0,0,24813,,
2022,108,Park And Recreation,Frankford Park - park furnishings package,VK65,"Code Compliance, Safety and Security",2017 Bonds,12,09/2022,31585,0,31585,0,0,31585,,
2022,108,Park And Recreation,"Friendship Park - Security lights, loop trail, exercise stations",VK30,"Code Compliance, Safety and Security",2017 Bonds,10,06/2022,459995,87487,372508,0,0,459995,,
2022,108,Park And Recreation,Friendship Park - Site Development (Supplemental funding),VK42,"Code Compliance, Safety and Security",2017 Bonds,10,12/2022,131005,253,130752,0,0,131005,,
2022,108,Park And Recreation,Glen Meadow - Playground replacement,VK74,Playground Improvement,2017 Bonds,13,09/2023,40000,28083,11917,180000,0,220000,2023,2023
2022,108,Park And Recreation,Glendale Park,W349,Community Parks,2006 Bonds,3,09/2022,20582,543,20038,0,0,20582,,
2022,108,Park And Recreation,Glendale Park Parking spaces and lighting,VB52,Community Parks,2017 Bonds,3,04/2022,1030653,305537,725116,53652,0,1084305,2023,2023
2022,108,Park And Recreation,"Glover Park - Parking lot with lighting, land acquisition",VB72,Park Land Acquisition,2017 Bonds,5,12/2022,126048,8812,117236,0,0,126048,,
2022,108,Park And Recreation,Grauwyler Park Sprayground,VB42,Aquatic Facilities,2017 Bonds,2,12/2022,1970000,1537215,432785,0,0,1970000,,
2022,108,Park And Recreation,Guard Dr. - Phase 2 Site Development,VB66,Site Development,2017 Bonds,5,08/2023,592800,40086,552714,0,0,592800,,
2022,109,Park And Recreation,Hall of State,VC01,"Code Compliance, Safety and Security",2017 Bonds,Citywide,09/2022,13831388,13749042,82346,289306,0,14120694,2023,2023
2022,109,Park And Recreation,Hattie R. Moore Park - Master Plan and Phase 1 Implementation,VB80,Site Development,2017 Bonds,6,03/2023,347750,31080,316670,0,0,347750,,
2022,109,Park And Recreation,Hillview Park - Creek Erosion Control and Drainage Near Playground,VB95,Erosion Control,2017 Bonds,7,12/2022,403345,49660,353685,0,0,403345,,
2022,109,Park And Recreation,Hillview Park - Park Furnishings Package,VB93,Neighborhood Park Facilities,2017 Bonds,7,12/2022,59100,0,59100,0,0,59100,,
2022,109,Park And Recreation,Hillview Park - Park ID Sign,VB94,Neighborhood Park Facilities,2017 Bonds,7,12/2022,6403,0,6403,0,0,6403,,
2022,109,Park And Recreation,Hillview Park - Pavilion,VB96,Neighborhood Park Facilities,2017 Bonds,7,12/2022,172375,21931,150444,0,0,172375,,
2022,109,Park And Recreation,Hillview Park - Renovate Basketball Court,VB92,Neighborhood Park Facilities,2017 Bonds,7,12/2022,17000,0,17000,0,0,17000,,
2022,109,Park And Recreation,Jamestown Park - Playground equipment - swingset and park furnishings,VK76,Playground Improvement,2017 Bonds,13,09/2023,40000,0,40000,160000,0,200000,2023,2023
2022,109,Park And Recreation,Juanita J. Craft Park - ADA Drinking Fountain,VB97,"Code Compliance, Safety and Security",2017 Bonds,7,12/2022,10835,0,10835,0,0,10835,,
2022,109,Park And Recreation,Judge Charles Rose,W894,Major Park Facilities,2017 Bonds,7,09/2022,0,0,0,0,0,0,,
2022,109,Park And Recreation,K.B. Polk Park,VB44,Aquatic Facilities,2017 Bonds,2,12/2022,1970000,1685616,284384,0,0,1970000,,
2022,110,Park And Recreation,KCS Corridor Connection Trail - Design,VK40,"Code Compliance, Safety and Security",2017 Bonds,10,08/2023,300000,357,299643,0,0,300000,,
2022,110,Park And Recreation,Kidd Springs - Japanese Garden Restoration - Phase 1,VB35,Site Development,2017 Bonds,1,12/2022,1238405,1228879,9526,0,0,1238405,,
2022,110,Park And Recreation,Kidd Springs - Natural Spring daylighting and Lake bank erosion control,VB34,Erosion Control,2017 Bonds,1,09/2023,562956,296209,266746,0,0,562956,,
2022,110,Park And Recreation,Kiest Park - Memorial Tree Grove - Phase 1 Implementation,VB64,Site Development,2017 Bonds,4,12/2022,6842,7003,-161,0,0,6842,,
2022,110,Park And Recreation,Kiowa Parkway - Pedestrian Bridge,VK53,"Code Compliance, Safety and Security",2017 Bonds,11,12/2023,349100,123178,225922,0,0,349100,,
2022,110,Park And Recreation,Kleberg Trail,VB17,Hike and Bike Trails,2017 Bonds,5,05/2024,198500,177298,21202,1000000,0,1198500,2023,2023
2022,110,Park And Recreation,Klyde Warren Park Improvements (Match),VB32,Downtown Parks,2017 Bonds,14,01/2023,9877233,9619473,257760,0,0,9877233,,
2022,110,Park And Recreation,Lake Highlands Trails,VB18,Hike and Bike Trails,2017 Bonds,10,03/2024,2282750,363411,1919339,0,0,2282750,,
2022,110,Park And Recreation,Lake Highlands Trails (Supplemental funding),VK41,"Code Compliance, Safety and Security",2017 Bonds,10,12/2024,496250,8500,487750,0,0,496250,,
2022,110,Park And Recreation,Lakeland hills Exercise Stations,W895,Major Park Facilities,2017 Bonds,7,10/2023,0,0,0,0,0,0,,
2022,110,Park And Recreation,Lakewood Park - Basketball Renovate,VK23,"Code Compliance, Safety and Security",2017 Bonds,9,12/2023,10000,0,10000,70000,0,80000,2023,2023
2022,111,Park And Recreation,Lakewood Park - Park Furnishing and drinking fountain,VK25,"Code Compliance, Safety and Security",2017 Bonds,9,12/2023,10000,0,10000,75000,0,85000,2023,2023
2022,111,Park And Recreation,Lakewood Park - Pedestrian Bridge and ADA Parking,VK24,"Code Compliance, Safety and Security",2017 Bonds,9,12/2023,248500,93320,155180,0,0,248500,,
2022,111,Park And Recreation,Land Acq for football complex in CD 5 [supplement CD funds],VB30,Park Land Acquisition,2017 Bonds,Citywide,05/2024,1200000,340719,859281,0,0,1200000,,
2022,111,Park And Recreation,Land Acq for the Cedars [Supplemental to SW allocation],VB45,Park Land Acquisition,2017 Bonds,2,12/2024,5932,5932,0,494068,0,500000,2023,2023
2022,111,Park And Recreation,Land Acq. and development of neighborhood- community park,VK54,"Code Compliance, Safety and Security",2017 Bonds,11,09/2022,332939,107215,225724,0,0,332939,,
2022,111,Park And Recreation,Land Acquisiiton for CD 10 (to supplement CD 10 funds),VB29,Park Land Acquisition,2017 Bonds,10,09/2023,1000000,720275,279725,0,0,1000000,,
2022,111,Park And Recreation,Land Acquisition - 919A,,Park Land Acquisition,Other GO CIP - Non-Debt,Citywide,09/2024,3801028,2368453,1432575,0,0,3801028,,
2022,111,Park And Recreation,Land Acquisition - CW Allowance,VB04,Park Land Acquisition,2017 Bonds,Citywide,09/2023,2200000,1983391,216609,0,0,2200000,,
2022,111,Park And Recreation,Land Acquisition,VB57,Park Land Acquisition,2017 Bonds,4,09/2023,383750,191284,192466,0,0,383750,,
2022,111,Park And Recreation,Land Acquisition,VK55,"Code Compliance, Safety and Security",2017 Bonds,11,09/2022,128000,40966,87034,0,0,128000,,
2022,111,Park And Recreation,Land Acquisition & Plan,K212,Park Land Acquisition,2006 Bonds,Citywide,09/2022,50600,36174,14426,0,0,50600,,
2022,112,Park And Recreation,Land Acquisition (to match $1M from System-wide allowance),VK43,"Code Compliance, Safety and Security",2017 Bonds,10,09/2023,650000,631794,18206,350000,0,1000000,2023,2023
2022,112,Park And Recreation,Land acquisition and development of neighborhood park,VK63,"Code Compliance, Safety and Security",2017 Bonds,12,12/2022,6500000,6414070,85930,0,0,6500000,,
2022,112,Park And Recreation,Land Acquisition and Partnership Match Funding,VB27,Park Land Acquisition,2017 Bonds,Citywide,09/2022,2300000,1650211,649789,0,0,2300000,,
2022,112,Park And Recreation,Land Acquisition for Football Complex [Supplemental System- with Land Acquisition Fund],VB69,Park Land Acquisition,2017 Bonds,5,09/2023,3300000,31100,3268900,0,0,3300000,,
2022,112,Park And Recreation,Land Acquisition in the Cedars for new park (to supplement CD 2 funds),VB28,Park Land Acquisition,2017 Bonds,Citywide,12/2024,5992,5992,0,0,0,5992,,
2022,112,Park And Recreation,Lindsley Park - Playground replacement,VK82,Playground Improvement,2017 Bonds,14,08/2022,220000,211325,8675,0,0,220000,,
2022,112,Park And Recreation,Lindsley Park - Sidewalk exten.- Shadyside Ln.- Lindsley Dr.,VK81,Neighborhood Park Facilities,2017 Bonds,14,08/2022,193538,189914,3623,0,0,193538,,
2022,112,Park And Recreation,Magnolia Lounge,VC12,Fair Park,2017 Bonds,Citywide,01/2023,160000,117099,42901,740000,0,900000,2023,2023
2022,112,Park And Recreation,Main Street Garden Special Project,P722,Downtown Parks,2006 Bonds,14,12/2022,253455,116355,137100,0,0,253455,,
2022,113,Park And Recreation,Marcus Park - Playground replacement,VK75,Playground Improvement,2017 Bonds,13,09/2023,40000,17258,22742,160000,0,200000,2023,2023
2022,113,Park And Recreation,"Maria Luna Park - Dog Park, basketball court, restoration of pavilion",VB40,Neighborhood Park Facilities,2017 Bonds,2,06/2023,0,8570,-8570,155000,0,155000,2023,2023
2022,113,Park And Recreation,Martin Luther King Jr. Park - Playground replacement,VB90,Playground Improvement,2017 Bonds,7,12/2022,250000,250000,0,0,0,250000,,
2022,113,Park And Recreation,Martin Luther King Jr. Park -Rec Center - Gym. Floor Cover,VB98,"Code Compliance, Safety and Security",2017 Bonds,7,09/2022,12155,12155,0,0,0,12155,,
2022,113,Park And Recreation,Midtown Park [Match],VB16,Major Park Facilities,2017 Bonds,11,09/2023,0,14972,-14972,6000000,0,6000000,2023,2023
2022,113,Park And Recreation,Monarch Park - Playground replacement and Parking/ADA,VB41,Playground Improvement,2017 Bonds,2,06/2023,249400,22694,226706,0,0,249400,,
2022,113,Park And Recreation,"Moss Glen Park - Phase 2 site, including playground",VK58,"Code Compliance, Safety and Security",2017 Bonds,12,12/2022,556525,526743,29782,235000,0,791525,2023,2023
2022,113,Park And Recreation,Moss Glen Park - Supplemental Funding - Pond Improvements - Site Development,VK70,"Code Compliance, Safety and Security",2017 Bonds,12,09/2023,460114,8121,451993,0,0,460114,,
2022,113,Park And Recreation,Muchert Service Center,P762,Administrative and Internal Service Facilities,2006 Bonds,Citywide,12/2023,1556012,1204245,351767,0,0,1556012,,
2022,114,Park And Recreation,Munger Park - Add shade structure at playground,VK86,Playground Improvement,2017 Bonds,14,08/2022,98500,79509,18991,0,0,98500,,
2022,114,Park And Recreation,Nash Davis Park - Spraygound,VB77,Aquatic Facilities,2017 Bonds,6,12/2022,1797625,1669236,128389,175000,0,1972625,2023,2023
2022,114,Park And Recreation,Neighborhood Park - Site Development - TBD,VB47,Site Development,2017 Bonds,2,12/2024,0,0,0,1085000,0,1085000,2023,2023
2022,114,Park And Recreation,Northaven Trail - Bridge at I-75 (Supplemental to System-Wide funding),VK56,"Code Compliance, Safety and Security",2017 Bonds,11,09/2023,4824517,4716148,108370,0,0,4824517,,
2022,114,Park And Recreation,Northaven Trail,VB06,Hike and Bike Trails,2017 Bonds,11,09/2022,2008561,1990354,18206,0,0,2008561,,
2022,114,Park And Recreation,Northaven Trail (75 to Hillcrest),T241,Hike and Bike Trails,2006 Bonds,11,09/2022,1222243,963213,259030,0,0,1222243,,
2022,114,Park And Recreation,Oak Lawn Park (Arlington Hall) - Renovate historic WPA rest rooms,VK83,Historic Restoration,2017 Bonds,14,08/2022,147669,147669,0,0,0,147669,,
2022,114,Park And Recreation,Pan American Complex,VC09,"Code Compliance, Safety and Security",2017 Bonds,Citywide,08/2023,2250000,380884,1869116,1230000,0,3480000,2023,2023
2022,114,Park And Recreation,Park and Recreation Facilities (B) Reserves,W501,Site Development,2017 Bonds,Citywide,12/2024,874121,100861,773260,1435390,0,2309511,2023,2023
2022,114,Park And Recreation,Park and Recreation Facilities (B) Trail Reserves,W502,Site Development,2017 Bonds,Citywide,12/2024,0,0,0,0,0,0,,
2022,114,Park And Recreation,Park at Dallas Heritage Village,VK93,Park Land Acquisition,2017 Bonds,2,12/2024,984775,0,984775,11924,0,996699,2023,2023
2022,115,Park And Recreation,Peary Park Pavillion,W896,Major Park Facilities,2017 Bonds,7,10/2023,0,0,0,0,0,0,,
2022,115,Park And Recreation,"Preston Green Park - park furnishings, ADA drinking fountain",VK72,Neighborhood Park Facilities,2017 Bonds,12,12/2022,100000,0,100000,0,0,100000,,
2022,115,Park And Recreation,Public Art Administration-Park,N809,Public Art,2006 Bonds / Other GO CIP - Non-Debt,Citywide,09/2022,818358,557043,261316,0,0,818358,,
2022,115,Park And Recreation,Public Art Projects- Park,N810,Public Art,2006 Bonds / Other GO CIP - Non-Debt,Citywide,09/2022,2736076,1634981,1101096,0,0,2736076,,
2022,115,Park And Recreation,Public Art-Parks,PA56,Public Art,2017 Bonds,Citywide,09/2023,1613177,188392,1424786,0,0,1613177,,
2022,115,Park And Recreation,Pueblo Park - Park furnishings package and drinking fountain,VB84,Mini Park,2017 Bonds,6,12/2022,10835,0,10835,0,0,10835,,
2022,115,Park And Recreation,Pulbic Art Admin- Parks,PA57,Public Art,2017 Bonds,Citywide,09/2023,365795,175588,190206,0,0,365795,,
2022,115,Park And Recreation,R P Brooks Park - Loop Walking Trail,VK34,"Code Compliance, Safety and Security",2017 Bonds,10,03/2024,89325,0,89325,210000,0,299325,2023,2023
2022,115,Park And Recreation,Randall Park - Historic Pavilion Restoration,VK89,Historic Restoration,2017 Bonds,14,09/2023,0,0,0,250000,0,250000,2023,2023
2022,115,Park And Recreation,Recreation Centers - Golf Course - Major Maintenance,VB33,Major Maintenance,2017 Bonds,Citywide,08/2022,2300000,1694314,605686,0,0,2300000,,
2022,116,Park And Recreation,Reserve Citywide,P550,Site Development,2006 Bonds,Citywide,12/2022,253590,46088,207503,0,0,253590,,
2022,116,Park And Recreation,Reverchon Master Plan Implementation,T353,Community Parks,2006 Bonds,2,11/2022,583433,592978,-9545,0,0,583433,,
2022,116,Park And Recreation,"Rose Haggar Park - walking loop trail, park furnishings",VK73,Hike and Bike Trails,2017 Bonds,12,08/2023,322001,113252,208749,0,0,322001,,
2022,116,Park And Recreation,Runyon Creek Trail,W354,Hike and Bike Trails,2006 Bonds,Citywide,09/2022,211735,32344,179391,0,0,211735,,
2022,116,Park And Recreation,Samuell Grand Park - Shade structure at existing playground,VB43,Playground Improvement,2017 Bonds,2,12/2022,98500,88650,9850,0,0,98500,,
2022,116,Park And Recreation,Science Place 1 (Phase 1),VC10,"Code Compliance, Safety and Security",2017 Bonds,Citywide,04/2022,5110000,1389922,3720078,0,0,5110000,,
2022,116,Park And Recreation,Shadybank Park (Shadybank & Coolglen Dr.) - Trail connection with low water,VK60,"Code Compliance, Safety and Security",2017 Bonds,12,12/2022,694750,532153,162597,0,0,694750,,
2022,116,Park And Recreation,Spray park or recreational amenity at CD 10 Site,VK44,"Code Compliance, Safety and Security",2017 Bonds,10,09/2023,0,0,0,332000,0,332000,2023,2023
2022,116,Park And Recreation,Stafford Park - Playground and park furnishings,VB79,Playground Improvement,2017 Bonds,6,01/2023,21670,17809,3861,0,0,21670,,
2022,116,Park And Recreation,Tietze Park - Add ADA parking and site improvements,VK84,Major Park Facilities,2017 Bonds,14,01/2023,98500,0,98500,0,0,98500,,
2022,117,Park And Recreation,Tietze Park - Add shade structure at playground,VK85,Playground Improvement,2017 Bonds,14,12/2022,98500,53135,45365,0,0,98500,,
2022,117,Park And Recreation,"Timberglen Park - pavilion, new",VK67,"Code Compliance, Safety and Security",2017 Bonds,12,09/2023,0,0,0,450000,0,450000,2023,2023
2022,117,Park And Recreation,Timberglen Trail - supplemental funding,VK68,"Code Compliance, Safety and Security",2017 Bonds,12,12/2024,500000,5813,494187,0,0,500000,,
2022,117,Park And Recreation,Timberglen Trail,VB19,Hike and Bike Trails,2017 Bonds,12,01/2024,800246,809243,-8998,3358707,0,4158953,2023,2023
2022,117,Park And Recreation,Timberleaf Park - Playground new,VK35,"Code Compliance, Safety and Security",2017 Bonds,10,04/2022,259400,20518,238882,0,0,259400,,
2022,117,Park And Recreation,Tipton Park - Picnic pavilion and water fountain,VB85,Neighborhood Park Facilities,2017 Bonds,6,12/2022,299100,167,298933,0,0,299100,,
2022,117,Park And Recreation,Tower Building,VC07,"Code Compliance, Safety and Security",2017 Bonds,Citywide,12/2023,3298404,497761,2800643,201596,0,3500000,2023,2023
2022,117,Park And Recreation,Trail Development,7165,Hike and Bike Trails,2006 Bonds / Other GO CIP - Non-Debt,Citywide,09/2023,1211146,934274,276872,0,0,1211146,,
2022,117,Park And Recreation,Twin Falls Parking Lot,VB50,Neighborhood Park Facilities,2017 Bonds,3,10/2022,79061,69061,10000,0,0,79061,,
2022,117,Park And Recreation,Twin Lakes Park - park furnishings package,VK69,"Code Compliance, Safety and Security",2017 Bonds,12,10/2022,99625,0,99625,0,0,99625,,
2022,117,Park And Recreation,Wagging Tail Dog Park - Add new parking area - South,VK57,"Code Compliance, Safety and Security",2017 Bonds,11,08/2022,394000,486762,-92762,0,0,394000,,
2022,118,Park And Recreation,Wahoo Park - ADA Drinking Fountain,VK04,"Code Compliance, Safety and Security",2017 Bonds,7,12/2022,5418,0,5418,0,0,5418,,
2022,118,Park And Recreation,"Wahoo Park - Basketball - Full Court, New",VK03,"Code Compliance, Safety and Security",2017 Bonds,7,12/2022,78800,0,78800,0,0,78800,,
2022,118,Park And Recreation,Walnut Hill Park - Basketball - Renovate existing and add new,VK77,Community Parks,2017 Bonds,13,04/2022,0,0,0,160000,0,160000,2023,2023
2022,118,Park And Recreation,Walnut Hill Park - Replace softball backstop and bleachers on existing pad,VK78,Community Parks,2017 Bonds,13,04/2022,0,0,0,230000,0,230000,2023,2023
2022,118,Park And Recreation,Westmount Park - Site Development,VB39,Site Development,2017 Bonds,1,12/2022,200206,218291,-18085,0,0,200206,,
2022,118,Park And Recreation,Wheatland Park Football Field,VK91,Community Parks,2017 Bonds,8,08/2022,1278251,223495,1054756,0,0,1278251,,
2022,118,Park And Recreation,"Wheatley Park - ADA Drinking Fountain, Park Furnishings Package",VK05,"Code Compliance, Safety and Security",2017 Bonds,7,12/2022,40000,23538,16462,0,0,40000,,
2022,118,Park And Recreation,Wheatly Park - Replace Sidewalk Segment,VK06,"Code Compliance, Safety and Security",2017 Bonds,7,12/2022,30000,5780,24220,0,0,30000,,
2022,118,Park And Recreation,White Rock Lake Trail,VB13,Hike and Bike Trails,2017 Bonds,9,08/2022,3473750,2936415,537335,0,0,3473750,,
2022,118,Park And Recreation,Willie B. Johnson Gym. Add'n. (Hamilton Park),VB25,Recreation Centers,2017 Bonds,10,07/2022,6930336,6369905,560432,0,0,6930336,,
2022,119,Park And Recreation,Willie B. Johnson Recreation Center - Senior Addition [Hamil,VB24,Recreation Centers,2017 Bonds,10,12/2022,3299750,3299750,0,0,0,3299750,,
2022,119,Park And Recreation,Willie Mae Butler Park - ADA Drinking Fountain and Park Furnishings Package,VK08,"Code Compliance, Safety and Security",2017 Bonds,7,12/2022,59100,13063,46037,0,0,59100,,
2022,119,Park And Recreation,Willie Mae Butler Park - Convert Tennis Court to Basketball,VK07,"Code Compliance, Safety and Security",2017 Bonds,7,12/2022,41370,403,40967,0,0,41370,,
2022,119,Park And Recreation,Willie Mae Butler Park - Portable Facility Enclosure,VK09,"Code Compliance, Safety and Security",2017 Bonds,7,12/2022,59100,4323,54777,0,0,59100,,
2022,119,Park And Recreation,Willis Winter Park,VK95,Community Parks,2017 Bonds,14,12/2023,150000,126821,23179,0,0,150000,,
2022,119,Park And Recreation,Grand Total,,,,,,0,0,0,0,0,0,,
2022,123,Sanitation Services,2024 Landfill Cell Design & Construction,W898,Solid Waste Facilities,Other GO CIP - Non-Debt,Citywide,09/2025,0,0,0,0,5000000,5000000,2024,2024
2022,123,Sanitation Services,Collection Equipment Purchase,E601,Fleet/Equipment Replacement,Other GO CIP - Non-Debt,Citywide,Ongoing,3000000,11690852,-8690852,0,0,3000000,,
2022,123,Sanitation Services,Collection Service Facility Improvement,W901,Solid Waste Facilities,Other GO CIP - Non-Debt,Citywide,Ongoing,0,0,0,800000,400000,1200000,2023,2024
2022,123,Sanitation Services,Construction of the Swale and Wetlands per the 404 Permit,W324,Solid Waste Facilities,Other GO CIP - Non-Debt,Citywide,Ongoing,2089775,0,2089775,0,2500000,4589775,2024,2024
2022,123,Sanitation Services,Fleet Purchases,E600,Fleet/Equipment Replacement,Other GO CIP - Non-Debt,Citywide,Ongoing,7000000,9551628,-2551628,3000000,3000000,13000000,2023,2024
2022,123,Sanitation Services,Fleet/Equipment Replacement (FY20 Fleet Purchases),E312,Fleet/Equipment Replacement,Other GO CIP - Debt,Citywide,Ongoing,6985000,6698601,286399,0,0,6985000,,
2022,123,Sanitation Services,Fleet/Equipment Replacement (FY21 Fleet Purchases),E445,Fleet/Equipment Replacement,Other GO CIP - Debt,Citywide,Ongoing,8000000,7439328,560672,0,0,8000000,,
2022,123,Sanitation Services,FY22 EAN-SAN Fleet-Equipment Replacement,E448,Fleet/Equipment Replacement,Other GO CIP - Debt,Citywide,Ongoing,8000000,0,8000000,0,0,8000000,,
2022,124,Sanitation Services,FY23 EAN-SAN Fleet-Equipment Replacement,W903,Fleet/Equipment Replacement,Other GO CIP - Debt,Citywide,Ongoing,0,0,0,8000000,8000000,16000000,2023,2024
2022,124,Sanitation Services,Landfill Levee & Road Repair,W902,Solid Waste Facilities,Other GO CIP - Non-Debt,Citywide,Ongoing,0,0,0,500000,400000,900000,2023,2024
2022,124,Sanitation Services,New Scale House,W316,Solid Waste Facilities,Other GO CIP - Non-Debt,Citywide,Ongoing,1200000,0,1200000,0,0,1200000,,
2022,124,Sanitation Services,On-Board Camera for MRMP,W653,Fleet/Equipment Replacement,Other GO CIP - Non-Debt,Citywide,Ongoing,2918854,1572971,1345883,0,0,2918854,,
2022,124,Sanitation Services,Other Sanitation Projects,W325,Solid Waste Facilities,Other GO CIP - Non-Debt,Citywide,Ongoing,13900372,0,13900372,0,1000000,14900372,2024,2024
2022,124,Sanitation Services,Post Closure Cost,W326,Solid Waste Facilities,Other GO CIP - Non-Debt,Citywide,Ongoing,500000,0,500000,0,500000,1000000,2024,2024
2022,124,Sanitation Services,SAN HQ Admin Office,W317,Solid Waste Facilities,Other GO CIP - Non-Debt,Citywide,Ongoing,750000,0,750000,0,250000,1000000,2024,2024
2022,124,Sanitation Services,Transfer Stations,W315,Solid Waste Facilities,Other GO CIP - Non-Debt,Citywide,Ongoing,1450000,0,1450000,0,0,1450000,,
2022,124,Sanitation Services,Grand Total,,,,,,0,0,0,0,0,0,,
2022,130,Street And Transporation,10005-10119 Shayna Dr - 10002- 10106 Hymie Cir,V032,Alley Reconstruction,2017 Bonds,5,02/2022,380460,380994,-534,0,0,380460,,
2022,130,Street And Transporation,10106-10160 Caribou Trail - 10127-10143 Ferndale Rd,V079,Alley Reconstruction,2017 Bonds,10,12/2023,59119,59119,0,206055,0,265174,2023,2023
2022,130,Street And Transporation,10163-10199 Vistadale Dr - 10200- 10200 Trailcliff Dr,V080,Alley Reconstruction,2017 Bonds,10,12/2023,53904,54001,-96,174142,0,228046,2023,2023
2022,130,Street And Transporation,10315-10542 Castlerock Dr - 10315 Checota Dr - Gardenside,V033,Alley Reconstruction,2017 Bonds,5,02/2022,510367,492496,17871,0,0,510367,,
2022,130,Street And Transporation,10445 - 10461 Carry Back Cir - 10419 - 10427 Carry Back Pl,V113,Alley Reconstruction,2017 Bonds,13,12/2024,228606,181189,47417,0,0,228606,,
2022,130,Street And Transporation,10th St from I-35 to Clarendon Dr.,V198,Street Reconstruction,2017 Bonds,4,12/2025,285627,285627,0,457407,0,743034,2023,2023
2022,131,Street And Transporation,10th Street Historic District Sidewalk and Barrier Free Ramp Improvements,V149,Sidewalk and Barrier Free Ramp Improvements,2017 Bonds,4,04/2022,689857,689857,0,0,0,689857,,
2022,131,Street And Transporation,11133-11139 Cotillion Dr - 3609 Bon Park Ct,V069,Alley Reconstruction,2017 Bonds,9,06/2023,152640,155798,-3157,0,0,152640,,
2022,131,Street And Transporation,11205-11335 Buchannan Dr - 11200-11298 Ferguson Rd,V070,Alley Reconstruction,2017 Bonds,9,06/2023,409616,352640,56977,0,0,409616,,
2022,131,Street And Transporation,11306-11340 Dumbarton Dr - 11323-11357 Glen Cross Dr,V071,Alley Reconstruction,2017 Bonds,9,06/2023,209007,208629,378,0,0,209007,,
2022,131,Street And Transporation,11312-11344 Glen Cross Dr - 11341- 11367 Drummond Dr,V072,Alley Reconstruction,2017 Bonds,9,06/2023,535894,537350,-1456,0,0,535894,,
2022,131,Street And Transporation,1225-1423 Kirnwood Dr - 7601 S Polk St,V062,Alley Reconstruction,2017 Bonds,8,07/2022,366930,310528,56403,0,0,366930,,
2022,131,Street And Transporation,127-231 W Louisiana Ave - 118- 228 Conrad St,V022,Alley Reconstruction,2017 Bonds,4,03/2024,93042,96498,-3457,324180,0,417222,2023,2023
2022,131,Street And Transporation,12Th St From Upton To 200 Ft East Of Upton,V992,Target Neighborhood,2017 Bonds,4,02/2024,56599,58047,-1448,180341,0,236940,2023,2023
2022,132,Street And Transporation,1503-1551 Briarcliff Rd - 5503-5537 Mesa Cir,V008,Alley Reconstruction,2017 Bonds,2,02/2022,363491,364274,-783,0,0,363491,,
2022,132,Street And Transporation,15632-15724 Golden Creek Rd - 6231 - La Cosa Dr - Bay Point,V086,Alley Reconstruction,2017 Bonds,11,12/2023,62630,62726,-96,0,0,62630,,
2022,132,Street And Transporation,1608-1620 Day Star Dr - 1603-1633 Hanging Cliff Dr,V023,Alley Reconstruction,2017 Bonds,4,03/2024,67433,67433,0,286480,0,353913,2023,2023
2022,132,Street And Transporation,1611-1727 Red Cloud Dr - 9704- 9780 Faircloud Dr [A7003],V034,Alley Reconstruction,2017 Bonds,5,02/2022,476499,480114,-3615,0,0,476499,,
2022,132,Street And Transporation,1621-1631 Windchime Dr - 1614-1626 Vatican Ln,V024,Alley Reconstruction,2017 Bonds,4,03/2024,42453,43323,-871,44690,0,87143,2023,2023
2022,132,Street And Transporation,1708-1920 Vatican Ln - 1705-1921 Windchime Dr,V025,Alley Reconstruction,2017 Bonds,4,03/2024,62911,63907,-996,281146,0,344057,2023,2023
2022,132,Street And Transporation,17604-17630 Davenport Alley Construction,VA05,Target Neighborhood,2017 Bonds,12,10/2022,508645,53602,455043,0,0,508645,,
2022,132,Street And Transporation,1830-1886 Red Cloud Dr - 9803- 9851 Glengreen Dr [A6972],V035,Alley Reconstruction,2017 Bonds,5,02/2022,450447,463501,-13054,0,0,450447,,
2022,132,Street And Transporation,18603-18707 Amador Ave - 6505- 6511 Villa Rd,V095,Alley Reconstruction,2017 Bonds,12,12/2022,708867,611106,97761,0,0,708867,,
2022,132,Street And Transporation,1885-2025 Red Cloud Dr - 2002- 2080 Corvette Dr [A6966],V036,Alley Reconstruction,2017 Bonds,5,02/2022,463201,306603,156597,0,0,463201,,
2022,133,Street And Transporation,19003-19039 Bilbrook Ln,V096,Alley Reconstruction,2017 Bonds,12,12/2022,357862,358741,-879,0,0,357862,,
2022,133,Street And Transporation,2012 Public Art Projects - Streets,PA13,Public Art,2012 Bonds,Citywide,12/2023,75500,3000,72500,0,0,75500,,
2022,133,Street And Transporation,2017 Bond Program Reserved Contingency,VA38,Bridge Repair and Modification,2017 Bonds,Citywide,04/2025,-7060158,0,-7060158,0,0,-7060158,,
2022,133,Street And Transporation,2022 Certificate of Obligation- Sidewalks,W796,Street and Alley Improvements,Other GO CIP - Debt,Citywide,Ongoing,5000000,2546937,2453063,5000000,5000000,15000000,2023,2024
2022,133,Street And Transporation,2022 Certificate of Obligation-Streets,W795,Street and Alley Improvements,Other GO CIP - Debt,Citywide,Ongoing,40000000,38283808,1716192,44800000,16000000,100800000,2023,2024
2022,133,Street And Transporation,2022 Certificates of Obligation - Streets Underserved,W803,Street and Alley Improvements,Other GO CIP - Debt,Citywide,Ongoing,10000000,417017,9582983,11200000,4000000,25200000,2023,2024
2022,133,Street And Transporation,207-347 Bettyrae Way - 7708-7770 Ryan Ridge Dr,V063,Alley Reconstruction,2017 Bonds,8,07/2022,428068,295489,132579,0,0,428068,,
2022,133,Street And Transporation,2104-2336 Dugald Pl - 2005-2249 E Illinois Ave,V026,Alley Reconstruction,2017 Bonds,4,12/2023,691843,83161,608682,0,0,691843,,
2022,133,Street And Transporation,2205-2341 Freeland - 2336-2328 Homeway - 2204- 2340 Babalos,V060,Alley Reconstruction,2017 Bonds,7,12/2024,74379,74475,-96,319606,0,393985,2023,2023
2022,133,Street And Transporation,2211-2323 Deer Path Dr - 2905-3311 Kellogg Ave,V027,Alley Reconstruction,2017 Bonds,4,12/2023,588899,104081,484818,0,0,588899,,
2022,134,Street And Transporation,2304-2348 Hunters Run Dr - 7407-7415 Mesa Verde Trl,V064,Alley Reconstruction,2017 Bonds,8,07/2022,408614,329630,78984,0,0,408614,,
2022,134,Street And Transporation,2306-2440 Bluffton Dr - 2307 - 2439 Blaydon Dr,V042,Alley Reconstruction,2017 Bonds,7,11/2022,555914,526618,29295,0,0,555914,,
2022,134,Street And Transporation,2408-2564 Club Manor Dr - 2435- 2549 Matland Dr,V017,Alley Reconstruction,2017 Bonds,3,01/2023,630069,97945,532124,0,0,630069,,
2022,134,Street And Transporation,2503-2623 W Lovers Ln - 2502- 2614 W Amherst Ave,V009,Alley Reconstruction,2017 Bonds,2,02/2022,278580,282580,-4000,0,0,278580,,
2022,134,Street And Transporation,2507-2537 Blaydon Dr - 2506 - 2536 Bluffton Dr,V043,Alley Reconstruction,2017 Bonds,7,11/2022,365380,367407,-2026,0,0,365380,,
2022,134,Street And Transporation,2603-2931 Garapan Dr - 2502-2922 Nicholson Dr,V028,Alley Reconstruction,2017 Bonds,4,03/2024,92191,94460,-2268,575380,0,667571,2023,2023
2022,134,Street And Transporation,2703-2743 April Hill Ln - 2710-2750 Stevens Point Ln,V097,Alley Reconstruction,2017 Bonds,12,12/2022,447202,241729,205473,0,0,447202,,
2022,134,Street And Transporation,2703-2829 Klondike - Dr 2704-2830 Lockhart Ave,V044,Alley Reconstruction,2017 Bonds,7,11/2022,652359,654839,-2481,0,0,652359,,
2022,134,Street And Transporation,2703-2831 Scottsbluff Dr - 2802-2826 La Prada Ct,V045,Alley Reconstruction,2017 Bonds,7,11/2022,502284,502284,0,0,0,502284,,
2022,135,Street And Transporation,2707-2757 Runningbrook Ln - 2700 N Buckner Blvd,V046,Alley Reconstruction,2017 Bonds,7,11/2022,303107,298685,4422,0,0,303107,,
2022,135,Street And Transporation,2707-2837 Blyth Dr - 2706-2838 Gross Rd,V047,Alley Reconstruction,2017 Bonds,7,11/2022,395331,395427,-96,0,0,395331,,
2022,135,Street And Transporation,"2711-2733 Groveridge, 9606- 9674 Briggs, 9605- 9621 Altacrest",V061,Alley Reconstruction,2017 Bonds,7,12/2024,69144,69240,-96,400007,0,469151,2023,2023
2022,135,Street And Transporation,3004-3150 Kinkaid Dr - 3045-3155 Park Ln,V037,Alley Reconstruction,2017 Bonds,6,01/2024,110398,112733,-2335,686992,0,797390,2023,2023
2022,135,Street And Transporation,3105-3161 Waldrop Drive - 3106-3160 Rotan Lane,V114,Alley Reconstruction,2017 Bonds,13,12/2024,434557,435459,-902,0,0,434557,,
2022,135,Street And Transporation,3105-3171 Newcastle Dr - 3104- 3170 Walnut Hill,V038,Alley Reconstruction,2017 Bonds,6,01/2024,76196,83448,-7252,230264,0,306460,2023,2023
2022,135,Street And Transporation,3163-3241 E Ledbetter Dr - 3132- 3244 Dahlia Dr,V029,Alley Reconstruction,2017 Bonds,4,12/2023,371146,59154,311993,0,0,371146,,
2022,135,Street And Transporation,3206-3232 Rotan Lane - 3207-3233 Waldrop Drive,V115,Alley Reconstruction,2017 Bonds,13,12/2024,222568,223306,-737,0,0,222568,,
2022,135,Street And Transporation,3207 - 3349 Citation Dr - 3208 - 3330 Timberview Rd,V116,Alley Reconstruction,2017 Bonds,13,12/2024,615638,616540,-902,0,0,615638,,
2022,136,Street And Transporation,3506-3658 High Vista Dr - 11960 Highdale Dr,V040,Alley Reconstruction,2017 Bonds,6,01/2024,78845,66697,12148,379477,0,458322,2023,2023
2022,136,Street And Transporation,3544 - 3638 Ainsworth Dr - 3615 - 3675 Norcross Ln,V117,Alley Reconstruction,2017 Bonds,13,12/2024,601455,602304,-849,0,0,601455,,
2022,136,Street And Transporation,3609-3615 Bon Park Ct - 3608-3614 Parader Ct,V073,Alley Reconstruction,2017 Bonds,9,06/2023,110808,111913,-1105,0,0,110808,,
2022,136,Street And Transporation,3610-3668 Weeburn Dr - 3623- 3651 Midpines Dr,V118,Alley Reconstruction,2017 Bonds,13,12/2024,474073,474810,-737,0,0,474073,,
2022,136,Street And Transporation,3805-3945 Hawick Ln - 3804-3858 Eaton Dr,V011,Alley Reconstruction,2017 Bonds,2,02/2022,370535,374324,-3789,0,0,370535,,
2022,136,Street And Transporation,3864-3872 Treeline Cir - 1618-1626 Five Mile Ct,V030,Alley Reconstruction,2017 Bonds,4,03/2024,66832,66928,-96,200754,0,267586,2023,2023
2022,136,Street And Transporation,4104-4124 Firebrick Ln - 4103-4119 Country Brook Dr,V098,Alley Reconstruction,2017 Bonds,12,12/2022,284855,192750,92104,0,0,284855,,
2022,136,Street And Transporation,4202-4272 Timberglen Rd - 4203-4231 Lawngate Dr,V099,Alley Reconstruction,2017 Bonds,12,12/2022,259241,264705,-5464,0,0,259241,,
2022,136,Street And Transporation,4307-4435 Bonnie View Rd - 4302- 4446 Cicero St,V031,Alley Reconstruction,2017 Bonds,4,12/2023,450140,66257,383883,0,0,450140,,
2022,137,Street And Transporation,4403-4451 Cinnabar Dr - 6102- 6150 Symphony Ln,V048,Alley Reconstruction,2017 Bonds,7,12/2024,432287,436873,-4586,0,0,432287,,
2022,137,Street And Transporation,4503-4535 Live Oak St - 4514-4522 Bryan St,V012,Alley Reconstruction,2017 Bonds,2,02/2022,288862,290892,-2031,0,0,288862,,
2022,137,Street And Transporation,4804-4950 Ashbrook Rd - 4803- 4945 Chilton Dr,V049,Alley Reconstruction,2017 Bonds,7,05/2023,95054,95150,-96,0,0,95054,,
2022,137,Street And Transporation,4806-5034 Mill Creek Rd - 4807- 4923 -12515 Planters Glen Dr,V123,Alley Reconstruction,2017 Bonds,13,03/2022,481585,481668,-83,0,0,481585,,
2022,137,Street And Transporation,4812-4840 Worth St - 4807-4841 Tremont St,V007,Alley Petitions,2017 Bonds,2,03/2022,209215,212344,-3129,0,0,209215,,
2022,137,Street And Transporation,4902-5032 Thursh St - 4903-5033 Wenonah Dr,V013,Alley Reconstruction,2017 Bonds,2,02/2022,318070,324173,-6102,0,0,318070,,
2022,137,Street And Transporation,5005-5207 Banting Way - 5411-5445 Endlery Pl,V050,Alley Reconstruction,2017 Bonds,7,05/2023,66378,66474,-96,0,0,66378,,
2022,137,Street And Transporation,503-511 N Prairie Ave - 4721-4721 Tremont St,V014,Alley Reconstruction,2017 Bonds,2,02/2022,140506,142984,-2477,0,0,140506,,
2022,137,Street And Transporation,5100-5152 Lahoma St - 5101-5147 N Hall St,V015,Alley Reconstruction,2017 Bonds,2,02/2022,264832,267517,-2685,0,0,264832,,
2022,137,Street And Transporation,5107-5143 Breakwood Dr - 5116-5152 Colter Dr,V051,Alley Reconstruction,2017 Bonds,7,05/2023,54438,54438,0,0,0,54438,,
2022,138,Street And Transporation,5179-5107 Chalet - 1404-1550 Drury Dr,V018,Alley Reconstruction,2017 Bonds,3,02/2024,382556,78622,303934,0,0,382556,,
2022,138,Street And Transporation,5300-5358 Willis Ave - 5303-5355 Richard Ave,V016,Alley Reconstruction,2017 Bonds,2,02/2022,274812,276356,-1544,0,0,274812,,
2022,138,Street And Transporation,5303-5347 Blaney Way - 5204-5240 Banting Way,V052,Alley Reconstruction,2017 Bonds,7,05/2023,75321,71666,3655,0,0,75321,,
2022,138,Street And Transporation,5306-5342 Lake Placid Dr - 1572- 1568 Drury Pl,V019,Alley Reconstruction,2017 Bonds,3,02/2024,209251,55398,153852,0,0,209251,,
2022,138,Street And Transporation,5500-5552 Longview St - 5503- 5549 Mccommas Blvd,V125,Alley Reconstruction,2017 Bonds,14,05/2022,242592,214745,27847,0,0,242592,,
2022,138,Street And Transporation,5501-5527 Harbor Town Dr - 5506- 5530 Tamaron Ct,V100,Alley Reconstruction,2017 Bonds,12,12/2022,498415,318987,179428,0,0,498415,,
2022,138,Street And Transporation,5601-5639 Morningside Ave - 5602-5634 Mccommas Blvd,V126,Alley Reconstruction,2017 Bonds,14,05/2022,212500,214907,-2408,0,0,212500,,
2022,138,Street And Transporation,5605-5831 Everglade Rd - 5606- 5824 Twineing St,V053,Alley Reconstruction,2017 Bonds,7,12/2024,520648,523309,-2660,0,0,520648,,
2022,138,Street And Transporation,5620-5832 Everglade Rd - 5707- 5861 Marview Ln,V054,Alley Reconstruction,2017 Bonds,7,05/2023,91892,74290,17602,0,0,91892,,
2022,139,Street And Transporation,5701-5745 Palo Pinto Ave - 5702- 5746 Velasco Ave (Alley Improvements),VA06,Target Neighborhood,2017 Bonds,14,02/2024,65660,67724,-2064,853090,0,918750,2023,2023
2022,139,Street And Transporation,5703-5747 Vanderbilt Ave - 5710-5750 Marquita Ave,V127,Alley Reconstruction,2017 Bonds,14,05/2022,226039,227859,-1821,0,0,226039,,
2022,139,Street And Transporation,5710-5814 Meadowick Ln - 5274-5290 Ponderosa Cir,V055,Alley Reconstruction,2017 Bonds,7,12/2024,221537,224090,-2553,0,0,221537,,
2022,139,Street And Transporation,5737-5763 Caruth Blvd - 5708-5728 Surrey Square Lane,V119,Alley Reconstruction,2017 Bonds,13,01/2022,252570,252570,0,0,0,252570,,
2022,139,Street And Transporation,6020-6040 Fieldstone,V101,Alley Reconstruction,2017 Bonds,12,03/2023,86345,87248,-904,194558,0,280903,2023,2023
2022,139,Street And Transporation,6024-6300 Samuell Blvd - 6205-6441 Symphony Ln,V056,Alley Reconstruction,2017 Bonds,7,12/2024,478637,413317,65320,0,0,478637,,
2022,139,Street And Transporation,6103-6129 Mercedes Ave - 6100-6126 Morningside Ave,V128,Alley Reconstruction,2017 Bonds,14,05/2022,190486,192473,-1987,0,0,190486,,
2022,139,Street And Transporation,6139-6179 Monticello Ave - 6202-6238 Mercedes Ave,V129,Alley Reconstruction,2017 Bonds,14,05/2022,221135,223197,-2062,0,0,221135,,
2022,140,Street And Transporation,6201- 6333 Bryan Pkwy - 5808-5842 Live Oak St,V130,Alley Reconstruction,2017 Bonds,14,05/2022,236603,238708,-2105,0,0,236603,,
2022,140,Street And Transporation,6206-6440 Symphony Ln - 4307- 4339 Cinnabar Dr,V057,Alley Reconstruction,2017 Bonds,7,12/2024,370498,373158,-2660,0,0,370498,,
2022,140,Street And Transporation,6216-6226 Autumn Woods Trl - 804-814 W Red Bird Ln,V020,Alley Reconstruction,2017 Bonds,3,02/2024,61735,62517,-782,78901,0,140636,2023,2023
2022,140,Street And Transporation,6302-6326 Oakleaf Rd - 6301-6323 Warm Mist Ln,V102,Alley Reconstruction,2017 Bonds,12,09/2023,272209,285391,-13182,0,0,272209,,
2022,140,Street And Transporation,6407-6475 Glendora Ave - 6406- 6474 Meadow Road,V120,Alley Reconstruction,2017 Bonds,13,03/2022,344849,344849,0,0,0,344849,,
2022,140,Street And Transporation,6421-6543 Northwood Road - 6426-6542 Deloache Ave,V121,Alley Reconstruction,2017 Bonds,13,01/2022,390933,390933,0,0,0,390933,,
2022,140,Street And Transporation,6505-6635 Mimosa Ln - 6506-6630 Lakehurst Ave,V122,Alley Reconstruction,2017 Bonds,13,03/2022,614527,637554,-23026,0,0,614527,,
2022,140,Street And Transporation,6506-6556 Crestmere Dr - 6515- 6555 Meadowcreek Dr,V087,Alley Reconstruction,2017 Bonds,11,12/2023,62712,64739,-2026,0,0,62712,,
2022,140,Street And Transporation,6510-6580 Calais Dr - 6509-6565 Crestmere Dr,V088,Alley Reconstruction,2017 Bonds,11,12/2023,61672,61768,-96,0,0,61672,,
2022,141,Street And Transporation,6607-6831 Desco Drive - 6706-6838 Prestonshire Lane,V124,Alley Reconstruction,2017 Bonds,13,01/2022,429273,395539,33734,0,0,429273,,
2022,141,Street And Transporation,6808-7038 Hunters Ridge Dr - 6807- 6959 Town Bluff Dr,V089,Alley Reconstruction,2017 Bonds,11,12/2023,78137,78233,-96,0,0,78137,,
2022,141,Street And Transporation,6816-6858 Freemont St - 6809- 6851 Whitehill St,V074,Alley Reconstruction,2017 Bonds,9,07/2023,259150,261381,-2231,0,0,259150,,
2022,141,Street And Transporation,6906-6954 Kingsbury Dr - 6907- 6949 Winchester St,V075,Alley Reconstruction,2017 Bonds,9,07/2023,235513,233951,1562,0,0,235513,,
2022,141,Street And Transporation,6906-7030 Orchid Ln -6909-7007 Meadoebriar Ln - Pemberton Dr,V094,Alley Reconstruction,2017 Bonds,11,12/2023,63779,64159,-380,0,0,63779,,
2022,141,Street And Transporation,6915-6965 Freemont St - 6914- 6964 Wakefield St,V076,Alley Reconstruction,2017 Bonds,9,07/2023,294094,295294,-1200,0,0,294094,,
2022,141,Street And Transporation,6920-7038 Midbury Dr - 6919-7033 Northaven Rd,V090,Alley Reconstruction,2017 Bonds,11,12/2023,76167,78118,-1951,0,0,76167,,
2022,141,Street And Transporation,7005-7065 Freemont St - 7006- 7066 Wakefield St,V077,Alley Reconstruction,2017 Bonds,9,07/2023,354272,354368,-96,0,0,354272,,
2022,142,Street And Transporation,7023-7031 Wakefield St - 7049- 7053 Wakefield Cir,V078,Alley Reconstruction,2017 Bonds,9,07/2023,208155,208251,-96,0,0,208155,,
2022,142,Street And Transporation,7027-7203 Hunnicut Rd - 7012- 7108 Belteau Ln,V058,Alley Reconstruction,2017 Bonds,7,05/2023,62976,54407,8569,0,0,62976,,
2022,142,Street And Transporation,7103-7133 Echo Bluff Dr - 7202- 7226 Rustic Valley Dr,V103,Alley Reconstruction,2017 Bonds,12,09/2023,367505,371377,-3872,0,0,367505,,
2022,142,Street And Transporation,7105-7227 Bluefield Dr - 7311- 7427 Carta Valley Dr,V104,Alley Reconstruction,2017 Bonds,12,09/2023,544139,546804,-2664,0,0,544139,,
2022,142,Street And Transporation,7129-7195 Elliott Dr - 7130-7184 Rolling Fork Dr,V059,Alley Reconstruction,2017 Bonds,7,12/2024,383362,384385,-1024,0,0,383362,,
2022,142,Street And Transporation,7151-7203 Gracefield Ln - 7101- 7145 Crooked Oak Dr,V105,Alley Reconstruction,2017 Bonds,12,09/2023,458346,417464,40882,0,0,458346,,
2022,142,Street And Transporation,7206 -7446 La Sobrina Dr - 7223- 7441 Whispering Pine Dr,V106,Alley Reconstruction,2017 Bonds,12,09/2023,559403,560054,-650,0,0,559403,,
2022,142,Street And Transporation,7309-7435 Tangleglen Dr - 7364-7450 Tophill Ln,V091,Alley Reconstruction,2017 Bonds,11,12/2023,61730,63681,-1951,0,0,61730,,
2022,142,Street And Transporation,7405-7443 Lynworth Dr - 7408- 7438 Chattington Dr,V092,Alley Reconstruction,2017 Bonds,11,12/2023,54581,56531,-1951,0,0,54581,,
2022,143,Street And Transporation,7501-7631 Ashcrest Ln - 7502-7578 Christie Ln,V021,Alley Reconstruction,2017 Bonds,3,02/2024,461445,76309,385137,0,0,461445,,
2022,143,Street And Transporation,7604-7608 Dornoch Ln - 7603-7605 Lairds Ln,V107,Alley Reconstruction,2017 Bonds,12,09/2023,255189,257651,-2462,0,0,255189,,
2022,143,Street And Transporation,7606-7672 Rolling Acres Dr - 7615- 7651 Tophill Ln,V093,Alley Reconstruction,2017 Bonds,11,12/2023,57336,57750,-414,0,0,57336,,
2022,143,Street And Transporation,7704-78400 Carbondale St - 7703-7835 Brownville (Alley Improvements),VA01,Target Neighborhood,2017 Bonds,7,12/2024,81178,81304,-126,561484,0,642662,2023,2023
2022,143,Street And Transporation,7905-7933 Olusta Dr - 7932 Great Trinity Forest Way,V067,Alley Reconstruction,2017 Bonds,8,12/2024,68219,68219,0,122563,0,190782,2023,2023
2022,143,Street And Transporation,806-954 Ivywood Dr - 807-951 Jadewood Dr,V068,Alley Reconstruction,2017 Bonds,8,07/2022,387509,325148,62360,0,0,387509,,
2022,143,Street And Transporation,Aberdeen Ave From Edgemere Rd To Thackery St,V285,Street Reconstruction,2017 Bonds,13,01/2023,1493969,795365,698604,0,0,1493969,,
2022,143,Street And Transporation,Abrams Rd from Gaston Ave to S Beacon St,VA14,Thoroughfares,2017 Bonds,14,12/2022,2937690,2676358,261332,0,0,2937690,,
2022,143,Street And Transporation,Abrams Rd from Glennox Ln to E Lovers Ln,V949,Street Resurfacing,2017 Bonds,2,09/2022,132101,132098,3,0,0,132101,,
2022,143,Street And Transporation,Adair St From Cobb St To 500 Ft North Of Cobb St,V287,Street Reconstruction,2017 Bonds,14,11/2023,58735,59763,-1028,22795,0,81530,2023,2023
2022,144,Street And Transporation,Adleta Blvd from Adleta Ct to Adleta Blvd,V774,Street Resurfacing,2017 Bonds,9,05/2022,478412,478409,3,0,0,478412,,
2022,144,Street And Transporation,Akard Place Signals,W064,Traffic Signals,Capital Projects Reimbursement,2,12/2021,69611,38826,30785,0,0,69611,,
2022,144,Street And Transporation,Allen St from McKinney Ave to Laclede St,V970,Street Resurfacing,2017 Bonds,6,09/2022,155482,155482,0,0,0,155482,,
2022,144,Street And Transporation,Alley Improvements Between 8th St - Church From IH 35E To N Cliff,V993,Target Neighborhood,2017 Bonds,4,02/2024,40973,40973,0,135088,0,176061,2023,2023
2022,144,Street And Transporation,Alley Improvements Between Ewing Ave - Upton From Viola To Clarendon,V994,Target Neighborhood,2017 Bonds,4,02/2024,27598,27598,0,539311,0,566909,2023,2023
2022,144,Street And Transporation,Alley: Hibernia & Mckinney From Routh To Boll,S201,Alley Petitions,2012 Bonds,Citywide,12/2021,76788,77782,-994,0,0,76788,,
2022,144,Street And Transporation,Alley: Hibernia & State From Boll To Wort,S202,Alley Petitions,2012 Bonds,Citywide,12/2021,84811,85905,-1095,0,0,84811,,
2022,144,Street And Transporation,Alley: Hurley Way & Lenel Place Williamsburg,S203,Alley Petitions,2006 Bonds / 2012 Bonds,Citywide,12/2021,188575,167413,21163,0,0,188575,,
2022,145,Street And Transporation,Alley: Manana & Park From Larga To Marsh,S205,Alley Petitions,2012 Bonds,Citywide,12/2021,323524,356426,-32901,0,0,323524,,
2022,145,Street And Transporation,Alley: State St & Thomas Ave From Routh To Boll,S207,Alley Petitions,2012 Bonds,Citywide,12/2022,9406,9663,-257,0,0,9406,,
2022,145,Street And Transporation,Alpha Rd from Barton Dr to Noel Rd,V293,Street Reconstruction,2017 Bonds,11,10/2024,76655,58953,17702,989848,0,1066503,2023,2023
2022,145,Street And Transporation,Alpha Rd From End Of Pavement To Barton Dr,V310,Thoroughfares,2017 Bonds,11,10/2024,1079357,49385,1029972,88191,0,1167548,2023,2023
2022,145,Street And Transporation,Alpha Rd from Noel Rd to Montfort Dr,V294,Street Reconstruction,2017 Bonds,11,10/2024,128062,51428,76634,1901255,0,2029317,2023,2023
2022,145,Street And Transporation,Amhurst Ave - Stanford Ave From Linwood Ave To Briarwood Ln,V005,Alley Petitions,2017 Bonds,13,02/2024,81208,82812,-1604,132266,0,213474,2023,2023
2022,145,Street And Transporation,Annapolis Ln from Ridgelawn Dr to Berwyn Ln,V795,Street Resurfacing,2017 Bonds,6,09/2022,228198,228198,0,0,0,228198,,
2022,145,Street And Transporation,Anzio Cir from Garapan Dr to S Polk St,V199,Street Reconstruction,2017 Bonds,4,04/2022,1240056,1129179,110877,0,0,1240056,,
2022,145,Street And Transporation,Apple St. and Live Oak St. Intersection- W336,,Traffic Signals,Capital Projects Reimbursement,14,12/2021,21482,8628,12854,0,0,21482,,
2022,145,Street And Transporation,Arapaho Rd from Golden Creek Rd to Meado,V939,Street Resurfacing,2017 Bonds,12,09/2022,460616,0,460616,0,0,460616,,
2022,145,Street And Transporation,Arborcrest Dr From Bluewood Dr To Partridge Dr,V262,Street Reconstruction,2017 Bonds,8,03/2022,906420,876593,29827,0,0,906420,,
2022,146,Street And Transporation,AT&T Discovery Plaza,W312,Traffic Signals,Capital Projects Reimbursement,"2, 14",06/2022,175676,91607,84070,0,0,175676,,
2022,146,Street And Transporation,Audelia Rd from Faircrest Dr to Royal Ln,V961,Street Resurfacing,2017 Bonds,10,09/2022,766441,766438,3,0,0,766441,,
2022,146,Street And Transporation,Avenue H From E 11Th St To Sanderson Ave,V247,Street Reconstruction,2017 Bonds,4,03/2025,852896,115181,737715,0,0,852896,,
2022,146,Street And Transporation,Azalea Ln & Currin,S218,Alley Reconstruction,2012 Bonds,Citywide,12/2021,199873,199555,318,0,0,199873,,
2022,146,Street And Transporation,Babcock Dr From Bernal Dr To Canada Dr,V256,Street Reconstruction,2017 Bonds,6,08/2023,446463,447877,-1414,0,0,446463,,
2022,146,Street And Transporation,Baruth Blvd & Colgate Ave,S226,Alley Reconstruction,2012 Bonds,Citywide,12/2021,5137,1446,3691,0,0,5137,,
2022,146,Street And Transporation,Beechmont Dr from Ferguson Rd to Felicia Ct,V827,Street Resurfacing,2017 Bonds,14,09/2022,266107,267986,-1879,0,0,266107,,
2022,146,Street And Transporation,Belmont Ave from Summit Ave to Greenville Ave,V320,Street Resurfacing,2017 Bonds,14,09/2022,129814,129814,0,0,0,129814,,
2022,146,Street And Transporation,Bennington Dr from Trammel Dr to Middlebury Dr,V668,Street Resurfacing,2017 Bonds,9,09/2022,266738,266738,0,0,0,266738,,
2022,146,Street And Transporation,Bernal/Singleton Left Turn Signal,W366,Traffic Signals,2006 Bonds,6,06/2022,39585,0,39585,0,0,39585,,
2022,146,Street And Transporation,Bike Plan,VA48,Hike and Bike Trails,2017 Bonds,Citywide,12/2023,150000,150000,0,0,0,150000,,
2022,146,Street And Transporation,Blackburn St from N Haskell Ave to Noble Ave,V963,Street Resurfacing,2017 Bonds,14,09/2022,168962,168962,0,0,0,168962,,
2022,147,Street And Transporation,Blackburn St from Turtle Creek Blvd to Oak Lawn Ave,V957,Street Resurfacing,2017 Bonds,14,06/2022,473739,473739,0,0,0,473739,,
2022,147,Street And Transporation,Blackburn St from Turtle Creek Blvd to Travis St,V971,Street Resurfacing,2017 Bonds,14,09/2022,573467,488330,85137,0,0,573467,,
2022,147,Street And Transporation,Blanch Cir from Hillside Dr to Nonesuch Rd,V773,Street Resurfacing,2017 Bonds,9,12/2021,240348,240348,0,0,0,240348,,
2022,147,Street And Transporation,Blessing Cir from End of Pavement to Blessing Dr,V648,Street Resurfacing,2017 Bonds,13,09/2022,91261,93869,-2608,0,0,91261,,
2022,147,Street And Transporation,Blossomheath Ln From LBJ Service Rd N To Thistle Ln,V275,Street Reconstruction,2017 Bonds,11,12/2023,63523,60939,2584,387737,0,451260,2023,2023
2022,147,Street And Transporation,Blossomheath Ln from Thistle Ln to Alpha Rd,V222,Street Reconstruction,2017 Bonds,11,12/2023,74750,74750,0,438037,0,512787,2023,2023
2022,147,Street And Transporation,Bluffdale Dr from Berkinshire Dr to Brookhurst Dr,V805,Street Resurfacing,2017 Bonds,9,09/2022,93570,93570,0,0,0,93570,,
2022,147,Street And Transporation,Bombay Ave from Huron Dr to Thurston Dr,V193,Street Reconstruction,2017 Bonds,2,06/2022,1210574,1125939,84635,0,0,1210574,,
2022,147,Street And Transporation,Bonham St from Midway Rd to End of Pavement,V684,Street Resurfacing,2017 Bonds,5,09/2022,663695,462207,201489,0,0,663695,,
2022,147,Street And Transporation,Bonnie View Rd from Ann Arbor Ave to Cummings St,V200,Street Reconstruction,2017 Bonds,4,10/2024,2377290,218950,2158340,0,0,2377290,,
2022,148,Street And Transporation,Boundbrook Ave From Greenville Ave To Woodbrook Dr,V268,Street Reconstruction,2017 Bonds,10,11/2022,406924,373730,33194,0,0,406924,,
2022,148,Street And Transporation,Bradford Dr from Maple Springs Blvd to Hedgerow Dr,V194,Street Reconstruction,2017 Bonds,2,12/2024,374403,332621,41782,1627252,0,2001655,2023,2023
2022,148,Street And Transporation,Branchfield Dr from W Lawther Dr to Fisher Rd,V803,Street Resurfacing,2017 Bonds,2,09/2022,224288,224288,0,0,0,224288,,
2022,148,Street And Transporation,Brennans Pl from End of Pavement to Brennans Dr,V843,Street Resurfacing,2017 Bonds,"12, 13",09/2023,42429,42429,0,0,0,42429,,
2022,148,Street And Transporation,Briaridge Rd from Spring Creek Rd to Coit Rd,V813,Street Resurfacing,2017 Bonds,7,09/2022,215297,215294,3,0,0,215297,,
2022,148,Street And Transporation,Broadmoor Dr from Broadmoor Dr to Garland Rd,V847,Street Resurfacing,2017 Bonds,13,09/2023,127013,127013,0,0,0,127013,,
2022,148,Street And Transporation,Broken Bow Rd from 9635 Broken Bow Rd to Fieldcrest Dr,V216,Street Reconstruction,2017 Bonds,10,03/2023,1123862,558981,564880,0,0,1123862,,
2022,148,Street And Transporation,Brookhurst Dr from Edgelake Dr to Northcliff Dr,V682,Street Resurfacing,2017 Bonds,9,09/2022,497511,515718,-18207,0,0,497511,,
2022,148,Street And Transporation,Brookshire Dr From Orchid Ln To Brookshire Cir,V276,Street Reconstruction,2017 Bonds,11,01/2024,89690,93619,-3929,229553,0,319243,2023,2023
2022,148,Street And Transporation,Bucknell Dr from Bennington Dr to Trammel Dr,V651,Street Resurfacing,2017 Bonds,12,09/2022,181227,181227,0,0,0,181227,,
2022,149,Street And Transporation,Burma From Kiska St To Saipan St,VA02,Target Neighborhood,2017 Bonds,7,12/2024,110845,110972,-126,452422,0,563267,2023,2023
2022,149,Street And Transporation,Burma Rd From Carbondale St To Kiska St,VA04,Target Neighborhood,2017 Bonds,7,12/2024,133405,134372,-968,367174,0,500579,2023,2023
2022,149,Street And Transporation,Burroaks Cir From Burroaks Dr To End Of Pavement,V263,Street Reconstruction,2017 Bonds,8,06/2023,447653,77625,370028,0,0,447653,,
2022,149,Street And Transporation,Camp Wisdom Rd from FM 1382 to Mountain Creek Pkwy,VA13,Thoroughfares,2017 Bonds,3,10/2023,561028,517640,43388,3188972,0,3750000,2023,2023
2022,149,Street And Transporation,Camp Wisdom Road Project,W147,Intergovernment al Partnership Projects,2006 Bonds / 2017 Bonds / Capital Projects Reimbursement,3,03/2022,1996160,1440354,555806,0,0,1996160,,
2022,149,Street And Transporation,Campbell Rd from Preston Rd to Preston Bend Ct,V959,Street Resurfacing,2017 Bonds,12,02/2022,766100,288873,477227,0,0,766100,,
2022,149,Street And Transporation,Campbell Rd from Preston Rd to Preston Trail Dr,V952,Street Resurfacing,2017 Bonds,11,09/2022,489466,501818,-12351,0,0,489466,,
2022,149,Street And Transporation,Canada Dr From Babcock Dr To Leesburg St,V307,Thoroughfares,2017 Bonds,6,03/2022,1462195,1373073,89121,0,0,1462195,,
2022,150,Street And Transporation,Canada Dr From Tamerisk St To Westmoreland Rd,S309,Street Reconstruction,2012 Bonds / 2017 Bonds,12,12/2024,330568,313562,17005,0,0,330568,,
2022,150,Street And Transporation,Canada Drive From Westmoreland To Hampton,VA08,Thoroughfares,2017 Bonds,5,12/2025,1833844,35850,1797994,0,0,1833844,,
2022,150,Street And Transporation,Capps Dr & Rexford Dr From Lemmon Ave Par,S210,Alley Petitions,2012 Bonds,Citywide,12/2021,163235,141814,21421,0,0,163235,,
2022,150,Street And Transporation,Carissa Dr from Carissa Cir to Jupiter Rd,V831,Street Resurfacing,2017 Bonds,8,09/2023,147799,147799,0,0,0,147799,,
2022,150,Street And Transporation,Carissa Dr from Ridgelake Dr to Sunland St,V763,Street Resurfacing,2017 Bonds,8,09/2022,214855,214855,0,0,0,214855,,
2022,150,Street And Transporation,Carnegie Dr from Carnegie Pl to Peavy Rd,V823,Street Resurfacing,2017 Bonds,7,09/2022,97241,97241,0,0,0,97241,,
2022,150,Street And Transporation,Carrousel Cir from Lyre Ln to Lyre ln,V676,Street Resurfacing,2017 Bonds,2,09/2022,154093,157669,-3576,0,0,154093,,
2022,150,Street And Transporation,Casa View Street Improvements,V985,Streetscape- Urban Design,2017 Bonds,9,12/2024,784428,784524,-96,0,0,784428,,
2022,150,Street And Transporation,CBD Fair Link- Hall St to I-30,U203,Intergovernment al Partnership Projects,2006 Bonds / 2017 Bonds,"1, 3",12/2024,3536559,3534070,2490,0,0,3536559,,
2022,151,Street And Transporation,CBD Fair Park Link From Main to IH30 (Design And ROW),VA11,Thoroughfares,2017 Bonds,2,01/2024,2698255,1506862,1191394,0,0,2698255,,
2022,151,Street And Transporation,Central Signal Computer,R090,Traffic Signals,2006 Bonds,Citywide,Ongoing,2007091,1967070,40021,0,0,2007091,,
2022,151,Street And Transporation,Chalk Hill - I 30 EB Frontage Road to Singleton,U780,Thoroughfares,2006 Bonds / 2017 Bonds,Citywide,12/2025,688720,688720,0,0,0,688720,,
2022,151,Street And Transporation,Chalk Hill Rd - Davis St to 800 South of IH- 30,U781,Thoroughfares,2006 Bonds,Citywide,12/2022,205382,205382,0,0,0,205382,,
2022,151,Street And Transporation,Chapel Hill Rd from W Lawther Dr to Cathedral Dr,V557,Street Resurfacing,2017 Bonds,9,09/2022,169065,169065,0,0,0,169065,,
2022,151,Street And Transporation,Charing Cross Ln from Staffordshire Dr to Flicker Ln,V594,Street Resurfacing,2017 Bonds,10,09/2022,96280,96280,0,0,0,96280,,
2022,151,Street And Transporation,Chariot Dr from Trace Rd to Wimbelton Way,V840,Street Resurfacing,2017 Bonds,8,09/2022,338753,338753,0,0,0,338753,,
2022,151,Street And Transporation,Charlestown Dr from Nuestra Dr to Preston Rd,V603,Street Resurfacing,2017 Bonds,13,09/2022,497839,615152,-117314,0,0,497839,,
2022,151,Street And Transporation,Cheyenne From Big Thicket To Elam,VA18,Thoroughfares,2017 Bonds,5,09/2024,4541941,536620,4005321,0,0,4541941,,
2022,152,Street And Transporation,Cheyenne From Lake June To Big Thickett Phase I,VA17,Thoroughfares,2017 Bonds,5,09/2024,7129507,712605,6416902,0,0,7129507,,
2022,152,Street And Transporation,Church Cir from End of Pavement to Church Rd,V809,Street Resurfacing,2017 Bonds,2,09/2022,64278,64278,0,0,0,64278,,
2022,152,Street And Transporation,Church St From I-35 To Cliff To End,V248,Street Reconstruction,2017 Bonds,4,03/2025,585516,102892,482624,0,0,585516,,
2022,152,Street And Transporation,Clarendon Dr (2-28' Lanes) from Ewing to Upton,V292,Street Reconstruction,2017 Bonds,4,11/2024,717466,295494,421973,998191,0,1715657,2023,2023
2022,152,Street And Transporation,Clark Road and Clarkridge Drive,W172,Traffic Signals,Capital Projects Reimbursement,3,12/2021,200000,198092,1908,0,0,200000,,
2022,152,Street And Transporation,Clarksdale Pl from Clarksdale Dr to End of Pavement,V798,Street Resurfacing,2017 Bonds,9,09/2022,61466,53474,7992,0,0,61466,,
2022,152,Street And Transporation,Classen Dr from E Northwest Hwy to Van Dyke Rd,V785,Street Resurfacing,2017 Bonds,9,Ongoing,383062,383062,0,0,0,383062,,
2022,152,Street And Transporation,Classen Dr from Northlake Dr to Waterview Rd,V707,Street Resurfacing,2017 Bonds,9,09/2022,347696,347696,0,0,0,347696,,
2022,152,Street And Transporation,Cobb St From Cobb St To Adair St,V288,Street Reconstruction,2017 Bonds,14,11/2023,51240,53482,-2242,59065,0,110305,2023,2023
2022,"152, 153",Street And Transporation,Cockrell Hill - La Reunion to Singleton,U205,Intergovernment al Partnership Projects,2006 Bonds / 2017 Bonds,Citywide,06/2023,5885333,5885333,0,0,0,5885333,,
2022,153,Street And Transporation,Cockrell Hill from Davis to the City Lim,U206,Intergovernment al Partnership Projects,2006 Bonds,Citywide,06/2023,7138,7138,0,0,0,7138,,
2022,153,Street And Transporation,Cockrell Hill From La Reunion To Singleton,V136,Intergovernment al Partnership Projects,2017 Bonds,6,06/2023,26159,26924,-766,0,0,26159,,
2022,153,Street And Transporation,Coleridge St from Easton Dd to Sasanqua Ln,V824,Street Resurfacing,2017 Bonds,9,09/2022,30664,30664,0,0,0,30664,,
2022,153,Street And Transporation,Collete At Tremont And Junius (Pilot Project to Construct Mini Roundabouts),VA24,Traffic Intersection Capacity & Safety Improvements,2017 Bonds,14,08/2022,86555,59634,26921,0,0,86555,,
2022,153,Street And Transporation,Columbia Ave/Main St from S Beacon St to,VA12,Thoroughfares,2017 Bonds,2,01/2023,514853,344750,170103,3250150,0,3765003,2023,2023
2022,153,Street And Transporation,Commerce from Good-Latimer to Hall,U733,Streetscape- Urban Design,2006 Bonds / 2017 Bonds,11,12/2023,1168856,12365,1156491,0,0,1168856,,
2022,154,Street And Transporation,Commerce St from East Side Ave to Benson St,V808,Street Resurfacing,2017 Bonds,2,09/2022,68874,68874,0,0,0,68874,,
2022,154,Street And Transporation,Commerce Street From Good Latimer To Exposition,VA16,Thoroughfares,2017 Bonds,2,12/2025,9659942,971374,8688568,0,0,9659942,,
2022,154,Street And Transporation,Concho St from Monticello Ave to Mercedes Ave,V409,Street Resurfacing,2017 Bonds,14,09/2022,58790,58790,0,0,0,58790,,
2022,154,Street And Transporation,Concho St From Richmond Ave To Belmont Ave,V289,Street Reconstruction,2017 Bonds,14,11/2023,79885,79885,0,313829,0,393714,2023,2023
2022,154,Street And Transporation,Coombs Creek Trail Extension,W264,Intergovernment al Partnership Projects,2017 Bonds,1,02/2024,425157,433475,-8319,0,0,425157,,
2022,154,Street And Transporation,Cosgrove Dr from Merriman Pkwy to Tabor Dr,V728,Street Resurfacing,2017 Bonds,9,09/2022,150321,150321,0,0,0,150321,,
2022,154,Street And Transporation,Cotillion Dr from Ferguson Rd to Puerto Rico Dr,V710,Street Resurfacing,2017 Bonds,14,05/2022,203680,201485,2196,0,0,203680,,
2022,154,Street And Transporation,Council District 1 Pedestrian Safety/Crosswalk Program -VA26,,Public/Private Development,2017 Bonds,1,06/2024,260000,0,260000,0,0,260000,,
2022,154,Street And Transporation,Council District 5 Sidewalk and Barrier Free Ramp Improvements,V150,Sidewalk and Barrier Free Ramp Improvements,2017 Bonds,5,05/2022,620971,392387,228585,0,0,620971,,
2022,155,Street And Transporation,Council District 8 Infrastructure Improvements,VA44,Traffic Signals,2017 Bonds,8,12/2025,350000,0,350000,0,0,350000,,
2022,155,Street And Transporation,Council District 9 Traffic Signal Improvements,VA29,Public/Private Development,2017 Bonds,9,12/2023,846000,265000,581000,0,0,846000,,
2022,155,Street And Transporation,Country Brook Dr,S241,Alley Reconstruction,2017 Bonds,12,09/2022,54896,66391,-11495,0,0,54896,,
2022,155,Street And Transporation,Country Creek Dr- Road Closure-Turn Around,VA23,Traffic Intersection Capacity & Safety Improvements,2017 Bonds,3,12/2023,428751,0,428751,0,0,428751,,
2022,155,Street And Transporation,Critical Bridges,V131,Bridge Repair and Modification,2017 Bonds,Citywide,04/2025,1099279,26258,1073020,0,0,1099279,,
2022,155,Street And Transporation,Critical Bridges- Camp Wisdom Road over Ricketts Creek Bridge,VA33,Bridge Repair and Modification,2017 Bonds,"3, 8",03/2023,100520,100520,0,0,0,100520,,
2022,155,Street And Transporation,Critical Bridges- Maple Avenue Bridge over Turtle Creek Bridge,VA30,Bridge Repair and Modification,2017 Bonds,"2, 14",04/2022,623502,568488,55015,0,0,623502,,
2022,155,Street And Transporation,Critical Bridges- Marsalis Avenue over Cedar Creek- Dallas Zoo,VA35,Bridge Repair and Modification,2017 Bonds,4,04/2022,59364,50599,8765,0,0,59364,,
2022,155,Street And Transporation,Critical Bridges- Marsh Lane over Furneaux Creek Bridge Repa,VA32,Bridge Repair and Modification,2017 Bonds,12,03/2022,28827,28827,0,0,0,28827,,
2022,156,Street And Transporation,Critical Bridges- Second Ave over White Rock Creek Bridge Repairs,VA31,Bridge Repair and Modification,2017 Bonds,5,10/2022,524438,517141,7297,0,0,524438,,
2022,156,Street And Transporation,Critical Bridges- W- Red Bird Lane over Woody Branch Creek,VA36,Bridge Repair and Modification,2017 Bonds,3,04/2025,283316,283740,-423,0,0,283316,,
2022,156,Street And Transporation,Cromwell Dr from Whirlaway Rd to Flaxley Dr,V685,Street Resurfacing,2017 Bonds,13,10/2022,790161,790158,3,0,0,790161,,
2022,156,Street And Transporation,Crouch Rd From Old Ox Rd To S Lancaster Rd,VA19,Thoroughfares,2017 Bonds,8,09/2025,471089,471089,0,279127,0,750216,2023,2023
2022,156,Street And Transporation,Currin Dr From Pebbledowne Dr To End Of Pavement,V278,Street Reconstruction,2017 Bonds,11,01/2024,504688,92347,412342,0,0,504688,,
2022,156,Street And Transporation,Currin Dr from St Michaels Dr to Pebbledowne Dr,V223,Street Reconstruction,2017 Bonds,11,01/2024,123783,126238,-2456,688445,0,812228,2023,2023
2022,156,Street And Transporation,D10 Transportation Improvements (MCIP),VA46,Traffic Intersection Capacity & Safety Improvements,2017 Bonds,10,12/2025,1000000,0,1000000,0,0,1000000,,
2022,156,Street And Transporation,DART Transportation Projects Fund,W337,Street and Alley Improvements,Other GO CIP - Non-Debt,Citywide,12/2025,9619105,3310589,6308516,0,0,9619105,,
2022,156,Street And Transporation,Davenport Rd From Winding Creek Rd To Creek Bend Rd,V312,Thoroughfares,2017 Bonds,12,03/2022,792179,556918,235261,0,0,792179,,
2022,157,Street And Transporation,Davis - Hampton to Westmoreland,U209,Intergovernment al Partnership Projects,2006 Bonds / 2017 Bonds,"1, 3",04/2022,434812,373630,61181,0,0,434812,,
2022,157,Street And Transporation,Davis Street from Cockrell Hill to Clint,V135,Intergovernment al Partnership Projects,2017 Bonds,14,03/2023,967408,891365,76043,3032592,0,4000000,2023,2023
2022,157,Street And Transporation,Desdemona Dr from Barnes Bridge Rd to Housley Dr,V667,Street Resurfacing,2017 Bonds,12,09/2022,104445,104445,0,0,0,104445,,
2022,157,Street And Transporation,Diceman Dr from Sanford Ave to Tavaros Ave,V756,Street Resurfacing,2017 Bonds,9,09/2022,117375,117375,0,0,0,117375,,
2022,157,Street And Transporation,Dirk St. - Alley South Of Martel Ave. To Martel Ave.,V187,Street Petitions,2017 Bonds,14,02/2025,147045,60664,86381,0,0,147045,,
2022,157,Street And Transporation,Dixie Ln from Ash Creek Dr to Mariposa Dr,V790,Street Resurfacing,2017 Bonds,14,09/2023,183000,182750,250,0,0,183000,,
2022,157,Street And Transporation,Dolphin Road from Haskell to Spring,V139,Intergovernment al Partnership Projects,2017 Bonds,7,12/2023,4432297,4002226,430071,0,0,4432297,,
2022,157,Street And Transporation,Douglas Ave from Newton Ave to Wycliff Ave,V825,Street Resurfacing,2017 Bonds,14,10/1/2022,146994,146991,3,0,0,146994,,
2022,157,Street And Transporation,Douglas Ave from Wycliff Ave to Herschel Ave,V815,Street Resurfacing,2017 Bonds,14,9/1/2022,142652,142649,3,0,0,142652,,
2022,158,Street And Transporation,Dove Brook Cir from Stone Canyon Rd to End of Pavement,V587,Street Resurfacing,2017 Bonds,11,09/2022,87911,87911,0,0,0,87911,,
2022,158,Street And Transporation,Dove Creek Way From Myrtlewood Drive To Swansee Street,V245,Street Reconstruction,2017 Bonds,3,12/2024,2100116,196163,1903953,1116541,0,3216657,2023,2023
2022,158,Street And Transporation,E Corning Ave From Arizona To S Marsalis Ave,V249,Street Reconstruction,2017 Bonds,4,04/2022,1024814,916267,108547,0,0,1024814,,
2022,158,Street And Transporation,E Davis St From Beckley Ave To Patton Ave,V303,Thoroughfares,2017 Bonds,1,02/2024,128129,130501,-2372,1034765,0,1162894,2023,2023
2022,158,Street And Transporation,E Overton Rd From S Marsalis Ave To S Ewing,V305,Thoroughfares,2017 Bonds,4,11/2022,2933486,1709658,1223827,0,0,2933486,,
2022,158,Street And Transporation,East Side Ave from S Haskell Ave to S Peak St,V725,Street Resurfacing,2017 Bonds,2,09/2021,140699,140699,0,0,0,140699,,
2022,158,Street And Transporation,Edd Rd From Seagoville To Garden Grove [Design and ROW only],VA20,Thoroughfares,2017 Bonds,8,09/2025,315042,315234,-191,0,0,315042,,
2022,158,Street And Transporation,Edelweiss Cir From Hillcrest Rd To End Of Pavement,V279,Street Reconstruction,2017 Bonds,11,11/2023,66939,68018,-1078,289444,0,356383,2023,2023
2022,158,Street And Transporation,Edgefield And Windomere-12th To Wentworth (Alley),V001,Alley Petitions,2017 Bonds,1,03/2023,957265,284652,672613,0,0,957265,,
2022,158,Street And Transporation,Elmwood Area Street Lighting,V174,Street and Alley Improvements,2017 Bonds,1,06/2024,498517,0,498517,0,0,498517,,
2022,159,Street And Transporation,Enderly Pl from Banting Way to Samuell Blvd,V810,Street Resurfacing,2017 Bonds,10,09/2022,117443,117443,0,0,0,117443,,
2022,159,Street And Transporation,Estacado Dr from Coldwater Cir to Ash Creek Dr,V757,Street Resurfacing,2017 Bonds,9,09/2022,348639,348639,0,0,0,348639,,
2022,159,Street And Transporation,Ewing Ave. From I35 E To Clarendon,VA15,Thoroughfares,2017 Bonds,4,08/2024,5996825,1104301,4892523,3703175,0,9700000,2023,2023
2022,159,Street And Transporation,Faircrest Dr from A11639 to Ferndale Rd,V714,Street Resurfacing,2017 Bonds,13,09/2022,118232,118232,0,0,0,118232,,
2022,159,Street And Transporation,Fellows Ln From Saipan St To End Of Pavement,VA03,Target Neighborhood,2017 Bonds,7,12/2024,81663,81693,-30,685367,0,767030,2023,2023
2022,159,Street And Transporation,Ferguson Rd And Lakeland Dr Intersection Improvements,V986,Streetscape- Urban Design,2017 Bonds,7,08/2023,771793,121878,649914,0,0,771793,,
2022,159,Street And Transporation,Ferguson Rd From Oates Dr To Lakeland Dr,V987,Streetscape- Urban Design,2017 Bonds,7,08/2023,541955,141593,400362,0,0,541955,,
2022,159,Street And Transporation,Fernald Ave from Dixfield Dr to Lochwood Blvd,V724,Street Resurfacing,2017 Bonds,9,09/2022,351968,352239,-271,0,0,351968,,
2022,159,Street And Transporation,Fernald Ave from Yeager Dr to Holt Dr,V750,Street Resurfacing,2017 Bonds,9,09/2022,211153,211150,3,0,0,211153,,
2022,159,Street And Transporation,Fillmore Dr from Empire Central to Register Ave,V195,Street Reconstruction,2017 Bonds,2,06/2022,1371324,1107069,264255,0,0,1371324,,
2022,160,Street And Transporation,Firebird Dr from Postglen Dr to Troyglen,V471,Street Resurfacing,2017 Bonds,8,12/2022,109418,80813,28606,0,0,109418,,
2022,160,Street And Transporation,Frankford Rd (Wb Lane Only) from City Limit to Appleridge Dr,V295,Street Reconstruction,2017 Bonds,12,03/2022,1173879,1174035,-156,0,0,1173879,,
2022,160,Street And Transporation,Frankford Rd from Hillcrest Rd to Coit Rd,V933,Street Resurfacing,2017 Bonds,6,09/2022,2496484,2497007,-523,0,0,2496484,,
2022,160,Street And Transporation,Frankford Rd from Preston Rd to Hillcrest Rd,V928,Street Resurfacing,2017 Bonds,13,09/2022,1987518,1988400,-881,0,0,1987518,,
2022,160,Street And Transporation,FY18 Street and Alley Improvement Projects,W222,Street and Alley Improvements,Other GO CIP - Non-Debt,Citywide,Ongoing,89742374,87132056,2610318,14108246,14108246,117958866,2023,2024
2022,160,Street And Transporation,FY20 DWU Fee for Unserved Areas,W647,Street and Alley Improvements,Other GO CIP - Non-Debt,Citywide,Ongoing,12398347,12398347,0,6799645,6799645,25997637,2023,2024
2022,160,Street And Transporation,Galena St from Norwood Dr to Fenwick Dr,V705,Street Resurfacing,2017 Bonds,9,09/2022,302866,304673,-1808,0,0,302866,,
2022,160,Street And Transporation,Galloway Ave From Fernwood Ave To S Denley Dr,V250,Street Reconstruction,2017 Bonds,4,02/2025,1756410,873443,882967,0,0,1756410,,
2022,160,Street And Transporation,Garland/Gaston/ East Grand Intersection Safety Improvements,V132,Intergovernment al Partnership Projects,2017 Bonds,"2, 9, 14",12/2024,1100001,306577,793424,0,0,1100001,,
2022,160,Street And Transporation,Gaston Pkwy from Old Gate Ln to Knob Oak Dr,V844,Street Resurfacing,2017 Bonds,9,09/2023,121456,121456,0,0,0,121456,,
2022,161,Street And Transporation,Gatewood Pl from End of Pavement to Jupiter Rd,V845,Street Resurfacing,2017 Bonds,9,06/2022,24783,24783,0,0,0,24783,,
2022,161,Street And Transporation,Geraldine Dr From Kendale Dr To Lombardy Ln,V257,Street Reconstruction,2017 Bonds,6,12/2024,160841,162722,-1881,691148,0,851989,2023,2023
2022,161,Street And Transporation,Gilbert Ave from Knight St to Douglas Ave,V645,Street Resurfacing,2017 Bonds,14,09/2022,323998,323998,0,0,0,323998,,
2022,161,Street And Transporation,Gilbert Ave From Oak Lawn Ave To Reagan St,V290,Street Reconstruction,2017 Bonds,14,11/2023,75196,75196,0,350479,0,425675,2023,2023
2022,161,Street And Transporation,Ginger Ave. - Dacki Ave. To Goldie Ave. - Brandon St.,V182,Street Petitions,2017 Bonds,3,12/2023,220494,220590,-96,1748609,0,1969103,2023,2023
2022,161,Street And Transporation,Glenleigh Dr.- Manning Ln. Existing Pavement To Manchester,V004,Alley Petitions,2017 Bonds,13,02/2024,67118,67946,-828,0,0,67118,,
2022,161,Street And Transporation,Gooch St from S Lancaster Rd to Tracy Rd,S602,Target Neighborhood,2017 Bonds / 2012 Bonds,8,10/2022,1925276,1929544,-4268,0,0,1925276,,
2022,161,Street And Transporation,Gooding Dr from Killion Dr to Merrell Rd,V627,Street Resurfacing,2017 Bonds,8,09/2022,397000,397000,0,0,0,397000,,
2022,161,Street And Transporation,Goodwin Ave from Laneri Ave to Glencoe St,V232,Street Reconstruction,2017 Bonds,14,12/2023,621218,115032,506186,0,0,621218,,
2022,162,Street And Transporation,Grassy Ridge Trl From Penguin Dr To Scottsboro Ln,V246,Street Reconstruction,2017 Bonds,3,12/2024,807266,123702,683564,794634,0,1601900,2023,2023
2022,162,Street And Transporation,Greenhollow Ln From Coit Rd To Sapling Way,V280,Street Reconstruction,2017 Bonds,11,12/2023,68716,69186,-470,0,0,68716,,
2022,162,Street And Transporation,Greentree Ln from Greenbrook Ln to W Circle Dr,V814,Street Resurfacing,2017 Bonds,11,09/2022,212660,212660,0,0,0,212660,,
2022,162,Street And Transporation,Haas From Marjorie To 51St,S452,Street Reconstruction,2012 Bonds,Citywide,Ongoing,379878,371024,8854,0,0,379878,,
2022,162,Street And Transporation,Haines Ave From W. Colorado Blvd To W. Greenbriar Ln,V236,Street Reconstruction,2017 Bonds,1,02/2023,1537988,1408444,129544,0,0,1537988,,
2022,162,Street And Transporation,Halifax St from Cash Rd to Pulaski St,V206,Street Reconstruction,2017 Bonds,6,08/2023,1058491,644741,413749,0,0,1058491,,
2022,162,Street And Transporation,Harlandale Ave. - Ohio Ave. To Illinois Ave.,V183,Street Petitions,2017 Bonds,4,06/2022,580690,582016,-1326,0,0,580690,,
2022,162,Street And Transporation,Harry Hines Blvd from Moody St to N Field St,V964,Street Resurfacing,2017 Bonds,14,09/2022,146942,0,146942,0,0,146942,,
2022,162,Street And Transporation,Hatcher Ave Dolphin Rd T,N073,Intergovernment al Partnership Projects,2006 Bonds,14,10/1/2023,70656,73633,-2977,0,0,70656,,
2022,162,Street And Transporation,Haverford Dr from Bucknell Dr to Trammel Dr,V716,Street Resurfacing,2017 Bonds,9,09/2022,266462,267462,-1000,0,0,266462,,
2022,162,Street And Transporation,Hay St From Ring St To End Of Pavement,V239,Street Reconstruction,2017 Bonds,2,03/2024,393383,261087,132297,0,0,393383,,
2022,163,Street And Transporation,Highland Hills Dr from Bonnie View Rd to Simpson Stuart Rd,V739,Street Resurfacing,2017 Bonds,8,09/2022,354771,354771,0,0,0,354771,,
2022,163,Street And Transporation,Highland Rd from Ferguson to N. of Entrance to Primrose,S611,Thoroughfares,2012 Bonds / 2017 Bonds,Citywide,04/2022,92467,97311,-4844,0,0,92467,,
2022,163,Street And Transporation,Hike and Bike Trails- W477,,Hike and Bike Trails,Other GO CIP - Non-Debt,Citywide,06/2023,456487,456487,0,0,0,456487,,
2022,163,Street And Transporation,Hike and Bike Trails- W660,,Hike and Bike Trails,2006 Bonds / 2012 Bonds / Other GO CIP - Non-Debt,Citywide,06/2023,1299999,863235,436764,0,0,1299999,,
2022,163,Street And Transporation,Hillcrest Rd from McCallum Blvd to Riseden Dr,V965,Street Resurfacing,2017 Bonds,14,09/2022,814911,814911,0,0,0,814911,,
2022,163,Street And Transporation,Hilton Head Dr & Harbor Town Dr,S261,Alley Reconstruction,2017 Bonds,12,09/2022,19801,19898,-96,0,0,19801,,
2022,163,Street And Transporation,Hilton Head Dr & River Hill Cir,S260,Alley Reconstruction,2017 Bonds,12,09/2022,11834,6493,5341,0,0,11834,,
2022,163,Street And Transporation,Hodde St from Woodmont Dr to N Jim Miller Rd,V204,Street Reconstruction,2017 Bonds,5,01/2025,1632241,177528,1454713,0,0,1632241,,
2022,163,Street And Transporation,Holland Ave from Turtle Creek Blvd to Bowser Ave,V836,Street Resurfacing,2017 Bonds,7,10/2022,135037,75040,59997,0,0,135037,,
2022,"163, 164",Street And Transporation,Holly Hill from Phoenix to Pineland,S604,Target Neighborhood,2012 Bonds / 2017 Bonds,13,01/2023,1206598,1224315,-17717,0,0,1206598,,
2022,164,Street And Transporation,Hord Ave. - Moler St. To Brandon St.,V181,Street Petitions,2017 Bonds,3,12/2023,135190,135286,-96,714810,0,850000,2023,2023
2022,164,Street And Transporation,Hughes Lane from Churchill Way to Lafayette Way,S605,Target Neighborhood,2012 Bonds / 2017 Bonds,11,01/2023,1149659,1150986,-1327,0,0,1149659,,
2022,164,Street And Transporation,Hughes Lane from LaFayette Way to the Alley North of Linden,S413,Sidewalk and Barrier Free Ramp Improvements,2012 Bonds,Citywide,Ongoing,8666,8606,60,0,0,8666,,
2022,164,Street And Transporation,Hughes Ln from Wilderness Ct to Preston Rd,V224,Street Reconstruction,2017 Bonds,11,11/2023,119220,121507,-2287,805889,0,925109,2023,2023
2022,164,Street And Transporation,Imperial St From Bertrand Ave To Lagow S,S436,Street Reconstruction,2012 Bonds,Citywide,07/2021,29535,11356,18179,0,0,29535,,
2022,164,Street And Transporation,Inwood Intersection Traffic Signal Modifications,W258,Traffic Signals,Capital Projects Reimbursement,2,12/2021,20703,13725,6978,0,0,20703,,
2022,164,Street And Transporation,Jefferson Blvd From Adams Ave To Polk St,V988,Streetscape- Urban Design,2017 Bonds,1,06/2024,138665,138942,-277,1866550,0,2005215,2023,2023
2022,164,Street And Transporation,Jefferson-Twelfth Connector Lane Diet- Removal,V990,Target Neighborhood,2017 Bonds,1,11/2023,2022460,290559,1731902,0,0,2022460,,
2022,165,Street And Transporation,Joyce Way from Thackery St to Hillcrest Rd,V230,Street Reconstruction,2017 Bonds,13,04/2022,889347,797528,91818,0,0,889347,,
2022,165,Street And Transporation,Judge Dupree Dr from Gentle River Dr to Silverhill Dr,V562,Street Resurfacing,2017 Bonds,8,03/2022,116143,107899,8244,0,0,116143,,
2022,165,Street And Transporation,Katy Trail-Skillman- White,R276,Intergovernment al Partnership Projects,2006 Bonds,9,Ongoing,34642,30980,3663,0,0,34642,,
2022,165,Street And Transporation,Keller Springs / Preston / Westgrove,S401,Intergovernment al Partnership Projects,2012 Bonds,Citywide,Ongoing,34254,27726,6528,0,0,34254,,
2022,165,Street And Transporation,Kelsey Rd from Inwood Rd to Meaders Ln,V690,Street Resurfacing,2017 Bonds,7,09/2022,414488,493911,-79422,0,0,414488,,
2022,165,Street And Transporation,Kernack St From Phinney Ave To Burns Ave,V237,Street Reconstruction,2017 Bonds,1,12/2023,88154,88250,-96,672479,0,760633,2023,2023
2022,165,Street And Transporation,Kiest Blvd & Ledbetter Dr Interesection,W228,Traffic Signals,Capital Projects Reimbursement,3,12/2021,23204,13993,9211,0,0,23204,,
2022,165,Street And Transporation,Kimball Neighborhood Plus Target Area Sidewalk and Barrier Free Ramp Improvements,V148,Sidewalk and Barrier Free Ramp Improvements,2017 Bonds,12,07/2023,372544,372640,-96,0,0,372544,,
2022,165,Street And Transporation,La Rue St. And Wyoming St. - Cockrell Hill Rd. To La Rue St.,V002,Alley Petitions,2017 Bonds,3,03/2023,206084,211433,-5349,0,0,206084,,
2022,166,Street And Transporation,Lake Highlands Trail From White Rock Creek Trail to Skillman,S617,Hike and Bike Trails,2012 Bonds,Citywide,09/2023,1102,1102,0,0,0,1102,,
2022,166,Street And Transporation,Lamar (S) from IH 45 to Hatcher,S396,Complete Street,2012 Bonds,Citywide,11/2021,32702,32895,-193,0,0,32702,,
2022,166,Street And Transporation,Lamar Streetscape Project,W045,Streetscape- Urban Design,2006 Bonds / 2017 Bonds,"2, 14",11/2023,1273863,320932,952931,0,0,1273863,,
2022,166,Street And Transporation,Lamplighter Ln from Meadow Crest Dr to Del Roy Dr,V846,Street Resurfacing,2017 Bonds,12,09/2022,116095,116095,0,0,0,116095,,
2022,166,Street And Transporation,Lanshire Dr From Chiswell Rd To Audelia Rd,V269,Street Reconstruction,2017 Bonds,10,03/2023,1159219,514749,644470,0,0,1159219,,
2022,166,Street And Transporation,Laurel Hill Dr From Budeudy Dr To End Of Pavement,V264,Street Reconstruction,2017 Bonds,8,03/2023,114596,118431,-3835,0,0,114596,,
2022,166,Street And Transporation,Laurel Hill Dr from Kleberg Rd to Budeudy Dr,V211,Street Reconstruction,2017 Bonds,8,03/2023,579629,363786,215843,0,0,579629,,
2022,166,Street And Transporation,LBJ/Skillman Intersection Improvements,V133,Intergovernment al Partnership Projects,2017 Bonds,10,10/2024,390053,93728,296325,0,0,390053,,
2022,166,Street And Transporation,Ledbetter Dr (E) From Kolloch Dr to Mayforge Dr,S454,Street Reconstruction,2012 Bonds / 2017 Bonds,5,12/2024,50603,390,50213,0,0,50603,,
2022,167,Street And Transporation,Lemmon Ave E from Lemmon Ave E to Oak Grove Ave,V297,Street Reconstruction,2017 Bonds,14,04/2024,579300,234666,344634,0,0,579300,,
2022,167,Street And Transporation,Lemmon Ave E from Noble Ave to McKinney Ave,V904,Street Resurfacing,2017 Bonds,14,09/2022,163994,163992,3,0,0,163994,,
2022,167,Street And Transporation,Lemmon Ave from Lemmon Ave to Howell St,V900,Street Resurfacing,2017 Bonds,14,04/2022,98990,98990,0,0,0,98990,,
2022,167,Street And Transporation,Lemmon Ave from Reagan St to Throckmorton St,V922,Street Resurfacing,2017 Bonds,14,09/2022,1135,1135,0,0,0,1135,,
2022,167,Street And Transporation,Lemmon Ave from Throckmorton St to Knight St,V944,Street Resurfacing,2017 Bonds,6,09/2022,256359,19453,236906,0,0,256359,,
2022,167,Street And Transporation,Lenel PL (Partnership with District 2) from Clover Ln to Wemdon Dr,V208,Street Reconstruction,2017 Bonds,6,05/2022,984494,995627,-11133,0,0,984494,,
2022,167,Street And Transporation,Lenel Pl [Partnership with District 6] From Clover Ln To Wemdon Dr,V240,Street Reconstruction,2017 Bonds,2,03/2022,1087686,1101447,-13761,0,0,1087686,,
2022,167,Street And Transporation,Lenel Pl From Lively Ln To Clover Ln,V258,Street Reconstruction,2017 Bonds,6,03/2022,1358306,1358402,-96,0,0,1358306,,
2022,167,Street And Transporation,Lenel Pl from Wemdon Dr to Mixon Dr,V207,Street Reconstruction,2017 Bonds,6,06/2022,1673754,1516265,157489,0,0,1673754,,
2022,168,Street And Transporation,Linkwood Dr from Ferndale Rd to Lockhaven Dr,V741,Street Resurfacing,2017 Bonds,9,09/2022,153955,153952,3,0,0,153955,,
2022,168,Street And Transporation,Lippitt Ave from Jupiter Rd to Mayfair Blvd,V715,Street Resurfacing,2017 Bonds,2,09/2022,121043,121043,0,0,0,121043,,
2022,168,Street And Transporation,Lippitt Ave from Sahara Way to Neering Dr,V673,Street Resurfacing,2017 Bonds,9,09/2022,60711,60711,0,0,0,60711,,
2022,168,Street And Transporation,Lockhart Ave from Rustown Dr to Shiloh Dr,V775,Street Resurfacing,2017 Bonds,10,09/2022,590956,622739,-31784,0,0,590956,,
2022,168,Street And Transporation,Lockhaven Dr From E Northwest Hwy To Lockyer Dr,V271,Street Reconstruction,2017 Bonds,10,06/2022,463506,376210,87296,0,0,463506,,
2022,168,Street And Transporation,Lockhaven Dr From Lockyer Dr To Lynford Dr,V270,Street Reconstruction,2017 Bonds,10,06/2022,485577,486101,-524,0,0,485577,,
2022,168,Street And Transporation,Lockhaven Dr from Lynford Dr to Lanshire Dr,V218,Street Reconstruction,2017 Bonds,10,06/2022,272637,232964,39673,0,0,272637,,
2022,168,Street And Transporation,Loree Dr from Carnegie Dr to Mercer Dr,V778,Street Resurfacing,2017 Bonds,8,09/2022,57110,57110,1,0,0,57110,,
2022,168,Street And Transporation,Loving Ave from Pasadena Ave to Winsted,V706,Street Resurfacing,2017 Bonds,9,09/2022,45703,45703,0,0,0,45703,,
2022,168,Street And Transporation,Loving Ave from Shook Ave to Wildgrove Ave,V687,Street Resurfacing,2017 Bonds,11,09/2022,75938,75938,0,0,0,75938,,
2022,169,Street And Transporation,Lynford Dr from Ferndale Rd to Lockhaven Dr,V219,Street Reconstruction,2017 Bonds,10,06/2022,744145,539839,204306,0,0,744145,,
2022,169,Street And Transporation,Main St From Good Latimer To Exposition,S397,Sidewalk Improvements,2017 Bonds,2,09/2022,58780,5198,53583,0,0,58780,,
2022,169,Street And Transporation,Maple Ave From 700 South Of Mockingbird Ln To Mockingbird Ln,S316,Street Reconstruction,2012 Bonds / 2017 Bonds,2,12/2023,35548,16254,19294,0,0,35548,,
2022,169,Street And Transporation,Maple Ave From Mahon St To Cedar Springs Rd,V314,Thoroughfares,2017 Bonds,14,08/2022,532130,532226,-96,0,0,532130,,
2022,169,Street And Transporation,Maple Ave from McKinney Ave to Mahon St,V298,Street Reconstruction,2017 Bonds,14,08/2022,867552,882124,-14572,0,0,867552,,
2022,169,Street And Transporation,Maple Ave From Randall St To Wolf St,V315,Thoroughfares,2017 Bonds,14,08/2022,1063671,894716,168954,0,0,1063671,,
2022,169,Street And Transporation,Maple Routh Conn from Thomas Ave to McKinney Ave,V917,Street Resurfacing,2017 Bonds,14,09/2022,139430,139430,0,0,0,139430,,
2022,169,Street And Transporation,Marfa Ave From Biglow St To Easter Ave,V251,Street Reconstruction,2017 Bonds,4,12/2024,16415,16415,0,840139,0,856554,2023,2023
2022,169,Street And Transporation,Marfa Ave from Fernwood Ave to S Lancaster Rd,V201,Street Reconstruction,2017 Bonds,4,12/2024,24146,23983,163,1221703,0,1245849,2023,2023
2022,170,Street And Transporation,Marlin Dr from Modlin St to La Prada Dr,V711,Street Resurfacing,2017 Bonds,9,09/2022,175136,175136,0,0,0,175136,,
2022,170,Street And Transporation,Mayforge Dr From Le Forge Ave to E Ledbe,S455,Street Reconstruction,2006 Bonds / 2012 Bonds,5,08/2021,195,195,0,0,0,195,,
2022,170,Street And Transporation,Maywood Ave from Frio Dr to S Denley Dr,V202,Street Reconstruction,2017 Bonds,4,06/2023,2036050,1112220,923830,0,0,2036050,,
2022,170,Street And Transporation,Mc Kinney Ave Pedestrian Safety Improvement,V171,Sidewalk and Barrier Free Ramp Improvements,2017 Bonds,14,12/2023,33401,29381,4020,716599,0,750000,2023,2023
2022,170,Street And Transporation,McCommas Blvd from McMillan Ave to Worcola St,V233,Street Reconstruction,2017 Bonds,14,12/2023,610018,116956,493062,0,0,610018,,
2022,170,Street And Transporation,McKinney Ave from Allen St to Oak Grove Ave,V972,Street Resurfacing,2017 Bonds,14,09/2022,117752,117752,0,0,0,117752,,
2022,170,Street And Transporation,McKinney Ave from Boll St to Worthington St,V974,Street Resurfacing,2017 Bonds,14,09/2022,116797,116797,0,0,0,116797,,
2022,170,Street And Transporation,McKinney Ave from Fairmount St to Routh St,V975,Street Resurfacing,2017 Bonds,14,09/2022,118889,118889,0,0,0,118889,,
2022,170,Street And Transporation,McKinney Ave from Maple Routh Conn to Leonard St,V979,Street Resurfacing,2017 Bonds,14,09/2022,67159,67159,0,0,0,67159,,
2022,171,Street And Transporation,McKinney Ave from N Hall St to Lemmon Ave,V976,Street Resurfacing,2017 Bonds,14,09/2022,155516,155516,0,0,0,155516,,
2022,171,Street And Transporation,McKinney Ave from Routh St to Boll St,V973,Street Resurfacing,2017 Bonds,14,09/2022,112333,112333,0,0,0,112333,,
2022,171,Street And Transporation,McKinney Ave from Worthington St to Allen St,V978,Street Resurfacing,2017 Bonds,11,09/2022,128351,128351,0,0,0,128351,,
2022,171,Street And Transporation,McKinney Ave/Cole Two Way Conversion,V137,Intergovernment al Partnership Projects,2017 Bonds,14,06/2024,331635,336841,-5207,7675241,0,8006876,2023,2023
2022,171,Street And Transporation,Meadow Crest Dr From Inwood Road To Lamplighter Lane,V286,Street Reconstruction,2017 Bonds,13,04/2022,783509,757489,26020,0,0,783509,,
2022,171,Street And Transporation,Meadow Park Dr from Stone Canyon Rd to Regal Park Ln,V225,Street Reconstruction,2017 Bonds,11,01/2024,103228,109436,-6208,675587,0,778815,2023,2023
2022,171,Street And Transporation,Meandering Way from Alpha Rd to Purple Sage Rd,V910,Street Resurfacing,2017 Bonds,11,09/2022,140843,140843,0,0,0,140843,,
2022,171,Street And Transporation,Merit Dr From Clodus Fields Dr To Churchill Way,V311,Thoroughfares,2017 Bonds,11,12/2024,263784,273955,-10171,2296056,0,2559840,2023,2023
2022,171,Street And Transporation,Merit From Church Hill Way To LBJ,V302,Thoroughfares,2017 Bonds,11,12/2024,309222,309534,-312,2690788,0,3000010,2023,2023
2022,171,Street And Transporation,Michigan Ave from E Illinois Ave to E Oh,V321,Street Resurfacing,2017 Bonds,4,09/2022,76150,76150,0,0,0,76150,,
2022,172,Street And Transporation,Middlebury Dr from Rockhurst Dr to Rutgers Dr,V754,Street Resurfacing,2017 Bonds,9,09/2022,30596,30596,0,0,0,30596,,
2022,172,Street And Transporation,Middlebury Dr from Rutgers Dr to Haverford Dr,V566,Street Resurfacing,2017 Bonds,5,09/2022,106570,106570,0,0,0,106570,,
2022,172,Street And Transporation,Midway and Merrill Traffic Signal Reconstruction,W638,Traffic Signals,Capital Projects Reimbursement,13,12/2023,200000,0,200000,0,0,200000,,
2022,172,Street And Transporation,Milhof Dr From Barnes Bridge Rd To Plummer Dr,V267,Street Reconstruction,2017 Bonds,9,11/2022,1030121,730922,299199,0,0,1030121,,
2022,172,Street And Transporation,Military Parkway from Elva Ave to Rockbluff Dr (Complete Street),V989,Street Reconstruction,2017 Bonds,5,03/2023,273834,275491,-1657,1726892,0,2000726,2023,2023
2022,172,Street And Transporation,Mimosa Ln from Edgemere Rd to Hillcrest Rd,V231,Street Reconstruction,2017 Bonds,13,01/2023,1562892,1302611,260281,0,0,1562892,,
2022,172,Street And Transporation,MLK from RB Cullum to SM Wright,S398,Complete Street,2012 Bonds,Citywide,11/2021,193,0,193,0,0,193,,
2022,172,Street And Transporation,Modern Streetcar Extension,W072,Intergovernment al Partnership Projects,2006 Bonds,"1, 2, 14",12/2025,2000,522,1478,0,0,2000,,
2022,172,Street And Transporation,Modlin St from Hillglenn Rd to Marlin Dr,V674,Street Resurfacing,2017 Bonds,9,09/2022,93570,93570,0,0,0,93570,,
2022,172,Street And Transporation,Montague Ave from Yewpon Ave to Ramona,V203,Street Reconstruction,2017 Bonds,4,04/2024,147775,148004,-228,899994,0,1047769,2023,2023
2022,173,Street And Transporation,Morgan Dr From Plaza Blvd To Nandina Dr,V308,Thoroughfares,2017 Bonds,8,04/2024,267964,268287,-324,424813,0,692777,2023,2023
2022,173,Street And Transporation,Morningside Ave from Worcola St to Greenville Ave,V819,Street Resurfacing,2017 Bonds,9,09/2022,189920,189920,0,0,0,189920,,
2022,173,Street And Transporation,Morrell Ave From Bonnie View Rd To High St,V306,Thoroughfares,2017 Bonds,4,04/2024,126319,126773,-453,328155,0,454474,2023,2023
2022,173,Street And Transporation,Motor St - IH 35E to Medical Center Dr,U222,Intergovernment al Partnership Projects,2006 Bonds / 2017 Bonds,2,12/2021,1005256,525440,479815,0,0,1005256,,
2022,173,Street And Transporation,Murray St From Main St To Canton St,V241,Street Reconstruction,2017 Bonds,2,03/2024,1036342,656825,379516,0,0,1036342,,
2022,173,Street And Transporation,Myers Cir from Myers Cir to Elam Rd,V212,Street Reconstruction,2017 Bonds,8,06/2023,1031268,116192,915076,0,0,1031268,,
2022,173,Street And Transporation,N Arcadia Dr From S Ira Ave S Tillery Ave,V998,Target Neighborhood,2017 Bonds,6,12/2023,122074,123757,-1683,0,0,122074,,
2022,173,Street And Transporation,N Cliff St From Hutchins Ave To Reverend Cbt Smith St,V252,Street Reconstruction,2017 Bonds,4,03/2025,448801,68147,380655,0,0,448801,,
2022,173,Street And Transporation,N Fitzhugh Ave from Abbott Ave to Turtle Creek Bnd,V905,Street Resurfacing,2017 Bonds,14,09/2022,190143,190141,3,0,0,190143,,
2022,173,Street And Transporation,N Fitzhugh Ave from McKinney Ave to Cole Ave,V299,Street Reconstruction,2017 Bonds,14,11/2023,104243,106768,-2526,852387,0,956630,2023,2023
2022,174,Street And Transporation,N Hall St From Cochran St To Central Expwy Srv Rd,V318,Thoroughfares,2017 Bonds,14,06/2023,439139,441500,-2361,0,0,439139,,
2022,174,Street And Transporation,N Hall St from Floyd St to Swiss Ave,V881,Street Resurfacing,2017 Bonds,13,09/2021,58790,58790,0,0,0,58790,,
2022,174,Street And Transporation,N Hall St from Gaston Ave to Floyd St,V869,Street Resurfacing,2017 Bonds,14,09/2021,116665,116665,0,0,0,116665,,
2022,174,Street And Transporation,N Hall St From Munger Ave To Cochran St,V317,Thoroughfares,2017 Bonds,14,06/2023,512074,516633,-4559,0,0,512074,,
2022,174,Street And Transporation,N Hall St from Oak Lawn Ave to Reagan St,V838,Street Resurfacing,2017 Bonds,14,11/2021,138871,50000,88871,0,0,138871,,
2022,174,Street And Transporation,N Hall St From Ross Ave To Munger Blvd,V316,Thoroughfares,2017 Bonds,14,06/2023,1183983,1185740,-1758,0,0,1183983,,
2022,174,Street And Transporation,N Hampton Rd from I-30 W Commerce St,V969,Street Resurfacing,2017 Bonds,4,09/2022,955255,955255,0,0,0,955255,,
2022,174,Street And Transporation,N Ira Ave From N Arcadia Dr To W Jefferson Blvd,V999,Target Neighborhood,2017 Bonds,6,12/2023,92515,94198,-1683,0,0,92515,,
2022,174,Street And Transporation,N Lancaster Ave From E. Colorado Blvd To Addison St,V238,Street Reconstruction,2017 Bonds,1,01/2024,70693,71165,-472,344789,0,415482,2023,2023
2022,174,Street And Transporation,N Morocco Ave From Goodman St To N Justin Ave,V259,Street Reconstruction,2017 Bonds,6,03/2024,97173,99122,-1950,603103,0,700276,2023,2023
2022,174,Street And Transporation,N Munger Blvd from Gaston Ave to Live Oak,V915,Street Resurfacing,2017 Bonds,5,02/2022,620165,0,620165,0,0,620165,,
2022,175,Street And Transporation,N Munger Blvd from Junius St to Gaston Ave,V301,Street Reconstruction,2017 Bonds,14,11/2023,848539,121570,726969,0,0,848539,,
2022,175,Street And Transporation,N Munger Blvd from Tremont St to Worth St,V300,Street Reconstruction,2017 Bonds,14,11/2023,695402,118710,576692,0,0,695402,,
2022,175,Street And Transporation,N Munger Blvd From Worth St To Junius St,V319,Thoroughfares,2017 Bonds,14,11/2023,620156,116338,503818,0,0,620156,,
2022,175,Street And Transporation,N Pearl St/Flora St Streetscape & Pedestrian Improvements,V982,Streetscape- Urban Design,2017 Bonds,14,06/2025,514769,0,514769,409097,0,923866,2023,2023
2022,175,Street And Transporation,N Walton St From Elm St To End Of Pavement,V242,Street Reconstruction,2017 Bonds,2,03/2024,902933,546401,356532,0,0,902933,,
2022,175,Street And Transporation,Nagle St from Denton Dr to Overlake Dr,V209,Street Reconstruction,2017 Bonds,6,12/2024,190732,192705,-1973,936072,0,1126804,2023,2023
2022,175,Street And Transporation,Neering Dr from Lippitt Ave to Lanewood Cir,V700,Street Resurfacing,2017 Bonds,10,09/2022,76619,76619,0,0,0,76619,,
2022,175,Street And Transporation,Norcross Ln from Castlegate Dr to Marsh Ln,V842,Street Resurfacing,2017 Bonds,9,09/2023,525317,209989,315328,0,0,525317,,
2022,175,Street And Transporation,North Boulevard Terrace Extension- Bridget To Plymouth,V991,Target Neighborhood,2017 Bonds,1,05/2024,458545,474675,-16130,0,0,458545,,
2022,175,Street And Transporation,Northaven Rd from Marsh Ln to Cox Ln,V568,Street Resurfacing,2017 Bonds,13,09/2022,372361,372361,0,0,0,372361,,
2022,175,Street And Transporation,Northaven Rd from Royalshire Dr to Crest Brook Dr,V226,Street Reconstruction,2017 Bonds,11,12/2023,801232,92760,708472,0,0,801232,,
2022,176,Street And Transporation,Northbound S Westmoreland At Kimball High Sch Parking Lot,V304,Thoroughfares,2017 Bonds,3,01/2023,1381094,1381448,-354,0,0,1381094,,
2022,176,Street And Transporation,Northcliff Dr from Bondstone Dr to Classen Dr,V729,Street Resurfacing,2017 Bonds,10,09/2022,89093,89090,3,0,0,89093,,
2022,176,Street And Transporation,Northcreek Ln from L B J Serv N to End of Pavement,V227,Street Reconstruction,2017 Bonds,11,12/2023,92339,92339,0,704548,0,796887,2023,2023
2022,176,Street And Transporation,Northlake Dr from Coolair Dr to Kirkwood Dr,V764,Street Resurfacing,2017 Bonds,9,09/2022,458317,340915,117402,0,0,458317,,
2022,176,Street And Transporation,Northlake Dr from Kirkwood Dr to Hambrick Rd,V766,Street Resurfacing,2017 Bonds,4,09/2022,311674,327404,-15730,0,0,311674,,
2022,176,Street And Transporation,Northwest Highway/Preston Parking/ Transportation Interface,V141,Intergovernment al Partnership Projects,2017 Bonds,13,12/2025,1100000,10033,1089967,8900000,0,10000000,2023,2023
2022,176,Street And Transporation,Oak Lawn-Cedar Springs Area Improvements,V156,Sidewalk and Barrier Free Ramp Improvements,2017 Bonds,2,07/2023,515075,515171,-96,0,0,515075,,
2022,176,Street And Transporation,Oak Plaza from Kleberg Rd to End of Pavement,V213,Street Reconstruction,2017 Bonds,8,03/2023,743577,376498,367079,0,0,743577,,
2022,176,Street And Transporation,Old Gate Ln from San Leandro Dr to Groveland Dr,V672,Street Resurfacing,2017 Bonds,2,09/2022,50009,50009,0,0,0,50009,,
2022,177,Street And Transporation,Pacific Plaza Traffic Signal Upgrade,W311,Traffic Signals,Capital Projects Reimbursement,14,12/2021,375000,639971,-264971,0,0,375000,,
2022,177,Street And Transporation,Palo Pinto Ave. And Velasco Ave - Concho St. To Skillman St,V006,Alley Petitions,2017 Bonds,14,02/2024,95025,95915,-890,80806,0,175831,2023,2023
2022,177,Street And Transporation,Park Grove Ln (18627-18851) and Kirkmead,S294,Alley Reconstruction,2017 Bonds,12,09/2022,10956,15610,-4654,0,0,10956,,
2022,177,Street And Transporation,Park Lane - US 75 to Greenville,U227,Intergovernment al Partnership Projects,2017 Bonds / 2006 Bonds,13,02/2022,162431,184985,-22554,0,0,162431,,
2022,177,Street And Transporation,Park Lane from Boedecker to US75,U226,Intergovernment al Partnership Projects,2006 Bonds / 2017 Bonds,13,07/2021,1848391,1152162,696229,0,0,1848391,,
2022,177,Street And Transporation,Park Lane from Greenville to Fair Oaks,V899,Street and Alley Improvements,2017 Bonds,13,06/2025,1117082,0,1117082,0,0,1117082,,
2022,177,Street And Transporation,Park Ln from Hillcrest Rd to Sarah Nash Ct,V930,Street Resurfacing,2017 Bonds,4,11/2022,1624624,1630835,-6211,0,0,1624624,,
2022,178,Street And Transporation,Park Manor Dr From Simpson Stuart Rd To Happy Canyon Dr,V265,Street Reconstruction,2017 Bonds,8,03/2023,164784,165588,-804,0,0,164784,,
2022,178,Street And Transporation,Park Row Ave From South Central Expy to Jeffries St- Lighting,V175,Street and Alley Improvements,2017 Bonds,7,12/2023,424000,0,424000,0,0,424000,,
2022,178,Street And Transporation,Pearson Dr from Avalon Ave to Lakewood Blvd,V702,Street Resurfacing,2017 Bonds,4,09/2022,85304,85304,0,0,0,85304,,
2022,178,Street And Transporation,Pedestrian Way On Elm St Between Ervay - Stone St,U748,Streetscape- Urban Design,2017 Bonds,Citywide,10/2021,466934,0,466934,0,0,466934,,
2022,178,Street And Transporation,Pemberton Hill from Great Trinity Forest,VA10,Thoroughfares,2017 Bonds,"5, 7, 8",10/2023,9190163,9233743,-43580,4874236,0,14064399,2023,2023
2022,178,Street And Transporation,Phoenix from Fair Oaks to Holly Hill,S609,Target Neighborhood,2017 Bonds,13,04/2022,857623,856644,979,0,0,857623,,
2022,178,Street And Transporation,Pierce St from St Rita Dr to W Kiest Blvd,V196,Street Reconstruction,2017 Bonds,3,11/2023,1377905,156244,1221661,0,0,1377905,,
2022,178,Street And Transporation,Prairie Creek Bridge over UPRR Tracks,V143,Intergovernment al Partnership Projects,2017 Bonds,7,02/2026,5736501,686642,5049859,3463499,0,9200000,2023,2023
2022,178,Street And Transporation,Preakness Ln from Polarity Dr to S Walton Walker Serv E,V197,Street Reconstruction,2017 Bonds,3,11/2023,1437509,164040,1273469,0,0,1437509,,
2022,178,Street And Transporation,Princess Ln from Marquis Ln to Marsh Ln,V697,Street Resurfacing,2017 Bonds,13,10/2022,830314,830311,3,0,0,830314,,
2022,179,Street And Transporation,Province Ln from Tellerson Ave to Casa Oaks Dr,V691,Street Resurfacing,2017 Bonds,9,09/2022,211631,211631,0,0,0,211631,,
2022,179,Street And Transporation,Public Art Administration- Public Works,PA59,Public Art,2017 Bonds,13,Not Started,178445,15710,162735,0,0,178445,,
2022,179,Street And Transporation,Public Art Projects- Public Works,PA58,Public Art,2017 Bonds,Citywide,12/2021,713774,0,713774,0,0,713774,,
2022,179,Street And Transporation,Quebec St From Sharp St To Mockingbird Ln,V260,Street Reconstruction,2017 Bonds,6,08/2023,803824,758739,45086,0,0,803824,,
2022,179,Street And Transporation,Rail Road Crossing Quiet Zones,V142,Intergovernment al Partnership Projects,2017 Bonds,Citywide,06/2022,543000,597404,-54404,0,0,543000,,
2022,179,Street And Transporation,Ravendale Ln from Belford Dr to Rockaway Dr,V743,Street Resurfacing,2017 Bonds,5,09/2022,201627,206055,-4427,0,0,201627,,
2022,179,Street And Transporation,Rayenell Ave from Hodde St to CF Hawn Serv S,V205,Street Reconstruction,2017 Bonds,5,01/2025,1735435,226052,1509383,0,0,1735435,,
2022,179,Street And Transporation,Redstart Ln from Lyre Ln to Santa Barbara Dr,V669,Street Resurfacing,2017 Bonds,9,09/2022,150817,150817,0,0,0,150817,,
2022,179,Street And Transporation,Regent Dr from Cromwell Dr to Lathrop Dr,V712,Street Resurfacing,2017 Bonds,9,09/2022,730671,542781,187890,0,0,730671,,
2022,179,Street And Transporation,Remove Dip On Eb Royal Ln 400 Ft East Of Greenville Ave,V309,Thoroughfares,2017 Bonds,10,07/2022,12462,12462,0,0,0,12462,,
2022,180,Street And Transporation,Rexton Ln from Glennox Ln to E Lovers Ln,V797,Street Resurfacing,2017 Bonds,8,09/2022,61446,61446,0,0,0,61446,,
2022,180,Street And Transporation,Richmond Ave At Skillman St Intersection Improvements,VA25,Traffic Intersection Capacity & Safety Improvements,2017 Bonds,14,06/2022,366227,169706,196521,0,0,366227,,
2022,180,Street And Transporation,Richmond Ave from Matilda St to Skillman St,V620,Street Resurfacing,2017 Bonds,14,09/2022,1516309,1522243,-5934,0,0,1516309,,
2022,180,Street And Transporation,Ridgecrest Rd. - Holly Hill Dr. To Sopac Tr E Of Eastridge,V186,Street Petitions,2017 Bonds,13,11/2024,605617,610806,-5189,4912677,0,5518294,2023,2023
2022,180,Street And Transporation,Ridgedale Ave from McMillan Ave to Worcola St,V234,Street Reconstruction,2017 Bonds,14,06/2025,187713,16879,170834,425498,0,613211,2023,2023
2022,180,Street And Transporation,Ridgemeadow Dr from Lochwood Blvd to Midlake Dr,V738,Street Resurfacing,2017 Bonds,9,09/2022,83761,83761,0,0,0,83761,,
2022,180,Street And Transporation,Ridgemont Dr from Highgate Ln to Santa Anita Dr,V723,Street Resurfacing,2017 Bonds,5,09/2022,210911,210911,0,0,0,210911,,
2022,180,Street And Transporation,Ring St from East Grand Ave to Hay St,V713,Street Resurfacing,2017 Bonds,2,09/2022,63093,63093,0,0,0,63093,,
2022,180,Street And Transporation,Rio Grande Cir from Rio Grande Ave to Kimball Ridge Dr,V595,Street Resurfacing,2017 Bonds,3,09/2022,194879,194879,0,0,0,194879,,
2022,180,Street And Transporation,Rio Verde Way from Shiloh Rd to Kilkirk Ln,V652,Street Resurfacing,2017 Bonds,9,04/2022,209574,209571,3,0,0,209574,,
2022,181,Street And Transporation,Riverfront From Uppr Tracks To Cadiz,V134,Intergovernment al Partnership Projects,2017 Bonds,1,06/2025,4600000,33600,4566400,0,0,4600000,,
2022,181,Street And Transporation,Rolling Rock Ln from Hackney Ln to Fern Hollow Dr,V220,Street Reconstruction,2017 Bonds,10,12/2023,110484,110731,-247,414912,0,525396,2023,2023
2022,181,Street And Transporation,Rosemont Rd From Buckner To Hillburn,V996,Target Neighborhood,2017 Bonds,5,12/2023,196284,196380,-96,3072393,0,3268677,2023,2023
2022,181,Street And Transporation,Rosemont Rd From Hillburn To Jim Miller,V997,Target Neighborhood,2017 Bonds,5,12/2023,443717,443813,-96,484726,0,928443,2023,2023
2022,181,Street And Transporation,Rothington Rd From Chariot Dr To S Buckner Blvd,V166,Sidewalk and Barrier Free Ramp Improvements,2017 Bonds,7,07/2022,41001,0,41001,0,0,41001,,
2022,181,Street And Transporation,Routh St Gateway Streetscape And Pedestian Improvements,V983,Streetscape- Urban Design,2017 Bonds,14,06/2023,250000,13189,236811,0,0,250000,,
2022,181,Street And Transporation,Royal Ln from Ashcroft Ave to Greenville Ave,V967,Street Resurfacing,2017 Bonds,10,09/2022,0,0,0,0,0,0,,
2022,181,Street And Transporation,Royal Ln from Brockbank Dr to Coogan Dr,V923,Street Resurfacing,2017 Bonds,13,09/2022,794080,794080,0,0,0,794080,,
2022,181,Street And Transporation,Royal Ln from Cromwell Dr to Marsh Ln,V891,Street Resurfacing,2017 Bonds,13,09/2022,0,0,0,0,0,0,,
2022,182,Street And Transporation,Royal Ln from Harry Hines Blvd to Grissom Ln,V951,Street Resurfacing,2017 Bonds,6,06/2022,611396,612808,-1412,0,0,611396,,
2022,182,Street And Transporation,Rugged Dr from Berkley Ave to Ferndale Ave,V189,Street Reconstruction,2017 Bonds,1,06/2022,957813,657242,300571,0,0,957813,,
2022,182,Street And Transporation,Ruidosa Ave from Featherbrook Dr to Cotillion Dr,V727,Street Resurfacing,2017 Bonds,7,05/2022,198501,195933,2568,0,0,198501,,
2022,182,Street And Transporation,S Murdeaux Ln from Great Trinity Forest Way to Olusta Dr,V214,Street Reconstruction,2017 Bonds,8,06/2023,702172,77533,624639,0,0,702172,,
2022,182,Street And Transporation,S Patton Ave from E 10th St to E. Jefferson Blvd,V190,Street Reconstruction,2017 Bonds,1,03/2024,485920,486208,-288,0,0,485920,,
2022,182,Street And Transporation,S Van Buren Ave from W Pembroke Ave to Page Ave,V191,Street Reconstruction,2017 Bonds,1,06/2022,597482,577870,19612,0,0,597482,,
2022,182,Street And Transporation,San Diego Dr from Shiloh Rd to Santa Anna Ave,V782,Street Resurfacing,2017 Bonds,5,04/2022,543630,543627,3,0,0,543630,,
2022,182,Street And Transporation,San Jacinto St From N Pearl St To Crockett St,V291,Street Reconstruction,2017 Bonds,14,11/2023,81919,83048,-1129,342074,0,423993,2023,2023
2022,182,Street And Transporation,San Juan Ave from Newcombe Dr to Crest Ridge Dr,V772,Street Resurfacing,2017 Bonds,2,09/2022,230546,230546,0,0,0,230546,,
2022,182,Street And Transporation,San Marcus Ave from Lingo Ln to Ferguson Rd,V703,Street Resurfacing,2017 Bonds,9,09/2022,154213,154213,0,0,0,154213,,
2022,183,Street And Transporation,Santa Anna Ave from Shiloh Rd to Vista Mar Dr,V747,Street Resurfacing,2017 Bonds,9,05/2022,204188,188057,16131,0,0,204188,,
2022,183,Street And Transporation,Santa Barbara Dr from Santa Maria Ln to E Mockingbird Ln,V771,Street Resurfacing,2017 Bonds,8,11/2022,177833,181456,-3623,0,0,177833,,
2022,183,Street And Transporation,Santa Fe Ave from Clermont Ave to Monte Vista Dr,V817,Street Resurfacing,2017 Bonds,8,09/2022,61294,61294,0,0,0,61294,,
2022,183,Street And Transporation,Santa Fe Ave from Cordova St to Clermont Ave,V826,Street Resurfacing,2017 Bonds,14,09/2022,85868,85868,0,0,0,85868,,
2022,183,Street And Transporation,Sapling Way From Clearsprings Rd To Greenhollow Ln,V281,Street Reconstruction,2017 Bonds,11,12/2023,46672,46672,0,0,0,46672,,
2022,183,Street And Transporation,Shaw St from Navaro St to Harston St,V210,Street Reconstruction,2017 Bonds,6,03/2024,120416,121448,-1031,859080,0,979496,2023,2023
2022,183,Street And Transporation,Sidewalks 50/50 And ADA Ramps,V146,Sidewalk and Barrier Free Ramp Improvements,2017 Bonds,Citywide,03/2024,3631484,3848083,-216600,0,0,3631484,,
2022,183,Street And Transporation,Silverton Dr from Caraway Dr to Webb Chapel Rd,V633,Street Resurfacing,2017 Bonds,13,08/2021,326761,326758,3,0,0,326761,,
2022,183,Street And Transporation,Sinclair Ave from Jupiter Rd to Gaston Pkwy,V746,Street Resurfacing,2017 Bonds,9,09/2022,261349,261349,0,0,0,261349,,
2022,183,Street And Transporation,Sinclair Ave from Sunland St to Jupiter Rd,V681,Street Resurfacing,2017 Bonds,9,09/2022,340303,340303,0,0,0,340303,,
2022,184,Street And Transporation,Skillman at Walnut Hill (Complete Street) -VA22,,Public/Private Development,2017 Bonds,10,12/2025,209747,0,209747,0,0,209747,,
2022,184,Street And Transporation,Skillman St from Richmond Ave to Llano Ave,V907,Street Resurfacing,2017 Bonds,14,09/2022,657106,2386,654720,0,0,657106,,
2022,184,Street And Transporation,South Blvd From South Central Expy To Meadow St Lighting,V176,Street and Alley Improvements,2017 Bonds,7,12/2023,600053,0,600053,0,0,600053,,
2022,184,Street And Transporation,South Ewing Ave From Sleeth St To Ann Arbor Ave,V188,Street Petitions,2017 Bonds,4,06/2022,903458,848274,55183,0,0,903458,,
2022,184,Street And Transporation,Springhill Dr from Mercer Dr to Stanwood Dr,V832,Street Resurfacing,2017 Bonds,9,09/2023,77004,77004,0,0,0,77004,,
2022,184,Street And Transporation,State St from Routh St to Boll St,V789,Street Resurfacing,2017 Bonds,14,10/1/2022,156285,98958,57328,0,0,156285,,
2022,184,Street And Transporation,"Street Illumination Construction, Replacement, or Upgrade",VA41,Street Lighting,2017 Bonds,Citywide,12/2025,2150000,0,2150000,0,0,2150000,,
2022,184,Street And Transporation,Street Lights At Parkdale Dr And Lawnview Ave,V177,Street and Alley Improvements,2017 Bonds,7,12/2023,16000,0,16000,0,0,16000,,
2022,184,Street And Transporation,Street Lights Wendelkin St,V178,Street and Alley Improvements,2017 Bonds,7,12/2023,112000,0,112000,0,0,112000,,
2022,184,Street And Transporation,Street Lights Within Claremont Neighborhood,V179,Street and Alley Improvements,2017 Bonds,7,12/2023,600000,0,600000,0,0,600000,,
2022,184,Street And Transporation,Superior St From Catherine To W. Clarendon,S444,Street Reconstruction,2012 Bonds,Citywide,Ongoing,0,195,-195,0,0,0,,
2022,185,Street And Transporation,Sylvania Dr from Sinclair Ave to Vinemont St,V807,Street Resurfacing,2017 Bonds,9,09/2022,184744,184744,0,0,0,184744,,
2022,185,Street And Transporation,Syracuse Dr from Wake Forrest Dr to Wake Forrest Dr,V804,Street Resurfacing,2017 Bonds,9,09/2022,240512,240512,0,0,0,240512,,
2022,185,Street And Transporation,Terry St from S Haskell Ave to S Peak St,V811,Street Resurfacing,2017 Bonds,7,09/2022,148808,150260,-1452,0,0,148808,,
2022,185,Street And Transporation,Traffic Signal at Cantegral and Live Oak,W437,Traffic Signals,Capital Projects Reimbursement,14,12/2021,242059,236061,5999,0,0,242059,,
2022,185,Street And Transporation,Traffic Signal Construction,VA40,Traffic Signals,2017 Bonds,Citywide,12/2025,7950616,0,7950616,2049384,0,10000000,2023,2023
2022,185,Street And Transporation,Traffic Signal Infrastrucure Asset Management,VA42,Traffic Intersection Capacity & Safety Improvements,2017 Bonds,Citywide,12/2023,350000,0,350000,0,0,350000,,
2022,185,Street And Transporation,Traffic Signal Installations,VA28,Traffic Signals,2017 Bonds,Citywide,12/2022,16867948,9461084,7406863,2966202,0,19834150,2023,2023
2022,185,Street And Transporation,Traffic Signal Synchronization Project,VA27,Traffic Signals,2017 Bonds,Citywide,09/2024,7548725,142500,7406225,0,0,7548725,,
2022,185,Street And Transporation,Trammel Dr from Bennington Dr to Clemson Dr,V841,Street Resurfacing,2017 Bonds,7,05/2022,369045,369045,0,0,0,369045,,
2022,185,Street And Transporation,Trammel Dr from Clemson Dr to E Northwest HWY,V806,Street Resurfacing,2017 Bonds,9,09/2022,456279,449059,7219,0,0,456279,,
2022,186,Street And Transporation,Trammel Dr from Fisher Rd to Bennington Dr,V791,Street Resurfacing,2017 Bonds,9,09/2022,856857,637452,219405,0,0,856857,,
2022,186,Street And Transporation,Tree Shadow Trl (5902-5942) And Flintshire Ct,S307,Alley Reconstruction,2017 Bonds,12,09/2022,12231,13334,-1103,0,0,12231,,
2022,186,Street And Transporation,Trojan St. - Burma Rd. To Fellows Ln.,V185,Street Petitions,2017 Bonds,7,12/2024,104218,105281,-1064,985782,0,1090000,2023,2023
2022,186,Street And Transporation,Tuscany Way from Sinclair Ave to Lippitt Ave,V818,Street Resurfacing,2017 Bonds,14,09/2022,150337,150337,0,0,0,150337,,
2022,186,Street And Transporation,Upton St From I-35 E To 12th St,V995,Target Neighborhood,2017 Bonds,4,02/2024,53990,53990,0,1468210,0,1522200,2023,2023
2022,186,Street And Transporation,US 75/ Mockingbird/ Lovers Lane Pedestrian Improvements- V144,,Intergovernment al Partnership Projects,2017 Bonds,14,07/2023,1110042,20459,1089583,0,0,1110042,,
2022,186,Street And Transporation,UT Southwestern Medical District,V140,Intergovernment al Partnership Projects,2017 Bonds,2,12/2024,3515393,0,3515393,3984607,0,7500000,2023,2023
2022,186,Street And Transporation,UT Southwestern- Modifications at Inwood,W313,Traffic Signals,2006 Bonds / Capital Projects Reimbursement,2,06/2022,123727,53760,69967,0,0,123727,,
2022,187,Street And Transporation,Valencia St from Sevilla St to East Grand Ave,V709,Street Resurfacing,2017 Bonds,3,09/2022,112504,112504,0,0,0,112504,,
2022,187,Street And Transporation,Valley View-Walnut - IH-635 to City Limits,U234,Intergovernment al Partnership Projects,2006 Bonds / 2017 Bonds,"10, 11",07/2021,87894,89802,-1908,0,0,87894,,
2022,187,Street And Transporation,Vanette Ln From Fitzsimmons Dr To S Marsalis Ave,V253,Street Reconstruction,2017 Bonds,4,04/2024,83604,83700,-96,477813,0,561417,2023,2023
2022,187,Street And Transporation,Viceroy Dr from King George Dr to Regal Row,V617,Street Resurfacing,2017 Bonds,2,05/2022,563581,563578,3,0,0,563581,,
2022,187,Street And Transporation,Vickery Blvd from Laneri Ave to Glencoe St,V383,Street Resurfacing,2017 Bonds,13,09/2022,133148,133148,0,0,0,133148,,
2022,187,Street And Transporation,Vinemont St from Forest Grove Dr to Easton Rd,V761,Street Resurfacing,2017 Bonds,8,09/2022,139881,139881,0,0,0,139881,,
2022,187,Street And Transporation,W 12th St from Briscoe Blvd to Hampton Rd,V192,Street Reconstruction,2017 Bonds,1,12/2023,603981,75958,528023,0,0,603981,,
2022,187,Street And Transporation,W Bay Cir from W Lawther Dr to Branchfield Dr,V786,Street Resurfacing,2017 Bonds,9,09/2022,434391,452080,-17689,0,0,434391,,
2022,187,Street And Transporation,W University Blvd from Inwood Rd to Eastern Ave,V935,Street Resurfacing,2017 Bonds,11,09/2022,860887,412836,448052,0,0,860887,,
2022,187,Street And Transporation,W University Blvd from Robin Rd to Inwood Rd,V938,Street Resurfacing,2017 Bonds,9,08/2022,208442,208439,3,0,0,208442,,
2022,188,Street And Transporation,Wake Forrest Dr from Lehigh Dr to Trammel Dr,V670,Street Resurfacing,2017 Bonds,9,09/2022,429356,430356,-1000,0,0,429356,,
2022,188,Street And Transporation,Walnut Hill and Lennel Traffic Signal Reconstruction,W637,Traffic Signals,Capital Projects Reimbursement,13,12/2023,175000,0,175000,0,0,175000,,
2022,188,Street And Transporation,Walnut Hill and White Rock Trail Signal,VA43,Traffic Signals,2017 Bonds,10,12/2022,307000,274299,32702,0,0,307000,,
2022,188,Street And Transporation,Walnut Hill and White Rock Trail Signal Reconstruction,W639,Traffic Signals,Capital Projects Reimbursement,10,12/2023,28000,28000,0,0,0,28000,,
2022,188,Street And Transporation,Walnut St at Whispering Hills,VA45,Traffic Intersection Capacity & Safety Improvements,2017 Bonds,10,12/2025,75000,0,75000,0,0,75000,,
2022,188,Street And Transporation,Waneta Dr From Robin Rd To Inwood Rd,V244,Street Reconstruction,2017 Bonds,2,12/2023,57750,58562,-812,308721,0,366471,2023,2023
2022,188,Street And Transporation,Waterview Rd from Bondstone Dr to Classen Dr,V704,Street Resurfacing,2017 Bonds,9,09/2022,75436,75433,3,0,0,75436,,
2022,188,Street And Transporation,Webb Chapel Rd From Silverton Dr To Northaven Rd,V313,Thoroughfares,2017 Bonds,13,02/2024,328139,328822,-683,2691244,0,3019383,2023,2023
2022,188,Street And Transporation,Weeburn Dr from Marsh Ln to Cox Ln,V694,Street Resurfacing,2017 Bonds,13,09/2022,370028,370028,0,0,0,370028,,
2022,188,Street And Transporation,West Dallas Gateway,S399,Gateway,2017 Bonds,6,11/2024,21336594,1639239,19697355,0,0,21336594,,
2022,189,Street And Transporation,Westfield Dr From Gladwood Ln To Clearwater Dr,V272,Street Reconstruction,2017 Bonds,10,11/2022,534794,402609,132185,0,0,534794,,
2022,189,Street And Transporation,Westfield Dr from Woodbrook Dr to Gladwood Ln,V221,Street Reconstruction,2017 Bonds,10,11/2022,575991,439695,136296,0,0,575991,,
2022,189,Street And Transporation,Westshore - Santa Fe Trail - Alley North Of Coronado,VA07,Target Neighborhood,2017 Bonds,14,02/2024,110708,114314,-3605,7489292,0,7600000,2023,2023
2022,189,Street And Transporation,Wheatland Road From City Limits To University Hills,V145,Intergovernment al Partnership Projects,2017 Bonds,8,05/2024,1800000,740580,1059420,0,0,1800000,,
2022,189,Street And Transporation,Whittier Ave from San Benito Way to San Leandro Dr,V767,Street Resurfacing,2017 Bonds,9,07/2022,80228,87607,-7379,0,0,80228,,
2022,189,Street And Transporation,Whittier Ave from Santa Clara Dr to San Benito Way,V630,Street Resurfacing,2017 Bonds,9,09/2022,143747,144751,-1004,0,0,143747,,
2022,189,Street And Transporation,Willis Ave from McMillan Ave to Worcola St,V235,Street Reconstruction,2017 Bonds,14,12/2023,612154,116165,495989,0,0,612154,,
2022,189,Street And Transporation,Winsted Dr from Lakeforest Ct to Pasadena Pl,V588,Street Resurfacing,2017 Bonds,11,09/2022,107256,107256,0,0,0,107256,,
2022,189,Street And Transporation,Winsted Dr from Lakewood Blvd to Westlake Ave,V719,Street Resurfacing,2017 Bonds,7,09/2022,66714,66714,0,0,0,66714,,
2022,189,Street And Transporation,Winsted Dr from Pasadena Pl to White Rock Rd,V635,Street Resurfacing,2017 Bonds,9,09/2022,51515,51515,0,0,0,51515,,
2022,190,Street And Transporation,Winsted Dr from Westlake Ave to Meadow Lake Ave,V753,Street Resurfacing,2017 Bonds,7,09/2022,63009,63009,0,0,0,63009,,
2022,190,Street And Transporation,Woodbrook Dr from Ashcroft Ave to Stillwater Dr,V593,Street Resurfacing,2017 Bonds,10,09/2022,73642,73642,0,0,0,73642,,
2022,190,Street And Transporation,Woodbrook Dr From Clearwater Dr To Graywood Dr,V274,Street Reconstruction,2017 Bonds,10,11/2022,252982,235014,17969,0,0,252982,,
2022,190,Street And Transporation,Woodbrook Dr From Graywood Dr To Westfield Dr,V273,Street Reconstruction,2017 Bonds,10,11/2022,256791,212129,44662,0,0,256791,,
2022,190,Street And Transporation,Woodmeadow From La Prada West To The End,S320,Street Reconstruction,2017 Bonds,9,12/2024,46892,47054,-162,0,0,46892,,
2022,190,Street And Transporation,Woodmeadow Parkway over Long Branch,P861,Bridge Repair and Modification,2012 Bonds,9,12/2024,1642,2463,-821,0,0,1642,,
2022,190,Street And Transporation,Woodspan Dr from Emberwood Dr to Fairwood,V509,Street Resurfacing,2017 Bonds,8,12/2022,1247,1247,0,0,0,1247,,
2022,190,Street And Transporation,Woodwick Dr From W Camp Wisdom Ed To Clearwood Dr,V266,Street Reconstruction,2017 Bonds,8,02/2022,818267,534865,283402,0,0,818267,,
2022,190,Street And Transporation,Wright Street From S. Oak Cliff To Edgefield,V154,Sidewalk and Barrier Free Ramp Improvements,2017 Bonds,1,06/2024,79841,80239,-398,369704,0,449545,2023,2023
2022,"190, 191",Street And Transporation,Yancy S from Carbondale St to Saipan St,S610,Target Neighborhood,2012 Bonds / 2017 Bonds,4,12/2023,1080534,1039388,41146,0,0,1080534,,
2022,191,Street And Transporation,Yorksprings Dr from Meadowspring Ln to Yorksprings Pl,V695,Street Resurfacing,2017 Bonds,9,04/2022,127311,127308,3,0,0,127311,,
2022,191,Street And Transporation,Yorksprings Dr from Valley Spring Dr to Meadowspring Ln,V717,Street Resurfacing,2017 Bonds,9,04/2022,208496,208493,3,0,0,208496,,
2022,191,Street And Transporation,Grand Total,,,,,,0,0,0,0,0,0,,
2022,198,Water Utilities Facilities,86-87 Ws Rev Bond Complete,8670,Relocations in Advance of Paving,Sewer Capital Program,Citywide,09/2025,7144857,0,7144857,0,0,7144857,,
2022,198,Water Utilities Facilities,Administrative Order,CS96,"Service Centers, Offices, and Research Facilities",Sewer Capital Program,Citywide,09/2021,29038136,29035933,2203,0,0,29038136,,
2022,198,Water Utilities Facilities,Adminstrative Order,PS96,"Service Centers, Offices, and Research Facilities",Sewer Capital Program,Citywide,09/2022,10760074,10760074,0,0,0,10760074,,
2022,198,Water Utilities Facilities,AMR,P291,"Service Centers, Offices, and Research Facilities",Water Capital Program,Citywide,09/2024,5000000,3815232,1184768,0,0,5000000,,
2022,198,Water Utilities Facilities,Bachman Water Tr Pl - Facs,CW30,Water Treatment Plants and Associated Facilities,Water Capital Program,6,09/2025,37103503,36278424,825079,0,0,37103503,,
2022,"198, 199",Water Utilities Facilities,Bachman Water Tr Pl - Facs,PW30,Water Treatment Plants and Associated Facilities,Water Capital Program,6,09/2023,183948405,163523508,20424897,0,0,183948405,,
2022,199,Water Utilities Facilities,Central Wastewater Treat,BS30,Wastewater Treatment Plants and Associated Facilities,Sewer Capital Program,Citywide,09/2025,595000,0,595000,0,0,595000,,
2022,199,Water Utilities Facilities,Central Ww Treat Pl - Faci,PS30,Wastewater Treatment Plants and Associated Facilities,Sewer Capital Program,Citywide,Ongoing,470775067,410284409,60490659,35000000,12500000,518275067,2023,2024
2022,200,Water Utilities Facilities,Central Ww Treat Pl & Facs,8243,Wastewater Treatment Plants and Associated Facilities,Sewer Capital Program,4,9/1/2025,47651991,0,47651991,0,0,47651991,,
2022,200,Water Utilities Facilities,Central Ww Treat Pl- Facs,CS30,Wastewater Treatment Plants and Associated Facilities,Sewer Capital Program,4,9/1/2025,63422504,61452099,1970405,0,0,63422504,,
2022,200,Water Utilities Facilities,East Side Water Tr Pl - Fa,PW32,Water Supply Reservoirs and Dams,Water Capital Program,Citywide,09/2022,553120679,467429309,85691370,0,0,553120679,,
2022,"200, 201",Water Utilities Facilities,East Side Water Tr Pl - Fa-CW32,,Water Supply Reservoirs and Dams,Water Capital Program,Citywide,09/2022,47958438,44738276,3220162,0,0,47958438,,
2022,201,Water Utilities Facilities,Elm Fork Water Tr Pl - Fac,PW31,Water Treatment Plants and Associated Facilities,Water Capital Program,Citywide,Ongoing,542724057,346731078,195992978,25000000,66000000,633724057,2023,2024
2022,201,Water Utilities Facilities,Elm Fork Water Tr Pl - Fac- CW31,,Water Supply Reservoirs and Dams,Water Capital Program,Citywide,09/2025,86452341,50228932,36223409,0,5700000,92152341,2024,2024
2022,201,Water Utilities Facilities,Future Development Initiatives - Wastewater,CS97,Homeowner Extensions and Unserved Areas,Sewer Capital Program,Citywide,09/2025,8500000,0,8500000,0,0,8500000,,
2022,201,Water Utilities Facilities,Future Development Initiatives - Water,CW97,Homeowner Extensions and Unserved Areas,Water Capital Program,Citywide,09/2023,8500000,0,8500000,0,0,8500000,,
2022,"201, 202",Water Utilities Facilities,Home/Unserv Exten & Improv,PS41,"Mains, Pump Stations, and Associated Facilities",Sewer Capital Program,Citywide,09/2022,1261864,1143299,118565,0,0,1261864,,
2022,202,Water Utilities Facilities,Home/Unserv Exten & Improv,PW41,Homeowner Extensions and Unserved Areas,Sewer Capital Program / Water Capital Program,Citywide,09/2022,1260770,760770,500000,0,0,1260770,,
2022,202,Water Utilities Facilities,Home-Unserv Exten - Improv,CS41,Homeowner Extensions and Unserved Areas,Sewer Capital Program,Citywide,Ongoing,42901984,28689025,14212959,1250000,1250000,45401984,2023,2024
2022,202,Water Utilities Facilities,Home-Unserv Exten - Improv,CW41,Homeowner Extensions and Unserved Areas,Water Capital Program,Citywide,Ongoing,108903012,107256140,1646872,1900000,1900000,112703012,2023,2024
2022,"202, 203",Water Utilities Facilities,Mains Intercept - Lift Sta,PS40,"Mains, Pump Stations, and Associated Facilities",Sewer Capital Program,Citywide,Ongoing,861932281,619430753,242501528,27000000,84000000,972932281,2023,2024
2022,203,Water Utilities Facilities,Mains Intercept & Lift Sta,BS40,"Mains, Pump Stations, and Associated Facilities",Sewer Capital Program,Citywide,09/2025,1822024,0,1822024,0,0,1822024,,
2022,203,Water Utilities Facilities,Mains Interecpt - Lift Sta,CS40,"Mains, Pump Stations, and Associated Facilities",Sewer Capital Program,Citywide,Ongoing,167888602,142827488,25061114,10700000,9700000,188288602,2023,2024
2022,203,Water Utilities Facilities,Mains Interecpt & Lift Sta,8245,"Mains, Pump Stations, and Associated Facilities",Sewer Capital Program,Citywide,9/1/2025,5587579,0,5587579,0,0,5587579,,
2022,"203, 204",Water Utilities Facilities,Mains/Pumping & Storage Fa,PW40,"Mains, Pump Stations, and Associated Facilities",Water Capital Program,Citywide,Ongoing,1353075693,894146514,458929181,25500000,74500000,1453075693,2023,2024
2022,204,Water Utilities Facilities,Mains-Pumping - Storage Fa,CW40,"Mains, Pump Stations, and Associated Facilities",Water Capital Program,Citywide,Ongoing,203188902,191212167,11976735,20100000,9160000,232448902,2023,2024
2022,204,Water Utilities Facilities,Major Maintenace - Rehab,CW50,Rehabilitatio n and Equipment,Water Capital Program,Citywide,Ongoing,202510651,180050573,22460078,9500000,9800000,221810651,2023,2024
2022,204,Water Utilities Facilities,Major Maintenance - Rehab,CS50,Rehabilitatio n and Equipment,Sewer Capital Program,Citywide,Ongoing,98872709,90886354,7986355,4000000,4500000,107372709,2023,2024
2022,205,Water Utilities Facilities,Major Maintenance & Rehab,PW50,Rehabilitatio n and Equipment,Water Capital Program,Citywide,09/2022,22961741,9799348,13162393,0,0,22961741,,
2022,205,Water Utilities Facilities,Major Maintenance & Rehabilitation,PS50,Rehabilitatio n and Equipment,Sewer Capital Program,Citywide,09/2025,10075000,770276,9304724,0,0,10075000,,
2022,205,Water Utilities Facilities,Pay 1,P290,"Service Centers, Offices, and Research Facilities",Water Capital Program,Citywide,09/2025,21391000,20201709,1189291,0,0,21391000,,
2022,205,Water Utilities Facilities,Public Art Administration - Water Utilities,CW95,Public Art,Water Public Arts Fund,Citywide,Ongoing,2123250,1065259,1057991,25000,25000,2173250,2023,2024
2022,205,Water Utilities Facilities,Raw Water Pump - Trans Fac,CW20,Raw Water Pumping and Transmissio n,Water Capital Program,Citywide,09/2025,62684581,61245092,1439489,500000,0,63184581,2023,2023
2022,"205, 206",Water Utilities Facilities,Raw Water Pump - Trans Fac,PW20,Raw Water Pumping and Transmissio n,Water Capital Program,Citywide,Ongoing,259635814,197261657,62374157,0,5000000,264635814,2024,2024
2022,206,Water Utilities Facilities,Relocations Due To Paving,8247,Relocations in Advance of Paving,Sewer Capital Program,Citywide,09/2025,505060,0,505060,0,0,505060,,
2022,206,Water Utilities Facilities,Relocations Due To Paving,CS42,Relocations in Advance of Paving,Sewer Capital Program,Citywide,Ongoing,40473211,37174551,3298660,1150000,1150000,42773211,2023,2024
2022,206,Water Utilities Facilities,Relocations Due To Paving,CW42,Relocations in Advance of Paving,Water Capital Program,Citywide,Ongoing,70845609,69403069,1442540,6400000,6400000,83645609,2023,2024
2022,"206, 207",Water Utilities Facilities,Relocations Due To Paving,PS42,Relocations in Advance of Paving,Sewer Capital Program,Citywide,Ongoing,159538425,108097523,51440902,22400000,22400000,204338425,2023,2024
2022,207,Water Utilities Facilities,Relocations Due To Paving,PW42,Relocations in Advance of Paving,Water Capital Program,Citywide,Ongoing,218255473,154338703,63916771,7400000,7400000,233055473,2023,2024
2022,207,Water Utilities Facilities,Series 2009A Revenue Bonds,0624,"Service Centers, Offices, and Research Facilities",Water Capital Program,Citywide,09/2024,6447660,5737536,710124,0,0,6447660,,
2022,207,Water Utilities Facilities,Service Ctr/Ofcs/Resear ch,PS60,"Service Centers, Offices, and Research Facilities",Sewer Capital Program,Citywide,Ongoing,11423811,3473810,7950001,0,0,11423811,,
2022,208,Water Utilities Facilities,Service Ctr/Ofcs/Resear ch,PW60,"Service Centers, Offices, and Research Facilities",Water Capital Program,Citywide,Ongoing,18595863,7828453,10767410,12000000,0,30595863,2023,2023
2022,208,Water Utilities Facilities,Service Ctr-Ofcs- Research,CW60,"Service Centers, Offices, and Research Facilities",Water Capital Program,Citywide,Ongoing,49211317,46855030,2356287,3000000,13000000,65211317,2023,2024
2022,208,Water Utilities Facilities,Service Ctr-Ofcs- Research2,CS60,"Service Centers, Offices, and Research Facilities",Sewer Capital Program,Citywide,Ongoing,15524746,17423226,-1898480,0,8000000,23524746,2024,2024
2022,208,Water Utilities Facilities,Southside Wastewater Tbmt,BS31,Wastewater Treatment Plants and Associated Facilities,Sewer Capital Program,Citywide,09/2025,8458987,0,8458987,0,0,8458987,,
2022,208,Water Utilities Facilities,Southside Ww Treat Pl - Fa,CS31,Wastewater Treatment Plants and Associated Facilities,Sewer Capital Program,Citywide,Ongoing,108066321,105473848,2592473,0,0,108066321,,
2022,209,Water Utilities Facilities,Southside Ww Treat Pl - Fa,PS31,Wastewater Treatment Plants and Associated Facilities,Sewer Capital Program,Citywide,09/2023,428557599,347396856,81160744,18000000,0,446557599,2023,2023
2022,209,Water Utilities Facilities,Southside Ww Treat Pl & Fa,8246,Wastewater Treatment Plants and Associated Facilities,Sewer Capital Program,Citywide,09/2025,17105225,0,17105225,0,0,17105225,,
2022,209,Water Utilities Facilities,Studies/Master Plans,PS01,"Service Centers, Offices, and Research Facilities",Sewer Capital Program,Citywide,09/2022,7439028,7237614,201414,0,0,7439028,,
2022,"209, 210",Water Utilities Facilities,Studies/Master Plans,PW01,Studies and Master Plans,Water Capital Program,Citywide,09/2023,5495000,5293069,201931,0,0,5495000,,
2022,210,Water Utilities Facilities,Studies-Master Plan,CW01,Studies and Master Plans,Water Capital Program,Citywide,Ongoing,45424974,37692652,7732322,1100000,100000,46624974,2023,2024
2022,210,Water Utilities Facilities,Studies-Master Plans,CS01,Studies and Master Plans,Sewer Capital Program,Citywide,Ongoing,26276454,15178927,11097527,4000000,1000000,31276454,2023,2024
2022,210,Water Utilities Facilities,Supply Reservoirs - Dams,CW10,Water Supply Reservoirs and Dams,Water Capital Program,Citywide,09/2026,37703884,35910182,1793702,0,0,37703884,,
2022,210,Water Utilities Facilities,Supply Reservoirs - Dams,PW10,Water Supply Reservoirs and Dams,Water Capital Program,Citywide,Ongoing,80541184,48642390,31898794,35000000,1500000,117041184,2023,2024
2022,"210, 211",Water Utilities Facilities,TWDB Wastewater (Clean Water) Project,FS40,"Mains, Pump Stations, and Associated Facilities",Sewer Capital Program / Water Capital Program,Citywide,09/2022,88000000,73628897,14371103,22000000,0,110000000,2023,2023
2022,211,Water Utilities Facilities,TWDB Water Drinking Water Project,FW40,"Mains, Pump Stations, and Associated Facilities",Water Capital Program,Citywide,09/2022,176000000,124184659,51815341,44000000,0,220000000,2023,2023
2022,211,Water Utilities Facilities,Wastewater Facilities Public Art,CS95,Public Art,Water Public Arts Fund,Citywide,Ongoing,2217500,76002,2141498,25000,25000,2267500,2023,2024
2022,211,Water Utilities Facilities,Wholesale Customer Facilities,PW43,Wholesale Customer Facilities,Water Capital Program,Citywide,09/2022,6383000,1210606,5172394,0,0,6383000,,
2022,212,Water Utilities Facilities,Wholesale Customer Facils,CS43,Wholesale Customer Facilities,Sewer Capital Program,Citywide,09/2026,3025365,25365,3000000,500000,0,3525365,2023,2023
2022,212,Water Utilities Facilities,Wholesale Customer Facils,CW43,Wholesale Customer Facilities,Water Capital Program,Citywide,09/2027,11886119,9093584,2792534,5300000,0,17186119,2023,2023
2022,212,Water Utilities Facilities,Wholesale Customers Facilities,PS43,Wholesale Customer Facilities,Sewer Capital Program,Citywide,09/2022,2200000,58263,2141737,0,0,2200000,,
2022,212,Water Utilities Facilities,Grand Total,,,,,,0,0,0,0,0,0,,
