cip_year,project_type,source_page,department,project_name,start_year,end_year,address_location,previous_appropriations,project_total,year_2025,year_2026,year_2027,year_2028
2025,Pavement Maintenance/ Construction,18,Aviation Capital Program,Airfield Pavement Evaluation,2025,2025,Citywide,1098130,1521648,423518,0,0,0
2025,Terminal,18,Aviation Capital Program,Airport Emergency Operations Center,2025,2026,Citywide,0,3300000,2000000,1300000,0,0
2025,Capital Improvement Program,18,Aviation Capital Program,Airport Planning and Advisory Services,2025,2028,Citywide,12210735,23905000,5694265,0,1500000,4500000
2025,Capital Improvement Program,18,Aviation Capital Program,Architectural Engineering Roster,2025,2028,Citywide,2113,4204500,3152387,0,0,1050000
2025,Terminal,18,Aviation Capital Program,Aviation Parking Garage,2025,2025,Citywide,10961056,10755009,-206048,0,0,0
2025,Capital Improvement Program,18,Aviation Capital Program,Aviation Project Reserve,2025,2025,Citywide,3574324,3524154,-50170,0,0,0
2025,Capital Improvement Program,18,Aviation Capital Program,Construction Management/ Project Management,2025,2025,Citywide,20596332,24965918,4369585,0,0,0
2025,Pavement Maintenance/ Construction,18,Aviation Capital Program,Crossfield Taxiway Reconfiguration,2025,2025,Citywide,21350361,57283471,35933110,0,0,0
2025,Terminal,19,Aviation Capital Program,DAL A/E Space Planning Implementation,2025,2028,Citywide,598733,5650000,801267,0,2250000,2000000
2025,Capital Improvement Program,19,Aviation Capital Program,DAL Alternate Entry,,,Citywide,0,0,0,0,0,0
2025,Capital Improvement Program,19,Aviation Capital Program,DAL Love Connection Project,2025,2025,Citywide,0,18000000,18000000,0,0,0
2025,Safety/Security,19,Aviation Capital Program,DAL Replacement Fire Station,2025,2025,Citywide,6119982,20008000,13888018,0,0,0
2025,Capital Improvement Program,19,Aviation Capital Program,DAL Streetscape Enhancements,2025,2025,Citywide,33313513,41320947,8007434,0,0,0
2025,Pavement Maintenance/ Construction,19,Aviation Capital Program - Commercial Paper,Dallas Executive Airport,,,Citywide,1218633,1218633,0,0,0,0
2025,Capital Improvement Program,19,Aviation Capital Program,Dallas Vertiport Fuel System,2025,2025,Citywide,0,1182409,1182409,0,0,0
2025,Pavement Maintenance/ Construction,19,Aviation Capital Program,DEA Extend Taxiway E,2025,2025,Citywide,1501500,1321500,-180000,0,0,0
2025,Capital Improvement Program,19,Aviation Capital Program,DEA Streetscape Enhancements,2025,2025,Citywide,465254,3969851,3504596,0,0,0
2025,Pavement Maintenance/ Construction,19,Aviation Capital Program,DEA Taxiway Apron Infill - Design,2025,2025,Citywide,223950,850000,626050,0,0,0
2025,Capital Improvement Program,19,Aviation Capital Program,DEA West Development Payback,2025,2025,Citywide,5932093,7764286,1832193,0,0,0
2025,Capital Improvement Program,19,Aviation Capital Program,Drainage Master Plan - Schematic Design,2025,2025,Citywide,101638,6252638,6151000,0,0,0
2025,Terminal,19,Aviation Capital Program,Love Fld Major Maintenance,2025,2027,Citywide,14506585,15606585,1100000,0,0,0
2025,Capital Improvement Program,19,Aviation Capital Program,Material Testing for Construction Work,2025,2025,Citywide,0,551361,551361,0,0,0
2025,Capital Improvement Program,19,Aviation Capital Program,Moving Walkway and Escalator,2026,2027,Citywide,504805,504805,0,0,0,0
2025,Capital Improvement Program,19,Aviation Capital Program,PC Air Replacement,2025,2025,Citywide,0,750000,750000,0,0,0
2025,Capital Improvement Program,20,Aviation Capital Program,People-mover Connector,2025,2025,Citywide,4998444,5311092,312648,0,0,0
2025,Pavement Maintenance/ Construction,20,Aviation Capital Program,Reconstruct Taxiway A (Phase 1) TWY D to RWY 31 R,2025,2025,Citywide,30513924,37215539,6701615,0,0,0
2025,Pavement Maintenance/ Construction,20,Aviation Capital Program,Rehabilitate Taxiway C Phase 2,2025,2027,Citywide,253256,8010955,190744,5566955,2000000,0
2025,Fleet/ Equipment Replacement,26,Other GO CIP - Debt,2010 CO,2025,2025,Citywide,0,77462,77462,0,0,0
2025,Public Art,26,2012 Bonds,2012 Public Art Admin - Streets,2025,2025,Citywide,0,34642,34642,0,0,0
2025,Fire Protection Facilities,26,2017 Bonds,5000 Dolphin Rd - Large Tower,2025,2025,2,21859,379440,357581,0,0,0
2025,Fire Protection Facilities,26,2017 Bonds,5000 Dolphin Rd - Small Tower,2025,2025,2,123506,232560,109055,0,0,0
2025,City and Municipal Court Facilities,26,2006 Bonds,ADA Improvements,2025,2025,Citywide,422572,2264118,1841546,0,0,0
2025,Major Maintenance,26,Other GO CIP - Non-Debt,ADA Improvements- Major Maintenance and Repairs,2025,2025,Citywide,456827,500000,43173,0,0,0
2025,Major Maintenance,26,Other GO CIP - Non-Debt,ADA Upgrades at Canton,2025,2025,Citywide,263682,630000,366318,0,0,0
2025,Fleet/ Equipment Replacement,26,Other GO CIP - Debt,Ambulance & Fire Equipment,2025,2028,Citywide,0,32000000,6000000,6000000,5000000,15000000
2025,Cultural Facilities,26,2024 Bonds,Annette Strauss Square,2025,2027,14,81,575575,57477,0,518017,0
2025,Cultural Facilities,26,2024 Bonds,AT&T Performing Arts Center,2025,2027,14,243,881032,87860,0,792929,0
2025,Cultural Facilities,26,2024 Bonds,Bath House Cultural Center,2026,2026,9,0,1474180,0,1474180,0,0
2025,Fire Protection Facilities,26,2024 Bonds,Belleview Garage,2026,2027,2,0,1310000,0,131000,1179000,0
2025,City and Municipal Court Facilities,26,2006 Bonds,Cadillac Heights Land Acquisition,2025,2025,4,836903,11690881,10853978,0,0,0
2025,Fleet/ Equipment Replacement,27,Other GO CIP - Debt,Case Management System,2025,2025,Citywide,3246908,3379178,132270,0,0,0
2025,Police Facilities,27,2024 Bonds,Central Patrol - Electrical,2027,2028,2,0,655000,0,0,1000,654000
2025,Police Facilities,27,2024 Bonds,Central Patrol - Fire System,2027,2028,2,0,196500,0,0,1000,195500
2025,Police Facilities,27,2024 Bonds,Central Patrol - Locker Rooms,2027,2028,2,0,655000,0,0,1000,654000
2025,Police Facilities,27,2024 Bonds,Central Patrol - Restrooms,2027,2028,2,0,262000,0,0,1000,261000
2025,Technology,27,2017 Bonds,City Data Center - 1000 Belleview Street,2025,2025,2,30761,5030761,5000000,0,0,0
2025,Major Maintenance,27,Other GO CIP - Non-Debt,City Facilities - Fair Park and Other Park Facility Repairs,2025,2025,Citywide,851272,1000000,148728,0,0,0
2025,Major Maintenance,27,Other GO CIP - Non-Debt,City Facilities Improvements,2025,2025,Citywide,7098063,7140997,42934,0,0,0
2025,City and Municipal Court Facilities,27,2006 Bonds,City Hall,2025,2025,2,4707239,6999492,2292253,0,0,0
2025,Technology,27,Other GO CIP - Debt,City Hall Data Center - Renovations,2025,2025,Citywide,984959,5200000,4215041,0,0,0
2025,Fleet/ Equipment Replacement,27,Other GO CIP - Debt,Citywide Radio System Replacement,2025,2025,Citywide,54478400,54728627,250227,0,0,0
2025,Fire Protection Facilities,27,2024 Bonds,Clothing Warehouse P,2027,2027,2,0,16478,0,0,16478,0
2025,Fleet/ Equipment Replacement,27,Other GO CIP - Debt,CNG/Hybrid EBS Grant Match,2025,2025,Citywide,648997,699586,50588,0,0,0
2025,Fleet/ Equipment Replacement,28,Other GO CIP - Debt,Communication Information Services (CIS) - CAD Upgrade,2025,2025,Citywide,15537324,15566229,28905,0,0,0
2025,Major Maintenance,28,Other GO CIP - Non-Debt,Confederate Monument Removal,2025,2025,Citywide,432344,510000,77656,0,0,0
2025,Fire Protection Facilities,28,2024 Bonds,Courts Building,2027,2027,14,0,16478,0,0,16478,0
2025,Fleet/ Equipment Replacement,28,Internal Service Fund Capital,Courts Equipment Purchases,2025,2025,Citywide,264646,300000,35354,0,0,0
2025,Cultural Facilities,28,2024 Bonds,Dallas Black Dance Theatre,2025,2026,14,0,3127850,350,3127500,0,0
2025,Fire Protection Facilities,28,2024 Bonds,Dallas Courts Garage,2027,2027,14,0,16478,0,0,16478,0
2025,Cultural Facilities,28,2024 Bonds,Dallas Museum of Art,2025,2028,14,911,20014619,1549851,0,4503463,13960393
2025,Police Facilities,28,2017 Bonds,Dallas Police Training Academy Facility,2025,2025,Citywide,1057968,49495849,48437881,0,0,0
2025,Fleet/ Equipment Replacement,28,Other GO CIP - Debt,DFD- Apparatus Replacement,2025,2025,Citywide,6154209,6218728,64519,0,0,0
2025,Fleet/ Equipment Replacement,28,Other GO CIP - Debt,DFD Apparatus Replacement,2025,2028,Citywide,0,76800000,13800000,11800000,12800000,38400000
2025,Fleet/ Equipment Replacement,28,Other GO CIP - Debt,DFD Apparatus/ Fleet,2025,2025,Citywide,33955179,35600000,1644821,0,0,0
2025,Fleet/ Equipment Replacement,28,Other GO CIP - Debt,DFD-Ambulance & Equipment Replacement,2025,2025,Citywide,1936412,2093443,157031,0,0,0
2025,Fleet/ Equipment Replacement,28,Other GO CIP - Debt,DFD-SCBA and Safety Equipment,2025,2025,Citywide,3838089,3853067,14978,0,0,0
2025,Major Maintenance,28,Other GO CIP - Non-Debt,DFR Facilities Maintenance,2025,2025,Citywide,1295013,7189523,5894510,0,0,0
2025,Major Maintenance,29,Other GO CIP - Non-Debt,DFR Improvement Projects FY23,2025,2025,Citywide,1593079,1750000,156921,0,0,0
2025,Public Art,29,2017 Bonds,DMA Elevator Modernization,,,14,249140,249140,0,0,0,0
2025,Fleet/ Equipment Replacement,29,Other GO CIP - Debt,DPD Helicopter,2025,2027,Citywide,0,15000000,7500000,0,7500000,0
2025,Fleet/ Equipment Replacement,29,Other GO CIP - Debt,DPD In-Car DVR 1/5 Annual Replacement,2025,2025,Citywide,0,1401600,1401600,0,0,0
2025,Fleet/ Equipment Replacement,29,Other GO CIP - Debt,DPD In-Car DVR Replacement,2025,2028,Citywide,0,8409600,1401600,1401600,1401600,4204800
2025,Fleet/ Equipment Replacement,29,Other GO CIP - Debt,DPD Squad Cars,2025,2028,Citywide,15505607,123584312,-5607,27901356,31882956,48300000
2025,Fleet/ Equipment Replacement,29,Other GO CIP - Debt,DPD TAAG Surveillance Camera 1/5 Annual,2025,2025,Citywide,3162521,4243659,1081137,0,0,0
2025,Fleet/ Equipment Replacement,29,Other GO CIP - Debt,DPD TAAG Surveillance Camera Replacement,2025,2028,Citywide,0,8001000,1063500,1063500,1063500,4810500
2025,Fleet/ Equipment Replacement,29,Other GO CIP - Debt,DPD TAAG Surveillance Camera Replacement Phase 1 of 4,2025,2025,Citywide,1086281,1100000,13719,0,0,0
2025,Fleet/ Equipment Replacement,29,Other GO CIP - Debt,EAN - DPD Public Safety Radio Replacement,2025,2025,Citywide,30391642,34800000,4408358,0,0,0
2025,Fleet/ Equipment Replacement,30,Other GO CIP - Debt,EFM - General Fleet & Equipment,2025,2028,Citywide,116730,58859400,9693170,9809900,9809900,29429700
2025,Fleet/ Equipment Replacement,30,Other GO CIP - Debt,EFM- General Fleet,2025,2025,Citywide,8554108,8912195,358087,0,0,0
2025,Fleet/ Equipment Replacement,30,Other GO CIP - Debt,EFM General Fleet Replacement,2025,2028,Citywide,0,49200000,8200000,8200000,8200000,24600000
2025,Fleet/ Equipment Replacement,30,Internal Service Fund Capital,Electric Vehicle Charging Station Call,2025,2025,Citywide,0,166004,166004,0,0,0
2025,City and Municipal Court Facilities,30,2006 Bonds,Electrical Panel Replacement at 37 Facilities,2025,2025,Citywide,495094,1281655,786562,0,0,0
2025,Fleet/ Equipment Replacement,30,Other GO CIP - Debt,Enterprise Electronic Document Management,2025,2025,Citywide,0,725000,725000,0,0,0
2025,Fleet/ Equipment Replacement,30,Other GO CIP - Debt,Equipment Acquisition Notes,2025,2025,Citywide,11961602,12500000,538398,0,0,0
2025,Fire Protection Facilities,30,2024 Bonds,Fire Maintenance C,2027,2027,2,0,16478,0,0,16478,0
2025,Fire Protection Facilities,30,2024 Bonds,Fire Rookie Bldg B,2027,2027,2,0,16478,0,0,16478,0
2025,Fire Protection Facilities,30,2024 Bonds,Fire Station #1 - Electrical,2026,2026,6,0,52400,0,52400,0,0
2025,Fire Protection Facilities,30,2024 Bonds,Fire Station #1 - HVAC,2026,2026,6,0,16478,0,16478,0,0
2025,Fire Protection Facilities,30,2024 Bonds,Fire Station #11 Renovation - 3828 Cedar Springs Rd,2025,2028,14,5682,10221284,-2397,994363,9189438,34198
2025,Police Facilities,30,2017 Bonds,Fire Station #11 Renovation,2025,2025,14,1353,7303,5950,0,0,0
2025,Fire Protection Facilities,30,2024 Bonds,Fire Station #14 - Electrical,2026,2026,1,0,52400,0,52400,0,0
2025,Fire Protection Facilities,31,2024 Bonds,Fire Station #14 - HVAC,2026,2026,1,0,16478,0,16478,0,0
2025,Fire Protection Facilities,31,2024 Bonds,Fire Station #15,2027,2027,1,0,16478,0,0,16478,0
2025,Fire Protection Facilities,31,2024 Bonds,Fire Station #16 - Electrical,2026,2026,6,0,52400,0,52400,0,0
2025,Fire Protection Facilities,31,2024 Bonds,Fire Station #16 - HVAC,2026,2026,6,0,16478,0,16478,0,0
2025,Fire Protection Facilities,31,2024 Bonds,Fire Station #18,2027,2027,14,0,16478,0,0,16478,0
2025,Fire Protection Facilities,31,2024 Bonds,Fire Station #20,2027,2027,13,0,16478,0,0,16478,0
2025,Fire Protection Facilities,31,2024 Bonds,Fire Station #23 - Electrical,2026,2026,4,0,52400,0,52400,0,0
2025,Fire Protection Facilities,31,2024 Bonds,Fire Station #23 - HVAC,2026,2026,4,0,16478,0,16478,0,0
2025,Fire Protection Facilities,31,2024 Bonds,Fire Station #24,2026,2027,7,0,655000,0,65500,589500,0
2025,Fire Protection Facilities,31,2024 Bonds,Fire Station #25,2026,2026,8,0,52400,0,52400,0,0
2025,Fire Protection Facilities,31,2024 Bonds,Fire Station #26 - Electrical,2026,2026,1,0,52400,0,52400,0,0
2025,Fire Protection Facilities,31,2024 Bonds,Fire Station #26 - HVAC,2026,2026,1,0,16478,0,16478,0,0
2025,Fire Protection Facilities,31,2024 Bonds,Fire Station #29 - Electrical,2026,2026,10,0,52400,0,52400,0,0
2025,Fire Protection Facilities,31,2024 Bonds,Fire Station #29 - HVAC,2026,2026,10,0,16478,0,16478,0,0
2025,Fire Protection Facilities,31,2024 Bonds,Fire Station #3,2027,2027,2,0,16478,0,0,16478,0
2025,Fire Protection Facilities,31,2024 Bonds,Fire Station #30 - Electrical,2026,2026,6,0,52400,0,52400,0,0
2025,Fire Protection Facilities,31,2024 Bonds,Fire Station #30 - HVAC,2026,2026,6,0,16478,0,16478,0,0
2025,Fire Protection Facilities,31,2024 Bonds,Fire Station #31,2027,2027,9,0,16478,0,0,16478,0
2025,Fire Protection Facilities,31,2024 Bonds,Fire Station #32,2027,2027,5,0,16478,0,0,16478,0
2025,Fire Protection Facilities,31,2024 Bonds,Fire Station #34 - Electrical,2026,2026,5,0,52400,0,52400,0,0
2025,Fire Protection Facilities,31,2024 Bonds,Fire Station #34 - HVAC,2026,2026,5,0,16478,0,16478,0,0
2025,Fire Protection Facilities,31,2024 Bonds,Fire Station #36,2027,2027,6,0,16478,0,0,16478,0
2025,Fire Protection Facilities,31,2024 Bonds,Fire Station #37,2027,2027,13,0,16478,0,0,16478,0
2025,Fire Protection Facilities,32,2024 Bonds,Fire Station #39 - Electrical,2026,2026,9,0,52400,0,52400,0,0
2025,Fire Protection Facilities,32,2024 Bonds,Fire Station #39 - HVAC,2026,2026,9,0,16478,0,16478,0,0
2025,Fire Protection Facilities,32,2024 Bonds,Fire Station #4 - Electrical,2026,2026,2,0,52400,0,52400,0,0
2025,Fire Protection Facilities,32,2024 Bonds,Fire Station #4 - HVAC,2026,2026,2,0,16478,0,16478,0,0
2025,Fire Protection Facilities,32,2024 Bonds,Fire Station #43 Replacement - 2844 Lombardy Ln,2025,2028,6,17098,16769242,-2637,3659189,1676800,11418792
2025,Police Facilities,32,2017 Bonds,Fire Station #43 Replacement,2025,2025,Citywide,3651,1117812,1114161,0,0,0
2025,Fire Protection Facilities,32,2024 Bonds,Fire Station #44,2027,2027,7,0,16478,0,0,16478,0
2025,Fire Protection Facilities,32,2024 Bonds,Fire Station #45,2027,2027,6,0,16478,0,0,16478,0
2025,Fire Protection Facilities,32,2024 Bonds,Fire Station #46,2026,2026,3,0,52400,0,52400,0,0
2025,Fire Protection Facilities,32,2024 Bonds,Fire Station #47,2027,2027,6,0,16478,0,0,16478,0
2025,Fire Protection Facilities,32,2024 Bonds,Fire Station #49,2027,2027,3,0,16478,0,0,16478,0
2025,Fire Protection Facilities,32,2024 Bonds,Fire Station #5 - Electrical,2026,2027,5,0,52400,0,5240,47160,0
2025,Fire Protection Facilities,32,2024 Bonds,Fire Station #5 - Foundation,2025,2026,5,1172,590632,-40,589500,0,0
2025,Fire Protection Facilities,32,2024 Bonds,Fire Station #5 - HVAC,2026,2026,5,0,16478,0,16478,0,0
2025,Fire Protection Facilities,32,2017 Bonds,Fire Station #5,2025,2025,5,7565,85000,77435,0,0,0
2025,Fire Protection Facilities,32,2024 Bonds,Fire Station #50,2027,2027,3,0,16478,0,0,16478,0
2025,Fire Protection Facilities,32,2024 Bonds,Fire Station #51,2027,2027,5,0,16478,0,0,16478,0
2025,Fire Protection Facilities,32,2024 Bonds,Fire Station #52 - HVAC,2027,2027,3,0,16478,0,0,16478,0
2025,Fire Protection Facilities,32,2024 Bonds,Fire Station #52 - Structure,2026,2027,3,0,786000,0,78600,707400,0
2025,Fire Protection Facilities,32,2024 Bonds,Fire Station #53,2027,2027,7,0,16478,0,0,16478,0
2025,Fire Protection Facilities,32,2024 Bonds,Fire Station #54,2027,2027,8,0,16478,0,0,16478,0
2025,Fire Protection Facilities,32,2024 Bonds,Fire Station #55,2027,2027,9,0,16478,0,0,16478,0
2025,Fire Protection Facilities,33,2024 Bonds,Fire Station #56,2027,2027,11,0,16478,0,0,16478,0
2025,Fire Protection Facilities,33,2024 Bonds,Fire Station #57,2027,2027,10,0,16478,0,0,16478,0
2025,Fire Protection Facilities,33,2024 Bonds,Fire Station #6,2027,2027,7,0,16478,0,0,16478,0
2025,Fire Protection Facilities,33,2024 Bonds,Fire Station #8 - Electrical,2026,2026,2,0,52400,0,52400,0,0
2025,Fire Protection Facilities,33,2024 Bonds,Fire Station #8 - HVAC,2026,2026,2,0,16478,0,16478,0,0
2025,Fleet/ Equipment Replacement,33,Other GO CIP - Debt,Fleet/Equipment Replacement,2025,2025,Citywide,24646327,25000000,353674,0,0,0
2025,Fleet/ Equipment Replacement,33,Other GO CIP - Debt,Fleet/Equipment Replacement - EBS,2025,2025,Citywide,3786780,3862422,75642,0,0,0
2025,Fleet/ Equipment Replacement,33,Other GO CIP - Debt,Fleet/Equipment Replacement (FY20 Fleet Purchases),2025,2025,Citywide,6698601,6985000,286399,0,0,0
2025,Fleet/ Equipment Replacement,33,Other GO CIP - Debt,Fleet/Equipment Replacement (FY21 Fleet Purchases),2025,2025,Citywide,7439328,8000000,560672,0,0,0
2025,Fleet/ Equipment Replacement,33,Other GO CIP - Debt,FY10 CTS - eCitation,2025,2025,Citywide,988915,1105000,116085,0,0,0
2025,Fleet/ Equipment Replacement,33,Other GO CIP - Debt,FY10 Sanitation - Fleet Replacement,2025,2025,Citywide,4099400,4285000,185600,0,0,0
2025,Fleet/ Equipment Replacement,33,Other GO CIP - Debt,FY10 Street Services Operational Equipme,2025,2025,Citywide,1299772,1360000,60228,0,0,0
2025,Fleet/ Equipment Replacement,33,Internal Service Fund Capital,FY18 DPD Fleet Purchases,2025,2025,Citywide,-31290,0,31290,0,0,0
2025,Major Maintenance,33,Other GO CIP - Non-Debt,FY21-22 Mid- Year Projects,2025,2025,Citywide,5384695,6151861,767166,0,0,0
2025,Fleet/ Equipment Replacement,33,Other GO CIP - Debt,FY22 EAN-DFD Apparatus Replacement,2025,2025,Citywide,4804847,5147120,342273,0,0,0
2025,Fleet/ Equipment Replacement,33,Other GO CIP - Debt,FY22 EAN-EFM General Fleet Replacement,2025,2025,Citywide,7894814,8200000,305186,0,0,0
2025,Fleet/ Equipment Replacement,34,Other GO CIP - Debt,FY22 EAN-SAN Fleet-Equipment Replacement,2025,2025,Citywide,7985854,8000000,14146,0,0,0
2025,Major Maintenance,34,Other GO CIP - Non-Debt,FY22-23 Mid- Year Projects,2025,2025,Citywide,2020733,3309137,1288404,0,0,0
2025,Fleet/ Equipment Replacement,34,Other GO CIP - Debt,FY23 EAN-EFM Fleet-Equipment Replacement,2025,2025,Citywide,7895372,8200000,304628,0,0,0
2025,Fleet/ Equipment Replacement,34,Other GO CIP - Debt,FY23 EAN-SAN Fleet-Equipment Replacement,2025,2025,Citywide,6505452,8000000,1494548,0,0,0
2025,Fleet/ Equipment Replacement,34,Other GO CIP - Debt,FY23 EAN-SDM Storm Drainage Management,2025,2025,Citywide,1588494,2500000,911506,0,0,0
2025,Fleet/ Equipment Replacement,34,Other GO CIP - Debt,FY23 Equipment Notes DFR,2025,2025,Citywide,13201880,13286880,85000,0,0,0
2025,Fleet/ Equipment Replacement,34,Other GO CIP - Debt,General - Fleet Replacement,2025,2025,Citywide,4588571,4598741,10170,0,0,0
2025,Major Maintenance,34,Other GO CIP - Non-Debt,General Capital Reserve,2025,2025,Citywide,9425249,17425249,8000000,0,0,0
2025,Major Maintenance,34,Other GO CIP - Non-Debt,General Capital Reserve Transfer to Capital,2025,2027,Citywide,51879000,55879000,-13500000,7500000,10000000,0
2025,Fleet/ Equipment Replacement,34,Other GO CIP - Debt,General Fleet,2025,2025,Citywide,5536557,5637646,101089,0,0,0
2025,Homeless Housing Services,34,2024 Bonds,Homeless Assistance - CDSF Project- CD1 (Prop I),2026,2026,1,0,1000000,0,1000000,0,0
2025,Homeless Housing Services,34,2024 Bonds,Homeless Assistance - CDSF Project- CD10 (Prop I),2026,2026,10,0,500000,0,500000,0,0
2025,Homeless Housing Services,34,2024 Bonds,Homeless Assistance - CDSF Project- CD13 (Prop I),2026,2026,13,0,1000000,0,1000000,0,0
2025,Homeless Housing Services,34,2024 Bonds,Homeless Assistance - CDSF Project- CD2 (Prop I),2026,2026,2,0,1000000,0,1000000,0,0
2025,Homeless Housing Services,35,2024 Bonds,Homeless Assistance - CDSF Project- CD7 (Prop I),2026,2026,7,0,4500000,0,4500000,0,0
2025,Homeless Housing Services,35,2024 Bonds,Homeless Assistance - CDSF Project- CD9 (Prop I),2026,2026,9,0,2500000,0,2500000,0,0
2025,Homeless Housing Services,35,2017 Bonds,Homeless Assistance Facilites,2025,2025,Citywide,40300,197760,157460,0,0,0
2025,Homeless Housing Services,35,Other-Housing Department,Homeowner Stabilization Home Repair and Displacement Miti,2025,2025,1,2875875,44425592,41549717,0,0,0
2025,Homeless Housing Services,35,2024 Bonds,HVAC and generator at The Bridge,2025,2025,Citywide,0,1800000,1800000,0,0,0
2025,Fleet/ Equipment Replacement,35,Other GO CIP - Debt,Internal Computer Support,2025,2025,Citywide,0,3181286,3181286,0,0,0
2025,Technology,35,Other GO CIP - Debt,IT Infrastructure,2025,2028,Citywide,0,5850000,975000,975000,975000,2925000
2025,Fleet/ Equipment Replacement,35,Other GO CIP - Debt,IT Investments,2025,2025,Citywide,8398602,24390100,15991498,0,0,0
2025,Technology,35,Other GO CIP - Debt,IT Network Equipment,2025,2028,Citywide,0,12600000,2100000,2100000,2100000,6300000
2025,Fleet/ Equipment Replacement,35,Other GO CIP - Debt,IT Network Equipment 1/5 Annual Replacement,2025,2025,Citywide,0,2100000,2100000,0,0,0
2025,Technology,35,Other GO CIP - Debt,IT Security Equipment,2025,2028,Citywide,0,2400000,400000,400000,400000,1200000
2025,Fleet/ Equipment Replacement,35,Other GO CIP - Debt,IT Security Equipment 1/5 Annual Replacement,2025,2025,Citywide,0,400000,400000,0,0,0
2025,Cultural Facilities,35,2024 Bonds,Kalita Humphreys Theater,2028,2028,14,0,8983794,0,0,0,8983794
2025,Library Facilities,35,2024 Bonds,Kleberg-Rylie Library,2025,2025,8,43190,262000,218810,0,0,0
2025,Library Facilities,35,2024 Bonds,Lakewood Library,2025,2025,14,46203,262000,215797,0,0,0
2025,Fleet/ Equipment Replacement,36,Other GO CIP - Debt,Laptop/Desktop 1/4 Annual Replacement,2025,2025,Citywide,2851672,2866685,15013,0,0,0
2025,Technology,36,Other GO CIP - Debt,Laptop/Desktop Annual Replacement,2025,2028,Citywide,0,13500000,2250000,2250000,2250000,6750000
2025,Cultural Facilities,36,Other Gifts and Donations,Latino Cultural Center,2025,2026,14,0,4130473,97117,4033356,0,0
2025,Library Facilities,36,2024 Bonds,Library - 2024 Bond Projects Reserve,2025,2025,Citywide,0,256824,256824,0,0,0
2025,Library Facilities,36,2024 Bonds,Library Signage - CDSF Project- CD4 (Prop D),2025,2025,4,932,30000,29069,0,0,0
2025,Cultural Facilities,36,2024 Bonds,Majestic Theatre,2027,2028,14,0,8344274,0,0,727581,7616693
2025,Major Maintenance,36,Other GO CIP - Non-Debt,Major Maintenance and Repairs FY22,2025,2025,Citywide,7905547,8934348,1028801,0,0,0
2025,Major Maintenance,36,Other GO CIP - Non-Debt,Major Maintenance and Repairs FY23,2025,2025,Citywide,7026034,8370000,1343966,0,0,0
2025,Major Maintenance,36,Other GO CIP - Non-Debt,Major Maintenance and Repairs FY24,2025,2025,Citywide,8599948,9000000,400052,0,0,0
2025,Major Maintenance,36,Other GO CIP - Non-Debt,Major Maintenance and Repairs FY25,2025,2025,Citywide,0,11000000,11000000,0,0,0
2025,Major Maintenance,36,Other GO CIP - Non-Debt,Major Maintenance Projects-Arts and Cultural Facilities,2025,2025,Citywide,2300033,2400000,99967,0,0,0
2025,Library Facilities,36,2024 Bonds,Martin Luther King Jr. Library Building C,2025,2025,7,44598,262000,217402,0,0,0
2025,Fleet/ Equipment Replacement,36,Internal Service Fund Capital,Master Lease Additional Purchases,2025,2025,Citywide,212516,476614,264098,0,0,0
2025,Fleet/ Equipment Replacement,37,Other GO CIP - Debt,MDT and RNCs (refresh),2025,2025,Citywide,4311346,4336377,25031,0,0,0
2025,Major Maintenance,37,Other GO CIP - Non-Debt,Meyerson Maintenance Support,2025,2025,Citywide,2690618,3541269,850651,0,0,0
2025,Cultural Facilities,37,2024 Bonds,Meyerson Symphony Center,2025,2027,14,2917,7318996,4497083,0,2818996,0
2025,Homeless Housing Services,37,2017 Bonds,Miramar Hotel- 1950 Fort Worth Ave,,,1,2373941,2373941,0,0,0,0
2025,Cultural Facilities,37,2024 Bonds,Moody Performance Hall,2027,2028,14,0,2308978,0,0,230898,2078080
2025,Library Facilities,37,2024 Bonds,Mountain Creek Library,2025,2025,3,41950,262000,220050,0,0,0
2025,Police Facilities,37,2017 Bonds,NE Patrol Station,2025,2025,10,250703,812274,561571,0,0,0
2025,Major Maintenance,37,Other GO CIP - Non-Debt,Non-City Owned Cultural Facility Repair,2025,2025,Citywide,400000,600000,200000,0,0,0
2025,Police Facilities,37,2024 Bonds,North Central Patrol - HVAC,2027,2027,12,0,16478,0,0,16478,0
2025,Police Facilities,37,2024 Bonds,North Central Patrol - Interior Upgrades,2027,2028,12,0,1965000,0,0,1000,1964000
2025,Police Facilities,37,2024 Bonds,North Central Patrol - Kitchen,2027,2028,12,0,262000,0,0,1000,261000
2025,Library Facilities,37,2024 Bonds,North Oak Cliff Replacement - 338 W. 10th St.,2025,2028,1,1611,16183620,-491,0,0,16182500
2025,Police Facilities,37,2024 Bonds,Northeast Patrol - Chiller,2027,2028,10,0,655000,0,0,1000,654000
2025,Police Facilities,37,2024 Bonds,Northeast Patrol - Showers,2027,2028,10,0,655000,0,0,1000,654000
2025,Cultural Facilities,37,2024 Bonds,Oak Cliff Cultural Center,2025,2025,1,59474,450000,390526,0,0,0
2025,Library Facilities,37,2024 Bonds,Oak Lawn Library,2025,2025,14,43133,262000,218867,0,0,0
2025,Major Maintenance,37,Other GO CIP - Non-Debt,Oncor Energy Efficiency Program,2025,2025,Citywide,0,194500,194500,0,0,0
2025,Technology,37,Other GO CIP - Non-Debt,P25 Radio Project,2025,2025,Citywide,848707,924360,75653,0,0,0
2025,Library Facilities,38,2024 Bonds,Park Forest Replacement - 3728 High Vista Dr.,2025,2027,13,895,16183335,-60,0,16182500,0
2025,Homeless Housing Services,38,2024 Bonds,Permanent Supportive Housing Projects (Prop I),2025,2026,Citywide,0,6700000,2000000,4700000,0,0
2025,Major Maintenance,38,Other GO CIP - Non-Debt,Polk Wis.Asb.Abate.B uildba,2025,2025,Citywide,126840,142153,15313,0,0,0
2025,Library Facilities,38,2006 Bonds,Preston Royal Branch Library - Renovation,2025,2025,13,17640,3830000,3812360,0,0,0
2025,Library Facilities,38,2024 Bonds,Preston Royal Branch Library Renovation - 5626 Royal Ln. (Match),2025,2026,13,10379,8934165,788686,8135100,0,0
2025,Major Maintenance,38,Other GO CIP - Non-Debt,Priority Major Maintenance,2025,2027,Citywide,8735029,12042331,507302,1300000,1500000,0
2025,Public Art,38,2006 Bonds,Public Art Admin - Economic Development,2025,2025,Citywide,0,25551,25551,0,0,0
2025,Public Art,38,2006 Bonds,Public Art Admin - Flood Protection and,2025,2025,Citywide,0,195265,195265,0,0,0
2025,Public Art,38,2024 Bonds,Public Art Admin - Library Facilities,2025,2025,Citywide,0,20967,20967,0,0,0
2025,Public Art,38,2024 Bonds,Public Art Admin - Public Safety Facilities,2025,2025,Citywide,0,115800,115800,0,0,0
2025,Public Art,38,2006 Bonds,Public Art Admin - Streets and Transport,2025,2025,Citywide,27616,42431,14815,0,0,0
2025,Public Art,38,2003 Bonds,Public Art Admin- Cultral Art,2025,2025,Citywide,0,5473,5473,0,0,0
2025,Public Art,38,2003 Bonds,Public Art Admin- Economic,2025,2025,Citywide,0,3300,3300,0,0,0
2025,Public Art,38,2003 Bonds,Public Art Admin- Flood,2025,2025,Citywide,0,7385,7385,0,0,0
2025,Public Art,38,2006 Bonds,Public Art Administration - Court Facilities,2025,2025,Citywide,0,3039,3039,0,0,0
2025,Public Art,39,2006 Bonds,Public Art Administration - Farmers Market,2025,2025,Citywide,0,2158,2158,0,0,0
2025,Public Art,39,2017 Bonds,Public Art Administration- Public Works,2025,2025,13,64611,178445,113834,0,0,0
2025,Public Art,39,2003 Bonds,Public Art Admin- SpecStreets,2025,2025,Citywide,0,35546,35546,0,0,0
2025,Public Art,39,2003 Bonds,Public Art Proj- Economic,2025,2025,Citywide,0,31200,31200,0,0,0
2025,Public Art,39,2006 Bonds,Public Art Projects - Economic Developme,2025,2025,Citywide,0,106593,106593,0,0,0
2025,Public Art,39,2006 Bonds,Public Art Projects - Flood Protection a,2025,2025,Citywide,1500,781073,779573,0,0,0
2025,Public Art,39,2003 Bonds,Public Art Projects - Library Facilities,2025,2025,Citywide,34707,168148,133441,0,0,0
2025,Public Art,39,2006 Bonds,Public Art Projects - Public Safety Faci,2025,2025,Citywide,111100,135141,24041,0,0,0
2025,Public Art,39,2006 Bonds,Public Art Projects - Public Safety Facilities,2025,2025,Citywide,0,467037,467037,0,0,0
2025,Public Art,39,2006 Bonds,Public Art Projects- Court Facilities,2025,2025,Citywide,0,12156,12156,0,0,0
2025,Public Art,39,2017 Bonds,Public Art Projects-Public Works,2025,2025,Citywide,44449,713774,669326,0,0,0
2025,Public Art,40,2003 Bonds,Public Art Proj- LibFac,2025,2025,Citywide,0,26231,26231,0,0,0
2025,Public Art,40,2017 Bonds,Public Art-Parks,2025,2025,Citywide,583176,1868257,1285081,0,0,0
2025,Public Art,40,2006 Bonds,Public Arts Administration- City Facilities,2025,2025,Citywide,623,18994,18371,0,0,0
2025,Public Art,40,2006 Bonds,Public Arts Projects- City Facilities,2025,2025,Citywide,0,75974,75974,0,0,0
2025,Public Art,40,2006 Bonds,Public Arts Projects- Farmers Market,2025,2025,Citywide,0,8631,8631,0,0,0
2025,Public Art,40,2006 Bonds,Public Arts Projects- Library Facilities,2025,2025,Citywide,108,17611,17504,0,0,0
2025,Public Art,40,2017 Bonds,Public Arts Projects-Public Safety,2025,2025,Citywide,180596,191820,11224,0,0,0
2025,Fire Protection Facilities,40,2017 Bonds,Public Safety Campus,2025,2025,2,106480,125000,18520,0,0,0
2025,Fleet/ Equipment Replacement,40,Other GO CIP - Debt,Public Safety MDC Replacement,2025,2028,Citywide,0,6000000,1000000,1000000,1000000,3000000
2025,Fleet/ Equipment Replacement,40,Internal Service Fund Capital,Public Works Equipment Purchases,2025,2025,Citywide,429038,450636,21598,0,0,0
2025,Public Art,40,2017 Bonds,Pulbic Art Admin- Parks,2025,2025,Citywide,417463,459569,42107,0,0,0
2025,Library Facilities,40,2024 Bonds,Renner Frankford Library,2025,2025,12,42356,262000,219644,0,0,0
2025,City and Municipal Court Facilities,40,2006 Bonds,Reserve Bond Projects,2025,2025,Citywide,0,145077,145077,0,0,0
2025,City and Municipal Court Facilities,41,2017 Bonds,Reserved 2017 Bond Projects- City Facilities - BSD,2025,2025,Citywide,0,1092718,1092718,0,0,0
2025,Cultural Facilities,41,2017 Bonds,Reserved 2017 Bond Projects- Cultural Af,2025,2025,Citywide,0,706842,706842,0,0,0
2025,Police Facilities,41,2017 Bonds,Reserved 2017 Bond Projects- Public Safety,2025,2025,Citywide,0,751474,751474,0,0,0
2025,Library Facilities,41,2017 Bonds,Reserved 2017 Bond Projects- Library Facilities,2025,2025,Citywide,0,485811,485811,0,0,0
2025,Police Facilities,41,2006 Bonds,Reserved Bond Projects,2025,2025,Citywide,0,51568,51568,0,0,0
2025,Cultural Facilities,41,2024 Bonds,Sammons Center for the Arts,2025,2026,2,0,3789493,350,3789143,0,0
2025,Fleet/ Equipment Replacement,41,Other GO CIP - Debt,San Fleet Repl Ebs Owned,2025,2025,Citywide,4122500,4423770,301270,0,0,0
2025,Fleet/ Equipment Replacement,41,Other GO CIP - Debt,Sanitation - Fleet Replacement,2025,2025,Citywide,6008675,6146164,137489,0,0,0
2025,Fleet/ Equipment Replacement,41,Other GO CIP - Debt,SDM Equipment Notes,2025,2028,Citywide,1981939,15000000,518061,2500000,2500000,7500000
2025,Library Facilities,41,2024 Bonds,Skillman Southwestern Library,2025,2025,9,43757,262000,218244,0,0,0
2025,Major Maintenance,41,Other GO CIP - Non-Debt,Solar FY25,2025,2025,Citywide,0,500000,500000,0,0,0
2025,Major Maintenance,41,Other GO CIP - Non-Debt,Solar Installation,2026,2027,Citywide,500000,1500000,0,500000,500000,0
2025,Major Maintenance,41,Other GO CIP - Non-Debt,Solar Installation FY24,2025,2025,Citywide,259274,500000,240726,0,0,0
2025,Major Maintenance,41,Other GO CIP - Non-Debt,Solar Installation Project FY 23,2025,2025,Citywide,1213815,1500000,286185,0,0,0
2025,City and Municipal Court Facilities,41,2006 Bonds,Southeast Service Center - Construction,2025,2025,7,1642271,9785589,8143318,0,0,0
2025,Fleet/ Equipment Replacement,42,Internal Service Fund Capital,Southeast Service Center Construction,2025,2025,Citywide,0,1798398,1798398,0,0,0
2025,City and Municipal Court Facilities,42,2017 Bonds,Southwest Transfer Station [24410],2025,2025,3,41357,205000,163643,0,0,0
2025,Major Maintenance,42,Other GO CIP - Non-Debt,Space Planning- Major Maintenance and Repairs,2025,2025,Citywide,397059,438302,41243,0,0,0
2025,Fleet/ Equipment Replacement,42,Other GO CIP - Debt,Structural Analysis Equipment,2025,2025,Citywide,85869,173000,87131,0,0,0
2025,Police Facilities,42,2017 Bonds,SW Patrol Station,2025,2025,3,42921,1250000,1207079,0,0,0
2025,Fleet/ Equipment Replacement,42,Other GO CIP - Debt,Technology Infrastructure Redesign,2025,2025,Citywide,0,975000,975000,0,0,0
2025,Fleet/ Equipment Replacement,42,Other GO CIP - Debt,Time Keeping - HRIS Upgrade,2025,2025,Citywide,582533,600301,17768,0,0,0
2025,Homeless Housing Services,42,2017 Bonds,Townhouse Suites- 4150 Independence Drive,,,8,6904773,6904773,0,0,0,0
2025,Major Maintenance,42,Other GO CIP - Non-Debt,Trinity Forest Golf Course,2025,2025,Citywide,2790007,3970000,1179993,0,0,0
2025,Major Maintenance,42,Other GO CIP - Non-Debt,Underground Storage Tank Removal,2025,2025,Citywide,494641,600000,105359,0,0,0
2025,City and Municipal Court Facilities,42,2017 Bonds,Unspecified ADA Improvements,2025,2025,Citywide,936141,3230000,2293860,0,0,0
2025,Major Maintenance,42,2024 Bonds,UST Removal and Replacement,2025,2026,Citywide,499,1986689,179859,1806331,0,0
2025,Library Facilities,42,Other GO CIP - Non-Debt,Vickery Meadow Branch Library,2025,2025,13,350749,779955,429206,0,0,0
2025,Cultural Facilities,43,2024 Bonds,Winspear Opera House,2025,2028,14,13931,6614190,1136071,0,4425607,1038581
2025,Cultural Facilities,43,2024 Bonds,Wyly Theatre,2025,2027,14,11636,5007584,539,0,4995409,0
2025,Police Facilities,43,2024 Bonds,Property Division,2027,2027,7,0,16478,0,0,16478,0
2025,Police Facilities,43,2024 Bonds,Quarter Master,2027,2027,2,0,16478,0,0,16478,0
2025,Police Facilities,43,2024 Bonds,Radio Shop/ Communications Building,2027,2027,2,0,16478,0,0,16478,0
2025,Police Facilities,43,2024 Bonds,South Central PD,2027,2027,8,0,16478,0,0,16478,0
2025,Police Facilities,43,2024 Bonds,Southeast Patrol - Water/Sewer,2027,2028,5,0,262000,0,0,1000,261000
2025,Police Facilities,43,2024 Bonds,Southeast Patrol - Shower/Locker Room Renovation,2027,2028,5,0,655000,0,0,1000,654000
2025,Police Facilities,43,2024 Bonds,Southwest Police Station,2027,2027,3,0,16478,0,0,16478,0
2025,Cultural Facilities,43,2024 Bonds,South Dallas Cultural Center,2026,2026,7,0,2276078,0,2276078,0,0
2025,Major Maintenance,43,2024 Bonds,Facility Public Improvements,2026,2026,Citywide,0,2121642,0,2121642,0,0
2025,Major Maintenance,43,Other GO CIP - Non-Debt,Fire Alarm System Upgrade,2026,2026,Citywide,0,1200000,0,1200000,0,0
2025,Major Maintenance,43,Other GO CIP - Non-Debt,Preventive Maintenance at Fire Stations,2026,2027,Citywide,0,1000000,0,500000,500000,0
2025,Major Maintenance,43,Other GO CIP - Non-Debt,Major Maintenance and Repairs FY26,2026,2027,Citywide,0,23000000,0,11000000,12000000,0
2025,Convention Center Improvement,47,Convention Center Capital Program,Convention Center Facility Improvements,2025,2025,2,5401289,12909637,7508349,0,0,0
2025,Convention Center Improvement,47,Convention Center Capital Program,Convention Center Master Plan,2025,2028,2,137293879,194707606,36413727,5550000,6300000,9150000
2025,Convention Center Improvement,47,Convention Center Capital Program,Convention Facility Elevator Escalator Improvement Project,2025,2025,2,6763811,7071856,308045,0,0,0
2025,Convention Center Improvement,47,Convention Center Capital Program,EBJ Union Station,2025,2028,2,1516680,2409348,17668,175000,175000,525000
2025,Convention Center Improvement,47,Convention Center Capital Program,Fire Sprinkler Pipe Replacement,2025,2025,2,165367,5376867,5211500,0,0,0
2025,Convention Center Improvement,47,Convention Center Capital Program,JOC Projects,2025,2028,2,2757478,15666313,5908835,1400000,1400000,4200000
2025,Convention Center Improvement,47,Convention Center Capital Program,KBHCCD Water Infiltration Project,2025,2026,2,919476,8460031,7440555,100000,0,0
2025,Convention Center Improvement,47,Convention Center Capital Program,Pioneer Plaza,2025,2025,2,0,1448350,1448350,0,0,0
2025,Convention Center Improvement,47,Convention Center Capital Program,Restroom Modernization and Accessibility Improvements,2025,2025,2,1814290,7249493,5435203,0,0,0
2025,Convention Center Improvement,47,Convention Center Capital Program,Spectra Projects,2025,2028,2,4690487,7409000,2093513,250000,250000,125000
2025,Convention Center Improvement,47,Convention Center Capital Program,TBAAL Capital Improvements,2025,2025,2,1589678,2425135,835458,0,0,0
2025,Economic Development Bonds,56,2017 Bonds,1632 MLK Blvd. Project - St. Phillips Redevelopment Project,,,7,1000000,1000000,0,0,0,0
2025,Home Ownership/ Development,56,2017 Bonds,6601 S. Lancaster Rd. Homeownership Development,2025,2025,4,0,4980000,4980000,0,0,0
2025,Economic Development Incentive Program,56,Other GO CIP - Non-Debt,Action Plan for Southern Sector Eco Deve,,,Citywide,173719,173719,0,0,0,0
2025,Home Ownership/ Development,56,Other GO CIP - Non-Debt,Affordable Housing Partcip,2025,2025,Citywide,1546863,1620566,73703,0,0,0
2025,Economic Development Bonds,56,2017 Bonds,Bonton Cluster Project,2025,2025,7,0,730072,730072,0,0,0
2025,Economic Development Incentive Program,56,Other GO CIP - Non-Debt,Bonton Farms Public Services Facility,,,Citywide,850000,850000,0,0,0,0
2025,Economic Development Incentive Program,56,Other GO CIP - Non-Debt,Bridge Labs at Pegasus Park,,,Citywide,3000000,3000000,0,0,0,0
2025,Design District Tax Increment Financing District,56,Other GO CIP - Non-Debt,Cabana Mixed- Income Multifamily Redevelopment Project,2025,2028,6,5000000,40886970,10500000,8210074,8459826,8717070
2025,Community Investments,57,2003 Bonds,CD1 - Southern Gateway,2025,2025,1,249184,500000,250816,0,0,0
2025,Community Investments,57,2003 Bonds,CD10 - LBJ Skillman,2025,2025,10,305377,1000000,694623,0,0,0
2025,Community Investments,57,Other GO CIP - Non-Debt,CD12 - Streets,2025,2025,12,109709,500000,390291,0,0,0
2025,Community Investments,57,2003 Bonds,CD13 - Vickery Meadows,2025,2025,13,491572,1000000,508428,0,0,0
2025,Community Investments,57,2003 Bonds,CD14 - Streets,2025,2025,14,122422,725000,602578,0,0,0
2025,Community Investments,57,Other GO CIP - Non-Debt,CD2 - Jubilee Park,2025,2025,2,493600,500000,6400,0,0,0
2025,Community Investments,57,Other GO CIP - Non-Debt,CD3 - Executive Airport,2025,2025,3,218539,620000,401461,0,0,0
2025,Community Investments,57,2003 Bonds,CD4 -The Bottom/10th Street,2025,2025,4,766179,1500000,733821,0,0,0
2025,Community Investments,57,1998 Bonds,CD5 - Buckner Station / Pleasant Grove,2025,2025,5,111950,3588586,3476636,0,0,0
2025,Community Investments,57,Other GO CIP - Non-Debt,CD6 - West Dallas,2025,2025,6,1679482,1700000,20518,0,0,0
2025,Community Investments,57,2003 Bonds,CD7 - Forest Heights,2025,2025,7,1025677,1721810,696133,0,0,0
2025,Community Investments,57,Other GO CIP - Non-Debt,CD8 - University Hills,2025,2025,8,1925243,2500000,574757,0,0,0
2025,Community Investments,57,2003 Bonds,CD9 - Casa View,2025,2025,9,916254,1000000,83746,0,0,0
2025,Southwestern Medical Tax Increment Financing District,58,Other GO CIP - Non-Debt,Cedars Branch Bridge,2025,2025,2,0,826500,826500,0,0,0
2025,City Center Tax Increment Financing District,58,Other GO CIP - Non-Debt,City Center - Administrative,2025,2028,2 14,2753050,3933915,180865,200000,200000,600000
2025,City Center Tax Increment Financing District,58,Other GO CIP - Non-Debt,City Center Tax Increment,2025,2028,2 14,6105782,13475463,10000,0,1721500,5638181
2025,Fort Worth Avenue Tax Increment Financing District,58,Other GO CIP - Non-Debt,Collective Mixed Use Development,,,1 6,819030,819030,0,0,0,0
2025,Downtown Connection Tax Increment Financing District,58,Other GO CIP - Non-Debt,Continental Bldg Increment Repayment,2025,2028,14,1884010,3295833,634388,155487,155487,466461
2025,Cypress Waters Tax Increment Financing District,58,Other GO CIP - Non-Debt,Cypress Waters Repayment of Advances,2025,2028,6,0,55220841,17618731,0,8891202,28710908
2025,Cypress Waters Tax Increment Financing District,58,Other GO CIP - Non-Debt,Cypress Waters TIF Admin.,2025,2028,6,288204,1212654,424450,0,125000,375000
2025,Davis Garden Tax Increment Financing District,58,Other GO CIP - Non-Debt,Davis Garden - Repayment of Advances,2025,2028,1 3,70,27422787,4663128,3780742,4133160,14845687
2025,Davis Garden Tax Increment Financing District,58,Other GO CIP - Non-Debt,Davis Garden Admin,2025,2028,1 3,482564,1604728,447164,135000,135000,405000
2025,Davis Garden Tax Increment Financing District,58,Other GO CIP - Non-Debt,Davis Street Infrastructure Improvements,2025,2025,1 3,845386,2201179,1355793,0,0,0
2025,Farmers Market Tax Increment Financing District,58,Other GO CIP - Non-Debt,Debt Service Transfer to other Departments,2025,2027,Citywide,0,11361407,6407006,2841202,2113199,0
2025,Mall Area Redevelopment Tax Increment Financing District,59,Other GO CIP - Non-Debt,Debt Service Transfer to PPPF (Red Bird Mall Redev Project),2025,2028,8,586628,2038887,34049,283642,283642,850926
2025,Deep Ellum Tax Increment Financing District,59,Other GO CIP - Non-Debt,Deep Ellum Admin,2025,2028,2 7 14,518141,955527,187385,0,125000,125000
2025,Deep Ellum Tax Increment Financing District,59,Other GO CIP - Non-Debt,Deep Ellum Repay Dev Adv,2025,2028,2 7 14,595424,32780222,15317324,0,8265919,8601555
2025,Design District Tax Increment Financing District,59,Other GO CIP - Non-Debt,Design District Admin,2025,2028,2 6,510541,1276386,420845,115000,115000,115000
2025,Design District Tax Increment Financing District,59,Other GO CIP - Non-Debt,Design District TIF - Repayment of Advances,2025,2025,2 6,0,12401905,12401905,0,0,0
2025,Design District Tax Increment Financing District,59,Other GO CIP - Non-Debt,Design DistrictTIF,2025,2025,Citywide,7650000,7950000,300000,0,0,0
2025,Economic Development Bonds,59,2006 Bonds,DHADC Land Bank Services,2025,2025,Citywide,963500,1500000,536500,0,0,0
2025,Economic Development Bonds,59,Other GO CIP - Non-Debt,DHV Restoration Project,2025,2025,2,0,650000,650000,0,0,0
2025,Economic Development Bonds,59,2017 Bonds,Disc Eco Dev CD6 SDMIF,2025,2025,Citywide,640969,2500000,1859031,0,0,0
2025,Economic Development Bonds,59,2017 Bonds,Disc Mayor Golden Seeds,,,4,500000,500000,0,0,0,0
2025,Economic Development Bonds,59,2017 Bonds,Discretionary Economic Development - Mayor,,,Citywide,2500000,2500000,0,0,0,0
2025,Economic Development Bonds,59,2017 Bonds,Discretionary Economic Development CD3,,,3,3000000,3000000,0,0,0,0
2025,Economic Development Bonds,59,2017 Bonds,Discretionary Economic Development CD8,,,4,4131414,4131414,0,0,0,0
2025,Downtown Connection Tax Increment Financing District,60,Other GO CIP - Non-Debt,Downtown Connection TIF - Increment,2025,2028,14,4201400,305707983,47691821,47772832,48735898,157306031
2025,Downtown Connection Tax Increment Financing District,60,Other GO CIP - Non-Debt,Downtown Connection TIF - Repayment of Advances,,,Citywide,0,0,0,0,0,0
2025,Downtown Connection Tax Increment Financing District,60,Other GO CIP - Non-Debt,Downtown Connection TIF Admin,2025,2028,14,1401,1858835,732434,225000,225000,675000
2025,Oak Cliff Gateway Tax Increment Financing District,60,Other GO CIP - Non-Debt,East Dock Development Project,,,1,0,0,0,0,0,0
2025,Economic Development Bonds,60,2017 Bonds,Eco Dev Program for CIty of Dallas Neighborhood Empowerment No. 10 (NEZ 10),2025,2025,5,50000,1000000,950000,0,0,0
2025,Economic Development Bonds,60,2024 Bonds,Economic Development - CDSF Project CD 1,2028,2028,1,0,2000000,0,0,0,2000000
2025,Economic Development Bonds,60,2024 Bonds,Economic Development - CDSF Project CD 11,2028,2028,11,0,3500000,0,0,0,3500000
2025,Economic Development Bonds,60,2024 Bonds,Economic Development - CDSF Project CD 3,2028,2028,3,0,1000000,0,0,0,1000000
2025,Economic Development Bonds,60,2012 Bonds,Economic Development - Citywide,2025,2025,Citywide,0,1035802,1035802,0,0,0
2025,Economic Development Bonds,60,2024 Bonds,Economic Development - EIP aligned project (Prop G),2027,2028,Citywide,0,19702630,0,0,6009070,13693560
2025,Home Ownership/ Development,60,2024 Bonds,Economic Development - Housing Focus (Prop G),2025,2028,Citywide,0,41102554,4794816,2832290,1301593,32173856
2025,Economic Development Bonds,60,2012 Bonds,Economic Development and Housing Demand,2025,2025,Citywide,1845000,7421698,5576698,0,0,0
2025,Economic Development Bonds,61,2017 Bonds,Economic Development-ECO Transfer Unit,2025,2025,Citywide,0,8803727,8803727,0,0,0
2025,Economic Development Incentive Program,61,Other GO CIP - Non-Debt,EDC Contributions,,,Citywide,100000,100000,0,0,0,0
2025,Infrastructure Investment Fund,61,Other GO CIP - Non-Debt,Expired TIF Districts Transfer Receiving Unit,2025,2028,Citywide,0,75613573,875620,5987811,5987111,62763031
2025,Economic Development Bonds,61,2017 Bonds,Fair Park West Jeffries-Meyers,,,7,741730,741730,0,0,0,0
2025,Farmers Market Tax Increment Financing District,61,Other GO CIP - Non-Debt,Farmers Mkt Admin,2025,2028,2,1010568,2051974,461406,145000,145000,290000
2025,Farmers Market Tax Increment Financing District,61,Other GO CIP - Non-Debt,Farmers Mkt Tax Increment,2025,2028,2,0,13007244,66180,0,4145651,8795413
2025,Home Ownership/ Development,61,2012 Bonds,Flora Street Project,,,7,0,0,0,0,0,0
2025,Infrastructure Investment Fund,61,Other GO CIP - Non-Debt,Forest Theater Project,,,7,8000000,8000000,0,0,0,0
2025,Fort Worth Avenue Tax Increment Financing District,61,Other GO CIP - Non-Debt,Fort Worth Ave Admin,2025,2028,1 6,545355,1475903,490548,0,110000,330000
2025,Fort Worth Avenue Tax Increment Financing District,61,Other GO CIP - Non-Debt,Fort Worth Ave. - Repayment of Advances,2025,2028,1 6,8643,30568148,4764935,0,6067980,19726589
2025,Grand Park South Tax Increment Financing District,61,Other GO CIP - Non-Debt,Grand Park South - Repayment of Advances,2025,2028,7,0,5639798,1613595,743939,770007,2512257
2025,Grand Park South Tax Increment Financing District,62,Other GO CIP - Non-Debt,Grand Park South - TIF Administration,2025,2028,7,415606,1477019,436413,125000,125000,375000
2025,Economic Development Incentive Program,62,Other GO CIP - Non-Debt,H Mart,,,Citywide,2500000,2500000,0,0,0,0
2025,Economic Development Incentive Program,62,Other GO CIP - Non-Debt,HAECO Global- Dallas Office,,,6,500000,500000,0,0,0,0
2025,Economic Development Bonds,62,2017 Bonds,Hensley Field re-use and redevelopment project,,,3,862609,862609,0,0,0,0
2025,Oak Cliff Gateway Tax Increment Financing District,62,Other GO CIP - Non-Debt,Homeowner Stabilization Home Repair and Displacement Mitigation,2025,2025,1,2546726,4036689,1489963,0,0,0
2025,Fort Worth Avenue Tax Increment Financing District,62,Other GO CIP - Non-Debt,Homeowner Stabilization Home Repairs & Mitigation Program,2025,2025,Citywide,912287,1483476,571189,0,0,0
2025,Economic Development Bonds,62,2006 Bonds,Hou Prop 8 Acquisition & Demolition,,,Citywide,5164692,5164692,0,0,0,0
2025,Economic Development Bonds,62,2006 Bonds,Housing - Acquisition and Demolition,2025,2025,Citywide,8691090,8703770,12680,0,0,0
2025,Home Ownership/ Development,62,2024 Bonds,Housing - CDSF Project-CD3 (Prop H),2025,2028,3,0,2000000,400000,400000,400000,800000
2025,Economic Development Bonds,62,2006 Bonds,Housing - Land Bank,2025,2025,Citywide,1324169,1350000,25831,0,0,0
2025,Home Ownership/ Development,62,2012 Bonds,Housing Demand Driven Projects,2025,2025,Citywide,2869534,2871313,1779,0,0,0
2025,Economic Development Incentive Program,63,Other GO CIP - Non-Debt,Housing Emergency Repairs Program,2025,2025,Citywide,1407312,2000000,592688,0,0,0
2025,Home Ownership/ Development,63,2024 Bonds,Housing Project - Infrastructure (Prop H),2026,2028,Citywide,0,19520000,0,4880000,4880000,9760000
2025,Community Investments,63,Other GO CIP - Debt,Housing Purposes,2025,2025,Citywide,1989780,2000000,10220,0,0,0
2025,Economic Development Bonds,63,2017 Bonds,Integrated Community Development Project,2025,2025,5,264224,263725,-500,0,0,0
2025,Economic Development Bonds,63,2017 Bonds,Jeffries-Meyers Infill Development Project,,,7,1427000,1427000,0,0,0,0
2025,City Center Tax Increment Financing District,63,Other GO CIP - Non-Debt,Klyde Warren Park Project (KWP2) Phase II,2025,2025,Citywide,0,3000000,3000000,0,0,0
2025,Economic Development Incentive Program,63,Other GO CIP - Non-Debt,Koya Medical HQ,,,6,350000,350000,0,0,0,0
2025,Skillman Corridor Tax Increment Financing District,63,Other GO CIP - Non-Debt,Lake Highlands Gateway Bridge Enhancemen,2025,2025,9 10 13 14,35000,70000,35000,0,0,0
2025,Skillman Corridor Tax Increment Financing District,63,Other GO CIP - Non-Debt,Lake Highlands Tower Center,2025,2025,9 10 13 14,8337751,11667950,3330199,0,0,0
2025,Transit- Oriented Development (TOD) Tax Increment Financing District,63,Other GO CIP - Non-Debt,Lancaster-Corning Retail Development Project,2025,2025,2,3750,1781750,1778000,0,0,0
2025,Economic Development Bonds,63,2017 Bonds,Lancaster-Corning Retail Development Project-CD#4,2025,2027,4,0,2595901,2595901,0,0,0
2025,Economic Development Incentive Program,63,Other GO CIP - Non-Debt,Legal and Underwriting Service Fees,2025,2025,Citywide,105000,324545,219545,0,0,0
2025,Maple- Mockingbird Tax Increment Financing District,64,Other GO CIP - Non-Debt,LIHTC Oaklawn Place Project,,,2,5414006,5414006,0,0,0,0
2025,Home Ownership/ Development,64,2012 Bonds,Lisbon Village Estates SF Development Project,,,7,0,0,0,0,0,0
2025,Economic Development Bonds,64,2012 Bonds,Longhorn Ballroom Project,2025,2025,2,1800001,5570701,3770700,0,0,0
2025,Economic Development Incentive Program,64,Other GO CIP - Non-Debt,Lucie-Partial Ops Consolidation,2025,2025,Citywide,25392,8600000,8574608,0,0,0
2025,Economic Development Incentive Program,64,Other GO CIP - Non-Debt,Malcom's Point Retail Project,2025,2025,7,0,312500,312500,0,0,0
2025,Mall Area Redevelopment Tax Increment Financing District,64,Other GO CIP - Non-Debt,Mall Area Redevelopment TIF Admin,2025,2028,8 11,222811,1916755,1193943,100000,100000,300000
2025,Mall Area Redevelopment Tax Increment Financing District,64,Other GO CIP - Non-Debt,Mall Area Redevelopment TIF Increment,2025,2028,8 11,0,8593547,1303272,1316494,1384499,4589282
2025,Maple- Mockingbird Tax Increment Financing District,64,Other GO CIP - Non-Debt,Maple/Mockingbird - TIF,2025,2028,2,340164,1090036,349872,0,100000,300000
2025,Maple- Mockingbird Tax Increment Financing District,64,Other GO CIP - Non-Debt,Maple-Mockingbird - Repayment of Advances,2025,2028,2,0,52497458,11744123,0,8385579,32367756
2025,Economic Development Bonds,64,2017 Bonds,Mill City Infill Development Project,,,7,2000000,2000000,0,0,0,0
2025,Transit- Oriented Development (TOD) Tax Increment Financing District,65,Other GO CIP - Non-Debt,Mockingbird Station East Project,2025,2028,2,0,31308614,5121774,4882347,5033318,16271175
2025,Home Ownership/ Development,65,Other GO CIP - Non-Debt,Neighborhood Empowerment Zones,2025,2025,Citywide,0,1000000,1000000,0,0,0
2025,Downtown Connection Tax Increment Financing District,65,Other GO CIP - Non-Debt,Newpark Sub- District-TIF Admin,2026,2028,14,9186,134186,0,25000,25000,75000
2025,Downtown Connection Tax Increment Financing District,65,Other GO CIP - Non-Debt,Newpark Sub- District-TIF Increment,2025,2028,14,0,63321,37290,3440,4009,18582
2025,Sports Arena Tax Increment Financing District,65,Other GO CIP - Non-Debt,North Parking Garage Project,2025,2027,2,25336938,33118141,3795132,0,3986070,0
2025,Oak Cliff Gateway Tax Increment Financing District,65,Other GO CIP - Non-Debt,Oak Cliff Gateway Tax Increment,2025,2028,1,591189,60158435,10780684,0,10898777,37887785
2025,Oak Cliff Gateway Tax Increment Financing District,65,Other GO CIP - Non-Debt,Oak Cliff/Gateway Admin,2025,2028,1,1234398,2558902,524504,0,200000,600000
2025,Economic Development Bonds,65,2017 Bonds,Palladium Buckner Station Mixed Income & TOD Project,2025,2025,5,0,14500000,14500000,0,0,0
2025,Farmers Market Tax Increment Financing District,66,Other GO CIP - Non-Debt,Pearl Lofts Mixed- Use & Mixed Income Development Project,2025,2025,14,0,6544249,6544249,0,0,0
2025,Economic Development Bonds,66,2012 Bonds,Power and Light Project,2025,2025,2,0,1854995,1854995,0,0,0
2025,Economic Development Incentive Program,66,Other GO CIP - Non-Debt,Predevelopment Assistance Program,2025,2025,Citywide,0,100000,100000,0,0,0
2025,Economic Development Incentive Program,66,Other GO CIP - Non-Debt,Project Meadow NEZ 20,2025,2028,2,4375000,23433436,5480283,2551014,2604034,8423105
2025,Economic Development Incentive Program,66,Other GO CIP - Non-Debt,Project Turnpike,,,Citywide,250000,250000,0,0,0,0
2025,Economic Development Bonds,66,2006 Bonds,Project Turtle - Grocery Store,,,8,0,0,0,0,0,0
2025,Economic Development Incentive Program,66,Other GO CIP - Non-Debt,Project Turtle- Grocery Store,,,Citywide,0,0,0,0,0,0
2025,Economic Development Incentive Program,66,Other GO CIP - Non-Debt,Public Private Partnership,2025,2028,Citywide,73618781,115527548,6408768,6500000,6500000,22500000
2025,Economic Development Incentive Program,66,Other GO CIP - Non-Debt,Public Private Partnership - Retail Rehabilitation Demonstration,2025,2025,Citywide,0,1000000,1000000,0,0,0
2025,Economic Development Incentive Program,66,Other GO CIP - Non-Debt,Public Private Partnership-Advisory Services for City's Housing Policy,2025,2025,Citywide,115000,125000,10000,0,0,0
2025,Economic Development Incentive Program,67,Other GO CIP - Non-Debt,Public Private Partnership-BSHD Projects,,,Citywide,72695,72695,0,0,0,0
2025,Economic Development Incentive Program,67,Other GO CIP - Non-Debt,Public Private Partnership-Dallas Protocol and World Affairs Council Contract,2025,2025,Citywide,2403005,2903005,500000,0,0,0
2025,Economic Development Incentive Program,67,Other GO CIP - Non-Debt,Public Private Partnership- Downtown Retail Program -Phase III,,,Citywide,678074,678074,0,0,0,0
2025,Economic Development Incentive Program,67,Other GO CIP - Non-Debt,Public Private Partnership-Main Dist.Initiative,2025,2025,Citywide,2725934,2729934,4000,0,0,0
2025,Economic Development Incentive Program,67,Other GO CIP - Non-Debt,Public Private Partnership- Neighborhood Retail Redevelopment Program,2025,2025,Citywide,1164621,1508085,343464,0,0,0
2025,Economic Development Incentive Program,67,Other GO CIP - Non-Debt,Public Private Partnership-Public/ Private Fee Rebate,,,Citywide,2442936,2442936,0,0,0,0
2025,Economic Development Incentive Program,67,Other GO CIP - Non-Debt,Public Private Partnership-Public/ Private Infrastructure,2025,2025,Citywide,3552466,3582988,30522,0,0,0
2025,Economic Development Incentive Program,67,Other GO CIP - Non-Debt,Public Private Partnership- Southern Dallas Adaptive Reuse Grant Program- Phase II,2025,2025,Citywide,150000,210000,60000,0,0,0
2025,Economic Development Incentive Program,67,Other GO CIP - Non-Debt,Public Private Partnership- Southwest Center Mall Redevelopment,,,Citywide,109186,109186,0,0,0,0
2025,Economic Development Incentive Program,67,Other GO CIP - Non-Debt,Public Private Partnership- Workforce Readiness Placement & Retention,2025,2025,Citywide,1415567,1735521,319954,0,0,0
2025,Economic Development Bonds,67,2017 Bonds,Rehabilitation of Wastewater interceptor-RB Area Redev-CD#3,2025,2027,3,0,195870,195870,0,0,0
2025,Economic Development Bonds,68,2017 Bonds,Rehabilitation of Wastewater interceptor-RB Area Redev-CD#8,2025,2027,8,0,195870,195870,0,0,0
2025,Skillman Corridor Tax Increment Financing District,68,Other GO CIP - Non-Debt,RISD Public Improvement Reimbursement,2025,2025,9 10 13 14,4405397,5302536,897139,0,0,0
2025,Infrastructure Investment Fund,68,Other GO CIP - Non-Debt,Roland Parrish Parks (Cadilac Heights) Project- Phase I,,,4,3000000,3000000,0,0,0,0
2025,Skillman Corridor Tax Increment Financing District,68,Other GO CIP - Non-Debt,Skillman Corridor Admin,2025,2028,9 10 13 14,599227,1516951,477725,0,110000,330000
2025,Skillman Corridor Tax Increment Financing District,68,Other GO CIP - Non-Debt,Skillman Corridor TIF - Repayment of Advances,2025,2028,9 10 13 14,25119,51297089,14539400,0,9772437,26960133
2025,Southwestern Medical Tax Increment Financing District,68,Other GO CIP - Non-Debt,Southwestern Medical TIF - Administration,2025,2028,2,517242,1204524,287282,0,100000,300000
2025,Southwestern Medical Tax Increment Financing District,68,Other GO CIP - Non-Debt,Southwestern Medical TIF - Repayment of Advances,2025,2028,2,0,21376305,15214579,0,1422398,4739328
2025,Sports Arena Tax Increment Financing District,68,Other GO CIP - Non-Debt,Sports Arena Admin,2025,2028,2 6 14,1167474,2386270,478796,0,185000,555000
2025,Sports Arena Tax Increment Financing District,68,Other GO CIP - Non-Debt,Sports Arena Increment,2025,2028,2 6 14,1407935,83222458,22436756,0,10234622,49143146
2025,Sports Arena Tax Increment Financing District,68,Other-Economic Development,Sports Arena TIF N.Parking Garage Mainte,2025,2028,2,21437,1200000,678563,100000,100000,300000
2025,Economic Development Bonds,69,2017 Bonds,St. Philip's Catalyst Project,,,7,550000,550000,0,0,0,0
2025,Home Ownership/ Development,69,2012 Bonds,The Bottom Cluster,,,4,1400000,1400000,0,0,0,0
2025,Economic Development Bonds,69,2017 Bonds,The Bottom Phase II,2025,2025,Citywide,1060092,1062214,2122,0,0,0
2025,Home Ownership/ Development,69,2024 Bonds,The Caroline-1400 W. Commerce St Infrastructure Improvements,2025,2025,Citywide,0,2000000,2000000,0,0,0
2025,Transit- Oriented Development (TOD) Tax Increment Financing District,69,Other GO CIP - Non-Debt,TOD - TIF,2025,2028,2 3 4 8 14,490478,1794223,553745,150000,150000,450000
2025,Transit- Oriented Development (TOD) Tax Increment Financing District,69,Other GO CIP - Non-Debt,Transit Oriented - Repayment of Advances,2025,2025,2 3 4 8 14,0,9449023,9449023,0,0,0
2025,Sports Arena Tax Increment Financing District,69,Other GO CIP - Non-Debt,Trinity Groves Mixed-Use Project,2025,2025,2,12218246,12977861,759615,0,0,0
2025,Design District Tax Increment Financing District,69,Other GO CIP - Non-Debt,Trinity Strand Hi-Line Span Pedestrian Bridge/Connector,2025,2025,Citywide,9552983,12775471,3222489,0,0,0
2025,Economic Development Incentive Program,69,Other GO CIP - Non-Debt,University Hills Phase I Catalyst Project,2025,2025,Citywide,0,4550000,4550000,0,0,0
2025,University Tax Increment Financing District,69,Other GO CIP - Non-Debt,University TIF District - Admin,2025,2028,812,0,845573,345573,100000,100000,300000
2025,University Tax Increment Financing District,69,Other GO CIP - Non-Debt,University TIF District-Increment,2025,2025,8 12,170982,4338256,4167274,0,0,0
2025,Vickery Meadow Tax Increment Financing District,69,Other GO CIP - Non-Debt,Vickery Meadow Admin,2025,2028,13,440137,908981,318844,0,75000,75000
2025,Vickery Meadow Tax Increment Financing District,70,Other GO CIP - Non-Debt,Vickery Meadow TIF - Repayment of Advances,2025,2028,13,29258641,38704596,2301367,0,3518393,3626195
2025,Sports Arena Tax Increment Financing District,70,Other GO CIP - Non-Debt,Victory North Hi Line Connector Trail Pr,2025,2025,2 6,0,11562124,11562124,0,0,0
2025,Sports Arena Tax Increment Financing District,70,Other GO CIP - Non-Debt,Victory South Parking Garage Improvements,2025,2027,2,8485001,9985001,500000,0,1000000,0
2025,Design District Tax Increment Financing District,70,Other GO CIP - Non-Debt,Virgin Hotel Project,,,6,2842733,2842733,0,0,0,0
2025,Economic Development Bonds,70,2017 Bonds,Vista at Kessler/ Stevens Project,2025,2025,1,1175189,6300000,5124811,0,0,0
2025,Economic Development Bonds,70,2017 Bonds,Wastewater System Improvements-7th St & Beckley Ave,,,6,520347,520347,0,0,0,0
2025,Home Ownership/ Development,70,2017 Bonds,West Dallas - MSRP,2025,2027,4,0,800000,800000,0,0,0
2025,Home Ownership/ Development,70,2012 Bonds,WEST DALLAS - SINGLETON BLVD,,,6,1275000,1275000,0,0,0,0
2025,Economic Development Bonds,70,2017 Bonds,West Dallas - Target Rehab Program,2025,2025,6,0,1,1,0,0,0
2025,Economic Development Bonds,70,2012 Bonds,West End Lofts Mixed-Use Mixed Income & TOD Project,2025,2025,14,0,13000000,13000000,0,0,0
2025,City Center Tax Increment Financing District,71,Other GO CIP - Non-Debt,West End Lofts Mixed-Use Mixed Income Project,2025,2026,14,0,28275676,27663142,612534,0,0
2025,Economic Development Incentive Program,71,Other GO CIP - Non-Debt,White Pants Digital Marketing Project,,,2,595339,595339,0,0,0,0
2025,Stormwater Drainage Management,76,Other GO CIP - Non-Debt,San Gabriel Drive 4300 Blk,2025,2025,7,828492,1678750,850258,0,0,0
2025,Stormwater Drainage Management,76,2024 Bonds,10101 Royal Highlands Drainage Improvements,2027,2028,10,0,115000,0,0,17250,97750
2025,Stormwater Drainage Management,76,2017 Bonds,10732 Haven Creek Court,2025,2025,10,0,67705,67705,0,0,0
2025,Stormwater Drainage Management,76,Other GO CIP - Non-Debt,1100 S Harwood St 84 RCP Reroute,2028,2028,14,0,479400,0,0,0,479400
2025,Erosion Control,76,2024 Bonds,11th E 1615,2025,2027,4,0,442751,66413,0,376338,0
2025,Stormwater Drainage Management,76,Other GO CIP - Non-Debt,1700 N Field Street Drainage Repair,2028,2028,14,0,666000,0,0,0,666000
2025,Stormwater Drainage Management,76,Other GO CIP - Debt,17610-17614 Squaw Valley,,,12,779400,779400,0,0,0,0
2025,Stormwater Drainage Management,76,Other GO CIP - Non-Debt,2133 Province,2026,2028,2,0,666000,0,99900,0,566100
2025,Flood Management,76,2024 Bonds,2310 Chart Concrete Drainage Channel Repair,2027,2028,7,0,628188,0,0,81938,546250
2025,Stormwater Drainage Management,76,Other GO CIP - Non-Debt,2530 Blanton Outfall Repair,2027,2028,5,0,666000,0,0,99900,566100
2025,Storm Drainage Relief System,76,2024 Bonds,4126 Maybeth Drainage Relief,2026,2028,6,0,132250,0,19838,0,112413
2025,Stormwater Drainage Management,76,Other GO CIP - Debt,4209 Rosa Ct Drainage Relief System,2025,2025,13,183391,1500000,1316609,0,0,0
2025,Storm Drainage Relief System,77,2024 Bonds,5827 Bluffman Storm Drainage Relief,2026,2028,8,0,402500,0,60375,0,342125
2025,Stormwater Drainage Management,77,Other GO CIP - Non-Debt,5th Street Drainage Relief System,2027,2028,1,0,4185000,0,0,627750,3557250
2025,Storm Drainage Relief System,77,2024 Bonds,6231 Pemberton Drainage Relief System,2027,2028,13,0,586500,0,0,87975,498525
2025,Stormwater Drainage Management,77,Other GO CIP - Non-Debt,6750 Willow Storm Drainage Relief,2026,2028,11,0,607000,0,91050,0,515950
2025,Stormwater Drainage Management,77,Other GO CIP - Debt,6900 Royal Lane Drainage Relief System,2025,2026,11 13,166327,1476654,166327,1144000,0,0
2025,Storm Drainage Relief System,77,2024 Bonds,9728 Springtree Storm Drainage Relief,2027,2028,10,0,471500,0,0,70725,400775
2025,Erosion Control,77,2017 Bonds,Abshire Lane,2025,2025,2,1814474,893444,-921030,0,0,0
2025,Stormwater Drainage Management,77,Other GO CIP - Debt,Alderson 3700,2025,2025,14,213675,2520785,2307110,0,0,0
2025,Stormwater Drainage Management,77,Other GO CIP - Debt,Alpha at Peyton (RL Area 3),2025,2027,11,0,8190250,1050000,1236250,5904000,0
2025,Stormwater Drainage Management,77,Other GO CIP - Non-Debt,Anderson Ave @ Goodman,2025,2025,6,41243,373965,332722,0,0,0
2025,Stormwater Drainage Management,77,Other GO CIP - Debt,Anderson Bonner Park - DWU Location #1,2025,2025,11,536555,49223538,48686983,0,0,0
2025,Stormwater Drainage Management,77,Other GO CIP - Non-Debt,Anderson Bonner Park - DWU Location #2,,,11,665092,665092,0,0,0,0
2025,Stormwater Drainage Management,78,Other GO CIP - Debt,Ash Creek - S Fork Channel Improvements at John West,2025,2025,2 7,306449,2485949,2179500,0,0,0
2025,Stormwater Drainage Management,78,Other GO CIP - Debt,Ash Creek Trib 5B7 Bridge Improvement @ Province,2025,2026,2,0,889350,810000,79350,0,0
2025,Storm Drainage Relief System,78,2024 Bonds,Atlanta St. - South Blvd. to MLK Jr. Blvd.,2026,2028,7,0,575000,0,86250,0,488750
2025,Erosion Control,78,2024 Bonds,Audelia Rd 11655 (Building 8 to 10),2025,2027,10,0,1489250,223387,0,1265863,0
2025,Stormwater Drainage Management,78,Other GO CIP - Non-Debt,Beckley @ Coombs Creek Drinage Study,2025,2025,1,124000,125000,1000,0,0,0
2025,Stormwater Drainage Management,78,Other GO CIP - Debt,Bethany Dr (9908) Province Ln (2008 2016) and Peavy Pl (,,,2,338733,338733,0,0,0,0
2025,Stormwater Drainage Management,78,Other GO CIP - Debt,Bethany Dr (9908) Province Ln (2008 2016) and Peavy Pl (2334 2340 2344),2025,2025,2,0,2205000,2205000,0,0,0
2025,Erosion Control,78,Other GO CIP - Non-Debt,Betty Jane 10225,2025,2025,13,471515,629115,157600,0,0,0
2025,Stormwater Drainage Management,78,Other GO CIP - Non-Debt,Birchridge 14721,2026,2027,11,0,342000,0,51300,290700,0
2025,Stormwater Drainage Management,78,Other GO CIP - Debt,Brittania Way 8470-8506 Erosion Control Pilot,2025,2028,10,797180,2129741,566661,0,62100,703800
2025,Storm Drainage Relief System,79,2024 Bonds,Bruton Terrace Est. Storm Drainage Relief,2026,2028,5,0,575000,0,86250,0,488750
2025,Stormwater Drainage Management,79,Other GO CIP - Non-Debt,Cadiz and Riverfront Bridge,,,2,2461919,2461919,0,0,0,0
2025,Stormwater Drainage Management,79,Other GO CIP - Non-Debt,Calcutta 616 (RL Area 40),2025,2026,3,201256,652500,238744,212500,0,0
2025,Stormwater Drainage Management,79,2024 Bonds,Calm Meadow Drainage Rehabilitation,2027,2028,12,0,310500,0,0,46575,263925
2025,Stormwater Drainage Management,79,Other GO CIP - Non-Debt,Cedar Creek Bridge @ Clarendon,2025,2025,4,38090,2800000,2761910,0,0,0
2025,Stormwater Drainage Management,79,Other GO CIP - Non-Debt,Cedar Creek Bridge @ Clarendon (Sta 149+13),2027,2028,4,0,2565000,0,0,847500,1717500
2025,Stormwater Drainage Management,79,Other GO CIP - Non-Debt,Cedar Creek Bridge @ Moore,2025,2026,4,31239,3500000,1444761,2024000,0,0
2025,Stormwater Drainage Management,79,Other GO CIP - Debt,Cedar Creek Bridge @ Tyler,2025,2028,1,0,1627950,1245000,0,31050,351900
2025,Stormwater Drainage Management,79,Other GO CIP - Debt,Cedar Creek Channel - ATSF RR to Ewing,2025,2028,4,0,1324750,261000,0,86250,977500
2025,Stormwater Drainage Management,79,Other GO CIP - Debt,Cedar Creek Culvert @ Polk,2025,2026,1,0,380000,150000,230000,0,0
2025,Stormwater Drainage Management,79,Other GO CIP - Non-Debt,Cedar Creek Culvert @ W. Claredon Drive,2025,2025,4,419336,284883,-134453,0,0,0
2025,Stormwater Drainage Management,79,Other GO CIP - Non-Debt,Cedar Creek Culvert @ Winnetka,2028,2028,1,0,439350,0,0,0,439350
2025,Stormwater Drainage Management,79,Other GO CIP - Non-Debt,Cedar Springs Branch - Lomo Alto Dr @ Lemmon Ave,2025,2025,14,132310,450000,317690,0,0,0
2025,Stormwater Drainage Management,79,Other GO CIP - Non-Debt,Cedar Springs Branch @ Denton,2027,2028,2,0,707000,0,0,106050,600950
2025,Stormwater Drainage Management,79,Other GO CIP - Non-Debt,Cedar Springs Branch @ Production,2028,2028,2,0,550000,0,0,0,550000
2025,Stormwater Drainage Management,79,Other GO CIP - Non-Debt,Chalk Hill Branch Bridge @ N. Counts,2026,2028,3,0,956000,0,143400,0,812600
2025,Stormwater Drainage Management,80,Other GO CIP - Non-Debt,Chalk Hill Branch Bridge @ S. Counts,2027,2028,1,0,1592000,0,0,238800,1353200
2025,Stormwater Drainage Management,80,Other GO CIP - Non-Debt,Chalk Hill Branch Culvert @ Jefferson,2027,2028,1,0,724000,0,0,108600,615400
2025,Storm Drainage Relief System,80,2017 Bonds,Chalkhill Branch - I30/Loop 12 Interchange,2025,2025,6,95908,780000,684092,0,0,0
2025,Stormwater Drainage Management,80,Other GO CIP - Non-Debt,Channel - Major Maintenance,2025,2028,Citywide,0,1174697,-303,200000,225000,750000
2025,Stormwater Drainage Management,80,Other GO CIP - Non-Debt,Cherry Hill 8647 Storm Drainage Relief,2027,2028,10,0,1459000,0,0,175080,1283920
2025,Stormwater Drainage Management,80,Other GO CIP - Debt,Cherrybrook Dam Spillway Rehabilitation,2025,2026,5,619344,6419344,696000,5104000,0,0
2025,Erosion Control,80,2024 Bonds,Claremont 8017 8023 and 8030,2025,2027,7,0,570941,109072,0,461869,0
2025,Stormwater Drainage Management,80,Other GO CIP - Non-Debt,Clary Dr 10440,2026,2028,9,0,474000,0,71100,0,402900
2025,Stormwater Drainage Management,80,Other GO CIP - Debt,Clearbrook Lane 10837,2025,2025,9,65274,216774,151500,0,0,0
2025,Stormwater Drainage Management,80,Other GO CIP - Non-Debt,Cliffdale 322,2028,2028,1,0,736000,0,0,0,736000
2025,Stormwater Drainage Management,80,Other GO CIP - Non-Debt,Clubcreek Circle 8903 8907 8911,2027,2028,10,637529,2552279,0,0,155250,1759500
2025,Stormwater Drainage Management,80,Other GO CIP - Non-Debt,Conrad - Louisiana Area Relief,2027,2028,4,0,3010000,0,0,361200,2648800
2025,Stormwater Drainage Management,80,Other GO CIP - Non-Debt,Coombs Creek Bridge @ 9th,2028,2028,1,0,388000,0,0,0,388000
2025,Stormwater Drainage Management,81,Other GO CIP - Non-Debt,Coombs Creek Bridge @ Barnett,2028,2028,1,0,325000,0,0,0,325000
2025,Stormwater Drainage Management,81,Other GO CIP - Debt,Coombs Creek Bridge @ Brooklyndell,2025,2026,1,0,1074000,39000,1035000,0,0
2025,Stormwater Drainage Management,81,Other GO CIP - Non-Debt,Coombs Creek Bridge @ Colorado,2027,2028,1,0,1666000,0,0,249900,1416100
2025,Stormwater Drainage Management,81,Other GO CIP - Debt,Coombs Creek Bridge @ Plymouth,2025,2028,1,0,1172750,960000,0,17250,195500
2025,Stormwater Drainage Management,81,Other GO CIP - Non-Debt,Coombs Creek Culvert @ Hampton,2028,2028,1,0,80850,0,0,0,80850
2025,Stormwater Drainage Management,81,Other GO CIP - Non-Debt,Coombs Creek Culvert @ Jefferson- Westmoreland,2028,2028,1,0,781500,0,0,0,781500
2025,Erosion Control,81,2024 Bonds,Coombs Creek Dr 637,2025,2027,1,0,286506,64125,0,222381,0
2025,Flood Management,81,2024 Bonds,Coombs Creek Flood Management Study Update,2026,2026,1,0,552000,0,552000,0,0
2025,Stormwater Drainage Management,81,Other GO CIP - Non-Debt,CORP Project No. 40208,2025,2025,Citywide,79491885,90090000,10598115,0,0,0
2025,Stormwater Drainage Management,81,Other GO CIP - Debt,Council District 10,2025,2025,10,0,1000000,1000000,0,0,0
2025,Stormwater Drainage Management,81,Other GO CIP - Debt,Counts S 4690,2025,2028,1,50075,464075,210000,0,30600,173400
2025,Erosion Control,81,2017 Bonds,Creek Bend Road 7028,2025,2025,12,10485,82000,71515,0,0,0
2025,Storm Drainage Relief System,81,2024 Bonds,Cresthaven/Culcourt St Storm Drainage Relief,2026,2028,6,0,1173000,0,175950,0,997050
2025,Stormwater Drainage Management,81,Other GO CIP - Non-Debt,Crestview East Addition No. 2 (Beechmont 2779) Drainage Relief System,2026,2028,2,0,2895000,0,434250,0,2460750
2025,Stormwater Drainage Management,82,Other GO CIP - Non-Debt,CSDSA Area 31 - Echo Glen,2025,2028,13,0,51311000,1500000,3000000,10000000,36811000
2025,Stormwater Drainage Management,82,Other GO CIP - Non-Debt,CTP,2025,2025,Citywide,832508,1180293,347785,0,0,0
2025,Flood Management,82,2017 Bonds,Cypress Branch @ Jennie Lee,2025,2025,7,981337,1827732,846395,0,0,0
2025,Stormwater Drainage Management,82,2006 Bonds,Dallas Floodway DFE PPA,2025,2025,Citywide,8501060,8546341,45280,0,0,0
2025,Stormwater Drainage Management,82,Other GO CIP - Non-Debt,Dallas Floodway Extension,2025,2025,Citywide,27163058,35716793,8553735,0,0,0
2025,Stormwater Drainage Management,82,Other GO CIP - Non-Debt,Dallas Floodway NFIP Levee Evaluation,2025,2027,Citywide,0,848223,848223,0,0,0
2025,Erosion Control,82,2024 Bonds,Davenport Road 17911,2025,2027,12,0,483000,72450,0,410550,0
2025,Storm Drainage Relief System,82,2024 Bonds,Desco 7108,2027,2028,13,0,281750,0,0,42263,239488
2025,Stormwater Drainage Management,82,Other GO CIP - Non-Debt,Dixon Branch - E Prong Culvert @ Mediterranean,2028,2028,10,0,672000,0,0,0,672000
2025,Storm Drainage Relief System,82,2017 Bonds,Dixon Branch,2025,2025,9,1349464,1394900,45436,0,0,0
2025,Stormwater Drainage Management,83,Other GO CIP - Non-Debt,Dixon Branch Relief System (RL Areas 18 & 19),2026,2028,7,0,9650000,0,3500000,0,6150000
2025,Stormwater Drainage Management,83,Other GO CIP - Debt,Dorrington Circle 3106,2025,2027,7,90344,1877744,155000,0,1632400,0
2025,Stormwater Drainage Management,83,Other GO CIP - Non-Debt,Dredge Maintenance,2025,2026,Citywide,0,329906,129906,200000,0,0
2025,Storm Drainage Relief System,83,2024 Bonds,East Peaks Upper/ Middle Basin Relief System,2026,2028,Citywide,0,9200000,0,2760000,0,6440000
2025,Erosion Control,83,2024 Bonds,El Cerrito 2490 & Hunnicut 8181,2025,2026,7,0,804999,120749,684250,0,0
2025,Erosion Control,83,2017 Bonds,El Cerrito Storm Drainage 2470,,,7,573874,573874,0,0,0,0
2025,Stormwater Drainage Management,83,Other GO CIP - Non-Debt,El Tivoli @ Reverchon Drainage Relief System,2025,2028,1,0,2122024,245624,1632400,0,244000
2025,Stormwater Drainage Management,83,Other GO CIP - Debt,El Tivoli Branch Culvert @ Plymouth Road,2025,2025,1,137852,275704,137852,0,0,0
2025,Stormwater Drainage Management,83,Other GO CIP - Debt,Elm Fork Trinity River - Upper East @ Skyline Trail Bridge / Trinity View Park,2025,2025,6,105505,1705505,1600000,0,0,0
2025,Stormwater Drainage Management,83,Other GO CIP - Non-Debt,Elmwood Branch Bridge @ Melbourne,2027,2028,1,0,2663000,0,0,399450,2263550
2025,Stormwater Drainage Management,83,Other GO CIP - Non-Debt,Elmwood Branch Culvert @ Edgefield,2026,2028,1,0,371000,0,55650,0,315350
2025,Stormwater Drainage Management,84,Other GO CIP - Non-Debt,Elmwood Branch Culvert @ Tyler & Vernon,2026,2028,1,0,278000,0,41700,0,236300
2025,Stormwater Drainage Management,84,Other GO CIP - Non-Debt,Emergency Pipe Repairs - Major Maintenance of Collapsed Pipe in Critical Areas,2025,2025,Citywide,0,312681,312681,0,0,0
2025,Stormwater Drainage Management,84,Other GO CIP - Non-Debt,Estes Branch Channel Improvements (2704 Mossglen),2026,2028,7,0,2663000,0,399450,0,2263550
2025,Stormwater Drainage Management,84,Other GO CIP - Debt,Eustis Ave 8600-8800 Blk & KCS Railroad Backwater Analysis,2025,2026,9,0,219838,200000,19838,0,0
2025,Stormwater Drainage Management,84,Other GO CIP - Non-Debt,Fair Oaks Crossing 8555,,,10,594854,594854,0,0,0,0
2025,Stormwater Drainage Management,84,Other GO CIP - Non-Debt,Fair Oaks Detention Basin Dredging,2025,2025,13,101298,793138,691840,0,0,0
2025,Stormwater Drainage Management,84,2024 Bonds,Fairglen Dr 8928,2027,2028,10,0,132250,0,0,19838,112413
2025,Stormwater Drainage Management,84,Other GO CIP - Non-Debt,Flood Management Area - Major Maintenance,2026,2028,Citywide,0,1050000,0,200000,150000,700000
2025,Stormwater Drainage Management,84,2024 Bonds,Flood Protection - 2024 Bond Projects Reserve,,,Citywide,0,0,0,0,0,0
2025,Stormwater Drainage Management,84,Other GO CIP - Debt,Forest Lane 9833,2025,2025,10,119740,259740,140000,0,0,0
2025,Stormwater Drainage Management,84,Other GO CIP - Debt,Forest Ridge 9700 Block-Chiswell 9600 Block,2025,2025,10,0,2481437,2481437,0,0,0
2025,Erosion Control,84,2024 Bonds,Forston Ave 18503,2025,2027,12,0,181125,27169,0,153956,0
2025,Stormwater Drainage Management,84,Storm Drainage Management Capital Program,FY 2025 TWBD SERIES 2024B GRANT FUND,2025,2025,Citywide,33698115,23100000,-10598115,0,0,0
2025,Stormwater Drainage Management,84,Other GO CIP - Non-Debt,Gabion - Major Maintenance,2025,2025,Citywide,0,273741,273741,0,0,0
2025,Stormwater Drainage Management,85,Other GO CIP - Non-Debt,Gateridge 6841 Storm Drainage Relief,2027,2028,11,0,3198000,0,0,383760,2814240
2025,Storm Drainage Relief System,85,2017 Bonds,Gifford-Roanoke Area Relief System - Phase II/ Brookhollow Bridge,2025,2025,2,261614,1544217,1282603,0,0,0
2025,Stormwater Drainage Management,85,Other GO CIP - Debt,Gifford-Roanoke Area Relief System - Phase II/Brookhollow Br,2025,2025,2,0,92580,92580,0,0,0
2025,Erosion Control,85,Other GO CIP - Non-Debt,GLEN OAKS 816,,,4,647705,647705,0,0,0,0
2025,Stormwater Drainage Management,85,2024 Bonds,Glencairn 216,2027,2028,8,0,327750,0,0,49163,278588
2025,Erosion Control,85,2024 Bonds,Glencairn 460,2025,2027,8,0,313473,73985,0,239488,0
2025,Stormwater Drainage Management,85,Other GO CIP - Non-Debt,Grauwyler Gate,2028,2028,2,0,579000,0,0,0,579000
2025,Erosion Control,85,Other GO CIP - Non-Debt,Greendale 1721 1716,,,5,200529,200529,0,0,0,0
2025,Stormwater Drainage Management,85,Other GO CIP - Non-Debt,Greenhollow/ Sapling Way/ Clearsprings RL,2025,2026,11,199515,4370700,1171185,3000000,0,0
2025,Stormwater Drainage Management,85,Other GO CIP - Debt,Greenspan - Kirnwood Area,2025,2025,8,69198,291298,222100,0,0,0
2025,Stormwater Drainage Management,85,Other GO CIP - Non-Debt,Guildhall-McCree Storm Drainage Relief System,2025,2026,10,438570,9799970,6861400,2500000,0,0
2025,Storm Drainage Relief System,85,2017 Bonds,Hampton Gate,2025,2025,6,0,54,54,0,0,0
2025,Erosion Control,85,2024 Bonds,Hampton N 635,2025,2027,1,0,248640,43365,0,205275,0
2025,Stormwater Drainage Management,85,2024 Bonds,Harlandale - Strickland Area,2026,2028,4,0,1230500,0,184575,0,1045925
2025,Stormwater Drainage Management,85,2024 Bonds,Harry Hines 5323,2027,2028,2,0,241500,0,0,36225,205275
2025,Flood Management,86,2017 Bonds,Hatfield Branch @ Seagoville Channel Improvements,2025,2025,5,483179,1736179,1253000,0,0,0
2025,Stormwater Drainage Management,86,Other GO CIP - Debt,Hatfield Branch Dam Spillway Rehabilitation,2025,2026,5,167427,1172174,124747,880000,0,0
2025,Erosion Control,86,2012 Bonds,HEALEY 2116 & KINGSMAN 9869,2025,2025,9,5000,627000,622000,0,0,0
2025,Stormwater Drainage Management,86,Other GO CIP - Non-Debt,Hickory Creek Floodplain Management Study,2025,2026,Citywide,0,481066,228066,253000,0,0
2025,Stormwater Drainage Management,86,Other GO CIP - Debt,Highgrove Area Drainage Relief System,2025,2026,Citywide,0,7155000,4155000,3000000,0,0
2025,Erosion Control,86,Other GO CIP - Non-Debt,Highland Road 2447,2025,2025,7,528519,529519,1000,0,0,0
2025,Erosion Control,86,2024 Bonds,Hillcrest Rd 13059,2025,2027,11,0,756786,4111,0,752675,0
2025,Stormwater Drainage Management,86,Other GO CIP - Debt,Hillside Drive 3604,2025,2028,9,0,14421749,381749,3240000,0,10800000
2025,Stormwater Drainage Management,86,Other GO CIP - Debt,Holland @ Miles Drainage Relief System,2025,2028,2,0,994663,750000,0,19838,224825
2025,Stormwater Drainage Management,86,Other GO CIP - Non-Debt,Holliday 3445 3449 3605 3621,2025,2025,4,127556,1040000,912444,0,0,0
2025,Stormwater Drainage Management,87,Other GO CIP - Debt,Hollow Ridge 4804,2025,2025,7,456338,517828,61490,0,0,0
2025,Stormwater Drainage Management,87,Other GO CIP - Debt,Homer Street 3215,2025,2025,14,1178240,2444330,1266090,0,0,0
2025,Stormwater Drainage Management,87,2024 Bonds,Hymie Circle 10105-10109,2026,2028,5,0,408250,0,61238,0,347013
2025,Stormwater Drainage Management,87,Other GO CIP - Non-Debt,Jackson Branch - Church Road Bridge,2028,2028,10,0,1586000,0,0,0,1586000
2025,Flood Management,87,2024 Bonds,Jan Creek Culvert @ Wheatland,2027,2028,8,0,1190250,0,0,155250,1035000
2025,Erosion Control,87,2024 Bonds,Jefferson W 2909,2025,2027,1,0,302586,63098,0,239488,0
2025,Stormwater Drainage Management,87,Other GO CIP - Debt,Joes Creek - West Fork Channel and Culvert Improvements,2025,2028,6,0,3611563,1900000,105150,81938,1524475
2025,Flood Management,87,2017 Bonds,Joe's Creek West Fork Bridge @ Walnut Hill,2025,2025,6,3247209,2807903,-439306,0,0,0
2025,Stormwater Drainage Management,87,Other GO CIP - Debt,Junius Street @Baylor University Medical Center,2025,2025,7,951635,654375,-297260,0,0,0
2025,Stormwater Drainage Management,87,Other GO CIP - Non-Debt,Keeton Park Lake Dredging,2025,2025,5,118966,790798,671832,0,0,0
2025,Stormwater Drainage Management,87,Other GO CIP - Non-Debt,Kidd Springs Branch @ Colorado,2026,2028,1,0,4406800,0,574800,574800,3257200
2025,Stormwater Drainage Management,87,Other GO CIP - Non-Debt,Kidd Springs Tunnel Rehabilitation,2025,2027,1,0,2600000,536000,500000,1564000,0
2025,Stormwater Drainage Management,87,Other GO CIP - Non-Debt,Kiest Boulevard W. 2412,2025,2026,3,352889,896986,244097,300000,0,0
2025,Erosion Control,88,2024 Bonds,Kiest Valley Parkway @ Kiest Knoll Outfall Protection,2025,2027,3,0,264500,39675,0,224825,0
2025,Stormwater Drainage Management,88,Other GO CIP - Debt,Kiesthill (3407 3411 3431) Kiest Crest (3610) Kiest (3227 3335 3419) and Kiest Crest,2025,2025,3,1949751,1276451,-673300,0,0,0
2025,Stormwater Drainage Management,88,Other GO CIP - Non-Debt,Kiesthill (3425 3407 3411 3431) Kiest Crest (3610) Kiest (3327 3335 3419) and Kiest Crest,2025,2026,3,277144,6253750,4476606,1500000,0,0
2025,Stormwater Drainage Management,88,Other GO CIP - Non-Debt,Kiltartan 1519,2025,2025,2,5000,224000,219000,0,0,0
2025,Flood Management,88,2017 Bonds,Kings Branch @ Genoa,2025,2025,4,34375,48375,14000,0,0,0
2025,Stormwater Drainage Management,88,Other GO CIP - Debt,Kings Branch Culvert @ Denley,2025,2025,4,7200,16000,8800,0,0,0
2025,Storm Drainage Relief System,88,Other GO CIP - Non-Debt,Kings Branch Culvert @ Genoa,,,4,627202,627202,0,0,0,0
2025,Stormwater Drainage Management,88,Other GO CIP - Debt,KIngs Branch Culvert @ Georgia,2025,2025,4,0,41828,41828,0,0,0
2025,Flood Management,88,2017 Bonds,Kings Branch Culvert @ Stella,2025,2025,4,696551,698551,2000,0,0,0
2025,Stormwater Drainage Management,88,Other GO CIP - Debt,Kings Branch Culvert @ Woodin,2025,2025,4,0,13700,13700,0,0,0
2025,Stormwater Drainage Management,88,Other GO CIP - Non-Debt,Knight Street 2426 & 2428,2028,2028,2,0,1627000,0,0,0,1627000
2025,Stormwater Drainage Management,88,Other GO CIP - Non-Debt,Knights Branch @ Denton Dr.,2028,2028,2,0,428400,0,0,0,428400
2025,Stormwater Drainage Management,88,Other GO CIP - Non-Debt,Knights Branch Upper Relief System - Inwood/ Mockingbird,2028,2028,213,0,7350000,0,0,0,7350000
2025,Stormwater Drainage Management,88,Other GO CIP - Non-Debt,Knights Branch Upper Relief System Phase 2,2028,2028,213,0,6500000,0,0,0,6500000
2025,Flood Management,88,2024 Bonds,Knights Branch Upper Relief System Study,2026,2026,Citywide,0,649750,0,649750,0,0
2025,Stormwater Drainage Management,89,Other GO CIP - Non-Debt,Kushla 3800 @ Grinnell,2028,2028,4,0,1840000,0,0,0,1840000
2025,Stormwater Drainage Management,89,Other GO CIP - Debt,Lafayette Heights Branch Culvert @ Plymouth Road,2025,2026,1,120322,733444,120322,492800,0,0
2025,Stormwater Drainage Management,89,Other GO CIP - Non-Debt,Lake Cliff Dam Rehabilitation,2025,2028,1,0,14000000,1680000,2000000,4320000,6000000
2025,Stormwater Drainage Management,89,Other GO CIP - Debt,Lake Cliff Dam Seepage Project,2025,2026,1,0,1591250,1505000,86250,0,0
2025,Storm Drainage Relief System,89,Other GO CIP - Non-Debt,Lake Highlands Town Center Dredge Proje,,,10,205702,205702,0,0,0,0
2025,Flood Management,89,2017 Bonds,Lake June @ St. Augustine,2025,2025,5,350662,3850568,3499906,0,0,0
2025,Stormwater Drainage Management,89,Other GO CIP - Non-Debt,Lane Park - 7100 to 7300 Block,2028,2028,13,0,3769000,0,0,0,3769000
2025,Stormwater Drainage Management,89,Other GO CIP - Debt,Lansford 1215,2025,2026,1,162114,1491614,199500,1130000,0,0
2025,Stormwater Drainage Management,89,Other GO CIP - Debt,Lansford 1808,2025,2028,1,100934,2181934,356000,0,258750,1466250
2025,Stormwater Drainage Management,89,Other GO CIP - Debt,Levee Drainage System,2025,2025,Citywide,0,2748123,2748123,0,0,0
2025,Stormwater Drainage Management,89,Other GO CIP - Non-Debt,Linwood Place Rector Place Briarwood Storm Drainage Relief,2026,2028,13,0,11137000,0,903000,0,10234000
2025,Stormwater Drainage Management,90,Other GO CIP - Non-Debt,Lisbon Area C,2025,2025,4,293063,1654300,1361237,0,0,0
2025,Storm Drainage Relief System,90,2017 Bonds,Lively Lane 3808,2025,2025,6,39688,80000,40312,0,0,0
2025,Stormwater Drainage Management,90,Other GO CIP - Non-Debt,LLano Ave 6126 Storm Drainage Relief,2026,2027,14,0,500000,0,75000,425000,0
2025,Stormwater Drainage Management,90,Other GO CIP - Debt,Loganwood 3602,2025,2025,5,1502758,460833,-1041925,0,0,0
2025,Stormwater Drainage Management,90,Other GO CIP - Non-Debt,Loree 1742,2028,2028,2,0,1129000,0,0,0,1129000
2025,Stormwater Drainage Management,90,Other GO CIP - Non-Debt,Mapleleaf Circle/ Mapleleaf Lane Area,2026,2028,3,0,1500000,0,225000,0,1275000
2025,Stormwater Drainage Management,90,Other GO CIP - Non-Debt,Marsh Lane 10424,2025,2025,13,0,500000,500000,0,0,0
2025,Stormwater Drainage Management,90,Other GO CIP - Debt,McCommas Branch FPMS Alt 4,2025,2025,9,527800,8742282,8214482,0,0,0
2025,Stormwater Drainage Management,90,Other GO CIP - Non-Debt,Meadow Lake Ave 7102 & Westlake 7203,2026,2028,9,0,5065000,0,759750,0,4305250
2025,Erosion Control,90,2017 Bonds,Meadowcliff 10720 10726,2025,2025,10,121746,690400,568653,0,0,0
2025,Stormwater Drainage Management,90,Other GO CIP - Non-Debt,Meadowknoll 8911,,,10,0,0,0,0,0,0
2025,Erosion Control,90,2017 Bonds,Meandering Way 16209,2025,2025,12,164622,1061638,897016,0,0,0
2025,Stormwater Drainage Management,90,Other GO CIP - Non-Debt,Meandering Way 17490 Site A (1901) (Osage Branch),,,12,0,0,0,0,0,0
2025,Stormwater Drainage Management,90,Other GO CIP - Non-Debt,Medical District Drive Drainage Relief System Phase II,2027,2028,2 6,0,5248800,0,0,1248800,4000000
2025,Stormwater Drainage Management,91,Other GO CIP - Debt,Melody Lane 6262 Site 1&2,2025,2025,13,229336,1689000,1459664,0,0,0
2025,Stormwater Drainage Management,91,Other GO CIP - Non-Debt,Mercer Place 9056,2025,2025,2,4000,160000,156000,0,0,0
2025,Stormwater Drainage Management,91,2006 Bonds,Middle Peaks Branch - Phase 1 - to Fair Park,2025,2025,Citywide,1738029,1738030,1,0,0,0
2025,Stormwater Drainage Management,91,2006 Bonds,Middle Peaks Branch - Phase 2 - Fair Park to Haskell,,,Citywide,1159581,1159581,0,0,0,0
2025,Flood Management,91,2024 Bonds,Military Parkway @ Urbandale Park,2027,2028,5,0,661250,0,0,86250,575000
2025,Stormwater Drainage Management,91,2006 Bonds,Mill Creek Drainage Relief System - Phase I,2025,2025,Citywide,60810411,79407259,18596848,0,0,0
2025,Stormwater Drainage Management,91,Other GO CIP - Non-Debt,Mill Creek Drainage Relief System - Phase III,2026,2028,Citywide,0,18800000,0,3240000,0,15560000
2025,Stormwater Drainage Management,91,2012 Bonds,MILL CREEK PEAKS BRANCH AND STATE THOMAS,2025,2025,Citywide,207171067,218600000,11428933,0,0,0
2025,Storm Drainage Relief System,91,Other GO CIP - Non-Debt,Milverton @ Palisade,,,5,1614050,1614050,0,0,0,0
2025,Stormwater Drainage Management,91,Other GO CIP - Non-Debt,Monte Carlo 1600 and 3400 block,,,4,929942,929942,0,0,0,0
2025,Stormwater Drainage Management,91,Other GO CIP - Non-Debt,N Central Expy SB 13339,2026,2027,11,0,642000,0,96300,545700,0
2025,Stormwater Drainage Management,92,Other GO CIP - Non-Debt,N. Winnetka Ave. @ McBroom Street Drainage Relief,2028,2028,6,0,307000,0,0,0,307000
2025,Stormwater Drainage Management,92,Other GO CIP - Debt,Nandina - Pine Trail Area,2025,2025,8,218229,1078057,859827,0,0,0
2025,Flood Management,92,2024 Bonds,North Davillia Dr Estates Channel Repair (3755 Clover Lane),2026,2026,6,0,79350,0,79350,0,0
2025,Stormwater Drainage Management,92,Other GO CIP - Debt,Northclif Drive 9804,2026,2028,9,124304,1624304,0,225000,0,1275000
2025,Stormwater Drainage Management,92,Other GO CIP - Non-Debt,Northcliff Drive 9804,2025,2025,9,0,490000,490000,0,0,0
2025,Stormwater Drainage Management,92,Other GO CIP - Debt,Northwest Highway @ Tulane,2025,2028,13,0,8700025,2550000,759750,87975,5302300
2025,Erosion Control,92,2024 Bonds,Nutwood Cir. 6402,2025,2027,12,0,201251,30188,0,171063,0
2025,Flood Management,92,2024 Bonds,Oak Haven Lane 8602,2027,2028,8,0,238050,0,0,31050,207000
2025,Stormwater Drainage Management,92,Other GO CIP - Non-Debt,Ohio W. 412 416,2025,2025,4,1000,23375,22375,0,0,0
2025,Erosion Control,92,2024 Bonds,Outfall at Compton 1203/1205,2025,2027,4,0,483000,72450,0,410550,0
2025,Stormwater Drainage Management,92,Other GO CIP - Non-Debt,Pandora Circle 13344,2025,2025,9,79990,346990,267000,0,0,0
2025,Erosion Control,92,2017 Bonds,Parkdale Bridge - White Rock Creek Tributary,2025,2025,7,0,45180,45180,0,0,0
2025,Stormwater Drainage Management,92,Other GO CIP - Non-Debt,Parkhurst - Brookhurst (Lake Highlands Baptist) Relief System,2027,2028,9,0,4122000,0,0,494640,3627360
2025,Stormwater Drainage Management,92,Other GO CIP - Debt,Parrish Branch Culvert @ Wheatland Rd,2025,2025,4,41,0,-41,0,0,0
2025,Stormwater Drainage Management,93,Other GO CIP - Non-Debt,Parrish Branch Culvert @ Wheatland Rd.,2025,2025,8,114036,562536,448500,0,0,0
2025,Stormwater Drainage Management,93,Other GO CIP - Non-Debt,Peaks Branch Upper Basin Relief System (RL Area 13),2028,2028,Citywide,0,10000000,0,0,0,10000000
2025,Stormwater Drainage Management,93,Other GO CIP - Non-Debt,Pensive Drive Channel/ Walnut Hill Relief System,2025,2025,6,1116947,12828182,11711235,0,0,0
2025,Stormwater Drainage Management,93,Other GO CIP - Non-Debt,Plano Pky. 8800,2026,2028,10,0,956000,0,143400,0,812600
2025,Stormwater Drainage Management,93,Other GO CIP - Non-Debt,Planters Glen 12542,2026,2028,13,0,57222000,0,3000000,10000000,44222000
2025,Stormwater Drainage Management,93,Other GO CIP - Non-Debt,Pleasant Branch Tonawanda to Bruton,2025,2025,5,0,4686151,4686151,0,0,0
2025,Stormwater Drainage Management,93,Other GO CIP - Debt,Plymouth Road Drainage Relief (Avon to Bahama),2025,2026,1,112416,576832,112416,352000,0,0
2025,Stormwater Drainage Management,93,Other GO CIP - Non-Debt,Polk Street 3425 (RL Area 38),2025,2025,4,0,1100000,1100000,0,0,0
2025,Flood Management,93,2017 Bonds,Prairie Creek Channel & Bridge Improvement @ 175,2025,2025,5,85817,701178,615361,0,0,0
2025,Stormwater Drainage Management,93,Other GO CIP - Debt,Prairie Oak Drive 9321 (RL Area 33),2025,2025,5,1044232,1038154,-6078,0,0,0
2025,Stormwater Drainage Management,93,Other GO CIP - Debt,Pratt St @ Mayrant Dr. Erosion Control,2025,2025,1,75901,459802,383901,0,0,0
2025,Stormwater Drainage Management,93,Other GO CIP - Non-Debt,Pressure Sewer,2025,2026,Citywide,0,8000000,5000000,3000000,0,0
2025,Stormwater Drainage Management,94,Other GO CIP - Non-Debt,Preston Bend Drive 17110,2025,2025,12,95948,653148,557200,0,0,0
2025,Stormwater Drainage Management,94,Other GO CIP - Non-Debt,Preston Creek 6144,2026,2028,11,0,835000,0,112500,0,722500
2025,Stormwater Drainage Management,94,Other GO CIP - Non-Debt,Preston Creek Place 6166,2027,2028,11,0,174000,0,0,26100,147900
2025,Flood Management,94,2017 Bonds,Preston Hollow Channel Phases 1& 2 Desco,2025,2025,13,208076,2141696,1933620,0,0,0
2025,Stormwater Drainage Management,94,Other GO CIP - Non-Debt,Private Creek Assistance,2025,2028,Citywide,0,250000,50000,50000,50000,100000
2025,Flood Management,94,2024 Bonds,Pruitt Branch @ C F Hawn,2027,2028,58,0,661250,0,0,86250,575000
2025,Stormwater Drainage Management,94,Other GO CIP - Debt,Public Erosion control,2025,2028,Citywide,0,856397,281972,0,46575,527850
2025,Erosion Control,94,2024 Bonds,Ravinia S. 3338,2025,2027,3,0,503125,75469,0,427656,0
2025,Stormwater Drainage Management,94,Other GO CIP - Debt,Ravinia South 123,2025,2028,1,0,1122275,37500,212500,70725,801550
2025,Stormwater Drainage Management,94,Other GO CIP - Non-Debt,Red Bird Branch Culvert @ Red Bird Lane,2025,2025,3,341951,1178448,836497,0,0,0
2025,Flood Management,94,2024 Bonds,Reinhart Branch Flood Management Study Update,2026,2026,9,0,230000,0,230000,0,0
2025,Stormwater Drainage Management,94,Other GO CIP - Non-Debt,Repetitive Loss Properties,2026,2028,Citywide,0,1900000,0,1000000,150000,750000
2025,Stormwater Drainage Management,94,Other GO CIP - Debt,Rexford Dr @ Shorecrest Dr,2025,2025,12,409475,815250,405775,0,0,0
2025,Stormwater Drainage Management,94,Other GO CIP - Debt,Roof & HVAC Replacements,2025,2028,Citywide,0,2665755,1065755,750000,200000,650000
2025,Stormwater Drainage Management,95,Other GO CIP - Debt,Royal Lane 3162 (RL Area 7),2025,2025,13,45466,459796,414330,0,0,0
2025,Stormwater Drainage Management,95,Other GO CIP - Debt,Royal Lane 7012,2025,2025,13,1658995,2596450,937455,0,0,0
2025,Storm Drainage Relief System,95,2024 Bonds,Royal Spring 10510 Storm Drainage Relief,2027,2028,13,0,123575,0,0,18536,105039
2025,Stormwater Drainage Management,95,Other GO CIP - Non-Debt,Sage Valley - Wisteria Area,2026,2028,3,0,701000,0,105150,0,595850
2025,Stormwater Drainage Management,95,Other GO CIP - Debt,Sanford Ave Relief System (Little Forest Hill) (TWM000073),2025,2025,9,98208,99149,941,0,0,0
2025,Storm Drainage Relief System,95,2024 Bonds,Sanford Ave Relief System (Little Forest Hill) Phase 2,2026,2028,9,0,2300000,0,345000,0,1955000
2025,Erosion Control,95,2024 Bonds,Sheldon Ave 3303 (Fire Station 26),2025,2027,1,0,805000,120750,0,684250,0
2025,Stormwater Drainage Management,95,Other GO CIP - Non-Debt,Sinclair 10514,2025,2025,9,31196,162196,131000,0,0,0
2025,Stormwater Drainage Management,95,Other GO CIP - Non-Debt,Slaughter Branch Culvert Improvement @ NW Hwy,2026,2028,13,0,701000,0,105150,0,595850
2025,Stormwater Drainage Management,95,Other GO CIP - Debt,Sonnet Drive Drainage Relief System,2025,2025,13,310949,3410949,3100000,0,0,0
2025,Stormwater Drainage Management,96,Other GO CIP - Non-Debt,South Lamar Ph. 2 - Pear Mooney Bannock Area,2025,2025,7,472518,4054518,3582000,0,0,0
2025,Stormwater Drainage Management,96,2024 Bonds,Southwood - Franklin (S) Area,2027,2028,3,0,2012500,0,0,301875,1710625
2025,Storm Drainage Relief System,96,2024 Bonds,Spring Grove 13300 Block,2026,2028,11,0,1733913,0,258750,0,1475163
2025,Stormwater Drainage Management,96,Other GO CIP - Non-Debt,Spring Valley Rd 8444,2026,2028,11,0,996000,0,149400,0,846600
2025,Erosion Control,96,2024 Bonds,Springhill Dr 2302 2310 2314 & 2320,2025,2027,2,0,1557674,233651,0,1324024,0
2025,Stormwater Drainage Management,96,Other GO CIP - Debt,State-Thomas - Flora/Boll to Fairmont,2025,2025,14,107850,987278,879428,0,0,0
2025,Storm Drainage Relief System,96,2006 Bonds,State-Thomas @ Woodall Rodgers,,,Citywide,2410657,2410657,0,0,0,0
2025,Stormwater Drainage Management,96,Other GO CIP - Debt,Storm Water Operations Facility,2025,2025,Citywide,11000000,23495170,12495170,0,0,0
2025,Stormwater Drainage Management,96,Other GO CIP - Debt,Stormwater Drainage Management- Reverchon,2027,2028,1,245624,616624,0,0,55650,315350
2025,Stormwater Drainage Management,96,Other GO CIP - Non-Debt,Summer Creek Circle 6145 6153 6155 6157,2025,2025,13,248325,1925925,1677600,0,0,0
2025,Stormwater Drainage Management,96,Other GO CIP - Non-Debt,Tamarack 1705,2026,2028,2,0,600000,0,90000,0,510000
2025,Erosion Control,96,2012 Bonds,Tamarack 1745 1739 1751,2025,2025,2,125416,187155,61739,0,0,0
2025,Erosion Control,96,2017 Bonds,Teakwood Elmridge Drainage Relief,,,11,931726,931726,0,0,0,0
2025,Stormwater Drainage Management,96,Other GO CIP - Non-Debt,Throckmorton- Reagan-Drainage Improvements,2025,2026,2,784091,9553018,5768927,3000000,0,0
2025,Stormwater Drainage Management,97,Other GO CIP - Non-Debt,Trammel Drive 6561,2025,2025,9,31176,162176,131000,0,0,0
2025,Erosion Control,97,2017 Bonds,Tree Shadow Trail 5910,2025,2025,12,204317,1794317,1590000,0,0,0
2025,Stormwater Drainage Management,97,Other GO CIP - Non-Debt,Trinity River - Lower East @ Bellevue Pressure Sewer,2027,2028,2,0,1600000,0,0,192000,1408000
2025,Stormwater Drainage Management,97,Other GO CIP - Non-Debt,Trinity River - Lower East @ RR / Courts Building,2027,2028,6,0,3000000,0,0,360000,2640000
2025,Stormwater Drainage Management,97,Other GO CIP - Non-Debt,Trinity River - Lower West @ Margaret Hunt Hill / Ron Kirk Pedestrian Bridge,2027,2028,6,0,5000000,0,0,600000,4400000
2025,Stormwater Drainage Management,97,Other GO CIP - Debt,Turtle Creek - Trib 1 Culvert,2025,2025,Citywide,0,206250,206250,0,0,0
2025,Stormwater Drainage Management,97,Other GO CIP - Non-Debt,Turtle Creek @ Bowen Area - Storm Drainage Relief,2025,2025,14,43828,320000,276172,0,0,0
2025,Stormwater Drainage Management,97,Other GO CIP - Non-Debt,Turtle Creek @ Hall,2028,2028,14,0,1164000,0,0,0,1164000
2025,Stormwater Drainage Management,97,Other GO CIP - Non-Debt,Turtle Creek @ Stonebridge,2028,2028,14,0,888000,0,0,0,888000
2025,Stormwater Drainage Management,97,Other GO CIP - Non-Debt,Twin Lakes Dredging,,,5,1790643,1790643,0,0,0,0
2025,Stormwater Drainage Management,97,Other GO CIP - Non-Debt,Tyler (S) - Berkley,2026,2028,1,0,1390000,0,208500,0,1181500
2025,Stormwater Drainage Management,97,Other GO CIP - Debt,University Hills (Houston School St) Bridge @ Ricketts Branc,,,3,115755,115755,0,0,0,0
2025,Stormwater Drainage Management,97,Other GO CIP - Non-Debt,University Hills (Houston School St) Bridge@ Ricketts Branch,2025,2025,3,6000,1000000,994000,0,0,0
2025,Stormwater Drainage Management,97,2006 Bonds,USACE Partnership Funds,,,Citywide,20739640,20739640,0,0,0,0
2025,Stormwater Drainage Management,98,Other GO CIP - Non-Debt,Van Buren (N) - Cedar Hill Area,2026,2028,1,0,1390000,0,208500,0,1181500
2025,Erosion Control,98,2017 Bonds,Versailles 3500,2025,2025,13,609990,2609990,2000000,0,0,0
2025,Storm Drainage Relief System,98,2024 Bonds,Weeburn 3677 Storm Drainage Relief,2027,2028,13,0,172500,0,0,25875,146625
2025,Stormwater Drainage Management,98,Other GO CIP - Non-Debt,Welch 11811,2028,2028,13,0,1538100,0,0,0,1538100
2025,Stormwater Drainage Management,98,2024 Bonds,Wentwood 7314,2027,2028,13,0,241500,0,0,36225,205275
2025,Stormwater Drainage Management,98,Other GO CIP - Non-Debt,West Dallas - Eagle Ford Sump Basin Phase 2,2028,2028,6,0,1390200,0,0,0,1390200
2025,Stormwater Drainage Management,98,Other GO CIP - Non-Debt,West Dallas - Frances Street Sump Basin,2028,2028,6,0,772100,0,0,0,772100
2025,Stormwater Drainage Management,98,Other GO CIP - Non-Debt,West Dallas - Trinity Portland Sump Basin,,,6,0,0,0,0,0,0
2025,Stormwater Drainage Management,98,Other GO CIP - Non-Debt,West Fork of Joes Creek Channel Repair - Brockbank Dr @ Channel Dr,2026,2028,6,0,1332000,0,199800,0,1132200
2025,Flood Management,98,2024 Bonds,White Rock Creek Floodplain Management Study Update,2026,2026,Citywide,0,1035000,0,1035000,0,0
2025,Storm Drainage Relief System,98,2024 Bonds,Whitehall 3870 Storm Drainage Relief,2027,2028,13,0,161000,0,0,24150,136850
2025,Stormwater Drainage Management,98,Other GO CIP - Debt,Williamson Branch FPMS Alt 2,2025,2025,4,2054100,8509951,6455851,0,0,0
2025,Stormwater Drainage Management,99,Other GO CIP - Non-Debt,Winslow-Henderson- Beeman Area Relief,2028,2028,27,0,4930200,0,0,0,4930200
2025,Erosion Control,99,2024 Bonds,Wixom Lane 835,2025,2027,8,0,201251,30188,0,171063,0
2025,Stormwater Drainage Management,99,Other GO CIP - Non-Debt,Woodlark Trail 306,2028,2028,3,0,1538100,0,0,0,1538100
2025,Stormwater Drainage Management,99,Other GO CIP - Debt,Woody Branch @ S Polk St,2025,2025,3,0,6445000,6445000,0,0,0
2025,Stormwater Drainage Management,99,Other GO CIP - Debt,Woody Branch Dam Rehabilitation,2025,2028,3,0,1356338,750000,0,49163,557175
2025,Erosion Control,99,2024 Bonds,Woody Branch Erosion Control- Glen Oaks & Hunters View Grp 2,2025,2027,4,0,807295,135008,0,672287,0
2025,Erosion Control,99,2024 Bonds,Woody Branch Erosion Control- Glen Oaks & Hunters View Grp 6,2025,2027,4,0,1292024,193803,0,1098221,0
2025,Stormwater Drainage Management,99,Other GO CIP - Non-Debt,Woody Branch Floodplain Management Study,2025,2025,Citywide,0,200000,200000,0,0,0
2025,Stormwater Drainage Management,99,Other GO CIP - Non-Debt,Wycliff Roadway and Drainage Improvements,2027,2028,2,150000,354000,0,0,30600,173400
2025,Stormwater Drainage Management,99,2024 Bonds,Yolanda Circle 5636,2027,2028,13,0,218500,0,0,32775,185725
2025,Stormwater Drainage Management,99,Other GO CIP - Non-Debt,Yosemite 6664,2026,2028,9,0,359000,0,53850,0,305150
2025,Major Maintenance,108,Other GO CIP - Debt,2017 Bond Reserves,2025,2025,Citywide,1092738,1150000,57262,0,0,0
2025,Park Land Acquisition,108,Other GO CIP - Non- Debt,5580 Peterson,2025,2025,Citywide,1464406,865727,-598679,0,0,0
2025,Site Development,108,2024 Bonds,Abrams Triangle Park - Monuments,2025,2025,14,0,60000,60000,0,0,0
2025,Erosion Control,108,2017 Bonds,Anderson Bonner - Creek Bank Stabilization,,,11,1281280,1281280,0,0,0,0
2025,Recreation Centers,108,2017 Bonds,Anita Martinez Recreation Center,,,7,141638,141638,0,0,0,0
2025,Playground Improvement,108,2024 Bonds,Apache Park - Playground (New),2028,2028,5,0,300000,0,0,0,300000
2025,Code Compliance Safety and Security,108,2024 Bonds,Arcadia Recreation Ctr- Inter Upgrades- Safety and Security,2025,2025,3,782,768670,767888,0,0,0
2025,Playground Improvement,108,2024 Bonds,Arden Terrace Park - Playground Replacement,2028,2028,8,0,300000,0,0,0,300000
2025,Playground Improvement,108,2024 Bonds,Arlington Park - Playground Replacement,2025,2025,2,0,300000,300000,0,0,0
2025,Playground Improvement,108,2024 Bonds,Bachman Lake - Playground Replacement,2027,2028,6,0,750000,0,0,75000,675000
2025,Site Development,109,2024 Bonds,Bachman Lake Park - Shade Structure and PIP Surfacing,2025,2026,6,0,750000,75000,675000,0,0
2025,Hike and Bike Trails,109,2024 Bonds,Bachman Lake Trail - Trail Connectivity,2026,2026,6,0,250000,0,250000,0,0
2025,Aquatic Facilities,109,2024 Bonds,Bachman Parking Lot (Aquatics Skate Park),2025,2025,6,0,1500000,1500000,0,0,0
2025,Recreation Centers,109,2024 Bonds,Bachman Recreation Center - Auditorium Renovations,2026,2027,6,0,1500000,0,200000,1300000,0
2025,Playground Improvement,109,2024 Bonds,Barry H. Barker Park - Playground Replacement,2028,2028,12,0,300000,0,0,0,300000
2025,Playground Improvement,109,2024 Bonds,Bel Aire Park - Playground Replacement,2028,2028,9,0,200000,0,0,0,200000
2025,Park Land Acquisition,109,Other GO CIP - Non- Debt,Belo Garden land/ devel,2025,2026,Citywide,468805,468805,-468805,468805,0,0
2025,Site Development,109,2024 Bonds,Benito Jaurez Parque De Heroes - Park Furnishings Pkg,2025,2025,6,0,25000,25000,0,0,0
2025,Playground Improvement,109,2024 Bonds,Bent Tree Meadow Park - Playground Replacement,2025,2025,12,0,300000,300000,0,0,0
2025,Playground Improvement,109,2017 Bonds,Bent Tree Meadow Park Playground,2025,2025,12,59056,250000,190944,0,0,0
2025,Site Development,109,2024 Bonds,Bickers Park - Park Furnishings Package,2025,2025,6,0,45000,45000,0,0,0
2025,Hike and Bike Trails,109,2024 Bonds,Big Cedar Wilderness - Implementation,2027,2028,3,0,1500000,0,0,197000,1303000
2025,Playground Improvement,109,2024 Bonds,Bitter Creek Park - Playground Replacement,2028,2028,5,0,300000,0,0,0,300000
2025,Hike and Bike Trails,110,2024 Bonds,Bitter Creek Park Trail,2027,2028,5,0,700000,0,0,100000,600000
2025,Fair Park,110,Other Park Recreation,Brimer Unit Music Hall,2025,2025,7,192438,769438,577000,0,0,0
2025,Community Parks,110,2017 Bonds,Brownwood Park - Soccer Field,2025,2025,6,50604,297299,246695,0,0,0
2025,Recreation Centers,110,2024 Bonds,Buckner Forney Rec Ctr (New),2025,2025,7,0,1000000,1000000,0,0,0
2025,Site Development,110,2024 Bonds,Bushman Park - Site Development,2025,2025,4,0,20000,20000,0,0,0
2025,Site Development,110,2024 Bonds,Bushmills - Park Site Improvements,2025,2025,10,0,300000,300000,0,0,0
2025,Site Development,110,2017 Bonds,Cadillac Heights Park,2025,2025,4,1247638,1224057,-23581,0,0,0
2025,Playground Improvement,110,2024 Bonds,Campbell Green Park - Playground Replacement (Large),,,12,0,0,0,0,0,0
2025,Code Compliance Safety and Security,110,2024 Bonds,Campbell Green Rec Ctr- Inter Upgrades- Safety and Security,2025,2025,12,0,574700,574700,0,0,0
2025,Recreation Centers,110,2024 Bonds,Campbell Green Recreation Ctr - Mjr Renovation/ Replacement,,,12,0,0,0,0,0,0
2025,Playground Improvement,110,2024 Bonds,Casa View Park - Playground Replacement,2025,2025,9,0,200000,200000,0,0,0
2025,Site Development,110,2024 Bonds,Cedar Crest Golf Course - Facility Improvements,2026,2028,4,0,1000000,0,250000,0,750000
2025,Playground Improvement,110,2024 Bonds,Cheyenne - Playground Replacement,2028,2028,5,0,200000,0,0,0,200000
2025,Hike and Bike Trails,110,2017 Bonds,Circuit Trail - The LOOP (Match),2025,2025,Citywide,10890938,19854125,8963187,0,0,0
2025,Site Development,111,2024 Bonds,City (Pauper's) Cemetary - Sign Design,2025,2025,6,0,10000,10000,0,0,0
2025,Major Park Facilities,111,2024 Bonds,City Park - Blum House (CD2),2026,2028,2,0,500000,0,100000,0,400000
2025,Site Development,111,2024 Bonds,City Park - Site Development,2026,2028,2,0,273993,0,54799,0,219194
2025,Site Development,111,2024 Bonds,City Park - Site Development (CD2),2026,2028,2,0,1000000,0,200000,0,800000
2025,Site Development,111,2024 Bonds,City Park - Site Development (Mayor),2026,2028,2,0,1000000,0,200000,0,800000
2025,Neighborhood Park Facilities,111,Other GO CIP - Non- Debt,City Park,2025,2025,2,181662,0,-181662,0,0,0
2025,Playground Improvement,111,2024 Bonds,Cochran Park - Playground Replacement,2027,2027,14,0,300000,0,0,300000,0
2025,Playground Improvement,111,2024 Bonds,Cole Park - Playground Replacement,2027,2027,14,0,300000,0,0,300000,0
2025,Aquatic Facilities,111,2024 Bonds,Community Pools (TBD) (CD8 Prj),2025,2028,8,0,1000000,200000,0,0,800000
2025,Playground Improvement,111,2024 Bonds,Cotillion Park - Playground Replacement,2028,2028,9,0,300000,0,0,0,300000
2025,Fair Park,111,Other GO CIP - Non- Debt,Cotton Bowl- 5234,2025,2027,Citywide,12865674,16280657,-429664,2000000,1844647,0
2025,Fair Park,111,Other Park Recreation,Cotton Bowl Renovation,2025,2025,7,41526214,42102317,576103,0,0,0
2025,Hike and Bike Trails,111,2024 Bonds,Cottonbelt Trail - Trailhead Development,2026,2028,12,0,1000000,0,200000,0,800000
2025,Playground Improvement,111,2024 Bonds,Cottonwood Park - Playground Replacement,2025,2025,11,0,300000,300000,0,0,0
2025,Site Development,112,2024 Bonds,Craddock Park - Shade Structure,2025,2025,14,0,20000,20000,0,0,0
2025,Studies and Master Plans,112,2024 Bonds,Crawford Memorial Park - Master Plan Implementation Ph II,2025,2028,5,0,9000000,1800000,0,0,7200000
2025,Playground Improvement,112,2024 Bonds,Crestline Park - Playground Replacement,2027,2027,13,0,300000,0,0,300000,0
2025,Playground Improvement,112,2024 Bonds,Cummings Park - Playground Replacement,2025,2025,4,0,300000,300000,0,0,0
2025,Aquatic Facilities,112,2024 Bonds,D5 Sprayground (New) (CD5 Prj),2028,2028,5,0,3000000,0,0,0,3000000
2025,Playground Improvement,112,2024 Bonds,D7 (Park B) - Playground Replacement (TBD),2028,2028,7,0,300000,0,0,0,300000
2025,Dallas Arboretum,112,2024 Bonds,Dallas Arboretum - Upgrades Multiple Buildings,2028,2028,Citywide,0,4000000,0,0,0,4000000
2025,Hike and Bike Trails,112,2024 Bonds,Dallas Cultural Trail - Development,2028,2028,2,0,250000,0,0,0,250000
2025,Park Land Acquisition,112,2024 Bonds,Dallas International District - Land Acquisition,2025,2026,11,9486388,20000000,513612,10000000,0,0
2025,Major Park Facilities,112,2024 Bonds,Dallas Water Commons - Dvlpmnt; Recr Acc; SMART City CECAP,2028,2028,Citywide,0,3000000,0,0,0,3000000
2025,Site Development,112,2024 Bonds,Dallas Water Commons - Phase II Completion,2028,2028,2,0,250000,0,0,0,250000
2025,Dallas Zoo,112,2024 Bonds,Dallas Zoo - Safari Trail Habitat and Security Enhancements,2026,2028,4,0,26500000,0,8000000,10500000,8000000
2025,Dallas Zoo,112,2024 Bonds,Dallas Zoo (CD4),2027,2027,4,0,500000,0,0,500000,0
2025,Site Development,113,2024 Bonds,Dallas Zoo (Mayor) - Site Development,2026,2027,4,0,3000000,0,2600000,400000,0
2025,Site Development,113,Other GO CIP - Non- Debt,Dickerson Street,2025,2025,12,9077777,9068614,-9163,0,0,0
2025,Site Development,113,Other GO CIP - Non- Debt,Downtown Park Development,2025,2025,Citywide,4933729,5259409,325680,0,0,0
2025,Playground Improvement,113,2024 Bonds,Elmwood Parkway - Playground Enhancements,2028,2028,1,0,125000,0,0,0,125000
2025,Code Compliance Safety and Security,113,2024 Bonds,Eloise Lundy Rec Cntr – Inter Upgrds Safety and Security,2025,2025,4,0,1360431,1360431,0,0,0
2025,Playground Improvement,113,2024 Bonds,Emerald Lake Park - Playground Replacement,2028,2028,3,0,300000,0,0,0,300000
2025,Playground Improvement,113,2024 Bonds,Emma Carter Park - Playground Rplcmt Shade Structure,2027,2027,6,0,351500,0,0,351500,0
2025,Playground Improvement,113,2024 Bonds,Everglade Park - Playground Replacement,2025,2025,7,0,750000,750000,0,0,0
2025,Playground Improvement,113,2024 Bonds,Exall Park - Playground,2027,2028,14,0,300000,0,0,30000,270000
2025,Aquatic Facilities,113,2024 Bonds,Exall Park Rec Cntr - Demo (New); Splash Pad Sr Ctr,2025,2028,14,0,17660000,3532000,0,0,14128000
2025,Fair Park,113,2024 Bonds,Fair Park - AAM; MH Tx DG; C Aq; Public Safety Prkng Impr,2026,2028,7,0,5000000,0,500000,1390000,3110000
2025,Fair Park,113,Other GO CIP - Debt,Fair Park,,,7,31426620,31426620,0,0,0,0
2025,Fair Park,113,Reserve Fund,Fair Park Capital Reserves,2025,2025,Citywide,9320586,12672771,3352185,0,0,0
2025,Fair Park,113,Other GO CIP - Non- Debt,Fair Park Improvement Fund- 6497,2025,2027,7,6560284,5714338,-957325,65504,45875,0
2025,Fair Park,114,Other GO CIP - Debt,Fair Park Improvements,2025,2025,7,55525331,58573380,3048049,0,0,0
2025,Site Development,114,2017 Bonds,Fair Park Improvements (C) Reserves,2025,2025,Citywide,625782,2203803,1578021,0,0,0
2025,Fair Park,114,Other Park Recreation,Fair Park Revenue Bonds Series 2023,2025,2025,Citywide,380297,0,-380297,0,0,0
2025,Aquatic Facilities,114,Other GO CIP - Non- Debt,Ferris Plaza Fountain- P627,2025,2026,10,94431,94431,-94431,94431,0,0
2025,Hike and Bike Trails,114,2024 Bonds,Five Mile Creek Greenbelt Master Plan Impl Kessler Plan,2028,2028,3 4,0,7000000,0,0,0,7000000
2025,Site Development,114,2017 Bonds,Forest Audelia Park and Site Development,2025,2025,10,348193,371019,22826,0,0,0
2025,Recreation Centers,114,2024 Bonds,Forest/Audelia - Phase III – First Second Floor of N Wing,2026,2028,10,0,15000000,0,1000000,0,14000000
2025,Recreation Centers,114,Other GO CIP - Non- Debt,Forest/Audelia Center,2025,2025,10,1416855,5657187,4240332,0,0,0
2025,Hike and Bike Trails,114,2024 Bonds,Fox Creek Tr - Mountain Creek Pkwy to FM 1382,,,3,0,0,0,0,0,0
2025,Playground Improvement,114,2024 Bonds,Frances Rizo Park - Add Shade Structure,2026,2026,6,0,60000,0,60000,0,0
2025,Administrative and Internal Service Facilities,114,2024 Bonds,Frances Rizo Park - Half Basketball Court Benches Grills,2026,2026,6,0,63000,0,63000,0,0
2025,Playground Improvement,114,2017 Bonds,Frances Rizo Park - Playground replacement ADA drinking fountain,2025,2025,6,29499,324813,295314,0,0,0
2025,Code Compliance Safety and Security,114,2024 Bonds,Frances Rizo Park- Security Lighting,2026,2026,6,0,137000,0,137000,0,0
2025,Playground Improvement,115,2024 Bonds,Frankford Park - Playground Replacement,2025,2025,12,0,300000,300000,0,0,0
2025,Site Development,115,2024 Bonds,Fruitdale Park - Site Development,2027,2027,4,0,30000,0,0,30000,0
2025,Playground Improvement,115,2024 Bonds,Gateway Park - Playground Replacement,2027,2028,5,0,300000,0,0,30000,270000
2025,Site Development,115,2024 Bonds,Gateway Park- Parking Area and Entrance,2025,2025,5,0,550000,550000,0,0,0
2025,Site Development,115,2024 Bonds,Glendale Park - Dvlopmnt Plan Phase I; Phase II,2025,2027,3,480734,9000000,1319266,0,7200000,0
2025,Site Development,115,2024 Bonds,Glendale Park (CD3) -Land Acq and Site Development,2025,2025,3,0,50000,50000,0,0,0
2025,Site Development,115,2024 Bonds,Glendale Park (CD3)- Site Development,2025,2027,3,0,1000000,200000,0,800000,0
2025,Site Development,115,2024 Bonds,Guard Park - Parking Lot,2026,2026,5,0,300000,0,300000,0,0
2025,Playground Improvement,115,2024 Bonds,Guard Park - Playground Shade Structure,2025,2026,5,0,400000,80000,320000,0,0
2025,Administrative and Internal Service Facilities,115,2024 Bonds,Hamilton Park - Tennis Court Repairs,2026,2026,10,0,75000,0,75000,0,0
2025,Administrative and Internal Service Facilities,115,2024 Bonds,Harry S. Moss Park - Pavilion,2027,2027,10,0,425000,0,0,425000,0
2025,Code Compliance Safety and Security,115,2024 Bonds,Hattie R. Moore Park - Park Furnishings Pckg,2025,2025,6,0,48000,48000,0,0,0
2025,Site Development,115,2024 Bonds,Hattie R. Moore Park,2025,2025,6,0,45000,45000,0,0,0
2025,Recreation Centers,116,2024 Bonds,Hattie R. Moore Park- Anita Martinez Rec Ctr - HVAC Rplcmnt,2026,2026,6,0,1500000,0,1500000,0,0
2025,Site Development,116,2024 Bonds,Helen C. Emory Park - Park Furnishings Pckg,2027,2027,6,0,42000,0,0,42000,0
2025,Playground Improvement,116,2024 Bonds,Helen C. Emory Park - Playground Replacement,2027,2027,6,0,300000,0,0,300000,0
2025,Major Park Facilities,116,2024 Bonds,Helen C. Emory Park,2027,2027,6,0,48000,0,0,48000,0
2025,Playground Improvement,116,2024 Bonds,Herndon Park - Shade Structure Replacement,2027,2027,4,0,200000,0,0,200000,0
2025,Site Development,116,2024 Bonds,Herndon Park - Site Improvements,2025,2025,4,0,750000,750000,0,0,0
2025,Recreation Centers,116,2024 Bonds,Hiawatha Williams Rec Ctr - Fac Upgrds Mem. Art Dedication,2028,2028,4,0,80000,0,0,0,80000
2025,Aquatic Facilities,116,2024 Bonds,Jaycee Zaragoza Park - Comm Pool (Rpl). Add Pool Blg IT,2025,2027,6,0,4500000,900000,0,3600000,0
2025,Playground Improvement,116,2024 Bonds,Jaycee Zaragoza Park - Playground Replacement,2028,2028,6,0,1000000,0,0,0,1000000
2025,Site Development,116,2024 Bonds,Jaycee Zaragoza Park - Softball Field Renovations Fencing,2028,2028,6,0,335000,0,0,0,335000
2025,Recreation Centers,116,2024 Bonds,Jaycee Zaragoza Rec Ctr - Kitchen Sr Serving Area Rehab,2028,2028,6,0,120000,0,0,0,120000
2025,Code Compliance Safety and Security,116,2024 Bonds,John C. Phelps Rec Ctr- Inter Upgrades- Safety and Security,2025,2025,4,0,1154555,1154555,0,0,0
2025,Site Development,117,2024 Bonds,K.B. Polk Park - Add Paviolion,2027,2028,2,0,250000,0,0,50000,200000
2025,Recreation Centers,117,2024 Bonds,K.B. Polk Rec Ctr- Inter Upgrades- Safety and Security,2026,2026,2,0,1112792,0,1112792,0,0
2025,Recreation Centers,117,2024 Bonds,K.B. Polk Recreation Center - Community Garden,2025,2025,2,0,250000,250000,0,0,0
2025,Hike and Bike Trails,117,2024 Bonds,Katy Trail - Fairmount/Maple Entr (New); Knox to Harvard Trl,2025,2028,2 14,0,1000000,200000,0,0,800000
2025,Playground Improvement,117,2024 Bonds,Kidd Springs Park - Shade Structure,2027,2027,1,0,75000,0,0,75000,0
2025,Hike and Bike Trails,117,2024 Bonds,Kiest Conservation Area - Bridge Repair,2025,2025,4,0,30000,30000,0,0,0
2025,Playground Improvement,117,2024 Bonds,Kiest Park - Playground Replacement,2028,2028,4,0,750000,0,0,0,750000
2025,Code Compliance Safety and Security,117,2024 Bonds,Kiest Rec Ctr- Inter Upgrades- Safety and Security,2025,2025,4,0,1873306,1873306,0,0,0
2025,Playground Improvement,117,2024 Bonds,Kiowa Parkway - Playground Replacement,2026,2026,11,0,300000,0,300000,0,0
2025,Hike and Bike Trails,117,2024 Bonds,Kleberg Park Loop Trail Pavilion Amenities,2028,2028,8,0,1500000,0,0,0,1500000
2025,Hike and Bike Trails,117,Other GO CIP - Non- Debt,Kleberg Trail Ph1,2025,2025,5,0,1034454,1034454,0,0,0
2025,Hike and Bike Trails,117,Other GO CIP - Non- Debt,Klyde Warren Park - ILA,,,14,250000,250000,0,0,0,0
2025,Major Park Facilities,117,2024 Bonds,Klyde Warren Park - Phase II Implementation (Match),2025,2025,14,0,4500000,4500000,0,0,0
2025,Site Development,117,2024 Bonds,Klyde Warren Park - Site Development (CD14),2025,2025,14,0,1000000,1000000,0,0,0
2025,Site Development,118,2024 Bonds,Klyde Warren Park - Site Development (Mayor),2025,2025,14,0,1000000,1000000,0,0,0
2025,Site Development,118,2024 Bonds,Lakeland Hills Park - Skate Park (Redevelopment),2025,2027,7,0,1000000,200000,0,800000,0
2025,Park Land Acquisition,118,2017 Bonds,Land Acq for football complex in CD 5 [supplement CD funds],2025,2025,5,1038908,1200000,161092,0,0,0
2025,Aquatic Facilities,118,Other GO CIP - Non- Debt,Land Acquisition,2025,2027,Citywide,4330818,14281858,308589,4642451,5000000,0
2025,Park Land Acquisition,118,2017 Bonds,Land Acquisition and Partnership Match Funding,2025,2025,Citywide,1615298,2360259,744961,0,0,0
2025,Playground Improvement,118,2024 Bonds,Ledbetter Eagle Ford Park - Eqpt Replacement,2027,2027,6,0,150000,0,0,150000,0
2025,Recreation Centers,118,2024 Bonds,Marcus Park - Renovation (Major),2025,2026,13,0,4000000,800000,3200000,0,0
2025,Playground Improvement,118,2024 Bonds,Maria Luna Park - Playground Replacement,2027,2027,2,0,300000,0,0,300000,0
2025,Recreation Centers,118,2024 Bonds,Martin Luther King Jr. - Cmps Renv (Facilities Prp),2025,2027,7,0,9500000,1900000,0,7600000,0
2025,Recreation Centers,118,2024 Bonds,Martin Weiss Rec Cntr - Gym/Multi- Purpose/Entry Add (New),2025,2027,1,0,9000000,1800000,0,7200000,0
2025,Site Development,118,2024 Bonds,Match/Community Partner (CW),2028,2028,Citywide,0,1000000,0,0,0,1000000
2025,Playground Improvement,118,2024 Bonds,Match/DISD/Dallas College (CW),2026,2028,Citywide,0,4000000,0,1000000,0,3000000
2025,Playground Improvement,118,2024 Bonds,Match/Greening Czar Parks (CW),2028,2028,Citywide,0,1000000,0,0,0,1000000
2025,Site Development,118,2024 Bonds,Match/UNT Dallas Athletic Complex (CW),2028,2028,8,0,1000000,0,0,0,1000000
2025,Site Development,119,2024 Bonds,McCree Park - Site Improvements (CD10),2025,2028,10,0,500000,50000,0,0,450000
2025,Playground Improvement,119,2024 Bonds,Mildred L. Dunn Park - Shade Structure Over Playground (PIP),2027,2028,7,0,150000,0,0,30000,120000
2025,Playground Improvement,119,2024 Bonds,Mountain Valley Park - Playground Replacement,2027,2027,3,0,300000,0,0,300000,0
2025,Administrative and Internal Service Facilities,119,2024 Bonds,Multi-Use Facility – Pickleball - 12000 Grnvll Ave (D10 Prj),2027,2028,10,0,1300000,0,0,260000,1040000
2025,Site Development,119,2024 Bonds,Nash Davis Park - Soccer Pitch (New),2028,2028,6,0,450000,0,0,0,450000
2025,Fair Park,119,2017 Bonds,Natural History Museum HVAC,,,Citywide,463222,463222,0,0,0,0
2025,Site Development,119,2024 Bonds,New Park- Site Dvlpmnt (Fish Trap Rd Acr W Dallas MP Ctr),2028,2028,6,0,110000,0,0,0,110000
2025,Hike and Bike Trails,119,Other GO CIP - Non- Debt,Northaven Trail (75 to Hillcrest)- T241,2025,2026,13,1790358,1790358,-1680358,1680358,0,0
2025,Neighborhood Park Facilities,119,Other GO CIP - Non- Debt,Old City Park Maintenance Fund,2025,2025,2,29700,702000,672300,0,0,0
2025,Aquatic Facilities,119,2024 Bonds,Old East Dallas Splash Pad,,,2,70000,70000,0,0,0,0
2025,Playground Improvement,119,2024 Bonds,Orbiter Park - Playground (New),2025,2027,10,0,300000,30000,0,270000,0
2025,Site Development,119,2024 Bonds,Orbiter Park - Site Improvements,2026,2027,10,0,700000,0,150000,550000,0
2025,Playground Improvement,119,2024 Bonds,Overlake Park - Playground Replacement,2028,2028,6,0,300000,0,0,0,300000
2025,Playground Improvement,120,2024 Bonds,Pagewood Park - Playground (North End),2026,2026,11,0,300000,0,300000,0,0
2025,Site Development,120,2017 Bonds,Park and Recreation Facilities (B) Reserves,2025,2025,Citywide,924395,1532309,607914,0,0,0
2025,Site Development,120,2017 Bonds,Park and Recreation Facilities (B) Trail,2025,2025,Citywide,0,274845,274845,0,0,0
2025,Hike and Bike Trails,120,2024 Bonds,Parkdale Lake Trail- FPRK to Parkdale Lk/ Lawnview Prk (New),2026,2028,7,0,3000000,0,450000,0,2550000
2025,Site Development,120,2024 Bonds,Parkland Acquisition - Site Development,2028,2028,1,0,175000,0,0,0,175000
2025,Neighborhood Park Facilities,120,2017 Bonds,Paupers Cemetery,2025,2025,6,24918,75028,50110,0,0,0
2025,Playground Improvement,120,2024 Bonds,Peary Park - Playground Replacement,2026,2026,7,0,300000,0,300000,0,0
2025,Aquatic Facilities,120,2024 Bonds,Pleasant Oaks Comm Pool - (Rpl). Add Pool Blg IT,2025,2027,5,0,1000000,200000,0,800000,0
2025,Playground Improvement,120,2024 Bonds,Pointer Park - Playground (New),2028,2028,6,0,300000,0,0,0,300000
2025,Site Development,120,2024 Bonds,Preston Hollow Park - Pavilion (Renovate or Replace),2027,2027,13,0,125000,0,0,125000,0
2025,Playground Improvement,120,2024 Bonds,Preston Hollow Park - Playground Replacement,2028,2028,13,0,300000,0,0,0,300000
2025,Public Art,120,Other GO CIP - Non- Debt,Public Art Administration-Park,2025,2025,Citywide,414883,544298,129415,0,0,0
2025,Public Art,121,Other GO CIP - Non- Debt,Public Art Projects- Park,2025,2025,Citywide,2336533,2736076,399544,0,0,0
2025,Code Compliance Safety and Security,121,2024 Bonds,Pueblo Park (CD6) - Electrical Lighting,2027,2027,6,0,65000,0,0,65000,0
2025,Playground Improvement,121,2024 Bonds,Pueblo Park (CD6) - Fence Replacement,2027,2027,6,0,20000,0,0,20000,0
2025,Site Development,121,2024 Bonds,Pueblo Park (CD6) - Park Furnishings Pckg,2025,2025,6,0,48000,48000,0,0,0
2025,Hike and Bike Trails,121,2017 Bonds,R P Brooks Park - Loop Walking Trail,2025,2025,10,155014,302375,147362,0,0,0
2025,Hike and Bike Trails,121,2024 Bonds,R.P. Brooks Trail - Pedestrian Bridge,2025,2025,10,0,750000,750000,0,0,0
2025,Recreation Centers,121,Other Park Recreation,Recreation Program Trust,2025,2025,Citywide,24996,0,-24996,0,0,0
2025,Site Development,121,2006 Bonds,Reserve Citywide,2025,2025,Citywide,567712,509314,-58398,0,0,0
2025,Site Development,121,Other GO CIP - Non- Debt,Reverchon Park - Dallas Education Foundation,2025,2025,2,0,800000,800000,0,0,0
2025,Recreation Centers,121,2024 Bonds,Reverchon Rec Ctr- Inter Upgrades- Safety and Security,2026,2026,2,0,1296086,0,1296086,0,0
2025,Site Development,121,2024 Bonds,Roland G Parrish Park - Site Development,2027,2027,4,0,3110000,0,0,3110000,0
2025,Site Development,121,2024 Bonds,Roland G Parrish Park - Site Development Phase II,2026,2027,4,0,7000000,0,1264000,5736000,0
2025,Recreation Centers,121,Other GO CIP - Non- Debt,Roland Parrish Project Donation,,,3,1001000,1001000,0,0,0,0
2025,Site Development,122,2024 Bonds,Rosemeade Park - Site Development Phase I,2026,2026,12,0,4750000,0,4750000,0,0
2025,Administrative and Internal Service Facilities,122,2024 Bonds,Rosemeade Park - Youth Sports Complex,2026,2026,12,0,5000000,0,5000000,0,0
2025,Site Development,122,2024 Bonds,Royal Park - Tennis and Pickleball Court Renovation,2025,2025,13,0,325000,325000,0,0,0
2025,Playground Improvement,122,2024 Bonds,Ruthmeade Park - Playground Enhancements,2028,2028,1,0,125000,0,0,0,125000
2025,Hike and Bike Trails,122,2024 Bonds,Santa Fe Trail - Master Plan Development,2027,2027,2 9 14,0,250000,0,0,250000,0
2025,Hike and Bike Trails,122,2024 Bonds,Santa Fe Trail - Phase I,2026,2027,2 9 14,0,2000000,0,400000,1600000,0
2025,Site Development,122,2024 Bonds,Santos Rodriguez Comm Cnt – HSTR Utl Elv Prkg Lot Relc,2025,2027,2,0,5000000,1000000,0,4000000,0
2025,Recreation Centers,122,2024 Bonds,Santos Rodriguez Recreation Center - Improvements,2025,2027,2,0,1000000,200000,0,800000,0
2025,Aquatic Facilities,122,2024 Bonds,Singing Hills Recreation Center - Aquatics Upgrades,2025,2028,8,0,4000000,800000,0,0,3200000
2025,Site Development,122,2024 Bonds,Site Improvements - 12000 Greenville,2027,2028,10,0,500000,0,0,100000,400000
2025,Site Development,122,2024 Bonds,Skatepark with Lights (CD14 Prj),2028,2028,14,0,500000,0,0,0,500000
2025,Playground Improvement,122,2024 Bonds,Sleepy Hollow Park - Playground Replacement,2027,2027,2,0,300000,0,0,300000,0
2025,Playground Improvement,122,2024 Bonds,South Central Park - Playground Expansion,2028,2028,7,0,200000,0,0,0,200000
2025,Major Park Facilities,123,2024 Bonds,Southern Gateway - Deck Park Dvlpmnt Phase II,2026,2028,4,0,15000000,0,3000000,0,12000000
2025,Site Development,123,2024 Bonds,St. Augustine Park - Parking Lot,2025,2025,5,0,300000,300000,0,0,0
2025,Hike and Bike Trails,123,2024 Bonds,St. Augustine Park Trail (New),2025,2025,5,0,500000,500000,0,0,0
2025,Playground Improvement,123,2024 Bonds,Stafford Park - Playground Replacement,2025,2025,6,0,300000,300000,0,0,0
2025,Site Development,123,2024 Bonds,Stafford Park - Sign ID,2025,2025,6,0,6500,6500,0,0,0
2025,Playground Improvement,123,2024 Bonds,Stafford Park Playground,,,6,0,0,0,0,0,0
2025,Playground Improvement,123,2024 Bonds,Stevens Park - Playground Replacement,2026,2026,1,0,300000,0,300000,0,0
2025,Playground Improvement,123,2024 Bonds,Tama Park - Equipment Repair,2026,2026,4,0,20000,0,20000,0,0
2025,Site Development,123,2024 Bonds,Taylor Fields - Athletic Field Development,2025,2028,2,0,2430000,430000,0,0,2000000
2025,Site Development,123,2024 Bonds,The Bottom District Park (501 Sparks) - Site Dvlpmnt,2025,2025,4,0,80000,80000,0,0,0
2025,Site Development,123,2024 Bonds,Thurgood Marshall Park - Site Development,2025,2025,3,0,1000000,1000000,0,0,0
2025,Playground Improvement,123,2024 Bonds,Tietze Park - Playground Replacement,2026,2027,14,0,300000,0,30000,270000,0
2025,Playground Improvement,123,2024 Bonds,Timberglen Park - Playground Replacement,2028,2028,12,0,300000,0,0,0,300000
2025,Hike and Bike Trails,123,2017 Bonds,Timberglen Trail - supplemental funding,2025,2025,12,5813,496250,490437,0,0,0
2025,Code Compliance Safety and Security,124,2024 Bonds,Tipton Park - Security Cameras,2028,2028,6,0,45000,0,0,0,45000
2025,Hike and Bike Trails,124,2024 Bonds,Tipton Park/Bernal Creek (CD6) - Connecting Walkways,2027,2027,6,0,41000,0,0,41000,0
2025,Site Development,124,2024 Bonds,Tipton Park/Bernal Creek (CD6) - Park Furnishings Pckg,2027,2027,6,0,60000,0,0,60000,0
2025,Code Compliance Safety and Security,124,2024 Bonds,Tommie M. Allen Rec Ctr- Inter Upgrades- Safety and Security,2025,2025,8,0,862084,862084,0,0,0
2025,Fair Park,124,2017 Bonds,Tower Building Mural Restoration Grant Match,2025,2025,Citywide,0,750000,750000,0,0,0
2025,Hike and Bike Trails,124,2024 Bonds,Trail Connectivity and Park Site Dvlpmnt,2027,2027,2,0,500000,0,0,500000,0
2025,Hike and Bike Trails,124,Other GO CIP - Non- Debt,Trail Development,2025,2025,Citywide,285338,210619,-74718,0,0,0
2025,Hike and Bike Trails,124,Other GO CIP - Non- Debt,Trinity Forest Spine Trl Ph1,2025,2025,27,0,2867844,2867844,0,0,0
2025,Site Development,124,2024 Bonds,Trinity River Audubon Center - Master Plan Imprvmnts,2027,2028,8,0,3000000,0,0,600000,2400000
2025,Recreation Centers,124,2024 Bonds,Trinity River Audubon Cntr - Inter Strt Remodel Ext Ex Rmdl,2027,2028,8,0,1500000,0,0,300000,1200000
2025,Site Development,124,0,Trinity Strand Hi- Line Connector Bridge,,,6,0,0,0,0,0,0
2025,Hike and Bike Trails,124,2024 Bonds,Turtle Creek Park Trl - Con Katy Trl; Ntr Tls; AH Rf; ErCtrl,2027,2028,14,0,1500000,0,0,300000,1200000
2025,Erosion Control,124,2024 Bonds,Turtle Creek Parkway - Dredging/Erosion Control,2027,2028,14,0,1000000,0,0,200000,800000
2025,Aquatic Facilities,125,2024 Bonds,Vickery Meadow - Sprygrnd (New); Pavln Vick Mdw (Fair Oaks),2026,2027,13,0,3500000,0,550000,2950000,0
2025,Playground Improvement,125,2024 Bonds,Walnut Hill Park - Playground Replacement,2028,2028,13,0,300000,0,0,0,300000
2025,Playground Improvement,125,2024 Bonds,West Trinity Heights Park - Playground,2028,2028,4,0,300000,0,0,0,300000
2025,Site Development,125,2024 Bonds,Westmoreland Park - Skatepark (Pivt Match),2025,2025,1,0,1000000,1000000,0,0,0
2025,Site Development,125,2024 Bonds,Wheatland Park - Develop Football Complex,2025,2026,8,3691,1000000,196309,800000,0,0
2025,Hike and Bike Trails,125,2024 Bonds,White Rock Crk Trl - Walnut Hill (Lk Hghlnds Trl Con) NW Hwy,2025,2027,10,0,7000000,1400000,0,5600000,0
2025,Recreation Centers,125,2024 Bonds,White Rock Hills Rec Ctr Dev,2025,2026,2,0,500000,100000,400000,0,0
2025,Recreation Centers,125,2024 Bonds,White Rock Hills Recreation Center,2025,2026,2,682,17660000,3531318,14128000,0,0
2025,Environmental,125,2024 Bonds,White Rock Lake - Dredging (Corps),2025,2028,9,0,20000000,3000000,2000000,0,15000000
2025,Playground Improvement,125,2024 Bonds,White Rock Lake - Playground Replacements (WRL; Winsted),2025,2026,9,0,300000,30000,270000,0,0
2025,Aquatic Facilities,125,Other GO CIP - Non- Debt,WHITE ROCK LAKE CONSERVANCY- P900,2025,2026,9,113955,113955,-113955,113955,0,0
2025,Hike and Bike Trails,125,2024 Bonds,White Rock Lake Trail - E Lawther - Rcnstrct; Expnd Width,2025,2028,9,0,2500000,500000,0,0,2000000
2025,Playground Improvement,125,2024 Bonds,William Blair Jr. Park - Playground Replacement,2026,2028,7,0,300000,0,30000,0,270000
2025,Site Development,126,2024 Bonds,Willis C. Winters Park - Flag Pole,2026,2026,14,0,20000,0,20000,0,0
2025,Playground Improvement,126,2024 Bonds,Willis C. Winters Park - Playground Replacement,2026,2026,14,0,300000,0,300000,0,0
2025,Site Development,126,2024 Bonds,Willis Winters Park DISD Cool School Match,2026,2026,14,0,1000000,0,1000000,0,0
2025,Administrative and Internal Service Facilities,126,Other GO CIP - Non- Debt,Winfrey Point Renovations Match,2025,2025,9,151250,0,-151250,0,0,0
2025,Neighborhood Park Facilities,126,Other Park Recreation,WRL Boathouse,2025,2025,9,375717,645236,269519,0,0,0
2025,Fleet/ Equipment Replacement,129,Sanitation Capital Program,Collection Equipment Purchase,2025,2025,Citywide,5744156,5744556,400,0,0,0
2025,Solid Waste Facilities,129,Sanitation Capital Program,Collection Service Facility Improvement,2025,2025,Citywide,0,1200000,1200000,0,0,0
2025,Solid Waste Facilities,129,Sanitation Capital Program,Construction of the Swale and Wetlands per the 404 Permit,2025,2025,Citywide,0,3089775,3089775,0,0,0
2025,Fleet/ Equipment Replacement,129,Sanitation Capital Program,FY24-26 Landfill Equipment Purchase,2025,2026,Citywide,6115167,11000000,884833,4000000,0,0
2025,Fleet/ Equipment Replacement,129,Sanitation Capital Program,FY26-27 Landfill Equipment Purchase,2027,2027,Citywide,0,4500000,0,0,4500000,0
2025,Fleet/ Equipment Replacement,129,Sanitation Capital Program,FY27-28 Landfill Equipment Purchase,2028,2028,Citywide,0,5000000,0,0,0,5000000
2025,Fleet/ Equipment Replacement,129,Sanitation Capital Program,FY28-29 Landfill Equipment Purchase,2028,2028,Citywide,0,5500000,0,0,0,5500000
2025,Fleet/ Equipment Replacement,129,Sanitation Capital Program,FY29-30 Landfill Equipment Purchase,2028,2028,Citywide,0,6000000,0,0,0,6000000
2025,Solid Waste Facilities,129,Sanitation Capital Program,Landfill Levee & Road Repair,2025,2025,Citywide,0,900000,900000,0,0,0
2025,Solid Waste Facilities,129,Sanitation Capital Program,McCommas Bluff Landfill - Cell #7A & #7B Design and Constr,2025,2025,Citywide,14521629,15000000,478371,0,0,0
2025,Solid Waste Facilities,130,Sanitation Capital Program,New Scale House,2025,2025,Citywide,0,1200000,1200000,0,0,0
2025,Fleet/ Equipment Replacement,130,Sanitation Capital Program,On-Board Camera for MRMP,2025,2025,Citywide,1572971,2918854,1345883,0,0,0
2025,Solid Waste Facilities,130,Sanitation Capital Program,Other Sanitation Projects,2025,2028,Citywide,0,14155816,9155816,1000000,1000000,3000000
2025,Fleet/ Equipment Replacement,130,Other GO CIP - Debt,SAN Fleet- Equipment Replacement,2025,2028,Citywide,9979737,80000000,20263,12000000,13000000,45000000
2025,Solid Waste Facilities,130,Sanitation Capital Program,SAN HQ Admin Office,2025,2025,Citywide,0,750000,750000,0,0,0
2025,Fleet/ Equipment Replacement,130,Sanitation Capital Program,Sanitation Fleet,2025,2025,Citywide,5033190,5251849,218659,0,0,0
2025,Solid Waste Facilities,130,Sanitation Capital Program,Transfer Stations,2025,2025,Citywide,0,1450000,1450000,0,0,0
2025,Street Resurfacing,137,2024 Bonds,100 S Pearl Expy,,,14,0,0,0,0,0,0
2025,Street Petitions,137,2024 Bonds,1000 Centre St,2026,2027,1,0,166370,0,24956,141415,0
2025,Street Petitions,137,2024 Bonds,1000 Forester Dr,2026,2028,4,0,357303,0,53595,0,303708
2025,Street Resurfacing,137,2024 Bonds,10000 Spokane Cir,2026,2026,13,0,192491,0,192491,0,0
2025,Street Resurfacing,137,2024 Bonds,10000 Tim Tam Cir,2026,2026,13,0,182126,0,182126,0,0
2025,Street Resurfacing,137,2024 Bonds,10000 Venetian Way,2026,2026,13,0,338850,0,338850,0,0
2025,Street Resurfacing,137,2024 Bonds,1000-1100 N Windomere Ave,2026,2026,1,0,592744,0,592744,0,0
2025,Alley Petitions,137,2024 Bonds,10007-10211 Lake Gardens Dr & 992-998 N Rustic Cir (A04131),2025,2026,9,0,551620,82391,469229,0,0
2025,Alley Petitions,137,2024 Bonds,100-128 N Clinton Ave & 103-131 N Winnetka Ave (A01563),2026,2027,1,0,220883,0,33132,187751,0
2025,Street Resurfacing,137,2024 Bonds,100-200 Konawa Dr,2026,2026,8,0,62377,0,62377,0,0
2025,Street Reconstruction,137,2024 Bonds,100-200 N Cliff St,2026,2028,4,0,2166070,0,324911,0,1841160
2025,Street Reconstruction,137,2024 Bonds,100-200 N Marsalis Ave,2025,2028,1,0,3918768,585316,0,0,3333452
2025,Alley Reconstruction,137,2024 Bonds,1010-1224 E Ann Arbor Ave & 1111-1225 Neptune Rd (A02240),2025,2026,4,0,387599,57892,329707,0,0
2025,Alley Reconstruction,137,2017 Bonds,10106-10160 Caribou Trail - 10127-10143 Ferndale Rd,,,10,543259,543259,0,0,0,0
2025,Alley Reconstruction,138,2012 Bonds,10106-10160 Caribou Trail & 10127-10143 Ferndale Rd,,,10,5890,5890,0,0,0,0
2025,Alley Reconstruction,138,2017 Bonds,10163-10199 Vistadale Dr - 10200-10200 Trailcliff Dr,,,10,430776,430776,0,0,0,0
2025,Alley Reconstruction,138,Other GO CIP - Debt,10163-10199 Vistadale Dr & 10200-10200 Trailcliff Dr,,,10,6649,6649,0,0,0,0
2025,Street Resurfacing,138,2024 Bonds,10200-10300 Teagarden Rd,,,8,573657,573657,0,0,0,0
2025,Street Resurfacing,138,2024 Bonds,10200-12300 Creekspan Dr,2026,2026,10,0,455888,0,455888,0,0
2025,Alley Petitions,138,2024 Bonds,102-128 S Clinton Ave & 101-213 S Winnetka Ave (A01560),2026,2027,1,0,240140,0,36021,204119,0
2025,Street Resurfacing,138,2024 Bonds,10300 Vistadale Cir,2026,2026,10,0,135394,0,135394,0,0
2025,Alley Reconstruction,138,2024 Bonds,10505-10647 Mapleridge Dr & 10506-10642 Estate Ln (A08436),2025,2026,10,0,591479,88344,503135,0,0
2025,Street Resurfacing,138,2024 Bonds,10800 Branch Oaks Cir,2026,2026,11,0,207761,0,207761,0,0
2025,Street Resurfacing,138,2024 Bonds,10800 Brockbank Dr,2026,2026,6,0,252757,0,252757,0,0
2025,Street Reconstruction,138,2024 Bonds,10800 Estacado Dr,2025,2028,9,0,1194343,178390,0,0,1015953
2025,Street Resurfacing,138,2024 Bonds,10800 Pagewood Pl,2026,2026,11,0,138074,0,138074,0,0
2025,Street Resurfacing,138,2024 Bonds,10800 Stone Canyon Pl,2026,2026,11,0,125241,0,125241,0,0
2025,Street Resurfacing,138,2024 Bonds,10800-11000 Mandalay Dr,2026,2026,9,0,1712767,0,1712767,0,0
2025,Street Reconstruction,138,Other GO CIP - Debt,10th St from I-35 to Clarendon Dr.,2025,2025,4,242948,3192424,2949476,0,0,0
2025,Sidewalk and Barrier Free Ramp Improvements,138,2017 Bonds,10th Street Historic District Sidewalk and Barrier Free Ramp Improvements,2025,2025,4,178952,846531,667579,0,0,0
2025,Street Resurfacing,139,2024 Bonds,11000 Glen Echo Ct,2026,2026,10,0,273793,0,273793,0,0
2025,Street Resurfacing,139,2024 Bonds,11000 Pepperidge Cir,,,9,184613,184613,0,0,0,0
2025,Street Resurfacing,139,2024 Bonds,1100-1200 Templecliff Dr,,,5,522325,522325,0,0,0,0
2025,Street Resurfacing,139,2024 Bonds,1100-1300 Ross Ave,,,14,0,0,0,0,0,0
2025,Street Resurfacing,139,2024 Bonds,1100-1400 E Kiest Blvd,2027,2027,4,0,2394127,0,0,2394127,0
2025,Street Resurfacing,139,2024 Bonds,1100-2300 W Illinois Ave (District 1),2026,2026,1,0,2482083,0,2482083,0,0
2025,Street Resurfacing,139,2024 Bonds,1100-2300 W Illinois Ave (District 4),2026,2026,4,0,2488510,0,2488510,0,0
2025,Alley Reconstruction,139,2024 Bonds,1107 Mirage Canyon Dr & 1205-1225 E Kirnwood Dr (A06398),2026,2027,8,0,103621,0,15543,88078,0
2025,Alley Reconstruction,139,2024 Bonds,1108 Mirage Canyon Dr & 1105-1119 Kirnwood Dr (A06399),2026,2027,8,0,107289,0,16093,91196,0
2025,Street Resurfacing,139,2024 Bonds,11100 Rosser Ct,2026,2026,13,0,151800,0,151800,0,0
2025,Street Resurfacing,139,2024 Bonds,11100-11200 Rosser Rd,2026,2026,13,0,665192,0,665192,0,0
2025,Street Resurfacing,139,2024 Bonds,11200 Kleberg Rd,2027,2027,8,0,65545,0,0,65545,0
2025,Street Reconstruction,139,2024 Bonds,11200 Shans St,2026,2028,13,0,533162,0,79974,0,453188
2025,Alley Reconstruction,139,2024 Bonds,11212-11232 Inwood Rd & 11280-11298 Russwood Cir (A08979),2025,2026,13,0,184104,27497,156607,0,0
2025,Street Resurfacing,139,2024 Bonds,11400 Strait Ln,,,13,427217,427217,0,0,0,0
2025,Street Resurfacing,139,2024 Bonds,11500-11700 Valleydale Dr,2026,2026,11,0,896750,0,896750,0,0
2025,Street Resurfacing,139,2024 Bonds,11600-11700 Coral Hills Dr,2027,2027,13,0,366790,0,0,366790,0
2025,Street Resurfacing,139,2024 Bonds,11800 Lochwood Blvd,2026,2026,9,0,470183,0,470183,0,0
2025,Street Resurfacing,139,2024 Bonds,11800-12000 Leisure Dr,2026,2026,10,0,690695,0,690695,0,0
2025,Street Resurfacing,139,2024 Bonds,11900 Cold Harbor Ln,2026,2026,13,0,247833,0,247833,0,0
2025,Traffic Signals,140,2024 Bonds,11th-Corinth St,2025,2028,4,0,655000,75000,0,0,580000
2025,Street Reconstruction,140,2024 Bonds,1200 Hoke Smith Dr,2025,2028,4,0,822757,122889,0,0,699868
2025,Street Resurfacing,140,2024 Bonds,1200 Loma Dr,,,9,136774,136774,0,0,0,0
2025,Street Resurfacing,140,2024 Bonds,12000-12200 Valley Spring Dr,2026,2026,9,0,373612,0,373612,0,0
2025,Street Resurfacing,140,2024 Bonds,1200-1300 Serenade Ln,,,3,543930,543930,0,0,0,0
2025,Street Resurfacing,140,2024 Bonds,1200-1300 Walter Dr,,,1,672014,672014,0,0,0,0
2025,Street Resurfacing,140,2024 Bonds,1200-1400 Moran Dr,,,9,657151,657151,0,0,0,0
2025,Street Resurfacing,140,2024 Bonds,1200-1600 Rowan Ave,2027,2027,2,0,942639,0,0,942639,0
2025,Street Resurfacing,140,2024 Bonds,1200-1900 W Red Bird Ln,,,3,0,0,0,0,0,0
2025,Alley Reconstruction,140,2024 Bonds,1206-1420 Kirnwood Dr & 1223-1429 Mirage Canyon Dr (A06659),2026,2027,8,0,549742,0,82461,467281,0
2025,Street Resurfacing,140,2024 Bonds,12700-12900 Drexelwood Dr,,,13,465243,465243,0,0,0,0
2025,Alley Reconstruction,140,2017 Bonds,127-231 W Louisiana Ave - 118-228 Conrad St,2025,2025,4,593404,595904,2500,0,0,0
2025,Alley Reconstruction,140,Other GO CIP - Debt,127-231 W Louisiana Ave & 118-228 Conrad St,,,4,20019,20019,0,0,0,0
2025,Target Neighborhood,140,2017 Bonds,12Th St From Upton To 200 Ft East Of Upton,2025,2025,4,989308,1015270,25963,0,0,0
2025,Traffic Signals,140,2024 Bonds,12th-Madison,2025,2028,1,0,655000,75000,0,0,580000
2025,Street Reconstruction,140,2024 Bonds,1300 Claude St,2025,2028,4,0,1047448,156449,0,0,890999
2025,Street Resurfacing,140,2024 Bonds,1300-1500 Prichard Ln,2026,2026,5,0,889928,0,889928,0,0
2025,Street Resurfacing,141,2024 Bonds,1300-1500 Traymore Ave,2026,2026,5,0,846718,0,846718,0,0
2025,Street Resurfacing,141,2024 Bonds,1300-1500 Wasco Ln,2026,2026,8,0,345185,0,345185,0,0
2025,Street Resurfacing,141,2024 Bonds,1300-1600 Greenville Ave,2026,2026,14,0,999331,0,999331,0,0
2025,Street Resurfacing,141,2024 Bonds,13400 Mill Grove Ln,2027,2027,11,0,433958,0,0,433958,0
2025,Street Resurfacing,141,2024 Bonds,13500-13600 Far Hills Ln,2027,2027,11,0,499909,0,0,499909,0
2025,Street Resurfacing,141,2024 Bonds,13500-13600 Peyton Dr,2027,2027,11,0,568946,0,0,568946,0
2025,Street Resurfacing,141,2024 Bonds,13500-14000 Coit Rd,2026,2026,11,0,2634533,0,2634533,0,0
2025,Street Resurfacing,141,2024 Bonds,13600-13700 Rolling Hills Ln,,,11,849074,849074,0,0,0,0
2025,Street Resurfacing,141,2024 Bonds,1400 Autumn Leaves Trl,,,3,486751,486751,0,0,0,0
2025,Street Resurfacing,141,2024 Bonds,14000 Brookcrest Dr,,,11,481959,481959,0,0,0,0
2025,Street Resurfacing,141,2024 Bonds,14000-14800 Lasater Rd,2027,2027,8,0,1989191,0,0,1989191,0
2025,Street Resurfacing,141,2024 Bonds,14100-14400 Edgecrest Dr,,,11,872709,872709,0,0,0,0
2025,Alley Reconstruction,141,2024 Bonds,1415-1427 E Illinois Ave & 2127 Corinth St (A02085),2025,2026,4,0,291846,43591,248255,0,0
2025,Street Reconstruction,141,2024 Bonds,1500-1600 Market Center Blvd,2026,2027,Citywide,0,5418377,0,812757,4605620,0
2025,Street Resurfacing,141,2024 Bonds,1500-1600 W Five Mile Pkwy,,,4,699548,699548,0,0,0,0
2025,Street Resurfacing,141,2024 Bonds,1500-1700 Indian Summer Trl,2026,2026,3,0,675344,0,675344,0,0
2025,Alley Reconstruction,141,2017 Bonds,15632-15724 Golden Creek Rd -6231 - La Cosa Dr - Bay Point,,,11,626102,626102,0,0,0,0
2025,Alley Reconstruction,141,2012 Bonds,15632-15724 Golden Creek Rd -6231 - La Cosa Dr & Bay Point,,,11,5890,5890,0,0,0,0
2025,Street Resurfacing,141,2024 Bonds,15700 Daleport Cir,,,11,335926,335926,0,0,0,0
2025,Street Resurfacing,141,2024 Bonds,15800-15900 Ranchita Dr,2026,2026,12,0,370688,0,370688,0,0
2025,Street Resurfacing,141,2024 Bonds,1600 Bennett Ave,,,2,250435,250435,0,0,0,0
2025,Street Resurfacing,142,2024 Bonds,1600 Five Mile Ct,,,4,117444,117444,0,0,0,0
2025,Street Resurfacing,142,2024 Bonds,1600-1700 Solitude Dr,2026,2026,3,0,431116,0,431116,0,0
2025,Alley Reconstruction,142,2017 Bonds,1608-1620 Day Star Dr - 1603-1633 Hanging Cliff Dr,,,4,509766,509766,0,0,0,0
2025,Alley Reconstruction,142,Other GO CIP - Debt,1608-1620 Day Star Dr & 1603-1633 Hanging Cliff Dr,,,4,44387,44387,0,0,0,0
2025,Alley Reconstruction,142,2017 Bonds,1621-1631 Windchime Dr - 1614-1626 Vatican Ln,,,4,272530,272530,0,0,0,0
2025,Alley Reconstruction,142,Other GO CIP - Debt,1621-1631 Windchime Dr & 1614-1626 Vatican Ln,,,4,37228,37228,0,0,0,0
2025,Street Resurfacing,142,2024 Bonds,16600 Vicarage Ct,2027,2027,12,0,164227,0,0,164227,0
2025,Street Resurfacing,142,2024 Bonds,16800-16900 Hunters Point Dr,,,12,431116,431116,0,0,0,0
2025,Street Reconstruction,142,2024 Bonds,1700-1800 Cadiz St,2026,2027,Citywide,0,4029796,0,604469,3425327,0
2025,Alley Reconstruction,142,2017 Bonds,1708-1920 Vatican Ln - 1705-1921 Windchime Dr,,,4,404410,404410,0,0,0,0
2025,Alley Reconstruction,142,Other GO CIP - Debt,1708-1920 Vatican Ln & 1705-1921 Windchime Dr,,,4,20159,20159,0,0,0,0
2025,Street Resurfacing,142,2024 Bonds,17100 Spanky Pl,,,12,154643,154643,0,0,0,0
2025,Street Resurfacing,142,2024 Bonds,17400 Oakington Ct,2026,2026,12,0,259904,0,259904,0,0
2025,Street Resurfacing,143,2024 Bonds,17400 Stanworth Dr,2026,2026,12,0,119556,0,119556,0,0
2025,Target Neighborhood,143,2017 Bonds,17604-17630 Davenport Alley Construction,,,12,67885,67885,0,0,0,0
2025,Street Petitions,143,2024 Bonds,17800 Windpiper Dr,2025,2028,12,0,703451,105518,0,0,597933
2025,Street Resurfacing,143,2024 Bonds,1800 Fernwood Ave,2026,2026,4,0,158785,0,158785,0,0
2025,Street Resurfacing,143,2024 Bonds,1800 Olive St,,,14,122480,122480,0,0,0,0
2025,Street Petitions,143,2024 Bonds,1800-2000 Emmett St,2026,2027,1,0,1425280,0,213792,1211488,0
2025,Street Resurfacing,143,2024 Bonds,1900 Cadiz St,2027,2027,2,0,289131,0,0,289131,0
2025,Street Resurfacing,143,2024 Bonds,1900-2000 Mckinney Ave,,,14,543443,543443,0,0,0,0
2025,Alley Reconstruction,143,2024 Bonds,1906-2046 Autumn Meadow Trl & 2019-2067 Chevella Dr (A06415),2025,2026,8,0,481063,71852,409211,0,0
2025,Street Petitions,143,2024 Bonds,200 Beckley Hills Dr,2026,2027,8,0,646813,0,97022,549791,0
2025,Street Reconstruction,143,2024 Bonds,2000 Clymer St,2026,2027,6,0,312360,0,46854,265506,0
2025,Street Resurfacing,143,2024 Bonds,2000 Live Oak St,,,14,256899,256899,0,0,0,0
2025,Street Resurfacing,143,2024 Bonds,2000-2200 Montalba Ave,,,9,0,0,0,0,0,0
2025,Street Resurfacing,143,2024 Bonds,2000-2200 Orial Ave,2026,2026,4,0,412354,0,412354,0,0
2025,Street Resurfacing,143,2024 Bonds,2000-2400 Skylark Dr,2026,2026,4,0,1009578,0,1009578,0,0
2025,Alley Reconstruction,143,2024 Bonds,2011-2223 San Francisco Dr & 2006-2218 El Capitan (A07879),2025,2026,9,0,508119,75894,432225,0,0
2025,Bridge Repair and Modification,143,2017 Bonds,2017 Bond Program Reserved Contingency,2025,2025,Citywide,0,432197,432197,0,0,0
2025,Street Reconstruction,143,Other GO CIP - Debt,2022 Certificate of Obligation-Streets,2025,2025,Citywide,39936997,40000000,63003,0,0,0
2025,Street Reconstruction,143,Other GO CIP - Debt,2022 Certificates of Obligation - Streets Underserved,2025,2025,Citywide,9947453,10000000,52547,0,0,0
2025,Street Resurfacing,144,Other GO CIP - Debt,2023 Certificates of Obligation - Street,2025,2025,Citywide,10113979,11200000,1086021,0,0,0
2025,Street Resurfacing,144,Other GO CIP - Debt,2023 Certificates of Obligation - Unders,2025,2025,Citywide,44774290,44800000,25710,0,0,0
2025,Street and Alley Improvements,144,Other GO CIP - Debt,2023 Certificates of Obligation,2025,2025,Citywide,5219182,10000000,4780818,0,0,0
2025,Street Resurfacing,144,Other GO CIP - Debt,2024 Certificates of Obligation - Street,,,Citywide,8006391,8006391,0,0,0,0
2025,Alley Petitions,144,2024 Bonds,203-319 N Willomet Ave & 202-318 N Winnetka Ave (A01565),2026,2027,1,0,300000,0,45000,255000,0
2025,Street Reconstruction,144,2024 Bonds,2100 N Harwood St,2025,2028,14,0,2546642,380372,0,0,2166270
2025,Street Resurfacing,144,2024 Bonds,2100-2200 S Ewing Ave,2026,2026,4,0,346972,0,346972,0,0
2025,Street Reconstruction,144,2024 Bonds,2100-2200 Toluca Ave,2026,2028,4,0,932039,0,139806,0,792233
2025,Street Petitions,144,2024 Bonds,2100-2200 Winsted Dr,2026,2027,9,0,3767844,0,565177,3202667,0
2025,Street Resurfacing,144,2024 Bonds,2100-2300 Barberry Dr,2025,2025,1,767899,732328,-35571,0,0,0
2025,Alley Reconstruction,144,2017 Bonds,2104-2336 Dugald Pl - 2005-2249 E Illinois Ave,,,4,567002,567002,0,0,0,0
2025,Alley Reconstruction,144,Other GO CIP - Debt,2104-2336 Dugald Pl & 2005-2249 E Illinois Ave,,,4,8020,8020,0,0,0,0
2025,Alley Reconstruction,144,2024 Bonds,2105-2117 Autumn Meadow & 2106-2112 Garden Crest (A06409),2025,2026,8,0,107667,16081,91586,0,0
2025,Alley Reconstruction,144,2024 Bonds,211-215 S Clinton Ave & 202-226 S Edgefield Ave (A01771),2026,2027,1,0,139384,0,20908,118476,0
2025,Street Resurfacing,144,2024 Bonds,2200 N Harwood St,,,14,451177,451177,0,0,0,0
2025,Street Resurfacing,144,2024 Bonds,2200-2400 Romine Ave,,,7,0,0,0,0,0,0
2025,Alley Reconstruction,145,2017 Bonds,2205-2341 Freeland - 2336-2328 Homeway - 2204-2340 Babalos,,,7,968997,968997,0,0,0,0
2025,Alley Reconstruction,145,Other GO CIP - Debt,2205-2341 Freeland & 2336-2328 Homeway & 2204-2340 Babalos,,,7,67698,67698,0,0,0,0
2025,Alley Reconstruction,145,2017 Bonds,2211-2323 Deer Path Dr - 2905-3311 Kellogg Ave,,,4,690841,690841,0,0,0,0
2025,Alley Reconstruction,145,Other GO CIP - Debt,2211-2323 Deer Path Dr & 2905-3311 Kellogg Ave,,,4,52349,52349,0,0,0,0
2025,Alley Reconstruction,145,2024 Bonds,2226-2236 Wolcott Dr & 2227-2237 E Pentagon Pkwy (A10911),2025,2026,8,0,78344,11701,66643,0,0
2025,Alley Reconstruction,145,2024 Bonds,2226-2242 Talco Dr & 2227-2237 Wolcott Dr (A10912),2025,2026,8,0,115454,17243,98211,0,0
2025,Street Resurfacing,145,2024 Bonds,2300-2700 Peabody Ave,,,7,1159527,1159527,0,0,0,0
2025,Alley Reconstruction,145,2024 Bonds,2305-2829 Tolosa Dr & 2306-2828 Housley Dr (A07889),2025,2026,9,0,973604,145419,828185,0,0
2025,Street Reconstruction,145,2024 Bonds,2400 Merlin St,2025,2028,7,0,701254,104741,0,0,596513
2025,Street Resurfacing,145,2024 Bonds,2400 W Five Mile Pkwy,2026,2026,3,0,421126,0,421126,0,0
2025,Street Resurfacing,145,2024 Bonds,2400-2600 Meyers St,2026,2026,7,0,757783,0,757783,0,0
2025,Street Reconstruction,145,2024 Bonds,2400-2700 Birmingham Ave,2025,2028,7,0,3148908,470328,0,0,2678580
2025,Street Resurfacing,145,2024 Bonds,2400-2700 Homer St,2026,2026,14,0,607120,0,607120,0,0
2025,Street Resurfacing,145,2024 Bonds,2400-2800 Kenesaw Dr,2026,2026,6,0,1000000,0,1000000,0,0
2025,Street Resurfacing,146,2024 Bonds,2400-2800 Ruidosa Ave,,,9,754696,754696,0,0,0,0
2025,Alley Reconstruction,146,2017 Bonds,2408-2564 Club Manor Dr - 2435-2549 Matland Dr,,,3,738675,738675,0,0,0,0
2025,Alley Reconstruction,146,2012 Bonds,2408-2564 Club Manor Dr & 2435-2549 Matland Dr,,,3,5890,5890,0,0,0,0
2025,Alley Petitions,146,2024 Bonds,2508-2532 Warren Ave & 2505-2529 Lenway St (A01307),2026,2027,7,0,207701,0,31155,176546,0
2025,Street Resurfacing,146,2024 Bonds,2600-2700 Maple Springs Blvd,2026,2026,2,0,244066,0,244066,0,0
2025,Alley Reconstruction,146,2017 Bonds,2603-2931 Garapan Dr - 2502-2922 Nicholson Dr,2025,2025,4,1063866,1066866,3000,0,0,0
2025,Alley Reconstruction,146,Other GO CIP - Debt,2603-2931 Garapan Dr & 2502-2922 Nicholson Dr,,,4,21777,21777,0,0,0,0
2025,Street Petitions,146,2024 Bonds,2700 Bakersfield St,2026,2028,3,0,840947,0,126142,0,714805
2025,Street Reconstruction,146,2024 Bonds,2700 Fernwood Ave,2026,2028,4,0,857487,0,128623,0,728864
2025,Alley Reconstruction,146,Other GO CIP - Debt,2711-2733 Groveridge 9606-9674 Briggs 9605-9621 Altacrest,,,7,990761,990761,0,0,0,0
2025,Street Petitions,146,2024 Bonds,2800 Virgil St,2026,2027,2,0,423728,0,63559,360169,0
2025,Street Resurfacing,146,2024 Bonds,2800-2900 Edd Rd,2027,2027,8,0,315377,0,0,315377,0
2025,Street Resurfacing,146,2024 Bonds,2800-3000 Reagan St,2026,2026,14,0,455969,0,455969,0,0
2025,Alley Reconstruction,147,2024 Bonds,2811-2837 Encino Dr & 2810-2836 Quanah St (A07872),2025,2026,9,0,197487,29497,167990,0,0
2025,Alley Reconstruction,147,2024 Bonds,2874-2880 56Th & 5103 Cardiff St (A17826),2025,2026,8,0,63225,9443,53782,0,0
2025,Street Resurfacing,147,2024 Bonds,2900 El Tovar Ave,2027,2027,3,0,128734,0,0,128734,0
2025,Street Reconstruction,147,2024 Bonds,2900-3000 Dothan Ln,2026,2027,6,0,2496172,0,374426,2121746,0
2025,Street Petitions,147,2024 Bonds,2900-3000 Hudnall St,2026,2027,2,0,842273,0,126341,715932,0
2025,Street Reconstruction,147,2024 Bonds,2900-3000 S Belt Line Rd,2025,2028,8,0,4125579,616205,0,0,3509374
2025,Traffic Signals,147,2024 Bonds,2nd-Pine,2027,2028,7,0,655000,0,0,75000,580000
2025,Street Resurfacing,147,2024 Bonds,300 Winslett Dr,2026,2026,2,0,112733,0,112733,0,0
2025,Street Resurfacing,147,2024 Bonds,3000 Clover St,2027,2027,2,0,103556,0,0,103556,0
2025,Street Reconstruction,147,2024 Bonds,3000 Marideen Ave,2026,2028,3,0,223260,0,33489,0,189771
2025,Street Resurfacing,147,2024 Bonds,3000 Plaudit Pl,2026,2026,13,0,232452,0,232452,0,0
2025,Street Reconstruction,147,2024 Bonds,3000 Storey Ln,2025,2028,6,0,1078805,161133,0,0,917672
2025,Street Reconstruction,147,2024 Bonds,3000-3300 Newcastle Dr,2026,2027,6,0,4651238,0,697686,3953552,0
2025,Street Resurfacing,147,2024 Bonds,300-400 N Henderson Ave,2026,2026,14,0,375561,0,375561,0,0
2025,Alley Reconstruction,147,2017 Bonds,3004-3150 Kinkaid Dr - 3045-3155 Park Ln,,,6,1147336,1147336,0,0,0,0
2025,Alley Reconstruction,147,Other GO CIP - Debt,3004-3150 Kinkaid Dr & 3045-3155 Park Ln,,,6,64758,64758,0,0,0,0
2025,Alley Petitions,147,2024 Bonds,3010-3210 Millerdale Ln & 7101-7119 Scyene Rd (A04254),2026,2028,5,0,360381,0,54057,0,306324
2025,Alley Reconstruction,147,2024 Bonds,3011-3051 Timberview Rd & 10209 Dale Crest Dr (A05689),2026,2027,13,0,231084,0,34663,196421,0
2025,Alley Petitions,148,2024 Bonds,301-411 S Montclair Ave & 302-410 S Rosemont Ave (A01819),2026,2027,1,0,312239,0,46836,265403,0
2025,Alley Reconstruction,148,2024 Bonds,3024-3064 Community (A2985) & A2986 From A2985 To Community,2026,2027,6,0,356713,0,53507,303206,0
2025,Alley Petitions,148,2024 Bonds,303-427 S Clinton Ave & 300-342 S Edgefield Ave (A01772),2026,2027,1,0,301693,0,45254,256439,0
2025,Alley Reconstruction,148,2024 Bonds,3061-3185 Lockmoor Ln & 3026-3098 Newcastle Dr (A05817),2026,2027,6,0,624477,0,93672,530805,0
2025,Alley Reconstruction,148,2024 Bonds,3100 Clover St (Alley),2026,2027,2,0,148096,0,22214,125882,0
2025,Street Reconstruction,148,2024 Bonds,3100 Flowerdale Ln,2025,2028,13,0,1521194,227209,0,0,1293985
2025,Street Resurfacing,148,2024 Bonds,3100 Lemmon Ave,,,14,401146,401146,0,0,0,0
2025,Street Resurfacing,148,2024 Bonds,3100 Longbow Ct,2027,2027,13,0,268026,0,0,268026,0
2025,Street Resurfacing,148,2024 Bonds,3100 Tower Trl,2027,2027,13,0,220025,0,0,220025,0
2025,Street Reconstruction,148,2024 Bonds,3100 Whirlaway Rd,2025,2028,13,0,1331645,198898,0,0,1132747
2025,Alley Petitions,148,2024 Bonds,3100-3116 Main St & 3101-3117 Commerce St (A17768),2026,2027,2,0,149930,0,22490,127441,0
2025,Street Resurfacing,148,2024 Bonds,3100-3600 Jordan Valley Rd,2027,2027,8,0,1319825,0,0,1319825,0
2025,Alley Reconstruction,148,2024 Bonds,3104-3170 Newcastle Dr & 3205-3271 Lockmoor Ln (A05821),2026,2027,6,0,464919,0,69738,395181,0
2025,Alley Reconstruction,148,2024 Bonds,3105-3135 St Croix Dr & 3106-3136 Tower Trl (A05387),2026,2027,13,0,241097,0,36165,204932,0
2025,Alley Reconstruction,148,2017 Bonds,3105-3171 Newcastle Dr - 3104-3170 Walnut Hill,2025,2025,6,594170,620201,26031,0,0,0
2025,Alley Reconstruction,149,2012 Bonds,3105-3171 Newcastle Dr & 3104-3170 Walnut Hill,,,6,5890,5890,0,0,0,0
2025,Alley Reconstruction,149,2024 Bonds,3108-3180 Jubilee Trl & 3191-3255 Townsend Dr (A05456),2025,2026,13,0,504430,75342,429088,0,0
2025,Alley Reconstruction,149,2024 Bonds,3111-3165 Whitehall Dr & 3264-3290 Northaven Rd (A05448),2025,2026,13,0,339277,50675,288602,0,0
2025,Alley Reconstruction,149,2017 Bonds,3163-3241 E Ledbetter Dr - 3132-3244 Dahlia Dr,,,4,415820,415820,0,0,0,0
2025,Alley Reconstruction,149,2012 Bonds,3163-3241 E Ledbetter Dr & 3132-3244 Dahlia Dr,,,4,5890,5890,0,0,0,0
2025,Street Resurfacing,149,2024 Bonds,3200 Dartmoor Ct,2027,2027,13,0,213690,0,0,213690,0
2025,Street Resurfacing,149,2024 Bonds,3200 Little River Dr,2026,2026,8,0,268351,0,268351,0,0
2025,Street Resurfacing,149,2024 Bonds,3200-3300 Bowen St,,,14,416902,416902,0,0,0,0
2025,Street Resurfacing,149,2024 Bonds,3200-3300 Darvany Dr,2026,2026,6,0,769478,0,769478,0,0
2025,Street Resurfacing,149,2024 Bonds,3200-3300 Lockmoor Ln,2026,2026,6,0,811469,0,811469,0,0
2025,Alley Reconstruction,149,2024 Bonds,3207-3365 Whitehall Dr & 3306-3390 Northaven Rd (A05446),2026,2027,13,0,730633,0,109595,621038,0
2025,Street Resurfacing,149,2024 Bonds,3300 High Bluff Dr,2026,2026,13,0,285163,0,285163,0,0
2025,Street Reconstruction,149,2024 Bonds,3300 S Ewing Ave,2025,2028,4,0,745786,111392,0,0,634394
2025,Street Resurfacing,149,2024 Bonds,3300-3400 Concho St,2027,2027,14,0,287925,0,0,287925,0
2025,Street Resurfacing,149,2024 Bonds,3300-3400 St Cloud Cir,2027,2027,13,0,1112227,0,0,1112227,0
2025,Street Resurfacing,149,2024 Bonds,3400 Bogata Blvd,,,6,303600,303600,0,0,0,0
2025,Street Resurfacing,149,2024 Bonds,3400 Timbercrest Ln,2027,2027,3,0,220350,0,0,220350,0
2025,Street Resurfacing,149,2024 Bonds,3400-3500 Pacesetter Dr,2026,2026,8,0,615891,0,615891,0,0
2025,Alley Petitions,150,2024 Bonds,3403-3517 Urban Ave & 7118 Day St (A04329),2026,2028,5,0,247130,0,37070,0,210061
2025,Street Resurfacing,150,2024 Bonds,3500 Ingleside Dr,2026,2026,13,0,215964,0,215964,0,0
2025,Street Reconstruction,150,2024 Bonds,3500 Poquita Dr,2025,2028,6,0,599114,89485,0,0,509629
2025,Street Reconstruction,150,2024 Bonds,3500-3600 Espanola Dr,2025,2028,6,0,2052754,306604,0,0,1746150
2025,Street Resurfacing,150,2024 Bonds,3500-3600 Valley Ridge Rd,,,6,685497,685497,0,0,0,0
2025,Street Resurfacing,150,2024 Bonds,3500-3700 Lawnview Ave,2026,2026,7,0,767285,0,767285,0,0
2025,Street Resurfacing,150,2024 Bonds,3500-3700 N Versailles Ave,2026,2026,13,0,524356,0,524356,0,0
2025,Street Resurfacing,150,2024 Bonds,3500-4100 S Fitzhugh Ave (Local),2026,2026,7,0,929157,0,929157,0,0
2025,Alley Reconstruction,150,2017 Bonds,3506-3658 High Vista Dr - 11960 Highdale Dr,2025,2025,6,739126,753226,14100,0,0,0
2025,Alley Reconstruction,150,Other GO CIP - Debt,3506-3658 High Vista Dr & 11960 Highdale Dr,,,6,41847,41847,0,0,0,0
2025,Alley Reconstruction,150,2024 Bonds,3509-3667 Northaven Rd & 3506-3648 Flair Dr (A05420),2026,2027,13,0,617842,0,92676,525166,0
2025,Street Resurfacing,150,2024 Bonds,3600 Brown St,,,14,168774,168774,0,0,0,0
2025,Street Resurfacing,150,2024 Bonds,3600 Cedar Springs Rd,2026,2026,14,0,288981,0,288981,0,0
2025,Street Reconstruction,150,2024 Bonds,3600 Dorothy Ave,2026,2027,13,0,529350,0,79403,449948,0
2025,Street Resurfacing,150,2024 Bonds,3600 Live Oak St,,,14,0,0,0,0,0,0
2025,Street Resurfacing,150,2024 Bonds,3600 Pinebrook Dr,2026,2026,8,0,126784,0,126784,0,0
2025,Street Resurfacing,150,2024 Bonds,3600 Rockdale Dr,,,6,478000,478000,0,0,0,0
2025,Alley Petitions,150,2024 Bonds,3600-3636 Wendelkin St & 3609-3639 S Central Expy (A01339),2026,2027,7,0,258594,0,38789,219805,0
2025,Street Resurfacing,151,2024 Bonds,3600-3800 Pacesetter Dr,2026,2026,8,0,469939,0,469939,0,0
2025,Street Resurfacing,151,2024 Bonds,3600-4300 W Illinois Ave (District 1),,,1,2035536,2035536,0,0,0,0
2025,Street Resurfacing,151,2024 Bonds,3600-4300 W Illinois Ave (District 3),,,3,2035536,2035536,0,0,0,0
2025,Alley Reconstruction,151,2024 Bonds,3605-3625 Silverhill Dr & 3610-3620 Softcloud Dr (A09924),2025,2026,8,0,99421,14850,84571,0,0
2025,Street Resurfacing,151,2024 Bonds,3700 Concho St,2027,2027,14,0,121180,0,0,121180,0
2025,Street Resurfacing,151,2024 Bonds,3700 Kiest Knoll Dr,2027,2027,3,0,287925,0,0,287925,0
2025,Street Resurfacing,151,2024 Bonds,3700 Meadowdale Ln,2026,2026,13,0,153668,0,153668,0,0
2025,Street Resurfacing,151,2024 Bonds,3700 Parry Ave,2026,2026,7,0,283214,0,283214,0,0
2025,Street Resurfacing,151,2024 Bonds,3700 Vilbig Rd,2026,2026,6,0,177709,0,177709,0,0
2025,Street Reconstruction,151,2024 Bonds,3700-3800 Kiest Valley Pkwy,2026,2028,3,0,2624057,0,393609,0,2230448
2025,Street Resurfacing,151,2024 Bonds,3700-3800 Pinebrook Dr,2026,2026,8,0,342342,0,342342,0,0
2025,Alley Petitions,151,2024 Bonds,3706-3718 Wendelkin St & 3711-3721 S Central Expy (A01340),2026,2027,7,0,132048,0,19807,112241,0
2025,Alley Reconstruction,151,2024 Bonds,3710-3770 Stagecoach Trl & 3705-3735 Mclarty Ln (A09954),2025,2026,8,0,192885,28810,164075,0,0
2025,Alley Reconstruction,151,2024 Bonds,3724-3834 Kiest Valley Pkwy & 3805-3865 Kiestmeadow (A11022),2026,2028,3,0,606939,0,91041,0,515898
2025,Street Resurfacing,151,2024 Bonds,3800 Black Oak Dr,,,8,250401,250401,0,0,0,0
2025,Street Resurfacing,151,2024 Bonds,3800 Treeline Dr,,,4,368739,368739,0,0,0,0
2025,Street Resurfacing,151,2024 Bonds,3800-3900 Wemdon Dr,,,6,501534,501534,0,0,0,0
2025,Alley Reconstruction,152,2024 Bonds,3806-3860 Kiestmeadow Dr & 3042-3078 Kiestridge Dr (A06048),2026,2028,3,0,323701,0,48555,0,275146
2025,Alley Reconstruction,152,2024 Bonds,3807-3835 Kiest Valley Ct & 3938-3944 Kiestmeadow (A09779),2026,2028,3,0,203574,0,30536,0,173038
2025,Alley Reconstruction,152,2024 Bonds,3827-3925 Morning Dew Trl & 3904-3922 Morning Frost (A02346),2025,2026,4,0,326436,48757,277679,0,0
2025,Alley Reconstruction,152,2017 Bonds,3864-3872 Treeline Cir - 1618-1626 Five Mile Ct,,,4,384700,384700,0,0,0,0
2025,Alley Reconstruction,152,Other GO CIP - Debt,3864-3872 Treeline Cir & 1618-1626 Five Mile Ct,,,4,11725,11725,0,0,0,0
2025,Street Resurfacing,152,2024 Bonds,3900 Lovingood Dr,,,8,0,0,0,0,0,0
2025,Street Resurfacing,152,2024 Bonds,3900 Texas College Dr,,,8,360373,360373,0,0,0,0
2025,Alley Reconstruction,152,2024 Bonds,3908-3938 Kiestmeadow Dr & 3041 Kiestridge Dr (A09779),2026,2028,3,0,154973,0,23246,0,131727
2025,Street Resurfacing,152,2024 Bonds,400 Realoaks Dr,2026,2026,8,0,93565,0,93565,0,0
2025,Street Reconstruction,152,2024 Bonds,400 S Akard St,2025,2028,2 14,0,783172,116976,0,0,666196
2025,Street Resurfacing,152,2024 Bonds,4000 Shoreline Dr,2026,2026,3,0,250401,0,250401,0,0
2025,Street Resurfacing,152,2024 Bonds,4000 Texas College Dr,,,8,374749,374749,0,0,0,0
2025,Street Reconstruction,152,2024 Bonds,4000-4100 Inwood Rd,2026,2027,Citywide,0,4548910,0,682337,3866574,0
2025,Alley Petitions,152,2024 Bonds,4004-4036 Roswell & 4005-4023 Hall (A455/A11919/ Strange St),2026,2027,14,0,438551,0,65783,372768,0
2025,Street Resurfacing,152,2024 Bonds,400-500 Martinique Ave,2026,2026,2,0,322606,0,322606,0,0
2025,Street Resurfacing,152,2024 Bonds,400-800 N Collett Ave,2026,2026,14,983295,1916025,0,932730,0,0
2025,Alley Reconstruction,153,2024 Bonds,405-419 N Clinton Ave & 410 N Edgefield Ave (A01568),2026,2027,1,0,143969,0,21595,122374,0
2025,Street Resurfacing,153,2024 Bonds,4100 Stagecoach Trl,2026,2026,8,0,198339,0,198339,0,0
2025,Street Resurfacing,153,2024 Bonds,4100-4700 Elsie Faye Heggins St,2027,2027,7,0,2457960,0,0,2457960,0
2025,Alley Reconstruction,153,2024 Bonds,4107-4209 Firewood Dr & 4108-4154 Happy Canyon Dr (A09979),2025,2026,8,0,377980,56456,321524,0,0
2025,Street Resurfacing,153,2024 Bonds,4200 Robertson Dr,,,8,371988,371988,0,0,0,0
2025,Street Resurfacing,153,2024 Bonds,4200 Rust College Dr,,,8,327966,327966,0,0,0,0
2025,Street Resurfacing,153,2024 Bonds,4200-4300 San Jacinto St,,,2,335439,335439,0,0,0,0
2025,Street Resurfacing,153,2024 Bonds,4200-4400 Camden Ave,2027,2027,9,0,660319,0,0,660319,0
2025,Alley Petitions,153,2024 Bonds,4203-4443 Bonham St & 4224-4372 Royal Ridge Dr (A11701),2026,2027,13,0,780367,0,117055,663312,0
2025,Alley Petitions,153,2024 Bonds,4209-4223 Firewood Dr & 5931-5939 Golden Gate Dr (A09980),2026,2027,8,0,133424,0,20014,113410,0
2025,Street Resurfacing,153,2024 Bonds,4300 Cole Ave,2026,2026,14,0,399359,0,399359,0,0
2025,Alley Reconstruction,153,2017 Bonds,4307-4435 Bonnie View Rd - 4302-4446 Cicero St,,,4,425521,425521,0,0,0,0
2025,Alley Reconstruction,153,2012 Bonds,4307-4435 Bonnie View Rd & 4302-4446 Cicero St,,,4,5890,5890,0,0,0,0
2025,Alley Petitions,153,2024 Bonds,4315-4323 Colonial Ave & 1637 Stoneman St (A01359),2026,2027,7,0,83906,0,12586,71320,0
2025,Street Resurfacing,153,2024 Bonds,4400 Brown St,2026,2026,2,0,131576,0,131576,0,0
2025,Alley Petitions,153,2024 Bonds,4407-4423 Colonial Ave & 1634-1638 Stoneman St (A01357),2026,2027,7,0,168270,0,25241,143030,0
2025,Street Resurfacing,153,2024 Bonds,4500 Druid Ln,,,13,153212,153212,0,0,0,0
2025,Alley Petitions,154,2024 Bonds,4502-4518 Roberts Ave & 4503-4519 Bradshaw St (A01316),2026,2027,7,0,136633,0,20495,116138,0
2025,Alley Petitions,154,2024 Bonds,4502-4630 Kelton Dr & 4507-4631 Newmore Ave (A02914),2026,2027,6,0,386000,0,57900,328100,0
2025,Alley Petitions,154,2024 Bonds,4505-4563 Isabella Ln & 4506-4554 Harrys Ln (A03108),2026,2027,13,0,448412,0,67262,381150,0
2025,Street Resurfacing,154,2024 Bonds,4600 Cole Ave,2026,2026,14,0,387338,0,387338,0,0
2025,Street Resurfacing,154,2024 Bonds,4700 Lake Ave,2026,2026,2,0,248370,0,248370,0,0
2025,Street Resurfacing,154,2024 Bonds,4800 Parry Ave,2027,2027,2,0,276392,0,0,276392,0
2025,Alley Reconstruction,154,2017 Bonds,4804-4950 Ashbrook Rd - 4803-4945 Chilton Dr,,,7,538573,538573,0,0,0,0
2025,Alley Reconstruction,154,2012 Bonds,4804-4950 Ashbrook Rd & 4803-4945 Chilton Dr,,,7,5890,5890,0,0,0,0
2025,Street Resurfacing,154,2024 Bonds,4900 East Side Ave,2026,2026,2,0,381978,0,381978,0,0
2025,Street Resurfacing,154,2024 Bonds,4900 Mangold Cir,2026,2026,13,0,231802,0,231802,0,0
2025,Street Resurfacing,154,2024 Bonds,4900 Mill Run Rd,2025,2025,13,571913,538134,-33779,0,0,0
2025,Street Resurfacing,154,2024 Bonds,4900 San Jacinto St,,,2,197689,197689,0,0,0,0
2025,Street Resurfacing,154,2024 Bonds,4900 Santa Fe Ave,2027,2027,2,0,185182,0,0,185182,0
2025,Street Resurfacing,154,Other GO CIP - Debt,50/50 Sidewalk City share,2025,2025,Citywide,999535,1000000,465,0,0,0
2025,Street Reconstruction,154,2024 Bonds,500 Longbranch Ln,2025,2028,8,0,884607,132127,0,0,752480
2025,Street Reconstruction,154,2024 Bonds,500 Ravenwood Dr,2026,2028,5,0,577710,0,86657,0,491054
2025,Street Resurfacing,154,2024 Bonds,5000-5100 Bowser Ave,2026,2026,13,0,368333,0,368333,0,0
2025,Street Reconstruction,154,2024 Bonds,500-1000 S Malcolm X Blvd,2025,2028,2,0,565221,84423,0,0,480798
2025,Street Petitions,154,2024 Bonds,500-1200 Hillburn Dr,2026,2028,5,0,6525110,0,978767,0,5546344
2025,Alley Reconstruction,154,2017 Bonds,5005-5207 Banting Way - 5411-5445 Endlery Pl,2025,2025,7,440743,445768,5025,0,0,0
2025,Alley Reconstruction,155,2012 Bonds,5005-5207 Banting Way & 5411-5445 Endlery Pl,,,7,5890,5890,0,0,0,0
2025,Street Resurfacing,155,2024 Bonds,500-900 Cumberland St,2026,2026,4,0,626287,0,626287,0,0
2025,Alley Reconstruction,155,2024 Bonds,508-534 Seaside Dr & 7930-7938 Greenspan Dr (A06550),2025,2026,8,0,211669,31616,180053,0,0
2025,Street Resurfacing,155,2024 Bonds,5100 N Hall St,2026,2026,2,0,264776,0,264776,0,0
2025,Alley Reconstruction,155,2017 Bonds,5107-5143 Breakwood Dr - 5116-5152 Colter Dr,,,7,224679,224679,0,0,0,0
2025,Alley Reconstruction,155,2012 Bonds,5107-5143 Breakwood Dr & 5116-5152 Colter Dr,,,7,5890,5890,0,0,0,0
2025,Alley Reconstruction,155,2024 Bonds,5156-5180 Ivy Ln (A04433),2026,2027,8,0,70151,0,10523,59628,0
2025,Alley Reconstruction,155,2017 Bonds,5179-5107 Chalet - 1404-1550 Drury Dr,,,3,692938,692938,0,0,0,0
2025,Alley Reconstruction,155,Other GO CIP - Debt,5179-5107 Chalet & 1404-1550 Drury Dr,,,3,29572,29572,0,0,0,0
2025,Street Resurfacing,155,2024 Bonds,5200-5300 Mercedes Ave,2027,2027,14,0,555545,0,0,555545,0
2025,Street Resurfacing,155,2024 Bonds,5200-5900 Singing Hills Dr,,,3,1288312,1288312,0,0,0,0
2025,Street Resurfacing,155,2024 Bonds,5300 Mccommas Blvd,2027,2027,14,0,307174,0,0,307174,0
2025,Street Resurfacing,155,2024 Bonds,5300 Wateka Dr,2026,2026,13,0,263965,0,263965,0,0
2025,Alley Reconstruction,155,2017 Bonds,5303-5347 Blaney Way - 5204-5240 Banting Way,2025,2025,7,397649,405234,7585,0,0,0
2025,Alley Reconstruction,155,2012 Bonds,5303-5347 Blaney Way & 5204-5240 Banting Way,,,7,5890,5890,0,0,0,0
2025,Alley Reconstruction,155,2017 Bonds,5306-5342 Lake Placid Dr - 1572-1568 Drury Pl,,,3,287328,287328,0,0,0,0
2025,Alley Reconstruction,156,2012 Bonds,5306-5342 Lake Placid Dr & 1572-1568 Drury Pl,,,3,5890,5890,0,0,0,0
2025,Street Resurfacing,156,2024 Bonds,5400 Northbrook Dr,,,13,432609,432609,0,0,0,0
2025,Street Reconstruction,156,2024 Bonds,5400 Parry Ave,2026,2027,2,0,875368,0,131305,744063,0
2025,Street Resurfacing,156,2024 Bonds,5400-5500 Junius St,2026,2026,14,325854,651708,0,325854,0,0
2025,Street Resurfacing,156,2024 Bonds,5500 Ash Ln,2026,2026,2,0,161059,0,161059,0,0
2025,Street Resurfacing,156,2024 Bonds,5500 Ellsworth Ave,2027,2027,14,0,226360,0,0,226360,0
2025,Alley Reconstruction,156,2012 Bonds,5500-5552 Longview St & 5503-5549 Mccommas Blvd,,,14,5890,5890,0,0,0,0
2025,Alley Reconstruction,156,2017 Bonds,5620-5832 Everglade Rd - 5707-5861 Marview Ln,2025,2025,7,426069,430370,4301,0,0,0
2025,Alley Reconstruction,156,2012 Bonds,5620-5832 Everglade Rd & 5707-5861 Marview Ln,,,7,5890,5890,0,0,0,0
2025,Street Resurfacing,156,2024 Bonds,5700-5800 Hudson St,2026,2026,14,0,200370,0,200370,0,0
2025,Target Neighborhood,156,2017 Bonds,5701-5745 Palo Pinto Ave - 5702-5746 Velasco Ave (Alley Improvements),,,14,89524,89524,0,0,0,0
2025,Target Neighborhood,156,Other GO CIP - Debt,5701-5745 Palo Pinto Ave & 5702-5746 Velasco Ave (Alley Imp),,,14,64112,64112,0,0,0,0
2025,Alley Reconstruction,156,2012 Bonds,5703-5747 Vanderbilt Ave & 5710-5750 Marquita Ave,,,14,5890,5890,0,0,0,0
2025,Street Resurfacing,156,2024 Bonds,5800 Beau Purple Dr,2026,2026,3,0,252757,0,252757,0,0
2025,Street Resurfacing,156,2024 Bonds,5800-5900 Forest Haven Trl,2025,2025,4,729315,707020,-22295,0,0,0
2025,Street Resurfacing,156,2024 Bonds,5900 Firefly Ln,,,4,154032,154032,0,0,0,0
2025,Street Resurfacing,157,2024 Bonds,5900 Old Ox Rd,2026,2026,3,0,215558,0,215558,0,0
2025,Street Resurfacing,157,2024 Bonds,5900 Sandhurst Ln,2027,2027,9,0,436395,0,0,436395,0
2025,Street Reconstruction,157,2024 Bonds,600 Harter Rd,2025,2028,9,0,1380451,207068,0,0,1173383
2025,Street Reconstruction,157,2024 Bonds,6000 Milton St,2025,2028,9,0,1941311,291197,0,0,1650114
2025,Street Resurfacing,157,2024 Bonds,6000-6100 Churchill Way,2026,2026,11,0,399196,0,399196,0,0
2025,Street Resurfacing,157,2024 Bonds,6000-6100 Singing Hills Dr,2026,2026,3,0,794250,0,794250,0,0
2025,Street Resurfacing,157,2024 Bonds,6000-6200 Ash Ln,2026,2026,2,0,369145,0,369145,0,0
2025,Street Resurfacing,157,2024 Bonds,600-700 Edgemont Ave,2026,2026,4,0,327073,0,327073,0,0
2025,Alley Reconstruction,157,2017 Bonds,6020-6040 Fieldstone,2025,2025,12,179360,790490,611130,0,0,0
2025,Street Resurfacing,157,2024 Bonds,6100-6200 Warm Mist Ln,2026,2026,12,0,478711,0,478711,0,0
2025,Street Resurfacing,157,2024 Bonds,6100-6300 Moonglow Dr,2026,2026,3,0,733254,0,733254,0,0
2025,Street Resurfacing,157,2024 Bonds,6100-6300 Old Ox Rd,2026,2026,3,0,897481,0,897481,0,0
2025,Street Petitions,157,2024 Bonds,6100-6700 Jeane St,2026,2027,5,0,5800680,0,870102,4930578,0
2025,Alley Reconstruction,157,2012 Bonds,6103-6129 Mercedes Ave & 6100-6126 Morningside Ave,,,14,5890,5890,0,0,0,0
2025,Alley Petitions,157,2024 Bonds,6106-6166 Llano Ave & 6107-6167 Velasco Ave (A00686),2026,2028,14,0,995686,0,149353,0,846333
2025,Alley Reconstruction,157,2012 Bonds,6139-6179 Monticello Ave & 6202-6238 Mercedes Ave,,,14,5890,5890,0,0,0,0
2025,Street Resurfacing,157,2024 Bonds,6200 Penrose Ave,2027,2027,14,0,249589,0,0,249589,0
2025,Alley Reconstruction,157,2017 Bonds,6201- 6333 Bryan Pkwy - 5808-5842 Live Oak St,2025,2025,14,333355,293812,-39543,0,0,0
2025,Alley Reconstruction,158,Other GO CIP - Debt,6201- 6333 Bryan Pkwy & 5808-5842 Live Oak St,,,14,31578,31578,0,0,0,0
2025,Alley Reconstruction,158,2017 Bonds,6216-6226 Autumn Woods Trl - 804-814 W Red Bird Ln,,,3,267066,267066,0,0,0,0
2025,Alley Reconstruction,158,2012 Bonds,6216-6226 Autumn Woods Trl & 804-814 W Red Bird Ln,,,3,5890,5890,0,0,0,0
2025,Street Resurfacing,158,2024 Bonds,6400 Caracas Dr,,,3,0,0,0,0,0,0
2025,Street Resurfacing,158,2024 Bonds,6400 Gentle River Dr,2026,2026,8,0,254381,0,254381,0,0
2025,Street Petitions,158,2024 Bonds,6400-6500 Trammel Dr,2026,2027,9,0,2686111,0,402917,2283194,0
2025,Alley Petitions,158,2024 Bonds,6439-6445 Rhapsody Ln & 6438 Silvery Moon Dr (A06677),2026,2027,8,0,56396,0,8459,47937,0
2025,Street Resurfacing,158,2024 Bonds,6500 Barkwood Ln,2027,2027,12,0,247559,0,0,247559,0
2025,Street Reconstruction,158,2024 Bonds,6500 Forest Creek Dr,2025,2028,11,0,677297,101595,0,0,575702
2025,Street Resurfacing,158,2024 Bonds,6500 Gentle River Dr,2026,2026,8,0,342017,0,342017,0,0
2025,Street Petitions,158,2024 Bonds,6500 Gold Dust Trl,2025,2028,12,0,412976,61683,0,0,351293
2025,Alley Reconstruction,158,2017 Bonds,6506-6556 Crestmere Dr - 6515-6555 Meadowcreek Dr,,,11,344657,344657,0,0,0,0
2025,Alley Reconstruction,158,2012 Bonds,6506-6556 Crestmere Dr & 6515-6555 Meadowcreek Dr,,,11,5890,5890,0,0,0,0
2025,Alley Reconstruction,158,2017 Bonds,6510-6580 Calais Dr - 6509-6565 Crestmere Dr,,,11,292368,292368,0,0,0,0
2025,Alley Reconstruction,158,2012 Bonds,6510-6580 Calais Dr & 6509-6565 Crestmere Dr,,,11,5890,5890,0,0,0,0
2025,Alley Reconstruction,159,2024 Bonds,6510-6580 Calais Dr & 6509-6565 Crestmere Dr (A09343/A09345),2026,2028,11,0,628145,0,94222,0,533923
2025,Street Resurfacing,159,2024 Bonds,6600 Divot Cir,2026,2026,3,0,134257,0,134257,0,0
2025,Street Resurfacing,159,2024 Bonds,6600 Dupper Ct,2026,2026,12,0,162440,0,162440,0,0
2025,Street Resurfacing,159,2024 Bonds,6600-6700 Putting Green Dr,2026,2026,3,0,299133,0,299133,0,0
2025,Street Petitions,159,2024 Bonds,6600-6700 Shell Flower Ln,2026,2027,12,0,1754398,0,263160,1491238,0
2025,Street Petitions,159,2024 Bonds,6600-6800 Sawmill Rd,2025,2028,12,0,2531883,379783,0,0,2152100
2025,Street Resurfacing,159,2024 Bonds,6600-7000 Duffield Dr 6700 Duffield Ct,,,12,0,0,0,0,0,0
2025,Street Resurfacing,159,2024 Bonds,6700 Wild Honey Dr,2026,2026,8,0,74722,0,74722,0,0
2025,Street Resurfacing,159,2024 Bonds,6800 Wild Honey Dr,2026,2026,8,0,96083,0,96083,0,0
2025,Alley Reconstruction,159,2017 Bonds,6808-7038 Hunters Ridge Dr - 6807-6959 Town Bluff Dr,,,11,618619,618619,0,0,0,0
2025,Alley Reconstruction,159,2012 Bonds,6808-7038 Hunters Ridge Dr & 6807-6959 Town Bluff Dr,,,11,5890,5890,0,0,0,0
2025,Alley Reconstruction,159,2012 Bonds,6906-7030 Orchid Ln -6909-7007 Meadoebriar Ln - Pemberton Dr,,,11,308471,308471,0,0,0,0
2025,Alley Reconstruction,159,2024 Bonds,6909-7077 Joyce Way (A03336),2025,2026,13,0,563992,84240,479752,0,0
2025,Alley Reconstruction,159,2017 Bonds,6920-7038 Midbury Dr - 6919-7033 Northaven Rd,,,11,411824,411824,0,0,0,0
2025,Alley Reconstruction,159,2012 Bonds,6920-7038 Midbury Dr & 6919-7033 Northaven Rd,,,11,5890,5890,0,0,0,0
2025,Street Resurfacing,159,2024 Bonds,700 Commerce St,,,14,0,0,0,0,0,0
2025,Street Resurfacing,159,2024 Bonds,7000 Lattimore Dr,2026,2026,12,0,329834,0,329834,0,0
2025,Street Resurfacing,160,2024 Bonds,700-1300 Riverwood Rd,,,8,0,0,0,0,0,0
2025,Alley Reconstruction,160,2024 Bonds,7006-7066 Whitehill & 7005-7065 Town North (A03463/ A03462),2025,2026,9,0,535607,80000,455607,0,0
2025,Alley Reconstruction,160,2024 Bonds,7021-7029 Nandina Dr & 3014-3018 Pine Trail Ct (A09909),2025,2026,8,0,113165,16902,96263,0,0
2025,Alley Reconstruction,160,2017 Bonds,7027-7203 Hunnicut Rd - 7012-7108 Belteau Ln,2025,2025,7,272388,275428,3040,0,0,0
2025,Alley Reconstruction,160,2012 Bonds,7027-7203 Hunnicut Rd & 7012-7108 Belteau Ln,,,7,5890,5890,0,0,0,0
2025,Street Reconstruction,160,2024 Bonds,7100 Elliott Dr,2025,2028,7,0,1350466,202570,0,0,1147896
2025,Alley Reconstruction,160,2024 Bonds,7107-7239 Currin Dr & 7106-7238 Northaven Rd (A08769),2025,2026,11,0,543831,81227,462604,0,0
2025,Street Resurfacing,160,2024 Bonds,7200 Ashington Dr,,,13,478711,478711,0,0,0,0
2025,Street Resurfacing,160,2024 Bonds,7200 Chaucer Pl,2026,2026,8,0,166663,0,166663,0,0
2025,Street Resurfacing,160,2024 Bonds,7200 Crooked Oak Dr,,,12,413166,413166,0,0,0,0
2025,Street Reconstruction,160,2024 Bonds,7200 Gayglen Dr,2025,2028,8,0,754599,113190,0,0,641409
2025,Street Resurfacing,160,2024 Bonds,7200 Merriman Pkwy,2027,2027,10,0,218157,0,0,218157,0
2025,Street Resurfacing,160,2024 Bonds,7200 Oakbluff Dr,,,11,318382,318382,0,0,0,0
2025,Alley Reconstruction,160,2024 Bonds,7209-7275 Lupton Cir (A03320),2025,2026,13,0,156689,23403,133286,0,0
2025,Street Resurfacing,160,2024 Bonds,7300-7400 Hiddencreek Dr,2026,2026,12,0,510793,0,510793,0,0
2025,Street Resurfacing,160,2024 Bonds,7300-7700 Maplecrest Dr,,,11,799205,799205,0,0,0,0
2025,Alley Reconstruction,160,2017 Bonds,7309-7435 Tangleglen Dr - 7364-7450 Tophill Ln,,,11,329121,329121,0,0,0,0
2025,Alley Reconstruction,160,2012 Bonds,7309-7435 Tangleglen Dr & 7364-7450 Tophill Ln,,,11,5890,5890,0,0,0,0
2025,Street Resurfacing,161,2024 Bonds,7400 Midbury Dr,2026,2026,11,0,239030,0,239030,0,0
2025,Alley Reconstruction,161,2017 Bonds,7405-7443 Lynworth Dr - 7408-7438 Chattington Dr,,,11,236401,236401,0,0,0,0
2025,Street Resurfacing,161,2024 Bonds,7500 Malabar Ln,2026,2026,11,0,413978,0,413978,0,0
2025,Street Resurfacing,161,2024 Bonds,7500 Partridge Dr,2026,2026,8,0,125566,0,125566,0,0
2025,Street Resurfacing,161,2024 Bonds,7500-7600 Highmont St,2026,2026,11,0,422506,0,422506,0,0
2025,Alley Reconstruction,161,2017 Bonds,7501-7631 Ashcrest Ln - 7502-7578 Christie Ln,,,3,559185,559185,0,0,0,0
2025,Alley Reconstruction,161,2012 Bonds,7501-7631 Ashcrest Ln & 7502-7578 Christie Ln,,,3,5890,5890,0,0,0,0
2025,Alley Reconstruction,161,2024 Bonds,7605-7611 Olusta Dr (A11224),2025,2026,8,0,105835,15808,90027,0,0
2025,Alley Reconstruction,161,2017 Bonds,7606-7672 Rolling Acres Dr - 7615-7651 Tophill Ln,,,11,249811,249811,0,0,0,0
2025,Alley Reconstruction,161,2012 Bonds,7606-7672 Rolling Acres Dr & 7615-7651 Tophill Ln,,,11,5890,5890,0,0,0,0
2025,Street Resurfacing,161,2024 Bonds,7700 Los Alamitos Dr,2026,2026,8,0,331946,0,331946,0,0
2025,Street Resurfacing,161,2024 Bonds,7700 Twisted Oaks Cir,,,10,103312,103312,0,0,0,0
2025,Street Resurfacing,161,2024 Bonds,7700-7800 Aurora St,2026,2026,5,508762,1017524,0,508762,0,0
2025,Alley Petitions,161,2024 Bonds,7702-7718 Roper St & 7703-7719 Linwood Ave (A02888),2026,2027,6,0,136000,0,20400,115600,0
2025,Target Neighborhood,161,2017 Bonds,7704-78400 Carbondale St - 7703-7835 Brownville (Alley Improvements),2025,2025,7,140602,139907,-695,0,0,0
2025,Target Neighborhood,161,Other GO CIP - Debt,7704-78400 Carbondale St & 7703-7835 Brownville (Alley Imp),,,7,658385,658385,0,0,0,0
2025,Alley Reconstruction,162,2024 Bonds,7706-7734 Lost Mirage Dr & 1420-1428 Kirnwood Dr (A06658),2025,2026,8,0,234575,35036,199539,0,0
2025,Street Reconstruction,162,2024 Bonds,7800 Mattison St,2025,2028,5,0,1175777,176367,0,0,999410
2025,Street Resurfacing,162,2024 Bonds,7800-7900 Goforth Rd,2026,2026,10,0,559931,0,559931,0,0
2025,Alley Reconstruction,162,2024 Bonds,7803-7835 Umphress Rd & 7802-7832 Tomkins Ln (A04653),2026,2027,5,0,228792,0,34319,194473,0
2025,Street Reconstruction,162,2024 Bonds,7900 Greenhollow Ln,2025,2028,11,0,1052533,157880,0,0,894653
2025,Alley Reconstruction,162,2017 Bonds,7905-7933 Olusta Dr - 7932 Great Trinity Forest Way,,,8,403437,403437,0,0,0,0
2025,Alley Reconstruction,162,2012 Bonds,7905-7933 Olusta Dr & 7932 Great Trinity Forest Way,,,8,5890,5890,0,0,0,0
2025,Street Resurfacing,162,2024 Bonds,800 Beckleymeade Ave,2026,2026,8,0,140592,0,140592,0,0
2025,Street Resurfacing,162,2024 Bonds,800 Edd Rd,2027,2027,8,0,124023,0,0,124023,0
2025,Street Resurfacing,162,2024 Bonds,800 Elm St,,,14,232777,232777,0,0,0,0
2025,Street Resurfacing,162,2024 Bonds,800-1100 Graham Ave,2026,2026,2,0,723903,0,723903,0,0
2025,Street Resurfacing,162,2024 Bonds,8200 Burroaks Dr,2026,2026,8,0,210766,0,210766,0,0
2025,Alley Reconstruction,162,2024 Bonds,826-1028 Tarryall Dr & 903-947 Channing Cir (A02339),2025,2026,4,0,509698,76129,433569,0,0
2025,Street Resurfacing,162,2024 Bonds,8300 Midpark Rd,2026,2026,11,0,289631,0,289631,0,0
2025,Street Resurfacing,162,2024 Bonds,8300-8400 Plainview Dr,,,8,0,0,0,0,0,0
2025,Street Resurfacing,162,2024 Bonds,8400-8500 Del Monte Dr,2027,2027,5,0,421531,0,0,421531,0
2025,Street Resurfacing,162,2024 Bonds,8400-8800 Fair Oaks Xing,2026,2026,10,0,1395909,0,1395909,0,0
2025,Street Resurfacing,162,2024 Bonds,8500-8900 Mediterranean Dr,2026,2026,10,0,941015,0,941015,0,0
2025,Street Resurfacing,163,2024 Bonds,8600-8700 Eldon Dr,2027,2027,5,0,508762,0,0,508762,0
2025,Street Resurfacing,163,2024 Bonds,8600-9000 White Rock Trl,2026,2026,10,0,698492,0,698492,0,0
2025,Street Resurfacing,163,2024 Bonds,8600-9800 Vista Oaks Dr 8800 Vista Oaks Cir,,,10,782473,782473,0,0,0,0
2025,Alley Reconstruction,163,2024 Bonds,8606-8838 Forest Green Dr & 8603-8833 Skyline Dr (A03399),2025,2026,10,0,615303,91903,523400,0,0
2025,Street Resurfacing,163,2024 Bonds,8700-8900 Flint Falls Dr,,,10,589998,589998,0,0,0,0
2025,Street Resurfacing,163,2024 Bonds,8800 Bearden Ln,2026,2026,5,0,82194,0,82194,0,0
2025,Alley Reconstruction,163,2024 Bonds,8804-8884 Larchwood Dr & 8805-8871 Liptonshire Dr (A08493),2025,2026,10,0,534670,79860,454810,0,0
2025,Street Resurfacing,163,2024 Bonds,8900 Gunnison Dr,2027,2027,10,0,178359,0,0,178359,0
2025,Street Reconstruction,163,2024 Bonds,8900-9000 Turtle Creek Blvd,2025,2028,13,0,953772,143066,0,0,810706
2025,Street Resurfacing,163,2024 Bonds,8900-9100 Bluecrest Dr,2026,2026,8,0,435338,0,435338,0,0
2025,Street Resurfacing,163,2024 Bonds,9000-9100 Branch Hollow Dr,,,10,470298,470298,0,0,0,0
2025,Street Resurfacing,163,2024 Bonds,9000-9100 Stone Creek Place,,,10,705883,705883,0,0,0,0
2025,Street Reconstruction,163,2024 Bonds,900-1000 Lausanne Ave,2025,2028,1,0,724640,104042,0,0,620598
2025,Street Resurfacing,163,2024 Bonds,900-1200 Dumas St,2026,2026,14,665121,1206209,0,541088,0,0
2025,Alley Reconstruction,163,2024 Bonds,9005-9043 Windy Crest Dr & 9150-9170 Forest Ln (A03529),2025,2026,10,0,530887,79294,451593,0,0
2025,Street Resurfacing,163,2024 Bonds,9100 Bryson Dr,2026,2026,10,0,144815,0,144815,0,0
2025,Street Resurfacing,163,2024 Bonds,9100-9300 Markville Dr,,,10,975290,975290,0,0,0,0
2025,Street Resurfacing,163,2024 Bonds,9100-9600 Boedeker St 9100 Boedeker Cir,2025,2025,13,2146870,2062660,-84210,0,0,0
2025,Alley Petitions,163,2024 Bonds,914-934 Sunset Ave & 925-939 W Jefferson Blvd (A01558),2026,2027,1,0,191588,0,28738,162850,0
2025,Street Resurfacing,164,2024 Bonds,9200 Flickering Shadow Dr,2026,2026,10,0,456294,0,456294,0,0
2025,Street Resurfacing,164,2024 Bonds,9200 Moss Farm Ln,,,10,830637,830637,0,0,0,0
2025,Street Resurfacing,164,2024 Bonds,9200-9400 Bluecrest Dr,2026,2026,8,0,462223,0,462223,0,0
2025,Street Resurfacing,164,2024 Bonds,9400-9500 Timberline Dr,2027,2027,6,0,592337,0,0,592337,0
2025,Street Resurfacing,164,2024 Bonds,9500-9600 Robin Meadow Dr,2026,2026,10,0,613942,0,613942,0,0
2025,Street Resurfacing,164,2024 Bonds,9600 Glenacre,2026,2026,10,0,166095,0,166095,0,0
2025,Street Resurfacing,164,2024 Bonds,9600 Jourdan Way,,,13,114926,114926,0,0,0,0
2025,Street Resurfacing,164,2024 Bonds,9600 Millridge Cir,2026,2026,10,0,120612,0,120612,0,0
2025,Street Resurfacing,164,2024 Bonds,9600 Orchard Hill,2026,2026,10,0,226685,0,226685,0,0
2025,Street Resurfacing,164,2024 Bonds,9600-9800 Baseline Dr,2026,2026,10,0,437857,0,437857,0,0
2025,Street Resurfacing,164,2024 Bonds,9600-9900 Bluffcreek Dr,2026,2026,7,0,996651,0,996651,0,0
2025,Street Reconstruction,164,2024 Bonds,9700 Faircloud Dr,2026,2028,5,0,1602457,0,240369,0,1362088
2025,Street Resurfacing,164,2024 Bonds,9800 Matchpoint Pl,2026,2026,10,0,168206,0,168206,0,0
2025,Street Resurfacing,164,2024 Bonds,9800 Victorian Ct,2026,2026,10,0,174867,0,174867,0,0
2025,Street Resurfacing,164,2024 Bonds,9800-10200 Shiloh Rd,2025,2025,2,3191653,3102779,-88874,0,0,0
2025,Street Resurfacing,164,2024 Bonds,9900 Timberline Dr,2027,2027,6,0,127191,0,0,127191,0
2025,Traffic Signals,164,2017 Bonds,Abrams Rd Signals,2025,2025,9 14,0,700000,700000,0,0,0
2025,Traffic Intersection Capacity & Safety Improvements,164,2024 Bonds,Abrams Road from Gaston Ave to Richmond Ave,2025,2025,14,0,86592,86592,0,0,0
2025,Street Resurfacing,164,Other Transportation Capital,ADA Barrier Installation,2025,2025,Citywide,43057080,50000000,6942920,0,0,0
2025,Street Reconstruction,164,2017 Bonds,Adair St From Cobb St To 500 Ft North Of Cobb St,2025,2025,14,138887,314002,175115,0,0,0
2025,Alley Petitions,165,2024 Bonds,Alley b/w Beechwood and Park from T alley to Midway (A05036),2025,2026,13,0,562615,84033,478582,0,0
2025,Alley Petitions,165,2024 Bonds,Alley b/w Northport and Pemberton from Edgemere to Thackery,2025,2026,13,0,444869,66446,378423,0,0
2025,Street and Alley Improvements,165,2017 Bonds,Alley between Cherrywood Avenue & Inwood Road,2025,2025,Citywide,219098,243798,24700,0,0,0
2025,Street and Alley Improvements,165,2017 Bonds,Alley between Knight Street & Douglas Avenue,2025,2025,Citywide,227978,281658,53681,0,0,0
2025,Street and Alley Improvements,165,2017 Bonds,Alley between Town Creek Drive & Brook V,2025,2025,Citywide,646927,672547,25620,0,0,0
2025,Target Neighborhood,165,Other GO CIP - Debt,Alley Imp Between 8Th St & Church From Ih 35E To N Cliff,2025,2025,4,251830,270927,19097,0,0,0
2025,Target Neighborhood,165,Other GO CIP - Debt,Alley Imp Between Ewing Ave & Upton From Viola To Clarendon,2025,2025,4,20301,170634,150334,0,0,0
2025,Target Neighborhood,165,2017 Bonds,Alley Improvements Between 8th St - Church From IH 35E To N Cliff,,,4,66953,66953,0,0,0,0
2025,Street Reconstruction,165,2012 Bonds,Alpha Rd from Barton Dr to Noel Rd,,,11,5890,5890,0,0,0,0
2025,Thoroughfares,165,2017 Bonds,Alpha Rd From End Of Pavement To Barton Dr,,,11,65681,65681,0,0,0,0
2025,Street Reconstruction,165,2017 Bonds,Alpha Rd from Noel Rd to Montfort Dr,,,11,70556,70556,0,0,0,0
2025,Alley Petitions,165,Other GO CIP - Debt,Amhurst Av & Stanford Av From Linwood Ave. To Briarwood Ln,,,13,35770,35770,0,0,0,0
2025,Alley Petitions,165,2017 Bonds,Amhurst Ave - Stanford Ave From Linwood Ave To Briarwood Ln,,,13,114843,114843,0,0,0,0
2025,Street Resurfacing,166,Other GO CIP - Non-Debt,Assessments Proceeds for 2006 Bonds,,,(blank),615352,615352,0,0,0,0
2025,Traffic Signals,166,2024 Bonds,Beckleymeade-Polk,2025,2028,8,0,655000,75000,0,0,580000
2025,Traffic Signals,166,2024 Bonds,Belt Line-Lawson,2025,2027,8,0,655000,75000,0,580000,0
2025,Intergovernmen tal Partnership Projects,166,2024 Bonds,Bernal Trail Project (Tumalo Trail to Norwich),2025,2028,6,0,6500000,975000,0,0,5525000
2025,Intergovernmen tal Partnership Projects,166,Other GO CIP - Non-Debt,Bike Lanes,2025,2025,Citywide,148933,2026734,1877801,0,0,0
2025,Street Reconstruction,166,2012 Bonds,Blossomheath Ln From Lbj Serv N To Thistle Ln,,,11,5890,5890,0,0,0,0
2025,Street Reconstruction,166,2017 Bonds,Blossomheath Ln From LBJ Service Rd N To Thistle Ln,2025,2025,11,427840,438263,10423,0,0,0
2025,Street Reconstruction,166,2017 Bonds,Blossomheath Ln from Thistle Ln to Alpha Rd,2025,2025,11,655262,669680,14418,0,0,0
2025,Street Petitions,166,2024 Bonds,Boyd Street from Berkley Avenue to Wilbur Street,2025,2027,1,0,1191206,177921,0,1013285,0
2025,Street Reconstruction,166,2017 Bonds,Bradford Dr from Maple Springs Blvd to Hedgerow Dr,,,2,579768,579768,0,0,0,0
2025,Street Resurfacing,166,2017 Bonds,Branchfield Dr from W Lawther Dr to Fisher Rd,,,9,0,0,0,0,0,0
2025,Street Petitions,166,2024 Bonds,Brandon St from S Marlborough Ave to S Montclair Ave,2026,2027,1,0,2308548,0,346282,1962266,0
2025,Bridge Repair and Modification,167,Other GO CIP - Non-Debt,Bridge Maintenance/ Repair Program,2025,2028,Citywide,13311882,37200000,1888118,4400000,4400000,13200000
2025,Street Reconstruction,167,2017 Bonds,Brookshire Dr From Orchid Ln To Brookshire Cir,,,11,511502,511502,0,0,0,0
2025,Traffic Signals,167,2024 Bonds,Buckner-Gross,2025,2027,27,0,655000,75000,0,580000,0
2025,Traffic Signals,167,2024 Bonds,Buford-Camp Wisdom,2027,2028,38,0,655000,0,0,75000,580000
2025,Target Neighborhood,167,2017 Bonds,Burma From Kiska St To Saipan St,2025,2025,7,1479109,1478731,-378,0,0,0
2025,Target Neighborhood,167,2017 Bonds,Burma Rd From Carbondale St To Kiska St,,,7,2288862,2288862,0,0,0,0
2025,Street Reconstruction,167,2017 Bonds,Burroaks Cir From Burroaks Dr To End Of Pavement,2025,2025,8,628705,628955,250,0,0,0
2025,Thoroughfares,167,2017 Bonds,Camp Wisdom from Westmorland to US 67,2025,2025,Citywide,0,1400000,1400000,0,0,0
2025,Thoroughfares,167,2017 Bonds,Camp Wisdom Rd from FM 1382 to Mountain Creek Pkwy,2025,2025,6,891233,909253,18020,0,0,0
2025,Street Reconstruction,168,2017 Bonds,Canada Dr From Tamerisk St To Westmoreland Rd,,,6,332476,332476,0,0,0,0
2025,Thoroughfares,168,2017 Bonds,Canada Drive From Westmoreland To Hampton,2025,2025,6,21894145,21988434,94290,0,0,0
2025,Streetscape- Urban Design,168,2017 Bonds,Casa View Street Improvements,,,92,1010450,1010450,0,0,0,0
2025,Intergovernmen tal Partnership Projects,168,2012 Bonds,CBD Fair Link- Hall St to I-30,,,2,3734576,3734576,0,0,0,0
2025,Traffic Intersection Capacity & Safety Improvements,168,2024 Bonds,CDSF Project - Corridor Studies in District 9 - CDSF CD9,2025,2026,9,0,619550,90000,529550,0,0
2025,Street Resurfacing,168,2006 Bonds,Central Signal Computer,2025,2025,2 14,3555261,3517076,-38184,0,0,0
2025,Thoroughfares,168,2006 Bonds,Chalk Hill - I 30 EB Frontage Road to Singleton,,,6,14918142,14918142,0,0,0,0
2025,Sidewalk and Barrier Free Ramp Improvements,169,2024 Bonds,Chevez Dr from Avon St to El Tivoli Dr,2026,2026,1,0,378328,0,378328,0,0
2025,Thoroughfares,169,2017 Bonds,Cheyenne From Big Thicket To Elam,2025,2025,5,711127,6955574,6244447,0,0,0
2025,Thoroughfares,169,Other GO CIP - Debt,Cheyenne From Lake June To Big Thickett Â¿ Phase I,2025,2025,5,409333,7806899,7397566,0,0,0
2025,Thoroughfares,169,2017 Bonds,Cheyenne From Lake June To Big Thickett Phase I,,,5,2931179,2931179,0,0,0,0
2025,Traffic Signals,169,2024 Bonds,Chrysalis-Wheatland,2025,2028,8,0,655000,75000,0,0,580000
2025,Street Reconstruction,169,2017 Bonds,Clarendon Dr (2-28' Lanes) from Ewing to Upton,2025,2025,4,415201,10513626,10098424,0,0,0
2025,Street Resurfacing,169,2017 Bonds,Clarksdale Pl from Clarksdale Dr to End of Pavement,,,9,0,0,0,0,0,0
2025,Street Reconstruction,169,2017 Bonds,Cobb St From Cobb St To Adair St,2025,2025,14,127630,315942,188312,0,0,0
2025,Intergovernmen tal Partnership Projects,169,2006 Bonds,Cockrell Hill - La Reunion to Singleton,,,6,46706,46706,0,0,0,0
2025,Intergovernmen tal Partnership Projects,170,2017 Bonds,Cockrell Hill From La Reunion To Singleton,2025,2025,6,358811,13549143,13190332,0,0,0
2025,Thoroughfares,170,2017 Bonds,Columbia Ave/Main St from S Beacon St to,,,214,429601,429601,0,0,0,0
2025,Thoroughfares,170,Other GO CIP - Debt,Columbia Ave/Main St from S Beacon St to Deep Ellum,2025,2025,214,92785,9863440,9770655,0,0,0
2025,Complete Street,170,2024 Bonds,Columbia/Main Complete Street,2025,2025,2 14,0,4996250,4996250,0,0,0
2025,Streetscape- Urban Design,170,2006 Bonds,Commerce from Good-Latimer to Hall,2025,2025,2,304848,593198,288350,0,0,0
2025,Thoroughfares,170,2017 Bonds,Commerce Street From Good Latimer To Exposition,,,2,1688377,1688377,0,0,0,0
2025,Thoroughfares,170,Other GO CIP - Debt,Community - Harry Hines to N.W. Hwy.,2025,2025,6,8405,2942681,2934276,0,0,0
2025,Thoroughfares,170,2003 Bonds,Community,2025,2025,6,355374,531848,176474,0,0,0
2025,Street Reconstruction,170,2017 Bonds,Concho St From Richmond Ave To Belmont Ave,2025,2025,14,190660,190282,-378,0,0,0
2025,Street Reconstruction,170,2017 Bonds,Contingency Reserve 2006 BP,2025,2025,4,817692,1417692,600000,0,0,0
2025,Street Resurfacing,171,2006 Bonds,Contingency Reserve 2006 BP - Streets,2025,2025,Citywide,0,432273,432273,0,0,0
2025,Traffic Intersection Capacity & Safety Improvements,171,2024 Bonds,Corridor Studies in District 9 - CD9 Funds (Prop A),2025,2025,9,0,418363,418363,0,0,0
2025,Street Resurfacing,171,Other GO CIP - Debt,COs for Sidewalks,2025,2025,Citywide,3385134,4000000,614866,0,0,0
2025,Street Resurfacing,171,Other GO CIP - Debt,COs for Streets,2025,2025,Citywide,58800525,58815000,14475,0,0,0
2025,Street Resurfacing,171,Other GO CIP - Debt,COs for Streets Underserved,,,Citywide,14700000,14700000,0,0,0,0
2025,Public/Private Development,171,2017 Bonds,Council District 1 Pedestrian Safety/ Crosswalk Program,2025,2025,1,0,260000,260000,0,0,0
2025,Public/Private Development,171,Other GO CIP - Debt,Council District 14 Pedestrian Safety/ Crosswalk Program,2025,2025,14,28339,168240,139901,0,0,0
2025,Traffic Intersection Capacity & Safety Improvements,171,2017 Bonds,Council District 8 Infrastructure Improvements -VA44,2025,2025,8,0,350000,350000,0,0,0
2025,Sidewalk and Barrier Free Ramp Improvements,171,2017 Bonds,Council District 8 Sidewalks,,,8,23397,23397,0,0,0,0
2025,Public/Private Development,171,2017 Bonds,Council District 9 Traffic Signal Improvements -VA29,2025,2025,9,265000,746000,481000,0,0,0
2025,Traffic Intersection Capacity & Safety Improvements,172,Other GO CIP - Debt,Country Creek Dr- Road Closure/Turn Around,2025,2025,3,15109,546174,531065,0,0,0
2025,Bridge Repair and Modification,172,2017 Bonds,Critical Bridges,,,Citywide,51214,51214,0,0,0,0
2025,Bridge Repair and Modification,172,Other GO CIP - Debt,Critical Bridges- Camp Wisdom Road over Ricketts Creek Bridg,2025,2025,Citywide,43838,2646345,2602507,0,0,0
2025,Bridge Repair and Modification,172,2017 Bonds,Critical Bridges- Marsalis Avenue over Cedar Creek- Dallas Zoo,,,4,86373,86373,0,0,0,0
2025,Bridge Repair and Modification,172,2017 Bonds,Critical Bridges- W- Red Bird Lane over Woody Branch Creek,2025,2025,3,105165,295893,190728,0,0,0
2025,Bridge Repair and Modification,172,Other GO CIP - Debt,Critical Bridges- W. Red Bird Lane over Woody Branch Creek,2025,2025,Citywide,50360,5390548,5340188,0,0,0
2025,Thoroughfares,172,2017 Bonds,Crouch Rd From Old Ox Rd To S Lancaster Rd,2025,2025,8,809795,12011818,11202023,0,0,0
2025,Street Reconstruction,172,2017 Bonds,Currin Dr From Pebbledowne Dr To End Of Pavement,,,11,413684,413684,0,0,0,0
2025,Street Reconstruction,173,2017 Bonds,Currin Dr from St Michaels Dr to Pebbledowne Dr,,,11,891153,891153,0,0,0,0
2025,Intergovernmen tal Partnership Projects,173,2017 Bonds,D10 Transportation Improvements (MCIP),2025,2025,10,0,1000000,1000000,0,0,0
2025,Intergovernmen tal Partnership Projects,173,2024 Bonds,Danieldale Thoroughfare Expansion (Hampton to IH-35E),2025,2028,8,0,10000000,1500000,0,0,8500000
2025,Intergovernmen tal Partnership Projects,173,2006 Bonds,Davis - Hampton to Westmoreland,2025,2025,1 3,388865,427262,38398,0,0,0
2025,Intergovernmen tal Partnership Projects,173,2024 Bonds,Davis Phase I Complete Street (Clinton to Hampton),2028,2028,Citywide,0,15000000,0,0,0,15000000
2025,Intergovernmen tal Partnership Projects,173,2017 Bonds,Davis Street from Cockrell Hill to Clint,2025,2025,1,850637,851637,1000,0,0,0
2025,Intergovernmen tal Partnership Projects,173,Other GO CIP - Debt,Davis Street from Cockrell Hill to Clinton Ave,2025,2025,1,99451,3175964,3076513,0,0,0
2025,Intergovernmen tal Partnership Projects,173,2024 Bonds,Denton Complete Street (Walnut Hill to Mockingbird),2026,2028,Citywide,0,10000000,0,1500000,0,8500000
2025,Street Petitions,173,2017 Bonds,Dirk St. - Alley South Of Martel Ave. To Martel Ave.,,,14,92127,92127,0,0,0,0
2025,Street and Alley Improvements,174,2017 Bonds,District 7 Infrastructure Improvements,2025,2025,7,0,1370046,1370046,0,0,0
2025,Intergovernmen tal Partnership Projects,174,Other GO CIP - Debt,Dolphin Road from Haskell to Spring,2025,2025,27,4527385,4524684,-2701,0,0,0
2025,Traffic Intersection Capacity & Safety Improvements,174,2017 Bonds,Downtown Elmwood Infrastructure Improvem,2025,2025,1,203650,498517,294867,0,0,0
2025,Complete Street,174,2024 Bonds,Downtown Elmwood Streetscape Improvements (CD1 Funds),2026,2027,1,0,1200000,0,180000,1020000,0
2025,Traffic Signals,174,2024 Bonds,Duncanville- Ledbetter,2025,2027,3,0,655000,75000,0,580000,0
2025,Thoroughfares,174,Other GO CIP - Debt,Edd Rd From Seagoville To Garden Grove (Design and ROW only),2025,2025,8,60418,59662,-756,0,0,0
2025,Thoroughfares,174,2017 Bonds,Edd Rd From Seagoville To Garden Grove [Design and ROW only],2025,2025,8,470261,617489,147228,0,0,0
2025,Intergovernmen tal Partnership Projects,174,2024 Bonds,Edd Thoroughfare Expansion (Seagoville to Garden Grove),2025,2025,8,0,7854105,7854105,0,0,0
2025,Street Reconstruction,174,2017 Bonds,Edelweiss Cir From Hillcrest Rd To End Of Pavement,,,11,555850,555850,0,0,0,0
2025,Intergovernmen tal Partnership Projects,175,Other GO CIP - Debt,Elam Road Safe Routes to School,,,Citywide,863159,863159,0,0,0,0
2025,Street and Alley Improvements,175,2017 Bonds,Elmwood Area Street Lighting,,,1,12161,12161,0,0,0,0
2025,Complete Street,175,2024 Bonds,Elsie Faye Heggins TOD Connections (2nd to Scyene),2025,2028,7,0,9143137,1365637,0,0,7777500
2025,Complete Street,175,2024 Bonds,Ervay Two-Way Conversion Design (I-30 to St. Paul),2026,2026,Citywide,0,450000,0,450000,0,0
2025,Public/Private Development,175,2017 Bonds,Ewing Ave. From I35 E To Clarendon,2025,2025,4,1429520,12006994,10577474,0,0,0
2025,Target Neighborhood,175,2017 Bonds,Fellows Ln From Saipan St To End Of Pavement,,,7,680904,680904,0,0,0,0
2025,Streetscape- Urban Design,175,2017 Bonds,Ferguson Rd And Lakeland Dr Intersection Improvements,2025,2025,7,246040,245615,-426,0,0,0
2025,Streetscape- Urban Design,175,2017 Bonds,Ferguson Rd From Oates Dr To Lakeland Dr,2025,2025,7,244205,243780,-426,0,0,0
2025,Traffic Signals,176,2024 Bonds,Ferguson-Fenwick,2025,2028,9,0,1500000,120000,0,0,1380000
2025,Traffic Signals,176,2024 Bonds,Ferguson-Graycliff,2025,2026,27,0,655000,45000,610000,0,0
2025,Traffic Signals,176,2024 Bonds,Ferris Branch- Whitehurst,2025,2028,10,0,655000,75000,0,0,580000
2025,Intergovernmen tal Partnership Projects,176,2024 Bonds,Field and Griffin Complete Street (CD14 Funds),2026,2026,14,0,1000000,0,1000000,0,0
2025,Traffic Signals,176,2024 Bonds,Fox Creek-Mountain Creek,2025,2027,3,0,655000,75000,0,580000,0
2025,Street Resurfacing,176,2017 Bonds,Frankford Rd from Hillcrest Rd to Coit Rd,,,12,3494328,3494328,0,0,0,0
2025,Street Resurfacing,176,2017 Bonds,Frankford Rd from Preston Rd to Hillcrest Rd,,,12,2525350,2525350,0,0,0,0
2025,Street and Alley Improvements,176,Other GO CIP - Non-Debt,FY18 Street and Alley Improvement Projec,2025,2028,Citywide,134063896,209201484,1525978,14722322,14722322,44166966
2025,Street and Alley Improvements,176,Other GO CIP - Non-Debt,FY20 DWU Fee for Unserved Areas,2025,2028,Citywide,33795452,71601315,180455,7525082,7525082,22575245
2025,Intergovernmen tal Partnership Projects,176,2017 Bonds,Garland/Gaston/ East Grand Intersection Safety Improvements,2025,2025,2914,315743,1104597,788854,0,0,0
2025,Intergovernmen tal Partnership Projects,176,2017 Bonds,Garland/Gaston/East Grand Intersection Safety Improvements,2025,2025,2914,92426,4931,-87495,0,0,0
2025,Street Reconstruction,176,2017 Bonds,Geraldine Dr From Kendale Dr To Lombardy Ln,,,6,1313638,1313638,0,0,0,0
2025,Street Reconstruction,177,2017 Bonds,Gilbert Ave From Oak Lawn Ave To Reagan St,2025,2025,14,161895,158284,-3612,0,0,0
2025,Street Petitions,177,2017 Bonds,Ginger Ave. - Dacki Ave. To Goldie Ave. - Brandon St.,,,3,248346,248346,0,0,0,0
2025,Street Petitions,177,Other GO CIP - Debt,Ginger Ave. - Dacki Ave. To Goldie Ave./ Brandon St. (Street),2025,2025,3,36776,2525742,2488965,0,0,0
2025,Alley Petitions,177,Other GO CIP - Debt,Glenleigh Dr.- Manning Ln. Existing Pavement To Manchester,,,13,109194,109194,0,0,0,0
2025,Traffic Signals,177,2024 Bonds,Great Trinity Forest- Longbranch,2026,2027,58,0,655000,0,75000,580000,0
2025,Street Reconstruction,177,2017 Bonds,Greenhollow Ln From Coit Rd To Sapling Way,2025,2025,11,220706,671066,450359,0,0,0
2025,Traffic Signals,177,2024 Bonds,Greenspan- Wheatland,2027,2028,8,0,655000,0,0,75000,580000
2025,Traffic Signals,177,2024 Bonds,Greenville- Henderson,2027,2028,214,0,655000,0,0,75000,580000
2025,Street Petitions,178,2024 Bonds,Grove Hill Road from Forney Road to Samuell Blvd,2026,2027,7,0,4624898,0,693735,3931163,0
2025,Street Petitions,178,2024 Bonds,Hartsdale Ave from Remond to existing pave north of Tangiers,2025,2027,1,0,556354,83116,0,473238,0
2025,Complete Street,178,2024 Bonds,Harwood - Woodall Rogers To Main (CD14 Funds),2025,2027,14,0,699475,104475,0,595000,0
2025,Complete Street,178,2024 Bonds,Harwood - Woodall Rogers To Main (CW Funds),2025,2027,14,0,14888825,2223825,0,12665000,0
2025,Traffic Signals,178,2024 Bonds,Haskell-Private Driveway,2025,2028,214,0,655000,75000,0,0,580000
2025,Intergovernmen tal Partnership Projects,178,1995 Bonds,Hatcher - Haskell To Indus,2025,2025,2 7,144000,145000,1000,0,0,0
2025,Traffic Signals,178,2024 Bonds,Haverwood-Pear Ridge,2027,2028,214,0,655000,0,0,75000,580000
2025,Street Reconstruction,178,2017 Bonds,Hay St From Ring St To End Of Pavement,,,2,296543,296543,0,0,0,0
2025,Target Neighborhood,178,2017 Bonds,Holly Hill from Phoenix to Pineland,,,13,1479734,1479734,0,0,0,0
2025,Street Petitions,178,2017 Bonds,Hord Ave. - Moler St. To Brandon St.,,,3,163559,163559,0,0,0,0
2025,Street Petitions,178,Other GO CIP - Debt,Hord Ave. - Moler St. To Brandon St. (Street),2025,2025,3,17063,1232779,1215716,0,0,0
2025,Target Neighborhood,178,2017 Bonds,Hughes Lane from Churchill Way to Lafayette Way,,,11,1276822,1276822,0,0,0,0
2025,Street Reconstruction,178,2017 Bonds,Hughes Ln from Wilderness Ct to Preston Rd,,,11,1143921,1143921,0,0,0,0
2025,Streetscape- Urban Design,178,2017 Bonds,Hutchins - Eads/ Colorado to Hutchins/8th,2025,2025,Citywide,472077,1400000,927923,0,0,0
2025,Street Reconstruction,178,Other GO CIP - Debt,Hutchins - Eads/ Colorado to Hutchins/8th. St Reconstruction,,,Citywide,61285,61285,0,0,0,0
2025,Intergovernmen tal Partnership Projects,179,2024 Bonds,I-30 East Deep Ellum/ Fair Park Street Grid Improvements,2028,2028,27,0,6900000,0,0,0,6900000
2025,Traffic Signals,179,2024 Bonds,Illinois/Mountain Creek-Spur408/ Walton Walker,2026,2027,12,0,655000,0,75000,580000,0
2025,Traffic Signals,179,2024 Bonds,Illinois-Pierce,2025,2025,13,0,75000,75000,0,0,0
2025,Traffic Signals,179,2024 Bonds,Illinois-Western Park,2025,2028,13,0,655000,75000,0,0,580000
2025,Street Resurfacing,179,2006 Bonds,Industrial Blvd - Cadiz St to Continental Ave,,,26,2359816,2359816,0,0,0,0
2025,Alley Reconstruction,179,2024 Bonds,Irving Blvd (SH356) Over Elm Fork Trinity River,2025,2028,6,0,24750000,3712500,11996996,0,9040504
2025,Streetscape- Urban Design,179,2017 Bonds,Jefferson Blvd From Adams Ave To Polk St,2025,2025,1,179543,1495291,1315748,0,0,0
2025,Complete Street,179,2024 Bonds,Jefferson Complete Street Design (Hampton to Polk),2026,2026,Citywide,0,3000000,0,3000000,0,0
2025,Target Neighborhood,179,Other GO CIP - Debt,Jefferson/Twelfth Connector Lane Diet/Removal,2025,2025,1,139696,111946,-27750,0,0,0
2025,Target Neighborhood,179,2017 Bonds,Jefferson-Twelfth Connector Lane Diet-Removal,,,1,4339588,4339588,0,0,0,0
2025,Traffic Signals,179,2024 Bonds,Jefferson-Van Buren,2027,2028,1,0,655000,0,0,75000,580000
2025,Traffic Signals,179,2024 Bonds,Jim Miller-Piedmont,2025,2028,5,0,1235000,655000,0,0,580000
2025,Traffic Signals,179,2024 Bonds,Katy Trail-Knox,2025,2025,14,0,655000,655000,0,0,0
2025,Street Reconstruction,179,2017 Bonds,Kernack St From Phinney Ave To Burns Ave,2025,2025,1,198947,1232114,1033168,0,0,0
2025,Complete Street,180,Other GO CIP - Debt,Knox from Katy Trail to US 75,2025,2025,14,283128,1238296,955168,0,0,0
2025,Complete Street,180,2024 Bonds,La Vista - Paulus To Gaston,2026,2027,14,0,1100000,0,165000,935000,0
2025,Hike and Bike Trails,180,2012 Bonds,Lake Highlands Trail From White Rock Cre,2025,2025,10,1015375,1966267,950892,0,0,0
2025,Hike and Bike Trails,180,2017 Bonds,Lake Highlands Trail From White Rock Creek Trail to Skillman,,,10,726394,726394,0,0,0,0
2025,Traffic Signals,180,2024 Bonds,Lake June-Prichard,2025,2028,5,0,655000,75000,0,0,580000
2025,Streetscape- Urban Design,180,Other GO CIP - Debt,Lamar Streetscape Project,2025,2025,14,39932,40017,85,0,0,0
2025,Intergovernmen tal Partnership Projects,180,2017 Bonds,LBJ/Skillman Intersection Improvements,,,10,176682,176682,0,0,0,0
2025,Street Reconstruction,180,2012 Bonds,Ledbetter Dr (E) From Kolloch Dr to Mayf,2025,2025,4,147112,402093,254982,0,0,0
2025,Street Reconstruction,180,2012 Bonds,Ledbetter Dr (E) From Kolloch Dr to Mayforge Dr,,,4,430241,430241,0,0,0,0
2025,Street Reconstruction,181,2017 Bonds,Lemmon Ave E from Lemmon Ave E to Oak Grove Ave,2025,2025,14,429220,1221000,791781,0,0,0
2025,Traffic Signals,181,2024 Bonds,Lemmon East-Oak Grove,2025,2028,14,0,655000,75000,0,0,580000
2025,Street Petitions,181,2024 Bonds,Levelland Rd Duffield Dr To Winding Creek Rd,2025,2028,12,0,2779475,416922,0,0,2362553
2025,Intergovernmen tal Partnership Projects,181,2024 Bonds,Lovers Ln. Complete Street (Lemmon to Lomo Alto),2025,2028,6 13,0,6495125,970125,0,0,5525000
2025,Bridge Repair and Modification,181,2024 Bonds,Malcolm X Over DART,2025,2028,7,0,12750000,1912500,0,0,10837500
2025,Street Reconstruction,181,Other GO CIP - Debt,MAPLE AVE FROM 700' SOUTH OF MOCKINGBIRD LN TO MOCKINGBIRD L,2025,2025,2,13760,13382,-378,0,0,0
2025,Street Reconstruction,181,2017 Bonds,Maple Ave From 700 South Of Mockingbird Ln To Mockingbird Ln,2025,2025,2,1964824,2013561,48737,0,0,0
2025,Street Reconstruction,181,2017 Bonds,Marfa Ave From Biglow St To Easter Ave,2025,2025,4,93984,1008310,914326,0,0,0
2025,Street Reconstruction,181,2017 Bonds,Marfa Ave from Fernwood Ave to S Lancaster Rd,2025,2025,4,99888,2379878,2279990,0,0,0
2025,Street Petitions,181,2024 Bonds,Marlborough Ave from Brandon to exist concrete S. of Emmett,2025,2027,1,0,1767240,264015,0,1503225,0
2025,Intergovernmen tal Partnership Projects,181,2024 Bonds,Martin Luther King Jr. Complete Street,2026,2028,Citywide,0,6000000,0,900000,0,5100000
2025,Traffic Signals,181,2024 Bonds,Matilda-University,2027,2028,9,0,655000,0,0,75000,580000
2025,Street Resurfacing,182,2012 Bonds,Mayforge Dr From Le Forge Ave to E Ledbe -S455,,,4,187653,187653,0,0,0,0
2025,Street Resurfacing,182,2012 Bonds,Mayforge Dr From Le Forge Ave to E Ledbetter Dr,,,4,339948,339948,0,0,0,0
2025,Sidewalk and Barrier Free Ramp Improvements,182,2017 Bonds,Mc Kinney Ave Pedestrian Safety Improvement,2025,2025,14,761886,899865,137979,0,0,0
2025,Traffic Signals,182,2024 Bonds,McCree-Plano,2025,2026,10,0,655000,75000,580000,0,0
2025,Intergovernmen tal Partnership Projects,182,2017 Bonds,McKinney Ave/Cole Two Way Conversion,2025,2025,14,4214387,6082731,1868344,0,0,0
2025,Street Reconstruction,182,2017 Bonds,Meadow Park Dr from Stone Canyon Rd to Regal Park Ln,,,11,1294422,1294422,0,0,0,0
2025,Thoroughfares,182,2017 Bonds,Merit Dr From Clodus Fields Dr To Churchill Way,2025,2025,11,3299093,3295784,-3309,0,0,0
2025,Thoroughfares,183,2017 Bonds,Merit From Church Hill Way To LBJ,,,11,3570349,3570349,0,0,0,0
2025,Thoroughfares,183,Other GO CIP - Debt,Merit From Church Hill Way To Lbj,2025,2025,11,59825,56042,-3782,0,0,0
2025,Complete Street,183,2017 Bonds,Military Parkway Complete St (D7),,,7,200000,200000,0,0,0,0
2025,Streetscape- Urban Design,183,Other GO CIP - Debt,Military Parkway from Elva Ave to Rockbluff Dr (Complete St),2025,2025,5,0,2051629,2051629,0,0,0
2025,Streetscape- Urban Design,183,2017 Bonds,Military Parkway from Elva Ave to Rockbluff Dr (Complete Street),,,5,493966,493966,0,0,0,0
2025,Intergovernmen tal Partnership Projects,183,2024 Bonds,Military Pkwy Complete Street (Forney to Buckner),2026,2026,Citywide,0,1000000,0,1000000,0,0
2025,Sidewalk and Barrier Free Ramp Improvements,183,2024 Bonds,Missing sidewalk on Glencoe St from Martel to Morningside,2026,2026,14,0,209600,0,209600,0,0
2025,Street Reconstruction,183,2017 Bonds,Montague Ave from Yewpon Ave to Ramona,,,4,1457413,1457413,0,0,0,0
2025,Thoroughfares,183,2017 Bonds,Morgan Dr From Plaza Blvd To Nandina Dr,2025,2025,4,2546049,2570376,24326,0,0,0
2025,Thoroughfares,183,2017 Bonds,Morrell Ave From Bonnie View Rd To High St,,,4,813747,813747,0,0,0,0
2025,Intergovernmen tal Partnership Projects,184,2012 Bonds,Motor St - IH 35E to Medical Center Dr,,,2,867841,867841,0,0,0,0
2025,Street Reconstruction,184,2017 Bonds,Murray St From Main St To Canton St,,,2,815281,815281,0,0,0,0
2025,Street Reconstruction,184,2017 Bonds,Myers Cir from Myers Cir to Elam Rd,2025,2025,8,1093058,1099559,6501,0,0,0
2025,Target Neighborhood,184,2012 Bonds,N Arcadia Dr From S Ira Ave S Tillery Ave,,,6,5890,5890,0,0,0,0
2025,Street Reconstruction,184,2017 Bonds,N Fitzhugh Ave from McKinney Ave to Cole Ave,,,14,154775,154775,0,0,0,0
2025,Thoroughfares,184,2017 Bonds,N Hall St From Cochran St To Central Expwy Srv Rd,,,14,546684,546684,0,0,0,0
2025,Thoroughfares,184,2017 Bonds,N Hall St From Munger Ave To Cochran St,,,14,621176,621176,0,0,0,0
2025,Complete Street,185,2024 Bonds,N Hall St from N Central Serv W to Oak Grove Ave,2026,2026,14,0,500000,0,500000,0,0
2025,Thoroughfares,185,2017 Bonds,N Hall St From Ross Ave To Munger Blvd,2025,2025,14,1328332,1327386,-946,0,0,0
2025,Target Neighborhood,185,2012 Bonds,N Ira Ave From N Arcadia Dr To W Jefferson Blvd,,,6,5890,5890,0,0,0,0
2025,Street Reconstruction,185,2017 Bonds,N Lancaster Ave From E. Colorado Blvd To Addison St,2025,2025,1,795131,1375372,580240,0,0,0
2025,Sidewalk and Barrier Free Ramp Improvements,185,2024 Bonds,N Masters Dr (east side) - Carolina Oaks Dr to Abraham Dr,2025,2025,7,0,290199,290199,0,0,0
2025,Street Reconstruction,185,2017 Bonds,N Morocco Ave From Goodman St To N Justin Ave,,,6,921585,921585,0,0,0,0
2025,Street Reconstruction,185,2017 Bonds,N Munger Blvd from Junius St to Gaston Ave,2025,2025,14,1668807,1668618,-189,0,0,0
2025,Street Reconstruction,186,2017 Bonds,N Munger Blvd from Tremont St to Worth St,2025,2025,14,1085600,1085411,-189,0,0,0
2025,Thoroughfares,186,2017 Bonds,N Munger Blvd From Worth St To Junius St,2025,2025,3,878281,878092,-189,0,0,0
2025,Streetscape- Urban Design,186,2017 Bonds,N PEARL ST / FLORA ST STREETSCAPE AND PEDESTRIAN IMPROVEMENT,,,14,0,0,0,0,0,0
2025,Streetscape- Urban Design,186,2017 Bonds,N Pearl St/Flora St Streetscape & Pedestrian Improvements,2025,2025,14,106848,1030715,923866,0,0,0
2025,Street Reconstruction,186,2017 Bonds,N Walton St From Elm St To End Of Pavement,,,2,666633,666633,0,0,0,0
2025,Street Reconstruction,186,2017 Bonds,Nagle St from Denton Dr to Overlake Dr,,,6,1934337,1934337,0,0,0,0
2025,Target Neighborhood,186,Other GO CIP - Debt,North Boulevard Terrace Extension/ Bridget To Plymouth,2025,2025,1,92435,6025503,5933069,0,0,0
2025,Target Neighborhood,186,2017 Bonds,North Boulevard Terrace Extension- Bridget To Plymouth,2025,2025,1,552388,722656,170268,0,0,0
2025,Street Resurfacing,186,2017 Bonds,Northaven Rd from Marsh Ln to Cox Ln,,,13,0,0,0,0,0,0
2025,Street Reconstruction,187,2017 Bonds,Northcreek Ln from L B J Serv N to End of Pavement,2025,2025,11,859611,881394,21783,0,0,0
2025,Intergovernmen tal Partnership Projects,187,2017 Bonds,Northwest Highway/ Preston Parking/ Transportation Interface,2025,2025,Citywide,22871,10012838,9989967,0,0,0
2025,Alley Petitions,187,Other GO CIP - Debt,Palo Pinto Ave. And Velasco Ave - Concho St. To Skillman St,2025,2025,14,172136,169677,-2458,0,0,0
2025,Street and Alley Improvements,187,2012 Bonds,Park Row Ave From South Central Expy to Jeffries St-Lighting,,,7,14123,14123,0,0,0,0
2025,Traffic Signals,187,2024 Bonds,Pastor Bailey-Red Bird,2025,2026,3,0,655000,75000,580000,0,0
2025,Complete Street,187,2024 Bonds,Peak Complete Street (Lemmon/ Haskell to Parry),2025,2028,2 7,0,22110000,3316500,0,0,18793500
2025,Street Lighting,187,2024 Bonds,Peaks Addition Historic Lighting,2027,2028,2,0,1323100,0,0,140000,1183100
2025,Street Resurfacing,187,2017 Bonds,Pearson Dr from Avalon Ave to Lakewood Blvd,,,9,0,0,0,0,0,0
2025,Streetscape- Urban Design,188,2017 Bonds,Pedestrian Way On Elm St Between Ervay - Stone St,,,Citywide,0,0,0,0,0,0
2025,Street Reconstruction,188,2024 Bonds,Peyton Drive from Meandering Way to Spring Valley Road,2025,2028,11,0,3404239,510636,0,0,2893603
2025,Target Neighborhood,188,2017 Bonds,Phoenix from Fair Oaks to Holly Hill,,,13,953321,953321,0,0,0,0
2025,Intergovernmen tal Partnership Projects,188,2017 Bonds,Prairie Creek Bridge over UPRR Tracks,,,7,876947,876947,0,0,0,0
2025,Traffic Signals,188,2024 Bonds,Preston Royal SC- Royal,2027,2028,13,0,655000,0,0,75000,580000
2025,Public Art,188,2024 Bonds,Public Art Admin - Street and Transportation,2025,2025,Citywide,0,14548,14548,0,0,0
2025,Public Art,188,2024 Bonds,Public Art Projects - Street and Transportation,2025,2025,Citywide,0,58190,58190,0,0,0
2025,Streetscape- Urban Design,188,2024 Bonds,Quiet Zones,2028,2028,Citywide,25000,525000,0,0,0,500000
2025,Street Reconstruction,188,2017 Bonds,Rayenell Ave from Hodde St to CF Hawn Serv S,,,5,2070807,2070807,0,0,0,0
2025,Street Petitions,188,2017 Bonds,Ridgecrest Rd. - Holly Hill Dr. To Sopac Tr E Of Eastridge,2025,2025,13,790869,6188769,5397900,0,0,0
2025,Street Reconstruction,188,2017 Bonds,Ridgedale Ave from McMillan Ave to Worcola St,2025,2025,14,35266,780136,744870,0,0,0
2025,Intergovernmen tal Partnership Projects,189,2017 Bonds,Riverfront From Uppr Tracks To Cadiz,2025,2025,126,4668645,4799812,131167,0,0,0
2025,Street Reconstruction,189,2017 Bonds,Rolling Rock Ln from Hackney Ln to Fern Hollow Dr,,,10,1235955,1235955,0,0,0,0
2025,Target Neighborhood,189,2017 Bonds,Rosemont Rd From Buckner To Hillburn,,,5,2126728,2126728,0,0,0,0
2025,Target Neighborhood,189,2017 Bonds,Rosemont Rd From Hillburn To Jim Miller,,,5,6336495,6336495,0,0,0,0
2025,Intergovernmen tal Partnership Projects,189,2024 Bonds,Ross Ave from IH345 to N Haskell Ave,2025,2028,14,0,599550,89550,0,0,510000
2025,Sidewalk and Barrier Free Ramp Improvements,189,2024 Bonds,S Cockrell Hill Rd (west side)-Alley S of Image to Briarglen,2025,2025,3,0,437704,437704,0,0,0
2025,Street Reconstruction,189,2017 Bonds,S Murdeaux Ln from Great Trinity Forest Way to Olusta Dr,,,8,900358,900358,0,0,0,0
2025,Street Reconstruction,190,2017 Bonds,S Patton Ave from E 10th St to E. Jefferson Blvd,,,1,525687,525687,0,0,0,0
2025,Intergovernmen tal Partnership Projects,190,2024 Bonds,San Jacinto Complete Street (Lamar to Ross),2026,2028,Citywide,0,6900000,0,1035000,0,5865000
2025,Street Reconstruction,190,2017 Bonds,San Jacinto St From N Pearl St To Crockett St,2025,2025,14,157735,784963,627227,0,0,0
2025,Sidewalk and Barrier Free Ramp Improvements,190,2024 Bonds,San Jose Dr from Avon St to Chevez Dr,2026,2026,1,0,351866,0,351866,0,0
2025,Street Reconstruction,190,2017 Bonds,Sapling Way From Clearsprings Rd To Greenhollow Ln,2025,2025,11,206269,429130,222861,0,0,0
2025,Street Reconstruction,190,2017 Bonds,Shaw St from Navaro St to Harston St,2025,2025,6,1568611,1568637,25,0,0,0
2025,Intergovernmen tal Partnership Projects,190,2024 Bonds,Shorecrest Thoroughfare Expansion (Harry Hines to Lemmon),2026,2028,Citywide,0,2500000,0,375000,0,2125000
2025,Sidewalk and Barrier Free Ramp Improvements,190,2024 Bonds,Sidewalk (leave outs) (east side only) on Easton Road,2025,2025,9,0,88613,88613,0,0,0
2025,Sidewalk and Barrier Free Ramp Improvements,191,2024 Bonds,Sidewalk Cost Share Program,2025,2028,Citywide,0,10750000,2150000,2150000,2150000,4300000
2025,Sidewalk and Barrier Free Ramp Improvements,191,2024 Bonds,Sidewalk Improvements in CD11 (CD11 Funds),2026,2026,11,0,144886,0,144886,0,0
2025,Sidewalk and Barrier Free Ramp Improvements,191,2024 Bonds,Sidewalk Improvements in CD11 (CDSF Funds),2026,2026,11,0,1000000,0,1000000,0,0
2025,Sidewalk and Barrier Free Ramp Improvements,191,2024 Bonds,Sidewalk leave outs Haines (east side) - Neches to Wickford,2025,2025,1,0,25840,25840,0,0,0
2025,Sidewalk and Barrier Free Ramp Improvements,191,2024 Bonds,Sidewalk leave outs Woodlawn (east side) Neches to Wickford,2025,2025,1,0,107644,107644,0,0,0
2025,Sidewalk and Barrier Free Ramp Improvements,191,Other Transportation Capital,Sidewalk Master Plan,2025,2025,Citywide,9999530,10000000,470,0,0,0
2025,Public/Private Development,191,2017 Bonds,Skillman at Walnut Hill (Complete Street) -VA22,2025,2025,10,0,209747,209747,0,0,0
2025,Traffic Intersection Capacity & Safety Improvements,191,2024 Bonds,Skillman Street from Live Oak St to E Mockingbird Ln,2025,2026,14,0,500000,50000,450000,0,0
2025,Intergovernmen tal Partnership Projects,191,2024 Bonds,Skillman Streetscape Improvements- Walnut Hill to Forest- CD10,2026,2028,10,0,2000000,0,300000,0,1700000
2025,Intergovernmen tal Partnership Projects,191,2024 Bonds,Skillman Streetscape Improvements- Walnut Hill to Forest- CDSF,2026,2028,10,0,2000000,0,300000,0,1700000
2025,Intergovernmen tal Partnership Projects,191,2024 Bonds,Skillman Streetscape Improvements- Walnut Hill to Forest- CW,2026,2028,Citywide,0,1000000,0,150000,0,850000
2025,Street and Alley Improvements,191,2017 Bonds,South Blvd From South Central Expy To Meadow St Lighting,,,7,10905,10905,0,0,0,0
2025,Thoroughfares,191,2006 Bonds,State-Thomas - McKinney Ave.,2025,2025,Citywide,2677475,2787883,110408,0,0,0
2025,Street and Alley Improvements,192,Other GO CIP - Non-Debt,Street and Alley Improvement Project - I,2025,2028,Citywide,5590799,55970987,380189,10000000,10000000,30000000
2025,Street Lighting,192,2017 Bonds,Street Illumination Construction Replacement or Upgrade,2025,2025,Citywide,428502,2150000,1721498,0,0,0
2025,Street Lighting,192,2024 Bonds,Street Lighting Projects,2028,2028,Citywide,0,750000,0,0,0,750000
2025,Street and Alley Improvements,192,2017 Bonds,Street Lights At Parkdale Dr And Lawnview Ave,,,5,16413,16413,0,0,0,0
2025,Street and Alley Improvements,192,2017 Bonds,Street Lights Within Claremont Neighborhood,,,7,4406,4406,0,0,0,0
2025,Street Reconstruction,192,2024 Bonds,Streets - 2024 Bond Projects Reserve,2025,2025,Citywide,0,3778175,3778175,0,0,0
2025,Street Resurfacing,192,2024 Bonds,Streets Sidewalks Alleys Other - CDSF Project-CD7,2025,2025,7,0,500000,500000,0,0,0
2025,Street Resurfacing,192,2024 Bonds,Streets Sidewalks Alleys Other - CDSF Project-CD8,2025,2025,8,0,1000000,1000000,0,0,0
2025,Street Resurfacing,192,2024 Bonds,TBD - CD14 Street Proposition Projects,2027,2027,14,0,100000,0,0,100000,0
2025,Intergovernmen tal Partnership Projects,192,2024 Bonds,The Bottom Phase III - Local Match,2025,2028,4,0,916312,136862,0,0,779450
2025,Traffic Signals,192,2024 Bonds,Traffic Signal and Technology Upgrades,2025,2028,Citywide,0,16575000,1825000,1550000,2300000,10900000
2025,Traffic Intersection Capacity & Safety Improvements,192,2017 Bonds,Traffic Signal Construction,2025,2025,Citywide,5790998,10000000,4209002,0,0,0
2025,Traffic Intersection Capacity & Safety Improvements,192,2017 Bonds,Traffic Signal Infrastrucure Asset Management,2025,2025,Citywide,0,350000,350000,0,0,0
2025,Public/Private Development,192,2017 Bonds,Traffic Signal Installations,2025,2025,Citywide,13919840,16790117,2870277,0,0,0
2025,Public/Private Development,193,2017 Bonds,Traffic Signal Synchronization Project,2025,2025,Citywide,4192154,7548725,3356571,0,0,0
2025,Hike and Bike Trails,193,2012 Bonds,Trinity River Trail From Sylvan to Moore,2025,2025,Citywide,4027189,4387985,360796,0,0,0
2025,Street Petitions,193,2017 Bonds,Trojan St. - Burma Rd. To Fellows Ln.,,,7,195204,195204,0,0,0,0
2025,Street Petitions,193,Other GO CIP - Debt,Trojan St. - Burma Rd. To Fellows Ln. (Street),,,7,1041375,1041375,0,0,0,0
2025,Traffic Intersection Capacity & Safety Improvements,193,2024 Bonds,Tyler-Sylvan- Colorado Intersection Realignment,2026,2027,1,0,3930000,0,400000,3530000,0
2025,Target Neighborhood,193,2017 Bonds,Upton St From I-35 E To 12th St,,,4,154266,154266,0,0,0,0
2025,Target Neighborhood,193,Other GO CIP - Debt,Upton St From I-35 E To 12Th St,2025,2025,4,456895,617330,160435,0,0,0
2025,Street Lighting,193,2024 Bonds,Uptown - Woodall Rodgers to Olive,2025,2027,14,0,544192,55000,0,489192,0
2025,Intergovernmen tal Partnership Projects,193,2017 Bonds,US 75/ Mockingbird/ Lovers Lane Pedestrian Improvements-V144,,,14,5897,5897,0,0,0,0
2025,Intergovernmen tal Partnership Projects,193,2012 Bonds,Us 75/Mockingbird/ Lovers Lane Pedestrian Improvements,,,14,5890,5890,0,0,0,0
2025,Intergovernmen tal Partnership Projects,193,2017 Bonds,UT Southwestern Medical District,2025,2025,2,15211,7515211,7500000,0,0,0
2025,Street Reconstruction,193,2017 Bonds,Vanette Ln From Fitzsimmons Dr To S Marsalis Ave,,,4,919658,919658,0,0,0,0
2025,Traffic Intersection Capacity & Safety Improvements,194,2024 Bonds,Vision Zero Projects - CD5 - CD5 Funds,2025,2025,5,0,65324,65324,0,0,0
2025,Traffic Intersection Capacity & Safety Improvements,194,2024 Bonds,Vision Zero Projects - CD5 - CDSF Funds,2025,2026,5,0,547100,45000,502100,0,0
2025,Traffic Intersection Capacity & Safety Improvements,194,2024 Bonds,Vision Zero Projects - Citywide,2025,2028,Citywide,0,7999999,624531,800000,900000,5675468
2025,Street Reconstruction,194,2017 Bonds,W 12th St from Briscoe Blvd to Hampton Rd,2025,2025,1,168765,853447,684682,0,0,0
2025,Street Petitions,194,2024 Bonds,W Ricks Circle from Tibbs St to Northaven Road,2025,2027,11,0,1106121,165213,0,940908,0
2025,Traffic Signals,194,2017 Bonds,Walnut Hill and White Rock Trail Signal,,,10,243999,243999,0,0,0,0
2025,Intergovernmen tal Partnership Projects,194,2017 Bonds,Walnut St at Whispering Hills,2025,2025,10,0,138002,138002,0,0,0
2025,Street Reconstruction,194,2017 Bonds,Waneta Dr From Robin Rd To Inwood Rd,2025,2025,2,140898,520818,379920,0,0,0
2025,Thoroughfares,194,2017 Bonds,Webb Chapel Rd From Silverton Dr To Northaven Rd,2025,2025,13,5168318,5325036,156718,0,0,0
2025,Street Resurfacing,194,Other GO CIP - Debt,WEST DALLAS GATEWAY,2025,2025,6,3362754,44760780,41398026,0,0,0
2025,Target Neighborhood,195,Other GO CIP - Debt,Westshore - Santa Fe Tr - Alley N Of Coronado (Rw/Dng & Sw),,,14,32255,32255,0,0,0,0
2025,Target Neighborhood,195,2017 Bonds,Westshore - Santa Fe Trail - Alley North Of Coronado,2025,2025,14,214155,213217,-938,0,0,0
2025,Intergovernmen tal Partnership Projects,195,2017 Bonds,Wheatland Road From City Limits To University Hills,2025,2025,8,1541500,1674149,132649,0,0,0
2025,Hike and Bike Trails,195,2024 Bonds,White Rock Trail Project - CDSF Project-CD9 (Prop A),2025,2025,9,0,500000,500000,0,0,0
2025,Street Reconstruction,195,2017 Bonds,Woodmeadow From La Prada West To The End,,,9,3734159,3734159,0,0,0,0
2025,Street Reconstruction,195,2012 Bonds,WOODMEADOW FROM LA PRADA WEST TO THE END OF DIVIDED ROADWAY,,,9,70151,70151,0,0,0,0
2025,Traffic Signals,195,2024 Bonds,Worcola-University Crossing Trail,2025,2026,9,0,655000,75000,580000,0,0
2025,Sidewalk and Barrier Free Ramp Improvements,195,2017 Bonds,Wright Street From S. Oak Cliff To Edgefield,2025,2025,1,229526,910363,680837,0,0,0
2025,Street Petitions,195,Other GO CIP - Debt,Dirk St. - Alley South Of Martel Ave. To Martel Ave. (St),,,14,13704,13704,0,0,0,0
2025,Bridge Repair and Modification,196,Other GO CIP - Debt,Critical Bridges- Marsh Lane over Furneaux Creek Bridge Repa,,,12,231,231,0,0,0,0
2025,Sidewalk and Barrier Free Ramp Improvements,196,2012 Bonds,Coombs Creek SUP Sidewalk from W Jefferson Blvd to W Clarend,2025,2025,1,0,120000,120000,0,0,0
2025,Sidewalk and Barrier Free Ramp Improvements,196,2012 Bonds,Boedecker Street / St. Michaels Drive Sidewalk and Bicycle,2025,2025,11,0,80000,80000,0,0,0
2025,Street Resurfacing,196,2024 Bonds,Streets Sidewalks Alleys Other - CDSF Project-CD4,2027,2027,4,0,50000,0,0,50000,0
2025,Street Resurfacing,196,2024 Bonds,Streets Sidewalks Alleys Other - CDSF Project-CD6,2027,2027,6,0,1000000,0,0,1000000,0
2025,Street Resurfacing,196,2024 Bonds,6300 Oakleaf Rd 6300 Pineview Rd,2026,2026,12,0,622308,0,622308,0,0
2025,Street Resurfacing,196,2024 Bonds,9700 Springtree Ln 9700-9800 Summerwood Cir,2026,2026,10,0,712706,0,712706,0,0
2025,Street Petitions,196,2024 Bonds,Creek Bend Dr Davenport Rd To Frankford Rd,2026,2027,12,0,1467180,0,220077,1247103,0
2025,Street Reconstruction,196,2024 Bonds,Street Reconstruction & Resurfacing,2026,2026,Citywide,0,15500121,0,15500121,0,0
2025,Water Treatment Plants and Associated Facilities,201,Water Capital Program,2027 Water Revenue Bonds,2027,2027,Citywide,0,34000000,0,0,34000000,0
2025,Water Treatment Plants and Associated Facilities,201,Water Capital Program,2028 Water Revenue Bonds,2028,2028,Citywide,0,34000000,0,0,0,34000000
2025,Relocations in Advance of Paving,201,Sewer Capital Program,86-87 Ws Rev Bond Complete,2025,2025,Citywide,0,7144857,7144857,0,0,0
2025,Service Centers Offices and Research Facilities,201,Sewer Capital Program,Administrative Order,2025,2025,Citywide,29035933,33038136,4002203,0,0,0
2025,Service Centers Offices and Research Facilities,201,Water Capital Program,AMR,2025,2025,Citywide,3763449,5000000,1236551,0,0,0
2025,Water Treatment Plants and Associated Facilities,201,Water Capital Program,Bachman Water Tr Pl - Facs,2025,2028,6,162429649,527792424,24762775,31400000,75400000,233800000
2025,Wastewater Treatment Plants and Associated Facilities,202,Sewer Capital Program,Central Ww Tr,2025,2025,Citywide,0,595000,595000,0,0,0
2025,Wastewater Treatment Plants and Associated Facilities,202,Sewer Capital Program,Central Ww Treat Pl - Faci,2025,2028,4,465157623,584711888,94554265,5000000,15000000,5000000
2025,Wastewater Treatment Plants and Associated Facilities,202,Sewer Capital Program,Central Ww Treat Pl - Facs,2025,2025,4,0,47651991,47651991,0,0,0
2025,Wastewater Treatment Plants and Associated Facilities,202,Sewer Capital Program,Central Ww Treat Pl- Facs,2025,2025,4,61852099,63422504,1570405,0,0,0
2025,Water Treatment Plants and Associated Facilities,202,Water Capital Program,East Side Water Tr Pl - Fa,2025,2028,Citywide,374592413,571398622,151156209,27400000,0,18250000
2025,Water Treatment Plants and Associated Facilities,203,Water Capital Program,Elm Fork Water Tr Pl - Fac,2025,2028,Citywide,503688145,1081943148,180205003,90800000,104100000,203150000
2025,Homeowner Extensions and Unserved Areas,203,Sewer Capital Program,Future Development Initiatives - Wastewater,2025,2025,Citywide,0,8500000,8500000,0,0,0
2025,Homeowner Extensions and Unserved Areas,203,Water Capital Program,Future Development Initiatives - Water,2025,2025,Citywide,0,8500000,8500000,0,0,0
2025,Homeowner Extensions and Unserved Areas,203,Sewer Capital Program,Home-Unserv Exten - Improv,2025,2028,Citywide,150958688,175564310,8855622,3150000,3150000,9450000
2025,Relocations in Advance of Paving,203,Sewer Capital Program,Home-Unserv Exten & Improv,2025,2025,Citywide,11000,629565,618565,0,0,0
2025,Mains Pump Stations and Associated Facilities,204,Sewer Capital Program,Mains Intercept - Lift Sta,2025,2028,Citywide,538323048,1129124203,280636156,69240000,50025000,190900000
2025,Mains Pump Stations and Associated Facilities,204,Sewer Capital Program,Mains Intercept & Lift Sta,2025,2025,Citywide,0,1822024,1822024,0,0,0
2025,Mains Pump Stations and Associated Facilities,204,Sewer Capital Program,Mains Interecpt - Lift Sta,2025,2028,Citywide,161966571,200982432,8515861,7100000,4100000,19300000
2025,Mains Pump Stations and Associated Facilities,204,Sewer Capital Program,Mains Interecpt & Lift Sta,2025,2025,Citywide,0,5587579,5587579,0,0,0
2025,Mains Pump Stations and Associated Facilities,204,Water Capital Program,Mains/Pumping & Storage Fa,2025,2025,Citywide,6435219,0,-6435219,0,0,0
2025,Mains Pump Stations and Associated Facilities,204,Water Capital Program,Mains-Pumping & Storage Fa,2025,2028,Citywide,948794982,1709787306,319605322,23100000,51235000,367052000
2025,Rehabilitation and Equipment,204,Water Capital Program,Major Maintenace - Rehab,2025,2028,Citywide,216265713,269735425,5069713,9800000,9500000,29100000
2025,Rehabilitation and Equipment,204,Sewer Capital Program,Major Maintenance - Rehab,2025,2028,Citywide,102750263,160872709,36622446,4500000,4000000,13000000
2025,Rehabilitation and Equipment,205,Water Capital Program,Major Maintenance & Rehab,2025,2025,Citywide,8595268,25006100,16410832,0,0,0
2025,Rehabilitation and Equipment,205,Sewer Capital Program,Major Maintenance & Rehabilitation,2025,2025,Citywide,770276,10075000,9304724,0,0,0
2025,Service Centers Offices and Research Facilities,205,Water Capital Program,Pay 1,2025,2025,Citywide,20233154,21391000,1157846,0,0,0
2025,Public Art,205,Water Public Arts Fund,Public Art Administration - Water Utilities,2025,2028,Citywide,1449318,2757000,748932,75000,105750,378000
2025,Raw Water Pumping and Transmission,205,Water Capital Program,Raw Water Pump - Trans Fac,2025,2028,Citywide,140085773,284991009,73740986,10500000,16269250,44395000
2025,Relocations in Advance of Paving,205,Sewer Capital Program,Relocations Due To Paving,2025,2028,Citywide,363718826,700726299,196057471,26900000,20400000,93650000
2025,Service Centers Offices and Research Facilities,206,Water Capital Program,Series 2009A Revenue Bonds,2025,2025,Citywide,5737536,6447660,710124,0,0,0
2025,Mains Pump Stations and Associated Facilities,206,Water Capital Program,Series 2022 C Water Reveue Bonds TWDB,2025,2025,Citywide,41500000,114800000,73300000,0,0,0
2025,Mains Pump Stations and Associated Facilities,206,Water Capital Program,Series 2023 C Water Reveue Bonds TWDB,2025,2026,Citywide,0,68000000,34000000,34000000,0,0
2025,Service Centers Offices and Research Facilities,207,Water Capital Program,Service Ctr-Ofcs- Research,2025,2028,Citywide,84575336,186261241,45163695,5522210,16000000,35000000
2025,Service Centers Offices and Research Facilities,207,Sewer Capital Program,Service Ctr-Ofcs- Research2,2025,2025,Citywide,23128365,22676226,-452139,0,0,0
2025,Wastewater Treatment Plants and Associated Facilities,207,Sewer Capital Program,Southside Ww Tbmt,2025,2025,8,0,8458987,8458987,0,0,0
2025,Wastewater Treatment Plants and Associated Facilities,207,Sewer Capital Program,Southside Ww Treat Pl - Fa,2025,2028,8,360455052,477279406,99324353,0,0,17500000
2025,Studies and Master Plans,208,Water Capital Program,Studies-Master Plan,2025,2028,Citywide,44057176,47957674,2400498,100000,100000,1300000
2025,Studies and Master Plans,208,Sewer Capital Program,Studies-Master Plans,2025,2028,Citywide,27173894,69571766,33947872,3950000,1000000,3500000
2025,Water Supply Reservoirs and Dams,208,Water Capital Program,Supply Reservoirs - Dams,2025,2028,Citywide,135247284,217967715,53670431,2500000,5000000,21550000
2025,Mains Pump Stations and Associated Facilities,208,Water Capital Program,TWDB Wastewater (Clean Water) Project,2025,2025,Citywide,62717625,66000000,3282375,0,0,0
2025,Mains Pump Stations and Associated Facilities,208,Water Capital Program,TWDB Water Drinking Water Project,2025,2025,Citywide,127307344,132000000,4692656,0,0,0
2025,Public Art,208,Water Public Arts Fund,Wastewater Facilities Public Art,2025,2028,Citywide,224825,2311265,2067675,2790,0,15975
2025,Wholesale Customer Facilities,209,Water Capital Program,Wholesale Customer Facilities,2025,2025,Citywide,1603501,14975150,13371649,0,0,0
2025,Wholesale Customer Facilities,209,Sewer Capital Program,Wholesale Customer Facils,2025,2028,Citywide,19367036,25411484,1344448,0,700000,4000000
2025,Wholesale Customer Facilities,209,Sewer Capital Program,Wholesale Customers Facilities,2025,2025,Citywide,95903,2950000,2854097,0,0,0
2025,Rehabilitation and Equipment,209,Water Capital Program,DWU Capital Equipment,2026,2027,Citywide,0,8264770,0,4179310,4085460,0
2025,Rehabilitation and Equipment,209,Water Capital Program,DWU Fleet,2026,2027,Citywide,0,16000000,0,8000000,8000000,0
