cip_year,project_type,source_page,department,project_name,project_id,start_year,end_year,previous_appropriations,project_total,2022,2023,2024
2022,Pavement Maintenance/ Construction,16,Aviation Capital Program,Airfield Pavement Evaluation - W214,W214.1,2022,2024,505587,2521648,16061,"1,000,000","1,000,000"
2022,Terminal,16,Aviation Capital Program,Airport Emergency Operations Center - W685,W685.1,2022,2022,0,2000000,2000000,0,0
2022,Capital Improvement Program,16,Aviation Capital Program,Airport Planning and Advisory Services - 1725,1725.1,2022,2024,6283184,13905000,4621816,"1,000,000","1,000,000"
2022,Capital Improvement Program,16,Aviation Capital Program,Airport Planning and Advisory Services - 1725,1725.2,2022,2022,0,2000000,2000000,0,0
2022,Capital Improvement Program,16,Aviation Capital Program,Architectural Engineering Roster - W286,W286.1,2022,2022,1329,154500,153171,0,0
2022,Capital Improvement Program,16,Aviation Capital Program,Aviation Parking Garage - 8738,8738.1,2022,2022,1653184,3757407,2104223,0,0
2022,Capital Improvement Program,16,Aviation Capital Program,CONRAC - W280,W280.1,2023,2023,0,1000000,0,"1,000,000",0
2022,Capital Improvement Program,16,Aviation Capital Program,Construction Management/ Project Management - W371,W371.1,2022,2024,1430186,7428666,(1520),"3,000,000","3,000,000"
2022,Pavement Maintenance/ Construction,17,Aviation Capital Program,Crossfield Taxiway Reconfiguration - W125,W125.1,2022,2022,2384323,32731969,30347646,0,0
2022,Pavement Maintenance/ Construction,17,Aviation Capital Program - Commercial Paper,Crossfield Taxiway Reconfiguration - W125,W125.2,2022,2022,3758,22156749,22152991,0,0
2022,Terminal,17,Aviation Capital Program,DAL A/E Space Planning Implementation - W469,W469.1,2022,2022,0,750000,750000,0,0
2022,Capital Improvement Program,17,Aviation Capital Program,DAL Alternate Entry - W287,W287.1,2022,2022,0,214710000,30210000,0,0
2022,Capital Improvement Program,17,Aviation Capital Program,DAL Elevator Study - W360,W360.1,2022,2023,371040,471300,260,"100,000",0
2022,Capital Improvement Program,17,Aviation Capital Program,DAL EMS Suite - W357,W357.1,2022,2023,187027,1508000,1120973,"200,000",0
2022,Capital Improvement Program,17,FAA Grants,DAL Replacement Fire Station - W358,W358.1,2024,2024,0,3400000,0,0,"3,400,000"
2022,Safety/ Security,17,Aviation Capital Program,DAL Replacement Fire Station - W358,W358.2,2022,2024,546965,29304188,19461035,0,"9,296,188"
2022,Capital Improvement Program,17,Aviation Capital Program,DAL Streetscape Enhancements - W387,W387.1,2022,2024,3344404,3695863,115095,"118,182","118,182"
2022,Capital Improvement Program,17,Aviation Capital Program,DAL Streetscape Enhancements - W387,W387.2,2022,2022,467953,25070000,24602047,0,0
2022,Capital Improvement Program,17,FAA Grants,DAL Streetscape Enhancements - W387,W387.3,2023,2024,0,7467994,0,"6,767,994","700,000"
2022,Capital Improvement Program,18,Aviation Capital Program,DAL-Entrance Road Improvements - W167,W167.1,2022,2023,15029486,15420575,(8911),"400,000",0
2022,Capital Improvement Program,18,Aviation Capital Program,Dallas Vertiport Fuel System - W215,W215.1,2022,2022,0,1257409,1257409,0,0
2022,Capital Improvement Program,18,Aviation Capital Program,DAS Exterior Lighting Improvements - W359,W359.1,2022,2022,1864802,1865509,707,0,0
2022,Pavement Maintenance/ Construction,18,Aviation Capital Program,DEA Extend Taxiway E - W388,W388.1,2022,2024,0,2057500,463300,"858,200","736,000"
2022,Capital Improvement Program,18,Aviation Capital Program,DEA Streetscape Enhancements - W367,W367.1,2022,2024,569534,7069693,158,0,"6,500,000"
2022,Pavement Maintenance/ Construction,18,Aviation Capital Program,DEA Taxiway Apron Infill - Design - W334,W334.1,2022,2022,0,850000,850000,0,0
2022,Capital Improvement Program,18,Aviation Capital Program,DEA West Development Payback - W285,W285.1,2022,2022,100100,7764286,7664186,0,0
2022,Capital Improvement Program,18,Aviation Capital Program,Drainage Master Plan - Schematic Design - W133,W133.1,2022,2022,101638,12800638,12699000,0,0
2022,Capital Improvement Program,18,Aviation Capital Program,Elevator Upgrades - W391,W391.1,2022,2024,0,1423700,873700,0,"550,000"
2022,Capital Improvement Program,18,Aviation Capital Program,Elevator Upgrades- Ph 2 - W889,W889.1,2023,2023,0,1700000,0,"1,700,000",0
2022,Capital Improvement Program,18,Aviation Capital Program,Elevator Upgrades- Ph 3 - W890,W890.1,2024,2024,0,1800000,0,0,"1,800,000"
2022,Capital Improvement Program,18,Aviation Capital Program,Gararge A and Terminal Roadway Rebuild - W687,W687.1,,,0,277500000,0,0,0
2022,Terminal,19,Aviation Capital Program,Love Fld Major Maintenance - 8707,8707.1,2022,2024,14506585,22506585,2000000,0,"3,000,000"
2022,Capital Improvement Program,19,Aviation Capital Program,Material Testing for Construction Work - W152,W152.1,2022,2022,0,551361,551361,0,0
2022,Capital Improvement Program,19,FAA Grants,People-mover Connector - 8710,8710.1,2022,2022,5012736,5311092,298356,0,0
2022,Pavement Maintenance/ Construction,19,Aviation Capital Program,Reconstruct RWY 13R 31L - D019,D019.1,2022,2022,9275454,70530927,61255473,0,0
2022,Pavement Maintenance/ Construction,19,Aviation Capital Program - Commercial Paper,Reconstruct RWY 13R 31L - D019,D019.2,2022,2022,77166368,82166368,5000000,0,0
2022,Pavement Maintenance/ Construction,19,FAA Grants,Reconstruct RWY 13R 31L - D019,D019.3,2022,2022,25503046,25726455,223409,0,0
2022,Pavement Maintenance/ Construction,19,Aviation Capital Program,Rehabilitate Taxiway C Phase 2 - W281,W281.1,2022,2022,444000,193200,(250800),0,0
2022,Pavement Maintenance/ Construction,19,FAA Grants,Rehabilitate Taxiway C Phase 2 - W281,W281.2,,,0,0,0,0,0
2022,Pavement Maintenance/ Construction,19,Aviation Capital Program,Rehabilitate Taxiway C: Taxi D to Taxi C - W122,W122.1,2022,2022,3692293,24898000,21205707,0,0
2022,Pavement Maintenance/ Construction,19,Aviation Capital Program - Commercial Paper,Rehabilitate Taxiway C: Taxi D to Taxi C - W122,W122.2,2022,2022,20724434,18443140,(2281294),0,0
2022,Pavement Maintenance/ Construction,19,FAA Grants,Rehabilitate Taxiway C: Taxi D to Taxi C - W122,W122.3,,,0,0,0,0,0
2022,Pavement Maintenance/ Construction,20,Aviation Capital Program,Reonstruct Taxiway A (Phase 1) TWY D to - W288,W288.1,2023,2023,0,12882194,0,"12,882,194",0
2022,Pavement Maintenance/ Construction,20,Aviation Capital Program - Commercial Paper,Reonstruct Taxiway A (Phase 1) TWY D to - W288,W288.2,2023,2023,0,16405836,0,"16,405,836",0
2022,Pavement Maintenance/ Construction,20,FAA Grants,Reonstruct Taxiway A (Phase 1) TWY D to - W288,W288.3,2023,2023,0,9700000,0,"9,700,000",0
2022,Pavement Maintenance/ Construction,20,Aviation Capital Program,Reonstruct Taxiway A (Phase 1) TWY D to - W798,W798.1,2023,2023,0,3600000,0,"3,600,000",0
2022,Homeless Housing Services,25,2017 Bonds,19393 Preston Rd [Candlewood Suites] - VJ06,VJ06.1,2022,2022,513591,513990,399,0,0
2022,Homeless Housing Services,25,2017 Bonds,2949 S. Hampton Rd - VJ16,VJ16.1,2022,2022,11500,6587615,6576115,0,0
2022,Library Facilities,25,2006 Bonds,6th Floor Renovation - W266,W266.1,2022,2022,956809,980940,24131,0,0
2022,City and Municipal Court Facilities,25,2006 Bonds,ADA Improvements - W793,W793.1,2022,2022,0,2264118,2264118,0,0
2022,Major Maintenance,25,Other GO CIP - Non-Debt,ADA Improvements- Major Maintenance and Repairs - W663,W663.1,2022,2022,368450,500000,131550,0,0
2022,City and Municipal Court Facilities,25,Other GO CIP - Non-Debt,ADA Upgrades at Canton - W911,W911.1,2023,2023,0,630000,0,"630,000",0
2022,Fleet/Equipmen t Replacement,25,Other GO CIP - Debt,Apparatus Replacement - E313,E313.1,2022,2022,32957624,33350000,392376,0,0
2022,Land Acquisition,25,2006 Bonds,Cadillac Heights Land Acquisition - T825,T825.1,2022,2022,629945,11690881,11060935,0,0
2022,Fleet/Equipmen t Replacement,25,Other GO CIP - Debt,Case Management System - E314,E314.1,2022,2022,3246908,3379178,132270,0,0
2022,Library Facilities,26,2003 Bonds,Central Library - Elevators - W156,W156.1,2022,2022,19929,107806,87877,0,0
2022,Library Facilities,26,2017 Bonds,Central Library - Elevators - W156,W156.2,2022,2022,0,22932,22932,0,0
2022,Police Facilities,26,2017 Bonds,Central Patrol Station - VG33,VG33.1,2022,2022,3378,151000,147622,0,0
2022,City and Municipal Court Facilities,26,2017 Bonds,Central Service Center- Sanitation Building - VH04,VH04.1,2022,2022,122425,149999,27575,0,0
2022,Major Maintenance,26,Other GO CIP - Non-Debt,City Facilities Improvements - W221,W221.1,,,7140997,7140997,0,0,0
2022,City and Municipal Court Facilities,26,2006 Bonds,City Hall - Tank Replacement - T749,T749.1,2022,2022,14000,15407,1407,0,0
2022,City and Municipal Court Facilities,26,2017 Bonds,City Hall - Tank Replacement - T749,T749.2,2022,2022,0,144757,144757,0,0
2022,City and Municipal Court Facilities,26,2017 Bonds,City Hall - VH05,VH05.1,2023,2023,3355,1871583,0,"1,868,228",0
2022,Technology,26,Other GO CIP - Debt,City Hall Data Center - Renovations - P478,P478.1,2022,2022,299517,5200000,4900483,0,0
2022,Technology,26,Other GO CIP - Debt,Citywide Radio System Replacement - E384,E384.1,2022,2022,53975572,54899072,923500,0,0
2022,Major Maintenance,26,Other GO CIP - Non-Debt,Contingency Reserve - Capital Construction - P479,P479.1,2022,2022,3009214,3014104,4890,0,0
2022,Cultural Facilities,26,2017 Bonds,Dallas Museum of Art - VF03,VF03.1,2022,2022,5707373,6000000,292627,0,0
2022,Fleet/Equipmen t Replacement,27,Other GO CIP - Debt,DFD- SCBA and Safety Equipment - E406,E406.1,2022,2022,379381,4672134,4292753,0,0
2022,Fleet/Equipmen t Replacement,27,Other GO CIP - Debt,DFD-Ambulance Replacement - E414,E414.1,2023,2024,0,30000000,0,"6,000,000","6,000,000"
2022,Technology,27,Other GO CIP - Debt,DPD In-Car DVR 1/5 Annual Replacement - E409,E409.1,2022,2022,2269599,2277600,8001,0,0
2022,Technology,27,Other GO CIP - Debt,DPD In-Car DVR 1/5 Annual Replacement - E416,E416.1,2022,2024,1313071,8409600,88529,"1,401,600","1,401,600"
2022,Technology,27,Other GO CIP - Debt,DPD TAAG Surveillance Camera 1/5 Annual - E410,E410.1,2022,2022,1055611,1063500,7889,0,0
2022,Technology,27,Other GO CIP - Debt,DPD TAAG Surveillance Camera 1/5 Annual - E417,E417.1,2022,2024,1640441,7444500,486559,"1,063,500","1,063,500"
2022,Fleet/Equipmen t Replacement,27,Other GO CIP - Debt,EFM - General Fleet - E413,E413.1,2022,2022,7243749,7500000,256251,0,0
2022,Fleet/Equipmen t Replacement,27,Other GO CIP - Debt,EFM-General Fleet - E422,E422.1,2022,2024,0,58849500,9800000,"9,809,900","9,809,900"
2022,City and Municipal Court Facilities,27,2017 Bonds,Electrical Panel Replacement at 37 Facilities - VH07,VH07.1,2022,2022,240947,1010676,769729,0,0
2022,City and Municipal Court Facilities,27,2006 Bonds,Emergency Warning Sirens - W792,W792.1,2022,2022,153886,310000,156114,0,0
2022,Technology,27,Other GO CIP - Debt,Enterprise Electronic Document Management - E380,E380.1,2022,2022,0,565407,565407,0,0
2022,Technology,28,Other GO CIP - Debt,Enterprise Electronic Document Management - E389,E389.1,2022,2022,0,725000,725000,0,0
2022,Fire Protection Facilities,28,2017 Bonds,Fire Station # 46 - VG02,VG02.1,2022,2022,5952484,6775492,823008,0,0
2022,Fire Protection Facilities,28,2017 Bonds,Fire Station # 53 - VG03,VG03.1,2022,2022,83350,85000,1650,0,0
2022,Fire Protection Facilities,28,2017 Bonds,Fire Station #05 - VG04,VG04.1,2022,2022,21144,45000,23856,0,0
2022,Fire Protection Facilities,28,2017 Bonds,Fire Station #1 - VG16,VG16.1,2022,2022,83857,85000,1143,0,0
2022,Fire Protection Facilities,28,2017 Bonds,Fire Station #11 - VG07,VG07.1,2022,2022,62323,85000,22678,0,0
2022,Fire Protection Facilities,28,2017 Bonds,Fire Station #11B - VG18,VG18.1,2022,2022,4770,101000,96230,0,0
2022,Fire Protection Facilities,28,2017 Bonds,Fire Station #21 - VG19,VG19.1,2022,2022,2762,85000,82238,0,0
2022,Fire Protection Facilities,28,2017 Bonds,Fire Station #24 - VG11,VG11.1,2022,2022,83052,92000,8948,0,0
2022,Fire Protection Facilities,28,2017 Bonds,Fire Station #36 - VG13,VG13.1,2022,2022,6856158,7197245,341086,0,0
2022,Fire Protection Facilities,28,2017 Bonds,Fire Station #45 - VG21,VG21.1,2022,2022,86402,86712,310,0,0
2022,Fire Protection Facilities,28,2017 Bonds,Fire Station #5 - VG25,VG25.1,2022,2022,403,85000,84597,0,0
2022,Fire Protection Facilities,28,2017 Bonds,Fire Station #52 - VG22,VG22.1,2022,2022,82789,85000,2211,0,0
2022,Fire Protection Facilities,29,2017 Bonds,Fire Station #53 - VG23,VG23.1,2022,2022,72176,74000,1824,0,0
2022,Fire Protection Facilities,29,2017 Bonds,Fire Station 19 Replacement - VG44,VG44.1,2022,2022,0,475650,475650,0,0
2022,Fire Protection Facilities,29,Other GO CIP - Debt,Fire Station 19 Replacement - VG44,VG44.2,2022,2022,5360077,7000000,1639923,0,0
2022,Fire Protection Facilities,29,Other GO CIP - Debt,Fire Station 41 Replacement - VG45,VG45.1,2022,2022,675324,7000000,6324676,0,0
2022,Fire Protection Facilities,29,2006 Bonds,Fire Station Improvements - Generators - W791,W791.1,2022,2022,0,597402,597402,0,0
2022,Fire Protection Facilities,29,2006 Bonds,Fire Station Improvements - Generators - W791,W791.2,2022,2022,0,41314,41314,0,0
2022,Fire Protection Facilities,29,Other GO CIP - Debt,Fire Station Temporary Facilities 19 & 41 - VG46,VG46.1,2022,2022,1009980,2000000,990020,0,0
2022,Fleet/Equipmen t Replacement,29,Other GO CIP - Debt,Fleet/Equipment Replacement - 8199,8199.1,2022,2022,24663399,25000000,336601,0,0
2022,Fleet/Equipmen t Replacement,29,Other GO CIP - Debt,Fleet/Equipment Replacement - EBS - E323,E323.1,2022,2022,3786780,3862422,75642,0,0
2022,Library Facilities,29,2006 Bonds,Forest Green Branch Library - VE01,VE01.1,,,135058,135058,0,0,0
2022,Library Facilities,29,2017 Bonds,Forest Green Branch Library - VE01,VE01.2,2022,2022,7244435,7452921,208486,0,0
2022,Fire Protection Facilities,29,2017 Bonds,Future Fire Station Jim Miller - Loop 12 - VG31,VG31.1,2022,2022,6438075,6615217,177141,0,0
2022,Major Maintenance,30,Other GO CIP - Non-Debt,FY21 Year End Major Maintenance Generator Project - W802,W802.1,2022,2022,3279095,3280000,906,0,0
2022,Major Maintenance,30,Other GO CIP - Non-Debt,FY21-22 Mid-Year Projects - W701,W701.1,2022,2022,1069117,6322793,5253676,0,0
2022,City Fleet Asset Management,30,Other GO CIP - Debt,FY22 EAN-EFM General Fleet Replacement - E446,E446.1,2022,2022,0,8200000,8200000,0,0
2022,Fleet/Equipmen t Replacement,30,Other GO CIP - Debt,FY23 EAN-DFR Apparatus Replacement - W905,W905.1,2023,2024,0,59000000,0,"11,800,000","11,800,000"
2022,Fleet/Equipmen t Replacement,30,Other GO CIP - Debt,FY23 EAN-EFM Fleet-Equipment Replacement - W906,W906.1,2023,2024,0,41000000,0,"8,200,000","8,200,000"
2022,Major Maintenance,30,Other GO CIP - Non-Debt,General Capital Reserve - 8888,8888.1,2022,2022,9425249,17425249,8000000,0,0
2022,Fleet/Equipmen t Replacement,30,Other GO CIP - Debt,General Fleet - E381,E381.1,2022,2022,5536557,5637646,101089,0,0
2022,Homeless Housing Services,30,2017 Bonds,Homeless Assistance Facilites - VJ01,VJ01.1,2022,2023,40300,2148977,90047,"2,018,630",0
2022,Technology,30,Other GO CIP - Debt,IT Infrastructure - E424,E424.1,2023,2023,0,15200000,0,"15,200,000",0
2022,Technology,30,Other GO CIP - Debt,IT Network Equipment 1/5 Annual Replacement - E402,E402.1,2022,2022,604865,915610,310745,0,0
2022,Technology,30,Other GO CIP - Debt,IT Network Equipment 1/5 Annual Replacement - E411,E411.1,2022,2022,3303953,4200000,896047,0,0
2022,Technology,31,Other GO CIP - Debt,IT Network Equipment 1/5 Annual Replacement - E418,E418.1,2022,2024,0,12600000,2100000,"2,100,000","2,100,000"
2022,Technology,31,Other GO CIP - Debt,IT Security Equipment 1/5 Annual Replacement - E420,E420.1,2022,2024,208873,2440000,231127,"400,000","400,000"
2022,Police Facilities,31,2017 Bonds,Jack Evans Headquarters - VG35,VG35.1,2022,2022,955846,994837,38991,0,0
2022,Technology,31,Other GO CIP - Debt,Laptop/Desktop 1/5 Annual Replacement - E415,E415.1,2022,2024,201674,13406400,1954726,"2,250,000","2,250,000"
2022,Cultural Facilities,31,2006 Bonds,Latino Cultural Center - Phase II - Prio - T698,T698.1,2022,2022,2567284,2568068,784,0,0
2022,Major Maintenance,31,Other GO CIP - Non-Debt,Major Maintenance and Repairs FY20 - W504,W504.1,2022,2022,6163354,6193721,30367,0,0
2022,Major Maintenance,31,Other GO CIP - Non-Debt,Major Maintenance and Repairs FY21 - W620,W620.1,2022,2022,5295986,6099963,803977,0,0
2022,Major Maintenance,31,Other GO CIP - Non-Debt,Major Maintenance and Repairs FY22 - BSD - W680,W680.1,2022,2024,4400692,37620000,4099308,"10,120,000","9,500,000"
2022,Cultural Facilities,31,Other GO CIP - Non-Debt,Major Maintenance Projects-Arts and Cultural Facilities - W130,W130.1,2022,2022,2214273,2400000,185727,0,0
2022,Cultural Facilities,31,2017 Bonds,Meyerson - VF05,VF05.1,2022,2022,3605780,3800000,194220,0,0
2022,Cultural Facilities,32,Other GO CIP - Non-Debt,Meyerson Maintenance Support - W629,W629.1,2022,2022,2953618,3541269,587651,0,0
2022,Homeless Housing Services,32,2017 Bonds,Miramar Hotel- 1950 Fort Worth Ave - VJ08,VJ08.1,2022,2022,2696,2348033,2345337,0,0
2022,Police Facilities,32,2017 Bonds,NE Patrol Station - VG37,VG37.1,2022,2022,490113,1075000,584887,0,0
2022,Cultural Facilities,32,Other GO CIP - Non-Debt,Non-City Owned Cultural Facility Repair - W149,W149.1,2022,2022,400000,600000,200000,0,0
2022,City and Municipal Court Facilities,32,2017 Bonds,Oak Cliff Municipal Center - VH10,VH10.1,2022,2023,9657,2000000,1125475,"864,868",0
2022,Technology,32,Capital Projects Reimbursement,P25 Radio Project - P776,P776.1,2022,2022,848707,924360,75653,0,0
2022,Technology,32,Other GO CIP - Debt,Police DVR Replacements Phase 1 of 4 - E391,E391.1,2022,2022,1344341,1350000,5659,0,0
2022,Major Maintenance,32,Other GO CIP - Non-Debt,Priority Major Maintenance - P717,P717.1,2022,2022,8363717,9242331,878614,0,0
2022,Public Art,32,2006 Bonds,Public Art Administration - Court Facilities - PA55,PA55.1,2022,2022,0,3039,3039,0,0
2022,Public Art,32,2006 Bonds,Public Art Administration - Farmers Market - PA53,PA53.1,2022,2022,0,2158,2158,0,0
2022,Public Art,32,2006 Bonds,Public Art Administration- Library Facilities - PA45,PA45.1,2022,2022,0,136,136,0,0
2022,Public Art,32,1998 Bonds,Public Art Program - N819,N819.1,2022,2022,511649,540684,29035,0,0
2022,Public Art,33,2003 Bonds,Public Art Projects - Library Facilities - PA02,PA02.1,2022,2022,0,48500,48500,0,0
2022,Public Art,33,1998 Bonds,Public Art Projects - N927,N927.1,2022,2022,11364,62521,51157,0,0
2022,Public Art,33,2006 Bonds,Public Art Projects - Public Safety Facilities - PA42,PA42.1,2022,2022,0,1176,1176,0,0
2022,Public Art,33,2017 Bonds,Public Art Projects - Public Safety Facilities - PA42,PA42.2,2022,2022,0,2661,2661,0,0
2022,Public Art,33,2006 Bonds,Public Art Projects- Court Facilities - PA54,PA54.1,2022,2022,0,12156,12156,0,0
2022,Public Art,33,2017 Bonds,Public Arts Administration - PA61,PA61.1,2022,2022,27877,37155,9278,0,0
2022,Public Art,33,2006 Bonds,Public Arts Administration- City Facilities - PA51,PA51.1,2022,2022,0,18994,18994,0,0
2022,Public Art,33,2017 Bonds,Public Arts Administration- Public Safety - PA63,PA63.1,2022,2022,40511,47955,7444,0,0
2022,Public Art,33,2006 Bonds,Public Arts Projects- City Facilities - PA50,PA50.1,2022,2022,0,75974,75974,0,0
2022,Public Art,33,2006 Bonds,Public Arts Projects- Farmers Market - PA52,PA52.1,2022,2022,0,8631,8631,0,0
2022,Public Art,33,2006 Bonds,Public Arts Projects- Library Facilities - PA44,PA44.1,2022,2022,108,17611,17504,0,0
2022,Public Art,33,2017 Bonds,Public Arts Projects- Public Safety - PA62,PA62.1,2022,2022,185421,191820,6399,0,0
2022,Technology,34,Other GO CIP - Debt,Public Safety MDC 1/5 Annual Replacement - E412,E412.1,2022,2022,494290,500000,5710,0,0
2022,Technology,34,Other GO CIP - Debt,Public Safety MDC 1/5 Annual Replacement - E419,E419.1,2022,2024,988581,6000000,11419,"1,000,000","1,000,000"
2022,Technology,34,Other GO CIP - Debt,Public Safety Radio Replacement - E423,E423.1,2023,2023,0,34800000,0,"34,800,000",0
2022,Major Maintenance,34,Other GO CIP - Non-Debt,Solar Installation - W799,W799.1,2022,2024,0,2500000,500000,"1,500,000","500,000"
2022,Cultural Facilities,34,2017 Bonds,South Dallas Cultural Center - VF09,VF09.1,2022,2023,3255,314917,178750,"132,912",0
2022,City and Municipal Court Facilities,34,2006 Bonds,Southeast Service Center - Construction - T743,T743.1,2022,2022,947527,3089272,2141744,0,0
2022,City and Municipal Court Facilities,34,2017 Bonds,Southeast Service Center - Construction - T743,T743.2,2022,2022,0,4768093,4768093,0,0
2022,City and Municipal Court Facilities,34,2017 Bonds,Southwest Transfer Station [24410] - VH11,VH11.1,2022,2022,159597,205000,45403,0,0
2022,Major Maintenance,34,Other GO CIP - Non-Debt,Space Planning- Major Maintenance and Repairs - W664,W664.1,2022,2022,644774,500000,(144774),0,0
2022,Police Facilities,34,2017 Bonds,SW Patrol Station - VG42,VG42.1,2022,2023,5236,3433647,1244764,"2,183,647",0
2022,Technology,34,Other GO CIP - Debt,Technology Infrastructure Redesign - E421,E421.1,2022,2024,0,5850000,975000,"975,000","975,000"
2022,Homeless Housing Services,35,2017 Bonds,The St. Jude Center - Park Central Project - VJ12,VJ12.1,,,3300000,3300000,0,0,0
2022,Homeless Housing Services,35,2017 Bonds,Townhouse Suites- 4150 Independence Drive - VJ14,VJ14.1,2022,2022,4977384,5033395,56011,0,0
2022,City and Municipal Court Facilities,35,2017 Bonds,Unspecified ADA Improvements - VH12,VH12.1,2022,2022,909501,3230000,2320500,0,0
2022,Library Facilities,35,2017 Bonds,Vickery Meadow Branch Library - VE03,VE03.1,2022,2022,6713952,7034443,320490,0,0
2022,Library Facilities,35,Other GO CIP - Non-Debt,Vickery Meadow Branch Library - VE03,VE03.2,2022,2022,351971,779955,427984,0,0
2022,City and Municipal Court Facilities,35,2006 Bonds,Vickery Meadow Community Court - W141,W141.1,2022,2022,474102,518800,44698,0,0
2022,City and Municipal Court Facilities,35,2017 Bonds,Vickery Meadow Community Court - W141,W141.2,2022,2022,0,11649,11649,0,0
2022,City and Municipal Court Facilities,35,2017 Bonds,West Dallas Multipurpose Center - VH13,VH13.1,2022,2022,101614,381161,279548,0,0
2022,Convention Center Improvement,40,Convention Center Capital Program,Convention Center Facility Improvements - W111,W111.1,2022,2024,4318839,25209638,4840799,"2,000,000","3,375,000"
2022,Convention Center Improvement,40,Convention Center Capital Program,Convention Center Master Plan - W433,W433.1,2022,2024,4888698,44589709,3636737,"4,352,793","3,340,477"
2022,Convention Center Improvement,40,Convention Center Capital Program,Convention Facility ElevatorEscalator Improvement Project - W106,W106.1,2022,2023,6960173,7671579,(207076),"918,482",0
2022,Convention Center Improvement,40,Convention Center Capital Program,EBJ Union Station - W602,W602.1,2022,2024,829016,2414840,(629016),"330,625","380,219"
2022,Convention Center Improvement,40,Convention Center Capital Program,Fire Sprinkler Pipe Replacement - W298,W298.1,2022,2022,165367,5376867,5211500,0,0
2022,Convention Center Improvement,40,Convention Center Capital Program,JOC Projects - W604,W604.1,2022,2024,965400,9027264,1194676,"1,718,750","2,148,438"
2022,Convention Center Improvement,40,Convention Center Capital Program,KBHCCD Water Infiltration Project - W188,W188.1,2022,2024,919476,17400000,8180524,"3,200,000","4,000,000"
2022,Convention Center Improvement,41,Convention Center Capital Program,Pioneer Plaza - W601,W601.1,2022,2024,0,1889603,1069000,"279,350","291,253"
2022,Convention Center Improvement,41,Convention Center Capital Program,Restroom Modernization and Accessibility Improvements - W431,W431.1,2022,2024,1814290,8914106,2335203,"2,100,000","1,364,613"
2022,Convention Center Improvement,41,Convention Center Capital Program,Spectra Projects - W603,W603.1,2022,2024,175783,12784000,1608217,"2,500,000","2,500,000"
2022,Convention Center Improvement,41,Convention Center Capital Program,TBAAL Capital Improvements - W432,W432.1,2022,2024,976287,4525135,548849,"600,000","600,000"
2022,Economic Development Bonds,49,2017 Bonds,1632 MLK Blvd. Project - St. Phillips Redevelopment Project - VI27,VI27.1,,,1000000,1000000,0,0,0
2022,Downtown Connection Tax Increment r Financing District,49,GO CIP - Non,1712 Commerce Hotel - P952,P952.1,2022,2024,313999,10896498,541593,"145,095","9,895,811"
2022,Farmers Market Tax Increment r Financing District,49,GO CIP - Non,2101 Taylor St Development - P847,P847.1,2022,2023,393274,4219844,3797190,"29,380",0
2022,Downtown Connection Tax Increment r Financing District,49,GO CIP - Non,411 N Akard Bldg Redevelopment - P943,P943.1,2022,2024,1701861,10044697,211997,"3,545,885","4,584,954"
2022,City Center Tax Increment r Financing District,49,GO CIP - Non,Adolphus Tower Project - 1880,1880.1,2022,2023,0,4562374,4342467,"219,907",0
2022,Housing r,49,GO CIP - Non,Affordable Housing Partcip - P008,P008.1,2022,2022,1546863,1620566,73703,0,0
2022,Oak Cliff Gateway Tax Increment r Financing District,49,GO CIP - Non,Bishop Arts Station - W059,W059.1,2022,2022,8992907,11129179,2136272,0,0
2022,Housing,50,2017 Bonds,Bonton Cluster Project - VI24,VI24.1,,,730072,730072,0,0,0
2022,Design District Tax Increment r Financing District,50,GO CIP - Non,Cabana Hotel 899 N. Stemmons - W500,W500.1,2022,2022,0,15500000,15500000,0,0
2022,Housing,50,2017 Bonds,CD1 - Southern Gateway - VI35,VI35.1,2022,2022,217155,230978,13823,0,0
2022,Equity Revitalization,50,2003 Bonds,CD1 - Southern Gateway - W483,W483.1,2022,2022,0,320000,320000,0,0
2022,Equity r Revitalization,50,GO CIP - Non,CD1 - Southern Gateway - W483,W483.2,2022,2022,16940,50767,33827,0,0
2022,Equity Revitaliz,50,2003 Bonds a,CD10 - LBJ Skillman - W492,W492.1,2022,2022,0,119322,119322,0,0
2022,r Equity Revitaliz,50,GO CIP - Non a,CD10 - LBJ Skillman - W492,W492.2,2022,2022,71682,1000000,928318,0,0
2022,r Equity Revitaliz,50,GO CIP - Non a,CD11 - Midtown - W493,W493.1,2022,2022,507556,500000,(7556),0,0
2022,r Equity Revitaliz,50,GO CIP - Non a,CD12 - Streets - W494,W494.1,2022,2022,59707,500000,440293,0,0
2022,Equity Revitaliz,50,2003 Bonds a,CD13 - Vickery Meadows - W495,W495.1,2022,2022,97165,151969,54804,0,0
2022,r Equity Revitaliz,50,GO CIP - Non a,CD13 - Vickery Meadows - W495,W495.2,2022,2022,394407,848031,453624,0,0
2022,Equity Revitaliz,50,2003 Bonds a,CD14 - Streets - W496,W496.1,2022,2022,4518,500000,495482,0,0
2022,r Equity Revitaliz,50,GO CIP - Non a,CD14 - Streets - W496,W496.2,2022,2022,115481,234911,119430,0,0
2022,r Equity Revitaliz,50,GO CIP - Non a,CD2 - Jubilee Park - W484,W484.1,2022,2022,49500,500000,450500,0,0
2022,r Equity Revitaliz,50,GO CIP - Non a,CD3 - Executive Airport - W485,W485.1,2022,2022,100000,892399,792399,0,0
2022,Equity Revitaliz,50,2003 Bonds a,CD4 -The Bottom/10th Street - W486,W486.1,2022,2022,433918,750000,316082,0,0
2022,r Equity Revitaliz,50,GO CIP - Non a,CD4 -The Bottom/10th Street - W486,W486.2,2022,2022,6006,750000,743994,0,0
2022,Equity Revitaliz,50,1998 Bonds a,CD5 - Buckner Station / Pleasant Grove - W487,W487.1,2022,2022,0,407428,407428,0,0
2022,Equity Revitaliz,51,2003 Bonds a,CD5 - Buckner Station / Pleasant Grove - W487,W487.2,2022,2022,0,2092572,2092572,0,0
2022,r Equity Revitaliz,51,GO CIP - Non a,CD5 - Buckner Station / Pleasant Grove - W487,W487.3,2022,2022,12950,1197259,1184309,0,0
2022,r Equity Revitaliz,51,GO CIP - Non a,CD6 - West Dallas - W488,W488.1,2022,2022,830479,1700000,869521,0,0
2022,Equity Revitaliz,51,2003 Bonds a,CD7 - Forest Heights - W489,W489.1,2022,2022,356101,382841,26740,0,0
2022,r Equity Revitaliz,51,GO CIP - Non a,CD7 - Forest Heights - W489,W489.2,2022,2022,667956,1066570,398614,0,0
2022,r Equity Revitaliz,51,GO CIP - Non a,CD8 - University Hills - W490,W490.1,2022,2022,1915499,2500000,584501,0,0
2022,Equity Revitaliz,51,2003 Bonds a,CD9 - Casa View - W491,W491.1,2022,2022,0,30000,30000,0,0
2022,r Equity Revitaliz,51,GO CIP - Non a,CD9 - Casa View - W491,W491.2,2022,2022,215124,970000,754876,0,0
2022,Southwestern Medical Tax Increment r Financing District,51,GO CIP - Non,Cedars Branch Bridge - P895,P895.1,2022,2022,0,826500,826500,0,0
2022,Southwestern Medical Tax Increment r Financing District,51,GO CIP - Non,Cedars Branch Town Homes - P896,P896.1,2022,2022,0,6938452,6938452,0,0
2022,Cedars Tax Increment r Financing District,51,GO CIP - Non,Cedars Tax Increment - Q001,Q001.1,2022,2023,1344047,10414473,6572531,"2,497,895",0
2022,r Cedars Tax Incr,51,GO CIP - Non e,Cedars-Admin - 9927,9927.1,2022,2023,929967,1179071,124104,"125,000",0
2022,City Center Tax Increment r Financing District,51,GO CIP - Non,City Center - Administrative - 9870,9870.1,2022,2024,2528981,3744915,202184,"202,750","202,750"
2022,r City Center Tax,51,GO CIP - Non,City Center Tax Increment - 9912,9912.1,2022,2023,6105782,27942600,12291861,"6,530,812",0
2022,r City Center Tax,52,GO CIP - Non,City Center TIF District Fund - W174,W174.1,2022,2022,536321,865260,328939,0,0
2022,Economic Development Bonds,52,2012 Bonds,Colorado Extension - I30 to Westmoreland - Canyon - P882,P882.1,2022,2022,4294,2676,(1619),0,0
2022,Farmers Market Tax Increment r Financing District,52,GO CIP - Non,Community Garden & Futsal Field - P848,P848.1,2022,2023,0,970462,380574,"589,888",0
2022,Downtown Connection Tax Increment r Financing District,52,GO CIP - Non,Continental Bldg Increment Repayment - P832,P832.1,2022,2024,1437949,2865934,633550,"158,887","158,887"
2022,Cypress Waters Tax Increment r Financing District,52,GO CIP - Non,Cypress Waters Phase II Development - P759,P759.1,2022,2022,7788900,8377837,588937,0,0
2022,r Cypress Waters,52,GO CIP - Non,Cypress Waters Repayment of Advances - P634,P634.1,2022,2024,0,36970542,839263,"421,508","7,684,745"
2022,r Cypress Waters,52,GO CIP - Non,Cypress Waters TIF Admin. - P633,P633.1,2022,2024,134452,554435,69983,"70,000","70,000"
2022,Cedars Tax Increment r Financing District,52,GO CIP - Non,Dallas Heritage Village - W438,W438.1,2022,2022,0,650000,650000,0,0
2022,Davis Garden Tax Increment r Financing District,52,GO CIP - Non,Davis Garden - Repayment of Advances - P563,P563.1,2022,2024,70,13343278,3175668,"1,555,944","1,988,081"
2022,r Davis Garden Ta,52,GO CIP - Non,Davis Garden Admin - P409,P409.1,2022,2024,291600,1126500,146150,"137,750","137,750"
2022,Farmers Market Tax Increment r Financing District,52,GO CIP - Non,Debt Service Transfer to other Departments - W891,W891.1,2023,2024,0,4491168,0,"1,922,709","2,568,459"
2022,Mall Area Redevelopmen t Tax r Increment Financing District,53,GO CIP - Non,Debt Service Transfer to PPPF (Red Bird Mall Redev Project) - Q008,Q008.1,2022,2024,151677,569000,(32677),"90,000","90,000"
2022,Deep Ellum Tax Increment r Financing District,53,GO CIP - Non,Deep Ellum Admin - P407,P407.1,2022,2024,327587,1091527,125189,"127,750","127,750"
2022,r Deep Ellum Tax,53,GO CIP - Non,Deep Ellum Repay Dev Adv - P406,P406.1,2022,2024,595424,53326630,8930016,"7,914,759","8,316,885"
2022,Design District Tax Increment r Financing District,53,GO CIP - Non,Design District Admin - P404,P404.1,2022,2024,310176,1013804,114877,"117,750","117,750"
2022,r Design District T,53,GO CIP - Non,Design District TIF - Repayment of Advances - P471,P471.1,2022,2024,0,40166977,10324458,"5,839,989","3,648,876"
2022,r Design District T,53,GO CIP - Non,Design DistrictTIF - P926,P926.1,2022,2022,7650000,7950000,300000,0,0
2022,Housing,53,2006 Bonds,DHADC Land Bank Services - W310,W310.1,2022,2022,1230000,1500000,270000,0,0
2022,Public-Private Partnership r Program,53,GO CIP - Non,Digital Realty Expansion and Renovation - W675,W675.1,2022,2022,0,200000,200000,0,0
2022,Economic Development Bonds,53,2017 Bonds,Disc Eco Dev CD3- Sq 67 SC - VI07,VI07.1,,,1450000,1450000,0,0,0
2022,Economic Devel,53,2017 Bonds,Disc Eco Dev CD6 SDMIF - VI09,VI09.1,,,145000,145000,0,0,0
2022,Economic Development Bonds - Small Business Center,53,2017 Bonds,Disc Eco Dev CD6 SDMIF - VI09,VI09.2,2022,2022,0,2355000,2355000,0,0
2022,Economic Development Bonds,54,2017 Bonds,Disc Mayor Golden Seeds - VI10,VI10.1,2022,2022,0,500000,500000,0,0
2022,Economic Devel,54,2017 Bonds,Discretionary Economic Development - Mayor - VI02,VI02.1,,,2500000,2500000,0,0,0
2022,Economic Devel,54,2017 Bonds,Discretionary Economic Development CD3 - VI03,VI03.1,,,3000000,3000000,0,0,0
2022,Economic Devel,54,2017 Bonds,Discretionary Economic Development CD8 - VI04,VI04.1,,,4131414,4131414,0,0,0
2022,Oak Cliff Gateway Tax Increment r Financing District,54,GO CIP - Non,DISD – Hogg Elementary - W300,W300.1,2022,2022,0,1287222,1287222,0,0
2022,Downtown Connection Tax Increment r Financing District,54,GO CIP - Non,Downtown Connection TIF - Increment - P305,P305.1,2022,2024,3776601,148165220,6978977,"225,000","11,018,866"
2022,Economic Development Bonds,54,2017 Bonds,Eco Dev Program for CIty of Dallas Neighborhood Empowerment No. 10 (NEZ 10) - VI13,VI13.1,2022,2022,50000,1000000,950000,0,0
2022,Economic Development Bonds,54,2012 Bonds,Economic Development - Citywide - W513,W513.1,2022,2022,0,2835802,2835802,0,0
2022,Economic Devel,54,2012 Bonds,Economic Development - T808,T808.1,,,55921,55921,0,0,0
2022,Housing,54,2012 Bonds,Economic Development and Housing Demand - S801,S801.1,2022,2022,0,5642395,5642395,0,0
2022,Housing,55,2017 Bonds,Economic Development and Housing Demand - VI26,VI26.1,2022,2023,0,7638912,4217775,"3,421,137",0
2022,Economic Development Bonds,55,2012 Bonds,Economic Development and Housing Demand Driven Projects - S801,S801.2,2022,2022,8141027,8142197,1171,0,0
2022,Economic Development Bonds,55,2017 Bonds,Economic Development-ECO Transfer Unit - VI01,VI01.1,2022,2023,0,13866582,8255214,"5,611,368",0
2022,Housing,55,2017 Bonds,Fair Park West Jeffries-Meyers - VI15,VI15.1,,,741730,741730,0,0,0
2022,Economic Development r Bonds,55,GO CIP - Non,Farmers Market GT Defeasance 2013 - 1737,1737.1,2022,2022,1213492,3230000,2016508,0,0
2022,Farmers Market Tax Increment r Financing District,55,GO CIP - Non,Farmers Mkt Admin - 9576,9576.1,2022,2024,800523,1685216,146596,"147,100","147,750"
2022,r Farmers Market,55,GO CIP - Non,Farmers Mkt Tax Increment - Q005,Q005.1,2022,2024,0,7243144,3484332,0,"407,254"
2022,r Farmers Market,55,GO CIP - Non,Farmers Mkt Tax Increment - Q025,Q025.1,2022,2022,4987573,3248832,(1738741),0,0
2022,Cypress Waters Tax Increment r Financing District,55,GO CIP - Non,Fire Station 58 - W630,W630.1,2022,2023,0,12300001,5741741,"6,558,260",0
2022,Fort Worth Avenue Tax Increment r Financing District,55,GO CIP - Non,Fort Worth Ave Admin - P408,P408.1,2022,2024,308113,983062,111200,"112,749","112,750"
2022,r Fort Worth Ave,55,GO CIP - Non,Fort Worth Ave. - Repayment of Advances - P562,P562.1,2022,2024,8643,17246484,2679642,0,"2,127,198"
2022,Oak Cliff Gateway Tax Increment r Financing District,56,GO CIP - Non,Gateway Oak Cliff Project - W681,W681.1,2023,2023,0,4245432,0,"4,245,432",0
2022,Grand Park South Tax Increment r Financing District,56,GO CIP - Non,Grand Park South - Repayment of Advances - P397,P397.1,2022,2024,0,1733197,283643,"265,592","277,392"
2022,r Grand Park Sou,56,GO CIP - Non t,Grand Park South - TIF Administration - P396,P396.1,2022,2024,205164,971476,127562,"127,750","127,750"
2022,Economic Development Bonds,56,2017 Bonds,Hensley Field re-use and redevelopment project - VI25,VI25.1,,,862609,862609,0,0,0
2022,Housing,56,2006 Bonds,Hou Prop 8 Acquisition & Demolition - T808,T808.2,2022,2022,5164692,5209692,45000,0,0
2022,Housing,56,2006 Bonds,Housing - Acquisition and Demolition - T807,T807.1,2022,2022,8691090,8703770,12680,0,0
2022,Housing,56,2006 Bonds,Housing - Land Bank - T802,T802.1,2022,2022,1324169,1350000,25831,0,0
2022,Housing,56,2012 Bonds,Housing Demand Driven Projects - S803,S803.1,2022,2022,2258967,2871313,612346,0,0
2022,r Housing,56,GO CIP - Non,Housing Purposes - P477,P477.1,2022,2022,1989780,2000000,10220,0,0
2022,Economic Development Bonds,56,2017 Bonds,Integrated Community Development Project - VI29,VI29.1,2022,2022,6555,25500,18945,0,0
2022,Housing,56,2017 Bonds,Jeffries-Meyers Infill Development Project - VI18,VI18.1,,,1427000,1427000,0,0,0
2022,Housing,56,2012 Bonds,Joppa Neighbor Proj SD - W085,W085.1,2022,2022,240000,280000,40000,0,0
2022,City Center Tax Increment r Financing District,57,GO CIP - Non,Klyde Warren Park Phase II - W677,W677.1,2024,2024,0,1800000,0,0,"1,162,044"
2022,Economic Development Bonds,57,2012 Bonds,Kroger-Ocado Project - W476,W476.1,,,2000000,2000000,0,0,0
2022,Skillman Corridor Tax Increment r Financing District,57,GO CIP - Non,Lake Highlands Tower Center - P373,P373.1,2022,2022,8337751,11667950,3330199,0,0
2022,Economic Development Bonds,57,2012 Bonds,LED Conversion- Priority Zones - W655,W655.1,2022,2022,497712,500000,2288,0,0
2022,Skillman Corridor Tax Increment r Financing District,57,GO CIP - Non,LHTC Pond Dredging Project - W682,W682.1,2022,2022,0,4000000,4000000,0,0
2022,Maple Mockingbird Tax Increment r Financing District,57,GO CIP - Non,LIHTC Oaklawn Place Project - W804,W804.1,2023,2023,0,4438154,0,"4,438,154",0
2022,Transit- Oriented Development (TOD) Tax r Increment Financing District,57,GO CIP - Non,Longhorn Ballroom Project - W892,W892.1,2023,2024,0,1300000,0,"967,540","332,460"
2022,Public-Private Partnership r Program,57,GO CIP - Non,Lucie-Partial Ops Consolidation - W470,W470.1,,,8600000,8600000,0,0,0
2022,Mall Area Redevelopmen t Tax r Increment Financing District,57,GO CIP - Non,Mall Area Redevelopment TIF Admin - W008,W008.1,2022,2024,40437,1608351,1073567,"102,750","102,750"
2022,r Mall Area Redev,58,GO CIP - Non,Mall Area Redevelopment TIF Increment - W185,W185.1,2022,2024,0,1481999,636907,"393,246","451,846"
2022,Maple Mockingbird Tax Increment r Financing District,58,GO CIP - Non,Maple/Mockingbird - TIF - P560,P560.1,2022,2024,169313,784169,101107,"102,750","102,750"
2022,Maple Mockingbird Tax Increment r Financing District,58,GO CIP - Non,Maple-Mockingbird - Repayment of Advances - P565,P565.1,2022,2024,0,34463006,12633091,"403,746","5,039,686"
2022,City Center Tax Increment r Financing District,58,GO CIP - Non,Mid Elm Lofts Project - P914,P914.1,2022,2022,454841,3945089,3490248,0,0
2022,Housing,58,2017 Bonds,Mill City Infill Development Project - VI14,VI14.1,,,2000000,2000000,0,0,0
2022,Transit- Oriented Development (TOD) Tax r Increment Financing District,58,GO CIP - Non,Mockingbird Station East Project - W817,W817.1,,,0,16492904,0,0,0
2022,Housing r,58,GO CIP - Non,Neighborhood Empowerment Zones - 5548,5548.1,2022,2022,0,1000000,1000000,0,0
2022,Downtown Connection Tax Increment Financing r District (Newpark Sub- District),58,GO CIP - Non,Newpark Sub- District-TIF Increment - W921,W921.1,2022,2024,0,25000,,"25,000",
2022,Sports Arena Tax Increment r Financing District,59,GO CIP - Non,North Parking Garage Project - P729,P729.1,2022,2024,19357835,34821993,1512913,"1,993,035","3,986,070"
2022,Oak Cliff Gateway Tax Increment r Financing District,59,GO CIP - Non,Oak Cliff Gateway Tax Increment - Q002,Q002.1,2022,2024,591189,38931065,4533738,"2,124,134","6,784,029"
2022,Oak Cliff Gatewr,59,G O CI P - Non,Oak Cliff/Gateway Admin - 9915,9915.1,2022,2024,909908,2124689,201031,"202,750","202,750"
2022,Downtown Connection Tax Increment r Financing District,59,GO CIP - Non,Olympic Redevelopment Project - P853,P853.1,2022,2022,23722479,45402781,21680302,0,0
2022,Davis Garden Tax Increment r Financing District,59,GO CIP - Non,Open Space Pubilic Improvements at 888 S - P575,P575.1,2022,2022,0,118820,118820,0,0
2022,Farmers Market Tax Increment r Financing District,59,GO CIP - Non,Pearl Lofts Mixed Use and Mixed Income Development Project - W819,W819.1,,,0,6544249,0,0,0
2022,Farmers Market Tax Increment r Financing District,59,GO CIP - Non,Pearl Street Public Improvement Project - W820,W820.1,2023,2023,0,285650,0,"285,650",0
2022,Economic Development Bonds,59,2006 Bonds,Project Food Access - W654,W654.1,2022,2022,0,1400000,1400000,0,0
2022,Public-Private Partnership r Program,59,GO CIP - Non,Project Turnpike - W633,W633.1,2022,2022,0,250000,250000,0,0
2022,Public-Private Pr,59,GO CIP - N on,Public Private Partnership - 9992,9992.1,2022,2022,56040237,57387616,1347380,0,0
2022,r Public-Private P,60,GO CIP - Non,Public Private Partnership - P151,P151.1,2022,2024,18543597,81519176,20475579,"8,500,000","8,500,000"
2022,r Public-Private P,60,GO CIP - Non,Public Private Partnership - Retail Rehabilitation Demonstration - W018,W018.1,2022,2022,0,1000000,1000000,0,0
2022,r Public-Private P,60,GO CIP - Non,Public Private Partnership- Adaptive Reuse Program - P886,P886.1,,,90000,90000,0,0,0
2022,r Public-Private P,60,GO CIP - Non,Public Private Partnership -Small Business Façade Program - P885,P885.1,2022,2022,93725,100000,6275,0,0
2022,r Public-Private P,60,GO CIP - Non,Public Private Partnership-2400 Bryan Project - 1879,1879.1,,,6000000,6000000,0,0,0
2022,r Public-Private P,60,GO CIP - Non,Public Private Partnership- Advisory Services for City's Housing Policy - W055,W055.1,2022,2022,115000,125000,10000,0,0
2022,r Public-Private P,60,GO CIP - Non,Public Private Partnership-BSHD Projects - P777,P777.1,2022,2022,72695,100000,27305,0,0
2022,r Public-Private P,60,GO CIP - Non,Public Private Partnership- Business Park - 8808,8808.1,,,1859029,1859029,0,0,0
2022,r Public-Private P,60,GO CIP - Non,Public Private Partnership-Dallas Protocol and World Affairs Council Contract - P476,P476.1,2022,2022,2403005,2920505,517500,0,0
2022,r Public-Private P,61,GO CIP - Non,Public Private Partnership- Downtown Retail Program -Phase III - P435,P435.1,2022,2022,678074,1212008,533934,0,0
2022,r Public-Private P,61,GO CIP - Non,Public Private Partnership- Heritage Alliance - 6856,6856.1,,,206712,206712,0,0,0
2022,r Public-Private P,61,GO CIP - Non,Public Private Partnership-Main Dist.Initiative - P102,P102.1,2022,2022,2725934,2963812,237878,0,0
2022,r Public-Private P,61,GO CIP - Non,Public Private Partnership- Neighborhood Retail Redevelopment Program - W166,W166.1,,,1508085,1508085,0,0,0
2022,r Public-Private P,61,GO CIP - Non,Public Private Partnership- Public/Private Fee Rebate - 9990,9990.1,2022,2022,2442936,2556194,113258,0,0
2022,r Public-Private P,61,GO CIP - Non,Public Private Partnership- Public/Private Infrastructure - 9953,9953.1,2022,2022,3554656,3582988,28332,0,0
2022,r Public-Private P,61,GO CIP - Non,Public Private Partnership- Southern Dallas Adaptive Reuse Grant Program- Phase II - W142,W142.1,,,210000,210000,0,0,0
2022,r Public-Private P,61,GO CIP - Non,Public Private Partnership- Southwest Center Mall Redevelopment - P587,P587.1,2022,2022,109186,186200,77014,0,0
2022,r Public-Private P,61,GO CIP - Non,Public Private Partnership-UNT - Dallas Campus - P311,P311.1,,,2064782,2064782,0,0,0
2022,r Public-Private P,62,GO CIP - Non,"Public Private Partnership- Workforce Readiness, Placement & Retention - W178",W178.1,2022,2022,1606867,1735521,128654,0,0
2022,Public-Private Pr,62,GO CIP - N on,Redbird Business Grant - W435,W435.1,,,2500000,2500000,0,0,0
2022,Mall Area Redevelopmen t Tax r Increment Financing District,62,GO CIP - Non,Redbird Hotel Project - W818,W818.1,,,0,1788126,0,0,0
2022,Economic Development Bonds,62,2017 Bonds,Redevelopment of Grocery Store- 3035 N. Buckner - VI30,VI30.1,,,650000,650000,0,0,0
2022,Public-Private Partnership r Program,62,GO CIP - Non,Redevelopment of Grocery Store- 3035 N. Buckner - VI30,VI30.2,,,650000,650000,0,0,0
2022,Skillman Corridor Tax Increment r Financing District,62,GO CIP - Non,RISD Public Improvement Reimbursement - P684,P684.1,2022,2024,2168604,5722504,300445,"588,793","618,233"
2022,Downtown Connection Tax Increment r Financing District,62,GO CIP - Non,Saint Elm Hotel & Corrigan Tower - P957,P957.1,2022,2024,543276,9726901,178648,"165,228","8,839,749"
2022,Skillman Corridor Tax Increment r Financing District,62,GO CIP - Non,Skillman Corridor Admin - P405,P405.1,2022,2024,402239,1060805,108566,"110,000","110,000"
2022,r Skillman Corrid,62,GO CIP - Non o,Skillman Corridor TIF - Repayment of Advances - P472,P472.1,2022,2024,25119,56438491,13973349,"7,670,111","8,059,116"
2022,Southwestern Medical Tax Increment r Financing District,63,GO CIP - Non,Southwestern Medical TIF - Administration - P468,P468.1,2022,2024,358385,952035,79900,"102,750","102,750"
2022,r Southwestern M,63,GO CIP - Non,Southwestern Medical TIF - Repayment of Advances - P469,P469.1,2022,2024,0,13201140,7521521,"1,018,094","1,074,136"
2022,Sports Arena Tax Increment r Financing District,63,GO CIP - Non,Sports Arena Admin - 9630,9630.1,2022,2024,990317,2397270,468204,"187,750","187,750"
2022,r Sports Arena Ta,63,GO CIP - Non,Sports Arena Increment - Q003,Q003.1,2022,2024,1407935,73674579,25136912,"8,344,148","7,382,224"
2022,r Sports Arena Ta,63,GO CIP - Non,Sports Arena TIF N.Parking Garage Mainte - 5094,5094.1,2022,2022,0,200000,200000,0,0
2022,Deep Ellum Tax Increment r Financing District,63,GO CIP - Non,"Stack Deep Ellum 2700, 2712, 2718, Commerce - W497",W497.1,2022,2022,0,2576125,2576125,0,0
2022,Downtown Connection Tax Increment r Financing District,63,GO CIP - Non,Statler/Library Jackson/ST Redev. - P884,P884.1,2022,2023,14538887,46763454,5046162,"27,178,405",0
2022,Downtown Conr,63,n GO CIP - N on,Stoneleigh Hotel (2927 Maple Ave) - P298,P298.1,2022,2023,2173391,2747602,436686,"137,525",0
2022,Economic Development Bonds,63,2017 Bonds,Street Improvements on Stafford St. - VI33,VI33.1,,,192000,192000,0,0,0
2022,Davis Garden Tax Increment r Financing District,63,GO CIP - Non,Streetcar Project- North Oak Cliff Streetcar System - P674,P674.1,2022,2023,627297,3188629,1727733,"833,599",0
2022,Oak Cliff Gateway Tax Increment r Financing District,64,GO CIP - Non,Streetcar Support - (DWSA) - W673,W673.1,,,950000,950000,0,0,0
2022,Public-Private Partnership r Program,64,GO CIP - Non,Streetcar-PPPF - W694,W694.1,2022,2022,0,1000000,1000000,0,0
2022,Economic Development Bonds,64,2012 Bonds,The Canyon- Colorado Extension Phase II - W048,W048.1,,,196256,196256,0,0,0
2022,Economic Devel,64,2012 Bonds,The Canyon- Colorado Extension Project - P889,P889.1,2022,2022,4476502,4481450,4948,0,0
2022,Economic Development Bonds,64,2017 Bonds,The Crossing Project - VI28,VI28.1,,,390000,390000,0,0,0
2022,Transit- Oriented Development (TOD) Tax r Increment Financing District,64,GO CIP - Non,TOD - TIF - P559,P559.1,2022,2024,173226,19880537,12183612,"3,221,126","4,302,573"
2022,Sports Arena Tax Increment r Financing District,64,GO CIP - Non,Trinity Groves Mixed-Use Project - P924,P924.1,2022,2024,4773755,15376141,5080035,"3,124,071","2,398,280"
2022,Design District Tax Increment r Financing District,64,GO CIP - Non,Trinity Strand Hi- Line Span Pedestrian Bridge/Connector - W642,W642.1,2022,2024,511000,7020000,4020000,0,"2,489,000"
2022,University Tax Increment r Financing District,64,GO CIP - Non,University TIF District-Increment - W467,W467.1,2022,2024,0,13204268,2556929,"1,926,900","2,023,245"
2022,Vickery Meadow Tax Increment r Financing District,65,GO CIP - Non,Vickery Meadow Admin - P403,P403.1,2022,2024,309608,1058977,124373,"125,000","124,999"
2022,Vickery Meadowr,65,G O C IP - Non,Vickery Meadow TIF - Repayment of Advances - P470,P470.1,2022,2024,19712362,37530676,2608930,"2,917,709","2,978,564"
2022,Sports Arena Tax Increment r Financing District,65,GO CIP - Non,Victory North Hi Line Connector Trail Project - W697,W697.1,,,0,11562124,0,0,0
2022,r Sports Arena Ta,65,GO CIP - Non,Victory South Parking Garage Improvements - P780,P780.1,2022,2024,6485001,13681001,1211000,"855,000","1,710,000"
2022,r Sports Arena Ta,65,GO CIP - Non,Victory Su-district Retail - W151,W151.1,2022,2022,2333333,3500000,1166667,0,0
2022,Fort Worth Avenue Tax Increment r Financing District,65,GO CIP - Non,Villas at Western Heights - W650,W650.1,2022,2024,2500000,12857748,5178874,"3,561,188","1,617,686"
2022,Design District Tax Increment r Financing District,65,GO CIP - Non,Virgin Hotel Project - W301,W301.1,2022,2022,2842733,7689943,4847210,0,0
2022,Economic Development Bonds,65,2017 Bonds,Water Main Installations and Wastewater - VI34,VI34.1,,,508739,508739,0,0,0
2022,Economic Devel,65,2012 B onds,West Dallas - Target Rehab Program - VI31,VI31.1,,,0,0,0,0,0
2022,Oak Cliff Gateway Tax Increment r Financing District,65,GO CIP - Non,Zang Plaza Project - W821,W821.1,2024,2024,0,1500000,0,0,"900,000"
2022,Stormwater Drainage Management,71,Other GO CIP - Non-Debt,San Gabriel Drive 4300 Blk - W622,W622.1,2022,2023,0,592000,320000,"272,000",0
2022,Stormwater Drainage Management,71,2006 Bonds,"10836, 10840, 10844 Meadowcliff Cir - W093",W093.1,2022,2022,1669,1721,51,0,0
2022,Stormwater Drainage Management,71,2012 Bonds,"10836, 10840, 10844 Meadowcliff Cir - W093",W093.2,2022,2022,584734,585413,679,0,0
2022,Stormwater Drainage Management,71,Other GO CIP - Non-Debt,1700 N Field Street Drainage Repair - W706,W706.1,,,0,75000,0,0,0
2022,Stormwater Drainage Management,71,Other GO CIP - Non-Debt,17235 Stedman Dr - W667,W667.1,,,134,134,0,0,0
2022,Stormwater Drainage Management,71,Other GO CIP - Non-Debt,2133 Province - W707,W707.1,,,0,75000,0,0,0
2022,Stormwater Drainage Management,71,Other GO CIP - Non-Debt,2530 Blanton Outfall Repair - W834,W834.1,,,0,500000,0,0,0
2022,Stormwater Drainage Management,71,Other GO CIP - Non-Debt,408 Glen Oak - W356,W356.1,2022,2022,15425,143000,127575,0,0
2022,Stormwater Drainage Management,71,Other GO CIP - Non-Debt,4126 Maybeth Drainage Relief - W709,W709.1,,,0,15000,0,0,0
2022,Stormwater Drainage Management,72,Other GO CIP - Non-Debt,"4209 Rosa Ct, Drainage Relief System - W710",W710.1,2023,2024,0,1500000,0,"225,000","1,275,000"
2022,Stormwater Drainage Management,72,Other GO CIP - Non-Debt,5th Street Drainage Relief system - W711,W711.1,,,0,159450,0,0,0
2022,Stormwater Drainage Management,72,Other GO CIP - Non-Debt,6900 Royal Lane Drainage Relief System - W875,W875.1,2024,2024,0,1300000,0,0,"156,000"
2022,Stormwater Drainage Management,72,2017 Bonds,Abshire Lane - VD62,VD62.1,2022,2022,127972,948500,820528,0,0
2022,Stormwater Drainage Management,72,Other GO CIP - Non-Debt,"Acres/Grady Detention Basins 1 & 2, Dredging - W398",W398.1,2022,2022,142936,1220262,1077326,0,0
2022,Stormwater Drainage Management,72,2017 Bonds,"Alderson, 3700 - VD42",VD42.1,2023,2023,188000,1191000,0,"1,003,000",0
2022,Stormwater Drainage Management,72,Other GO CIP - Non-Debt,Alpha 6919 Drainage Relief System - W712,W712.1,,,0,400000,0,0,0
2022,Stormwater Drainage Management,72,Other GO CIP - Non-Debt,Alpha at Peyton (RL Area 3) - W833,W833.1,,,0,7000000,0,0,0
2022,Stormwater Drainage Management,72,Other GO CIP - Non-Debt,Anderson Ave @ Goodman - W399,W399.1,2022,2023,0,432400,230000,"202,400",0
2022,Flood Management,72,2006 Bonds,Ash Creek - S Fork - Bridges @ Lakeland - T497,T497.1,2022,2022,3565839,3274046,(291793),0,0
2022,Stormwater Drainage Management,72,Other GO CIP - Non-Debt,Ash Creek - S Fork Channel Improvements at John West - W400,W400.1,2022,2022,0,2435000,243500,0,0
2022,Stormwater Drainage Management,72,Other GO CIP - Non-Debt,Ash Creek Trib 5B7 Bridge Improvement @ Peavy - W713,W713.1,,,0,256500,0,0,0
2022,Stormwater Drainage Management,73,Other GO CIP - Non-Debt,Ash Creek Trib 5B7 Bridge Improvement @ Province - W714,W714.1,,,0,5400000,0,0,0
2022,Erosion Control,73,2012 Bonds,Audelia 11601 (Audelia - E Bank) - S702,S702.1,2022,2022,526720,2500,(524220),0,0
2022,Erosion Control,73,2017 Bonds,"Baymar Lane, 6201 - VD26",VD26.1,,,216095,216095,0,0,0
2022,Stormwater Drainage Management,73,Other GO CIP - Non-Debt,Beckley @ Coombs Creek Drinage Study - W401,W401.1,2022,2022,0,125000,125000,0,0
2022,Stormwater Drainage Management,73,Other GO CIP - Non-Debt,"Bent Creek Detention Basin, Dredging - W402",W402.1,2022,2022,37369,124169,86800,0,0
2022,Erosion Control,73,2017 Bonds,"Betty Jane, 10225 - VD27",VD27.1,2022,2022,43485,354600,311115,0,0
2022,Stormwater Drainage Management,73,Other GO CIP - Non-Debt,Birchridge 14721 - W717,W717.1,,,0,240000,0,0,0
2022,Erosion Control,73,2017 Bonds,Bonnie View over Five Mile Creek - VD12,VD12.1,2022,2022,94904,645000,550096,0,0
2022,Erosion Control,73,2012 Bonds,Burninglog 13156 - S709,S709.1,2022,2022,37939,68600,30661,0,0
2022,Stormwater Drainage Management,73,Other GO CIP - Non-Debt,Calcutta 616 (RL Area 40) - W273,W273.1,2022,2022,67397,440000,372603,0,0
2022,Stormwater Drainage Management,73,Other GO CIP - Non-Debt,Cedar Creek Bridge @ Clarendon - W403,W403.1,2022,2024,0,2810000,281000,0,"2,529,000"
2022,Stormwater Drainage Management,73,Other GO CIP - Non-Debt,Cedar Creek Bridge @ Clarendon (Sta 149+13) - W718,W718.1,,,0,332250,0,0,0
2022,Stormwater Drainage Management,73,Other GO CIP - Non-Debt,Cedar Creek Bridge @ Moore - W404,W404.1,2022,2024,0,1476000,147600,0,"1,328,400"
2022,Stormwater Drainage Management,74,Other GO CIP - Non-Debt,Cedar Creek Bridge @ Tyler - W719,W719.1,,,0,8300000,0,0,0
2022,Stormwater Drainage Management,74,Other GO CIP - Non-Debt,Cedar Creek Channel -ATSF RR to Ewing - W720,W720.1,,,0,1740000,0,0,0
2022,Stormwater Drainage Management,74,Other GO CIP - Non-Debt,Cedar Creek Channel Improvements (908 s Rosemont) - W721,W721.1,,,0,225000,0,0,0
2022,Stormwater Drainage Management,74,Other GO CIP - Non-Debt,Cedar Creek Culvert @ Polk - W722,W722.1,,,0,1000000,0,0,0
2022,Stormwater Drainage Management,74,Other GO CIP - Non-Debt,Cedar Creek Culvert @ W. Claredon Drive - W230,W230.1,2022,2022,85518,447883,362365,0,0
2022,Stormwater Drainage Management,74,Other GO CIP - Non-Debt,Cedar Creek Culvert @ Winnetka - W723,W723.1,,,0,330000,0,0,0
2022,Stormwater Drainage Management,74,Other GO CIP - Non-Debt,Cedar Springs Branch - Lomo Alto Dr @ Lemmon Ave - W836,W836.1,2023,2023,0,450000,0,"450,000",0
2022,Stormwater Drainage Management,74,Other GO CIP - Non-Debt,Cedar Springs Branch @ Denton - W725,W725.1,,,0,91500,0,0,0
2022,Stormwater Drainage Management,74,Other GO CIP - Non-Debt,Cedar Springs Branch @ Production - W835,W835.1,,,0,71250,0,0,0
2022,Stormwater Drainage Management,74,Other GO CIP - Non-Debt,Chalk Hill Branch @ S.Counts - W728,W728.1,,,0,206250,0,0,0
2022,Stormwater Drainage Management,74,Other GO CIP - Non-Debt,Chalk Hill Branch Bridge @ N. Counts - W837,W837.1,,,0,123750,0,0,0
2022,Stormwater Drainage Management,75,Other GO CIP - Non-Debt,Chalk Hill Branch Culvert @ Jefferson - W729,W729.1,,,0,75000,0,0,0
2022,Stormwater Drainage Management,75,2017 Bonds,Chalkhill Branch - I30/Loop 12 Interchange - VD33,VD33.1,2022,2022,95908,780000,684092,0,0
2022,Stormwater Drainage Management,75,Other GO CIP - Non-Debt,Channel - Major Maintenance - W195,W195.1,2023,2024,0,1175000,0,"175,000","250,000"
2022,Stormwater Drainage Management,75,Other GO CIP - Non-Debt,Cherry Hill 8647 Storm Drainage Relief - W838,W838.1,,,0,15120,0,0,0
2022,Stormwater Drainage Management,75,Other GO CIP - Non-Debt,Cherrybrook Dam Spillway Rehabilitation - W839,W839.1,2024,2024,0,5000000,0,0,"600,000"
2022,Erosion Control,75,2017 Bonds,"Claren Court 7106, 7110, 7114 - VD24",VD24.1,2022,2022,223400,225400,2000,0,0
2022,Erosion Control,75,2017 Bonds,Clearbrook Lane 10500 Blk - VD17,VD17.1,,,263661,263661,0,0,0
2022,Stormwater Drainage Management,75,Other GO CIP - Non-Debt,"Cliffdale, 322 - W731",W731.1,,,0,82500,0,0,0
2022,Erosion Control,75,2017 Bonds,"Clubcreek Circle 8903, 8907, 8911 - VD14",VD14.1,2022,2022,190016,1077339,887323,0,0
2022,Erosion Control,75,2012 Bonds,Clubhouse Circle 6523 & 6527 - S715,S715.1,2022,2022,37088,29206,(7882),0,0
2022,Erosion Control,75,2012 Bonds,Clubhouse Circle 6523 & 6527 - S715,S715.2,2022,2022,15186,23068,7882,0,0
2022,Stormwater Drainage Management,75,Other GO CIP - Non-Debt,Clubhouse Circle 6523 & 6527 - S715,S715.3,,,234219,234219,0,0,0
2022,Stormwater Drainage Management,75,Other GO CIP - Non-Debt,Conrad - Louisiana Area Relief - W840,W840.1,,,0,312000,0,0,0
2022,Stormwater Drainage Management,76,Other GO CIP - Non-Debt,Coolgreene 8208 - W231,W231.1,2022,2022,42984,281000,238016,0,0
2022,Stormwater Drainage Management,76,Other GO CIP - Non-Debt,Coombs Creek Bridge @ 9th - W733,W733.1,,,0,50250,0,0,0
2022,Stormwater Drainage Management,76,Other GO CIP - Non-Debt,Coombs Creek Bridge @ Barnett - W734,W734.1,,,0,42000,0,0,0
2022,Stormwater Drainage Management,76,Other GO CIP - Non-Debt,Coombs Creek Bridge @ Colorado - W736,W736.1,,,0,333025,0,0,0
2022,Stormwater Drainage Management,76,Other GO CIP - Non-Debt,Coombs Creek Bridge @ Plymouth - W737,W737.1,,,0,6400000,0,0,0
2022,Erosion Control,76,2012 Bonds,Country Brook Pond Btwn Park Grove Ln & - S717,S717.1,2022,2022,131133,24961,(106172),0,0
2022,Erosion Control,76,2017 Bonds,Creek Bend Road 7028 - VD80,VD80.1,2022,2022,2000,73515,71515,0,0
2022,Storm Drainage Relief System,76,2017 Bonds,Creek Bend Road 7028 - VD80,VD80.2,2022,2022,8485,6275,(2210),0,0
2022,Stormwater Drainage Management,76,Other GO CIP - Non-Debt,Crestview East Addition No.2 (Beechmont 2779) Drainage relief system - W738,W738.1,,,0,315000,0,0,0
2022,Stormwater Drainage Management,76,Other GO CIP - Non-Debt,CTP - W139,W139.1,2022,2022,716581,1180293,463712,0,0
2022,Flood Management,76,2017 Bonds,Cypress Branch @ Jennie Lee - VD75,VD75.1,2022,2023,105075,183000,59625,"18,300",0
2022,Stormwater Drainage Management,76,1998 Bonds,Dallas Floodway DFE PPA - W446,W446.1,2022,2022,13975,15072,1097,0,0
2022,Stormwater Drainage Management,76,2006 Bonds,Dallas Floodway DFE PPA - W446,W446.2,2022,2022,555273,567446,12173,0,0
2022,Trinity River Corridor Projects,77,1998 Bonds,Dallas Floodway DFE PPA - W446,W446.3,,,7734715,7734715,0,0,0
2022,Trinity River Corridor Projects,77,2006 Bonds,Dallas Floodway DFE PPA - W446,W446.4,2022,2022,584443,591135,6692,0,0
2022,Erosion Control,77,1995 Bonds,Dallas Floodway Extension - W632,W632.1,2022,2022,0,20990,20990,0,0
2022,Flood Management,77,2006 Bonds,Dallas Floodway Extension - W632,W632.2,2022,2022,0,1278436,1278436,0,0
2022,Stormwater Drainage Management,77,1995 Bonds,Dallas Floodway Extension - W632,W632.3,2022,2022,0,209208,209208,0,0
2022,Stormwater Drainage Management,77,1998 Bonds,Dallas Floodway Extension - W632,W632.4,2022,2022,1644,346151,344507,0,0
2022,Stormwater Drainage Management,77,2003 Bonds,Dallas Floodway Extension - W632,W632.5,2022,2022,0,145606,145606,0,0
2022,Stormwater Drainage Management,77,2006 Bonds,Dallas Floodway Extension - W632,W632.6,2022,2022,1084695,4138788,3054093,0,0
2022,Stormwater Drainage Management,77,Other GO CIP - Non-Debt,Dallas Floodway Extension - W632,W632.7,2022,2022,0,1492598,1492598,0,0
2022,Trinity River Corridor Projects,77,1998 Bonds,Dallas Floodway Extension - W632,W632.8,2022,2022,329635,9126754,8797120,0,0
2022,Trinity River Corridor Projects,77,2006 Bonds,Dallas Floodway Extension - W632,W632.9,2022,2022,2070333,5989738,3919406,0,0
2022,Erosion Control,77,2017 Bonds,"Deep Hill Circle 2625, 2641, 2663, 2667, 2687, 2691 - VD02",VD02.1,2022,2022,12382,1172641,1160259,0,0
2022,Stormwater Drainage Management,77,Other GO CIP - Non-Debt,Dixon Branch Relief System (RL Areas 18 & 19) - W845,W845.1,,,0,7500000,0,0,0
2022,Stormwater Drainage Management,78,Other GO CIP - Non-Debt,Dixon Branch-E Prong Culvert@ Mediterranean - W740,W740.1,,,0,25559,0,0,0
2022,Stormwater Drainage Management,78,Other GO CIP - Non-Debt,Dorrington Circle 3106 - W741,W741.1,2023,2024,0,160000,0,"24,000","136,000"
2022,Stormwater Drainage Management,78,Other GO CIP - Non-Debt,Dredge Maintenance - W405,W405.1,2022,2024,0,1350000,175000,"175,000","250,000"
2022,Erosion Control,78,2017 Bonds,"El Cerrito Storm Drainage, 2470 - VD11",VD11.1,2022,2022,31783,200001,168218,0,0
2022,Erosion Control,78,2017 Bonds,"El Cerrito, 2420, 2460, 2522 - VD10",VD10.1,2022,2022,696279,720123,23844,0,0
2022,Stormwater Drainage Management,78,Other GO CIP - Non-Debt,El Tivoli Branch Culvert @ Plymouth Road - W847,W847.1,2024,2024,0,500000,0,0,"60,000"
2022,Stormwater Drainage Management,78,Other GO CIP - Non-Debt,El Tivoli@ Reverchon Drainage Relief System - W742,W742.1,2024,2024,0,1610000,0,0,"193,200"
2022,Stormwater Drainage Management,78,Other GO CIP - Non-Debt,Elm Fork Trinity River - Upper East @ Skyline Trail Bridge / Trinity View Park - W846,W846.1,2024,2024,0,1600000,0,0,"192,000"
2022,Stormwater Drainage Management,78,Other GO CIP - Non-Debt,Elmwood Branch Bridge @ Melbourne - W743,W743.1,,,0,31500,0,0,0
2022,Stormwater Drainage Management,78,Other GO CIP - Non-Debt,Elmwood Branch Culvert @ Edgefield - W744,W744.1,,,0,48000,0,0,0
2022,Stormwater Drainage Management,78,Other GO CIP - Non-Debt,Elmwood Branch Culvert @ Tyler & Vernon - W745,W745.1,,,0,36000,0,0,0
2022,Stormwater Drainage Management,79,Other GO CIP - Non-Debt,Emergency Pipe Repairs - Major Maintenance of Collapsed Pipe in Critical Areas - W268,W268.1,2023,2024,0,1200000,0,"200,000","250,000"
2022,Stormwater Drainage Management,79,Other GO CIP - Non-Debt,Estes Branch Channel Improvements (2704 Mossglen) - W746,W746.1,,,0,300000,0,0,0
2022,Stormwater Drainage Management,79,Other GO CIP - Non-Debt,Eustis Ave 8600- 8800 Blk & KCS Railroad Backwater Analysis - W747,W747.1,,,0,200000,0,0,0
2022,Stormwater Drainage Management,79,Other GO CIP - Non-Debt,"Fair Oaks Crossing, 8555 - W406",W406.1,2022,2023,60165,340165,42000,"238,000",0
2022,Stormwater Drainage Management,79,Other GO CIP - Non-Debt,"Fair Oaks Detention Basin, Dredging - W407",W407.1,2022,2022,101298,793138,691840,0,0
2022,Stormwater Drainage Management,79,Other GO CIP - Non-Debt,Five Mile Pkwy 2200 Clock - W232,W232.1,2022,2022,877412,951430,74018,0,0
2022,Stormwater Drainage Management,79,Other GO CIP - Non-Debt,Flood Control Operations Center - W220,W220.1,,,11818933,11818933,0,0,0
2022,Stormwater Drainage Management,79,Other GO CIP - Non-Debt,Flood Management Area - Major Maintenance - W194,W194.1,2023,2024,0,1175000,0,"225,000","225,000"
2022,Trinity River Corridor Projects,79,1998 Bonds,Flood risk/Eco Restoration/ Recreation - W245,W245.1,2022,2022,31032574,31032575,1,0,0
2022,Stormwater Drainage Management,79,2017 Bonds,Forest Ridge 9700 Block-Chiswell 9600 Block - VD76,VD76.1,2022,2022,185755,1344490,1158735,0,0
2022,Stormwater Drainage Management,80,2017 Bonds,Fort Worth Avenue @ Vilbig - VD37,VD37.1,2022,2022,32516,155090,122574,0,0
2022,Stormwater Drainage Management,80,Other GO CIP - Non-Debt,"Fox Hollow Lake, Dredging - W408",W408.1,2022,2022,31006,137770,106764,0,0
2022,Stormwater Drainage Management,80,Other GO CIP - Non-Debt,Funds to Supplement 2017 Bond Projects - W848,W848.1,2023,2023,0,7067615,0,"7,067,615",0
2022,Stormwater Drainage Management,80,Other GO CIP - Debt,FY22 EAN-SDM Fleet-Equipment Replacement - E449,E449.1,2022,2022,0,2500000,2500000,0,0
2022,Stormwater Drainage Management,80,Other GO CIP - Debt,FY23 EAN-SDM Storm Drainage Management - W904,W904.1,2023,2024,0,12500000,0,"2,500,000","2,500,000"
2022,Stormwater Drainage Management,80,Other GO CIP - Non-Debt,Gabion - Major Maintenance - W196,W196.1,2022,2024,0,723890,(451110),"225,000","225,000"
2022,Stormwater Drainage Management,80,Other GO CIP - Non-Debt,Gateridge 6841 Storm Drainage Relief - W849,W849.1,,,0,348000,0,0,0
2022,Storm Drainage Relief System,80,2017 Bonds,Gifford-Roanoke Area Relief System - Phase II/ Brookhollow Bridge - VD38,VD38.1,2022,2022,194420,1645000,1450580,0,0
2022,Stormwater Drainage Management,80,Other GO CIP - Non-Debt,Grauwyler Gate - W751,W751.1,,,0,75000,0,0,0
2022,Stormwater Drainage Management,80,2017 Bonds,"Greendale 1721, 1716 - VD67",VD67.1,2022,2023,18814,105000,31186,"55,000",0
2022,Stormwater Drainage Management,80,Other GO CIP - Non-Debt,Greenhollow/ Sapling Way/ Clearsprings RL - W200,W200.1,2022,2022,199515,1370700,1171185,0,0
2022,Stormwater Drainage Management,81,2017 Bonds,Greenspan - Kirnwood Area - VD65,VD65.1,2022,2022,72698,528500,455802,0,0
2022,Stormwater Drainage Management,81,Other GO CIP - Non-Debt,Guildhall-McCree Storm Drainage Relief System - W213,W213.1,2022,2022,436170,4699970,4263800,0,0
2022,Stormwater Drainage Management,81,2017 Bonds,Hampton Gate - VD34,VD34.1,2022,2023,0,477429,4992,"472,437",0
2022,Flood Management,81,2017 Bonds,Hatfield Branch @ Seagoville Channel Improvements - VD71,VD71.1,2022,2023,52474,487000,147526,"287,000",0
2022,Stormwater Drainage Management,81,Other GO CIP - Non-Debt,Hatfield Branch Dam Spillway Rehabilitation - W852,W852.1,2024,2024,0,5000000,0,0,"600,000"
2022,Erosion Control,81,2012 Bonds,Healey 2116 & Kingsman 9869 - S731,S731.1,,,20642,20642,0,0,0
2022,Stormwater Drainage Management,81,2017 Bonds,Hearne @ Commerce - VD35,VD35.1,2022,2022,38488,589845,551357,0,0
2022,Stormwater Drainage Management,81,Other GO CIP - Non-Debt,Hickory Creek Floodplain Management Study - W270,W270.1,2022,2022,0,228066,228066,0,0
2022,Stormwater Drainage Management,81,Other GO CIP - Non-Debt,Highgrove Area Drainage Relief System - W410,W410.1,2023,2024,0,4155000,0,"415,500","3,739,500"
2022,Storm Drainage Relief System,81,2017 Bonds,"Highland Road, 2447 - VD68",VD68.1,2022,2023,39069,195000,35931,"120,000",0
2022,Erosion Control,81,2017 Bonds,"Hillside Drive, 3604 - VD18",VD18.1,,,531749,531749,0,0,0
2022,Stormwater Drainage Management,81,Other GO CIP - Non-Debt,"Holliday, 3445, 3449, 3605, 3621 - W411",W411.1,2022,2023,0,1040000,124800,"915,200",0
2022,Stormwater Drainage Management,82,2017 Bonds,"Hollow Ridge, 4804 - VD74",VD74.1,2022,2023,10111,350000,154889,"185,000",0
2022,Stormwater Drainage Management,82,2017 Bonds,"Homer Street, 3215 - VD43",VD43.1,2022,2022,21200,141000,119800,0,0
2022,Stormwater Drainage Management,82,Other GO CIP - Non-Debt,Jackson Branch- Church Road Bridge - W753,W753.1,,,0,205500,0,0,0
2022,Erosion Control,82,2017 Bonds,Joe's Creek - TXU ROW and 3900 Block Vinecrest - VD28,VD28.1,,,51216,51216,0,0,0
2022,Erosion Control,82,Other GO CIP - Non-Debt,Joe's Creek - TXU ROW and 3900 Block Vinecrest - VD28,VD28.2,,,386350,386350,0,0,0
2022,Flood Management,82,2017 Bonds,Joe's Creek West Fork Bridge @ Walnut Hill - VD47,VD47.1,2022,2023,223343,470000,51657,"195,000",0
2022,Stormwater Drainage Management,82,Other GO CIP - Non-Debt,Joes Creek West Fork Channel and Cuvert Improvements - W276,W276.1,,,0,25000000,0,0,0
2022,Stormwater Drainage Management,82,2017 Bonds,Junius Street @Baylor University Medical Center - VD39,VD39.1,,,102829,102829,0,0,0
2022,Stormwater Drainage Management,82,Other GO CIP - Non-Debt,"Keeton Park Lake, Dredging - W412",W412.1,2023,2023,118966,790798,0,"671,832",0
2022,Erosion Control,82,2017 Bonds,Kidd Springs - H&H Study - VD31,VD31.1,,,89000,89000,0,0,0
2022,Stormwater Drainage Management,82,Other GO CIP - Non-Debt,Kidd Springs Branch @ Colorado - W754,W754.1,,,0,146050,0,0,0
2022,Stormwater Drainage Management,83,Other GO CIP - Non-Debt,Kidd Springs Tunnel - W656,W656.1,,,89945,89945,0,0,0
2022,Stormwater Drainage Management,83,Other GO CIP - Non-Debt,Kidd Springs Tunnel Rehabilitation - W854,W854.1,2023,2024,0,336000,0,"36,000","300,000"
2022,Stormwater Drainage Management,83,Other GO CIP - Non-Debt,Kiest Boulevard W. 2412 - W234,W234.1,2022,2024,45547,525000,287053,0,"192,400"
2022,Stormwater Drainage Management,83,Other GO CIP - Non-Debt,"Kiesthill (3425, 3407, 3411, 3431), Kiest Crest (3610), Kiest (3327, 3335, 3419), and Kiest Crest - W414",W414.1,2022,2023,0,3553750,236800,"3,316,950",0
2022,Erosion Control,83,1995 Bonds,Kiltartan 1511 - S735,S735.1,,,1266,1266,0,0,0
2022,Stormwater Drainage Management,83,Other GO CIP - Non-Debt,Kiltartan 1519 - W755,W755.1,2023,2024,0,224000,0,"33,600","190,400"
2022,Flood Management,83,2017 Bonds,Kings Branch @ Genoa - VD61,VD61.1,2022,2022,41525,262000,220475,0,0
2022,Flood Management,83,2017 Bonds,Kings Branch Culvert @ Denley - VD60,VD60.1,2022,2022,80625,736433,655808,0,0
2022,Flood Management,83,2017 Bonds,Kings Branch Culvert @ Edgemont - VD56,VD56.1,2022,2022,32621,513385,480764,0,0
2022,Flood Management,83,2017 Bonds,Kings Branch Culvert @ Georgia - VD54,VD54.1,2022,2022,33718,428604,394886,0,0
2022,Flood Management,83,2017 Bonds,Kings Branch Culvert @ Louisiana - VD59,VD59.1,2022,2022,59185,431955,372770,0,0
2022,Flood Management,83,2017 Bonds,Kings Branch Culvert @ Stella - VD58,VD58.1,2022,2022,32298,192000,159702,0,0
2022,Flood Management,84,2017 Bonds,Kings Branch Culvert @ Woodin - VD57,VD57.1,2022,2022,35132,308054,272922,0,0
2022,Stormwater Drainage Management,84,Other GO CIP - Non-Debt,Knights 3800 @ Grinnell - W756,W756.1,,,0,65250,0,0,0
2022,Stormwater Drainage Management,84,Other GO CIP - Non-Debt,Knights Branch Upper Relief System Study - W756,W756.2,,,0,400000,0,0,0
2022,Stormwater Drainage Management,84,Other GO CIP - Non-Debt,Knights Street 2426 & 2428 - W757,W757.1,,,0,177000,0,0,0
2022,Stormwater Drainage Management,84,Other GO CIP - Non-Debt,Lafayette Heights Branch Culvert @ Plymouth Road - W858,W858.1,2024,2024,0,560000,0,0,"67,200"
2022,Stormwater Drainage Management,84,Other GO CIP - Non-Debt,Lake Cliff Dam Rehabilitation - W860,W860.1,2024,2024,0,5000000,0,0,"600,000"
2022,Stormwater Drainage Management,84,Other GO CIP - Non-Debt,Lake Cliff Dam Seepage Project - W859,W859.1,,,0,1500000,0,0,0
2022,Stormwater Drainage Management,84,2017 Bonds,"Lake Highlands Town Center, Dredge Project - VD77",VD77.1,2022,2022,10000,1664043,1654043,0,0
2022,Flood Management,84,2017 Bonds,Lake June @ St. Augustine - VD72,VD72.1,2022,2023,62714,721000,137286,"521,000",0
2022,Stormwater Drainage Management,84,Other GO CIP - Non-Debt,Lakeland 2214 - W235,W235.1,2022,2022,290106,37375,(252731),0,0
2022,Stormwater Drainage Management,84,Other GO CIP - Non-Debt,Lane Park-7100 to 7300 Block - W760,W760.1,,,0,143550,0,0,0
2022,Stormwater Drainage Management,84,Other GO CIP - Non-Debt,Lisbon Area C - W204,W204.1,2022,2022,293063,1654300,1361237,0,0
2022,Storm Drainage Relief System,85,2017 Bonds,"Lively Lane, 3808 - VD48",VD48.1,2022,2023,39688,80000,24312,"16,000",0
2022,Stormwater Drainage Management,85,2017 Bonds,Loganwood 3602 - VD69,VD69.1,2022,2023,43038,256000,56962,"156,000",0
2022,Stormwater Drainage Management,85,Other GO CIP - Non-Debt,"Lone Star Detention Basin, Dredging - W416",W416.1,2022,2022,93625,93643,18,0,0
2022,Stormwater Drainage Management,85,Other GO CIP - Non-Debt,Loree 1742 - W761,W761.1,,,0,109500,0,0,0
2022,Stormwater Drainage Management,85,Other GO CIP - Non-Debt,Mapleleaf Circle/ Mapleleaf Lane Area - W763,W763.1,,,0,159000,0,0,0
2022,Stormwater Drainage Management,85,Other GO CIP - Non-Debt,Master Plans / Floodplain Management Studies - W417,W417.1,2022,2022,3500000,4540000,1040000,0,0
2022,Stormwater Drainage Management,85,Other GO CIP - Non-Debt,McCommas Branch FPMS Alt 4 - W277,W277.1,2022,2024,0,2498932,479432,"619,500","1,400,000"
2022,Flood Management,85,2006 Bonds,McCree Branch- White Rock-Flood Management - T515,T515.1,2022,2022,96901,41527,(55374),0,0
2022,Stormwater Drainage Management,85,Other GO CIP - Non-Debt,Meadow Lake Ave 7102 & Westlake 7203 - W764,W764.1,,,0,238500,0,0,0
2022,Erosion Control,85,2006 Bonds,"Meadowcliff 10720, 10726 - VD13",VD13.1,,,398183,398183,0,0,0
2022,Erosion Control,85,2017 Bonds,"Meadowcliff 10720, 10726 - VD13",VD13.2,2022,2022,840783,690400,(150384),0,0
2022,Stormwater Drainage Management,85,Other GO CIP - Non-Debt,Meadowknoll 8911 - W765,W765.1,,,0,26400,0,0,0
2022,Erosion Control,85,2017 Bonds,Meandering Way 16209 - VD81,VD81.1,2022,2022,4000,65848,61848,0,0
2022,Stormwater Drainage Management,86,2017 Bonds,Meandering Way 16209 - VD81,VD81.2,2022,2022,8152,5168,(2984),0,0
2022,Stormwater Drainage Management,86,Other GO CIP - Non-Debt,Meandering Way 17490 Site A (1901) - W626,W626.1,,,1442984,1442984,0,0,0
2022,Stormwater Drainage Management,86,Other GO CIP - Non-Debt,Medical District Drive Drainage Relief System Phase II - W863,W863.1,,,0,1554000,0,0,0
2022,Stormwater Drainage Management,86,Other GO CIP - Non-Debt,Melody Lane 6262 Site 1&2 - W766,W766.1,2023,2023,0,1689000,0,"253,350",0
2022,Stormwater Drainage Management,86,Other GO CIP - Non-Debt,"Mercer Place, 9056 - W790",W790.1,2022,2023,0,160000,24000,"136,000",0
2022,Flood Management,86,2006 Bonds,Mill Creek Drainage Relief System - Phase I - T525,T525.1,2022,2022,151744,153470,1726,0,0
2022,Stormwater Drainage Management,86,2006 Bonds,Mill Creek Drainage Relief System - Phase I - T525,T525.2,2022,2022,48897290,82840376,33943087,0,0
2022,Stormwater Drainage Management,86,Other GO CIP - Non-Debt,Mill Creek Drainage Relief System - Phase I - T525,T525.3,2022,2022,0,4700000,4700000,0,0
2022,Flood Management,86,2012 Bonds,"Mill Creek, Peaks Branch and State Thomas - S769",S769.1,2022,2022,204573549,218600000,14026451,0,0
2022,Stormwater Drainage Management,86,2017 Bonds,Milverton @ Palisade - VD73,VD73.1,2022,2023,91760,870000,58240,"720,000",0
2022,Stormwater Drainage Management,86,Other GO CIP - Non-Debt,Monte Carlo 1600 and 3400 block - W274,W274.1,2022,2022,70325,200000,129675,0,0
2022,Erosion Control,86,2017 Bonds,Morning Dew Circle 3844 (RL Area 39) - VD55,VD55.1,2022,2022,4000,189141,185141,0,0
2022,Stormwater Drainage Management,87,2017 Bonds,Morning Dew Circle 3844 (RL Area 39) - VD55,VD55.2,2022,2022,17800,21800,4000,0,0
2022,Erosion Control,87,2017 Bonds,"Munger, 1300, 1301 - VD40",VD40.1,2022,2022,13713,82333,68620,0,0
2022,Stormwater Drainage Management,87,Other GO CIP - Non-Debt,N. Winnetka Ave. @ McBroom Street Drainage Relief - W767,W767.1,,,0,34500,0,0,0
2022,Stormwater Drainage Management,87,2017 Bonds,Nandina - Pine Trail Area - VD63,VD63.1,2022,2022,103707,107207,3500,0,0
2022,Stormwater Drainage Management,87,2017 Bonds,Nandina - Pine Trail Area - VD63,VD63.2,2022,2022,89310,806293,716983,0,0
2022,Erosion Control,87,2017 Bonds,"Nedra Way, 15821, 15827 - VD25",VD25.1,,,335002,335002,0,0,0
2022,Stormwater Drainage Management,87,Other GO CIP - Non-Debt,Northclif Drive 9804 - W768,W768.1,2024,2024,0,490000,0,0,"73,500"
2022,Stormwater Drainage Management,87,Other GO CIP - Non-Debt,Northwest Highway @ Tulane - W769,W769.1,,,0,9775000,0,0,0
2022,Erosion Control,87,2017 Bonds,Oates Drive 1407 - VD19,VD19.1,,,439960,439960,0,0,0
2022,Stormwater Drainage Management,87,Other GO CIP - Non-Debt,Ohio W. 412 416 - W236,W236.1,2022,2022,1000,23375,22375,0,0
2022,Stormwater Drainage Management,87,Other GO CIP - Non-Debt,"Pandora Circle, 13344 - W419",W419.1,2022,2023,0,320000,48000,"272,000",0
2022,Erosion Control,87,2017 Bonds,Parkdale Bridge - White Rock Creek Tributary - VD08,VD08.1,2023,2023,0,97000,0,"97,000",0
2022,Stormwater Drainage Management,87,Other GO CIP - Non-Debt,Parkhurst - Brookhurst (Lake Highlands Baptist) Relief System - W867,W867.1,,,0,378000,0,0,0
2022,Stormwater Drainage Management,88,Other GO CIP - Non-Debt,Parrish Branch Culvert @ Wheatland Rd. - W237,W237.1,2022,2023,114036,562536,(68036),"516,536",0
2022,Stormwater Drainage Management,88,Other GO CIP - Non-Debt,"Paul Quinn College, 3837 Simpson Stewar - W238",W238.1,2022,2022,57634,368250,310616,0,0
2022,Stormwater Drainage Management,88,Other GO CIP - Non-Debt,Peaks Branch Upper Basin Relief System (RL Area 13) - W868,W868.1,,,0,21500000,0,0,0
2022,Stormwater Drainage Management,88,Other GO CIP - Non-Debt,Pensive Drive Channel/ Walnut Hill Relief System - W212,W212.1,2022,2022,1116051,11025000,9908949,0,0
2022,Stormwater Drainage Management,88,Other GO CIP - Non-Debt,Plano Pkwy. 8800 - W770,W770.1,,,0,103500,0,0,0
2022,Stormwater Drainage Management,88,Other GO CIP - Non-Debt,Pleasant Branch - Tonawanda to Bruton - W261,W261.1,,,472458,472458,0,0,0
2022,Stormwater Drainage Management,88,Other GO CIP - Non-Debt,Pleasant Branch Tonawanda to Bruton - W279,W279.1,2022,2022,0,4686151,4686151,0,0
2022,Stormwater Drainage Management,88,Other GO CIP - Non-Debt,Plymouth Road Drainage Relief (Avon to Bahama) - W869,W869.1,2024,2024,0,400000,0,0,"48,000"
2022,Stormwater Drainage Management,88,Other GO CIP - Non-Debt,Polk Street 3425 (RL Area 38) - W272,W272.1,2022,2022,0,1100000,440000,0,0
2022,Flood Management,88,2017 Bonds,Prairie Creek Channel & Bridge Improvement @ 175 - VD70,VD70.1,2022,2023,69901,1217000,230099,"917,000",0
2022,Stormwater Drainage Management,88,2017 Bonds,Prairie Oak Drive 9321 (RL Area 33) - VD66,VD66.1,2022,2023,70737,425000,54263,"300,000",0
2022,Stormwater Drainage Management,89,Other GO CIP - Non-Debt,Pratt St @ Mayrant Dr. Erosion Control - W870,W870.1,2024,2024,0,350000,0,0,"42,000"
2022,Stormwater Drainage Management,89,Other GO CIP - Non-Debt,"Preston Bend Drive, 17110 - W420",W420.1,2022,2023,0,640000,76800,"563,200",0
2022,Stormwater Drainage Management,89,Other GO CIP - Non-Debt,Preston Creek Place 6166 - W771,W771.1,,,0,22500,0,0,0
2022,Flood Management,89,2017 Bonds,"Preston Hollow Channel, Phases 1& 2, Desco - VD51",VD51.1,2022,2023,208076,1854000,36924,"1,609,000",0
2022,Flood Management,89,2017 Bonds,Pruitt Branch Tributary Culvert Improvements @ Kingsfield - VD64,VD64.1,2022,2022,66410,307975,241565,0,0
2022,Stormwater Drainage Management,89,Other GO CIP - Non-Debt,Pyka 3918 - W239,W239.1,2022,2022,40077,519617,479540,0,0
2022,Stormwater Drainage Management,89,Other GO CIP - Non-Debt,"Ravinia South,123 - W773",W773.1,,,0,250000,0,0,0
2022,Stormwater Drainage Management,89,Other GO CIP - Non-Debt,Rawlings-Douglas to Knight Drainage Relief - W197,W197.1,2022,2022,1077102,1820318,743216,0,0
2022,Stormwater Drainage Management,89,Other GO CIP - Non-Debt,Red Bird Branch Culvert @ Red Bird Lane - W421,W421.1,2022,2023,0,2700000,270000,"2,430,000",0
2022,Stormwater Drainage Management,89,Other GO CIP - Non-Debt,Rembrandt Terrace 18731 - W240,W240.1,,,203079,203079,0,0,0
2022,Stormwater Drainage Management,89,Other GO CIP - Non-Debt,Repetitive Loss Properties - W872,W872.1,2023,2024,0,5677397,0,"750,000","1,827,397"
2022,Storm Drainage Relief System,89,2017 Bonds,Rexford Dr @ Shorecrest Dr - VD53,VD53.1,2022,2022,20477,149523,129046,0,0
2022,Stormwater Drainage Management,90,Other GO CIP - Non-Debt,Richwood - W241,W241.1,2022,2022,1323370,1911306,587936,0,0
2022,Erosion Control,90,2017 Bonds,"Riverhill Drive, 17418 - VD22",VD22.1,2022,2022,228150,228195,45,0,0
2022,Stormwater Drainage Management,90,Other GO CIP - Non-Debt,Roof & HVAC Replacements - W873,W873.1,2023,2024,0,2100000,0,"250,000","500,000"
2022,Stormwater Drainage Management,90,2017 Bonds,"Royal Lane, 3162 (RL Area 7) - VD52",VD52.1,2022,2023,45466,220000,52534,"122,000",0
2022,Stormwater Drainage Management,90,2017 Bonds,"Royal Lane, 7012 - VD50",VD50.1,2022,2023,114269,1050000,30731,"905,000",0
2022,Stormwater Drainage Management,90,2006 Bonds,Rush Creek - Relief/Diversion System - T533,T533.1,2022,2022,495018,495017,(1),0,0
2022,Stormwater Drainage Management,90,Other GO CIP - Non-Debt,Sage Valley-Wisteria Area - W776,W776.1,,,0,26472,0,0,0
2022,Stormwater Drainage Management,90,Other GO CIP - Non-Debt,San Gabriel Drive 4300 Blk - W622,W622.2,2023,2023,0,4245000,0,"1,086,750",0
2022,Stormwater Drainage Management,90,Other GO CIP - Non-Debt,Sanford Ave Relief System - W199,W199.1,2022,2022,408860,323760,(85100),0,0
2022,Erosion Control,90,2017 Bonds,"Shady Hollow Ct, 3300 Block & Boulder Drive - VD16",VD16.1,,,214337,214337,0,0,0
2022,Stormwater Drainage Management,90,Other GO CIP - Non-Debt,"Sinclair, 10514 - W423",W423.1,2022,2023,0,160000,24000,"136,000",0
2022,Stormwater Drainage Management,90,Other GO CIP - Non-Debt,Sonnet Drive Drainage Relief System - W877,W877.1,2023,2023,0,3100000,0,"372,000",0
2022,Flood Management,90,2017 Bonds,Sorcey Road @ White Ash - VD41,VD41.1,2022,2022,34975,246767,211792,0,0
2022,Stormwater Drainage Management,91,Other GO CIP - Non-Debt,"South Lamar Ph. 2 - Pear, Mooney, Bannock Area - W424",W424.1,2022,2024,0,4000000,400000,0,"3,600,000"
2022,Erosion Control,91,2012 Bonds,Spring Grove 13316 - S751,S751.1,2022,2022,208252,208831,580,0,0
2022,Erosion Control,91,2012 Bonds,Squaw Valley 17628 - S754,S754.1,2022,2022,35417,41299,5882,0,0
2022,Stormwater Drainage Management,91,Other GO CIP - Non-Debt,Squaw Valley 17628 - S754,S754.2,,,215203,215203,0,0,0
2022,Stormwater Drainage Management,91,Other GO CIP - Non-Debt,"Squaw Valley, 17612,17614 & 17630 - W425",W425.1,2022,2023,85100,1001600,35092,"881,408",0
2022,Stormwater Drainage Management,91,2006 Bonds,State-Thomas - Antique District (Fairmou - T534,T534.1,,,28041,28041,0,0,0
2022,Stormwater Drainage Management,91,2017 Bonds,State-Thomas - Flora/Boll to Fairmont - VD45,VD45.1,2022,2022,102500,495000,392500,0,0
2022,Stormwater Drainage Management,91,2017 Bonds,State-Thomas - Hallsville/ Worthington - VD44,VD44.1,2022,2022,99588,636000,536412,0,0
2022,Stormwater Drainage Management,91,2006 Bonds,State-Thomas - McKinney Ave. - T535,T535.1,,,2787883,2787883,0,0,0
2022,Stormwater Drainage Management,91,2006 Bonds,State-Thomas @ Woodall Rodgers - T536,T536.1,,,6517202,6517202,0,0,0
2022,Erosion Control,91,2017 Bonds,Stedman Cir 17309 & 17315 - VD21,VD21.1,,,43954,43954,0,0,0
2022,Stormwater Drainage Management,91,Other GO CIP - Non-Debt,Stedman Cir 17309 & 17315 - VD21,VD21.2,,,306960,306960,0,0,0
2022,Stormwater Drainage Management,92,Other GO CIP - Non-Debt,Storm Water Operations Facility - W879,W879.1,2024,2024,0,8000000,0,0,"8,000,000"
2022,Stormwater Drainage Management,92,Other GO CIP - Non-Debt,"Summer Creek Circle 6145, 6153, 6155, 6157 - W426",W426.1,2022,2023,0,1920000,230400,"1,689,600",0
2022,Erosion Control,92,2012 Bonds,"Tamarack 1745, 1739, 1751 - S757",S757.1,2022,2022,68205,0,(68205),0,0
2022,Erosion Control,92,2017 Bonds,Teakwood Elmridge Drainage Relief - VD49,VD49.1,2022,2023,64089,617500,3411,"550,000",0
2022,Stormwater Drainage Management,92,Other GO CIP - Non-Debt,Throckmorton- Reagan-Drainage Improvements - W198,W198.1,2022,2023,530768,6553018,3273133,"2,749,117",0
2022,Stormwater Drainage Management,92,Other GO CIP - Non-Debt,Timber Trail Dr. 10245 - W243,W243.1,2022,2022,149600,43625,(105975),0,0
2022,Stormwater Drainage Management,92,Other GO CIP - Non-Debt,"Trammel Drive, 6561 - W427",W427.1,2022,2023,0,160000,24000,"136,000",0
2022,Stormwater Drainage Management,92,2017 Bonds,"Tree Shadow Trail, 5910 - VD79",VD79.1,2022,2022,5000,813217,808217,0,0
2022,Stormwater Drainage Management,92,Other GO CIP - Non-Debt,Trinity River - Lower East @ Bellevue Pressure Sewer - W880,W880.1,,,0,192000,0,0,0
2022,Stormwater Drainage Management,92,Other GO CIP - Non-Debt,Trinity River - Lower East @ RR / Courts Building - W882,W882.1,,,0,192000,0,0,0
2022,Stormwater Drainage Management,93,Other GO CIP - Non-Debt,Trinity River - Lower West @ Margaret Hunt Hill / Ron Kirk Pedestrian Bridge - W881,W881.1,,,0,300000,0,0,0
2022,Erosion Control,93,2017 Bonds,Turnpike Distribution IV IH30- Commerce - VD36,VD36.1,2022,2022,36607,224000,187393,0,0
2022,Flood Management,93,2017 Bonds,Turtle Creek - Trib 1 Culvert - VD46,VD46.1,2022,2022,0,250000,250000,0,0
2022,Stormwater Drainage Management,93,Other GO CIP - Non-Debt,Turtle Creek @ Bowen Area - Storm Drainage Relief - W428,W428.1,2022,2024,0,320000,48000,0,"272,000"
2022,Erosion Control,93,1995 Bonds,Twin Creek 9726 - S760,S760.1,,,1054,1054,0,0,0
2022,Stormwater Drainage Management,93,Other GO CIP - Non-Debt,"Twin Lakes, Dredging - W429",W429.1,2022,2022,81603,619603,538000,0,0
2022,Stormwater Drainage Management,93,Other GO CIP - Non-Debt,Tyler (S) - Berkley - W884,W884.1,,,0,490500,0,0,0
2022,Stormwater Drainage Management,93,Other GO CIP - Non-Debt,University Hills (Houston School St) Bridge@ Ricketts Branch - W783,W783.1,2023,2023,0,1000000,0,"150,000",0
2022,Trinity River Corridor Projects,93,1998 Bonds,USACE Partnership Funds - W397,W397.1,2022,2022,18713304,18713304,(0),0,0
2022,Trinity River Corridor Projects,93,2006 Bonds,USACE Partnership Funds - W397,W397.2,2022,2022,2026336,2029336,3000,0,0
2022,Stormwater Drainage Management,93,Other GO CIP - Non-Debt,Van Buren (N)- Cedar Hill Area - W784,W784.1,,,0,180000,0,0,0
2022,Stormwater Drainage Management,94,2017 Bonds,"Versailles, 3500 - VD83",VD83.1,2022,2022,6000,183209,177209,0,0
2022,Flood Management,94,2017 Bonds,"Vinemont Channel, Drainage Diversion - VD29",VD29.1,2022,2023,585288,7486566,943283,"5,957,995",0
2022,Stormwater Drainage Management,94,Other GO CIP - Non-Debt,Vinewood Drive 8725 - W244,W244.1,,,249014,249014,0,0,0
2022,Stormwater Drainage Management,94,Other GO CIP - Non-Debt,Welch 11811 - W785,W785.1,,,0,22500,0,0,0
2022,Stormwater Drainage Management,94,2006 Bonds,West Dallas - Eagle Ford Sump Basin - T541,T541.1,2022,2022,334072,421950,87878,0,0
2022,Stormwater Drainage Management,94,Other GO CIP - Non-Debt,West Fork of Joes Creek Channel Repair-Brockbank Dr @ Channel Dr. - W786,W786.1,,,0,150000,0,0,0
2022,Stormwater Drainage Management,94,Other GO CIP - Non-Debt,White Rock Creek Drainage Study update of 1989 FPMS Study - W269,W269.1,2022,2022,0,275000,275000,0,0
2022,Erosion Control,94,2012 Bonds,Whitehurst 9727 (Jackson Branch - E Branch) - S762,S762.1,2022,2022,380830,3000,(377830),0,0
2022,Stormwater Drainage Management,94,Other GO CIP - Non-Debt,Williamson Branch FPMS Alt 2 - W278,W278.1,2023,2023,0,13700000,0,"2,055,000",0
2022,Stormwater Drainage Management,94,Other GO CIP - Non-Debt,Winslow-Henderson- Beeman Area Relief - W888,W888.1,,,0,3703080,0,0,0
2022,Stormwater Drainage Management,95,Other GO CIP - Non-Debt,"Woodlark Trail, 306 - W788",W788.1,,,0,51000,0,0,0
2022,Stormwater Drainage Management,95,Other GO CIP - Non-Debt,Woody Branch @ S Polk St - W430,W430.1,2023,2024,0,6595000,0,"659,500","5,935,500"
2022,Stormwater Drainage Management,95,Other GO CIP - Non-Debt,Woody Branch Floodplain Management Study - W271,W271.1,2023,2023,0,200000,0,"200,000",0
2022,Stormwater Drainage Management,95,Other GO CIP - Non-Debt,Yosemite 6664 - W789,W789.1,,,0,42000,0,0,0
2022,Park Land Acquisition,102,Other GO CIP - Non-Debt,5580 Peterson - W690,W690.1,2022,2024,195108,1643454,(107108),"777,727","777,727"
2022,"Code Compliance, Safety and Security",102,2017 Bonds,ADA/Code Allowance - VB14,VB14.1,2022,2022,138000,275000,137000,0,0
2022,"Code Compliance, Safety and Security",102,2017 Bonds,Anderson Bonner - Creek Bank Stabilization - VK45,VK45.1,2022,2023,91072,500000,(21072),"430,000",0
2022,"Code Compliance, Safety and Security",102,2017 Bonds,Anderson Bonner - Playground - New - VK46,VK46.1,2022,2023,24415,219550,5135,"190,000",0
2022,"Code Compliance, Safety and Security",102,2017 Bonds,Anderson Bonner - Renovate Soccer Field #3 with Lights and Bleachers - VK47,VK47.1,2022,2023,70129,498950,(1179),"430,000",0
2022,Aquatic Facilities,102,2017 Bonds,Bachman Lake Park - Regional Family Aquatic Center - Phase 1 - VB83,VB83.1,2022,2022,3894871,4035545,140674,0,0
2022,Site Development,102,2017 Bonds,Bachman Lake Skatepark - VB11,VB11.1,2022,2022,356372,3985900,3629528,0,0
2022,Aquatic Facilities,103,2017 Bonds,Bachman Regional Family Aquatic Center - Phase 1 (with CD 6) - VB48,VB48.1,2022,2022,2869941,2915600,45659,0,0
2022,"Code Compliance, Safety and Security",103,2017 Bonds,"Barry Barker Park - pavilion, park furnishings, ADA drinking fountain - VK71",VK71.1,2022,2023,0,648467,59013,"589,454",0
2022,"Code Compliance, Safety and Security",103,2017 Bonds,Bentwood Park - tennis - add player benches; park furnishings - VK64,VK64.1,2022,2022,42758,49250,6493,0,0
2022,Neighborhood Park Facilities,103,2017 Bonds,"Bisbee Park - Parking lot, clearing/grubbing, and signage - VB68",VB68.1,2022,2022,30571,147750,117179,0,0
2022,Neighborhood Park Facilities,103,2017 Bonds,Bishop Flores Park - Connecting walkway to neighborhood - VB86,VB86.1,2022,2023,0,772750,297750,"475,000",0
2022,Erosion Control,103,2017 Bonds,Bitter Creek Park - Creek bank stabilization - VB67,VB67.1,2022,2023,0,273000,73000,"200,000",0
2022,Playground Improvement,103,2017 Bonds,Bonnie View Park - Playground expansion - VB55,VB55.1,2022,2022,6682,6582,(100),0,0
2022,Erosion Control,103,2017 Bonds,Brownwood - Erosion Control - VB73,VB73.1,2022,2022,460178,400000,(60178),0,0
2022,Community Parks,103,2017 Bonds,Brownwood Park - Soccer Field - VB74,VB74.1,2022,2022,44726,197000,152274,0,0
2022,Site Development,103,2017 Bonds,Cadillac Heights Park - VK94,VK94.1,2022,2022,290752,1209670,918918,0,0
2022,"Code Compliance, Safety and Security",104,2017 Bonds,Campbell Green Park - Site Improvements - VK61,VK61.1,2022,2023,437288,931113,(1912),"495,737",0
2022,"Code Compliance, Safety and Security",104,2017 Bonds,Casa Linda Park - Basketball - VK18,VK18.1,2022,2022,10680,34475,23795,0,0
2022,"Code Compliance, Safety and Security",104,2017 Bonds,Casa Linda Park Picnic Pavilion - VK17,VK17.1,2022,2022,3396,418625,415229,0,0
2022,"Code Compliance, Safety and Security",104,2017 Bonds,Casa view Park - Walking Trail - VK19,VK19.1,2022,2022,16597,399550,382953,0,0
2022,"Code Compliance, Safety and Security",104,2017 Bonds,Centennial Building - VC08,VC08.1,2022,2023,518329,4400000,231671,"3,650,000",0
2022,Playground Improvement,104,2017 Bonds,Central Square - playground replacement - VK90,VK90.1,2022,2022,105291,220000,114709,0,0
2022,Park Land Acquisition,104,2006 Bonds,Chalk Hill Trail land acq - T038,T038.1,2022,2022,1810546,2797977,987430,0,0
2022,Community Parks,104,2017 Bonds,Cherry Wood Park - VK96,VK96.1,2022,2022,16500,150000,133500,0,0
2022,"Code Compliance, Safety and Security",104,2017 Bonds,"Churchill Recreation Center - Major Maintenance, HVAC - VK48",VK48.1,2022,2022,147595,250000,102405,0,0
2022,Hike and Bike Trails,104,2017 Bonds,Circuit Trail - The LOOP (Match) - VB05,VB05.1,2022,2023,6035115,19854125,13269010,"550,000",0
2022,Major Maintenance,104,Other GO CIP - Non-Debt,City Facilities - Fair Park and Other Park Facility Repairs - W020,W020.1,2022,2022,675855,1000000,324145,0,0
2022,"Code Compliance, Safety and Security",105,2006 Bonds,Citywide Security Lighting - T044,T044.1,2022,2022,372039,400000,27961,0,0
2022,"Code Compliance, Safety and Security",105,2017 Bonds,Coliseum - VC06,VC06.1,2022,2022,8128081,9425516,1297435,0,0
2022,Aquatic Facilities,105,2006 Bonds,Community Pool Conversion Projects - W645,W645.1,2022,2022,0,1500000,1500000,0,0
2022,Hike and Bike Trails,105,2017 Bonds,Coombs Creek Trail - from Hampton/ Davis to Moss Park - VB36,VB36.1,2022,2022,471720,1955331,1483610,0,0
2022,"Code Compliance, Safety and Security",105,2017 Bonds,Cottonwood Park - Playground - Add Equipment - VK49,VK49.1,2023,2023,0,100000,0,"100,000",0
2022,Playground Improvement,105,2017 Bonds,Craddock Park - playground expansion - VK87,VK87.1,2022,2022,138414,197000,58586,0,0
2022,Studies and Master Plans,105,2006 Bonds,Crawford Memorial master plan and design - T055,T055.1,2022,2022,765208,1265494,500286,0,0
2022,Site Development,105,2017 Bonds,Crawford Memorial Park - Phase 1 - VB15,VB15.1,2022,2023,58041,7698949,4411986,"3,228,922",0
2022,Community Parks,105,2017 Bonds,Crockett Park- Site Improvements - W376,W376.1,2022,2022,0,100000,100000,0,0
2022,Dallas Arboretum,105,2017 Bonds,Dallas Arboretum (Match) - VB09,VB09.1,2022,2022,859949,985000,125051,0,0
2022,Major Park Facilities,105,2017 Bonds,Dallas Water Gardens (Match) - VB31,VB31.1,2022,2023,29436,7499550,7207441,"262,673",0
2022,Dallas Zoo,105,2017 Bonds,Dallas Zoo (Match) - VB08,VB08.1,2022,2023,6914,3495800,268886,"3,220,000",0
2022,Playground Improvement,106,2017 Bonds,Devon Anderson Park - Replace playground equipment - VB65,VB65.1,2022,2022,75407,100000,24593,0,0
2022,Site Development,106,Other GO CIP - Non-Debt,Dickerson Street - P516,P516.1,2022,2022,21641,1032027,1010386,0,0
2022,Administrative and Internal Service Facilities,106,2017 Bonds,District 2 Service Center - P764,P764.1,2022,2022,118,1506641,1506523,0,0
2022,"Code Compliance, Safety and Security",106,2017 Bonds,Dixon Branch Greenbelt - Park Furnishings - VK22,VK22.1,2023,2023,0,65507,0,"65,507",0
2022,Downtown Parks,106,Other GO CIP - Non-Debt,Downtown Park Development - 7087,7087.1,2022,2022,2063701,6621816,4558115,0,0
2022,Downtown Parks,106,2017 Bonds,"Downtown Parks - Carpenter, Harwood and West End [Match] - VB03",VB03.1,2022,2022,35094188,35103952,9764,0,0
2022,Neighborhood Park Facilities,106,2017 Bonds,"Eladio Martinez Park - park furnishings, fencing and drinking fountain - VB87",VB87.1,2023,2023,0,60000,0,"60,000",0
2022,Hike and Bike Trails,106,2017 Bonds,Elmwood Pkwy Tr. (Elmwood Parkway to Polk to Gannon Park) - VB37,VB37.1,2022,2022,1328259,1985000,656741,0,0
2022,Playground Improvement,106,2017 Bonds,Eloise Lundy - Playground expansion - VB56,VB56.1,2022,2022,6589,6430,(160),0,0
2022,Erosion Control,106,2017 Bonds,Emerald Lake Park - Dam safety and erosion control - VB49,VB49.1,2022,2022,478586,2075000,1596414,0,0
2022,Environmental,107,2006 Bonds,Environmental Conservation - T083,T083.1,2022,2022,452807,462733,9926,0,0
2022,Hike and Bike Trails,107,2017 Bonds,Everglade Park - Exercise stations at loop trail - VB88,VB88.1,2022,2022,117886,117460,(425),0,0
2022,Major Park Facilities,107,2017 Bonds,Everglade Park - Musical Play Equipment - W897,W897.1,,,0,0,0,0,0
2022,Site Development,107,2017 Bonds,Fair Park Improvements (C) Reserves - W503,W503.1,2022,2022,43250,221247,177997,0,0
2022,Neighborhood Park Facilities,107,2017 Bonds,Ferguson Park - Portable Toilet Enclosure - VB91,VB91.1,2022,2022,0,70000,70000,0,0
2022,Site Development,107,2017 Bonds,Flag Pole Hill - Phase 1 Master Plan Implementation - VB20,VB20.1,2022,2022,396003,394000,(2003),0,0
2022,Playground Improvement,107,2017 Bonds,Flag Pole Hill - Playground [Match] - VB21,VB21.1,2022,2022,84136,162525,78389,0,0
2022,"Code Compliance, Safety and Security",107,2017 Bonds,Flag Pole Hill Park - Phase 1 Master Plan Implementation - VK36,VK36.1,2022,2022,1007093,1083500,76407,0,0
2022,"Code Compliance, Safety and Security",107,2017 Bonds,Flag Pole Hill Pavilion - Historic Restoration - VK32,VK32.1,2022,2022,134000,200000,66000,0,0
2022,"Code Compliance, Safety and Security",107,2017 Bonds,Food and Fiber Building - VC05,VC05.1,2022,2023,166033,1500000,333967,"1,000,000",0
2022,"Code Compliance, Safety and Security",107,2017 Bonds,Forston Park - Develop new park with park furnishings - VK59,VK59.1,2022,2023,61,220000,(61),"220,000",0
2022,Playground Improvement,108,2017 Bonds,"Frances Rizo Park - Playground replacement, ADA drinking fountain - VB78",VB78.1,2022,2022,16130,24813,8682,0,0
2022,"Code Compliance, Safety and Security",108,2017 Bonds,Frankford Park - park furnishings package - VK65,VK65.1,2022,2022,0,31585,31585,0,0
2022,"Code Compliance, Safety and Security",108,2017 Bonds,"Friendship Park - Security lights, loop trail, exercise stations - VK30",VK30.1,2022,2022,87487,459995,372508,0,0
2022,"Code Compliance, Safety and Security",108,2017 Bonds,Friendship Park - Site Development (Supplemental funding) - VK42,VK42.1,2022,2022,253,131005,130752,0,0
2022,Playground Improvement,108,2017 Bonds,Glen Meadow - Playground replacement - VK74,VK74.1,2022,2023,28083,220000,11917,"180,000",0
2022,Community Parks,108,2006 Bonds,Glendale Park - W349,W349.1,2022,2022,543,20582,20038,0,0
2022,Community Parks,108,2017 Bonds,Glendale Park Parking spaces and lighting - VB52,VB52.1,2022,2023,305537,1084305,725116,"53,652",0
2022,Park Land Acquisition,108,2017 Bonds,"Glover Park - Parking lot with lighting, land acquisition - VB72",VB72.1,2022,2022,8812,126048,117236,0,0
2022,Aquatic Facilities,108,2017 Bonds,Grauwyler Park Sprayground - VB42,VB42.1,2022,2022,1537215,1970000,432785,0,0
2022,Site Development,108,2017 Bonds,Guard Dr. - Phase 2 Site Development - VB66,VB66.1,2022,2022,40086,592800,552714,0,0
2022,"Code Compliance, Safety and Security",109,2017 Bonds,Hall of State - VC01,VC01.1,2022,2023,13749042,14120694,82346,"289,306",0
2022,Site Development,109,2017 Bonds,Hattie R. Moore Park - Master Plan and Phase 1 Implementation - VB80,VB80.1,2022,2022,31080,347750,316670,0,0
2022,Erosion Control,109,2017 Bonds,Hillview Park - Creek Erosion Control and Drainage Near Playground - VB95,VB95.1,2022,2022,49660,403345,353685,0,0
2022,Neighborhood Park Facilities,109,2017 Bonds,Hillview Park - Park Furnishings Package - VB93,VB93.1,2022,2022,0,59100,59100,0,0
2022,Neighborhood Park Facilities,109,2017 Bonds,Hillview Park - Park ID Sign - VB94,VB94.1,2022,2022,0,6403,6403,0,0
2022,Neighborhood Park Facilities,109,2017 Bonds,Hillview Park - Pavilion - VB96,VB96.1,2022,2022,21931,172375,150444,0,0
2022,Neighborhood Park Facilities,109,2017 Bonds,Hillview Park - Renovate Basketball Court - VB92,VB92.1,2022,2022,0,17000,17000,0,0
2022,Playground Improvement,109,2017 Bonds,Jamestown Park - Playground equipment - swingset and park furnishings - VK76,VK76.1,2022,2023,0,200000,40000,"160,000",0
2022,"Code Compliance, Safety and Security",109,2017 Bonds,Juanita J. Craft Park - ADA Drinking Fountain - VB97,VB97.1,2022,2022,0,10835,10835,0,0
2022,Major Park Facilities,109,2017 Bonds,Judge Charles Rose - W894,W894.1,,,0,0,0,0,0
2022,Aquatic Facilities,109,2017 Bonds,K.B. Polk Park - VB44,VB44.1,2022,2022,1685616,1970000,284384,0,0
2022,"Code Compliance, Safety and Security",110,2017 Bonds,KCS Corridor Connection Trail - Design - VK40,VK40.1,2022,2022,357,300000,299643,0,0
2022,Site Development,110,2017 Bonds,Kidd Springs - Japanese Garden Restoration - Phase 1 - VB35,VB35.1,2022,2022,1228879,1238405,9526,0,0
2022,Erosion Control,110,2017 Bonds,Kidd Springs - Natural Spring daylighting and Lake bank erosion control - VB34,VB34.1,2022,2022,296209,562956,266746,0,0
2022,Site Development,110,2017 Bonds,Kiest Park - Memorial Tree Grove - Phase 1 Implementation - VB64,VB64.1,2022,2022,7003,6842,(161),0,0
2022,"Code Compliance, Safety and Security",110,2017 Bonds,Kiowa Parkway - Pedestrian Bridge - VK53,VK53.1,2022,2022,123178,349100,225922,0,0
2022,Hike and Bike Trails,110,2017 Bonds,Kleberg Trail - VB17,VB17.1,2022,2023,177298,1198500,21202,"1,000,000",0
2022,Downtown Parks,110,2017 Bonds,Klyde Warren Park Improvements (Match) - VB32,VB32.1,2022,2022,9619473,9877233,257760,0,0
2022,Hike and Bike Trails,110,2017 Bonds,Lake Highlands Trails - VB18,VB18.1,2022,2022,363411,2282750,1919339,0,0
2022,"Code Compliance, Safety and Security",110,2017 Bonds,Lake Highlands Trails (Supplemental funding) - VK41,VK41.1,2022,2022,8500,496250,487750,0,0
2022,Major Park Facilities,110,2017 Bonds,Lakeland hills Exercise Stations - W895,W895.1,,,0,0,0,0,0
2022,"Code Compliance, Safety and Security",110,2017 Bonds,Lakewood Park - Basketball Renovate - VK23,VK23.1,2022,2023,0,80000,10000,"70,000",0
2022,"Code Compliance, Safety and Security",111,2017 Bonds,Lakewood Park - Park Furnishing and drinking fountain - VK25,VK25.1,2022,2023,0,85000,10000,"75,000",0
2022,"Code Compliance, Safety and Security",111,2017 Bonds,Lakewood Park - Pedestrian Bridge and ADA Parking - VK24,VK24.1,2022,2022,93320,248500,155180,0,0
2022,Park Land Acquisition,111,2017 Bonds,Land Acq for football complex in CD 5 [supplement CD funds] - VB30,VB30.1,2022,2022,340719,1200000,859281,0,0
2022,Park Land Acquisition,111,2017 Bonds,Land Acq for the Cedars [Supplemental to SW allocation] - VB45,VB45.1,2023,2023,5932,500000,0,"494,068",0
2022,"Code Compliance, Safety and Security",111,2017 Bonds,Land Acq. and development of neighborhood- community park - VK54,VK54.1,2022,2022,107215,332939,225724,0,0
2022,Park Land Acquisition,111,2017 Bonds,Land Acquisiiton for CD 10 (to supplement CD 10 funds) - VB29,VB29.1,2022,2022,720275,1000000,279725,0,0
2022,Park Land Acquisition,111,Other GO CIP - Non-Debt,Land Acquisition - 919A,919A.1,2022,2022,2368453,3801028,1432575,0,0
2022,Park Land Acquisition,111,2017 Bonds,Land Acquisition - CW Allowance - VB04,VB04.1,2022,2022,1983391,2200000,216609,0,0
2022,Park Land Acquisition,111,2017 Bonds,Land Acquisition - VB57,VB57.1,2022,2022,191284,383750,192466,0,0
2022,"Code Compliance, Safety and Security",111,2017 Bonds,Land Acquisition - VK55,VK55.1,2022,2022,40966,128000,87034,0,0
2022,Park Land Acquisition,111,2006 Bonds,Land Acquisition & Plan - K212,K212.1,2022,2022,36174,50600,14426,0,0
2022,"Code Compliance, Safety and Security",112,2017 Bonds,Land Acquisition (to match $1M from System-wide allowance) - VK43,VK43.1,2022,2023,631794,1000000,18206,"350,000",0
2022,"Code Compliance, Safety and Security",112,2017 Bonds,Land acquisition and development of neighborhood park - VK63,VK63.1,2022,2022,6414070,6500000,85930,0,0
2022,Park Land Acquisition,112,2017 Bonds,Land Acquisition and Partnership Match Funding - VB27,VB27.1,2022,2022,1650211,2300000,649789,0,0
2022,Park Land Acquisition,112,2017 Bonds,Land Acquisition for Football Complex [Supplemental System- with Land Acquisition Fund] - VB69,VB69.1,2022,2022,31100,3300000,3268900,0,0
2022,Park Land Acquisition,112,2017 Bonds,Land Acquisition in the Cedars for new park (to supplement CD 2 funds) - VB28,VB28.1,,,5992,5992,0,0,0
2022,Playground Improvement,112,2017 Bonds,Lindsley Park - Playground replacement - VK82,VK82.1,2022,2022,211325,220000,8675,0,0
2022,Neighborhood Park Facilities,112,2017 Bonds,Lindsley Park - Sidewalk exten.- Shadyside Ln.- Lindsley Dr. - VK81,VK81.1,2022,2022,189914,193538,3623,0,0
2022,Fair Park,112,2017 Bonds,Magnolia Lounge - VC12,VC12.1,2022,2023,117099,900000,42901,"740,000",0
2022,Downtown Parks,112,2006 Bonds,Main Street Garden Special Project - P722,P722.1,2022,2022,116355,253455,137100,0,0
2022,Playground Improvement,113,2017 Bonds,Marcus Park - Playground replacement - VK75,VK75.1,2022,2023,17258,200000,22742,"160,000",0
2022,Neighborhood Park Facilities,113,2017 Bonds,"Maria Luna Park - Dog Park, basketball court, restoration of pavilion - VB40",VB40.1,2022,2023,8570,155000,(8570),"155,000",0
2022,Playground Improvement,113,2017 Bonds,Martin Luther King Jr. Park - Playground replacement - VB90,VB90.1,,,250000,250000,0,0,0
2022,"Code Compliance, Safety and Security",113,2017 Bonds,Martin Luther King Jr. Park -Rec Center - Gym. Floor Cover - VB98,VB98.1,,,12155,12155,0,0,0
2022,Major Park Facilities,113,2017 Bonds,Midtown Park [Match] - VB16,VB16.1,2022,2023,14972,6000000,(14972),"6,000,000",0
2022,Playground Improvement,113,2017 Bonds,Monarch Park - Playground replacement and Parking/ADA - VB41,VB41.1,2022,2022,22694,249400,226706,0,0
2022,"Code Compliance, Safety and Security",113,2017 Bonds,"Moss Glen Park - Phase 2 site, including playground - VK58",VK58.1,2022,2023,526743,791525,29782,"235,000",0
2022,"Code Compliance, Safety and Security",113,2017 Bonds,Moss Glen Park - Supplemental Funding - Pond Improvements - Site Development - VK70,VK70.1,2022,2022,8121,460114,451993,0,0
2022,Administrative and Internal Service Facilities,113,2006 Bonds,Muchert Service Center - P762,P762.1,2022,2022,1204245,1556012,351767,0,0
2022,Playground Improvement,114,2017 Bonds,Munger Park - Add shade structure at playground - VK86,VK86.1,2022,2022,79509,98500,18991,0,0
2022,Aquatic Facilities,114,2017 Bonds,Nash Davis Park - Spraygound - VB77,VB77.1,2022,2023,1669236,1972625,128389,"175,000",0
2022,Site Development,114,2017 Bonds,Neighborhood Park - Site Development - TBD - VB47,VB47.1,2023,2023,0,1085000,0,"1,085,000",0
2022,"Code Compliance, Safety and Security",114,2017 Bonds,Northaven Trail - Bridge at I-75 (Supplemental to System-Wide funding) - VK56,VK56.1,2022,2022,4716148,4824517,108370,0,0
2022,Hike and Bike Trails,114,2017 Bonds,Northaven Trail - VB06,VB06.1,2022,2022,1990354,2008561,18206,0,0
2022,Hike and Bike Trails,114,2006 Bonds,Northaven Trail (75 to Hillcrest) - T241,T241.1,2022,2022,963213,1222243,259030,0,0
2022,Historic Restoration,114,2017 Bonds,Oak Lawn Park (Arlington Hall) - Renovate historic WPA rest rooms - VK83,VK83.1,,,147669,147669,0,0,0
2022,"Code Compliance, Safety and Security",114,2017 Bonds,Pan American Complex - VC09,VC09.1,2022,2023,380884,3480000,1869116,"1,230,000",0
2022,Site Development,114,2017 Bonds,Park and Recreation Facilities (B) Reserves - W501,W501.1,2022,2023,100861,2309511,773260,"1,435,390",0
2022,Site Development,114,2017 Bonds,Park and Recreation Facilities (B) Trail Reserves - W502,W502.1,,,0,0,0,0,0
2022,Park Land Acquisition,114,2017 Bonds,Park at Dallas Heritage Village - VK93,VK93.1,2022,2023,0,996699,984775,"11,924",0
2022,Major Park Facilities,115,2017 Bonds,Peary Park Pavillion - W896,W896.1,,,0,0,0,0,0
2022,Neighborhood Park Facilities,115,2017 Bonds,"Preston Green Park - park furnishings, ADA drinking fountain - VK72",VK72.1,2022,2022,0,100000,100000,0,0
2022,Public Art,115,2006 Bonds,Public Art Administration-Park - N809,N809.1,2022,2022,552517,722958,170442,0,0
2022,Public Art,115,Other GO CIP - Non-Debt,Public Art Administration-Park - N809,N809.2,2022,2022,4526,95400,90874,0,0
2022,Public Art,115,2006 Bonds,Public Art Projects- Park - N810,N810.1,2022,2022,1634981,2354476,719496,0,0
2022,Public Art,115,Other GO CIP - Non-Debt,Public Art Projects- Park - N810,N810.2,2022,2022,0,381600,381600,0,0
2022,Public Art,115,2017 Bonds,Public Art-Parks - PA56,PA56.1,2022,2022,188392,1613177,1424786,0,0
2022,Mini Park,115,2017 Bonds,Pueblo Park - Park furnishings package and drinking fountain - VB84,VB84.1,2022,2022,0,10835,10835,0,0
2022,Public Art,115,2017 Bonds,Pulbic Art Admin- Parks - PA57,PA57.1,2022,2022,175588,365795,190206,0,0
2022,"Code Compliance, Safety and Security",115,2017 Bonds,R P Brooks Park - Loop Walking Trail - VK34,VK34.1,2022,2023,0,299325,89325,"210,000",0
2022,Historic Restoration,115,2017 Bonds,Randall Park - Historic Pavilion Restoration - VK89,VK89.1,2023,2023,0,250000,0,"250,000",0
2022,Major Maintenance,115,2017 Bonds,Recreation Centers - Golf Course - Major Maintenance - VB33,VB33.1,2022,2022,1694314,2300000,605686,0,0
2022,Site Development,116,2006 Bonds,Reserve Citywide - P550,P550.1,2022,2022,46088,253590,207503,0,0
2022,Community Parks,116,2006 Bonds,Reverchon Master Plan Implementation - T353,T353.1,2022,2022,592978,583433,(9545),0,0
2022,Hike and Bike Trails,116,2017 Bonds,"Rose Haggar Park - walking loop trail, park furnishings - VK73",VK73.1,2022,2022,113252,322001,208749,0,0
2022,Hike and Bike Trails,116,2006 Bonds,Runyon Creek Trail - W354,W354.1,2022,2022,32344,211735,179391,0,0
2022,Playground Improvement,116,2017 Bonds,Samuell Grand Park - Shade structure at existing playground - VB43,VB43.1,2022,2022,88650,98500,9850,0,0
2022,"Code Compliance, Safety and Security",116,2017 Bonds,Science Place 1 (Phase 1) - VC10,VC10.1,2022,2022,1389922,5110000,3720078,0,0
2022,"Code Compliance, Safety and Security",116,2017 Bonds,Shadybank Park (Shadybank & Coolglen Dr.) - Trail connection with low water - VK60,VK60.1,2022,2022,532153,694750,162597,0,0
2022,"Code Compliance, Safety and Security",116,2017 Bonds,Spray park or recreational amenity at CD 10 Site - VK44,VK44.1,2023,2023,0,332000,0,"332,000",0
2022,Playground Improvement,116,2017 Bonds,Stafford Park - Playground and park furnishings - VB79,VB79.1,2022,2022,17809,21670,3861,0,0
2022,Major Park Facilities,116,2017 Bonds,Tietze Park - Add ADA parking and site improvements - VK84,VK84.1,2022,2022,0,98500,98500,0,0
2022,Playground Improvement,117,2017 Bonds,Tietze Park - Add shade structure at playground - VK85,VK85.1,2022,2022,53135,98500,45365,0,0
2022,"Code Compliance, Safety and Security",117,2017 Bonds,"Timberglen Park - pavilion, new - VK67",VK67.1,2023,2023,0,450000,0,"450,000",0
2022,"Code Compliance, Safety and Security",117,2017 Bonds,Timberglen Trail - supplemental funding - VK68,VK68.1,2022,2022,5813,500000,494187,0,0
2022,Hike and Bike Trails,117,2017 Bonds,Timberglen Trail - VB19,VB19.1,2022,2023,809243,4158953,(8998),"3,358,707",0
2022,"Code Compliance, Safety and Security",117,2017 Bonds,Timberleaf Park - Playground new - VK35,VK35.1,2022,2022,20518,259400,238882,0,0
2022,Neighborhood Park Facilities,117,2017 Bonds,Tipton Park - Picnic pavilion and water fountain - VB85,VB85.1,2022,2022,167,299100,298933,0,0
2022,"Code Compliance, Safety and Security",117,2017 Bonds,Tower Building - VC07,VC07.1,2022,2023,497761,3500000,2800643,"201,596",0
2022,Hike and Bike Trails,117,2006 Bonds,Trail Development - 7165,7165.1,2022,2022,748674,1000527,251853,0,0
2022,Hike and Bike Trails,117,Other GO CIP - Non-Debt,Trail Development - 7165,7165.2,2022,2022,185600,210619,25019,0,0
2022,Neighborhood Park Facilities,117,2017 Bonds,Twin Falls Parking Lot - VB50,VB50.1,2022,2022,69061,79061,10000,0,0
2022,"Code Compliance, Safety and Security",117,2017 Bonds,Twin Lakes Park - park furnishings package - VK69,VK69.1,2022,2022,0,99625,99625,0,0
2022,"Code Compliance, Safety and Security",117,2017 Bonds,Wagging Tail Dog Park - Add new parking area - South - VK57,VK57.1,2022,2022,486762,394000,(92762),0,0
2022,"Code Compliance, Safety and Security",118,2017 Bonds,Wahoo Park - ADA Drinking Fountain - VK04,VK04.1,2022,2022,0,5418,5418,0,0
2022,"Code Compliance, Safety and Security",118,2017 Bonds,"Wahoo Park - Basketball - Full Court, New - VK03",VK03.1,2022,2022,0,78800,78800,0,0
2022,Community Parks,118,2017 Bonds,Walnut Hill Park - Basketball - Renovate existing and add new - VK77,VK77.1,2023,2023,0,160000,0,"160,000",0
2022,Community Parks,118,2017 Bonds,Walnut Hill Park - Replace softball backstop and bleachers on existing pad - VK78,VK78.1,2023,2023,0,230000,0,"230,000",0
2022,Site Development,118,2017 Bonds,Westmount Park - Site Development - VB39,VB39.1,2022,2022,218291,200206,(18085),0,0
2022,Community Parks,118,2017 Bonds,Wheatland Park Football Field - VK91,VK91.1,2022,2022,223495,1278251,1054756,0,0
2022,"Code Compliance, Safety and Security",118,2017 Bonds,"Wheatley Park - ADA Drinking Fountain, Park Furnishings Package - VK05",VK05.1,2022,2022,23538,40000,16462,0,0
2022,"Code Compliance, Safety and Security",118,2017 Bonds,Wheatly Park - Replace Sidewalk Segment - VK06,VK06.1,2022,2022,5780,30000,24220,0,0
2022,Hike and Bike Trails,118,2017 Bonds,White Rock Lake Trail - VB13,VB13.1,2022,2022,2936415,3473750,537335,0,0
2022,Recreation Centers,118,2017 Bonds,Willie B. Johnson Gym. Add'n. (Hamilton Park) - VB25,VB25.1,2022,2022,6369905,6930336,560432,0,0
2022,Recreation Centers,119,2017 Bonds,Willie B. Johnson Recreation Center - Senior Addition [Hamil - VB24,VB24.1,,,3299750,3299750,0,0,0
2022,"Code Compliance, Safety and Security",119,2017 Bonds,Willie Mae Butler Park - ADA Drinking Fountain and Park Furnishings Package - VK08,VK08.1,2022,2022,13063,59100,46037,0,0
2022,"Code Compliance, Safety and Security",119,2017 Bonds,Willie Mae Butler Park - Convert Tennis Court to Basketball - VK07,VK07.1,2022,2022,403,41370,40967,0,0
2022,"Code Compliance, Safety and Security",119,2017 Bonds,Willie Mae Butler Park - Portable Facility Enclosure - VK09,VK09.1,2022,2022,4323,59100,54777,0,0
2022,Community Parks,119,2017 Bonds,Willis Winter Park - VK95,VK95.1,2022,2022,126821,150000,23179,0,0
2022,Solid Waste Facilities,123,Other GO CIP - Non-Debt,2024 Landfill Cell Design & Construction - W898,W898.1,2024,2024,0,9000000,0,0,"5,000,000"
2022,Fleet/Equipment Replacement,123,Other GO CIP - Non-Debt,Collection Equipment Purchase - E601,E601.1,2022,2022,11690852,3000000,(8690852),0,0
2022,Solid Waste Facilities,123,Other GO CIP - Non-Debt,Collection Service Facility Improvement - W901,W901.1,2023,2024,0,2400000,0,"800,000","400,000"
2022,Solid Waste Facilities,123,Other GO CIP - Non-Debt,Construction of the Swale and Wetlands per the 404 Permit - W324,W324.1,2022,2024,0,10289775,2089775,0,"2,500,000"
2022,Fleet/Equipment Replacement,123,Other GO CIP - Non-Debt,Fleet Purchases - E600,E600.1,2022,2024,9551628,22000000,(2551628),"3,000,000","3,000,000"
2022,Fleet/Equipment Replacement,123,Other GO CIP - Debt,Fleet/Equipment Replacement (FY20 Fleet Purchases) - E312,E312.1,2022,2022,6698601,6985000,286399,0,0
2022,Fleet/Equipment Replacement,123,Other GO CIP - Debt,Fleet/Equipment Replacement (FY21 Fleet Purchases) - E445,E445.1,2022,2022,7439328,8000000,560672,0,0
2022,Fleet/Equipment Replacement,123,Other GO CIP - Debt,FY22 EAN-SAN Fleet-Equipment Replacement - E448,E448.1,2022,2022,0,8000000,8000000,0,0
2022,Fleet/Equipment Replacement,124,Other GO CIP - Debt,FY23 EAN-SAN Fleet-Equipment Replacement - W903,W903.1,2023,2024,0,40000000,0,"8,000,000","8,000,000"
2022,Solid Waste Facilities,124,Other GO CIP - Non-Debt,Landfill Levee & Road Repair - W902,W902.1,2023,2024,0,2100000,0,"500,000","400,000"
2022,Solid Waste Facilities,124,Other GO CIP - Non-Debt,New Scale House - W316,W316.1,2022,2022,0,1200000,1200000,0,0
2022,Fleet/Equipment Replacement,124,Other GO CIP - Non-Debt,On-Board Camera for MRMP - W653,W653.1,2022,2022,1572971,3918854,1345883,0,0
2022,Solid Waste Facilities,124,Other GO CIP - Non-Debt,Other Sanitation Projects - W325,W325.1,2022,2024,0,20450372,13900372,0,"1,000,000"
2022,Solid Waste Facilities,124,Other GO CIP - Non-Debt,Post Closure Cost - W326,W326.1,2022,2024,0,1000000,500000,0,"500,000"
2022,Solid Waste Facilities,124,Other GO CIP - Non-Debt,SAN HQ Admin Office - W317,W317.1,2022,2024,0,1000000,750000,0,"250,000"
2022,Solid Waste Facilities,124,Other GO CIP - Non-Debt,Transfer Stations - W315,W315.1,2022,2022,0,1450000,1450000,0,0
2022,Alley Reconstruction,130,2017 Bonds,10005-10119 Shayna Dr - 10002- 10106 Hymie Cir - V032,V032.1,2022,2022,380994,380460,(534),0,0
2022,Alley Reconstruction,130,2017 Bonds,10106-10160 Caribou Trail - 10127-10143 Ferndale Rd - V079,V079.1,2023,2023,59119,265174,0,"206,055",0
2022,Alley Reconstruction,130,2017 Bonds,10163-10199 Vistadale Dr - 10200- 10200 Trailcliff Dr - V080,V080.1,2022,2023,54001,228046,(96),"174,142",0
2022,Alley Reconstruction,130,2017 Bonds,10315-10542 Castlerock Dr - 10315 Checota Dr - Gardenside - V033,V033.1,2022,2022,492496,510367,17871,0,0
2022,Alley Reconstruction,130,2017 Bonds,10445 - 10461 Carry Back Cir - 10419 - 10427 Carry Back Pl - V113,V113.1,2022,2022,181189,228606,47417,0,0
2022,Street Reconstruction,130,2017 Bonds,10th St from I-35 to Clarendon Dr. - V198,V198.1,2023,2023,285627,743034,0,"457,407",0
2022,Sidewalk and Barrier Free Ramp Improvements,131,2017 Bonds,10th Street Historic District Sidewalk and Barrier Free Ramp Improvements - V149,V149.1,2022,2022,689857,689857,(0),0,0
2022,Alley Reconstruction,131,2017 Bonds,11133-11139 Cotillion Dr - 3609 Bon Park Ct - V069,V069.1,2022,2022,155798,152640,(3157),0,0
2022,Alley Reconstruction,131,2017 Bonds,11205-11335 Buchannan Dr - 11200-11298 Ferguson Rd - V070,V070.1,2022,2022,352640,409616,56977,0,0
2022,Alley Reconstruction,131,2017 Bonds,11306-11340 Dumbarton Dr - 11323-11357 Glen Cross Dr - V071,V071.1,2022,2022,208629,209007,378,0,0
2022,Alley Reconstruction,131,2017 Bonds,11312-11344 Glen Cross Dr - 11341- 11367 Drummond Dr - V072,V072.1,2022,2022,537350,535894,(1456),0,0
2022,Alley Reconstruction,131,2017 Bonds,1225-1423 Kirnwood Dr - 7601 S Polk St - V062,V062.1,2022,2022,310528,366930,56403,0,0
2022,Alley Reconstruction,131,2017 Bonds,127-231 W Louisiana Ave - 118- 228 Conrad St - V022,V022.1,2022,2023,96498,417222,(3457),"324,180",0
2022,Target Neighborhood,131,2017 Bonds,12Th St From Upton To 200 Ft East Of Upton - V992,V992.1,2022,2023,58047,236940,(1448),"180,341",0
2022,Alley Reconstruction,132,2017 Bonds,1503-1551 Briarcliff Rd - 5503-5537 Mesa Cir - V008,V008.1,2022,2022,364274,363491,(783),0,0
2022,Alley Reconstruction,132,2017 Bonds,15632-15724 Golden Creek Rd - 6231 - La Cosa Dr - Bay Point - V086,V086.1,2022,2022,62726,62630,(96),0,0
2022,Alley Reconstruction,132,2017 Bonds,1608-1620 Day Star Dr - 1603-1633 Hanging Cliff Dr - V023,V023.1,2023,2023,67433,353913,0,"286,480",0
2022,Alley Reconstruction,132,2017 Bonds,1611-1727 Red Cloud Dr - 9704- 9780 Faircloud Dr [A7003] - V034,V034.1,2022,2022,480114,476499,(3615),0,0
2022,Alley Reconstruction,132,2017 Bonds,1621-1631 Windchime Dr - 1614-1626 Vatican Ln - V024,V024.1,2022,2023,43323,87143,(871),"44,690",0
2022,Alley Reconstruction,132,2017 Bonds,1708-1920 Vatican Ln - 1705-1921 Windchime Dr - V025,V025.1,2022,2023,63907,344057,(996),"281,146",0
2022,Target Neighborhood,132,2017 Bonds,17604-17630 Davenport Alley Construction - VA05,VA05.1,2022,2022,53602,508645,455043,0,0
2022,Alley Reconstruction,132,2017 Bonds,1830-1886 Red Cloud Dr - 9803- 9851 Glengreen Dr [A6972] - V035,V035.1,2022,2022,463501,450447,(13054),0,0
2022,Alley Reconstruction,132,2017 Bonds,18603-18707 Amador Ave - 6505- 6511 Villa Rd - V095,V095.1,2022,2022,611106,708867,97761,0,0
2022,Alley Reconstruction,132,2017 Bonds,1885-2025 Red Cloud Dr - 2002- 2080 Corvette Dr [A6966] - V036,V036.1,2022,2022,306603,463201,156597,0,0
2022,Alley Reconstruction,133,2017 Bonds,19003-19039 Bilbrook Ln - V096,V096.1,2022,2022,358741,357862,(879),0,0
2022,Public Art,133,2012 Bonds,2012 Public Art Projects - Streets - PA13,PA13.1,2022,2022,3000,75500,72500,0,0
2022,Bridge Repair and Modification,133,2017 Bonds,2017 Bond Program Reserved Contingency - VA38,VA38.1,2022,2022,0,(7060158),(7060158),0,0
2022,Street and Alley Improvements,133,Other GO CIP - Debt,2022 Certificate of Obligation- Sidewalks - W796,W796.1,2022,2024,2546937,15000000,2453063,"5,000,000","5,000,000"
2022,Street and Alley Improvements,133,Other GO CIP - Debt,2022 Certificate of Obligation-Streets - W795,W795.1,2022,2024,38283808,100800000,1716192,"44,800,000","16,000,000"
2022,Street and Alley Improvements,133,Other GO CIP - Debt,2022 Certificates of Obligation - Streets Underserved - W803,W803.1,2022,2024,417017,25200000,9582983,"11,200,000","4,000,000"
2022,Alley Reconstruction,133,2017 Bonds,207-347 Bettyrae Way - 7708-7770 Ryan Ridge Dr - V063,V063.1,2022,2022,295489,428068,132579,0,0
2022,Alley Reconstruction,133,2017 Bonds,2104-2336 Dugald Pl - 2005-2249 E Illinois Ave - V026,V026.1,2022,2022,83161,691843,608682,0,0
2022,Alley Reconstruction,133,2017 Bonds,2205-2341 Freeland - 2336-2328 Homeway - 2204- 2340 Babalos - V060,V060.1,2022,2023,74475,393985,(96),"319,606",0
2022,Alley Reconstruction,133,2017 Bonds,2211-2323 Deer Path Dr - 2905-3311 Kellogg Ave - V027,V027.1,2022,2022,104081,588899,484818,0,0
2022,Alley Reconstruction,134,2017 Bonds,2304-2348 Hunters Run Dr - 7407-7415 Mesa Verde Trl - V064,V064.1,2022,2022,329630,408614,78984,0,0
2022,Alley Reconstruction,134,2017 Bonds,2306-2440 Bluffton Dr - 2307 - 2439 Blaydon Dr - V042,V042.1,2022,2022,526618,555914,29295,0,0
2022,Alley Reconstruction,134,2017 Bonds,2408-2564 Club Manor Dr - 2435- 2549 Matland Dr - V017,V017.1,2022,2022,97945,630069,532124,0,0
2022,Alley Reconstruction,134,2017 Bonds,2503-2623 W Lovers Ln - 2502- 2614 W Amherst Ave - V009,V009.1,2022,2022,282580,278580,(4000),0,0
2022,Alley Reconstruction,134,2017 Bonds,2507-2537 Blaydon Dr - 2506 - 2536 Bluffton Dr - V043,V043.1,2022,2022,367407,365380,(2026),0,0
2022,Alley Reconstruction,134,2017 Bonds,2603-2931 Garapan Dr - 2502-2922 Nicholson Dr - V028,V028.1,2022,2023,94460,667571,(2268),"575,380",0
2022,Alley Reconstruction,134,2017 Bonds,2703-2743 April Hill Ln - 2710-2750 Stevens Point Ln - V097,V097.1,2022,2022,241729,447202,205473,0,0
2022,Alley Reconstruction,134,2017 Bonds,2703-2829 Klondike - Dr 2704-2830 Lockhart Ave - V044,V044.1,2022,2022,654839,652359,(2481),0,0
2022,Alley Reconstruction,134,2017 Bonds,2703-2831 Scottsbluff Dr - 2802-2826 La Prada Ct - V045,V045.1,,,502284,502284,0,0,0
2022,Alley Reconstruction,135,2017 Bonds,2707-2757 Runningbrook Ln - 2700 N Buckner Blvd - V046,V046.1,2022,2022,298685,303107,4422,0,0
2022,Alley Reconstruction,135,2017 Bonds,2707-2837 Blyth Dr - 2706-2838 Gross Rd - V047,V047.1,2022,2022,395427,395331,(96),0,0
2022,Alley Reconstruction,135,2017 Bonds,"2711-2733 Groveridge, 9606- 9674 Briggs, 9605- 9621 Altacrest - V061",V061.1,2022,2023,69240,469151,(96),"400,007",0
2022,Alley Reconstruction,135,2017 Bonds,3004-3150 Kinkaid Dr - 3045-3155 Park Ln - V037,V037.1,2022,2023,112733,797390,(2335),"686,992",0
2022,Alley Reconstruction,135,2017 Bonds,3105-3161 Waldrop Drive - 3106-3160 Rotan Lane - V114,V114.1,2022,2022,435459,434557,(902),0,0
2022,Alley Reconstruction,135,2017 Bonds,3105-3171 Newcastle Dr - 3104- 3170 Walnut Hill - V038,V038.1,2022,2023,83448,306460,(7252),"230,264",0
2022,Alley Reconstruction,135,2017 Bonds,3163-3241 E Ledbetter Dr - 3132- 3244 Dahlia Dr - V029,V029.1,2022,2022,59154,371146,311993,0,0
2022,Alley Reconstruction,135,2017 Bonds,3206-3232 Rotan Lane - 3207-3233 Waldrop Drive - V115,V115.1,2022,2022,223306,222568,(737),0,0
2022,Alley Reconstruction,135,2017 Bonds,3207 - 3349 Citation Dr - 3208 - 3330 Timberview Rd - V116,V116.1,2022,2022,616540,615638,(902),0,0
2022,Alley Reconstruction,136,2017 Bonds,3506-3658 High Vista Dr - 11960 Highdale Dr - V040,V040.1,2022,2023,66697,458322,12148,"379,477",0
2022,Alley Reconstruction,136,2017 Bonds,3544 - 3638 Ainsworth Dr - 3615 - 3675 Norcross Ln - V117,V117.1,2022,2022,602304,601455,(849),0,0
2022,Alley Reconstruction,136,2017 Bonds,3609-3615 Bon Park Ct - 3608-3614 Parader Ct - V073,V073.1,2022,2022,111913,110808,(1105),0,0
2022,Alley Reconstruction,136,2017 Bonds,3610-3668 Weeburn Dr - 3623- 3651 Midpines Dr - V118,V118.1,2022,2022,474810,474073,(737),0,0
2022,Alley Reconstruction,136,2017 Bonds,3805-3945 Hawick Ln - 3804-3858 Eaton Dr - V011,V011.1,2022,2022,374324,370535,(3789),0,0
2022,Alley Reconstruction,136,2017 Bonds,3864-3872 Treeline Cir - 1618-1626 Five Mile Ct - V030,V030.1,2022,2023,66928,267586,(96),"200,754",0
2022,Alley Reconstruction,136,2017 Bonds,4104-4124 Firebrick Ln - 4103-4119 Country Brook Dr - V098,V098.1,2022,2022,192750,284855,92104,0,0
2022,Alley Reconstruction,136,2017 Bonds,4202-4272 Timberglen Rd - 4203-4231 Lawngate Dr - V099,V099.1,2022,2022,264705,259241,(5464),0,0
2022,Alley Reconstruction,136,2017 Bonds,4307-4435 Bonnie View Rd - 4302- 4446 Cicero St - V031,V031.1,2022,2022,66257,450140,383883,0,0
2022,Alley Reconstruction,137,2017 Bonds,4403-4451 Cinnabar Dr - 6102- 6150 Symphony Ln - V048,V048.1,2022,2022,436873,432287,(4586),0,0
2022,Alley Reconstruction,137,2017 Bonds,4503-4535 Live Oak St - 4514-4522 Bryan St - V012,V012.1,2022,2022,290892,288862,(2031),0,0
2022,Alley Reconstruction,137,2017 Bonds,4804-4950 Ashbrook Rd - 4803- 4945 Chilton Dr - V049,V049.1,2022,2022,95150,95054,(96),0,0
2022,Alley Reconstruction,137,2017 Bonds,4806-5034 Mill Creek Rd - 4807- 4923 -12515 Planters Glen Dr - V123,V123.1,2022,2022,481668,481585,(83),0,0
2022,Alley Petitions,137,2017 Bonds,4812-4840 Worth St - 4807-4841 Tremont St - V007,V007.1,2022,2022,212344,209215,(3129),0,0
2022,Alley Reconstruction,137,2017 Bonds,4902-5032 Thursh St - 4903-5033 Wenonah Dr - V013,V013.1,2022,2022,324173,318070,(6102),0,0
2022,Alley Reconstruction,137,2017 Bonds,5005-5207 Banting Way - 5411-5445 Endlery Pl - V050,V050.1,2022,2022,66474,66378,(96),0,0
2022,Alley Reconstruction,137,2017 Bonds,503-511 N Prairie Ave - 4721-4721 Tremont St - V014,V014.1,2022,2022,142984,140506,(2477),0,0
2022,Alley Reconstruction,137,2017 Bonds,5100-5152 Lahoma St - 5101-5147 N Hall St - V015,V015.1,2022,2022,267517,264832,(2685),0,0
2022,Alley Reconstruction,137,2017 Bonds,5107-5143 Breakwood Dr - 5116-5152 Colter Dr - V051,V051.1,,,54438,54438,0,0,0
2022,Alley Reconstruction,138,2017 Bonds,5179-5107 Chalet - 1404-1550 Drury Dr - V018,V018.1,2022,2022,78622,382556,303934,0,0
2022,Alley Reconstruction,138,2017 Bonds,5300-5358 Willis Ave - 5303-5355 Richard Ave - V016,V016.1,2022,2022,276356,274812,(1544),0,0
2022,Alley Reconstruction,138,2017 Bonds,5303-5347 Blaney Way - 5204-5240 Banting Way - V052,V052.1,2022,2022,71666,75321,3655,0,0
2022,Alley Reconstruction,138,2017 Bonds,5306-5342 Lake Placid Dr - 1572- 1568 Drury Pl - V019,V019.1,2022,2022,55398,209251,153852,0,0
2022,Alley Reconstruction,138,2017 Bonds,5500-5552 Longview St - 5503- 5549 Mccommas Blvd - V125,V125.1,2022,2022,214745,242592,27847,0,0
2022,Alley Reconstruction,138,2017 Bonds,5501-5527 Harbor Town Dr - 5506- 5530 Tamaron Ct - V100,V100.1,2022,2022,318987,498415,179428,0,0
2022,Alley Reconstruction,138,2017 Bonds,5601-5639 Morningside Ave - 5602-5634 Mccommas Blvd - V126,V126.1,2022,2022,214907,212500,(2408),0,0
2022,Alley Reconstruction,138,2017 Bonds,5605-5831 Everglade Rd - 5606- 5824 Twineing St - V053,V053.1,2022,2022,523309,520648,(2660),0,0
2022,Alley Reconstruction,138,2017 Bonds,5620-5832 Everglade Rd - 5707- 5861 Marview Ln - V054,V054.1,2022,2022,74290,91892,17602,0,0
2022,Target Neighborhood,139,2017 Bonds,5701-5745 Palo Pinto Ave - 5702- 5746 Velasco Ave (Alley Improvements) - VA06,VA06.1,2022,2023,67724,918750,(2064),"853,090",0
2022,Alley Reconstruction,139,2017 Bonds,5703-5747 Vanderbilt Ave - 5710-5750 Marquita Ave - V127,V127.1,2022,2022,227859,226039,(1821),0,0
2022,Alley Reconstruction,139,2017 Bonds,5710-5814 Meadowick Ln - 5274-5290 Ponderosa Cir - V055,V055.1,2022,2022,224090,221537,(2553),0,0
2022,Alley Reconstruction,139,2017 Bonds,5737-5763 Caruth Blvd - 5708-5728 Surrey Square Lane - V119,V119.1,,,252570,252570,0,0,0
2022,Alley Reconstruction,139,2017 Bonds,6020-6040 Fieldstone - V101,V101.1,2022,2023,87248,280903,(904),"194,558",0
2022,Alley Reconstruction,139,2017 Bonds,6024-6300 Samuell Blvd - 6205-6441 Symphony Ln - V056,V056.1,2022,2022,413317,478637,65320,0,0
2022,Alley Reconstruction,139,2017 Bonds,6103-6129 Mercedes Ave - 6100-6126 Morningside Ave - V128,V128.1,2022,2022,192473,190486,(1987),0,0
2022,Alley Reconstruction,139,2017 Bonds,6139-6179 Monticello Ave - 6202-6238 Mercedes Ave - V129,V129.1,2022,2022,223197,221135,(2062),0,0
2022,Alley Reconstruction,140,2017 Bonds,6201- 6333 Bryan Pkwy - 5808-5842 Live Oak St - V130,V130.1,2022,2022,238708,236603,(2105),0,0
2022,Alley Reconstruction,140,2017 Bonds,6206-6440 Symphony Ln - 4307- 4339 Cinnabar Dr - V057,V057.1,2022,2022,373158,370498,(2660),0,0
2022,Alley Reconstruction,140,2017 Bonds,6216-6226 Autumn Woods Trl - 804-814 W Red Bird Ln - V020,V020.1,2022,2023,62517,140636,(782),"78,901",0
2022,Alley Reconstruction,140,2017 Bonds,6302-6326 Oakleaf Rd - 6301-6323 Warm Mist Ln - V102,V102.1,2022,2022,285391,272209,(13182),0,0
2022,Alley Reconstruction,140,2017 Bonds,6407-6475 Glendora Ave - 6406- 6474 Meadow Road - V120,V120.1,,,344849,344849,0,0,0
2022,Alley Reconstruction,140,2017 Bonds,6421-6543 Northwood Road - 6426-6542 Deloache Ave - V121,V121.1,,,390933,390933,0,0,0
2022,Alley Reconstruction,140,2017 Bonds,6505-6635 Mimosa Ln - 6506-6630 Lakehurst Ave - V122,V122.1,2022,2022,637554,614527,(23026),0,0
2022,Alley Reconstruction,140,2017 Bonds,6506-6556 Crestmere Dr - 6515- 6555 Meadowcreek Dr - V087,V087.1,2022,2022,64739,62712,(2026),0,0
2022,Alley Reconstruction,140,2017 Bonds,6510-6580 Calais Dr - 6509-6565 Crestmere Dr - V088,V088.1,2022,2022,61768,61672,(96),0,0
2022,Alley Reconstruction,141,2017 Bonds,6607-6831 Desco Drive - 6706-6838 Prestonshire Lane - V124,V124.1,2022,2022,395539,429273,33734,0,0
2022,Alley Reconstruction,141,2017 Bonds,6808-7038 Hunters Ridge Dr - 6807- 6959 Town Bluff Dr - V089,V089.1,2022,2022,78233,78137,(96),0,0
2022,Alley Reconstruction,141,2017 Bonds,6816-6858 Freemont St - 6809- 6851 Whitehill St - V074,V074.1,2022,2022,261381,259150,(2231),0,0
2022,Alley Reconstruction,141,2017 Bonds,6906-6954 Kingsbury Dr - 6907- 6949 Winchester St - V075,V075.1,2022,2022,233951,235513,1562,0,0
2022,Alley Reconstruction,141,2017 Bonds,6906-7030 Orchid Ln -6909-7007 Meadoebriar Ln - Pemberton Dr - V094,V094.1,2022,2022,64159,63779,(380),0,0
2022,Alley Reconstruction,141,2017 Bonds,6915-6965 Freemont St - 6914- 6964 Wakefield St - V076,V076.1,2022,2022,295294,294094,(1200),0,0
2022,Alley Reconstruction,141,2017 Bonds,6920-7038 Midbury Dr - 6919-7033 Northaven Rd - V090,V090.1,2022,2022,78118,76167,(1951),0,0
2022,Alley Reconstruction,141,2017 Bonds,7005-7065 Freemont St - 7006- 7066 Wakefield St - V077,V077.1,2022,2022,354368,354272,(96),0,0
2022,Alley Reconstruction,142,2017 Bonds,7023-7031 Wakefield St - 7049- 7053 Wakefield Cir - V078,V078.1,2022,2022,208251,208155,(96),0,0
2022,Alley Reconstruction,142,2017 Bonds,7027-7203 Hunnicut Rd - 7012- 7108 Belteau Ln - V058,V058.1,2022,2022,54407,62976,8569,0,0
2022,Alley Reconstruction,142,2017 Bonds,7103-7133 Echo Bluff Dr - 7202- 7226 Rustic Valley Dr - V103,V103.1,2022,2022,371377,367505,(3872),0,0
2022,Alley Reconstruction,142,2017 Bonds,7105-7227 Bluefield Dr - 7311- 7427 Carta Valley Dr - V104,V104.1,2022,2022,546804,544139,(2664),0,0
2022,Alley Reconstruction,142,2017 Bonds,7129-7195 Elliott Dr - 7130-7184 Rolling Fork Dr - V059,V059.1,2022,2022,384385,383362,(1024),0,0
2022,Alley Reconstruction,142,2017 Bonds,7151-7203 Gracefield Ln - 7101- 7145 Crooked Oak Dr - V105,V105.1,2022,2022,417464,458346,40882,0,0
2022,Alley Reconstruction,142,2017 Bonds,7206 -7446 La Sobrina Dr - 7223- 7441 Whispering Pine Dr - V106,V106.1,2022,2022,560054,559403,(650),0,0
2022,Alley Reconstruction,142,2017 Bonds,7309-7435 Tangleglen Dr - 7364-7450 Tophill Ln - V091,V091.1,2022,2022,63681,61730,(1951),0,0
2022,Alley Reconstruction,142,2017 Bonds,7405-7443 Lynworth Dr - 7408- 7438 Chattington Dr - V092,V092.1,2022,2022,56531,54581,(1951),0,0
2022,Alley Reconstruction,143,2017 Bonds,7501-7631 Ashcrest Ln - 7502-7578 Christie Ln - V021,V021.1,2022,2022,76309,461445,385137,0,0
2022,Alley Reconstruction,143,2017 Bonds,7604-7608 Dornoch Ln - 7603-7605 Lairds Ln - V107,V107.1,2022,2022,257651,255189,(2462),0,0
2022,Alley Reconstruction,143,2017 Bonds,7606-7672 Rolling Acres Dr - 7615- 7651 Tophill Ln - V093,V093.1,2022,2022,57750,57336,(414),0,0
2022,Target Neighborhood,143,2017 Bonds,7704-78400 Carbondale St - 7703-7835 Brownville (Alley Improvements) - VA01,VA01.1,2022,2023,81304,642662,(126),"561,484",0
2022,Alley Reconstruction,143,2017 Bonds,7905-7933 Olusta Dr - 7932 Great Trinity Forest Way - V067,V067.1,2023,2023,68219,190782,0,"122,563",0
2022,Alley Reconstruction,143,2017 Bonds,806-954 Ivywood Dr - 807-951 Jadewood Dr - V068,V068.1,2022,2022,325148,387509,62360,0,0
2022,Street Reconstruction,143,2017 Bonds,Aberdeen Ave From Edgemere Rd To Thackery St - V285,V285.1,2022,2022,795365,1493969,698604,0,0
2022,Thoroughfares,143,2017 Bonds,Abrams Rd from Gaston Ave to S Beacon St - VA14,VA14.1,2022,2022,2676358,2937690,261332,0,0
2022,Street Resurfacing,143,2017 Bonds,Abrams Rd from Glennox Ln to E Lovers Ln - V949,V949.1,2022,2022,132098,132101,3,0,0
2022,Street Reconstruction,143,2017 Bonds,Adair St From Cobb St To 500 Ft North Of Cobb St - V287,V287.1,2022,2023,59763,81530,(1028),"22,795",0
2022,Street Resurfacing,144,2017 Bonds,Adleta Blvd from Adleta Ct to Adleta Blvd - V774,V774.1,2022,2022,478409,478412,3,0,0
2022,Traffic Signals,144,Capital Projects Reimbursement,Akard Place Signals - W064,W064.1,2022,2022,38826,69611,30785,0,0
2022,Street Resurfacing,144,2017 Bonds,Allen St from McKinney Ave to Laclede St - V970,V970.1,,,155482,155482,0,0,0
2022,Target Neighborhood,144,2017 Bonds,Alley Improvements Between 8th St - Church From IH 35E To N Cliff - V993,V993.1,2023,2023,40973,176061,0,"135,088",0
2022,Target Neighborhood,144,2017 Bonds,Alley Improvements Between Ewing Ave - Upton From Viola To Clarendon - V994,V994.1,2023,2023,27598,566909,0,"539,311",0
2022,Alley Petitions,144,2012 Bonds,Alley: Hibernia & Mckinney From Routh To Boll - S201,S201.1,2022,2022,77782,76788,(994),0,0
2022,Alley Petitions,144,2012 Bonds,Alley: Hibernia & State From Boll To Wort - S202,S202.1,2022,2022,85905,84811,(1095),0,0
2022,Alley Petitions,144,2006 Bonds,Alley: Hurley Way & Lenel Place Williamsburg - S203,S203.1,2022,2022,516,750,234,0,0
2022,Alley Petitions,144,2012 Bonds,Alley: Hurley Way & Lenel Place Williamsburg - S203,S203.2,2022,2022,166897,187825,20929,0,0
2022,Alley Petitions,145,2012 Bonds,Alley: Manana & Park From Larga To Marsh - S205,S205.1,2022,2022,356426,323524,(32901),0,0
2022,Alley Petitions,145,2012 Bonds,Alley: State St & Thomas Ave From Routh To Boll - S207,S207.1,2022,2022,9663,9406,(257),0,0
2022,Street Reconstruction,145,2017 Bonds,Alpha Rd from Barton Dr to Noel Rd - V293,V293.1,2022,2023,58953,1066503,17702,"989,848",0
2022,Thoroughfares,145,2017 Bonds,Alpha Rd From End Of Pavement To Barton Dr - V310,V310.1,2022,2023,49385,1167548,1029972,"88,191",0
2022,Street Reconstruction,145,2017 Bonds,Alpha Rd from Noel Rd to Montfort Dr - V294,V294.1,2022,2023,51428,2029317,76634,"1,901,255",0
2022,Alley Petitions,145,2017 Bonds,Amhurst Ave - Stanford Ave From Linwood Ave To Briarwood Ln - V005,V005.1,2022,2023,82812,213474,(1604),"132,266",0
2022,Street Resurfacing,145,2017 Bonds,Annapolis Ln from Ridgelawn Dr to Berwyn Ln - V795,V795.1,,,228198,228198,0,0,0
2022,Street Reconstruction,145,2017 Bonds,Anzio Cir from Garapan Dr to S Polk St - V199,V199.1,2022,2022,1129179,1240056,110877,0,0
2022,Traffic Signals,145,Capital Projects Reimbursement,Apple St. and Live Oak St. Intersection- W336,W336.1,2022,2022,8628,21482,12854,0,0
2022,Street Resurfacing,145,2017 Bonds,Arapaho Rd from Golden Creek Rd to Meado - V939,V939.1,2022,2022,0,460616,460616,0,0
2022,Street Reconstruction,145,2017 Bonds,Arborcrest Dr From Bluewood Dr To Partridge Dr - V262,V262.1,2022,2022,876593,906420,29827,0,0
2022,Traffic Signals,146,Capital Projects Reimbursement,AT&T Discovery Plaza - W312,W312.1,2022,2022,91607,175676,84070,0,0
2022,Street Resurfacing,146,2017 Bonds,Audelia Rd from Faircrest Dr to Royal Ln - V961,V961.1,2022,2022,766438,766441,3,0,0
2022,Street Reconstruction,146,2017 Bonds,Avenue H From E 11Th St To Sanderson Ave - V247,V247.1,2022,2022,115181,852896,737715,0,0
2022,Alley Reconstruction,146,2012 Bonds,Azalea Ln & Currin - S218,S218.1,2022,2022,199555,199873,318,0,0
2022,Street Reconstruction,146,2017 Bonds,Babcock Dr From Bernal Dr To Canada Dr - V256,V256.1,2022,2022,447877,446463,(1414),0,0
2022,Alley Reconstruction,146,2012 Bonds,Baruth Blvd & Colgate Ave - S226,S226.1,2022,2022,1446,5137,3691,0,0
2022,Street Resurfacing,146,2017 Bonds,Beechmont Dr from Ferguson Rd to Felicia Ct - V827,V827.1,2022,2022,267986,266107,(1879),0,0
2022,Street Resurfacing,146,2017 Bonds,Belmont Ave from Summit Ave to Greenville Ave - V320,V320.1,,,129814,129814,0,0,0
2022,Street Resurfacing,146,2017 Bonds,Bennington Dr from Trammel Dr to Middlebury Dr - V668,V668.1,,,266738,266738,0,0,0
2022,Traffic Signals,146,2006 Bonds,Bernal/Singleton Left Turn Signal - W366,W366.1,2022,2022,0,39585,39585,0,0
2022,Hike and Bike Trails,146,2017 Bonds,Bike Plan - VA48,VA48.1,,,150000,150000,0,0,0
2022,Street Resurfacing,146,2017 Bonds,Blackburn St from N Haskell Ave to Noble Ave - V963,V963.1,,,168962,168962,0,0,0
2022,Street Resurfacing,147,2017 Bonds,Blackburn St from Turtle Creek Blvd to Oak Lawn Ave - V957,V957.1,,,473739,473739,0,0,0
2022,Street Resurfacing,147,2017 Bonds,Blackburn St from Turtle Creek Blvd to Travis St - V971,V971.1,2022,2022,488330,573467,85137,0,0
2022,Street Resurfacing,147,2017 Bonds,Blanch Cir from Hillside Dr to Nonesuch Rd - V773,V773.1,,,240348,240348,0,0,0
2022,Street Resurfacing,147,2017 Bonds,Blessing Cir from End of Pavement to Blessing Dr - V648,V648.1,2022,2022,93869,91261,(2608),0,0
2022,Street Reconstruction,147,2017 Bonds,Blossomheath Ln From LBJ Service Rd N To Thistle Ln - V275,V275.1,2022,2023,60939,451260,2584,"387,737",0
2022,Street Reconstruction,147,2017 Bonds,Blossomheath Ln from Thistle Ln to Alpha Rd - V222,V222.1,2023,2023,74750,512787,0,"438,037",0
2022,Street Resurfacing,147,2017 Bonds,Bluffdale Dr from Berkinshire Dr to Brookhurst Dr - V805,V805.1,,,93570,93570,0,0,0
2022,Street Reconstruction,147,2017 Bonds,Bombay Ave from Huron Dr to Thurston Dr - V193,V193.1,2022,2022,1125939,1210574,84635,0,0
2022,Street Resurfacing,147,2017 Bonds,Bonham St from Midway Rd to End of Pavement - V684,V684.1,2022,2022,462207,663695,201489,0,0
2022,Street Reconstruction,147,2017 Bonds,Bonnie View Rd from Ann Arbor Ave to Cummings St - V200,V200.1,2022,2022,218950,2377290,2158340,0,0
2022,Street Reconstruction,148,2017 Bonds,Boundbrook Ave From Greenville Ave To Woodbrook Dr - V268,V268.1,2022,2022,373730,406924,33194,0,0
2022,Street Reconstruction,148,2017 Bonds,Bradford Dr from Maple Springs Blvd to Hedgerow Dr - V194,V194.1,2022,2023,332621,2001655,41782,"1,627,252",0
2022,Street Resurfacing,148,2017 Bonds,Branchfield Dr from W Lawther Dr to Fisher Rd - V803,V803.1,,,224288,224288,0,0,0
2022,Street Resurfacing,148,2017 Bonds,Brennans Pl from End of Pavement to Brennans Dr - V843,V843.1,,,42429,42429,0,0,0
2022,Street Resurfacing,148,2017 Bonds,Briaridge Rd from Spring Creek Rd to Coit Rd - V813,V813.1,2022,2022,215294,215297,3,0,0
2022,Street Resurfacing,148,2017 Bonds,Broadmoor Dr from Broadmoor Dr to Garland Rd - V847,V847.1,,,127013,127013,0,0,0
2022,Street Reconstruction,148,2017 Bonds,Broken Bow Rd from 9635 Broken Bow Rd to Fieldcrest Dr - V216,V216.1,2022,2022,558981,1123862,564880,0,0
2022,Street Resurfacing,148,2017 Bonds,Brookhurst Dr from Edgelake Dr to Northcliff Dr - V682,V682.1,2022,2022,515718,497511,(18207),0,0
2022,Street Reconstruction,148,2017 Bonds,Brookshire Dr From Orchid Ln To Brookshire Cir - V276,V276.1,2022,2023,93619,319243,(3929),"229,553",0
2022,Street Resurfacing,148,2017 Bonds,Bucknell Dr from Bennington Dr to Trammel Dr - V651,V651.1,,,181227,181227,0,0,0
2022,Target Neighborhood,149,2017 Bonds,Burma From Kiska St To Saipan St - VA02,VA02.1,2022,2023,110972,563267,(126),"452,422",0
2022,Target Neighborhood,149,2017 Bonds,Burma Rd From Carbondale St To Kiska St - VA04,VA04.1,2022,2023,134372,500579,(968),"367,174",0
2022,Street Reconstruction,149,2017 Bonds,Burroaks Cir From Burroaks Dr To End Of Pavement - V263,V263.1,2022,2022,77625,447653,370028,0,0
2022,Thoroughfares,149,2017 Bonds,Camp Wisdom Rd from FM 1382 to Mountain Creek Pkwy - VA13,VA13.1,2022,2023,517640,3750000,43388,"3,188,972",0
2022,Intergovernment al Partnership Projects,149,2006 Bonds,Camp Wisdom Road Project - W147,W147.1,,,611550,611550,0,0,0
2022,Intergovernment al Partnership Projects,149,2017 Bonds,Camp Wisdom Road Project - W147,W147.2,2022,2022,128804,684610,555806,0,0
2022,Intergovernment al Partnership Projects,149,Capital Projects Reimbursement,Camp Wisdom Road Project - W147,W147.3,,,700000,700000,0,0,0
2022,Street Resurfacing,149,2017 Bonds,Campbell Rd from Preston Rd to Preston Bend Ct - V959,V959.1,2022,2022,288873,766100,477227,0,0
2022,Street Resurfacing,149,2017 Bonds,Campbell Rd from Preston Rd to Preston Trail Dr - V952,V952.1,2022,2022,501818,489466,(12351),0,0
2022,Thoroughfares,149,2017 Bonds,Canada Dr From Babcock Dr To Leesburg St - V307,V307.1,2022,2022,1373073,1462195,89121,0,0
2022,Street Reconstruction,150,2012 Bonds,Canada Dr From Tamerisk St To Westmoreland Rd - S309,S309.1,2022,2022,236013,230793,(5221),0,0
2022,Street Reconstruction,150,2017 Bonds,Canada Dr From Tamerisk St To Westmoreland Rd - S309,S309.2,2022,2022,77549,99775,22226,0,0
2022,Thoroughfares,150,2017 Bonds,Canada Drive From Westmoreland To Hampton - VA08,VA08.1,2022,2022,35850,1833844,1797994,0,0
2022,Alley Petitions,150,2012 Bonds,Capps Dr & Rexford Dr From Lemmon Ave Par - S210,S210.1,2022,2022,141814,163235,21421,0,0
2022,Street Resurfacing,150,2017 Bonds,Carissa Dr from Carissa Cir to Jupiter Rd - V831,V831.1,,,147799,147799,0,0,0
2022,Street Resurfacing,150,2017 Bonds,Carissa Dr from Ridgelake Dr to Sunland St - V763,V763.1,,,214855,214855,0,0,0
2022,Street Resurfacing,150,2017 Bonds,Carnegie Dr from Carnegie Pl to Peavy Rd - V823,V823.1,,,97241,97241,0,0,0
2022,Street Resurfacing,150,2017 Bonds,Carrousel Cir from Lyre Ln to Lyre ln - V676,V676.1,2022,2022,157669,154093,(3576),0,0
2022,Streetscape- Urban Design,150,2017 Bonds,Casa View Street Improvements - V985,V985.1,2022,2022,784524,784428,(96),0,0
2022,Intergovernment al Partnership Projects,150,2006 Bonds,CBD Fair Link- Hall St to I-30 - U203,U203.1,,,124876,124876,0,0,0
2022,Intergovernment al Partnership Projects,150,2017 Bonds,CBD Fair Link- Hall St to I-30 - U203,U203.2,2022,2022,3409194,3411683,2490,0,0
2022,Thoroughfares,151,2017 Bonds,CBD Fair Park Link From Main to IH30 (Design And ROW) - VA11,VA11.1,2022,2022,1506862,2698255,1191394,0,0
2022,Traffic Signals,151,2006 Bonds,Central Signal Computer - R090,R090.1,2022,2022,1967070,2007091,40021,0,0
2022,Thoroughfares,151,2006 Bonds,Chalk Hill - I 30 EB Frontage Road to Singleton - U780,U780.1,,,26693,26693,0,0,0
2022,Thoroughfares,151,2017 Bonds,Chalk Hill - I 30 EB Frontage Road to Singleton - U780,U780.2,,,662027,662027,0,0,0
2022,Thoroughfares,151,2006 Bonds,Chalk Hill Rd - Davis St to 800 South of IH- 30 - U781,U781.1,,,205382,205382,0,0,0
2022,Street Resurfacing,151,2017 Bonds,Chapel Hill Rd from W Lawther Dr to Cathedral Dr - V557,V557.1,,,169065,169065,0,0,0
2022,Street Resurfacing,151,2017 Bonds,Charing Cross Ln from Staffordshire Dr to Flicker Ln - V594,V594.1,,,96280,96280,0,0,0
2022,Street Resurfacing,151,2017 Bonds,Chariot Dr from Trace Rd to Wimbelton Way - V840,V840.1,,,338753,338753,0,0,0
2022,Street Resurfacing,151,2017 Bonds,Charlestown Dr from Nuestra Dr to Preston Rd - V603,V603.1,2022,2022,615152,497839,(117314),0,0
2022,Thoroughfares,151,2017 Bonds,Cheyenne From Big Thicket To Elam - VA18,VA18.1,2022,2022,536620,4541941,4005321,0,0
2022,Thoroughfares,152,2017 Bonds,Cheyenne From Lake June To Big Thickett Phase I - VA17,VA17.1,2022,2022,712605,7129507,6416902,0,0
2022,Street Resurfacing,152,2017 Bonds,Church Cir from End of Pavement to Church Rd - V809,V809.1,,,64278,64278,0,0,0
2022,Street Reconstruction,152,2017 Bonds,Church St From I-35 To Cliff To End - V248,V248.1,2022,2022,102892,585516,482624,0,0
2022,Street Reconstruction,152,2017 Bonds,Clarendon Dr (2-28' Lanes) from Ewing to Upton - V292,V292.1,2022,2023,295494,1715657,421973,"998,191",0
2022,Traffic Signals,152,Capital Projects Reimbursement,Clark Road and Clarkridge Drive - W172,W172.1,2022,2022,198092,200000,1908,0,0
2022,Street Resurfacing,152,2017 Bonds,Clarksdale Pl from Clarksdale Dr to End of Pavement - V798,V798.1,2022,2022,53474,61466,7992,0,0
2022,Street Resurfacing,152,2017 Bonds,Classen Dr from E Northwest Hwy to Van Dyke Rd - V785,V785.1,,,383062,383062,0,0,0
2022,Street Resurfacing,152,2017 Bonds,Classen Dr from Northlake Dr to Waterview Rd - V707,V707.1,,,347696,347696,0,0,0
2022,Street Reconstruction,152,2017 Bonds,Cobb St From Cobb St To Adair St - V288,V288.1,2022,2023,53482,110305,(2242),"59,065",0
2022,Intergovernment al Partnership Projects,152,2006 Bonds,Cockrell Hill - La Reunion to Singleton - U205,U205.1,,,5847699,5847699,0,0,0
2022,Intergovernment al Partnership Projects,153,2017 Bonds,Cockrell Hill - La Reunion to Singleton - U205,U205.2,,,37634,37634,0,0,0
2022,Intergovernment al Partnership Projects,153,2006 Bonds,Cockrell Hill from Davis to the City Lim - U206,U206.1,,,7138,7138,0,0,0
2022,Intergovernment al Partnership Projects,153,2017 Bonds,Cockrell Hill From La Reunion To Singleton - V136,V136.1,2022,2022,26924,26159,(766),0,0
2022,Street Resurfacing,153,2017 Bonds,Coleridge St from Easton Dd to Sasanqua Ln - V824,V824.1,,,30664,30664,0,0,0
2022,Traffic Intersection Capacity & Safety Improvements,153,2017 Bonds,Collete At Tremont And Junius (Pilot Project to Construct Mini Roundabouts) - VA24,VA24.1,2022,2022,59634,79091,19457,0,0
2022,Traffic Intersection Capacity & Safety Improvements,153,2017 Bonds,Collete At Tremont And Junius (Pilot Project to Construct Mini Roundabouts) - VA24,VA24.2,2022,2022,0,7464,7464,0,0
2022,Thoroughfares,153,2017 Bonds,Columbia Ave/Main St from S Beacon St to - VA12,VA12.1,2022,2023,344750,3765003,170103,"3,250,150",0
2022,Streetscape- Urban Design,153,2006 Bonds,Commerce from Good-Latimer to Hall - U733,U733.1,2022,2022,3889,289898,286009,0,0
2022,Streetscape- Urban Design,153,2017 Bonds,Commerce from Good-Latimer to Hall - U733,U733.2,2022,2022,8476,878958,870482,0,0
2022,Street Resurfacing,154,2017 Bonds,Commerce St from East Side Ave to Benson St - V808,V808.1,,,68874,68874,0,0,0
2022,Thoroughfares,154,2017 Bonds,Commerce Street From Good Latimer To Exposition - VA16,VA16.1,2022,2022,971374,9659942,8688568,0,0
2022,Street Resurfacing,154,2017 Bonds,Concho St from Monticello Ave to Mercedes Ave - V409,V409.1,,,58790,58790,0,0,0
2022,Street Reconstruction,154,2017 Bonds,Concho St From Richmond Ave To Belmont Ave - V289,V289.1,2023,2023,79885,393714,0,"313,829",0
2022,Intergovernment al Partnership Projects,154,2017 Bonds,Coombs Creek Trail Extension - W264,W264.1,2022,2022,433475,425157,(8319),0,0
2022,Street Resurfacing,154,2017 Bonds,Cosgrove Dr from Merriman Pkwy to Tabor Dr - V728,V728.1,,,150321,150321,0,0,0
2022,Street Resurfacing,154,2017 Bonds,Cotillion Dr from Ferguson Rd to Puerto Rico Dr - V710,V710.1,2022,2022,201485,203680,2196,0,0
2022,Public/Private Development,154,2017 Bonds,Council District 1 Pedestrian Safety/Crosswalk Program -VA26,VA26.1,2022,2022,0,260000,260000,0,0
2022,Sidewalk and Barrier Free Ramp Improvements,154,2017 Bonds,Council District 5 Sidewalk and Barrier Free Ramp Improvements - V150,V150.1,2022,2022,392387,620971,228585,0,0
2022,Traffic Signals,155,2017 Bonds,Council District 8 Infrastructure Improvements - VA44,VA44.1,2022,2022,0,350000,350000,0,0
2022,Public/Private Development,155,2017 Bonds,Council District 9 Traffic Signal Improvements - VA29,VA29.1,2022,2022,265000,846000,581000,0,0
2022,Alley Reconstruction,155,2017 Bonds,Country Brook Dr - S241,S241.1,2022,2022,66391,54896,(11495),0,0
2022,Traffic Intersection Capacity & Safety Improvements,155,2017 Bonds,Country Creek Dr- Road Closure-Turn Around - VA23,VA23.1,2022,2022,0,428751,428751,0,0
2022,Bridge Repair and Modification,155,2017 Bonds,Critical Bridges - V131,V131.1,2022,2022,26258,1099279,1073020,0,0
2022,Bridge Repair and Modification,155,2017 Bonds,Critical Bridges- Camp Wisdom Road over Ricketts Creek Bridge - VA33,VA33.1,,,100520,100520,0,0,0
2022,Bridge Repair and Modification,155,2017 Bonds,Critical Bridges- Maple Avenue Bridge over Turtle Creek Bridge - VA30,VA30.1,2022,2022,568488,623502,55015,0,0
2022,Bridge Repair and Modification,155,2017 Bonds,Critical Bridges- Marsalis Avenue over Cedar Creek- Dallas Zoo - VA35,VA35.1,2022,2022,50599,59364,8765,0,0
2022,Bridge Repair and Modification,155,2017 Bonds,Critical Bridges- Marsh Lane over Furneaux Creek Bridge Repa - VA32,VA32.1,,,28827,28827,0,0,0
2022,Bridge Repair and Modification,156,2017 Bonds,Critical Bridges- Second Ave over White Rock Creek Bridge Repairs - VA31,VA31.1,2022,2022,517141,524438,7297,0,0
2022,Bridge Repair and Modification,156,2017 Bonds,Critical Bridges- W- Red Bird Lane over Woody Branch Creek - VA36,VA36.1,2022,2022,283740,283316,(423),0,0
2022,Street Resurfacing,156,2017 Bonds,Cromwell Dr from Whirlaway Rd to Flaxley Dr - V685,V685.1,2022,2022,790158,790161,3,0,0
2022,Thoroughfares,156,2017 Bonds,Crouch Rd From Old Ox Rd To S Lancaster Rd - VA19,VA19.1,2023,2023,471089,750216,0,"279,127",0
2022,Street Reconstruction,156,2017 Bonds,Currin Dr From Pebbledowne Dr To End Of Pavement - V278,V278.1,2022,2022,92347,504688,412342,0,0
2022,Street Reconstruction,156,2017 Bonds,Currin Dr from St Michaels Dr to Pebbledowne Dr - V223,V223.1,2022,2023,126238,812228,(2456),"688,445",0
2022,Traffic Intersection Capacity & Safety Improvements,156,2017 Bonds,D10 Transportation Improvements (MCIP) - VA46,VA46.1,2022,2022,0,1000000,1000000,0,0
2022,Street and Alley Improvements,156,Other GO CIP - Non-Debt,DART Transportation Projects Fund - W337,W337.1,2022,2022,3310589,9619105,6308516,0,0
2022,Thoroughfares,156,2017 Bonds,Davenport Rd From Winding Creek Rd To Creek Bend Rd - V312,V312.1,2022,2022,556918,792179,235261,0,0
2022,Intergovernment al Partnership Projects,157,2006 Bonds,Davis - Hampton to Westmoreland - U209,U209.1,2022,2022,305265,343663,38397,0,0
2022,Intergovernment al Partnership Projects,157,2017 Bonds,Davis - Hampton to Westmoreland - U209,U209.2,2022,2022,68365,91149,22784,0,0
2022,Intergovernment al Partnership Projects,157,2017 Bonds,Davis Street from Cockrell Hill to Clint - V135,V135.1,2022,2023,891365,4000000,76043,"3,032,592",0
2022,Street Resurfacing,157,2017 Bonds,Desdemona Dr from Barnes Bridge Rd to Housley Dr - V667,V667.1,,,104445,104445,0,0,0
2022,Street Resurfacing,157,2017 Bonds,Diceman Dr from Sanford Ave to Tavaros Ave - V756,V756.1,,,117375,117375,0,0,0
2022,Street Petitions,157,2017 Bonds,Dirk St. - Alley South Of Martel Ave. To Martel Ave. - V187,V187.1,2022,2022,60664,147045,86381,0,0
2022,Street Resurfacing,157,2017 Bonds,Dixie Ln from Ash Creek Dr to Mariposa Dr - V790,V790.1,2022,2022,182750,183000,250,0,0
2022,Intergovernment al Partnership Projects,157,2017 Bonds,Dolphin Road from Haskell to Spring - V139,V139.1,2022,2022,4002226,4432297,430071,0,0
2022,Street Resurfacing,157,2017 Bonds,Douglas Ave from Newton Ave to Wycliff Ave - V825,V825.1,2022,2022,146991,146994,3,0,0
2022,Street Resurfacing,157,2017 Bonds,Douglas Ave from Wycliff Ave to Herschel Ave - V815,V815.1,2022,2022,142649,142652,3,0,0
2022,Street Resurfacing,158,2017 Bonds,Dove Brook Cir from Stone Canyon Rd to End of Pavement - V587,V587.1,,,87911,87911,0,0,0
2022,Street Reconstruction,158,2017 Bonds,Dove Creek Way From Myrtlewood Drive To Swansee Street - V245,V245.1,2022,2023,196163,3216657,1903953,"1,116,541",0
2022,Street Reconstruction,158,2017 Bonds,E Corning Ave From Arizona To S Marsalis Ave - V249,V249.1,2022,2022,916267,1024814,108547,0,0
2022,Thoroughfares,158,2017 Bonds,E Davis St From Beckley Ave To Patton Ave - V303,V303.1,2022,2023,130501,1162894,(2372),"1,034,765",0
2022,Thoroughfares,158,2017 Bonds,E Overton Rd From S Marsalis Ave To S Ewing - V305,V305.1,2022,2022,1709658,2933486,1223827,0,0
2022,Street Resurfacing,158,2017 Bonds,East Side Ave from S Haskell Ave to S Peak St - V725,V725.1,,,140699,140699,0,0,0
2022,Thoroughfares,158,2017 Bonds,Edd Rd From Seagoville To Garden Grove [Design and ROW only] - VA20,VA20.1,2022,2022,315234,315042,(191),0,0
2022,Street Reconstruction,158,2017 Bonds,Edelweiss Cir From Hillcrest Rd To End Of Pavement - V279,V279.1,2022,2023,68018,356383,(1078),"289,444",0
2022,Alley Petitions,158,2017 Bonds,Edgefield And Windomere-12th To Wentworth (Alley) - V001,V001.1,2022,2022,284652,957265,672613,0,0
2022,Street and Alley Improvements,158,2017 Bonds,Elmwood Area Street Lighting - V174,V174.1,2022,2022,0,498517,498517,0,0
2022,Street Resurfacing,159,2017 Bonds,Enderly Pl from Banting Way to Samuell Blvd - V810,V810.1,,,117443,117443,0,0,0
2022,Street Resurfacing,159,2017 Bonds,Estacado Dr from Coldwater Cir to Ash Creek Dr - V757,V757.1,,,348639,348639,0,0,0
2022,Thoroughfares,159,2017 Bonds,Ewing Ave. From I35 E To Clarendon - VA15,VA15.1,2022,2023,1104301,9700000,4892523,"3,703,175",0
2022,Street Resurfacing,159,2017 Bonds,Faircrest Dr from A11639 to Ferndale Rd - V714,V714.1,,,118232,118232,0,0,0
2022,Target Neighborhood,159,2017 Bonds,Fellows Ln From Saipan St To End Of Pavement - VA03,VA03.1,2022,2023,81693,767030,(30),"685,367",0
2022,Streetscape- Urban Design,159,2017 Bonds,Ferguson Rd And Lakeland Dr Intersection Improvements - V986,V986.1,2022,2022,121878,771793,649914,0,0
2022,Streetscape- Urban Design,159,2017 Bonds,Ferguson Rd From Oates Dr To Lakeland Dr - V987,V987.1,2022,2022,141593,541955,400362,0,0
2022,Street Resurfacing,159,2017 Bonds,Fernald Ave from Dixfield Dr to Lochwood Blvd - V724,V724.1,2022,2022,352239,351968,(271),0,0
2022,Street Resurfacing,159,2017 Bonds,Fernald Ave from Yeager Dr to Holt Dr - V750,V750.1,2022,2022,211150,211153,3,0,0
2022,Street Reconstruction,159,2017 Bonds,Fillmore Dr from Empire Central to Register Ave - V195,V195.1,2022,2022,1107069,1371324,264255,0,0
2022,Street Resurfacing,160,2017 Bonds,Firebird Dr from Postglen Dr to Troyglen - V471,V471.1,2022,2022,80813,109418,28606,0,0
2022,Street Reconstruction,160,2017 Bonds,Frankford Rd (Wb Lane Only) from City Limit to Appleridge Dr - V295,V295.1,2022,2022,1174035,1173879,(156),0,0
2022,Street Resurfacing,160,2017 Bonds,Frankford Rd from Hillcrest Rd to Coit Rd - V933,V933.1,2022,2022,2497007,2496484,(523),0,0
2022,Street Resurfacing,160,2017 Bonds,Frankford Rd from Preston Rd to Hillcrest Rd - V928,V928.1,2022,2022,1988400,1987518,(881),0,0
2022,Street and Alley Improvements,160,Other GO CIP - Non-Debt,FY18 Street and Alley Improvement Projects - W222,W222.1,2022,2024,87132056,117958866,2610318,"14,108,246","14,108,246"
2022,Street and Alley Improvements,160,Other GO CIP - Non-Debt,FY20 DWU Fee for Unserved Areas - W647,W647.1,2023,2024,12398347,25997637,0,"6,799,645","6,799,645"
2022,Street Resurfacing,160,2017 Bonds,Galena St from Norwood Dr to Fenwick Dr - V705,V705.1,2022,2022,304673,302866,(1808),0,0
2022,Street Reconstruction,160,2017 Bonds,Galloway Ave From Fernwood Ave To S Denley Dr - V250,V250.1,2022,2022,873443,1756410,882967,0,0
2022,Intergovernment al Partnership Projects,160,2017 Bonds,Garland/Gaston/ East Grand Intersection Safety Improvements - V132,V132.1,2022,2022,306577,1100001,793424,0,0
2022,Street Resurfacing,160,2017 Bonds,Gaston Pkwy from Old Gate Ln to Knob Oak Dr - V844,V844.1,,,121456,121456,0,0,0
2022,Street Resurfacing,161,2017 Bonds,Gatewood Pl from End of Pavement to Jupiter Rd - V845,V845.1,,,24783,24783,0,0,0
2022,Street Reconstruction,161,2017 Bonds,Geraldine Dr From Kendale Dr To Lombardy Ln - V257,V257.1,2022,2023,162722,851989,(1881),"691,148",0
2022,Street Resurfacing,161,2017 Bonds,Gilbert Ave from Knight St to Douglas Ave - V645,V645.1,,,323998,323998,0,0,0
2022,Street Reconstruction,161,2017 Bonds,Gilbert Ave From Oak Lawn Ave To Reagan St - V290,V290.1,2023,2023,75196,425675,0,"350,479",0
2022,Street Petitions,161,2017 Bonds,Ginger Ave. - Dacki Ave. To Goldie Ave. - Brandon St. - V182,V182.1,2022,2023,220590,1969103,(96),"1,748,609",0
2022,Alley Petitions,161,2017 Bonds,Glenleigh Dr.- Manning Ln. Existing Pavement To Manchester - V004,V004.1,2022,2022,67946,67118,(828),0,0
2022,Target Neighborhood,161,2017 Bonds,Gooch St from S Lancaster Rd to Tracy Rd - S602,S602.1,2022,2022,1892934,1894794,1860,0,0
2022,Thoroughfares,161,2012 Bonds,Gooch St from S Lancaster Rd to Tracy Rd - S602,S602.2,2022,2022,36610,30482,(6128),0,0
2022,Street Resurfacing,161,2017 Bonds,Gooding Dr from Killion Dr to Merrell Rd - V627,V627.1,,,397000,397000,0,0,0
2022,Street Reconstruction,161,2017 Bonds,Goodwin Ave from Laneri Ave to Glencoe St - V232,V232.1,2022,2022,115032,621218,506186,0,0
2022,Street Reconstruction,162,2017 Bonds,Grassy Ridge Trl From Penguin Dr To Scottsboro Ln - V246,V246.1,2022,2023,123702,1601900,683564,"794,634",0
2022,Street Reconstruction,162,2017 Bonds,Greenhollow Ln From Coit Rd To Sapling Way - V280,V280.1,2022,2022,69186,68716,(470),0,0
2022,Street Resurfacing,162,2017 Bonds,Greentree Ln from Greenbrook Ln to W Circle Dr - V814,V814.1,,,212660,212660,0,0,0
2022,Street Reconstruction,162,2012 Bonds,Haas From Marjorie To 51St - S452,S452.1,2022,2022,371024,379878,8854,0,0
2022,Street Reconstruction,162,2017 Bonds,Haines Ave From W. Colorado Blvd To W. Greenbriar Ln - V236,V236.1,2022,2022,1408444,1537988,129544,0,0
2022,Street Reconstruction,162,2017 Bonds,Halifax St from Cash Rd to Pulaski St - V206,V206.1,2022,2022,644741,1058491,413749,0,0
2022,Street Petitions,162,2017 Bonds,Harlandale Ave. - Ohio Ave. To Illinois Ave. - V183,V183.1,2022,2022,582016,580690,(1326),0,0
2022,Street Resurfacing,162,2017 Bonds,Harry Hines Blvd from Moody St to N Field St - V964,V964.1,2022,2022,0,146942,146942,0,0
2022,Intergovernment al Partnership Projects,162,2006 Bonds,Hatcher Ave Dolphin Rd T - N073,N073.1,2022,2022,73633,70656,(2977),0,0
2022,Street Resurfacing,162,2017 Bonds,Haverford Dr from Bucknell Dr to Trammel Dr - V716,V716.1,2022,2022,267462,266462,(1000),0,0
2022,Street Reconstruction,162,2017 Bonds,Hay St From Ring St To End Of Pavement - V239,V239.1,2022,2022,261087,393383,132297,0,0
2022,Street Resurfacing,163,2017 Bonds,Highland Hills Dr from Bonnie View Rd to Simpson Stuart Rd - V739,V739.1,,,354771,354771,0,0,0
2022,Thoroughfares,163,2012 Bonds,Highland Rd from Ferguson to N. of Entrance to Primrose - S611,S611.1,2022,2022,0,1058,1058,0,0
2022,Thoroughfares,163,2017 Bonds,Highland Rd from Ferguson to N. of Entrance to Primrose - S611,S611.2,2022,2022,97311,91409,(5902),0,0
2022,Hike and Bike Trails,163,Other GO CIP - Non-Debt,Hike and Bike Trails- W477,W477.1,,,456487,456487,0,0,0
2022,Hike and Bike Trails,163,2006 Bonds,Hike and Bike Trails- W660,W660.1,,,285000,285000,0,0,0
2022,Hike and Bike Trails,163,2012 Bonds,Hike and Bike Trails- W660,W660.2,,,9999,9999,0,0,0
2022,Hike and Bike Trails,163,Other GO CIP - Non-Debt,Hike and Bike Trails- W660,W660.3,2022,2022,568236,1005000,436764,0,0
2022,Street Resurfacing,163,2017 Bonds,Hillcrest Rd from McCallum Blvd to Riseden Dr - V965,V965.1,,,814911,814911,0,0,0
2022,Alley Reconstruction,163,2017 Bonds,Hilton Head Dr & Harbor Town Dr - S261,S261.1,2022,2022,19898,19801,(96),0,0
2022,Alley Reconstruction,163,2017 Bonds,Hilton Head Dr & River Hill Cir - S260,S260.1,2022,2022,6493,11834,5341,0,0
2022,Street Reconstruction,163,2017 Bonds,Hodde St from Woodmont Dr to N Jim Miller Rd - V204,V204.1,2022,2022,177528,1632241,1454713,0,0
2022,Street Resurfacing,163,2017 Bonds,Holland Ave from Turtle Creek Blvd to Bowser Ave - V836,V836.1,2022,2022,75040,135037,59997,0,0
2022,Target Neighborhood,163,2012 Bonds,Holly Hill from Phoenix to Pineland - S604,S604.1,,,40559,40559,0,0,0
2022,Target Neighborhood,164,2017 Bonds,Holly Hill from Phoenix to Pineland - S604,S604.2,2022,2022,1183756,1166039,(17717),0,0
2022,Street Petitions,164,2017 Bonds,Hord Ave. - Moler St. To Brandon St. - V181,V181.1,2022,2023,135286,850000,(96),"714,810",0
2022,Target Neighborhood,164,2012 Bonds,Hughes Lane from Churchill Way to Lafayette Way - S605,S605.1,,,23945,23945,0,0,0
2022,Target Neighborhood,164,2017 Bonds,Hughes Lane from Churchill Way to Lafayette Way - S605,S605.2,2022,2022,1127041,1125714,(1327),0,0
2022,Sidewalk and Barrier Free Ramp Improvements,164,2012 Bonds,Hughes Lane from LaFayette Way to the Alley North of Linden - S413,S413.1,2022,2022,8606,8666,60,0,0
2022,Street Reconstruction,164,2017 Bonds,Hughes Ln from Wilderness Ct to Preston Rd - V224,V224.1,2022,2023,121507,925109,(2287),"805,889",0
2022,Street Reconstruction,164,2012 Bonds,Imperial St From Bertrand Ave To Lagow S - S436,S436.1,2022,2022,11356,29535,18179,0,0
2022,Traffic Signals,164,Capital Projects Reimbursement,Inwood Intersection Traffic Signal Modifications - W258,W258.1,2022,2022,13725,20703,6978,0,0
2022,Streetscape- Urban Design,164,2017 Bonds,Jefferson Blvd From Adams Ave To Polk St - V988,V988.1,2022,2023,138942,2005215,(277),"1,866,550",0
2022,Target Neighborhood,164,2017 Bonds,Jefferson-Twelfth Connector Lane Diet- Removal - V990,V990.1,2022,2022,290559,2022460,1731902,0,0
2022,Street Reconstruction,165,2017 Bonds,Joyce Way from Thackery St to Hillcrest Rd - V230,V230.1,2022,2022,797528,889347,91818,0,0
2022,Street Resurfacing,165,2017 Bonds,Judge Dupree Dr from Gentle River Dr to Silverhill Dr - V562,V562.1,2022,2022,107899,116143,8244,0,0
2022,Intergovernment al Partnership Projects,165,2006 Bonds,Katy Trail-Skillman- White - R276,R276.1,2022,2022,30980,34642,3663,0,0
2022,Intergovernment al Partnership Projects,165,2012 Bonds,Keller Springs / Preston / Westgrove - S401,S401.1,2022,2022,27726,34254,6528,0,0
2022,Street Resurfacing,165,2017 Bonds,Kelsey Rd from Inwood Rd to Meaders Ln - V690,V690.1,2022,2022,493911,414488,(79422),0,0
2022,Street Reconstruction,165,2017 Bonds,Kernack St From Phinney Ave To Burns Ave - V237,V237.1,2022,2023,88250,760633,(96),"672,479",0
2022,Traffic Signals,165,Capital Projects Reimbursement,Kiest Blvd & Ledbetter Dr Interesection - W228,W228.1,2022,2022,13993,23204,9211,0,0
2022,Sidewalk and Barrier Free Ramp Improvements,165,2017 Bonds,Kimball Neighborhood Plus Target Area Sidewalk and Barrier Free Ramp Improvements - V148,V148.1,2022,2022,372640,372544,(96),0,0
2022,Alley Petitions,165,2017 Bonds,La Rue St. And Wyoming St. - Cockrell Hill Rd. To La Rue St. - V002,V002.1,2022,2022,211433,206084,(5349),0,0
2022,Hike and Bike Trails,166,2012 Bonds,Lake Highlands Trail From White Rock Creek Trail to Skillman - S617,S617.1,,,1102,1102,0,0,0
2022,Complete Street,166,2012 Bonds,Lamar (S) from IH 45 to Hatcher - S396,S396.1,2022,2022,32895,32702,(193),0,0
2022,Streetscape- Urban Design,166,2006 Bonds,Lamar Streetscape Project - W045,W045.1,2022,2022,0,314201,314201,0,0
2022,Streetscape- Urban Design,166,2017 Bonds,Lamar Streetscape Project - W045,W045.2,2022,2022,320932,959662,638730,0,0
2022,Street Resurfacing,166,2017 Bonds,Lamplighter Ln from Meadow Crest Dr to Del Roy Dr - V846,V846.1,2022,2022,116095,116095,(0),0,0
2022,Street Reconstruction,166,2017 Bonds,Lanshire Dr From Chiswell Rd To Audelia Rd - V269,V269.1,2022,2022,514749,1159219,644470,0,0
2022,Street Reconstruction,166,2017 Bonds,Laurel Hill Dr From Budeudy Dr To End Of Pavement - V264,V264.1,2022,2022,118431,114596,(3835),0,0
2022,Street Reconstruction,166,2017 Bonds,Laurel Hill Dr from Kleberg Rd to Budeudy Dr - V211,V211.1,2022,2022,363786,579629,215843,0,0
2022,Intergovernment al Partnership Projects,166,2017 Bonds,LBJ/Skillman Intersection Improvements - V133,V133.1,2022,2022,93728,390053,296325,0,0
2022,Street Reconstruction,166,2012 Bonds,Ledbetter Dr (E) From Kolloch Dr to Mayforge Dr - S454,S454.1,2022,2022,390,386,(4),0,0
2022,Street Reconstruction,166,2017 Bonds,Ledbetter Dr (E) From Kolloch Dr to Mayforge Dr - S454,S454.2,2022,2022,0,50217,50217,0,0
2022,Street Reconstruction,167,2017 Bonds,Lemmon Ave E from Lemmon Ave E to Oak Grove Ave - V297,V297.1,2022,2022,234666,579300,344634,0,0
2022,Street Resurfacing,167,2017 Bonds,Lemmon Ave E from Noble Ave to McKinney Ave - V904,V904.1,2022,2022,163992,163994,3,0,0
2022,Street Resurfacing,167,2017 Bonds,Lemmon Ave from Lemmon Ave to Howell St - V900,V900.1,,,98990,98990,0,0,0
2022,Street Resurfacing,167,2017 Bonds,Lemmon Ave from Reagan St to Throckmorton St - V922,V922.1,,,1135,1135,0,0,0
2022,Street Resurfacing,167,2017 Bonds,Lemmon Ave from Throckmorton St to Knight St - V944,V944.1,2022,2022,19453,256359,236906,0,0
2022,Street Reconstruction,167,2017 Bonds,Lenel PL (Partnership with District 2) from Clover Ln to Wemdon Dr - V208,V208.1,2022,2022,995627,984494,(11133),0,0
2022,Street Reconstruction,167,2017 Bonds,Lenel Pl [Partnership with District 6] From Clover Ln To Wemdon Dr - V240,V240.1,2022,2022,1101447,1087686,(13761),0,0
2022,Street Reconstruction,167,2017 Bonds,Lenel Pl From Lively Ln To Clover Ln - V258,V258.1,2022,2022,1358402,1358306,(96),0,0
2022,Street Reconstruction,167,2017 Bonds,Lenel Pl from Wemdon Dr to Mixon Dr - V207,V207.1,2022,2022,1516265,1673754,157489,0,0
2022,Street Resurfacing,168,2017 Bonds,Linkwood Dr from Ferndale Rd to Lockhaven Dr - V741,V741.1,2022,2022,153952,153955,3,0,0
2022,Street Resurfacing,168,2017 Bonds,Lippitt Ave from Jupiter Rd to Mayfair Blvd - V715,V715.1,,,121043,121043,0,0,0
2022,Street Resurfacing,168,2017 Bonds,Lippitt Ave from Sahara Way to Neering Dr - V673,V673.1,,,60711,60711,0,0,0
2022,Street Resurfacing,168,2017 Bonds,Lockhart Ave from Rustown Dr to Shiloh Dr - V775,V775.1,2022,2022,622739,590956,(31784),0,0
2022,Street Reconstruction,168,2017 Bonds,Lockhaven Dr From E Northwest Hwy To Lockyer Dr - V271,V271.1,2022,2022,376210,463506,87296,0,0
2022,Street Reconstruction,168,2017 Bonds,Lockhaven Dr From Lockyer Dr To Lynford Dr - V270,V270.1,2022,2022,486101,485577,(524),0,0
2022,Street Reconstruction,168,2017 Bonds,Lockhaven Dr from Lynford Dr to Lanshire Dr - V218,V218.1,2022,2022,232964,272637,39673,0,0
2022,Street Resurfacing,168,2017 Bonds,Loree Dr from Carnegie Dr to Mercer Dr - V778,V778.1,2022,2022,57110,57110,1,0,0
2022,Street Resurfacing,168,2017 Bonds,Loving Ave from Pasadena Ave to Winsted - V706,V706.1,,,45703,45703,0,0,0
2022,Street Resurfacing,168,2017 Bonds,Loving Ave from Shook Ave to Wildgrove Ave - V687,V687.1,,,75938,75938,0,0,0
2022,Street Reconstruction,169,2017 Bonds,Lynford Dr from Ferndale Rd to Lockhaven Dr - V219,V219.1,2022,2022,539839,744145,204306,0,0
2022,Sidewalk Improvements,169,2017 Bonds,Main St From Good Latimer To Exposition - S397,S397.1,2022,2022,5198,58780,53583,0,0
2022,Street Reconstruction,169,2012 Bonds,Maple Ave From 700 South Of Mockingbird Ln To Mockingbird Ln - S316,S316.1,,,3512,3512,0,0,0
2022,Street Reconstruction,169,2017 Bonds,Maple Ave From 700 South Of Mockingbird Ln To Mockingbird Ln - S316,S316.2,2022,2022,12742,32036,19294,0,0
2022,Thoroughfares,169,2017 Bonds,Maple Ave From Mahon St To Cedar Springs Rd - V314,V314.1,2022,2022,532226,532130,(96),0,0
2022,Street Reconstruction,169,2017 Bonds,Maple Ave from McKinney Ave to Mahon St - V298,V298.1,2022,2022,882124,867552,(14572),0,0
2022,Thoroughfares,169,2017 Bonds,Maple Ave From Randall St To Wolf St - V315,V315.1,2022,2022,894716,1063671,168954,0,0
2022,Street Resurfacing,169,2017 Bonds,Maple Routh Conn from Thomas Ave to McKinney Ave - V917,V917.1,,,139430,139430,0,0,0
2022,Street Reconstruction,169,2017 Bonds,Marfa Ave From Biglow St To Easter Ave - V251,V251.1,2023,2023,16415,856554,0,"840,139",0
2022,Street Reconstruction,169,2017 Bonds,Marfa Ave from Fernwood Ave to S Lancaster Rd - V201,V201.1,2022,2023,23983,1245849,163,"1,221,703",0
2022,Street Resurfacing,170,2017 Bonds,Marlin Dr from Modlin St to La Prada Dr - V711,V711.1,,,175136,175136,0,0,0
2022,Street Reconstruction,170,2006 Bonds,Mayforge Dr From Le Forge Ave to E Ledbe - S455,S455.1,2022,2022,0,4,4,0,0
2022,Street Reconstruction,170,2012 Bonds,Mayforge Dr From Le Forge Ave to E Ledbe - S455,S455.2,2022,2022,195,191,(4),0,0
2022,Street Reconstruction,170,2017 Bonds,Maywood Ave from Frio Dr to S Denley Dr - V202,V202.1,2022,2022,1112220,2036050,923830,0,0
2022,Sidewalk and Barrier Free Ramp Improvements,170,2017 Bonds,Mc Kinney Ave Pedestrian Safety Improvement - V171,V171.1,2022,2023,29381,750000,4020,"716,599",0
2022,Street Reconstruction,170,2017 Bonds,McCommas Blvd from McMillan Ave to Worcola St - V233,V233.1,2022,2022,116956,610018,493062,0,0
2022,Street Resurfacing,170,2017 Bonds,McKinney Ave from Allen St to Oak Grove Ave - V972,V972.1,,,117752,117752,0,0,0
2022,Street Resurfacing,170,2017 Bonds,McKinney Ave from Boll St to Worthington St - V974,V974.1,,,116797,116797,0,0,0
2022,Street Resurfacing,170,2017 Bonds,McKinney Ave from Fairmount St to Routh St - V975,V975.1,,,118889,118889,0,0,0
2022,Street Resurfacing,170,2017 Bonds,McKinney Ave from Maple Routh Conn to Leonard St - V979,V979.1,,,67159,67159,0,0,0
2022,Street Resurfacing,171,2017 Bonds,McKinney Ave from N Hall St to Lemmon Ave - V976,V976.1,,,155516,155516,0,0,0
2022,Street Resurfacing,171,2017 Bonds,McKinney Ave from Routh St to Boll St - V973,V973.1,,,112333,112333,0,0,0
2022,Street Resurfacing,171,2017 Bonds,McKinney Ave from Worthington St to Allen St - V978,V978.1,,,128351,128351,0,0,0
2022,Intergovernment al Partnership Projects,171,2017 Bonds,McKinney Ave/Cole Two Way Conversion - V137,V137.1,2022,2023,336841,8006876,(5207),"7,675,241",0
2022,Street Reconstruction,171,2017 Bonds,Meadow Crest Dr From Inwood Road To Lamplighter Lane - V286,V286.1,2022,2022,757489,783509,26020,0,0
2022,Street Reconstruction,171,2017 Bonds,Meadow Park Dr from Stone Canyon Rd to Regal Park Ln - V225,V225.1,2022,2023,109436,778815,(6208),"675,587",0
2022,Street Resurfacing,171,2017 Bonds,Meandering Way from Alpha Rd to Purple Sage Rd - V910,V910.1,,,140843,140843,0,0,0
2022,Thoroughfares,171,2017 Bonds,Merit Dr From Clodus Fields Dr To Churchill Way - V311,V311.1,2022,2023,273955,2559840,(10171),"2,296,056",0
2022,Thoroughfares,171,2017 Bonds,Merit From Church Hill Way To LBJ - V302,V302.1,2022,2023,309534,3000010,(312),"2,690,788",0
2022,Street Resurfacing,171,2017 Bonds,Michigan Ave from E Illinois Ave to E Oh - V321,V321.1,,,76150,76150,0,0,0
2022,Street Resurfacing,172,2017 Bonds,Middlebury Dr from Rockhurst Dr to Rutgers Dr - V754,V754.1,,,30596,30596,0,0,0
2022,Street Resurfacing,172,2017 Bonds,Middlebury Dr from Rutgers Dr to Haverford Dr - V566,V566.1,,,106570,106570,0,0,0
2022,Traffic Signals,172,Capital Projects Reimbursement,Midway and Merrill Traffic Signal Reconstruction - W638,W638.1,2022,2022,0,200000,200000,0,0
2022,Street Reconstruction,172,2017 Bonds,Milhof Dr From Barnes Bridge Rd To Plummer Dr - V267,V267.1,2022,2022,730922,1030121,299199,0,0
2022,Street Reconstruction,172,2017 Bonds,Military Parkway from Elva Ave to Rockbluff Dr (Complete Street) - V989,V989.1,2022,2023,275491,2000726,(1657),"1,726,892",0
2022,Street Reconstruction,172,2017 Bonds,Mimosa Ln from Edgemere Rd to Hillcrest Rd - V231,V231.1,2022,2022,1302611,1562892,260281,0,0
2022,Complete Street,172,2012 Bonds,MLK from RB Cullum to SM Wright - S398,S398.1,2022,2022,0,193,193,0,0
2022,Intergovernment al Partnership Projects,172,2006 Bonds,Modern Streetcar Extension - W072,W072.1,2022,2022,522,2000,1478,0,0
2022,Street Resurfacing,172,2017 Bonds,Modlin St from Hillglenn Rd to Marlin Dr - V674,V674.1,,,93570,93570,0,0,0
2022,Street Reconstruction,172,2017 Bonds,Montague Ave from Yewpon Ave to Ramona - V203,V203.1,2022,2023,148004,1047769,(228),"899,994",0
2022,Thoroughfares,173,2017 Bonds,Morgan Dr From Plaza Blvd To Nandina Dr - V308,V308.1,2022,2023,268287,692777,(324),"424,813",0
2022,Street Resurfacing,173,2017 Bonds,Morningside Ave from Worcola St to Greenville Ave - V819,V819.1,,,189920,189920,0,0,0
2022,Thoroughfares,173,2017 Bonds,Morrell Ave From Bonnie View Rd To High St - V306,V306.1,2022,2023,126773,454474,(453),"328,155",0
2022,Intergovernment al Partnership Projects,173,2006 Bonds,Motor St - IH 35E to Medical Center Dr - U222,U222.1,,,477181,477181,0,0,0
2022,Intergovernment al Partnership Projects,173,2017 Bonds,Motor St - IH 35E to Medical Center Dr - U222,U222.2,2022,2022,48259,528075,479815,0,0
2022,Street Reconstruction,173,2017 Bonds,Murray St From Main St To Canton St - V241,V241.1,2022,2022,656825,1036342,379516,0,0
2022,Street Reconstruction,173,2017 Bonds,Myers Cir from Myers Cir to Elam Rd - V212,V212.1,2022,2022,116192,1031268,915076,0,0
2022,Target Neighborhood,173,2017 Bonds,N Arcadia Dr From S Ira Ave S Tillery Ave - V998,V998.1,2022,2022,123757,122074,(1683),0,0
2022,Street Reconstruction,173,2017 Bonds,N Cliff St From Hutchins Ave To Reverend Cbt Smith St - V252,V252.1,2022,2022,68147,448801,380655,0,0
2022,Street Resurfacing,173,2017 Bonds,N Fitzhugh Ave from Abbott Ave to Turtle Creek Bnd - V905,V905.1,2022,2022,190141,190143,3,0,0
2022,Street Reconstruction,173,2017 Bonds,N Fitzhugh Ave from McKinney Ave to Cole Ave - V299,V299.1,2022,2023,106768,956630,(2526),"852,387",0
2022,Thoroughfares,174,2017 Bonds,N Hall St From Cochran St To Central Expwy Srv Rd - V318,V318.1,2022,2022,441500,439139,(2361),0,0
2022,Street Resurfacing,174,2017 Bonds,N Hall St from Floyd St to Swiss Ave - V881,V881.1,,,58790,58790,0,0,0
2022,Street Resurfacing,174,2017 Bonds,N Hall St from Gaston Ave to Floyd St - V869,V869.1,,,116665,116665,0,0,0
2022,Thoroughfares,174,2017 Bonds,N Hall St From Munger Ave To Cochran St - V317,V317.1,2022,2022,516633,512074,(4559),0,0
2022,Street Resurfacing,174,2017 Bonds,N Hall St from Oak Lawn Ave to Reagan St - V838,V838.1,2022,2022,50000,138871,88871,0,0
2022,Thoroughfares,174,2017 Bonds,N Hall St From Ross Ave To Munger Blvd - V316,V316.1,2022,2022,1185740,1183983,(1758),0,0
2022,Street Resurfacing,174,2017 Bonds,N Hampton Rd from I-30 W Commerce St - V969,V969.1,,,955255,955255,0,0,0
2022,Target Neighborhood,174,2017 Bonds,N Ira Ave From N Arcadia Dr To W Jefferson Blvd - V999,V999.1,2022,2022,94198,92515,(1683),0,0
2022,Street Reconstruction,174,2017 Bonds,N Lancaster Ave From E. Colorado Blvd To Addison St - V238,V238.1,2022,2023,71165,415482,(472),"344,789",0
2022,Street Reconstruction,174,2017 Bonds,N Morocco Ave From Goodman St To N Justin Ave - V259,V259.1,2022,2023,99122,700276,(1950),"603,103",0
2022,Street Resurfacing,174,2017 Bonds,N Munger Blvd from Gaston Ave to Live Oak - V915,V915.1,2022,2022,0,620165,620165,0,0
2022,Street Reconstruction,175,2017 Bonds,N Munger Blvd from Junius St to Gaston Ave - V301,V301.1,2022,2022,121570,848539,726969,0,0
2022,Street Reconstruction,175,2017 Bonds,N Munger Blvd from Tremont St to Worth St - V300,V300.1,2022,2022,118710,695402,576692,0,0
2022,Thoroughfares,175,2017 Bonds,N Munger Blvd From Worth St To Junius St - V319,V319.1,2022,2022,116338,620156,503818,0,0
2022,Streetscape- Urban Design,175,2017 Bonds,N Pearl St/Flora St Streetscape & Pedestrian Improvements - V982,V982.1,2022,2023,0,923866,514769,"409,097",0
2022,Street Reconstruction,175,2017 Bonds,N Walton St From Elm St To End Of Pavement - V242,V242.1,2022,2022,546401,902933,356532,0,0
2022,Street Reconstruction,175,2017 Bonds,Nagle St from Denton Dr to Overlake Dr - V209,V209.1,2022,2023,192705,1126804,(1973),"936,072",0
2022,Street Resurfacing,175,2017 Bonds,Neering Dr from Lippitt Ave to Lanewood Cir - V700,V700.1,,,76619,76619,0,0,0
2022,Street Resurfacing,175,2017 Bonds,Norcross Ln from Castlegate Dr to Marsh Ln - V842,V842.1,2022,2022,209989,525317,315328,0,0
2022,Target Neighborhood,175,2017 Bonds,North Boulevard Terrace Extension- Bridget To Plymouth - V991,V991.1,2022,2022,474675,458545,(16130),0,0
2022,Street Resurfacing,175,2017 Bonds,Northaven Rd from Marsh Ln to Cox Ln - V568,V568.1,,,372361,372361,0,0,0
2022,Street Reconstruction,175,2017 Bonds,Northaven Rd from Royalshire Dr to Crest Brook Dr - V226,V226.1,2022,2022,92760,801232,708472,0,0
2022,Thoroughfares,176,2017 Bonds,Northbound S Westmoreland At Kimball High Sch Parking Lot - V304,V304.1,2022,2022,1381448,1381094,(354),0,0
2022,Street Resurfacing,176,2017 Bonds,Northcliff Dr from Bondstone Dr to Classen Dr - V729,V729.1,2022,2022,89090,89093,3,0,0
2022,Street Reconstruction,176,2017 Bonds,Northcreek Ln from L B J Serv N to End of Pavement - V227,V227.1,2023,2023,92339,796887,0,"704,548",0
2022,Street Resurfacing,176,2017 Bonds,Northlake Dr from Coolair Dr to Kirkwood Dr - V764,V764.1,2022,2022,340915,458317,117402,0,0
2022,Street Resurfacing,176,2017 Bonds,Northlake Dr from Kirkwood Dr to Hambrick Rd - V766,V766.1,2022,2022,327404,311674,(15730),0,0
2022,Intergovernment al Partnership Projects,176,2017 Bonds,Northwest Highway/Preston Parking/ Transportation Interface - V141,V141.1,2022,2023,10033,10000000,1089967,"8,900,000",0
2022,Sidewalk and Barrier Free Ramp Improvements,176,2017 Bonds,Oak Lawn-Cedar Springs Area Improvements - V156,V156.1,2022,2022,515171,515075,(96),0,0
2022,Street Reconstruction,176,2017 Bonds,Oak Plaza from Kleberg Rd to End of Pavement - V213,V213.1,2022,2022,376498,743577,367079,0,0
2022,Street Resurfacing,176,2017 Bonds,Old Gate Ln from San Leandro Dr to Groveland Dr - V672,V672.1,,,50009,50009,0,0,0
2022,Traffic Signals,177,Capital Projects Reimbursement,Pacific Plaza Traffic Signal Upgrade - W311,W311.1,2022,2022,639971,375000,(264971),0,0
2022,Alley Petitions,177,2017 Bonds,Palo Pinto Ave. And Velasco Ave - Concho St. To Skillman St - V006,V006.1,2022,2023,95915,175831,(890),"80,806",0
2022,Alley Reconstruction,177,2017 Bonds,Park Grove Ln (18627-18851) and Kirkmead - S294,S294.1,2022,2022,15610,10956,(4654),0,0
2022,Intergovernment al Partnership Projects,177,2017 Bonds,Park Lane - US 75 to Greenville - U227,U227.1,2022,2022,184473,161919,(22554),0,0
2022,Street Reconstruction,177,2006 Bonds,Park Lane - US 75 to Greenville - U227,U227.2,,,512,512,0,0,0
2022,Intergovernment al Partnership Projects,177,2006 Bonds,Park Lane from Boedecker to US75 - U226,U226.1,,,1947,1947,0,0,0
2022,Intergovernment al Partnership Projects,177,2017 Bonds,Park Lane from Boedecker to US75 - U226,U226.2,2022,2022,1150215,1846444,696229,0,0
2022,Street and Alley Improvements,177,2017 Bonds,Park Lane from Greenville to Fair Oaks - V899,V899.1,2022,2022,0,558541,558541,0,0
2022,Street Resurfacing,177,2017 Bonds,Park Lane from Greenville to Fair Oaks - V899,V899.2,2022,2022,0,558541,558541,0,0
2022,Street Resurfacing,177,2017 Bonds,Park Ln from Hillcrest Rd to Sarah Nash Ct - V930,V930.1,2022,2022,1630835,1624624,(6211),0,0
2022,Street Reconstruction,178,2017 Bonds,Park Manor Dr From Simpson Stuart Rd To Happy Canyon Dr - V265,V265.1,2022,2022,165588,164784,(804),0,0
2022,Street and Alley Improvements,178,2017 Bonds,Park Row Ave From South Central Expy to Jeffries St- Lighting - V175,V175.1,2022,2022,0,424000,424000,0,0
2022,Street Resurfacing,178,2017 Bonds,Pearson Dr from Avalon Ave to Lakewood Blvd - V702,V702.1,,,85304,85304,0,0,0
2022,Streetscape- Urban Design,178,2017 Bonds,Pedestrian Way On Elm St Between Ervay - Stone St - U748,U748.1,2022,2022,0,466934,466934,0,0
2022,Thoroughfares,178,2017 Bonds,Pemberton Hill from Great Trinity Forest - VA10,VA10.1,2022,2023,9233743,14064399,(43580),"4,874,236",0
2022,Target Neighborhood,178,2017 Bonds,Phoenix from Fair Oaks to Holly Hill - S609,S609.1,2022,2022,856644,857623,979,0,0
2022,Street Reconstruction,178,2017 Bonds,Pierce St from St Rita Dr to W Kiest Blvd - V196,V196.1,2022,2022,156244,1377905,1221661,0,0
2022,Intergovernment al Partnership Projects,178,2017 Bonds,Prairie Creek Bridge over UPRR Tracks - V143,V143.1,2022,2023,686642,9200000,5049859,"3,463,499",0
2022,Street Reconstruction,178,2017 Bonds,Preakness Ln from Polarity Dr to S Walton Walker Serv E - V197,V197.1,2022,2022,164040,1437509,1273469,0,0
2022,Street Resurfacing,178,2017 Bonds,Princess Ln from Marquis Ln to Marsh Ln - V697,V697.1,2022,2022,830311,830314,3,0,0
2022,Street Resurfacing,179,2017 Bonds,Province Ln from Tellerson Ave to Casa Oaks Dr - V691,V691.1,,,211631,211631,0,0,0
2022,Public Art,179,2017 Bonds,Public Art Administration- Public Works - PA59,PA59.1,2022,2022,15710,178445,162735,0,0
2022,Public Art,179,2017 Bonds,Public Art Projects- Public Works - PA58,PA58.1,2022,2022,0,713774,713774,0,0
2022,Street Reconstruction,179,2017 Bonds,Quebec St From Sharp St To Mockingbird Ln - V260,V260.1,2022,2022,758739,803824,45086,0,0
2022,Intergovernment al Partnership Projects,179,2017 Bonds,Rail Road Crossing Quiet Zones - V142,V142.1,2022,2022,597404,543000,(54404),0,0
2022,Street Resurfacing,179,2017 Bonds,Ravendale Ln from Belford Dr to Rockaway Dr - V743,V743.1,2022,2022,206055,201627,(4427),0,0
2022,Street Reconstruction,179,2017 Bonds,Rayenell Ave from Hodde St to CF Hawn Serv S - V205,V205.1,2022,2022,226052,1735435,1509383,0,0
2022,Street Resurfacing,179,2017 Bonds,Redstart Ln from Lyre Ln to Santa Barbara Dr - V669,V669.1,,,150817,150817,0,0,0
2022,Street Resurfacing,179,2017 Bonds,Regent Dr from Cromwell Dr to Lathrop Dr - V712,V712.1,2022,2022,542781,730671,187890,0,0
2022,Thoroughfares,179,2017 Bonds,Remove Dip On Eb Royal Ln 400 Ft East Of Greenville Ave - V309,V309.1,,,12462,12462,0,0,0
2022,Street Resurfacing,180,2017 Bonds,Rexton Ln from Glennox Ln to E Lovers Ln - V797,V797.1,,,61446,61446,0,0,0
2022,Traffic Intersection Capacity & Safety Improvements,180,2017 Bonds,Richmond Ave At Skillman St Intersection Improvements - VA25,VA25.1,2022,2022,169706,366227,196521,0,0
2022,Street Resurfacing,180,2017 Bonds,Richmond Ave from Matilda St to Skillman St - V620,V620.1,2022,2022,1522243,1516309,(5934),0,0
2022,Street Petitions,180,2017 Bonds,Ridgecrest Rd. - Holly Hill Dr. To Sopac Tr E Of Eastridge - V186,V186.1,2022,2023,610806,5518294,(5189),"4,912,677",0
2022,Street Reconstruction,180,2017 Bonds,Ridgedale Ave from McMillan Ave to Worcola St - V234,V234.1,2022,2023,16879,613211,170834,"425,498",0
2022,Street Resurfacing,180,2017 Bonds,Ridgemeadow Dr from Lochwood Blvd to Midlake Dr - V738,V738.1,,,83761,83761,0,0,0
2022,Street Resurfacing,180,2017 Bonds,Ridgemont Dr from Highgate Ln to Santa Anita Dr - V723,V723.1,,,210911,210911,0,0,0
2022,Street Resurfacing,180,2017 Bonds,Ring St from East Grand Ave to Hay St - V713,V713.1,,,63093,63093,0,0,0
2022,Street Resurfacing,180,2017 Bonds,Rio Grande Cir from Rio Grande Ave to Kimball Ridge Dr - V595,V595.1,,,194879,194879,0,0,0
2022,Street Resurfacing,180,2017 Bonds,Rio Verde Way from Shiloh Rd to Kilkirk Ln - V652,V652.1,2022,2022,209571,209574,3,0,0
2022,Intergovernment al Partnership Projects,181,2017 Bonds,Riverfront From Uppr Tracks To Cadiz - V134,V134.1,2022,2022,33600,4600000,4566400,0,0
2022,Street Reconstruction,181,2017 Bonds,Rolling Rock Ln from Hackney Ln to Fern Hollow Dr - V220,V220.1,2022,2023,110731,525396,(247),"414,912",0
2022,Target Neighborhood,181,2017 Bonds,Rosemont Rd From Buckner To Hillburn - V996,V996.1,2022,2023,196380,3268677,(96),"3,072,393",0
2022,Target Neighborhood,181,2017 Bonds,Rosemont Rd From Hillburn To Jim Miller - V997,V997.1,2022,2023,443813,928443,(96),"484,726",0
2022,Sidewalk and Barrier Free Ramp Improvements,181,2017 Bonds,Rothington Rd From Chariot Dr To S Buckner Blvd - V166,V166.1,2022,2022,0,41001,41001,0,0
2022,Streetscape- Urban Design,181,2017 Bonds,Routh St Gateway Streetscape And Pedestian Improvements - V983,V983.1,2022,2022,0,200000,200000,0,0
2022,Streetscape- Urban Design,181,2017 Bonds,Routh St Gateway Streetscape And Pedestian Improvements - V983,V983.2,2022,2022,13189,50000,36811,0,0
2022,Street Resurfacing,181,2017 Bonds,Royal Ln from Ashcroft Ave to Greenville Ave - V967,V967.1,,,0,0,0,0,0
2022,Street Resurfacing,181,2017 Bonds,Royal Ln from Brockbank Dr to Coogan Dr - V923,V923.1,,,794080,794080,0,0,0
2022,Street Resurfacing,181,2017 Bonds,Royal Ln from Cromwell Dr to Marsh Ln - V891,V891.1,2022,2022,0,0,(0),0,0
2022,Street Resurfacing,182,2017 Bonds,Royal Ln from Harry Hines Blvd to Grissom Ln - V951,V951.1,2022,2022,612808,611396,(1412),0,0
2022,Street Reconstruction,182,2017 Bonds,Rugged Dr from Berkley Ave to Ferndale Ave - V189,V189.1,2022,2022,657242,957813,300571,0,0
2022,Street Resurfacing,182,2017 Bonds,Ruidosa Ave from Featherbrook Dr to Cotillion Dr - V727,V727.1,2022,2022,195933,198501,2568,0,0
2022,Street Reconstruction,182,2017 Bonds,S Murdeaux Ln from Great Trinity Forest Way to Olusta Dr - V214,V214.1,2022,2022,77533,702172,624639,0,0
2022,Street Reconstruction,182,2017 Bonds,S Patton Ave from E 10th St to E. Jefferson Blvd - V190,V190.1,2022,2022,486208,485920,(288),0,0
2022,Street Reconstruction,182,2017 Bonds,S Van Buren Ave from W Pembroke Ave to Page Ave - V191,V191.1,2022,2022,577870,597482,19612,0,0
2022,Street Resurfacing,182,2017 Bonds,San Diego Dr from Shiloh Rd to Santa Anna Ave - V782,V782.1,2022,2022,543627,543630,3,0,0
2022,Street Reconstruction,182,2017 Bonds,San Jacinto St From N Pearl St To Crockett St - V291,V291.1,2022,2023,83048,423993,(1129),"342,074",0
2022,Street Resurfacing,182,2017 Bonds,San Juan Ave from Newcombe Dr to Crest Ridge Dr - V772,V772.1,,,230546,230546,0,0,0
2022,Street Resurfacing,182,2017 Bonds,San Marcus Ave from Lingo Ln to Ferguson Rd - V703,V703.1,,,154213,154213,0,0,0
2022,Street Resurfacing,183,2017 Bonds,Santa Anna Ave from Shiloh Rd to Vista Mar Dr - V747,V747.1,2022,2022,188057,204188,16131,0,0
2022,Street Resurfacing,183,2017 Bonds,Santa Barbara Dr from Santa Maria Ln to E Mockingbird Ln - V771,V771.1,2022,2022,181456,177833,(3623),0,0
2022,Street Resurfacing,183,2017 Bonds,Santa Fe Ave from Clermont Ave to Monte Vista Dr - V817,V817.1,,,61294,61294,0,0,0
2022,Street Resurfacing,183,2017 Bonds,Santa Fe Ave from Cordova St to Clermont Ave - V826,V826.1,,,85868,85868,0,0,0
2022,Street Reconstruction,183,2017 Bonds,Sapling Way From Clearsprings Rd To Greenhollow Ln - V281,V281.1,,,46672,46672,0,0,0
2022,Street Reconstruction,183,2017 Bonds,Shaw St from Navaro St to Harston St - V210,V210.1,2022,2023,121448,979496,(1031),"859,080",0
2022,Sidewalk and Barrier Free Ramp Improvements,183,2017 Bonds,Sidewalks 50/50 And ADA Ramps - V146,V146.1,2022,2022,3848083,3631484,(216600),0,0
2022,Street Resurfacing,183,2017 Bonds,Silverton Dr from Caraway Dr to Webb Chapel Rd - V633,V633.1,2022,2022,326758,326761,3,0,0
2022,Street Resurfacing,183,2017 Bonds,Sinclair Ave from Jupiter Rd to Gaston Pkwy - V746,V746.1,,,261349,261349,0,0,0
2022,Street Resurfacing,183,2017 Bonds,Sinclair Ave from Sunland St to Jupiter Rd - V681,V681.1,,,340303,340303,0,0,0
2022,Public/Private Development,184,2017 Bonds,Skillman at Walnut Hill (Complete Street) -VA22,VA22.1,2022,2022,0,209747,209747,0,0
2022,Street Resurfacing,184,2017 Bonds,Skillman St from Richmond Ave to Llano Ave - V907,V907.1,2022,2022,2386,657106,654720,0,0
2022,Street and Alley Improvements,184,2017 Bonds,South Blvd From South Central Expy To Meadow St Lighting - V176,V176.1,2022,2022,0,600053,600053,0,0
2022,Street Petitions,184,2017 Bonds,South Ewing Ave From Sleeth St To Ann Arbor Ave - V188,V188.1,2022,2022,848274,903458,55183,0,0
2022,Street Resurfacing,184,2017 Bonds,Springhill Dr from Mercer Dr to Stanwood Dr - V832,V832.1,,,77004,77004,0,0,0
2022,Street Resurfacing,184,2017 Bonds,State St from Routh St to Boll St - V789,V789.1,2022,2022,98958,156285,57328,0,0
2022,Street Lighting,184,2017 Bonds,"Street Illumination Construction, Replacement, or Upgrade - VA41",VA41.1,2022,2022,0,2150000,2150000,0,0
2022,Street and Alley Improvements,184,2017 Bonds,Street Lights At Parkdale Dr And Lawnview Ave - V177,V177.1,2022,2022,0,16000,16000,0,0
2022,Street and Alley Improvements,184,2017 Bonds,Street Lights Wendelkin St - V178,V178.1,2022,2022,0,112000,112000,0,0
2022,Street and Alley Improvements,184,2017 Bonds,Street Lights Within Claremont Neighborhood - V179,V179.1,2022,2022,0,600000,600000,0,0
2022,Street Reconstruction,184,2012 Bonds,Superior St From Catherine To W. Clarendon - S444,S444.1,2022,2022,195,0,(195),0,0
2022,Street Resurfacing,185,2017 Bonds,Sylvania Dr from Sinclair Ave to Vinemont St - V807,V807.1,2022,2022,184744,184744,(0),0,0
2022,Street Resurfacing,185,2017 Bonds,Syracuse Dr from Wake Forrest Dr to Wake Forrest Dr - V804,V804.1,,,240512,240512,0,0,0
2022,Street Resurfacing,185,2017 Bonds,Terry St from S Haskell Ave to S Peak St - V811,V811.1,2022,2022,150260,148808,(1452),0,0
2022,Traffic Signals,185,Capital Projects Reimbursement,Traffic Signal at Cantegral and Live Oak - W437,W437.1,2022,2022,236061,242059,5999,0,0
2022,Traffic Signals,185,2017 Bonds,Traffic Signal Construction - VA40,VA40.1,2022,2023,0,10000000,7950616,"2,049,384",0
2022,Traffic Intersection Capacity & Safety Improvements,185,2017 Bonds,Traffic Signal Infrastrucure Asset Management - VA42,VA42.1,2022,2022,0,350000,350000,0,0
2022,Traffic Signals,185,2017 Bonds,Traffic Signal Installations - VA28,VA28.1,2022,2022,(2500632),0,2500632,0,0
2022,Traffic Signals,185,2017 Bonds,Traffic Signal Installations - VA28,VA28.2,2022,2023,11961716,19834150,4906231,"2,966,202",0
2022,Traffic Signals,185,2017 Bonds,Traffic Signal Synchronization Project - VA27,VA27.1,2022,2022,142500,7548725,7406225,0,0
2022,Street Resurfacing,185,2017 Bonds,Trammel Dr from Bennington Dr to Clemson Dr - V841,V841.1,,,369045,369045,0,0,0
2022,Street Resurfacing,185,2017 Bonds,Trammel Dr from Clemson Dr to E Northwest HWY - V806,V806.1,2022,2022,449059,456279,7219,0,0
2022,Street Resurfacing,186,2017 Bonds,Trammel Dr from Fisher Rd to Bennington Dr - V791,V791.1,2022,2022,637452,856857,219405,0,0
2022,Alley Reconstruction,186,2017 Bonds,Tree Shadow Trl (5902-5942) And Flintshire Ct - S307,S307.1,2022,2022,13334,12231,(1103),0,0
2022,Street Petitions,186,2017 Bonds,Trojan St. - Burma Rd. To Fellows Ln. - V185,V185.1,2022,2023,105281,1090000,(1064),"985,782",0
2022,Street Resurfacing,186,2017 Bonds,Tuscany Way from Sinclair Ave to Lippitt Ave - V818,V818.1,,,150337,150337,0,0,0
2022,Target Neighborhood,186,2017 Bonds,Upton St From I-35 E To 12th St - V995,V995.1,2023,2023,53990,1522200,0,"1,468,210",0
2022,Intergovernment al Partnership Projects,186,2017 Bonds,US 75/ Mockingbird/ Lovers Lane Pedestrian Improvements- V144,V144.1,2022,2022,0,1089679,1089679,0,0
2022,Intergovernment al Partnership Projects,186,2017 Bonds,US 75/ Mockingbird/ Lovers Lane Pedestrian Improvements- V144,V144.2,2022,2022,20459,20363,(96),0,0
2022,Intergovernment al Partnership Projects,186,2017 Bonds,UT Southwestern Medical District - V140,V140.1,2022,2023,0,7500000,3515393,"3,984,607",0
2022,Traffic Signals,186,2006 Bonds,UT Southwestern- Modifications at Inwood - W313,W313.1,2022,2022,13659,87685,74026,0,0
2022,Traffic Signals,186,Capital Projects Reimbursement,UT Southwestern- Modifications at Inwood - W313,W313.2,2022,2022,40101,36042,(4059),0,0
2022,Street Resurfacing,187,2017 Bonds,Valencia St from Sevilla St to East Grand Ave - V709,V709.1,,,112504,112504,0,0,0
2022,Intergovernment al Partnership Projects,187,2006 Bonds,Valley View-Walnut - IH-635 to City Limits - U234,U234.1,,,1067,1067,0,0,0
2022,Intergovernment al Partnership Projects,187,2017 Bonds,Valley View-Walnut - IH-635 to City Limits - U234,U234.2,2022,2022,88735,86827,(1908),0,0
2022,Street Reconstruction,187,2017 Bonds,Vanette Ln From Fitzsimmons Dr To S Marsalis Ave - V253,V253.1,2022,2023,83700,561417,(96),"477,813",0
2022,Street Resurfacing,187,2017 Bonds,Viceroy Dr from King George Dr to Regal Row - V617,V617.1,2022,2022,563578,563581,3,0,0
2022,Street Resurfacing,187,2017 Bonds,Vickery Blvd from Laneri Ave to Glencoe St - V383,V383.1,2022,2022,133148,133148,(0),0,0
2022,Street Resurfacing,187,2017 Bonds,Vinemont St from Forest Grove Dr to Easton Rd - V761,V761.1,,,139881,139881,0,0,0
2022,Street Reconstruction,187,2017 Bonds,W 12th St from Briscoe Blvd to Hampton Rd - V192,V192.1,2022,2022,75958,603981,528023,0,0
2022,Street Resurfacing,187,2017 Bonds,W Bay Cir from W Lawther Dr to Branchfield Dr - V786,V786.1,2022,2022,452080,434391,(17689),0,0
2022,Street Resurfacing,187,2017 Bonds,W University Blvd from Inwood Rd to Eastern Ave - V935,V935.1,2022,2022,412836,860887,448052,0,0
2022,Street Resurfacing,187,2017 Bonds,W University Blvd from Robin Rd to Inwood Rd - V938,V938.1,2022,2022,208439,208442,3,0,0
2022,Street Resurfacing,188,2017 Bonds,Wake Forrest Dr from Lehigh Dr to Trammel Dr - V670,V670.1,2022,2022,430356,429356,(1000),0,0
2022,Traffic Signals,188,Capital Projects Reimbursement,Walnut Hill and Lennel Traffic Signal Reconstruction - W637,W637.1,2022,2022,0,175000,175000,0,0
2022,Traffic Signals,188,2017 Bonds,Walnut Hill and White Rock Trail Signal - VA43,VA43.1,2022,2022,274299,307000,32702,0,0
2022,Traffic Signals,188,Capital Projects Reimbursement,Walnut Hill and White Rock Trail Signal Reconstruction - W639,W639.1,,,28000,28000,0,0,0
2022,Traffic Intersection Capacity & Safety Improvements,188,2017 Bonds,Walnut St at Whispering Hills - VA45,VA45.1,2022,2022,0,75000,75000,0,0
2022,Street Reconstruction,188,2017 Bonds,Waneta Dr From Robin Rd To Inwood Rd - V244,V244.1,2022,2023,58562,366471,(812),"308,721",0
2022,Street Resurfacing,188,2017 Bonds,Waterview Rd from Bondstone Dr to Classen Dr - V704,V704.1,2022,2022,75433,75436,3,0,0
2022,Thoroughfares,188,2017 Bonds,Webb Chapel Rd From Silverton Dr To Northaven Rd - V313,V313.1,2022,2023,328822,3019383,(683),"2,691,244",0
2022,Street Resurfacing,188,2017 Bonds,Weeburn Dr from Marsh Ln to Cox Ln - V694,V694.1,,,370028,370028,0,0,0
2022,Gateway,188,2017 Bonds,West Dallas Gateway - S399,S399.1,2022,2022,1639239,21336594,19697355,0,0
2022,Street Reconstruction,189,2017 Bonds,Westfield Dr From Gladwood Ln To Clearwater Dr - V272,V272.1,2022,2022,402609,534794,132185,0,0
2022,Street Reconstruction,189,2017 Bonds,Westfield Dr from Woodbrook Dr to Gladwood Ln - V221,V221.1,2022,2022,439695,575991,136296,0,0
2022,Target Neighborhood,189,2017 Bonds,Westshore - Santa Fe Trail - Alley North Of Coronado - VA07,VA07.1,2022,2023,114314,7600000,(3605),"7,489,292",0
2022,Intergovernment al Partnership Projects,189,2017 Bonds,Wheatland Road From City Limits To University Hills - V145,V145.1,2022,2022,740580,1800000,1059420,0,0
2022,Street Resurfacing,189,2017 Bonds,Whittier Ave from San Benito Way to San Leandro Dr - V767,V767.1,2022,2022,87607,80228,(7379),0,0
2022,Street Resurfacing,189,2017 Bonds,Whittier Ave from Santa Clara Dr to San Benito Way - V630,V630.1,2022,2022,144751,143747,(1004),0,0
2022,Street Reconstruction,189,2017 Bonds,Willis Ave from McMillan Ave to Worcola St - V235,V235.1,2022,2022,116165,612154,495989,0,0
2022,Street Resurfacing,189,2017 Bonds,Winsted Dr from Lakeforest Ct to Pasadena Pl - V588,V588.1,,,107256,107256,0,0,0
2022,Street Resurfacing,189,2017 Bonds,Winsted Dr from Lakewood Blvd to Westlake Ave - V719,V719.1,,,66714,66714,0,0,0
2022,Street Resurfacing,189,2017 Bonds,Winsted Dr from Pasadena Pl to White Rock Rd - V635,V635.1,,,51515,51515,0,0,0
2022,Street Resurfacing,190,2017 Bonds,Winsted Dr from Westlake Ave to Meadow Lake Ave - V753,V753.1,,,63009,63009,0,0,0
2022,Street Resurfacing,190,2017 Bonds,Woodbrook Dr from Ashcroft Ave to Stillwater Dr - V593,V593.1,,,73642,73642,0,0,0
2022,Street Reconstruction,190,2017 Bonds,Woodbrook Dr From Clearwater Dr To Graywood Dr - V274,V274.1,2022,2022,235014,252982,17969,0,0
2022,Street Reconstruction,190,2017 Bonds,Woodbrook Dr From Graywood Dr To Westfield Dr - V273,V273.1,2022,2022,212129,256791,44662,0,0
2022,Street Reconstruction,190,2017 Bonds,Woodmeadow From La Prada West To The End - S320,S320.1,2022,2022,47054,46892,(162),0,0
2022,Bridge Repair and Modification,190,2012 Bonds,Woodmeadow Parkway over Long Branch - P861,P861.1,2022,2022,2463,1642,(821),0,0
2022,Street Resurfacing,190,2017 Bonds,Woodspan Dr from Emberwood Dr to Fairwood - V509,V509.1,,,1247,1247,0,0,0
2022,Street Reconstruction,190,2017 Bonds,Woodwick Dr From W Camp Wisdom Ed To Clearwood Dr - V266,V266.1,2022,2022,534865,818267,283402,0,0
2022,Sidewalk and Barrier Free Ramp Improvements,190,2017 Bonds,Wright Street From S. Oak Cliff To Edgefield - V154,V154.1,2022,2023,80239,449545,(398),"369,704",0
2022,Target Neighborhood,190,2012 Bonds,Yancy S from Carbondale St to Saipan St - S610,S610.1,2022,2022,11840,12490,650,0,0
2022,Target Neighborhood,191,2017 Bonds,Yancy S from Carbondale St to Saipan St - S610,S610.2,2022,2022,1027548,1068044,40496,0,0
2022,Street Resurfacing,191,2017 Bonds,Yorksprings Dr from Meadowspring Ln to Yorksprings Pl - V695,V695.1,2022,2022,127308,127311,3,0,0
2022,Street Resurfacing,191,2017 Bonds,Yorksprings Dr from Valley Spring Dr to Meadowspring Ln - V717,V717.1,2022,2022,208493,208496,3,0,0
2022,Relocations in Advance of Paving,198,Sewer Capital Program,86-87 Ws Rev Bond Complete - 8670,8670.1,2022,2022,0,7144857,7144857,0,0
2022,"Service Centers, Offices, and Research Facilities",198,Sewer Capital Program,Administrative Order - CS96,CS96.1,2022,2022,29035933,29038136,2203,0,0
2022,"Service Centers, Offices, and Research Facilities",198,Sewer Capital Program,Adminstrative Order - PS96,PS96.1,,,10760074,10760074,0,0,0
2022,"Service Centers, Offices, and Research Facilities",198,Water Capital Program,AMR - P291,P291.1,2022,2022,3815232,5000000,1184768,0,0
2022,Water Treatment Plants and Associated Facilities,198,Water Capital Program,Bachman Water Tr Pl - Facs - CW30,CW30.1,2022,2022,36278424,37103503,825079,0,0
2022,Water Treatment Plants and Associated Facilities,198,Water Capital Program,Bachman Water Tr Pl - Facs - PW30,PW30.1,2022,2022,63395470,62717652,(677818),0,0
2022,Water Treatment Plants and Associated Facilities,199,Water Capital Program,Bachman Water Tr Pl - Facs - PW30,PW30.2,2022,2022,52798547,59630753,6832206,0,0
2022,Water Treatment Plants and Associated Facilities,199,Water Capital Program,Bachman Water Tr Pl - Facs - PW30,PW30.3,2022,2022,47329491,62600000,14270509,0,0
2022,Wastewater Treatment Plants and Associated Facilities,199,Sewer Capital Program,Central Wastewater Treat - BS30,BS30.1,2022,2022,0,595000,595000,0,0
2022,Wastewater Treatment Plants and Associated Facilities,199,Sewer Capital Program,Central Ww Treat Pl - Faci - PS30,PS30.1,2022,2024,24670089,136735870,(6434219),"35,000,000","12,500,000"
2022,Wastewater Treatment Plants and Associated Facilities,199,Sewer Capital Program,Central Ww Treat Pl - Faci - PS30,PS30.2,2022,2022,238782887,304908053,66125167,0,0
2022,Wastewater Treatment Plants and Associated Facilities,199,Sewer Capital Program,Central Ww Treat Pl - Faci - PS30,PS30.3,2022,2022,585524,609607,24083,0,0
2022,Wastewater Treatment Plants and Associated Facilities,199,Sewer Capital Program,Central Ww Treat Pl - Faci - PS30,PS30.4,2022,2022,146245909,147021537,775628,0,0
2022,Wastewater Treatment Plants and Associated Facilities,200,Sewer Capital Program,Central Ww Treat Pl & Facs - 8243,8243.1,2022,2022,0,47651991,47651991,0,0
2022,Wastewater Treatment Plants and Associated Facilities,200,Sewer Capital Program,Central Ww Treat Pl- Facs - CS30,CS30.1,2022,2022,61452099,63422504,1970405,0,0
2022,Water Supply Reservoirs and Dams,200,Water Capital Program,East Side Water Tr Pl - Fa - PW32,PW32.1,,,12804000,12804000,0,0,0
2022,Water Treatment Plants and Associated Facilities,200,Water Capital Program,East Side Water Tr Pl - Fa - PW32,PW32.2,2022,2022,184558167,186157494,1599327,0,0
2022,Water Treatment Plants and Associated Facilities,200,Water Capital Program,East Side Water Tr Pl - Fa - PW32,PW32.3,2022,2022,103439420,95555543,(12883877),0,0
2022,Water Treatment Plants and Associated Facilities,200,Water Capital Program,East Side Water Tr Pl - Fa - PW32,PW32.4,2022,2022,166627722,257603642,90975920,0,0
2022,Water Treatment Plants and Associated Facilities,200,Water Capital Program,East Side Water Tr Pl - Fa - PW32,PW32.5,2022,2022,0,7500000,6000000,0,0
2022,Water Supply Reservoirs and Dams,200,Water Capital Program,East Side Water Tr Pl - Fa-CW32,CW32.1,2022,2022,44738276,44958438,220162,0,0
2022,Water Treatment Plants and Associated Facilities,201,Water Capital Program,East Side Water Tr Pl - Fa-CW32,CW32.2,2022,2022,0,3000000,3000000,0,0
2022,Water Treatment Plants and Associated Facilities,201,Water Capital Program,Elm Fork Water Tr Pl - Fac - PW31,PW31.1,2022,2024,16159792,269088780,25928988,"25,000,000","66,000,000"
2022,Water Treatment Plants and Associated Facilities,201,Water Capital Program,Elm Fork Water Tr Pl - Fac - PW31,PW31.2,2022,2022,117639333,117207619,(431715),0,0
2022,Water Treatment Plants and Associated Facilities,201,Water Capital Program,Elm Fork Water Tr Pl - Fac - PW31,PW31.3,2022,2022,212931953,383427658,170495705,0,0
2022,Water Supply Reservoirs and Dams,201,Water Capital Program,Elm Fork Water Tr Pl - Fac- CW31,CW31.1,2022,2024,50228932,102652341,36223409,0,"5,700,000"
2022,Homeowner Extensions and Unserved Areas,201,Sewer Capital Program,Future Development Initiatives - Wastewater - CS97,CS97.1,2022,2022,0,8500000,8500000,0,0
2022,Homeowner Extensions and Unserved Areas,201,Water Capital Program,Future Development Initiatives - Water - CW97,CW97.1,2022,2022,0,8500000,8500000,0,0
2022,"Mains, Pump Stations, and Associated Facilities",201,Sewer Capital Program,Home/Unserv Exten & Improv - PS41,PS41.1,,,1132299,1132299,0,0,0
2022,Relocations in Advance of Paving,202,Sewer Capital Program,Home/Unserv Exten & Improv - PS41,PS41.2,2022,2022,11000,129565,118565,0,0
2022,Homeowner Extensions and Unserved Areas,202,Sewer Capital Program,Home/Unserv Exten & Improv - PW41,PW41.1,2022,2022,0,500000,500000,0,0
2022,"Mains, Pump Stations, and Associated Facilities",202,Water Capital Program,Home/Unserv Exten & Improv - PW41,PW41.2,,,760770,760770,0,0,0
2022,Homeowner Extensions and Unserved Areas,202,Sewer Capital Program,Home-Unserv Exten - Improv - CS41,CS41.1,2022,2024,28689025,49979984,14212959,"1,250,000","1,250,000"
2022,Homeowner Extensions and Unserved Areas,202,Water Capital Program,Home-Unserv Exten - Improv - CW41,CW41.1,2022,2024,107256140,119403512,1646872,"1,900,000","1,900,000"
2022,"Mains, Pump Stations, and Associated Facilities",202,Sewer Capital Program,Mains Intercept - Lift Sta - PS40,PS40.1,2022,2024,205740974,698139323,176898349,"27,000,000","84,000,000"
2022,"Mains, Pump Stations, and Associated Facilities",202,Sewer Capital Program,Mains Intercept - Lift Sta - PS40,PS40.2,2022,2022,2454989,2455060,71,0,0
2022,"Mains, Pump Stations, and Associated Facilities",203,Sewer Capital Program,Mains Intercept - Lift Sta - PS40,PS40.3,2022,2022,222853880,221546926,(1306954),0,0
2022,"Mains, Pump Stations, and Associated Facilities",203,Sewer Capital Program,Mains Intercept - Lift Sta - PS40,PS40.4,2022,2022,180335777,247234340,66898563,0,0
2022,Relocations in Advance of Paving,203,Sewer Capital Program,Mains Intercept - Lift Sta - PS40,PS40.5,2022,2022,8045133,8056632,11499,0,0
2022,"Mains, Pump Stations, and Associated Facilities",203,Sewer Capital Program,Mains Intercept & Lift Sta - BS40,BS40.1,2022,2022,0,1822024,1822024,0,0
2022,"Mains, Pump Stations, and Associated Facilities",203,Sewer Capital Program,Mains Interecpt - Lift Sta - CS40,CS40.1,2022,2024,142827488,215338602,25061114,"10,700,000","9,700,000"
2022,"Mains, Pump Stations, and Associated Facilities",203,Sewer Capital Program,Mains Interecpt & Lift Sta - 8245,8245.1,2022,2022,0,5587579,5587579,0,0
2022,"Mains, Pump Stations, and Associated Facilities",203,Water Capital Program,Mains/Pumping & Storage Fa - PW40,PW40.1,2022,2024,60823241,759156921,351633680,"25,500,000","74,500,000"
2022,"Mains, Pump Stations, and Associated Facilities",204,Water Capital Program,Mains/Pumping & Storage Fa - PW40,PW40.2,2022,2022,2968862,2968862,1,0,0
2022,"Mains, Pump Stations, and Associated Facilities",204,Water Capital Program,Mains/Pumping & Storage Fa - PW40,PW40.3,2022,2022,377829995,377468176,(361819),0,0
2022,"Mains, Pump Stations, and Associated Facilities",204,Water Capital Program,Mains/Pumping & Storage Fa - PW40,PW40.4,2022,2022,3203818,4414305,1210487,0,0
2022,"Mains, Pump Stations, and Associated Facilities",204,Water Capital Program,Mains/Pumping & Storage Fa - PW40,PW40.5,2022,2022,186952103,252535026,65582924,0,0
2022,"Mains, Pump Stations, and Associated Facilities",204,Water Capital Program,Mains/Pumping & Storage Fa - PW40,PW40.6,2022,2022,262368495,303232403,40863908,0,0
2022,"Mains, Pump Stations, and Associated Facilities",204,Water Capital Program,Mains-Pumping - Storage Fa - CW40,CW40.1,2022,2024,191212167,274198902,11976735,"20,100,000","9,160,000"
2022,Rehabilitatio n and Equipment,204,Water Capital Program,Major Maintenace - Rehab - CW50,CW50.1,2022,2024,180050573,250610651,22460078,"9,500,000","9,800,000"
2022,Rehabilitatio n and Equipment,204,Sewer Capital Program,Major Maintenance - Rehab - CS50,CS50.1,2022,2024,90886354,119872709,7986355,"4,000,000","4,500,000"
2022,Rehabilitatio n and Equipment,205,Water Capital Program,Major Maintenance & Rehab - PW50,PW50.1,,,1203741,1203741,0,0,0
2022,Rehabilitatio n and Equipment,205,Water Capital Program,Major Maintenance & Rehab - PW50,PW50.2,2022,2022,8595607,21758000,13162393,0,0
2022,Rehabilitatio n and Equipment,205,Sewer Capital Program,Major Maintenance & Rehabilitation - PS50,PS50.1,2022,2022,770276,10075000,9304724,0,0
2022,"Service Centers, Offices, and Research Facilities",205,Water Capital Program,Pay 1 - P290,P290.1,2022,2022,20201709,21391000,1189291,0,0
2022,Public Art,205,Water Public Arts Fund,Public Art Administration - Water Utilities - CW95,CW95.1,2022,2024,1065259,2248250,1057991,"25,000","25,000"
2022,Raw Water Pumping and Transmissio n,205,Water Capital Program,Raw Water Pump - Trans Fac - CW20,CW20.1,2022,2023,61245092,63184581,1439489,"500,000",0
2022,Raw Water Pumping and Transmissio n,205,Water Capital Program,Raw Water Pump - Trans Fac - PW20,PW20.1,2022,2024,124908,39500000,(124908),0,"5,000,000"
2022,Raw Water Pumping and Transmissio n,205,Water Capital Program,Raw Water Pump - Trans Fac - PW20,PW20.2,2022,2022,175701025,176107907,406882,0,0
2022,Raw Water Pumping and Transmissio n,206,Water Capital Program,Raw Water Pump - Trans Fac - PW20,PW20.3,2022,2022,7691648,30012003,22320355,0,0
2022,Raw Water Pumping and Transmissio n,206,Water Capital Program,Raw Water Pump - Trans Fac - PW20,PW20.4,2022,2022,11630019,18515904,6885885,0,0
2022,Raw Water Pumping and Transmissio n,206,Water Capital Program,Raw Water Pump - Trans Fac - PW20,PW20.5,2022,2022,2114057,75000000,32885943,0,0
2022,Relocations in Advance of Paving,206,Sewer Capital Program,Relocations Due To Paving - 8247,8247.1,2022,2022,0,505060,505060,0,0
2022,Relocations in Advance of Paving,206,Sewer Capital Program,Relocations Due To Paving - CS42,CS42.1,2022,2024,37174551,46223211,3298660,"1,150,000","1,150,000"
2022,Relocations in Advance of Paving,206,Water Capital Program,Relocations Due To Paving - CW42,CW42.1,2022,2024,69403069,96845609,1442540,"6,400,000","6,400,000"
2022,Relocations in Advance of Paving,206,Sewer Capital Program,Relocations Due To Paving - PS42,PS42.1,2022,2024,9513211,108887848,374637,"22,400,000","22,400,000"
2022,Relocations in Advance of Paving,206,Sewer Capital Program,Relocations Due To Paving - PS42,PS42.2,2022,2022,62082,64053,1971,0,0
2022,Relocations in Advance of Paving,206,Sewer Capital Program,Relocations Due To Paving - PS42,PS42.3,2022,2022,40931227,41542329,611102,0,0
2022,Relocations in Advance of Paving,207,Sewer Capital Program,Relocations Due To Paving - PS42,PS42.4,2022,2022,57591003,108044195,50453192,0,0
2022,Relocations in Advance of Paving,207,Water Capital Program,Relocations Due To Paving - PW42,PW42.1,2022,2024,9041966,46454299,412333,"7,400,000","7,400,000"
2022,Relocations in Advance of Paving,207,Water Capital Program,Relocations Due To Paving - PW42,PW42.2,2022,2022,124421,432640,308219,0,0
2022,Relocations in Advance of Paving,207,Water Capital Program,Relocations Due To Paving - PW42,PW42.3,2022,2022,77027663,77803022,775359,0,0
2022,Relocations in Advance of Paving,207,Water Capital Program,Relocations Due To Paving - PW42,PW42.4,2022,2022,28074301,58830477,30756177,0,0
2022,Relocations in Advance of Paving,207,Water Capital Program,Relocations Due To Paving - PW42,PW42.5,2022,2022,40070352,71735035,31664683,0,0
2022,"Service Centers, Offices, and Research Facilities",207,Water Capital Program,Series 2009A Revenue Bonds - 0624,0624.1,2022,2022,5737536,6447660,710124,0,0
2022,"Service Centers, Offices, and Research Facilities",207,Sewer Capital Program,Service Ctr/Ofcs/Resear ch - PS60,PS60.1,2022,2022,0,7950001,7950001,0,0
2022,"Service Centers, Offices, and Research Facilities",207,Sewer Capital Program,Service Ctr/Ofcs/Resear ch - PS60,PS60.2,,,3473810,3473810,0,0,0
2022,"Service Centers, Offices, and Research Facilities",208,Water Capital Program,Service Ctr/Ofcs/Resear ch - PW60,PW60.1,2022,2022,93449,0,(93449),0,0
2022,"Service Centers, Offices, and Research Facilities",208,Water Capital Program,Service Ctr/Ofcs/Resear ch - PW60,PW60.2,2022,2022,6638448,6905863,267415,0,0
2022,"Service Centers, Offices, and Research Facilities",208,Water Capital Program,Service Ctr/Ofcs/Resear ch - PW60,PW60.3,2022,2023,1096556,23690000,10593444,"12,000,000",0
2022,"Service Centers, Offices, and Research Facilities",208,Water Capital Program,Service Ctr-Ofcs- Research - CW60,CW60.1,2022,2024,46855030,119211317,2356287,"3,000,000","13,000,000"
2022,"Service Centers, Offices, and Research Facilities",208,Sewer Capital Program,Service Ctr-Ofcs- Research2 - CS60,CS60.1,2022,2024,17423226,23524746,(1898480),0,"8,000,000"
2022,Wastewater Treatment Plants and Associated Facilities,208,Sewer Capital Program,Southside Wastewater Tbmt - BS31,BS31.1,2022,2022,0,8458987,8458987,0,0
2022,Wastewater Treatment Plants and Associated Facilities,208,Sewer Capital Program,Southside Ww Treat Pl - Fa - CS31,CS31.1,2022,2022,105473848,110066321,2592473,0,0
2022,Wastewater Treatment Plants and Associated Facilities,209,Sewer Capital Program,Southside Ww Treat Pl - Fa - PS31,PS31.1,2022,2022,166641230,167022201,380972,0,0
2022,Wastewater Treatment Plants and Associated Facilities,209,Sewer Capital Program,Southside Ww Treat Pl - Fa - PS31,PS31.2,2022,2022,32129197,60000000,27870803,0,0
2022,Wastewater Treatment Plants and Associated Facilities,209,Sewer Capital Program,Southside Ww Treat Pl - Fa - PS31,PS31.3,2022,2023,148626429,223035398,52908969,"18,000,000",0
2022,Wastewater Treatment Plants and Associated Facilities,209,Sewer Capital Program,Southside Ww Treat Pl & Fa - 8246,8246.1,2022,2022,0,17105225,17105225,0,0
2022,"Service Centers, Offices, and Research Facilities",209,Sewer Capital Program,Studies/Master Plans - PS01,PS01.1,,,3835716,3835716,0,0,0
2022,"Service Centers, Offices, and Research Facilities",209,Sewer Capital Program,Studies/Master Plans - PS01,PS01.2,2022,2022,3401898,3603312,201414,0,0
2022,Studies and Master Plans,209,Water Capital Program,Studies/Master Plans - PW01,PW01.1,2022,2022,1897043,200000,(1697043),0,0
2022,Studies and Master Plans,210,Water Capital Program,Studies/Master Plans - PW01,PW01.2,2022,2022,3396026,5295000,1898974,0,0
2022,Studies and Master Plans,210,Water Capital Program,Studies-Master Plan - CW01,CW01.1,2022,2024,37692652,47924974,7732322,"1,100,000","100,000"
2022,Studies and Master Plans,210,Sewer Capital Program,Studies-Master Plans - CS01,CS01.1,2022,2024,15178927,34776454,11097527,"4,000,000","1,000,000"
2022,Water Supply Reservoirs and Dams,210,Water Capital Program,Supply Reservoirs - Dams - CW10,CW10.1,2022,2022,35910182,38453884,1793702,0,0
2022,Water Supply Reservoirs and Dams,210,Water Capital Program,Supply Reservoirs - Dams - PW10,PW10.1,2024,2024,0,8500000,0,0,"1,500,000"
2022,Water Supply Reservoirs and Dams,210,Water Capital Program,Supply Reservoirs - Dams - PW10,PW10.2,2022,2022,4077420,4176833,99413,0,0
2022,Water Supply Reservoirs and Dams,210,Water Capital Program,Supply Reservoirs - Dams - PW10,PW10.3,2022,2023,44564970,111364351,31799381,"35,000,000",0
2022,"Mains, Pump Stations, and Associated Facilities",210,Sewer Capital Program,TWDB Wastewater (Clean Water) Project - FS40,FS40.1,2022,2022,43999585,44000000,415,0,0
2022,"Mains, Pump Stations, and Associated Facilities",210,Sewer Capital Program,TWDB Wastewater (Clean Water) Project - FS40,FS40.2,2023,2023,0,22000000,0,"22,000,000",0
2022,"Mains, Pump Stations, and Associated Facilities",211,Sewer Capital Program,TWDB Wastewater (Clean Water) Project - FS40,FS40.3,2022,2022,7629312,22000000,14370688,0,0
2022,"Mains, Pump Stations, and Associated Facilities",211,Water Capital Program,TWDB Wastewater (Clean Water) Project - FS40,FS40.4,,,22000000,22000000,0,0,0
2022,"Mains, Pump Stations, and Associated Facilities",211,Water Capital Program,TWDB Water Drinking Water Project - FW40,FW40.1,,,44000000,44000000,0,0,0
2022,"Mains, Pump Stations, and Associated Facilities",211,Water Capital Program,TWDB Water Drinking Water Project - FW40,FW40.2,2023,2023,44000000,88000000,0,"44,000,000",0
2022,"Mains, Pump Stations, and Associated Facilities",211,Water Capital Program,TWDB Water Drinking Water Project - FW40,FW40.3,2022,2022,36184659,88000000,51815341,0,0
2022,Public Art,211,Water Public Arts Fund,Wastewater Facilities Public Art - CS95,CS95.1,2022,2024,76002,2342500,2141498,"25,000","25,000"
2022,Wholesale Customer Facilities,211,Water Capital Program,Wholesale Customer Facilities - PW43,PW43.1,2022,2022,0,500000,500000,0,0
2022,Wholesale Customer Facilities,211,Water Capital Program,Wholesale Customer Facilities - PW43,PW43.2,2022,2022,1210606,5883000,4672394,0,0
2022,Wholesale Customer Facilities,212,Sewer Capital Program,Wholesale Customer Facils - CS43,CS43.1,2022,2023,25365,3725365,3000000,"500,000",0
2022,Wholesale Customer Facilities,212,Water Capital Program,Wholesale Customer Facils - CW43,CW43.1,2022,2023,9093584,17686119,2792534,"5,300,000",0
2022,Wholesale Customer Facilities,212,Sewer Capital Program,Wholesale Customers Facilities - PS43,PS43.1,2022,2022,58263,2200000,2141737,0,0
