cip_year,project_type,source_page,department,project_name,project_id,start_year,end_year,previous_appropriations,project_total,2025,2026,2027
2025,Pavement Maintenance/ Construction,18,Aviation Capital Program,Airfield Pavement Evaluation - W214,W214.1,2025,2025,1098130,1521648,423518,0,0
2025,Terminal,18,Aviation Capital Program,Airport Emergency Operations Center - W685,W685.1,2025,2026,0,3300000,2000000,"1,300,000",0
2025,Capital Improvement Program,18,Aviation Capital Program,Airport Planning and Advisory Services - 1725,1725.1,2025,2027,12210735,23905000,5694265,0,"1,500,000"
2025,Capital Improvement Program,18,Aviation Capital Program,Architectural Engineering Roster - W286,W286.1,2025,2025,2113,4204500,3152387,0,0
2025,Terminal,18,Aviation Capital Program,Aviation Parking Garage - 8738,8738.1,2025,2025,10961056,10755009,(206048),0,0
2025,Capital Improvement Program,18,Aviation Capital Program,Aviation Project Reserve - W131,W131.1,2025,2025,3574324,3524154,(50170),0,0
2025,Capital Improvement Program,18,Aviation Capital Program,Construction Management/ Project Management - W371,W371.1,2025,2025,20596332,24965918,4369585,0,0
2025,Pavement Maintenance/ Construction,18,Aviation Capital Program,Crossfield Taxiway Reconfiguration - W125,W125.1,2025,2025,7357222,35122722,27765500,0,0
2025,Pavement Maintenance/ Construction,18,Aviation Capital Program - Commercial Paper,Crossfield Taxiway Reconfiguration - W125,W125.2,2025,2025,13993139,22160749,8167610,0,0
2025,Terminal,19,Aviation Capital Program,DAL A/E Space Planning Implementation - W469,W469.1,2025,2027,598733,5650000,801267,0,"2,250,000"
2025,Capital Improvement Program,19,Aviation Capital Program,DAL Alternate Entry - W287,W287.1,,,0,0,0,0,0
2025,Capital Improvement Program,19,Aviation Capital Program,DAL Love Connection Project - X083,X083.1,2025,2025,0,18000000,18000000,0,0
2025,Safety/Security,19,Aviation Capital Program,DAL Replacement Fire Station - W358,W358.1,2025,2025,6119982,20008000,13888018,0,0
2025,Capital Improvement Program,19,Aviation Capital Program,DAL Streetscape Enhancements - W387,W387.1,2025,2025,33313513,41320947,8007434,0,0
2025,Pavement Maintenance/ Construction,19,Aviation Capital Program - Commercial Paper,Dallas Executive Airport - 7731,7731.1,,,1218633,1218633,0,0,0
2025,Capital Improvement Program,19,Aviation Capital Program,Dallas Vertiport Fuel System - W215,W215.1,2025,2025,0,1182409,1182409,0,0
2025,Pavement Maintenance/ Construction,19,Aviation Capital Program,DEA Extend Taxiway E - W388,W388.1,2025,2025,1501500,1321500,(180000),0,0
2025,Capital Improvement Program,19,Aviation Capital Program,DEA Streetscape Enhancements - W367,W367.1,2025,2025,465254,3969851,3504596,0,0
2025,Pavement Maintenance/ Construction,19,Aviation Capital Program,DEA Taxiway Apron Infill - Design - W334,W334.1,2025,2025,223950,850000,626050,0,0
2025,Capital Improvement Program,19,Aviation Capital Program,DEA West Development Payback - W285,W285.1,2025,2025,5932093,7764286,1832193,0,0
2025,Capital Improvement Program,19,Aviation Capital Program,Drainage Master Plan - Schematic Design - W133,W133.1,2025,2025,101638,6252638,6151000,0,0
2025,Terminal,19,Aviation Capital Program,Love Fld Major Maintenance - 8707,8707.1,2025,2027,14506585,15606585,1100000,,
2025,Capital Improvement Program,19,Aviation Capital Program,Material Testing for Construction Work - W152,W152.1,2025,2025,0,551361,551361,0,0
2025,Capital Improvement Program,19,Aviation Capital Program,Moving Walkway and Escalator - X178,X178.1,2026,2027,504805,504805,0,,
2025,Capital Improvement Program,19,Aviation Capital Program,PC Air Replacement - X084,X084.1,2025,2025,0,750000,750000,0,0
2025,Capital Improvement Program,20,Aviation Capital Program,People-mover Connector - 8710,8710.1,2025,2025,4998444,5311092,312648,0,0
2025,Pavement Maintenance/ Construction,20,Aviation Capital Program,Reconstruct Taxiway A (Phase 1) TWY D to RWY 31 R - W288,W288.1,2025,2025,30513924,37215539,6701615,0,0
2025,Pavement Maintenance/ Construction,20,Aviation Capital Program,Rehabilitate Taxiway C Phase 2 - W281,W281.1,2025,2027,253256,8010955,190744,"5,566,955","2,000,000"
2025,Fleet/ Equipment Replacement,26,Other GO CIP - Debt,2010 CO - IC70,IC70.1,2025,2025,0,77462,77462,0,0
2025,Public Art,26,2012 Bonds,2012 Public Art Admin - Streets - PA14,PA14.1,2025,2025,0,34642,34642,0,0
2025,Fire Protection Facilities,26,2017 Bonds,5000 Dolphin Rd - Large Tower - VG50,VG50.1,2025,2025,21859,379440,357581,0,0
2025,Fire Protection Facilities,26,2017 Bonds,5000 Dolphin Rd - Small Tower - VG49,VG49.1,2025,2025,123506,232560,109055,0,0
2025,City and Municipal Court Facilities,26,2006 Bonds,ADA Improvements - W793,W793.1,2025,2025,422572,2264118,1841546,0,0
2025,Major Maintenance,26,Other GO CIP - Non-Debt,ADA Improvements- Major Maintenance and Repairs - W663,W663.1,2025,2025,456827,500000,43173,0,0
2025,Major Maintenance,26,Other GO CIP - Non-Debt,ADA Upgrades at Canton - W911,W911.1,2025,2025,263682,630000,366318,0,0
2025,Fleet/ Equipment Replacement,26,Other GO CIP - Debt,Ambulance & Fire Equipment - E603,E603.1,2025,2027,0,32000000,6000000,"6,000,000","5,000,000"
2025,Cultural Facilities,26,2024 Bonds,Annette Strauss Square - YE01,YE01.1,2025,2027,81,575575,57477,0,"518,017"
2025,Cultural Facilities,26,2024 Bonds,AT&T Performing Arts Center - YE02,YE02.1,2025,2027,243,881032,87860,0,"792,929"
2025,Cultural Facilities,26,2024 Bonds,Bath House Cultural Center - YE03,YE03.1,2026,2026,0,1474180,0,"1,474,180",0
2025,Fire Protection Facilities,26,2024 Bonds,Belleview Garage - YF58,YF58.1,2026,2027,0,1310000,0,"131,000","1,179,000"
2025,City and Municipal Court Facilities,26,2006 Bonds,Cadillac Heights Land Acquisition - T825,T825.1,2025,2025,836903,11690881,10853978,0,0
2025,Fleet/ Equipment Replacement,27,Other GO CIP - Debt,Case Management System - E314,E314.1,2025,2025,3246908,3379178,132270,0,0
2025,Police Facilities,27,2024 Bonds,Central Patrol - Electrical - YF61,YF61.1,2027,2027,0,655000,0,0,"1,000"
2025,Police Facilities,27,2024 Bonds,Central Patrol - Fire System - YF59,YF59.1,2027,2027,0,196500,0,0,"1,000"
2025,Police Facilities,27,2024 Bonds,Central Patrol - Locker Rooms - YF62,YF62.1,2027,2027,0,655000,0,0,"1,000"
2025,Police Facilities,27,2024 Bonds,Central Patrol - Restrooms - YF60,YF60.1,2027,2027,0,262000,0,0,"1,000"
2025,Technology,27,2017 Bonds,City Data Center - 1000 Belleview Street - VH18,VH18.1,,,30761,30761,0,0,0
2025,Technology,27,2024 Bonds,City Data Center - 1000 Belleview Street - YJ01,YJ01.1,2025,2025,0,5000000,5000000,0,0
2025,Major Maintenance,27,Other GO CIP - Non-Debt,City Facilities - Fair Park and Other Park Facility Repairs - W020,W020.1,2025,2025,851272,1000000,148728,0,0
2025,Major Maintenance,27,Other GO CIP - Non-Debt,City Facilities Improvements - W221,W221.1,2025,2025,7098063,7140997,42934,0,0
2025,City and Municipal Court Facilities,27,2006 Bonds,City Hall - VH05,VH05.1,,,4383012,4383012,0,0,0
2025,City and Municipal Court Facilities,27,2017 Bonds,City Hall - VH05,VH05.2,2025,2025,324227,2616480,2292253,0,0
2025,Technology,27,Other GO CIP - Debt,City Hall Data Center - Renovations - P478,P478.1,2025,2025,984959,5200000,4215041,0,0
2025,Fleet/ Equipment Replacement,27,Other GO CIP - Debt,Citywide Radio System Replacement - E384,E384.1,2025,2025,54478400,54728627,250227,0,0
2025,Fire Protection Facilities,27,2024 Bonds,Clothing Warehouse P - YF01,YF01.1,2027,2027,0,16478,0,0,"16,478"
2025,Fleet/ Equipment Replacement,27,Other GO CIP - Debt,CNG/Hybrid EBS Grant Match - DX10,DX10.1,2025,2025,648997,699586,50588,0,0
2025,Fleet/ Equipment Replacement,28,Other GO CIP - Debt,Communication Information Services (CIS) - CAD Upgrade - E297,E297.1,2025,2025,15537324,15566229,28905,0,0
2025,Major Maintenance,28,Other GO CIP - Non-Debt,Confederate Monument Removal - W640,W640.1,2025,2025,432344,510000,77656,0,0
2025,Fire Protection Facilities,28,2024 Bonds,Courts Building - YF02,YF02.1,2027,2027,0,16478,0,0,"16,478"
2025,Fleet/ Equipment Replacement,28,Internal Service Fund Capital,Courts Equipment Purchases - 7862,7862.1,2025,2025,264646,300000,35354,0,0
2025,Cultural Facilities,28,2024 Bonds,Dallas Black Dance Theatre - YE04,YE04.1,2025,2026,0,3127850,350,"3,127,500",0
2025,Fire Protection Facilities,28,2024 Bonds,Dallas Courts Garage - YF03,YF03.1,2027,2027,0,16478,0,0,"16,478"
2025,Cultural Facilities,28,2024 Bonds,Dallas Museum of Art - YE05,YE05.1,2025,2027,911,20014619,1549851,0,"4,503,463"
2025,Police Facilities,28,2017 Bonds,Dallas Police Training Academy Facility - VG53,VG53.1,2025,2025,35607,74849,39242,0,0
2025,Police Facilities,28,2024 Bonds,Dallas Police Training Academy Facility - YF63,YF63.1,2025,2025,1022361,49421000,48398639,0,0
2025,Fleet/ Equipment Replacement,28,Other GO CIP - Debt,DFD- Apparatus Replacement - E386,E386.1,2025,2025,6154209,6218728,64519,0,0
2025,Fleet/ Equipment Replacement,28,Other GO CIP - Debt,DFD Apparatus Replacement - E612,E612.1,2025,2027,0,76800000,13800000,"11,800,000","12,800,000"
2025,Fleet/ Equipment Replacement,28,Other GO CIP - Debt,DFD Apparatus/ Fleet - E602,E602.1,2025,2025,33955179,35600000,1644821,0,0
2025,Fleet/ Equipment Replacement,28,Other GO CIP - Debt,DFD-Ambulance & Equipment Replacement - E398,E398.1,2025,2025,1936412,2093443,157031,0,0
2025,Fleet/ Equipment Replacement,28,Other GO CIP - Debt,DFD-SCBA and Safety Equipment - E385,E385.1,2025,2025,3838089,3853067,14978,0,0
2025,Major Maintenance,28,Other GO CIP - Non-Debt,DFR Facilities Maintenance - X132,X132.1,2025,2025,1295013,7189523,5894510,0,0
2025,Major Maintenance,29,Other GO CIP - Non-Debt,DFR Improvement Projects FY23 - W932,W932.1,2025,2025,1593079,1750000,156921,0,0
2025,Public Art,29,2017 Bonds,DMA Elevator Modernization - VF11,VF11.1,,,249140,249140,0,0,0
2025,Fleet/ Equipment Replacement,29,Other GO CIP - Debt,DPD Helicopter - E616,E616.1,2025,2027,0,15000000,7500000,0,"7,500,000"
2025,Fleet/ Equipment Replacement,29,Other GO CIP - Debt,DPD In-Car DVR 1/5 Annual Replacement - E416,E416.1,2025,2025,0,1401600,1401600,0,0
2025,Fleet/ Equipment Replacement,29,Other GO CIP - Debt,DPD In-Car DVR Replacement - E605,E605.1,2025,2025,0,1401600,1401600,0,0
2025,Technology,29,Other GO CIP - Debt,DPD In-Car DVR Replacement - E605,E605.2,2026,2027,0,7008000,0,"1,401,600","1,401,600"
2025,Fleet/ Equipment Replacement,29,Other GO CIP - Debt,DPD Squad Cars - E617,E617.1,2025,2027,15505607,123584312,(5607),"27,901,356","31,882,956"
2025,Fleet/ Equipment Replacement,29,Other GO CIP - Debt,DPD TAAG Surveillance Camera 1/5 Annual - E410,E410.1,2025,2025,1037973,1055611,17637,0,0
2025,Fleet/ Equipment Replacement,29,Other GO CIP - Debt,DPD TAAG Surveillance Camera 1/5 Annual - E417,E417.1,2025,2025,2124548,3188048,1063500,0,0
2025,Fleet/ Equipment Replacement,29,Other GO CIP - Debt,DPD TAAG Surveillance Camera Replacement - E606,E606.1,2025,2025,0,1063500,1063500,0,0
2025,Technology,29,Other GO CIP - Debt,DPD TAAG Surveillance Camera Replacement - E606,E606.2,2026,2027,0,6937500,0,"1,063,500","1,063,500"
2025,Fleet/ Equipment Replacement,29,Other GO CIP - Debt,DPD TAAG Surveillance Camera Replacement Phase 1 of 4 - E392,E392.1,2025,2025,1086281,1100000,13719,0,0
2025,Fleet/ Equipment Replacement,29,Other GO CIP - Debt,EAN - DPD Public Safety Radio Replacement - W933,W933.1,2025,2025,30391642,34800000,4408358,0,0
2025,Fleet/ Equipment Replacement,30,Other GO CIP - Debt,EFM - General Fleet & Equipment - E604,E604.1,2025,2027,116730,58859400,9693170,"9,809,900","9,809,900"
2025,Fleet/ Equipment Replacement,30,Other GO CIP - Debt,EFM- General Fleet - E394,E394.1,2025,2025,8554108,8912195,358087,0,0
2025,Fleet/ Equipment Replacement,30,Other GO CIP - Debt,EFM General Fleet Replacement - E613,E613.1,2025,2027,0,49200000,8200000,"8,200,000","8,200,000"
2025,Fleet/ Equipment Replacement,30,Internal Service Fund Capital,Electric Vehicle Charging Station Call - 106E,106E.1,2025,2025,0,166004,166004,0,0
2025,City and Municipal Court Facilities,30,2006 Bonds,Electrical Panel Replacement at 37 Facilities - VH07,VH07.1,,,270979,270979,0,0,0
2025,City and Municipal Court Facilities,30,2017 Bonds,Electrical Panel Replacement at 37 Facilities - VH07,VH07.2,2025,2025,224115,1010676,786562,0,0
2025,Fleet/ Equipment Replacement,30,Other GO CIP - Debt,Enterprise Electronic Document Management - E389,E389.1,2025,2025,0,725000,725000,0,0
2025,Fleet/ Equipment Replacement,30,Other GO CIP - Debt,Equipment Acquisition Notes - X034,X034.1,2025,2025,9879344,10000000,120656,0,0
2025,Fleet/ Equipment Replacement,30,Other GO CIP - Debt,Equipment Acquisition Notes - X035,X035.1,2025,2025,2082258,2500000,417742,0,0
2025,Fire Protection Facilities,30,2024 Bonds,Fire Maintenance C - YF04,YF04.1,2027,2027,0,16478,0,0,"16,478"
2025,Fire Protection Facilities,30,2024 Bonds,Fire Rookie Bldg B - YF05,YF05.1,2027,2027,0,16478,0,0,"16,478"
2025,Fire Protection Facilities,30,2024 Bonds,Fire Station #1 - Electrical - YF06,YF06.1,2026,2026,0,52400,0,"52,400",0
2025,Fire Protection Facilities,30,2024 Bonds,Fire Station #1 - HVAC - YF07,YF07.1,2026,2026,0,16478,0,"16,478",0
2025,Fire Protection Facilities,30,2024 Bonds,Fire Station #11 Renovation - 3828 Cedar Springs Rd - YF08,YF08.1,2025,2027,5682,10221284,(2397),"994,363","9,189,438"
2025,Police Facilities,30,2017 Bonds,Fire Station #11 Renovation - VG55,VG55.1,2025,2025,1353,7303,5950,0,0
2025,Fire Protection Facilities,30,2024 Bonds,Fire Station #14 - Electrical - YF09,YF09.1,2026,2026,0,52400,0,"52,400",0
2025,Fire Protection Facilities,31,2024 Bonds,Fire Station #14 - HVAC - YF10,YF10.1,2026,2026,0,16478,0,"16,478",0
2025,Fire Protection Facilities,31,2024 Bonds,Fire Station #15 - YF11,YF11.1,2027,2027,0,16478,0,0,"16,478"
2025,Fire Protection Facilities,31,2024 Bonds,Fire Station #16 - Electrical - YF12,YF12.1,2026,2026,0,52400,0,"52,400",0
2025,Fire Protection Facilities,31,2024 Bonds,Fire Station #16 - HVAC - YF13,YF13.1,2026,2026,0,16478,0,"16,478",0
2025,Fire Protection Facilities,31,2024 Bonds,Fire Station #18 - YF14,YF14.1,2027,2027,0,16478,0,0,"16,478"
2025,Fire Protection Facilities,31,2024 Bonds,Fire Station #20 - YF15,YF15.1,2027,2027,0,16478,0,0,"16,478"
2025,Fire Protection Facilities,31,2024 Bonds,Fire Station #23 - Electrical - YF16,YF16.1,2026,2026,0,52400,0,"52,400",0
2025,Fire Protection Facilities,31,2024 Bonds,Fire Station #23 - HVAC - YF17,YF17.1,2026,2026,0,16478,0,"16,478",0
2025,Fire Protection Facilities,31,2024 Bonds,Fire Station #24 - YF18,YF18.1,2026,2027,0,655000,0,"65,500","589,500"
2025,Fire Protection Facilities,31,2024 Bonds,Fire Station #25 - YF19,YF19.1,2026,2026,0,52400,0,"52,400",0
2025,Fire Protection Facilities,31,2024 Bonds,Fire Station #26 - Electrical - YF20,YF20.1,2026,2026,0,52400,0,"52,400",0
2025,Fire Protection Facilities,31,2024 Bonds,Fire Station #26 - HVAC - YF21,YF21.1,2026,2026,0,16478,0,"16,478",0
2025,Fire Protection Facilities,31,2024 Bonds,Fire Station #29 - Electrical - YF22,YF22.1,2026,2026,0,52400,0,"52,400",0
2025,Fire Protection Facilities,31,2024 Bonds,Fire Station #29 - HVAC - YF23,YF23.1,2026,2026,0,16478,0,"16,478",0
2025,Fire Protection Facilities,31,2024 Bonds,Fire Station #3 - YF24,YF24.1,2027,2027,0,16478,0,0,"16,478"
2025,Fire Protection Facilities,31,2024 Bonds,Fire Station #30 - Electrical - YF25,YF25.1,2026,2026,0,52400,0,"52,400",0
2025,Fire Protection Facilities,31,2024 Bonds,Fire Station #30 - HVAC - YF26,YF26.1,2026,2026,0,16478,0,"16,478",0
2025,Fire Protection Facilities,31,2024 Bonds,Fire Station #31 - YF27,YF27.1,2027,2027,0,16478,0,0,"16,478"
2025,Fire Protection Facilities,31,2024 Bonds,Fire Station #32 - YF28,YF28.1,2027,2027,0,16478,0,0,"16,478"
2025,Fire Protection Facilities,31,2024 Bonds,Fire Station #34 - Electrical - YF29,YF29.1,2026,2026,0,52400,0,"52,400",0
2025,Fire Protection Facilities,31,2024 Bonds,Fire Station #34 - HVAC - YF30,YF30.1,2026,2026,0,16478,0,"16,478",0
2025,Fire Protection Facilities,31,2024 Bonds,Fire Station #36 - YF31,YF31.1,2027,2027,0,16478,0,0,"16,478"
2025,Fire Protection Facilities,31,2024 Bonds,Fire Station #37 - YF32,YF32.1,2027,2027,0,16478,0,0,"16,478"
2025,Fire Protection Facilities,32,2024 Bonds,Fire Station #39 - Electrical - YF33,YF33.1,2026,2026,0,52400,0,"52,400",0
2025,Fire Protection Facilities,32,2024 Bonds,Fire Station #39 - HVAC - YF34,YF34.1,2026,2026,0,16478,0,"16,478",0
2025,Fire Protection Facilities,32,2024 Bonds,Fire Station #4 - Electrical - YF35,YF35.1,2026,2026,0,52400,0,"52,400",0
2025,Fire Protection Facilities,32,2024 Bonds,Fire Station #4 - HVAC - YF36,YF36.1,2026,2026,0,16478,0,"16,478",0
2025,Fire Protection Facilities,32,2024 Bonds,Fire Station #43 Replacement - 2844 Lombardy Ln - YF37,YF37.1,2025,2027,17098,16769242,(2637),"3,659,189","1,676,800"
2025,Police Facilities,32,2017 Bonds,Fire Station #43 Replacement - VG54,VG54.1,2025,2025,3651,1117812,1114161,0,0
2025,Fire Protection Facilities,32,2024 Bonds,Fire Station #44 - YF38,YF38.1,2027,2027,0,16478,0,0,"16,478"
2025,Fire Protection Facilities,32,2024 Bonds,Fire Station #45 - YF39,YF39.1,2027,2027,0,16478,0,0,"16,478"
2025,Fire Protection Facilities,32,2024 Bonds,Fire Station #46 - YF40,YF40.1,2026,2026,0,52400,0,"52,400",0
2025,Fire Protection Facilities,32,2024 Bonds,Fire Station #47 - YF41,YF41.1,2027,2027,0,16478,0,0,"16,478"
2025,Fire Protection Facilities,32,2024 Bonds,Fire Station #49 - YF42,YF42.1,2027,2027,0,16478,0,0,"16,478"
2025,Fire Protection Facilities,32,2024 Bonds,Fire Station #5 - Electrical - YF44,YF44.1,2026,2027,0,52400,0,"5,240","47,160"
2025,Fire Protection Facilities,32,2024 Bonds,Fire Station #5 - Foundation - YF43,YF43.1,2025,2026,1172,590632,(40),"589,500",0
2025,Fire Protection Facilities,32,2024 Bonds,Fire Station #5 - HVAC - YF45,YF45.1,2026,2026,0,16478,0,"16,478",0
2025,Fire Protection Facilities,32,2017 Bonds,Fire Station #5 - VG25,VG25.1,2025,2025,7565,85000,77435,0,0
2025,Fire Protection Facilities,32,2024 Bonds,Fire Station #50 - YF46,YF46.1,2027,2027,0,16478,0,0,"16,478"
2025,Fire Protection Facilities,32,2024 Bonds,Fire Station #51 - YF47,YF47.1,2027,2027,0,16478,0,0,"16,478"
2025,Fire Protection Facilities,32,2024 Bonds,Fire Station #52 - HVAC - YF49,YF49.1,2027,2027,0,16478,0,0,"16,478"
2025,Fire Protection Facilities,32,2024 Bonds,Fire Station #52 - Structure - YF48,YF48.1,2026,2027,0,786000,0,"78,600","707,400"
2025,Fire Protection Facilities,32,2024 Bonds,Fire Station #53 - YF50,YF50.1,2027,2027,0,16478,0,0,"16,478"
2025,Fire Protection Facilities,32,2024 Bonds,Fire Station #54 - YF51,YF51.1,2027,2027,0,16478,0,0,"16,478"
2025,Fire Protection Facilities,32,2024 Bonds,Fire Station #55 - YF52,YF52.1,2027,2027,0,16478,0,0,"16,478"
2025,Fire Protection Facilities,33,2024 Bonds,Fire Station #56 - YF53,YF53.1,2027,2027,0,16478,0,0,"16,478"
2025,Fire Protection Facilities,33,2024 Bonds,Fire Station #57 - YF54,YF54.1,2027,2027,0,16478,0,0,"16,478"
2025,Fire Protection Facilities,33,2024 Bonds,Fire Station #6 - YF55,YF55.1,2027,2027,0,16478,0,0,"16,478"
2025,Fire Protection Facilities,33,2024 Bonds,Fire Station #8 - Electrical - YF56,YF56.1,2026,2026,0,52400,0,"52,400",0
2025,Fire Protection Facilities,33,2024 Bonds,Fire Station #8 - HVAC - YF57,YF57.1,2026,2026,0,16478,0,"16,478",0
2025,Fleet/ Equipment Replacement,33,Other GO CIP - Debt,Fleet/Equipment Replacement - 8199,8199.1,2025,2025,24646327,25000000,353674,0,0
2025,Fleet/ Equipment Replacement,33,Other GO CIP - Debt,Fleet/Equipment Replacement - EBS - E323,E323.1,2025,2025,3786780,3862422,75642,0,0
2025,Fleet/ Equipment Replacement,33,Other GO CIP - Debt,Fleet/Equipment Replacement (FY20 Fleet Purchases) - E312,E312.1,2025,2025,6698601,6985000,286399,0,0
2025,Fleet/ Equipment Replacement,33,Other GO CIP - Debt,Fleet/Equipment Replacement (FY21 Fleet Purchases) - E445,E445.1,2025,2025,7439328,8000000,560672,0,0
2025,Fleet/ Equipment Replacement,33,Other GO CIP - Debt,FY10 CTS - eCitation - E305,E305.1,2025,2025,988915,1105000,116085,0,0
2025,Fleet/ Equipment Replacement,33,Other GO CIP - Debt,FY10 Sanitation - Fleet Replacement - E306,E306.1,2025,2025,4099400,4285000,185600,0,0
2025,Fleet/ Equipment Replacement,33,Other GO CIP - Debt,FY10 Street Services Operational Equipme - E309,E309.1,2025,2025,1299772,1360000,60228,0,0
2025,Fleet/ Equipment Replacement,33,Internal Service Fund Capital,FY18 DPD Fleet Purchases - W255,W255.1,2025,2025,(31290),0,31290,0,0
2025,Major Maintenance,33,Other GO CIP - Non-Debt,FY21-22 Mid- Year Projects - W701,W701.1,2025,2025,5384695,6151861,767166,0,0
2025,Fleet/ Equipment Replacement,33,Other GO CIP - Debt,FY22 EAN-DFD Apparatus Replacement - E447,E447.1,2025,2025,4804847,5147120,342273,0,0
2025,Fleet/ Equipment Replacement,33,Other GO CIP - Debt,FY22 EAN-EFM General Fleet Replacement - E446,E446.1,2025,2025,7894814,8200000,305186,0,0
2025,Fleet/ Equipment Replacement,34,Other GO CIP - Debt,FY22 EAN-SAN Fleet-Equipment Replacement - E448,E448.1,2025,2025,7985854,8000000,14146,0,0
2025,Major Maintenance,34,Other GO CIP - Non-Debt,FY22-23 Mid- Year Projects - W994,W994.1,2025,2025,2020733,3309137,1288404,0,0
2025,Fleet/ Equipment Replacement,34,Other GO CIP - Debt,FY23 EAN-EFM Fleet-Equipment Replacement - W906,W906.1,2025,2025,7895372,8200000,304628,0,0
2025,Fleet/ Equipment Replacement,34,Other GO CIP - Debt,FY23 EAN-SAN Fleet-Equipment Replacement - W903,W903.1,2025,2025,6505452,8000000,1494548,0,0
2025,Fleet/ Equipment Replacement,34,Other GO CIP - Debt,FY23 EAN-SDM Storm Drainage Management - W904,W904.1,2025,2025,1588494,2500000,911506,0,0
2025,Fleet/ Equipment Replacement,34,Other GO CIP - Debt,FY23 Equipment Notes DFR - W905,W905.1,2025,2025,13201880,13286880,85000,0,0
2025,Fleet/ Equipment Replacement,34,Other GO CIP - Debt,General - Fleet Replacement - E284,E284.1,2025,2025,4588571,4598741,10170,0,0
2025,Major Maintenance,34,Other GO CIP - Non-Debt,General Capital Reserve - 8888,8888.1,2025,2025,9425249,17425249,8000000,0,0
2025,Major Maintenance,34,Other GO CIP - Non-Debt,General Capital Reserve Transfer to Capital - P082,P082.1,2025,2027,51879000,55879000,(13500000),"7,500,000","10,000,000"
2025,Fleet/ Equipment Replacement,34,Other GO CIP - Debt,General Fleet - E381,E381.1,2025,2025,5536557,5637646,101089,0,0
2025,Homeless Housing Services,34,2024 Bonds,Homeless Assistance - CDSF Project- CD1 (Prop I) - YI01,YI01.1,2026,2026,0,1000000,0,"1,000,000",0
2025,Homeless Housing Services,34,2024 Bonds,Homeless Assistance - CDSF Project- CD10 (Prop I) - YI02,YI02.1,2026,2026,0,500000,0,"500,000",0
2025,Homeless Housing Services,34,2024 Bonds,Homeless Assistance - CDSF Project- CD13 (Prop I) - YI03,YI03.1,2026,2026,0,1000000,0,"1,000,000",0
2025,Homeless Housing Services,34,2024 Bonds,Homeless Assistance - CDSF Project- CD2 (Prop I) - YI04,YI04.1,2026,2026,0,1000000,0,"1,000,000",0
2025,Homeless Housing Services,35,2024 Bonds,Homeless Assistance - CDSF Project- CD7 (Prop I) - YI05,YI05.1,2026,2026,0,4500000,0,"4,500,000",0
2025,Homeless Housing Services,35,2024 Bonds,Homeless Assistance - CDSF Project- CD9 (Prop I) - YI06,YI06.1,2026,2026,0,2500000,0,"2,500,000",0
2025,Homeless Housing Services,35,2017 Bonds,Homeless Assistance Facilites - VJ01,VJ01.1,2025,2025,40300,197760,157460,0,0
2025,Homeless Housing Services,35,Other-Housing Department,"Homeowner Stabilization, Home Repair, and Displacement Miti - X004",X004.1,2025,2025,0,40023142,40023142,0,0
2025,Homeless Housing Services,35,2024 Bonds,HVAC and generator at The Bridge - YI08,YI08.1,2025,2025,0,1800000,1800000,0,0
2025,Fleet/ Equipment Replacement,35,Other GO CIP - Debt,Internal Computer Support - X164,X164.1,2025,2025,0,3181286,3181286,0,0
2025,Technology,35,Other GO CIP - Debt,IT Infrastructure - E611,E611.1,2025,2027,0,5850000,975000,"975,000","975,000"
2025,Fleet/ Equipment Replacement,35,Other GO CIP - Debt,IT Investments - X107,X107.1,2025,2025,8398602,24390100,15991498,0,0
2025,Technology,35,Other GO CIP - Debt,IT Network Equipment - E607,E607.1,2025,2027,0,12600000,2100000,"2,100,000","2,100,000"
2025,Fleet/ Equipment Replacement,35,Other GO CIP - Debt,IT Network Equipment 1/5 Annual Replacement - E418,E418.1,2025,2025,0,2100000,2100000,0,0
2025,Technology,35,Other GO CIP - Debt,IT Security Equipment - E608,E608.1,2025,2027,0,2400000,400000,"400,000","400,000"
2025,Fleet/ Equipment Replacement,35,Other GO CIP - Debt,IT Security Equipment 1/5 Annual Replacement - E420,E420.1,2025,2025,0,400000,400000,0,0
2025,Cultural Facilities,35,2024 Bonds,Kalita Humphreys Theater - YE06,YE06.1,,,0,8983794,0,0,0
2025,Library Facilities,35,2024 Bonds,Kleberg-Rylie Library - YD02,YD02.1,2025,2025,43190,262000,218810,0,0
2025,Library Facilities,35,2024 Bonds,Lakewood Library - YD03,YD03.1,2025,2025,46203,262000,215797,0,0
2025,Fleet/ Equipment Replacement,36,Other GO CIP - Debt,Laptop/Desktop 1/4 Annual Replacement - E393,E393.1,2025,2025,2851672,2866685,15013,0,0
2025,Technology,36,Other GO CIP - Debt,Laptop/Desktop Annual Replacement - E609,E609.1,2025,2027,0,13500000,2250000,"2,250,000","2,250,000"
2025,Cultural Facilities,36,Other Gifts and Donations,Latino Cultural Center - 9286,9286.1,2025,2025,0,97117,97117,0,0
2025,Cultural Facilities,36,2024 Bonds,Latino Cultural Center - YE07,YE07.1,2026,2026,0,4033356,0,"4,033,356",0
2025,Library Facilities,36,2024 Bonds,Library - 2024 Bond Projects Reserve - YD13,YD13.1,2025,2025,0,256824,256824,0,0
2025,Library Facilities,36,2024 Bonds,Library Signage - CDSF Project- CD4 (Prop D) - YD01,YD01.1,2025,2025,932,30000,29069,0,0
2025,Cultural Facilities,36,2024 Bonds,Majestic Theatre - YE08,YE08.1,2027,2027,0,8344274,0,0,"727,581"
2025,Major Maintenance,36,Other GO CIP - Non-Debt,Major Maintenance and Repairs FY22 - W680,W680.1,2025,2025,7905547,8934348,1028801,0,0
2025,Major Maintenance,36,Other GO CIP - Non-Debt,Major Maintenance and Repairs FY23 - W927,W927.1,2025,2025,7026034,8370000,1343966,0,0
2025,Major Maintenance,36,Other GO CIP - Non-Debt,Major Maintenance and Repairs FY24 - X055,X055.1,2025,2025,8599948,9000000,400052,0,0
2025,Major Maintenance,36,Other GO CIP - Non-Debt,Major Maintenance and Repairs FY25 - X085,X085.1,2025,2025,0,11000000,11000000,0,0
2025,Major Maintenance,36,Other GO CIP - Non-Debt,Major Maintenance Projects-Arts and Cultural Facilities - W130,W130.1,2025,2025,2300033,2400000,99967,0,0
2025,Library Facilities,36,2024 Bonds,Martin Luther King Jr. Library Building C - YD04,YD04.1,2025,2025,44598,262000,217402,0,0
2025,Fleet/ Equipment Replacement,36,Internal Service Fund Capital,Master Lease Additional Purchases - 3862,3862.1,2025,2025,212516,476614,264098,0,0
2025,Fleet/ Equipment Replacement,37,Other GO CIP - Debt,MDT and RNCs (refresh) - E281,E281.1,2025,2025,4311346,4336377,25031,0,0
2025,Major Maintenance,37,Other GO CIP - Non-Debt,Meyerson Maintenance Support - W629,W629.1,2025,2025,2690618,3541269,850651,0,0
2025,Cultural Facilities,37,2024 Bonds,Meyerson Symphony Center - YE09,YE09.1,2025,2027,2917,7318996,4497083,0,"2,818,996"
2025,Homeless Housing Services,37,2017 Bonds,Miramar Hotel- 1950 Fort Worth Ave - VJ08,VJ08.1,,,2373941,2373941,0,0,0
2025,Cultural Facilities,37,2024 Bonds,Moody Performance Hall - YE10,YE10.1,2027,2027,0,2308978,0,0,"230,898"
2025,Library Facilities,37,2024 Bonds,Mountain Creek Library - YD05,YD05.1,2025,2025,41950,262000,220050,0,0
2025,Police Facilities,37,2017 Bonds,NE Patrol Station - VG37,VG37.1,2025,2025,250703,812274,561571,0,0
2025,Major Maintenance,37,Other GO CIP - Non-Debt,Non-City Owned Cultural Facility Repair - W149,W149.1,2025,2025,400000,600000,200000,0,0
2025,Police Facilities,37,2024 Bonds,North Central Patrol - HVAC - YF65,YF65.1,2027,2027,0,16478,0,0,"16,478"
2025,Police Facilities,37,2024 Bonds,North Central Patrol - Interior Upgrades - YF66,YF66.1,2027,2027,0,1965000,0,0,"1,000"
2025,Police Facilities,37,2024 Bonds,North Central Patrol - Kitchen - YF64,YF64.1,2027,2027,0,262000,0,0,"1,000"
2025,Library Facilities,37,2024 Bonds,North Oak Cliff Replacement - 338 W. 10th St. - YD06,YD06.1,2025,2025,1611,16183620,(491),0,0
2025,Police Facilities,37,2024 Bonds,Northeast Patrol - Chiller - YF67,YF67.1,2027,2027,0,655000,0,0,"1,000"
2025,Police Facilities,37,2024 Bonds,Northeast Patrol - Showers - YF68,YF68.1,2027,2027,0,655000,0,0,"1,000"
2025,Cultural Facilities,37,2024 Bonds,Oak Cliff Cultural Center - YE11,YE11.1,2025,2025,59474,450000,390526,0,0
2025,Library Facilities,37,2024 Bonds,Oak Lawn Library - YD07,YD07.1,2025,2025,43133,262000,218867,0,0
2025,Major Maintenance,37,Other GO CIP - Non-Debt,Oncor Energy Efficiency Program - W692,W692.1,2025,2025,0,194500,194500,0,0
2025,Technology,37,Other GO CIP - Non-Debt,P25 Radio Project - P776,P776.1,2025,2025,848707,924360,75653,0,0
2025,Library Facilities,38,2024 Bonds,Park Forest Replacement - 3728 High Vista Dr. - YD08,YD08.1,2025,2027,895,16183335,(60),0,"16,182,500"
2025,Homeless Housing Services,38,2024 Bonds,Permanent Supportive Housing Projects (Prop I) - YI07,YI07.1,2025,2026,0,6700000,2000000,"4,700,000",0
2025,Major Maintenance,38,Other GO CIP - Non-Debt,Polk Wis.Asb.Abate.B uildba - P203,P203.1,2025,2025,126840,142153,15313,0,0
2025,Library Facilities,38,2006 Bonds,Preston Royal Branch Library - Renovation - W980,W980.1,2025,2025,17640,3830000,3812360,0,0
2025,Library Facilities,38,2024 Bonds,Preston Royal Branch Library Renovation - 5626 Royal Ln. (Match) - YD09,YD09.1,2025,2026,10379,8934165,788686,"8,135,100",0
2025,Major Maintenance,38,Other GO CIP - Non-Debt,Priority Major Maintenance - P717,P717.1,2025,2025,8735029,9242331,507302,0,0
2025,Public Art,38,2006 Bonds,Public Art Admin - Economic Development - PA49,PA49.1,2025,2025,0,25551,25551,0,0
2025,Public Art,38,2006 Bonds,Public Art Admin - Flood Protection and - PA41,PA41.1,2025,2025,0,195265,195265,0,0
2025,Public Art,38,2024 Bonds,Public Art Admin - Library Facilities - PA65,PA65.1,2025,2025,0,20967,20967,0,0
2025,Public Art,38,2024 Bonds,Public Art Admin - Public Safety Facilities - PA67,PA67.1,2025,2025,0,115800,115800,0,0
2025,Public Art,38,2006 Bonds,Public Art Admin - Streets and Transport - PA39,PA39.1,2025,2025,27616,42431,14815,0,0
2025,Public Art,38,2003 Bonds,Public Art Admin- Cultral Art - PA27,PA27.1,2025,2025,0,5473,5473,0,0
2025,Public Art,38,2003 Bonds,Public Art Admin- Economic - PA28,PA28.1,2025,2025,0,3300,3300,0,0
2025,Public Art,38,2003 Bonds,Public Art Admin- Flood - PA23,PA23.1,2025,2025,0,7385,7385,0,0
2025,Public Art,38,2006 Bonds,Public Art Administration - Court Facilities - PA55,PA55.1,2025,2025,0,3039,3039,0,0
2025,Public Art,39,2006 Bonds,Public Art Administration - Farmers Market - PA53,PA53.1,2025,2025,0,2158,2158,0,0
2025,Public Art,39,2017 Bonds,Public Art Administration- Public Works - PA59,PA59.1,2025,2025,64611,178445,113834,0,0
2025,Public Art,39,2003 Bonds,Public Art Admin- SpecStreets - PA26,PA26.1,2025,2025,0,35546,35546,0,0
2025,Public Art,39,2003 Bonds,Public Art Proj- Economic - PA08,PA08.1,2025,2025,0,31200,31200,0,0
2025,Public Art,39,2006 Bonds,Public Art Projects - Economic Developme - PA48,PA48.1,2025,2025,0,106593,106593,0,0
2025,Public Art,39,2006 Bonds,Public Art Projects - Flood Protection a - PA40,PA40.1,2025,2025,1500,781073,779573,0,0
2025,Public Art,39,2003 Bonds,Public Art Projects - Library Facilities - PA02,PA02.1,2025,2025,0,47853,47853,0,0
2025,Public Art,39,2006 Bonds,Public Art Projects - Library Facilities - PA44,PA44.1,2025,2025,34707,36427,1720,0,0
2025,Public Art,39,2024 Bonds,Public Art Projects - Library Facilities - PA64,PA64.1,2025,2025,0,83868,83868,0,0
2025,Public Art,39,2006 Bonds,Public Art Projects - Public Safety Faci - PA42,PA42.1,2025,2025,111100,135141,24041,0,0
2025,Public Art,39,2006 Bonds,Public Art Projects - Public Safety Facilities - PA42,PA42.2,2025,2025,0,1176,1176,0,0
2025,Public Art,39,2017 Bonds,Public Art Projects - Public Safety Facilities - PA42,PA42.3,2025,2025,0,2661,2661,0,0
2025,Public Art,39,2024 Bonds,Public Art Projects - Public Safety Facilities - PA66,PA66.1,2025,2025,0,463200,463200,0,0
2025,Public Art,39,2006 Bonds,Public Art Projects- Court Facilities - PA54,PA54.1,2025,2025,0,12156,12156,0,0
2025,Public Art,39,2017 Bonds,Public Art Projects-Public Works - PA58,PA58.1,2025,2025,44449,713774,669326,0,0
2025,Public Art,40,2003 Bonds,Public Art Proj- LibFac - PA03,PA03.1,2025,2025,0,26231,26231,0,0
2025,Public Art,40,2017 Bonds,Public Art-Parks - PA56,PA56.1,2025,2025,583176,1868257,1285081,0,0
2025,Public Art,40,2006 Bonds,Public Arts Administration- City Facilities - PA51,PA51.1,2025,2025,623,18994,18371,0,0
2025,Public Art,40,2006 Bonds,Public Arts Projects- City Facilities - PA50,PA50.1,2025,2025,0,75974,75974,0,0
2025,Public Art,40,2006 Bonds,Public Arts Projects- Farmers Market - PA52,PA52.1,2025,2025,0,8631,8631,0,0
2025,Public Art,40,2006 Bonds,Public Arts Projects- Library Facilities - PA44,PA44.2,2025,2025,108,17611,17504,0,0
2025,Public Art,40,2017 Bonds,Public Arts Projects-Public Safety - PA62,PA62.1,2025,2025,180596,191820,11224,0,0
2025,Fire Protection Facilities,40,2017 Bonds,Public Safety Campus - VG48,VG48.1,2025,2025,106480,125000,18520,0,0
2025,Fleet/ Equipment Replacement,40,Other GO CIP - Debt,Public Safety MDC Replacement - E610,E610.1,2025,2025,0,1000000,1000000,0,0
2025,Technology,40,Other GO CIP - Debt,Public Safety MDC Replacement - E610,E610.2,2026,2027,0,5000000,0,"1,000,000","1,000,000"
2025,Fleet/ Equipment Replacement,40,Internal Service Fund Capital,Public Works Equipment Purchases - 7863,7863.1,2025,2025,429038,450636,21598,0,0
2025,Public Art,40,2017 Bonds,Pulbic Art Admin- Parks - PA57,PA57.1,2025,2025,417463,459569,42107,0,0
2025,Library Facilities,40,2024 Bonds,Renner Frankford Library - YD10,YD10.1,2025,2025,42356,262000,219644,0,0
2025,City and Municipal Court Facilities,40,2006 Bonds,Reserve Bond Projects - RV30,RV30.1,2025,2025,0,61960,61960,0,0
2025,City and Municipal Court Facilities,40,2003 Bonds,Reserve Bond Projects - RV42,RV42.1,2025,2025,0,75769,75769,0,0
2025,City and Municipal Court Facilities,40,2006 Bonds,Reserve Bond Projects - RV49,RV49.1,2025,2025,0,7348,7348,0,0
2025,City and Municipal Court Facilities,41,2017 Bonds,Reserved 2017 Bond Projects- City Facilities - BSD - VH16,VH16.1,2025,2025,0,1092718,1092718,0,0
2025,Cultural Facilities,41,2017 Bonds,Reserved 2017 Bond Projects- Cultural Af - VF10,VF10.1,2025,2025,0,706842,706842,0,0
2025,Police Facilities,41,2017 Bonds,Reserved 2017 Bond Projects- Public Safety - VG43,VG43.1,2025,2025,0,751474,751474,0,0
2025,Library Facilities,41,2017 Bonds,Reserved 2017 Bond Projects- Library Facilities - VE04,VE04.1,2025,2025,0,485811,485811,0,0
2025,Police Facilities,41,2006 Bonds,Reserved Bond Projects - RV33,RV33.1,2025,2025,0,4178,4178,0,0
2025,Police Facilities,41,2003 Bonds,Reserved Bond Projects - RV33,RV33.2,2025,2025,0,8133,8133,0,0
2025,City and Municipal Court Facilities,41,2006 Bonds,Reserved Bond Projects - RV60,RV60.1,2025,2025,0,39257,39257,0,0
2025,Cultural Facilities,41,2024 Bonds,Sammons Center for the Arts - YE12,YE12.1,2025,2026,0,3789493,350,"3,789,143",0
2025,Fleet/ Equipment Replacement,41,Other GO CIP - Debt,San Fleet Repl Ebs Owned - E240,E240.1,2025,2025,4122500,4423770,301270,0,0
2025,Fleet/ Equipment Replacement,41,Other GO CIP - Debt,Sanitation - Fleet Replacement - E299,E299.1,2025,2025,6008675,6146164,137489,0,0
2025,Fleet/ Equipment Replacement,41,Other GO CIP - Debt,SDM Equipment Notes - E615,E615.1,2025,2025,1981939,2500000,518061,0,0
2025,Library Facilities,41,2024 Bonds,Skillman Southwestern Library - YD11,YD11.1,2025,2025,43757,262000,218244,0,0
2025,Major Maintenance,41,Other GO CIP - Non-Debt,Solar FY25 - X149,X149.1,2025,2025,0,500000,500000,0,0
2025,Major Maintenance,41,Other GO CIP - Non-Debt,Solar Installation - W799,W799.1,2026,2027,500000,1500000,0,"500,000","500,000"
2025,Major Maintenance,41,Other GO CIP - Non-Debt,Solar Installation FY24 - X056,X056.1,2025,2025,259274,500000,240726,0,0
2025,Major Maintenance,41,Other GO CIP - Non-Debt,Solar Installation Project FY 23 - W928,W928.1,2025,2025,1213815,1500000,286185,0,0
2025,City and Municipal Court Facilities,41,2006 Bonds,Southeast Service Center - Construction - T743,T743.1,,,15407,15407,0,0,0
2025,City and Municipal Court Facilities,42,2006 Bonds,Southeast Service Center - Construction - T743,T743.2,2025,2025,1626864,3089272,1462408,0,0
2025,City and Municipal Court Facilities,42,2017 Bonds,Southeast Service Center - Construction - T743,T743.3,2025,2025,0,6680910,6680910,0,0
2025,Fleet/ Equipment Replacement,42,Internal Service Fund Capital,Southeast Service Center Construction - X199,X199.1,2025,2025,0,1798398,1798398,0,0
2025,City and Municipal Court Facilities,42,2017 Bonds,Southwest Transfer Station [24410] - VH11,VH11.1,2025,2025,41357,205000,163643,0,0
2025,Major Maintenance,42,Other GO CIP - Non-Debt,Space Planning- Major Maintenance and Repairs - W664,W664.1,2025,2025,397059,438302,41243,0,0
2025,Fleet/ Equipment Replacement,42,Other GO CIP - Debt,Structural Analysis Equipment - E289,E289.1,2025,2025,85869,173000,87131,0,0
2025,Police Facilities,42,2017 Bonds,SW Patrol Station - VG42,VG42.1,2025,2025,42921,1250000,1207079,0,0
2025,Fleet/ Equipment Replacement,42,Other GO CIP - Debt,Technology Infrastructure Redesign - E421,E421.1,2025,2025,0,975000,975000,0,0
2025,Fleet/ Equipment Replacement,42,Other GO CIP - Debt,Time Keeping - HRIS Upgrade - E290,E290.1,2025,2025,582533,600301,17768,0,0
2025,Homeless Housing Services,42,2017 Bonds,Townhouse Suites- 4150 Independence Drive - VJ14,VJ14.1,,,6904773,6904773,0,0,0
2025,Major Maintenance,42,Other GO CIP - Non-Debt,Trinity Forest Golf Course - P837,P837.1,2025,2025,2790007,3970000,1179993,0,0
2025,Major Maintenance,42,Other GO CIP - Non-Debt,Underground Storage Tank Removal - W021,W021.1,2025,2025,494641,600000,105359,0,0
2025,City and Municipal Court Facilities,42,2017 Bonds,Unspecified ADA Improvements - VH12,VH12.1,2025,2025,936141,3230000,2293860,0,0
2025,Major Maintenance,42,2024 Bonds,UST Removal and Replacement - YF76,YF76.1,2025,2026,499,1986689,179859,"1,806,331",0
2025,Library Facilities,42,Other GO CIP - Non-Debt,Vickery Meadow Branch Library - VE03,VE03.1,2025,2025,350749,779955,429206,0,0
2025,Cultural Facilities,43,2024 Bonds,Winspear Opera House - YE14,YE14.1,2025,2027,13931,6614190,1136071,0,"4,425,607"
2025,Cultural Facilities,43,2024 Bonds,Wyly Theatre - YE15,YE15.1,2025,2027,11636,5007584,539,0,"4,995,409"
2025,Police Facilities,43,2024 Bonds,Property Division - YF69,YF69.1,2027,2027,0,16478,0,0,"16,478"
2025,Police Facilities,43,2024 Bonds,Quarter Master - YF70,YF70.1,2027,2027,0,16478,0,0,"16,478"
2025,Police Facilities,43,2024 Bonds,Radio Shop/ Communications Building - YF71,YF71.1,2027,2027,0,16478,0,0,"16,478"
2025,Police Facilities,43,2024 Bonds,South Central PD - YF72,YF72.1,2027,2027,0,16478,0,0,"16,478"
2025,Police Facilities,43,2024 Bonds,Southeast Patrol - Water/Sewer - YF73,YF73.1,2027,2027,0,262000,0,0,"1,000"
2025,Police Facilities,43,2024 Bonds,Southeast Patrol - Shower/Locker Room Renovation - YF74,YF74.1,2027,2027,0,655000,0,0,"1,000"
2025,Police Facilities,43,2024 Bonds,Southwest Police Station - YF75,YF75.1,2027,2027,0,16478,0,0,"16,478"
2025,Cultural Facilities,43,2024 Bonds,South Dallas Cultural Center - YE13,YE13.1,2026,2026,0,2276078,0,"2,276,078",0
2025,Major Maintenance,43,2024 Bonds,Facility Public Improvements - X234,X234.1,2026,2026,0,253515,0,"253,515",0
2025,Major Maintenance,43,2017 Bonds,Facility Public Improvements - X234,X234.2,2026,2026,0,1868127,0,"1,868,127",0
2025,Major Maintenance,43,Other GO CIP - Non-Debt,Fire Alarm System Upgrade - X235,X235.1,2026,2026,0,1200000,0,"1,200,000",0
2025,Major Maintenance,43,Other GO CIP - Non-Debt,Preventive Maintenance at Fire Stations - X236,X236.1,2026,2027,0,1000000,0,"500,000","500,000"
2025,Major Maintenance,43,Other GO CIP - Non-Debt,Major Maintenance and Repairs FY26 - X238,X238.1,2026,2027,0,23000000,0,"11,000,000","12,000,000"
2025,Major Maintenance,43,Other GO CIP - Non-Debt,Priority Major Maintenance - X239,X239.1,2026,2027,0,2800000,0,"1,300,000","1,500,000"
2025,Convention Center Improvement,47,Convention Center Capital Program,Convention Center Facility Improvements - W111,W111.1,2025,2025,5401289,12909637,7508349,0,0
2025,Convention Center Improvement,47,Convention Center Capital Program,Convention Center Master Plan - W433,W433.1,2025,2027,137293879,194707606,36413727,"5,550,000","6,300,000"
2025,Convention Center Improvement,47,Convention Center Capital Program,Convention Facility Elevator Escalator Improvement Project - W106,W106.1,2025,2025,6763811,7071856,308045,0,0
2025,Convention Center Improvement,47,Convention Center Capital Program,EBJ Union Station - W602,W602.1,2025,2027,1516680,2409348,17668,"175,000","175,000"
2025,Convention Center Improvement,47,Convention Center Capital Program,Fire Sprinkler Pipe Replacement - W298,W298.1,2025,2025,165367,5376867,5211500,0,0
2025,Convention Center Improvement,47,Convention Center Capital Program,JOC Projects - W604,W604.1,2025,2027,2757478,15666313,5908835,"1,400,000","1,400,000"
2025,Convention Center Improvement,47,Convention Center Capital Program,KBHCCD Water Infiltration Project - W188,W188.1,2025,2026,919476,8460031,7440555,"100,000",0
2025,Convention Center Improvement,47,Convention Center Capital Program,Pioneer Plaza - W601,W601.1,2025,2025,0,1448350,1448350,0,0
2025,Convention Center Improvement,47,Convention Center Capital Program,Restroom Modernization and Accessibility Improvements - W431,W431.1,2025,2025,1814290,7249493,5435203,0,0
2025,Convention Center Improvement,47,Convention Center Capital Program,Spectra Projects - W603,W603.1,2025,2027,4690487,7409000,2093513,"250,000","250,000"
2025,Convention Center Improvement,47,Convention Center Capital Program,TBAAL Capital Improvements - W432,W432.1,2025,2025,1589678,2425135,835458,0,0
2025,Economic Development Bonds,56,2017 Bonds,1632 MLK Blvd. Project - St. Phillips Redevelopment Project - VI27,VI27.1,,,1000000,1000000,0,0,0
2025,Home Ownership/ Development,56,2017 Bonds,6601 S. Lancaster Rd. Homeownership Development - VI44,VI44.1,2025,2027,0,1000000,1000000,,
2025,Home Ownership/ Development,56,2012 Bonds,6601 S. Lancaster Rd. Homeownership Development - X224,X224.1,2025,2027,0,1100000,1100000,,
2025,Home Ownership/ Development,56,2024 Bonds,6601 S. Lancaster Rd. Homeownership Development - YH04,YH04.1,2025,2025,0,2880000,2880000,0,0
2025,Economic Development Incentive Program,56,Other GO CIP - Non-Debt,Action Plan for Southern Sector Eco Deve - P525,P525.1,,,173719,173719,0,0,0
2025,Home Ownership/ Development,56,Other GO CIP - Non-Debt,Affordable Housing Partcip - P008,P008.1,2025,2025,1546863,1620566,73703,0,0
2025,Economic Development Bonds,56,2017 Bonds,Bonton Cluster Project - VI24,VI24.1,2025,2025,0,730072,730072,0,0
2025,Economic Development Incentive Program,56,Other GO CIP - Non-Debt,Bonton Farms Public Services Facility - X062,X062.1,,,850000,850000,0,0,0
2025,Economic Development Incentive Program,56,Other GO CIP - Non-Debt,Bridge Labs at Pegasus Park - W997,W997.1,,,3000000,3000000,0,0,0
2025,Design District Tax Increment Financing District,56,Other GO CIP - Non-Debt,Cabana Mixed- Income Multifamily Redevelopment Project - X043,X043.1,2025,2027,5000000,40886970,10500000,"8,210,074","8,459,826"
2025,Community Investments,57,2003 Bonds,CD1 - Southern Gateway - W483,W483.1,2025,2025,150000,320000,170000,0,0
2025,Community Investments,57,Other GO CIP - Non-Debt,CD1 - Southern Gateway - W483,W483.2,2025,2025,99184,180000,80816,0,0
2025,Community Investments,57,2003 Bonds,CD10 - LBJ Skillman - W492,W492.1,2025,2025,0,119322,119322,0,0
2025,Community Investments,57,Other GO CIP - Non-Debt,CD10 - LBJ Skillman - W492,W492.2,2025,2025,305377,880678,575301,0,0
2025,Community Investments,57,Other GO CIP - Non-Debt,CD12 - Streets - W494,W494.1,2025,2025,109709,500000,390291,0,0
2025,Community Investments,57,2003 Bonds,CD13 - Vickery Meadows - W495,W495.1,2025,2025,97165,151969,54804,0,0
2025,Community Investments,57,Other GO CIP - Non-Debt,CD13 - Vickery Meadows - W495,W495.2,2025,2025,394407,848031,453624,0,0
2025,Community Investments,57,2003 Bonds,CD14 - Streets - W496,W496.1,2025,2025,4518,500000,495482,0,0
2025,Community Investments,57,Other GO CIP - Non-Debt,CD14 - Streets - W496,W496.2,2025,2025,117904,225000,107096,0,0
2025,Community Investments,57,Other GO CIP - Non-Debt,CD2 - Jubilee Park - W484,W484.1,2025,2025,493600,500000,6400,0,0
2025,Community Investments,57,Other GO CIP - Non-Debt,CD3 - Executive Airport - W485,W485.1,2025,2025,218539,620000,401461,0,0
2025,Community Investments,57,2003 Bonds,CD4 -The Bottom/10th Street - W486,W486.1,2025,2025,748978,750000,1022,0,0
2025,Community Investments,57,Other GO CIP - Non-Debt,CD4 -The Bottom/10th Street - W486,W486.2,2025,2025,17201,750000,732799,0,0
2025,Community Investments,57,1998 Bonds,CD5 - Buckner Station / Pleasant Grove - W487,W487.1,2025,2025,0,298755,298755,0,0
2025,Community Investments,57,2003 Bonds,CD5 - Buckner Station / Pleasant Grove - W487,W487.2,2025,2025,0,2092572,2092572,0,0
2025,Community Investments,57,Other GO CIP - Non-Debt,CD5 - Buckner Station / Pleasant Grove - W487,W487.3,2025,2025,111950,1197259,1085309,0,0
2025,Community Investments,57,Other GO CIP - Non-Debt,CD6 - West Dallas - W488,W488.1,2025,2025,1679482,1700000,20518,0,0
2025,Community Investments,57,2003 Bonds,CD7 - Forest Heights - W489,W489.1,2025,2025,353901,382841,28940,0,0
2025,Community Investments,57,Other GO CIP - Non-Debt,CD7 - Forest Heights - W489,W489.2,2025,2025,671776,1338969,667193,0,0
2025,Community Investments,57,Other GO CIP - Non-Debt,CD8 - University Hills - W490,W490.1,2025,2025,1925243,2500000,574757,0,0
2025,Community Investments,57,2003 Bonds,CD9 - Casa View - W491,W491.1,2025,2025,0,30000,30000,0,0
2025,Community Investments,58,Other GO CIP - Non-Debt,CD9 - Casa View - W491,W491.2,2025,2025,916254,970000,53746,0,0
2025,Southwestern Medical Tax Increment Financing District,58,Other GO CIP - Non-Debt,Cedars Branch Bridge - P895,P895.1,2025,2025,0,826500,826500,0,0
2025,City Center Tax Increment Financing District,58,Other GO CIP - Non-Debt,City Center - Administrative - 9870,9870.1,2025,2027,2753050,3933915,180865,"200,000","200,000"
2025,City Center Tax Increment Financing District,58,Other GO CIP - Non-Debt,City Center Tax Increment - 9912,9912.1,2025,2027,6105782,13475463,10000,0,"1,721,500"
2025,Fort Worth Avenue Tax Increment Financing District,58,Other GO CIP - Non-Debt,Collective Mixed Use Development - W180,W180.1,,,819030,819030,0,0,0
2025,Downtown Connection Tax Increment Financing District,58,Other GO CIP - Non-Debt,Continental Bldg Increment Repayment - P832,P832.1,2025,2027,1884010,3295833,634388,"155,487","155,487"
2025,Cypress Waters Tax Increment Financing District,58,Other GO CIP - Non-Debt,Cypress Waters Repayment of Advances - P634,P634.1,2025,2027,0,55220841,17618731,0,"8,891,202"
2025,Cypress Waters Tax Increment Financing District,58,Other GO CIP - Non-Debt,Cypress Waters TIF Admin. - P633,P633.1,2025,2027,288204,1212654,424450,0,"125,000"
2025,Davis Garden Tax Increment Financing District,58,Other GO CIP - Non-Debt,Davis Garden - Repayment of Advances - P563,P563.1,2025,2027,70,27422787,4663128,"3,780,742","4,133,160"
2025,Davis Garden Tax Increment Financing District,58,Other GO CIP - Non-Debt,Davis Garden Admin - P409,P409.1,2025,2027,482564,1604728,447164,"135,000","135,000"
2025,Davis Garden Tax Increment Financing District,58,Other GO CIP - Non-Debt,Davis Street Infrastructure Improvements - P754,P754.1,2025,2025,845386,2201179,1355793,0,0
2025,Farmers Market Tax Increment Financing District,58,Other GO CIP - Non-Debt,Debt Service Transfer to other Departments - W891,W891.1,2025,2027,0,11361407,6407006,"2,841,202","2,113,199"
2025,Mall Area Redevelopment Tax Increment Financing District,59,Other GO CIP - Non-Debt,Debt Service Transfer to PPPF (Red Bird Mall Redev Project) - Q008,Q008.1,2025,2027,586628,2038887,34049,"283,642","283,642"
2025,Deep Ellum Tax Increment Financing District,59,Other GO CIP - Non-Debt,Deep Ellum Admin - P407,P407.1,2025,2027,518141,955527,187385,0,"125,000"
2025,Deep Ellum Tax Increment Financing District,59,Other GO CIP - Non-Debt,Deep Ellum Repay Dev Adv - P406,P406.1,2025,2027,595424,32780222,15317324,0,"8,265,919"
2025,Design District Tax Increment Financing District,59,Other GO CIP - Non-Debt,Design District Admin - P404,P404.1,2025,2027,510541,1276386,420845,"115,000","115,000"
2025,Design District Tax Increment Financing District,59,Other GO CIP - Non-Debt,Design District TIF - Repayment of Advances - P471,P471.1,2025,2025,0,12401905,12401905,0,0
2025,Design District Tax Increment Financing District,59,Other GO CIP - Non-Debt,Design DistrictTIF - P926,P926.1,2025,2025,7650000,7950000,300000,0,0
2025,Economic Development Bonds,59,2006 Bonds,DHADC Land Bank Services - W310,W310.1,2025,2025,963500,1500000,536500,0,0
2025,Economic Development Bonds,59,Other GO CIP - Non-Debt,DHV Restoration Project - W438,W438.1,2025,2025,0,650000,650000,0,0
2025,Economic Development Bonds,59,2017 Bonds,Disc Eco Dev CD6 SDMIF - VI09,VI09.1,2025,2025,640969,2500000,1859031,0,0
2025,Economic Development Bonds,59,2017 Bonds,Disc Mayor Golden Seeds - VI10,VI10.1,,,500000,500000,0,0,0
2025,Economic Development Bonds,59,2017 Bonds,Discretionary Economic Development - Mayor - VI02,VI02.1,,,2500000,2500000,0,0,0
2025,Economic Development Bonds,59,2017 Bonds,Discretionary Economic Development CD3 - VI03,VI03.1,,,3000000,3000000,0,0,0
2025,Economic Development Bonds,59,2017 Bonds,Discretionary Economic Development CD8 - VI04,VI04.1,,,4131414,4131414,0,0,0
2025,Downtown Connection Tax Increment Financing District,60,Other GO CIP - Non-Debt,Downtown Connection TIF - Increment - P305,P305.1,2025,2027,4201400,305707983,47691821,"47,772,832","48,735,898"
2025,Downtown Connection Tax Increment Financing District,60,Other GO CIP - Non-Debt,Downtown Connection TIF - Repayment of Advances - P566,P566.1,,,0,0,0,0,0
2025,Downtown Connection Tax Increment Financing District,60,Other GO CIP - Non-Debt,Downtown Connection TIF Admin - X177,X177.1,2025,2027,1401,1858835,732434,"225,000","225,000"
2025,Oak Cliff Gateway Tax Increment Financing District,60,Other GO CIP - Non-Debt,East Dock Development Project - X148,X148.1,,,0,0,0,0,0
2025,Economic Development Bonds,60,2017 Bonds,Eco Dev Program for CIty of Dallas Neighborhood Empowerment No. 10 (NEZ 10) - VI13,VI13.1,2025,2025,50000,1000000,950000,0,0
2025,Economic Development Bonds,60,2024 Bonds,Economic Development - CDSF Project CD 1 - YG01,YG01.1,,,0,2000000,0,0,0
2025,Economic Development Bonds,60,2024 Bonds,Economic Development - CDSF Project CD 11 - YG02,YG02.1,,,0,3500000,0,0,0
2025,Economic Development Bonds,60,2024 Bonds,Economic Development - CDSF Project CD 3 - YG03,YG03.1,,,0,1000000,0,0,0
2025,Economic Development Bonds,60,2012 Bonds,Economic Development - Citywide - W513,W513.1,2025,2025,0,1035802,1035802,0,0
2025,Economic Development Bonds,60,2024 Bonds,Economic Development - EIP aligned project (Prop G) - YG04,YG04.1,2027,2027,0,19702630,0,0,"6,009,070"
2025,Home Ownership/ Development,60,2024 Bonds,Economic Development - Housing Focus (Prop G) - YG05,YG05.1,2025,2027,0,41102554,4794816,"2,832,290","1,301,593"
2025,Economic Development Bonds,60,2012 Bonds,Economic Development and Housing Demand - S801,S801.1,,,1845000,1845000,0,0,0
2025,Economic Development Bonds,61,2017 Bonds,Economic Development and Housing Demand - VI26,VI26.1,2025,2025,0,5576698,5576698,0,0
2025,Economic Development Bonds,61,2017 Bonds,Economic Development-ECO Transfer Unit - VI01,VI01.1,2025,2025,0,8803727,8803727,0,0
2025,Economic Development Incentive Program,61,Other GO CIP - Non-Debt,EDC Contributions - W991,W991.1,,,100000,100000,0,0,0
2025,Infrastructure Investment Fund,61,Other GO CIP - Non-Debt,Expired TIF Districts Transfer Receiving Unit - X037,X037.1,2025,2027,0,75613573,875620,"5,987,811","5,987,111"
2025,Economic Development Bonds,61,2017 Bonds,Fair Park West Jeffries-Meyers - VI15,VI15.1,,,741730,741730,0,0,0
2025,Farmers Market Tax Increment Financing District,61,Other GO CIP - Non-Debt,Farmers Mkt Admin - 9576,9576.1,2025,2027,1010568,2051974,461406,"145,000","145,000"
2025,Farmers Market Tax Increment Financing District,61,Other GO CIP - Non-Debt,Farmers Mkt Tax Increment - Q005,Q005.1,2025,2027,0,13007244,66180,0,"4,145,651"
2025,Home Ownership/ Development,61,2012 Bonds,Flora Street Project - W168,W168.1,,,0,0,0,0,0
2025,Infrastructure Investment Fund,61,Other GO CIP - Non-Debt,Forest Theater Project - X153,X153.1,,,7000000,7000000,0,0,0
2025,Economic Development Incentive Program,61,Other GO CIP - Non-Debt,Forest Theater Project - X153,X153.2,,,1000000,1000000,0,0,0
2025,Fort Worth Avenue Tax Increment Financing District,61,Other GO CIP - Non-Debt,Fort Worth Ave Admin - P408,P408.1,2025,2027,545355,1475903,490548,0,"110,000"
2025,Fort Worth Avenue Tax Increment Financing District,61,Other GO CIP - Non-Debt,Fort Worth Ave. - Repayment of Advances - P562,P562.1,2025,2027,8643,30568148,4764935,0,"6,067,980"
2025,Grand Park South Tax Increment Financing District,61,Other GO CIP - Non-Debt,Grand Park South - Repayment of Advances - P397,P397.1,2025,2026,0,1949842,1205903,"743,939",0
2025,Grand Park South Tax Increment Financing District,62,Other GO CIP - Non-Debt,Grand Park South - Repayment of Advances - P397,P397.2,2025,2027,0,3689956,407692,0,"770,007"
2025,Grand Park South Tax Increment Financing District,62,Other GO CIP - Non-Debt,Grand Park South - TIF Administration - P396,P396.1,2025,2027,415606,1477019,436413,"125,000","125,000"
2025,Economic Development Incentive Program,62,Other GO CIP - Non-Debt,H Mart - W998,W998.1,,,2500000,2500000,0,0,0
2025,Economic Development Incentive Program,62,Other GO CIP - Non-Debt,HAECO Global- Dallas Office - X163,X163.1,,,500000,500000,0,0,0
2025,Economic Development Bonds,62,2017 Bonds,Hensley Field re-use and redevelopment project - VI25,VI25.1,,,862609,862609,0,0,0
2025,Deep Ellum Tax Increment Financing District,62,Other GO CIP - Non-Debt,"Homeowner Stabilization, Home Repair, and Displacement Miti - X004",X004.2,2025,2025,2875875,4402450,1526575,0,0
2025,Oak Cliff Gateway Tax Increment Financing District,62,Other GO CIP - Non-Debt,"Homeowner Stabilization, Home Repair, and Displacement Mitigation - X004",X004.3,2025,2025,2546726,4036689,1489963,0,0
2025,Fort Worth Avenue Tax Increment Financing District,62,Other GO CIP - Non-Debt,"Homeowner Stabilization, Home Repairs & Mitigation Program - X004",X004.4,2025,2025,912287,1483476,571189,0,0
2025,Economic Development Bonds,62,2006 Bonds,Hou Prop 8 Acquisition & Demolition - T808,T808.1,,,5164692,5164692,0,0,0
2025,Economic Development Bonds,62,2006 Bonds,Housing - Acquisition and Demolition - T807,T807.1,2025,2025,8691090,8703770,12680,0,0
2025,Home Ownership/ Development,62,2024 Bonds,Housing - CDSF Project-CD3 (Prop H) - YH01,YH01.1,2025,2027,0,2000000,400000,"400,000","400,000"
2025,Economic Development Bonds,62,2006 Bonds,Housing - Land Bank - T802,T802.1,2025,2025,1324169,1350000,25831,0,0
2025,Home Ownership/ Development,62,2012 Bonds,Housing Demand Driven Projects - S803,S803.1,2025,2025,2869534,2871313,1779,0,0
2025,Economic Development Incentive Program,63,Other GO CIP - Non-Debt,Housing Emergency Repairs Program - W678,W678.1,2025,2025,1407312,2000000,592688,0,0
2025,Home Ownership/ Development,63,2024 Bonds,Housing Project - Infrastructure (Prop H) - YH02,YH02.1,2026,2027,0,19520000,0,"4,880,000","4,880,000"
2025,Community Investments,63,Other GO CIP - Debt,Housing Purposes - P477,P477.1,2025,2025,1989780,2000000,10220,0,0
2025,Economic Development Bonds,63,2017 Bonds,Integrated Community Development Project - VI29,VI29.1,2025,2025,264224,263725,(500),0,0
2025,Economic Development Bonds,63,2017 Bonds,Jeffries-Meyers Infill Development Project - VI18,VI18.1,,,1427000,1427000,0,0,0
2025,City Center Tax Increment Financing District,63,Other GO CIP - Non-Debt,Klyde Warren Park Project (KWP2) Phase II - W677,W677.1,2025,2025,0,3000000,3000000,0,0
2025,Economic Development Incentive Program,63,Other GO CIP - Non-Debt,Koya Medical HQ - X082,X082.1,,,350000,350000,0,0,0
2025,Skillman Corridor Tax Increment Financing District,63,Other GO CIP - Non-Debt,Lake Highlands Gateway Bridge Enhancemen - W187,W187.1,2025,2025,35000,70000,35000,0,0
2025,Skillman Corridor Tax Increment Financing District,63,Other GO CIP - Non-Debt,Lake Highlands Tower Center - P373,P373.1,2025,2025,8337751,11667950,3330199,0,0
2025,Transit- Oriented Development (TOD) Tax Increment Financing District,63,Other GO CIP - Non-Debt,Lancaster-Corning Retail Development Project - X072,X072.1,2025,2025,3750,1781750,1778000,0,0
2025,Economic Development Bonds,63,2017 Bonds,Lancaster-Corning Retail Development Project-CD#4 - VI45,VI45.1,2025,2027,0,2595901,2595901,,
2025,Economic Development Incentive Program,63,Other GO CIP - Non-Debt,Legal and Underwriting Service Fees - X081,X081.1,2025,2025,105000,324545,219545,0,0
2025,Maple- Mockingbird Tax Increment Financing District,64,Other GO CIP - Non-Debt,LIHTC Oaklawn Place Project - W804,W804.1,,,5414006,5414006,0,0,0
2025,Home Ownership/ Development,64,2012 Bonds,Lisbon Village Estates SF Development Project - W648,W648.1,,,0,0,0,0,0
2025,Economic Development Bonds,64,2012 Bonds,Longhorn Ballroom Project - W892,W892.1,,,1800000,1800000,0,0,0
2025,Transit- Oriented Development (TOD) Tax Increment Financing District,64,Other GO CIP - Non-Debt,Longhorn Ballroom Project - W892,W892.2,2025,2025,1,3770701,3770700,0,0
2025,Economic Development Incentive Program,64,Other GO CIP - Non-Debt,Lucie-Partial Ops Consolidation - W470,W470.1,2025,2025,25392,8600000,8574608,0,0
2025,Economic Development Incentive Program,64,Other GO CIP - Non-Debt,Malcom's Point Retail Project - X151,X151.1,2025,2025,0,312500,312500,0,0
2025,Mall Area Redevelopment Tax Increment Financing District,64,Other GO CIP - Non-Debt,Mall Area Redevelopment TIF Admin - W008,W008.1,2025,2027,222811,1916755,1193943,"100,000","100,000"
2025,Mall Area Redevelopment Tax Increment Financing District,64,Other GO CIP - Non-Debt,Mall Area Redevelopment TIF Increment - W185,W185.1,2025,2027,0,8593547,1303272,"1,316,494","1,384,499"
2025,Maple- Mockingbird Tax Increment Financing District,64,Other GO CIP - Non-Debt,Maple/Mockingbird - TIF - P560,P560.1,2025,2027,340164,1090036,349872,0,"100,000"
2025,Maple- Mockingbird Tax Increment Financing District,64,Other GO CIP - Non-Debt,Maple-Mockingbird - Repayment of Advances - P565,P565.1,2025,2027,0,52497458,11744123,0,"8,385,579"
2025,Economic Development Bonds,64,2017 Bonds,Mill City Infill Development Project - VI14,VI14.1,,,2000000,2000000,0,0,0
2025,Transit- Oriented Development (TOD) Tax Increment Financing District,65,Other GO CIP - Non-Debt,Mockingbird Station East Project - W817,W817.1,2025,2027,0,31308614,5121774,"4,882,347","5,033,318"
2025,Home Ownership/ Development,65,Other GO CIP - Non-Debt,Neighborhood Empowerment Zones - 5548,5548.1,2025,2025,0,1000000,1000000,0,0
2025,Downtown Connection Tax Increment Financing District,65,Other GO CIP - Non-Debt,Newpark Sub- District-TIF Admin - W970,W970.1,2026,2027,9186,134186,0,"25,000","25,000"
2025,Downtown Connection Tax Increment Financing District,65,Other GO CIP - Non-Debt,Newpark Sub- District-TIF Increment - W921,W921.1,2025,2027,0,63321,37290,"3,440","4,009"
2025,Sports Arena Tax Increment Financing District,65,Other GO CIP - Non-Debt,North Parking Garage Project - P729,P729.1,2025,2027,25336938,33118141,3795132,0,"3,986,070"
2025,Oak Cliff Gateway Tax Increment Financing District,65,Other GO CIP - Non-Debt,Oak Cliff Gateway Tax Increment - Q002,Q002.1,2025,2027,591189,60158435,10780684,0,"10,898,777"
2025,Oak Cliff Gateway Tax Increment Financing District,65,Other GO CIP - Non-Debt,Oak Cliff/Gateway Admin - 9915,9915.1,2025,2027,1234398,2558902,524504,0,"200,000"
2025,Economic Development Bonds,65,2017 Bonds,Palladium Buckner Station Mixed Income & TOD Project - VI39,VI39.1,2025,2027,0,1738275,1738275,,
2025,Economic Development Bonds,65,2006 Bonds,Palladium Buckner Station Mixed Income & TOD Project - X196,X196.1,2025,2027,0,1583816,1583816,,
2025,Economic Development Incentive Program,65,Other GO CIP - Non-Debt,Palladium Buckner Station Mixed Income & TOD Project - X196,X196.2,2025,2027,0,6183093,6183093,,
2025,Economic Development Bonds,65,2024 Bonds,Palladium Buckner Station Mixed Income & TOD Project - YG07,YG07.1,2025,2025,0,4994816,4994816,0,0
2025,Farmers Market Tax Increment Financing District,66,Other GO CIP - Non-Debt,Pearl Lofts Mixed- Use & Mixed Income Development Project - W819,W819.1,2025,2025,0,6544249,6544249,0,0
2025,Economic Development Bonds,66,2012 Bonds,Power and Light Project - X114,X114.1,2025,2025,0,1854995,1854995,0,0
2025,Economic Development Incentive Program,66,Other GO CIP - Non-Debt,Predevelopment Assistance Program - W953,W953.1,2025,2025,0,100000,100000,0,0
2025,Economic Development Incentive Program,66,Other GO CIP - Non-Debt,Project Meadow NEZ 20 - W831,W831.1,,,4375000,4375000,0,0,0
2025,University Tax Increment Financing District,66,Other GO CIP - Non-Debt,Project Meadow NEZ 20 - W832,W832.1,2025,2027,0,19058436,5480283,"2,551,014","2,604,034"
2025,Economic Development Incentive Program,66,Other GO CIP - Non-Debt,Project Turnpike - W633,W633.1,,,250000,250000,0,0,0
2025,Economic Development Bonds,66,2006 Bonds,Project Turtle - Grocery Store - W985,W985.1,,,0,0,0,0,0
2025,Economic Development Incentive Program,66,Other GO CIP - Non-Debt,Project Turtle- Grocery Store - W971,W971.1,,,0,0,0,0,0
2025,Economic Development Incentive Program,66,Other GO CIP - Non-Debt,Public Private Partnership - 9992,9992.1,2025,2025,55171026,57387616,2216590,0,0
2025,Economic Development Incentive Program,66,Other GO CIP - Non-Debt,Public Private Partnership - P151,P151.1,2025,2027,18447755,58139932,4192178,"6,500,000","6,500,000"
2025,Economic Development Incentive Program,66,Other GO CIP - Non-Debt,Public Private Partnership - Retail Rehabilitation Demonstration - W018,W018.1,2025,2025,0,1000000,1000000,0,0
2025,Economic Development Incentive Program,66,Other GO CIP - Non-Debt,Public Private Partnership-Advisory Services for City's Housing Policy - W055,W055.1,2025,2025,115000,125000,10000,0,0
2025,Economic Development Incentive Program,67,Other GO CIP - Non-Debt,Public Private Partnership-BSHD Projects - P777,P777.1,,,72695,72695,0,0,0
2025,Economic Development Incentive Program,67,Other GO CIP - Non-Debt,Public Private Partnership-Dallas Protocol and World Affairs Council Contract - P476,P476.1,2025,2025,2403005,2903005,500000,0,0
2025,Economic Development Incentive Program,67,Other GO CIP - Non-Debt,Public Private Partnership- Downtown Retail Program -Phase III - P435,P435.1,,,678074,678074,0,0,0
2025,Economic Development Incentive Program,67,Other GO CIP - Non-Debt,Public Private Partnership-Main Dist.Initiative - P102,P102.1,2025,2025,2725934,2729934,4000,0,0
2025,Economic Development Incentive Program,67,Other GO CIP - Non-Debt,Public Private Partnership- Neighborhood Retail Redevelopment Program - W166,W166.1,2025,2025,1164621,1508085,343464,0,0
2025,Economic Development Incentive Program,67,Other GO CIP - Non-Debt,Public Private Partnership-Public/ Private Fee Rebate - 9990,9990.1,,,2442936,2442936,0,0,0
2025,Economic Development Incentive Program,67,Other GO CIP - Non-Debt,Public Private Partnership-Public/ Private Infrastructure - 9953,9953.1,2025,2025,3552466,3582988,30522,0,0
2025,Economic Development Incentive Program,67,Other GO CIP - Non-Debt,Public Private Partnership- Southern Dallas Adaptive Reuse Grant Program- Phase II - W142,W142.1,2025,2025,150000,210000,60000,0,0
2025,Economic Development Incentive Program,67,Other GO CIP - Non-Debt,Public Private Partnership- Southwest Center Mall Redevelopment - P587,P587.1,,,109186,109186,0,0,0
2025,Economic Development Incentive Program,67,Other GO CIP - Non-Debt,"Public Private Partnership- Workforce Readiness, Placement & Retention - W178",W178.1,2025,2025,1415567,1735521,319954,0,0
2025,Economic Development Bonds,67,2017 Bonds,Rehabilitation of Wastewater interceptor-RB Area Redev-CD#3 - VI42,VI42.1,2025,2027,0,195870,195870,,
2025,Economic Development Bonds,68,2017 Bonds,Rehabilitation of Wastewater interceptor-RB Area Redev-CD#8 - VI43,VI43.1,2025,2027,0,195870,195870,,
2025,Infrastructure Investment Fund,68,2006 Bonds,Reserve Bond Projects - RV52,RV52.1,,,0,0,0,0,0
2025,Economic Development Bonds,68,2006 Bonds,Reserve Bond Projects - RV52,RV52.2,,,0,0,0,0,0
2025,Skillman Corridor Tax Increment Financing District,68,Other GO CIP - Non-Debt,RISD Public Improvement Reimbursement - P684,P684.1,2025,2025,4405397,5302536,897139,0,0
2025,Infrastructure Investment Fund,68,Other GO CIP - Non-Debt,Roland Parrish Parks (Cadilac Heights) Project- Phase I - 7438,7438.1,,,3000000,3000000,0,0,0
2025,Skillman Corridor Tax Increment Financing District,68,Other GO CIP - Non-Debt,Skillman Corridor Admin - P405,P405.1,2025,2027,599227,1516951,477725,0,"110,000"
2025,Skillman Corridor Tax Increment Financing District,68,Other GO CIP - Non-Debt,Skillman Corridor TIF - Repayment of Advances - P472,P472.1,2025,2027,25119,51297089,14539400,0,"9,772,437"
2025,Southwestern Medical Tax Increment Financing District,68,Other GO CIP - Non-Debt,Southwestern Medical TIF - Administration - P468,P468.1,2025,2027,517242,1204524,287282,0,"100,000"
2025,Southwestern Medical Tax Increment Financing District,68,Other GO CIP - Non-Debt,Southwestern Medical TIF - Repayment of Advances - P469,P469.1,2025,2027,0,21376305,15214579,0,"1,422,398"
2025,Sports Arena Tax Increment Financing District,68,Other GO CIP - Non-Debt,Sports Arena Admin - 9630,9630.1,2025,2027,1167474,2386270,478796,0,"185,000"
2025,Sports Arena Tax Increment Financing District,68,Other GO CIP - Non-Debt,Sports Arena Increment - Q003,Q003.1,2025,2027,1407935,83222458,22436756,0,"10,234,622"
2025,Sports Arena Tax Increment Financing District,68,Other-Economic Development,Sports Arena TIF N.Parking Garage Mainte - 5094,5094.1,2025,2027,21437,1200000,678563,"100,000","100,000"
2025,Economic Development Bonds,69,2017 Bonds,St. Philip's Catalyst Project - VI21,VI21.1,,,550000,550000,0,0,0
2025,Home Ownership/ Development,69,2012 Bonds,The Bottom Cluster - W636,W636.1,,,1400000,1400000,0,0,0
2025,Economic Development Bonds,69,2017 Bonds,The Bottom Phase II - VI36,VI36.1,2025,2025,1060092,1062214,2122,0,0
2025,Home Ownership/ Development,69,2024 Bonds,The Caroline-1400 W. Commerce St Infrastructure Improvements - YH03,YH03.1,2025,2025,0,2000000,2000000,0,0
2025,Transit- Oriented Development (TOD) Tax Increment Financing District,69,Other GO CIP - Non-Debt,TOD - TIF - P559,P559.1,2025,2027,490478,1794223,553745,"150,000","150,000"
2025,Transit- Oriented Development (TOD) Tax Increment Financing District,69,Other GO CIP - Non-Debt,Transit Oriented - Repayment of Advances - P564,P564.1,2025,2025,0,9449023,9449023,0,0
2025,Sports Arena Tax Increment Financing District,69,Other GO CIP - Non-Debt,Trinity Groves Mixed-Use Project - P924,P924.1,2025,2025,12218246,12977861,759615,0,0
2025,Design District Tax Increment Financing District,69,Other GO CIP - Non-Debt,Trinity Strand Hi-Line Span Pedestrian Bridge/Connector - W642,W642.1,2025,2025,9552983,12775471,3222489,0,0
2025,Economic Development Incentive Program,69,Other GO CIP - Non-Debt,University Hills Phase I Catalyst Project - W832,W832.2,2025,2025,0,4550000,4550000,0,0
2025,University Tax Increment Financing District,69,Other GO CIP - Non-Debt,University TIF District - Admin - X180,X180.1,2025,2027,0,845573,345573,"100,000","100,000"
2025,University Tax Increment Financing District,69,Other GO CIP - Non-Debt,University TIF District-Increment - W467,W467.1,2025,2025,170982,4338256,4167274,0,0
2025,Vickery Meadow Tax Increment Financing District,69,Other GO CIP - Non-Debt,Vickery Meadow Admin - P403,P403.1,2025,2027,440137,908981,318844,0,"75,000"
2025,Vickery Meadow Tax Increment Financing District,70,Other GO CIP - Non-Debt,Vickery Meadow TIF - Repayment of Advances - P470,P470.1,2025,2027,29258641,38704596,2301367,0,"3,518,393"
2025,Sports Arena Tax Increment Financing District,70,Other GO CIP - Non-Debt,Victory North Hi Line Connector Trail Pr - W697,W697.1,2025,2025,0,11562124,11562124,0,0
2025,Sports Arena Tax Increment Financing District,70,Other GO CIP - Non-Debt,Victory South Parking Garage Improvements - P780,P780.1,2025,2027,8485001,9985001,500000,0,"1,000,000"
2025,Design District Tax Increment Financing District,70,Other GO CIP - Non-Debt,Virgin Hotel Project - W301,W301.1,,,2842733,2842733,0,0,0
2025,Economic Development Bonds,70,2017 Bonds,Vista at Kessler/ Stevens Project - VI38,VI38.1,,,1175189,1175189,0,0,0
2025,Fort Worth Avenue Tax Increment Financing District,70,Other GO CIP - Non-Debt,Vista at Kessler/ Stevens Project - X058,X058.1,2025,2025,0,5124811,5124811,0,0
2025,Economic Development Bonds,70,2017 Bonds,Wastewater System Improvements-7th St & Beckley Ave - VI37,VI37.1,,,520347,520347,0,0,0
2025,Home Ownership/ Development,70,2017 Bonds,West Dallas - MSRP - VI40,VI40.1,2025,2027,0,800000,800000,,
2025,Home Ownership/ Development,70,2012 Bonds,WEST DALLAS - SINGLETON BLVD - P956,P956.1,,,1275000,1275000,0,0,0
2025,Economic Development Bonds,70,2017 Bonds,West Dallas - Target Rehab Program - VI31,VI31.1,2025,2025,0,1,1,0,0
2025,Economic Development Bonds,70,2012 Bonds,"West End Lofts Mixed-Use, Mixed Income & TOD Project - X157",X157.1,2025,2025,0,5642395,5642395,0,0
2025,Economic Development Incentive Program,70,Other GO CIP - Non-Debt,"West End Lofts Mixed-Use, Mixed Income & TOD Project - X158",X158.1,,,0,0,0,0,0
2025,Economic Development Incentive Program,70,Other GO CIP - Non-Debt,"West End Lofts Mixed-Use, Mixed Income & TOD Project - X158",X158.2,2025,2025,0,7357605,7357605,0,0
2025,City Center Tax Increment Financing District,71,Other GO CIP - Non-Debt,"West End Lofts Mixed-Use, Mixed Income Project - X159",X159.1,2025,2026,0,28275676,27663142,"612,534",0
2025,Economic Development Incentive Program,71,Other GO CIP - Non-Debt,White Pants Digital Marketing Project - X133,X133.1,,,595339,595339,0,0,0
2025,Stormwater Drainage Management,76,Other GO CIP - Non-Debt,San Gabriel Drive 4300 Blk - W622,W622.1,2025,2025,82773,592000,509227,0,0
2025,Stormwater Drainage Management,76,2024 Bonds,10101 Royal Highlands Drainage Improvements - YC32,YC32.1,2027,2027,0,115000,0,0,"17,250"
2025,Stormwater Drainage Management,76,2017 Bonds,10732 Haven Creek Court - X051,X051.1,2025,2025,0,67705,67705,0,0
2025,Stormwater Drainage Management,76,Other GO CIP - Non-Debt,1100 S Harwood St 84 RCP Reroute - W851,W851.1,,,0,479400,0,0,0
2025,Erosion Control,76,2024 Bonds,11th E 1615 - YC01,YC01.1,2025,2027,0,442751,66413,0,"376,338"
2025,Stormwater Drainage Management,76,Other GO CIP - Non-Debt,1700 N Field Street Drainage Repair - W706,W706.1,,,0,666000,0,0,0
2025,Stormwater Drainage Management,76,Other GO CIP - Debt,17610-17614 Squaw Valley - W919,W919.1,,,779400,779400,0,0,0
2025,Stormwater Drainage Management,76,Other GO CIP - Non-Debt,2133 Province - W707,W707.1,2026,2026,0,666000,0,"99,900",0
2025,Flood Management,76,2024 Bonds,2310 Chart Concrete Drainage Channel Repair - YC21,YC21.1,2027,2027,0,628188,0,0,"81,938"
2025,Stormwater Drainage Management,76,Other GO CIP - Non-Debt,2530 Blanton Outfall Repair - W834,W834.1,2027,2027,0,666000,0,0,"99,900"
2025,Storm Drainage Relief System,76,2024 Bonds,4126 Maybeth Drainage Relief - YC33,YC33.1,2026,2026,0,132250,0,"19,838",0
2025,Stormwater Drainage Management,76,Other GO CIP - Debt,4209 Rosa Ct Drainage Relief System - W710,W710.1,2025,2025,183391,0,(183391),0,0
2025,Stormwater Drainage Management,76,Other GO CIP - Non-Debt,"4209 Rosa Ct, Drainage Relief System - W710",W710.2,2025,2025,0,1500000,1500000,0,0
2025,Storm Drainage Relief System,77,2024 Bonds,5827 Bluffman Storm Drainage Relief - YC34,YC34.1,2026,2026,0,402500,0,"60,375",0
2025,Stormwater Drainage Management,77,Other GO CIP - Non-Debt,5th Street Drainage Relief System - W711,W711.1,2027,2027,0,4185000,0,0,"627,750"
2025,Storm Drainage Relief System,77,2024 Bonds,6231 Pemberton Drainage Relief System - YC35,YC35.1,2027,2027,0,586500,0,0,"87,975"
2025,Stormwater Drainage Management,77,Other GO CIP - Non-Debt,6750 Willow Storm Drainage Relief - X203,X203.1,2026,2026,0,607000,0,"91,050",0
2025,Stormwater Drainage Management,77,Other GO CIP - Debt,6900 Royal Lane Drainage Relief System - W875,W875.1,,,166327,166327,0,0,0
2025,Stormwater Drainage Management,77,Other GO CIP - Non-Debt,6900 Royal Lane Drainage Relief System - W875,W875.2,2025,2026,0,1310327,166327,"1,144,000",0
2025,Storm Drainage Relief System,77,2024 Bonds,9728 Springtree Storm Drainage Relief - YC36,YC36.1,2027,2027,0,471500,0,0,"70,725"
2025,Erosion Control,77,2017 Bonds,Abshire Lane - VD62,VD62.1,2025,2025,116972,120472,3500,0,0
2025,Stormwater Drainage Management,77,Other GO CIP - Debt,Abshire Lane - VD62,VD62.2,2025,2025,1697502,772972,(924530),0,0
2025,Stormwater Drainage Management,77,Other GO CIP - Debt,"Alderson, 3700 - VD42",VD42.1,2025,2025,0,1309110,1309110,0,0
2025,Storm Drainage Relief System,77,2017 Bonds,"Alderson, 3700 - VD42",VD42.2,2025,2025,213675,1211675,998000,0,0
2025,Stormwater Drainage Management,77,Other GO CIP - Debt,Alpha at Peyton (RL Area 3) - W833,W833.1,2025,2026,0,1136250,1050000,"86,250",0
2025,Stormwater Drainage Management,77,Other GO CIP - Non-Debt,Alpha at Peyton (RL Area 3) - W833,W833.2,2026,2027,0,7054000,0,"1,150,000","5,904,000"
2025,Stormwater Drainage Management,77,Other GO CIP - Non-Debt,Anderson Ave @ Goodman - W399,W399.1,2025,2025,41243,373965,332722,0,0
2025,Stormwater Drainage Management,77,Other GO CIP - Debt,Anderson Bonner Park - DWU Location #1 - X104,X104.1,2025,2025,0,48668408,48668408,0,0
2025,Stormwater Drainage Management,77,Other GO CIP - Non-Debt,Anderson Bonner Park - DWU Location #1 - X104,X104.2,2025,2025,536555,555130,18575,0,0
2025,Stormwater Drainage Management,77,Other GO CIP - Non-Debt,Anderson Bonner Park - DWU Location #2 - X105,X105.1,,,665092,665092,0,0,0
2025,Stormwater Drainage Management,78,Other GO CIP - Debt,Ash Creek - S Fork Channel Improvements at John West - W400,W400.1,2025,2025,0,1691500,1691500,0,0
2025,Stormwater Drainage Management,78,Other GO CIP - Non-Debt,Ash Creek - S Fork Channel Improvements at John West - W400,W400.2,2025,2025,306449,794449,488000,0,0
2025,Stormwater Drainage Management,78,Other GO CIP - Debt,Ash Creek Trib 5B7 Bridge Improvement @ Province - W714,W714.1,2025,2026,0,889350,810000,"79,350",0
2025,Storm Drainage Relief System,78,2024 Bonds,Atlanta St. - South Blvd. to MLK Jr. Blvd. - YC37,YC37.1,2026,2026,0,575000,0,"86,250",0
2025,Erosion Control,78,2024 Bonds,Audelia Rd 11655 (Building 8 to 10) - YC02,YC02.1,2025,2027,0,1489250,223387,0,"1,265,863"
2025,Stormwater Drainage Management,78,Other GO CIP - Non-Debt,Beckley @ Coombs Creek Drinage Study - W401,W401.1,2025,2025,124000,125000,1000,0,0
2025,Stormwater Drainage Management,78,Other GO CIP - Debt,"Bethany Dr (9908), Province Ln (2008, 2016), and Peavy Pl ( - X013",X013.1,,,338733,338733,0,0,0
2025,Stormwater Drainage Management,78,Other GO CIP - Debt,"Bethany Dr (9908), Province Ln (2008, 2016), and Peavy Pl (2334, 2340, 2344) - X013",X013.2,2025,2025,0,1874250,1874250,0,0
2025,Stormwater Drainage Management,78,Other GO CIP - Non-Debt,"Bethany Dr (9908), Province Ln (2008, 2016), and Peavy Pl (2334, 2340, 2344) - X013",X013.3,2025,2025,0,330750,330750,0,0
2025,Stormwater Drainage Management,78,Other GO CIP - Non-Debt,"Bethany Dr (9908), Province Ln (2008, 2016), and Peavy Pl (2334, 2340, 2344) - X103",X103.1,,,0,0,0,0,0
2025,Erosion Control,78,Other GO CIP - Non-Debt,"Betty Jane, 10225 - VD27",VD27.1,,,269515,269515,0,0,0
2025,Erosion Control,78,2017 Bonds,"Betty Jane, 10225 - VD27",VD27.2,2025,2025,202000,359600,157600,0,0
2025,Stormwater Drainage Management,78,Other GO CIP - Non-Debt,Birchridge 14721 - W717,W717.1,2026,2027,0,342000,0,"51,300","290,700"
2025,Stormwater Drainage Management,78,Other GO CIP - Debt,"Brittania Way, 8470-8506, Erosion Control Pilot - VD20",VD20.1,2025,2027,0,1013436,566661,0,"36,225"
2025,Stormwater Drainage Management,78,Other GO CIP - Non-Debt,"Brittania Way, 8470-8506, Erosion Control Pilot - VD20",VD20.2,2027,2027,797180,1116305,0,0,"25,875"
2025,Storm Drainage Relief System,79,2024 Bonds,Bruton Terrace Est. Storm Drainage Relief - YC38,YC38.1,2026,2026,0,575000,0,"86,250",0
2025,Stormwater Drainage Management,79,Other GO CIP - Non-Debt,Cadiz and Riverfront Bridge - W914,W914.1,,,2461919,2461919,0,0,0
2025,Stormwater Drainage Management,79,Other GO CIP - Non-Debt,Calcutta 616 (RL Area 40) - W273,W273.1,2025,2026,201256,652500,238744,"212,500",0
2025,Stormwater Drainage Management,79,2024 Bonds,Calm Meadow Drainage Rehabilitation - YC39,YC39.1,2027,2027,0,310500,0,0,"46,575"
2025,Stormwater Drainage Management,79,Other GO CIP - Non-Debt,Cedar Creek Bridge @ Clarendon - W403,W403.1,2025,2025,38090,2800000,2761910,0,0
2025,Stormwater Drainage Management,79,Other GO CIP - Non-Debt,Cedar Creek Bridge @ Clarendon (Sta 149+13) - W718,W718.1,2027,2027,0,2565000,0,0,"847,500"
2025,Stormwater Drainage Management,79,Other GO CIP - Non-Debt,Cedar Creek Bridge @ Moore - W404,W404.1,2025,2026,31239,3500000,1444761,"2,024,000",0
2025,Stormwater Drainage Management,79,Other GO CIP - Debt,Cedar Creek Bridge @ Tyler - W719,W719.1,2025,2027,0,1627950,1245000,0,"31,050"
2025,Stormwater Drainage Management,79,Other GO CIP - Debt,Cedar Creek Channel - ATSF RR to Ewing - W720,W720.1,2025,2027,0,1324750,261000,0,"86,250"
2025,Stormwater Drainage Management,79,Other GO CIP - Debt,Cedar Creek Culvert @ Polk - W722,W722.1,2025,2026,0,380000,150000,"230,000",0
2025,Stormwater Drainage Management,79,Other GO CIP - Non-Debt,Cedar Creek Culvert @ W. Claredon Drive - W230,W230.1,2025,2025,419336,284883,(134453),0,0
2025,Stormwater Drainage Management,79,Other GO CIP - Non-Debt,Cedar Creek Culvert @ Winnetka - W723,W723.1,,,0,439350,0,0,0
2025,Stormwater Drainage Management,79,Other GO CIP - Non-Debt,Cedar Springs Branch - Lomo Alto Dr @ Lemmon Ave - W836,W836.1,2025,2025,132310,450000,317690,0,0
2025,Stormwater Drainage Management,79,Other GO CIP - Non-Debt,Cedar Springs Branch @ Denton - W725,W725.1,2027,2027,0,707000,0,0,"106,050"
2025,Stormwater Drainage Management,79,Other GO CIP - Non-Debt,Cedar Springs Branch @ Production - W835,W835.1,,,0,550000,0,0,0
2025,Stormwater Drainage Management,79,Other GO CIP - Non-Debt,Chalk Hill Branch Bridge @ N. Counts - W837,W837.1,2026,2026,0,956000,0,"143,400",0
2025,Stormwater Drainage Management,80,Other GO CIP - Non-Debt,Chalk Hill Branch Bridge @ S. Counts - W728,W728.1,2027,2027,0,1592000,0,0,"238,800"
2025,Stormwater Drainage Management,80,Other GO CIP - Non-Debt,Chalk Hill Branch Culvert @ Jefferson - W729,W729.1,2027,2027,0,724000,0,0,"108,600"
2025,Storm Drainage Relief System,80,2017 Bonds,Chalkhill Branch - I30/Loop 12 Interchange - VD33,VD33.1,2025,2025,95908,780000,684092,0,0
2025,Stormwater Drainage Management,80,Other GO CIP - Non-Debt,Channel - Major Maintenance - W195,W195.1,2025,2027,0,1174697,(303),"200,000","225,000"
2025,Stormwater Drainage Management,80,Other GO CIP - Non-Debt,Cherry Hill 8647 Storm Drainage Relief - W838,W838.1,2027,2027,0,1459000,0,0,"175,080"
2025,Stormwater Drainage Management,80,Other GO CIP - Debt,Cherrybrook Dam Spillway Rehabilitation - W839,W839.1,,,619344,619344,0,0,0
2025,Stormwater Drainage Management,80,Other GO CIP - Non-Debt,Cherrybrook Dam Spillway Rehabilitation - W839,W839.2,2025,2026,0,5800000,696000,"5,104,000",0
2025,Erosion Control,80,2024 Bonds,"Claremont 8017, 8023, and 8030 - YC03",YC03.1,2025,2027,0,570941,109072,0,"461,869"
2025,Stormwater Drainage Management,80,Other GO CIP - Non-Debt,Clary Dr 10440 - X202,X202.1,2026,2026,0,474000,0,"71,100",0
2025,Stormwater Drainage Management,80,Other GO CIP - Debt,Clearbrook Lane 10837 - X015,X015.1,2025,2025,65274,59274,(6000),0,0
2025,Stormwater Drainage Management,80,Other GO CIP - Debt,Clearbrook Lane 10837 - X015,X015.2,2025,2025,0,133875,133875,0,0
2025,Stormwater Drainage Management,80,Other GO CIP - Non-Debt,Clearbrook Lane 10837 - X015,X015.3,2025,2025,0,23625,23625,0,0
2025,Stormwater Drainage Management,80,Other GO CIP - Non-Debt,"Cliffdale, 322 - W731",W731.1,,,0,736000,0,0,0
2025,Stormwater Drainage Management,80,Other GO CIP - Non-Debt,"Clubcreek Circle 8903, 8907, 8911 - VD14",VD14.1,2027,2027,637529,2552279,0,0,"155,250"
2025,Stormwater Drainage Management,80,Other GO CIP - Non-Debt,Conrad - Louisiana Area Relief - W840,W840.1,2027,2027,0,3010000,0,0,"361,200"
2025,Stormwater Drainage Management,80,Other GO CIP - Non-Debt,Coombs Creek Bridge @ 9th - W733,W733.1,,,0,388000,0,0,0
2025,Stormwater Drainage Management,81,Other GO CIP - Non-Debt,Coombs Creek Bridge @ Barnett - W734,W734.1,,,0,325000,0,0,0
2025,Stormwater Drainage Management,81,Other GO CIP - Debt,Coombs Creek Bridge @ Brooklyndell - W736,W736.1,2025,2026,0,1074000,39000,"1,035,000",0
2025,Stormwater Drainage Management,81,Other GO CIP - Non-Debt,Coombs Creek Bridge @ Colorado - W735,W735.1,2027,2027,0,1666000,0,0,"249,900"
2025,Stormwater Drainage Management,81,Other GO CIP - Debt,Coombs Creek Bridge @ Plymouth - W737,W737.1,2025,2027,0,1172750,960000,0,"17,250"
2025,Stormwater Drainage Management,81,Other GO CIP - Non-Debt,Coombs Creek Culvert @ Hampton - W841,W841.1,,,0,80850,0,0,0
2025,Stormwater Drainage Management,81,Other GO CIP - Non-Debt,Coombs Creek Culvert @ Jefferson- Westmoreland - W843,W843.1,,,0,781500,0,0,0
2025,Erosion Control,81,2024 Bonds,Coombs Creek Dr 637 - YC04,YC04.1,2025,2027,0,286506,64125,0,"222,381"
2025,Flood Management,81,2024 Bonds,Coombs Creek Flood Management Study Update - YC22,YC22.1,2026,2026,0,552000,0,"552,000",0
2025,Stormwater Drainage Management,81,Other GO CIP - Non-Debt,CORP Project No. 40208 - X161,X161.1,2025,2025,79491885,90090000,10598115,0,0
2025,Stormwater Drainage Management,81,Other GO CIP - Debt,Council District 10 - VD84,VD84.1,2025,2025,0,1000000,1000000,0,0
2025,Stormwater Drainage Management,81,Other GO CIP - Debt,Counts S 4690 - X014,X014.1,,,50075,50075,0,0,0
2025,Stormwater Drainage Management,81,Other GO CIP - Debt,Counts S 4690 - X014,X014.2,2025,2027,0,382500,178500,0,"30,600"
2025,Stormwater Drainage Management,81,Other GO CIP - Non-Debt,Counts S 4690 - X014,X014.3,2025,2025,0,31500,31500,0,0
2025,Erosion Control,81,2017 Bonds,Creek Bend Road 7028 - VD80,VD80.1,2025,2025,10485,79790,69305,0,0
2025,Storm Drainage Relief System,81,2017 Bonds,Creek Bend Road 7028 - VD80,VD80.2,2025,2025,0,2210,2210,0,0
2025,Storm Drainage Relief System,81,2024 Bonds,Cresthaven/Culcourt St Storm Drainage Relief - YC40,YC40.1,2026,2026,0,1173000,0,"175,950",0
2025,Stormwater Drainage Management,81,Other GO CIP - Non-Debt,Crestview East Addition No. 2 (Beechmont 2779) Drainage Relief System - W738,W738.1,2026,2026,0,2895000,0,"434,250",0
2025,Stormwater Drainage Management,82,Other GO CIP - Non-Debt,CSDSA Area 31 - Echo Glen - X090,X090.1,2025,2027,0,51311000,1500000,"3,000,000","10,000,000"
2025,Stormwater Drainage Management,82,Other GO CIP - Non-Debt,CTP - W139,W139.1,2025,2025,832508,1180293,347785,0,0
2025,Flood Management,82,2017 Bonds,Cypress Branch @ Jennie Lee - VD75,VD75.1,,,981337,981337,0,0,0
2025,Stormwater Drainage Management,82,Other GO CIP - Debt,Cypress Branch @ Jennie Lee - VD75,VD75.2,2025,2025,0,846395,846395,0,0
2025,Stormwater Drainage Management,82,2006 Bonds,Dallas Floodway DFE PPA - W446,W446.1,2025,2025,44198,70676,26477,0,0
2025,Stormwater Drainage Management,82,1998 Bonds,Dallas Floodway DFE PPA - W446,W446.2,,,7081662,7081662,0,0,0
2025,Trinity River Corridor Projects,82,2006 Bonds,Dallas Floodway DFE PPA - W446,W446.3,2025,2025,1359450,1378253,18803,0,0
2025,Trinity River Corridor Projects,82,1998 Bonds,Dallas Floodway DFE PPA - W446,W446.4,,,15750,15750,0,0,0
2025,Stormwater Drainage Management,82,Other GO CIP - Non-Debt,Dallas Floodway Extension - W632,W632.1,2025,2025,1628028,2030063,402035,0,0
2025,Trinity River Corridor Projects,82,2006 Bonds,Dallas Floodway Extension - W632,W632.2,2025,2025,15301485,19004095,3702610,0,0
2025,Trinity River Corridor Projects,82,1995 Bonds,Dallas Floodway Extension - W632,W632.3,2025,2025,230198,173847,(56351),0,0
2025,Trinity River Corridor Projects,82,1998 Bonds,Dallas Floodway Extension - W632,W632.4,2025,2025,9875491,14363182,4487691,0,0
2025,Trinity River Corridor Projects,82,2003 Bonds,Dallas Floodway Extension - W632,W632.5,2025,2025,127856,145606,17750,0,0
2025,Stormwater Drainage Management,82,Other GO CIP - Non-Debt,Dallas Floodway NFIP Levee Evaluation - X227,X227.1,2025,2027,0,848223,848223,,
2025,Erosion Control,82,2024 Bonds,Davenport Road 17911 - YC05,YC05.1,2025,2027,0,483000,72450,0,"410,550"
2025,Storm Drainage Relief System,82,2024 Bonds,Desco 7108 - YC41,YC41.1,2027,2027,0,281750,0,0,"42,263"
2025,Stormwater Drainage Management,82,Other GO CIP - Non-Debt,Dixon Branch - E Prong Culvert @ Mediterranean - W740,W740.1,,,0,672000,0,0,0
2025,Storm Drainage Relief System,82,2017 Bonds,Dixon Branch - X002,X002.1,2025,2025,1349464,1394900,45436,0,0
2025,Stormwater Drainage Management,83,Other GO CIP - Non-Debt,Dixon Branch Relief System (RL Areas 18 & 19) - W845,W845.1,2026,2026,0,9650000,0,"3,500,000",0
2025,Stormwater Drainage Management,83,Other GO CIP - Debt,Dorrington Circle 3106 - W741,W741.1,2027,2027,85344,1717744,0,0,"1,632,400"
2025,Stormwater Drainage Management,83,Other GO CIP - Non-Debt,Dorrington Circle 3106 - W741,W741.2,2025,2025,5000,160000,155000,0,0
2025,Stormwater Drainage Management,83,Other GO CIP - Non-Debt,Dredge Maintenance - W405,W405.1,2025,2026,0,329906,129906,"200,000",0
2025,Storm Drainage Relief System,83,2024 Bonds,East Peaks Upper/ Middle Basin Relief System - YC42,YC42.1,2026,2026,0,9200000,0,"2,760,000",0
2025,Erosion Control,83,2024 Bonds,El Cerrito 2490 & Hunnicut 8181 - YC06,YC06.1,2025,2026,0,804999,120749,"684,250",0
2025,Erosion Control,83,2017 Bonds,"El Cerrito Storm Drainage, 2470 - VD11",VD11.1,,,200001,200001,0,0,0
2025,Storm Drainage Relief System,83,Other GO CIP - Non-Debt,"El Cerrito Storm Drainage, 2470 - VD11",VD11.2,,,373873,373873,0,0,0
2025,Stormwater Drainage Management,83,Other GO CIP - Non-Debt,El Tivoli @ Reverchon Drainage Relief System - W742,W742.1,2025,2026,0,2122024,245624,"1,632,400",0
2025,Stormwater Drainage Management,83,Other GO CIP - Debt,El Tivoli Branch Culvert @ Plymouth Road - W847,W847.1,,,137852,137852,0,0,0
2025,Stormwater Drainage Management,83,Other GO CIP - Non-Debt,El Tivoli Branch Culvert @ Plymouth Road - W847,W847.2,2025,2025,0,137852,137852,0,0
2025,Stormwater Drainage Management,83,Other GO CIP - Debt,Elm Fork Trinity River - Upper East @ Skyline Trail Bridge / Trinity View Park - W846,W846.1,,,105505,105505,0,0,0
2025,Stormwater Drainage Management,83,Other GO CIP - Non-Debt,Elm Fork Trinity River - Upper East @ Skyline Trail Bridge / Trinity View Park - W846,W846.2,2025,2025,0,1600000,1600000,0,0
2025,Stormwater Drainage Management,83,Other GO CIP - Non-Debt,Elmwood Branch Bridge @ Melbourne - W743,W743.1,2027,2027,0,2663000,0,0,"399,450"
2025,Stormwater Drainage Management,83,Other GO CIP - Non-Debt,Elmwood Branch Culvert @ Edgefield - W744,W744.1,2026,2026,0,371000,0,"55,650",0
2025,Stormwater Drainage Management,84,Other GO CIP - Non-Debt,Elmwood Branch Culvert @ Tyler & Vernon - W745,W745.1,2026,2026,0,278000,0,"41,700",0
2025,Stormwater Drainage Management,84,Other GO CIP - Non-Debt,Emergency Pipe Repairs - Major Maintenance of Collapsed Pipe in Critical Areas - W268,W268.1,2025,2025,0,312681,312681,0,0
2025,Stormwater Drainage Management,84,Other GO CIP - Non-Debt,Estes Branch Channel Improvements (2704 Mossglen) - W746,W746.1,2026,2026,0,2663000,0,"399,450",0
2025,Stormwater Drainage Management,84,Other GO CIP - Debt,Eustis Ave 8600-8800 Blk & KCS Railroad Backwater Analysis - W747,W747.1,2025,2026,0,219838,200000,"19,838",0
2025,Stormwater Drainage Management,84,Other GO CIP - Non-Debt,"Fair Oaks Crossing, 8555 - W406",W406.1,,,594854,594854,0,0,0
2025,Stormwater Drainage Management,84,Other GO CIP - Non-Debt,"Fair Oaks Detention Basin, Dredging - W407",W407.1,2025,2025,101298,793138,691840,0,0
2025,Stormwater Drainage Management,84,2024 Bonds,Fairglen Dr 8928 - YC43,YC43.1,2027,2027,0,132250,0,0,"19,838"
2025,Stormwater Drainage Management,84,Other GO CIP - Non-Debt,Flood Management Area - Major Maintenance - W194,W194.1,2026,2027,0,1050000,0,"200,000","150,000"
2025,Stormwater Drainage Management,84,2024 Bonds,Flood Protection - 2024 Bond Projects Reserve - YC57,YC57.1,,,0,0,0,0,0
2025,Stormwater Drainage Management,84,Other GO CIP - Debt,Forest Lane 9833 - X011,X011.1,,,119740,119740,0,0,0
2025,Stormwater Drainage Management,84,Other GO CIP - Non-Debt,Forest Lane 9833 - X011,X011.2,2025,2025,0,140000,140000,0,0
2025,Stormwater Drainage Management,84,Other GO CIP - Debt,Forest Ridge 9700 Block-Chiswell 9600 Block - VD76,VD76.1,2025,2025,0,2481437,2481437,0,0
2025,Erosion Control,84,2024 Bonds,Forston Ave 18503 - YC07,YC07.1,2025,2027,0,181125,27169,0,"153,956"
2025,Stormwater Drainage Management,84,Storm Drainage Management Capital Program,FY 2025 TWBD SERIES 2024B GRANT FUND - 681Z,681Z.1,2025,2025,33698115,23100000,(10598115),0,0
2025,Stormwater Drainage Management,84,Other GO CIP - Non-Debt,Gabion - Major Maintenance - W196,W196.1,2025,2025,0,273741,273741,0,0
2025,Stormwater Drainage Management,85,Other GO CIP - Non-Debt,Gateridge 6841 Storm Drainage Relief - W849,W849.1,2027,2027,0,3198000,0,0,"383,760"
2025,Storm Drainage Relief System,85,2017 Bonds,Gifford-Roanoke Area Relief System - Phase II/ Brookhollow Bridge - VD38,VD38.1,2025,2025,261614,1544217,1282603,0,0
2025,Stormwater Drainage Management,85,Other GO CIP - Debt,Gifford-Roanoke Area Relief System - Phase II/Brookhollow Br - VD38,VD38.2,2025,2025,0,92580,92580,0,0
2025,Erosion Control,85,Other GO CIP - Non-Debt,GLEN OAKS 816 - S723,S723.1,,,647705,647705,0,0,0
2025,Stormwater Drainage Management,85,2024 Bonds,Glencairn 216 - YC44,YC44.1,2027,2027,0,327750,0,0,"49,163"
2025,Erosion Control,85,2024 Bonds,Glencairn 460 - YC08,YC08.1,2025,2027,0,313473,73985,0,"239,488"
2025,Stormwater Drainage Management,85,Other GO CIP - Non-Debt,Grauwyler Gate - W751,W751.1,,,0,579000,0,0,0
2025,Erosion Control,85,Other GO CIP - Non-Debt,"Greendale 1721, 1716 - VD67",VD67.1,,,95529,95529,0,0,0
2025,Stormwater Drainage Management,85,2017 Bonds,"Greendale 1721, 1716 - VD67",VD67.2,,,105000,105000,0,0,0
2025,Stormwater Drainage Management,85,Other GO CIP - Non-Debt,Greenhollow/ Sapling Way/ Clearsprings RL - W200,W200.1,2025,2026,199515,4370700,1171185,"3,000,000",0
2025,Stormwater Drainage Management,85,Other GO CIP - Debt,Greenspan - Kirnwood Area - VD65,VD65.1,2025,2025,0,218600,218600,0,0
2025,Storm Drainage Relief System,85,2017 Bonds,Greenspan - Kirnwood Area - VD65,VD65.2,2025,2025,69198,72698,3500,0,0
2025,Stormwater Drainage Management,85,Other GO CIP - Non-Debt,Guildhall-McCree Storm Drainage Relief System - W213,W213.1,2025,2026,438570,9799970,6861400,"2,500,000",0
2025,Storm Drainage Relief System,85,2017 Bonds,Hampton Gate - VD34,VD34.1,2025,2025,0,54,54,0,0
2025,Erosion Control,85,2024 Bonds,Hampton N 635 - YC09,YC09.1,2025,2027,0,248640,43365,0,"205,275"
2025,Stormwater Drainage Management,85,2024 Bonds,Harlandale - Strickland Area - YC45,YC45.1,2026,2026,0,1230500,0,"184,575",0
2025,Stormwater Drainage Management,85,2024 Bonds,Harry Hines 5323 - YC46,YC46.1,2027,2027,0,241500,0,0,"36,225"
2025,Flood Management,86,2017 Bonds,Hatfield Branch @ Seagoville Channel Improvements - VD71,VD71.1,2025,2025,483179,563179,80000,0,0
2025,Stormwater Drainage Management,86,Other GO CIP - Debt,Hatfield Branch @ Seagoville Channel Improvements - VD71,VD71.2,2025,2025,0,1173000,1173000,0,0
2025,Stormwater Drainage Management,86,Other GO CIP - Debt,Hatfield Branch Dam Spillway Rehabilitation - W852,W852.1,,,167427,167427,0,0,0
2025,Stormwater Drainage Management,86,Other GO CIP - Non-Debt,Hatfield Branch Dam Spillway Rehabilitation - W852,W852.2,2025,2026,0,1004747,124747,"880,000",0
2025,Erosion Control,86,2012 Bonds,HEALEY 2116 & KINGSMAN 9869 - S731,S731.1,2025,2025,5000,27000,22000,0,0
2025,Stormwater Drainage Management,86,Other GO CIP - Debt,HEALEY 2116 & KINGSMAN 9869 - S731,S731.2,2025,2025,0,600000,600000,0,0
2025,Stormwater Drainage Management,86,Other GO CIP - Non-Debt,Hickory Creek Floodplain Management Study - W270,W270.1,2025,2025,0,228066,228066,0,0
2025,Flood Management,86,2024 Bonds,Hickory Creek Floodplain Management Study - YC23,YC23.1,2026,2026,0,253000,0,"253,000",0
2025,Stormwater Drainage Management,86,Other GO CIP - Debt,Highgrove Area Drainage Relief System - W410,W410.1,2025,2025,0,3000000,3000000,0,0
2025,Stormwater Drainage Management,86,Other GO CIP - Non-Debt,Highgrove Area Drainage Relief System - W410,W410.2,2025,2026,0,4155000,1155000,"3,000,000",0
2025,Erosion Control,86,Other GO CIP - Non-Debt,"Highland Road, 2447 - VD68",VD68.1,,,321519,321519,0,0,0
2025,Storm Drainage Relief System,86,2017 Bonds,"Highland Road, 2447 - VD68",VD68.2,2025,2025,207000,208000,1000,0,0
2025,Erosion Control,86,2024 Bonds,Hillcrest Rd 13059 - YC10,YC10.1,2025,2027,0,756786,4111,0,"752,675"
2025,Stormwater Drainage Management,86,Other GO CIP - Debt,"Hillside Drive, 3604 - VD18",VD18.1,2025,2026,0,14421749,381749,"3,240,000",0
2025,Stormwater Drainage Management,86,Other GO CIP - Debt,Holland @ Miles Drainage Relief System - X093,X093.1,2025,2027,0,994663,750000,0,"19,838"
2025,Stormwater Drainage Management,86,Other GO CIP - Non-Debt,"Holliday, 3445, 3449, 3605, 3621 - W411",W411.1,2025,2025,127556,1040000,912444,0,0
2025,Stormwater Drainage Management,87,Other GO CIP - Debt,"Hollow Ridge, 4804 - VD74",VD74.1,2025,2025,182517,244007,61490,0,0
2025,Storm Drainage Relief System,87,2017 Bonds,"Hollow Ridge, 4804 - VD74",VD74.2,,,273821,273821,0,0,0
2025,Stormwater Drainage Management,87,Other GO CIP - Debt,"Homer Street, 3215 - VD43",VD43.1,2025,2025,0,1266090,1266090,0,0
2025,Storm Drainage Relief System,87,2017 Bonds,"Homer Street, 3215 - VD43",VD43.2,,,1178240,1178240,0,0,0
2025,Stormwater Drainage Management,87,2024 Bonds,Hymie Circle 10105-10109 - YC47,YC47.1,2026,2026,0,408250,0,"61,238",0
2025,Stormwater Drainage Management,87,Other GO CIP - Non-Debt,Jackson Branch - Church Road Bridge - W753,W753.1,,,0,1586000,0,0,0
2025,Flood Management,87,2024 Bonds,Jan Creek Culvert @ Wheatland - YC24,YC24.1,2027,2027,0,1190250,0,0,"155,250"
2025,Erosion Control,87,2024 Bonds,Jefferson W 2909 - YC11,YC11.1,2025,2027,0,302586,63098,0,"239,488"
2025,Stormwater Drainage Management,87,Other GO CIP - Debt,Joes Creek - West Fork Channel and Culvert Improvements - W276,W276.1,2025,2027,0,2910563,1900000,0,"81,938"
2025,Stormwater Drainage Management,87,Other GO CIP - Non-Debt,Joes Creek - West Fork Channel and Culvert Improvements - W276,W276.2,2026,2026,0,701000,0,"105,150",0
2025,Flood Management,87,2017 Bonds,Joe's Creek West Fork Bridge @ Walnut Hill - VD47,VD47.1,,,470000,470000,0,0,0
2025,Stormwater Drainage Management,87,Other GO CIP - Debt,Joe's Creek West Fork Bridge @ Walnut Hill - VD47,VD47.2,2025,2025,2777209,2337903,(439306),0,0
2025,Stormwater Drainage Management,87,Other GO CIP - Debt,Junius Street @Baylor University Medical Center - VD39,VD39.1,2025,2025,951635,654375,(297260),0,0
2025,Stormwater Drainage Management,87,Other GO CIP - Non-Debt,"Keeton Park Lake, Dredging - W412",W412.1,2025,2025,118966,790798,671832,0,0
2025,Stormwater Drainage Management,87,Other GO CIP - Non-Debt,Kidd Springs Branch @ Colorado - W754,W754.1,2026,2027,0,4406800,0,"574,800","574,800"
2025,Stormwater Drainage Management,87,Other GO CIP - Non-Debt,Kidd Springs Tunnel Rehabilitation - W854,W854.1,2025,2027,0,2600000,536000,"500,000","1,564,000"
2025,Stormwater Drainage Management,87,Other GO CIP - Non-Debt,Kiest Boulevard W. 2412 - W234,W234.1,2025,2026,352889,896986,244097,"300,000",0
2025,Erosion Control,88,2024 Bonds,Kiest Valley Parkway @ Kiest Knoll Outfall Protection - YC12,YC12.1,2025,2027,0,264500,39675,0,"224,825"
2025,Stormwater Drainage Management,88,Other GO CIP - Debt,"Kiesthill (3407, 3411, 3431), Kiest Crest (3610), Kiest (3227, 3335, 3419), and Kiest Crest - W414",W414.1,2025,2025,1949751,1276451,(673300),0,0
2025,Stormwater Drainage Management,88,Other GO CIP - Non-Debt,"Kiesthill (3425, 3407, 3411, 3431), Kiest Crest (3610), Kiest (3327, 3335, 3419), and Kiest Crest - W414",W414.2,2025,2026,277144,6253750,4476606,"1,500,000",0
2025,Stormwater Drainage Management,88,Other GO CIP - Non-Debt,Kiltartan 1519 - W755,W755.1,2025,2025,5000,224000,219000,0,0
2025,Flood Management,88,2017 Bonds,Kings Branch @ Genoa - VD61,VD61.1,2025,2025,34375,48375,14000,0,0
2025,Stormwater Drainage Management,88,Other GO CIP - Debt,Kings Branch Culvert @ Denley - VD60,VD60.1,2025,2025,7200,16000,8800,0,0
2025,Storm Drainage Relief System,88,Other GO CIP - Non-Debt,Kings Branch Culvert @ Genoa - VD61,VD61.2,,,627202,627202,0,0,0
2025,Stormwater Drainage Management,88,Other GO CIP - Debt,KIngs Branch Culvert @ Georgia - VD54,VD54.1,2025,2025,0,41828,41828,0,0
2025,Flood Management,88,2017 Bonds,Kings Branch Culvert @ Stella - VD58,VD58.1,2025,2025,25148,27148,2000,0,0
2025,Storm Drainage Relief System,88,Other GO CIP - Non-Debt,Kings Branch Culvert @ Stella - VD58,VD58.2,,,671403,671403,0,0,0
2025,Stormwater Drainage Management,88,Other GO CIP - Debt,Kings Branch Culvert @ Woodin - VD57,VD57.1,2025,2025,0,13700,13700,0,0
2025,Stormwater Drainage Management,88,Other GO CIP - Non-Debt,Knight Street 2426 & 2428 - W757,W757.1,,,0,1627000,0,0,0
2025,Stormwater Drainage Management,88,Other GO CIP - Non-Debt,Knights Branch @ Denton Dr. - W857,W857.1,,,0,428400,0,0,0
2025,Stormwater Drainage Management,88,Other GO CIP - Non-Debt,Knights Branch Upper Relief System - Inwood/ Mockingbird - W856,W856.1,,,0,7350000,0,0,0
2025,Stormwater Drainage Management,88,Other GO CIP - Non-Debt,Knights Branch Upper Relief System Phase 2 - W855,W855.1,,,0,6500000,0,0,0
2025,Flood Management,88,2024 Bonds,Knights Branch Upper Relief System Study - YC25,YC25.1,2026,2026,0,649750,0,"649,750",0
2025,Stormwater Drainage Management,89,Other GO CIP - Non-Debt,Kushla 3800 @ Grinnell - W758,W758.1,,,0,1840000,0,0,0
2025,Stormwater Drainage Management,89,Other GO CIP - Debt,Lafayette Heights Branch Culvert @ Plymouth Road - W858,W858.1,,,120322,120322,0,0,0
2025,Stormwater Drainage Management,89,Other GO CIP - Non-Debt,Lafayette Heights Branch Culvert @ Plymouth Road - W858,W858.2,2025,2026,0,613122,120322,"492,800",0
2025,Stormwater Drainage Management,89,Other GO CIP - Non-Debt,Lake Cliff Dam Rehabilitation - W860,W860.1,2025,2027,0,14000000,1680000,"2,000,000","4,320,000"
2025,Stormwater Drainage Management,89,Other GO CIP - Debt,Lake Cliff Dam Seepage Project - W859,W859.1,2025,2026,0,1586250,1500000,"86,250",0
2025,Stormwater Drainage Management,89,Other GO CIP - Non-Debt,Lake Cliff Dam Seepage Project - W859,W859.2,2025,2027,0,5000,5000,,
2025,Storm Drainage Relief System,89,Other GO CIP - Non-Debt,"Lake Highlands Town Center, Dredge Proje - VD77",VD77.1,,,205702,205702,0,0,0
2025,Flood Management,89,2017 Bonds,Lake June @ St. Augustine - VD72,VD72.1,2025,2025,350662,871272,520610,0,0
2025,Stormwater Drainage Management,89,Other GO CIP - Debt,Lake June @ St. Augustine - VD72,VD72.2,2025,2025,0,2979296,2979296,0,0
2025,Stormwater Drainage Management,89,Other GO CIP - Non-Debt,Lane Park - 7100 to 7300 Block - W760,W760.1,,,0,3769000,0,0,0
2025,Stormwater Drainage Management,89,Other GO CIP - Debt,Lansford 1215 - X016,X016.1,,,162114,162114,0,0,0
2025,Stormwater Drainage Management,89,Other GO CIP - Non-Debt,Lansford 1215 - X016,X016.2,2025,2026,0,1329500,199500,"1,130,000",0
2025,Stormwater Drainage Management,89,Other GO CIP - Debt,Lansford 1808 - X017,X017.1,2025,2025,100934,106934,6000,0,0
2025,Stormwater Drainage Management,89,Other GO CIP - Non-Debt,Lansford 1808 - X017,X017.2,2025,2027,0,2075000,350000,0,"258,750"
2025,Stormwater Drainage Management,89,Other GO CIP - Debt,Levee Drainage System - T543,T543.1,2025,2025,0,2748123,2748123,0,0
2025,Stormwater Drainage Management,89,Other GO CIP - Non-Debt,"Linwood Place, Rector Place, Briarwood Storm Drainage Relief - X208",X208.1,2026,2026,0,11137000,0,"903,000",0
2025,Stormwater Drainage Management,90,Other GO CIP - Non-Debt,Lisbon Area C - W204,W204.1,2025,2025,293063,1654300,1361237,0,0
2025,Storm Drainage Relief System,90,2017 Bonds,"Lively Lane, 3808 - VD48",VD48.1,2025,2025,39688,80000,40312,0,0
2025,Stormwater Drainage Management,90,Other GO CIP - Non-Debt,LLano Ave 6126 Storm Drainage Relief - X207,X207.1,2026,2027,0,500000,0,"75,000","425,000"
2025,Stormwater Drainage Management,90,Other GO CIP - Debt,Loganwood 3602 - VD69,VD69.1,2025,2025,1246758,204833,(1041925),0,0
2025,Storm Drainage Relief System,90,2017 Bonds,Loganwood 3602 - VD69,VD69.2,,,256000,256000,0,0,0
2025,Stormwater Drainage Management,90,Other GO CIP - Non-Debt,Loree 1742 - W761,W761.1,,,0,1129000,0,0,0
2025,Stormwater Drainage Management,90,Other GO CIP - Non-Debt,Mapleleaf Circle/ Mapleleaf Lane Area - W763,W763.1,2026,2026,0,1500000,0,"225,000",0
2025,Stormwater Drainage Management,90,Other GO CIP - Non-Debt,Marsh Lane 10424 - X096,X096.1,2025,2025,0,500000,500000,0,0
2025,Stormwater Drainage Management,90,Other GO CIP - Debt,McCommas Branch FPMS Alt 4 - W277,W277.1,2025,2025,85100,6243350,6158250,0,0
2025,Stormwater Drainage Management,90,Other GO CIP - Non-Debt,McCommas Branch FPMS Alt 4 - W277,W277.2,2025,2025,442700,2498932,2056232,0,0
2025,Stormwater Drainage Management,90,Other GO CIP - Non-Debt,Meadow Lake Ave 7102 & Westlake 7203 - W764,W764.1,2026,2026,0,5065000,0,"759,750",0
2025,Erosion Control,90,2017 Bonds,"Meadowcliff 10720, 10726 - VD13",VD13.1,2025,2025,121746,690400,568653,0,0
2025,Stormwater Drainage Management,90,Other GO CIP - Non-Debt,Meadowknoll 8911 - W765,W765.1,,,0,0,0,0,0
2025,Erosion Control,90,2017 Bonds,Meandering Way 16209 - VD81,VD81.1,2025,2025,164622,223486,58864,0,0
2025,Stormwater Drainage Management,90,Other GO CIP - Debt,Meandering Way 16209 - VD81,VD81.2,2025,2025,0,838152,838152,0,0
2025,Stormwater Drainage Management,90,Other GO CIP - Non-Debt,Meandering Way 17490 Site A (1901) (Osage Branch) - W862,W862.1,,,0,0,0,0,0
2025,Stormwater Drainage Management,90,Other GO CIP - Non-Debt,Medical District Drive Drainage Relief System Phase II - W863,W863.1,2027,2027,0,5248800,0,0,"1,248,800"
2025,Stormwater Drainage Management,91,Other GO CIP - Debt,Melody Lane 6262 Site 1&2 - W766,W766.1,2025,2025,0,1435650,1435650,0,0
2025,Stormwater Drainage Management,91,Other GO CIP - Non-Debt,Melody Lane 6262 Site 1&2 - W766,W766.2,2025,2025,229336,253350,24014,0,0
2025,Stormwater Drainage Management,91,Other GO CIP - Non-Debt,"Mercer Place, 9056 - W790",W790.1,2025,2025,4000,160000,156000,0,0
2025,Stormwater Drainage Management,91,2006 Bonds,Middle Peaks Branch - Phase 1 - to Fair Park - T523,T523.1,2025,2025,1738029,1738030,1,0,0
2025,Stormwater Drainage Management,91,2006 Bonds,Middle Peaks Branch - Phase 2 - Fair Park to Haskell - T524,T524.1,,,1159581,1159581,0,0,0
2025,Flood Management,91,2024 Bonds,Military Parkway @ Urbandale Park - YC26,YC26.1,2027,2027,0,661250,0,0,"86,250"
2025,Stormwater Drainage Management,91,2006 Bonds,Mill Creek Drainage Relief System - Phase I - T525,T525.1,2025,2025,3954811,4135950,181139,0,0
2025,Storm Drainage Relief System,91,Other GO CIP - Non-Debt,Mill Creek Drainage Relief System - Phase I - T525,T525.2,2025,2025,0,4700000,4700000,0,0
2025,Storm Drainage Relief System,91,2006 Bonds,Mill Creek Drainage Relief System - Phase I - T525,T525.3,2025,2025,56855600,70571309,13715709,0,0
2025,Stormwater Drainage Management,91,Other GO CIP - Non-Debt,Mill Creek Drainage Relief System - Phase III - W864,W864.1,,,0,8000000,0,0,0
2025,Storm Drainage Relief System,91,2024 Bonds,Mill Creek Drainage Relief System - Phase III - YC48,YC48.1,2026,2026,0,10800000,0,"3,240,000",0
2025,Stormwater Drainage Management,91,2012 Bonds,"MILL CREEK, PEAKS BRANCH AND STATE THOMAS - S769",S769.1,2025,2025,2597518,2506348,(91170),0,0
2025,Storm Drainage Relief System,91,2012 Bonds,"MILL CREEK, PEAKS BRANCH AND STATE THOMAS - S769",S769.2,2025,2025,204573549,216093652,11520103,0,0
2025,Storm Drainage Relief System,91,Other GO CIP - Non-Debt,Milverton @ Palisade - VD73,VD73.1,,,744050,744050,0,0,0
2025,Storm Drainage Relief System,91,2017 Bonds,Milverton @ Palisade - VD73,VD73.2,,,870000,870000,0,0,0
2025,Stormwater Drainage Management,91,Other GO CIP - Non-Debt,Monte Carlo 1600 and 3400 block - W274,W274.1,,,929942,929942,0,0,0
2025,Stormwater Drainage Management,91,Other GO CIP - Non-Debt,N Central Expy SB 13339 - X204,X204.1,2026,2027,0,642000,0,"96,300","545,700"
2025,Stormwater Drainage Management,92,Other GO CIP - Non-Debt,N. Winnetka Ave. @ McBroom Street Drainage Relief - W767,W767.1,,,0,307000,0,0,0
2025,Stormwater Drainage Management,92,Other GO CIP - Debt,Nandina - Pine Trail Area - VD63,VD63.1,2025,2025,0,178107,178107,0,0
2025,Storm Drainage Relief System,92,2017 Bonds,Nandina - Pine Trail Area - VD63,VD63.2,2025,2025,218229,899950,681720,0,0
2025,Flood Management,92,2024 Bonds,North Davillia Dr Estates Channel Repair (3755 Clover Lane) - YC27,YC27.1,2026,2026,0,79350,0,"79,350",0
2025,Stormwater Drainage Management,92,Other GO CIP - Debt,Northclif Drive 9804 - W768,W768.1,2026,2026,124304,1624304,0,"225,000",0
2025,Stormwater Drainage Management,92,Other GO CIP - Non-Debt,Northcliff Drive 9804 - W768,W768.2,2025,2025,0,490000,490000,0,0
2025,Stormwater Drainage Management,92,Other GO CIP - Debt,Northwest Highway @ Tulane - W769,W769.1,2025,2027,0,3635025,2550000,0,"87,975"
2025,Stormwater Drainage Management,92,Other GO CIP - Non-Debt,Northwest Highway @ Tulane - W769,W769.2,2026,2026,0,5065000,0,"759,750",0
2025,Erosion Control,92,2024 Bonds,Nutwood Cir. 6402 - YC13,YC13.1,2025,2027,0,201251,30188,0,"171,063"
2025,Flood Management,92,2024 Bonds,Oak Haven Lane 8602 - YC28,YC28.1,2027,2027,0,238050,0,0,"31,050"
2025,Stormwater Drainage Management,92,Other GO CIP - Non-Debt,Ohio W. 412 416 - W236,W236.1,2025,2025,1000,23375,22375,0,0
2025,Erosion Control,92,2024 Bonds,Outfall at Compton 1203/1205 - YC14,YC14.1,2025,2027,0,483000,72450,0,"410,550"
2025,Stormwater Drainage Management,92,Other GO CIP - Non-Debt,"Pandora Circle, 13344 - W419",W419.1,2025,2025,79990,346990,267000,0,0
2025,Erosion Control,92,2017 Bonds,Parkdale Bridge - White Rock Creek Tributary - VD08,VD08.1,2025,2025,0,45180,45180,0,0
2025,Stormwater Drainage Management,92,Other GO CIP - Non-Debt,Parkhurst - Brookhurst (Lake Highlands Baptist) Relief System - W867,W867.1,2027,2027,0,4122000,0,0,"494,640"
2025,Stormwater Drainage Management,92,Other GO CIP - Debt,Parrish Branch Culvert @ Wheatland Rd - W237,W237.1,2025,2025,41,0,(41),0,0
2025,Stormwater Drainage Management,93,Other GO CIP - Non-Debt,Parrish Branch Culvert @ Wheatland Rd. - W237,W237.2,2025,2025,114036,562536,448500,0,0
2025,Stormwater Drainage Management,93,Other GO CIP - Non-Debt,Peaks Branch Upper Basin Relief System (RL Area 13) - W868,W868.1,,,0,10000000,0,0,0
2025,Stormwater Drainage Management,93,Other GO CIP - Non-Debt,Pensive Drive Channel/ Walnut Hill Relief System - W212,W212.1,2025,2025,1116947,12828182,11711235,0,0
2025,Stormwater Drainage Management,93,Other GO CIP - Non-Debt,Plano Pky. 8800 - W770,W770.1,2026,2026,0,956000,0,"143,400",0
2025,Stormwater Drainage Management,93,Other GO CIP - Non-Debt,Planters Glen 12542 - X206,X206.1,2026,2027,0,57222000,0,"3,000,000","10,000,000"
2025,Stormwater Drainage Management,93,Other GO CIP - Non-Debt,Pleasant Branch Tonawanda to Bruton - W279,W279.1,2025,2025,0,4686151,4686151,0,0
2025,Stormwater Drainage Management,93,Other GO CIP - Debt,Plymouth Road Drainage Relief (Avon to Bahama) - W869,W869.1,,,112416,112416,0,0,0
2025,Stormwater Drainage Management,93,Other GO CIP - Non-Debt,Plymouth Road Drainage Relief (Avon to Bahama) - W869,W869.2,2025,2026,0,464416,112416,"352,000",0
2025,Stormwater Drainage Management,93,Other GO CIP - Non-Debt,Polk Street 3425 (RL Area 38) - W272,W272.1,2025,2025,0,1100000,1100000,0,0
2025,Flood Management,93,2017 Bonds,Prairie Creek Channel & Bridge Improvement @ 175 - VD70,VD70.1,2025,2025,85817,701178,615361,0,0
2025,Stormwater Drainage Management,93,Other GO CIP - Debt,Prairie Oak Drive 9321 (RL Area 33) - VD66,VD66.1,2025,2025,619232,613154,(6078),0,0
2025,Storm Drainage Relief System,93,2017 Bonds,Prairie Oak Drive 9321 (RL Area 33) - VD66,VD66.2,,,425000,425000,0,0,0
2025,Stormwater Drainage Management,93,Other GO CIP - Debt,Pratt St @ Mayrant Dr. Erosion Control - W870,W870.1,,,75901,75901,0,0,0
2025,Stormwater Drainage Management,93,Other GO CIP - Non-Debt,Pratt St @ Mayrant Dr. Erosion Control - W870,W870.2,2025,2025,0,383901,383901,0,0
2025,Stormwater Drainage Management,93,Other GO CIP - Non-Debt,Pressure Sewer - X102,X102.1,2025,2026,0,8000000,5000000,"3,000,000",0
2025,Stormwater Drainage Management,94,Other GO CIP - Non-Debt,"Preston Bend Drive, 17110 - W420",W420.1,2025,2025,95948,653148,557200,0,0
2025,Stormwater Drainage Management,94,Other GO CIP - Non-Debt,Preston Creek 6144 - X205,X205.1,2026,2026,0,835000,0,"112,500",0
2025,Stormwater Drainage Management,94,Other GO CIP - Non-Debt,Preston Creek Place 6166 - W771,W771.1,2027,2027,0,174000,0,0,"26,100"
2025,Flood Management,94,2017 Bonds,"Preston Hollow Channel, Phases 1& 2, Desco - VD51",VD51.1,2025,2025,208076,1854000,1645924,0,0
2025,Stormwater Drainage Management,94,Other GO CIP - Debt,"Preston Hollow Channel, Phases 1& 2, Desco - VD51",VD51.2,2025,2025,0,287696,287696,0,0
2025,Stormwater Drainage Management,94,Other GO CIP - Non-Debt,Private Creek Assistance - X101,X101.1,2025,2027,0,250000,50000,"50,000","50,000"
2025,Flood Management,94,2024 Bonds,Pruitt Branch @ C F Hawn - YC29,YC29.1,2027,2027,0,661250,0,0,"86,250"
2025,Stormwater Drainage Management,94,Other GO CIP - Debt,Public Erosion control - VD15,VD15.1,2025,2027,0,856397,281972,0,"46,575"
2025,Erosion Control,94,2024 Bonds,Ravinia S. 3338 - YC15,YC15.1,2025,2027,0,503125,75469,0,"427,656"
2025,Stormwater Drainage Management,94,Other GO CIP - Debt,"Ravinia South, 123 - W773",W773.1,2025,2027,0,909775,37500,0,"70,725"
2025,Stormwater Drainage Management,94,Other GO CIP - Non-Debt,"Ravinia South, 123 - W773",W773.2,2026,2026,0,212500,0,"212,500",0
2025,Stormwater Drainage Management,94,Other GO CIP - Non-Debt,Red Bird Branch Culvert @ Red Bird Lane - W421,W421.1,2025,2025,341951,1178448,836497,0,0
2025,Flood Management,94,2024 Bonds,Reinhart Branch Flood Management Study Update - YC30,YC30.1,2026,2026,0,230000,0,"230,000",0
2025,Stormwater Drainage Management,94,Other GO CIP - Non-Debt,Repetitive Loss Properties - W872,W872.1,2026,2027,0,1900000,0,"1,000,000","150,000"
2025,Stormwater Drainage Management,94,Other GO CIP - Debt,Rexford Dr @ Shorecrest Dr - VD53,VD53.1,2025,2025,0,405775,405775,0,0
2025,Storm Drainage Relief System,94,2017 Bonds,Rexford Dr @ Shorecrest Dr - VD53,VD53.2,,,409475,409475,0,0,0
2025,Stormwater Drainage Management,94,Other GO CIP - Debt,Roof & HVAC Replacements - W873,W873.1,2025,2025,0,115755,115755,0,0
2025,Stormwater Drainage Management,95,Other GO CIP - Non-Debt,Roof & HVAC Replacements - W873,W873.2,2025,2027,0,2550000,950000,"750,000","200,000"
2025,Stormwater Drainage Management,95,Other GO CIP - Debt,"Royal Lane, 3162 (RL Area 7) - VD52",VD52.1,2025,2025,0,239796,239796,0,0
2025,Storm Drainage Relief System,95,2017 Bonds,"Royal Lane, 3162 (RL Area 7) - VD52",VD52.2,2025,2025,45466,220000,174534,0,0
2025,Stormwater Drainage Management,95,Other GO CIP - Debt,"Royal Lane, 7012 - VD50",VD50.1,2025,2025,0,937455,937455,0,0
2025,Storm Drainage Relief System,95,2017 Bonds,"Royal Lane, 7012 - VD50",VD50.2,,,1658995,1658995,0,0,0
2025,Storm Drainage Relief System,95,2024 Bonds,Royal Spring 10510 Storm Drainage Relief - YC49,YC49.1,2027,2027,0,123575,0,0,"18,536"
2025,Stormwater Drainage Management,95,Other GO CIP - Non-Debt,Sage Valley - Wisteria Area - W776,W776.1,2026,2026,0,701000,0,"105,150",0
2025,Stormwater Drainage Management,95,Other GO CIP - Non-Debt,San Gabriel Drive 4300 Blk - W622,W622.2,2025,2025,745719,1086750,341031,0,0
2025,Stormwater Drainage Management,95,Other GO CIP - Debt,Sanford Ave Relief System (Little Forest Hill) (TWM000073) - W199,W199.1,2025,2025,98208,99149,941,0,0
2025,Storm Drainage Relief System,95,2024 Bonds,Sanford Ave Relief System (Little Forest Hill) Phase 2 - YC50,YC50.1,2026,2026,0,2300000,0,"345,000",0
2025,Fleet/ Equipment Replacement,95,Other GO CIP - Debt,SDM Equipment Notes - E615,E615.2,2026,2027,0,12500000,0,"2,500,000","2,500,000"
2025,Erosion Control,95,2024 Bonds,Sheldon Ave 3303 (Fire Station 26) - YC16,YC16.1,2025,2027,0,805000,120750,0,"684,250"
2025,Stormwater Drainage Management,95,Other GO CIP - Non-Debt,"Sinclair, 10514 - W423",W423.1,2025,2025,31196,162196,131000,0,0
2025,Stormwater Drainage Management,95,Other GO CIP - Non-Debt,Slaughter Branch Culvert Improvement @ NW Hwy - W876,W876.1,2026,2026,0,701000,0,"105,150",0
2025,Stormwater Drainage Management,95,Other GO CIP - Debt,Sonnet Drive Drainage Relief System - W877,W877.1,2025,2025,0,2728000,2728000,0,0
2025,Stormwater Drainage Management,95,Other GO CIP - Non-Debt,Sonnet Drive Drainage Relief System - W877,W877.2,2025,2025,0,372000,372000,0,0
2025,Stormwater Drainage Management,95,Other GO CIP - Debt,Sonnet Drive Drainage Relief System - W877,W877.3,,,310949,310949,0,0,0
2025,Stormwater Drainage Management,96,Other GO CIP - Non-Debt,"South Lamar Ph. 2 - Pear, Mooney, Bannock Area - W424",W424.1,2025,2025,472518,4054518,3582000,0,0
2025,Stormwater Drainage Management,96,2024 Bonds,Southwood - Franklin (S) Area - YC51,YC51.1,2027,2027,0,2012500,0,0,"301,875"
2025,Storm Drainage Relief System,96,2024 Bonds,Spring Grove 13300 Block - YC52,YC52.1,2026,2026,0,1733913,0,"258,750",0
2025,Stormwater Drainage Management,96,Other GO CIP - Non-Debt,Spring Valley Rd 8444 - S752,S752.1,2026,2026,0,996000,0,"149,400",0
2025,Erosion Control,96,2024 Bonds,"Springhill Dr 2302, 2310, 2314, & 2320 - YC17",YC17.1,2025,2027,0,1557674,233651,0,"1,324,024"
2025,Stormwater Drainage Management,96,Other GO CIP - Debt,State-Thomas - Flora/Boll to Fairmont - VD45,VD45.1,2025,2025,0,492278,492278,0,0
2025,Storm Drainage Relief System,96,2017 Bonds,State-Thomas - Flora/Boll to Fairmont - VD45,VD45.2,2025,2025,107850,495000,387150,0,0
2025,Storm Drainage Relief System,96,2006 Bonds,State-Thomas @ Woodall Rodgers - T536,T536.1,,,2410657,2410657,0,0,0
2025,Stormwater Drainage Management,96,Other GO CIP - Debt,Storm Water Operations Facility - W879,W879.1,2025,2025,11000000,11752658,752658,0,0
2025,Stormwater Drainage Management,96,Other GO CIP - Non-Debt,Storm Water Operations Facility - W879,W879.2,2025,2025,0,11742512,11742512,0,0
2025,Stormwater Drainage Management,96,Other GO CIP - Debt,Stormwater Drainage Management- Reverchon - W742,W742.2,2027,2027,245624,616624,0,0,"55,650"
2025,Stormwater Drainage Management,96,Other GO CIP - Non-Debt,"Summer Creek Circle 6145, 6153, 6155, 6157 - W426",W426.1,2025,2025,248325,1925925,1677600,0,0
2025,Stormwater Drainage Management,96,Other GO CIP - Non-Debt,Tamarack 1705 - X201,X201.1,2026,2026,0,600000,0,"90,000",0
2025,Erosion Control,96,2012 Bonds,"Tamarack 1745, 1739, 1751 - S757",S757.1,2025,2025,125416,187155,61739,0,0
2025,Erosion Control,96,2017 Bonds,Teakwood Elmridge Drainage Relief - VD49,VD49.1,,,617500,617500,0,0,0
2025,Storm Drainage Relief System,96,Other GO CIP - Non-Debt,Teakwood Elmridge Drainage Relief - VD49,VD49.2,,,314226,314226,0,0,0
2025,Stormwater Drainage Management,96,Other GO CIP - Non-Debt,Throckmorton- Reagan-Drainage Improvements - W198,W198.1,2025,2026,784091,9553018,5768927,"3,000,000",0
2025,Stormwater Drainage Management,97,Other GO CIP - Non-Debt,"Trammel Drive, 6561 - W427",W427.1,2025,2025,31176,162176,131000,0,0
2025,Erosion Control,97,2017 Bonds,"Tree Shadow Trail, 5910 - VD79",VD79.1,2025,2025,204317,396597,192280,0,0
2025,Stormwater Drainage Management,97,Other GO CIP - Debt,"Tree Shadow Trail, 5910 - VD79",VD79.2,2025,2025,0,1397720,1397720,0,0
2025,Stormwater Drainage Management,97,Other GO CIP - Non-Debt,Trinity River - Lower East @ Bellevue Pressure Sewer - W880,W880.1,2027,2027,0,1600000,0,0,"192,000"
2025,Stormwater Drainage Management,97,Other GO CIP - Non-Debt,Trinity River - Lower East @ RR / Courts Building - W882,W882.1,2027,2027,0,3000000,0,0,"360,000"
2025,Stormwater Drainage Management,97,Other GO CIP - Non-Debt,Trinity River - Lower West @ Margaret Hunt Hill / Ron Kirk Pedestrian Bridge - W881,W881.1,2027,2027,0,5000000,0,0,"600,000"
2025,Stormwater Drainage Management,97,Other GO CIP - Debt,Turtle Creek - Trib 1 Culvert - VD46,VD46.1,2025,2025,0,206250,206250,0,0
2025,Stormwater Drainage Management,97,Other GO CIP - Non-Debt,Turtle Creek @ Bowen Area - Storm Drainage Relief - W428,W428.1,2025,2025,43828,320000,276172,0,0
2025,Stormwater Drainage Management,97,Other GO CIP - Non-Debt,Turtle Creek @ Hall - W780,W780.1,,,0,1164000,0,0,0
2025,Stormwater Drainage Management,97,Other GO CIP - Non-Debt,Turtle Creek @ Stonebridge - W781,W781.1,,,0,888000,0,0,0
2025,Stormwater Drainage Management,97,Other GO CIP - Non-Debt,"Twin Lakes, Dredging - W429",W429.1,,,1790643,1790643,0,0,0
2025,Stormwater Drainage Management,97,Other GO CIP - Non-Debt,Tyler (S) - Berkley - W884,W884.1,2026,2026,0,1390000,0,"208,500",0
2025,Stormwater Drainage Management,97,Other GO CIP - Debt,University Hills (Houston School St) Bridge @ Ricketts Branc - W783,W783.1,,,115755,115755,0,0,0
2025,Stormwater Drainage Management,97,Other GO CIP - Non-Debt,University Hills (Houston School St) Bridge@ Ricketts Branch - W783,W783.2,2025,2025,6000,1000000,994000,0,0
2025,Stormwater Drainage Management,97,2006 Bonds,USACE Partnership Funds - W397,W397.1,,,2018836,2018836,0,0,0
2025,Stormwater Drainage Management,98,1998 Bonds,USACE Partnership Funds - W397,W397.2,,,18713304,18713304,0,0,0
2025,Trinity River Corridor Projects,98,2006 Bonds,USACE Partnership Funds - W397,W397.3,,,7500,7500,0,0,0
2025,Stormwater Drainage Management,98,Other GO CIP - Non-Debt,Van Buren (N) - Cedar Hill Area - W784,W784.1,2026,2026,0,1390000,0,"208,500",0
2025,Erosion Control,98,2017 Bonds,"Versailles, 3500 - VD83",VD83.1,2025,2025,609990,787199,177209,0,0
2025,Stormwater Drainage Management,98,Other GO CIP - Debt,"Versailles, 3500 - VD83",VD83.2,2025,2025,0,1822791,1822791,0,0
2025,Storm Drainage Relief System,98,2024 Bonds,Weeburn 3677 Storm Drainage Relief - YC53,YC53.1,2027,2027,0,172500,0,0,"25,875"
2025,Stormwater Drainage Management,98,Other GO CIP - Non-Debt,Welch 11811 - W785,W785.1,,,0,1538100,0,0,0
2025,Stormwater Drainage Management,98,2024 Bonds,Wentwood 7314 - YC54,YC54.1,2027,2027,0,241500,0,0,"36,225"
2025,Stormwater Drainage Management,98,Other GO CIP - Non-Debt,West Dallas - Eagle Ford Sump Basin Phase 2 - W885,W885.1,,,0,1390200,0,0,0
2025,Stormwater Drainage Management,98,Other GO CIP - Non-Debt,West Dallas - Frances Street Sump Basin - W886,W886.1,,,0,772100,0,0,0
2025,Stormwater Drainage Management,98,Other GO CIP - Non-Debt,West Dallas - Trinity Portland Sump Basin - W887,W887.1,,,0,0,0,0,0
2025,Stormwater Drainage Management,98,Other GO CIP - Non-Debt,West Fork of Joes Creek Channel Repair - Brockbank Dr @ Channel Dr - W786,W786.1,2026,2026,0,1332000,0,"199,800",0
2025,Flood Management,98,2024 Bonds,White Rock Creek Floodplain Management Study Update - YC31,YC31.1,2026,2026,0,1035000,0,"1,035,000",0
2025,Storm Drainage Relief System,98,2024 Bonds,Whitehall 3870 Storm Drainage Relief - YC55,YC55.1,2027,2027,0,161000,0,0,"24,150"
2025,Stormwater Drainage Management,98,Other GO CIP - Debt,Williamson Branch FPMS Alt 2 - W278,W278.1,2025,2025,2054100,1954951,(99149),0,0
2025,Stormwater Drainage Management,98,Other GO CIP - Debt,Williamson Branch FPMS Alt 2 - W278,W278.2,2025,2025,0,4500000,4500000,0,0
2025,Stormwater Drainage Management,99,Other GO CIP - Non-Debt,Williamson Branch FPMS Alt 2 - W278,W278.3,2025,2025,0,2055000,2055000,0,0
2025,Stormwater Drainage Management,99,Other GO CIP - Non-Debt,Winslow-Henderson- Beeman Area Relief - W888,W888.1,,,0,4930200,0,0,0
2025,Erosion Control,99,2024 Bonds,Wixom Lane 835 - YC18,YC18.1,2025,2027,0,201251,30188,0,"171,063"
2025,Stormwater Drainage Management,99,Other GO CIP - Non-Debt,"Woodlark Trail, 306 - W788",W788.1,,,0,1538100,0,0,0
2025,Stormwater Drainage Management,99,Other GO CIP - Debt,Woody Branch @ S Polk St - W430,W430.1,2025,2025,0,5935500,5935500,0,0
2025,Stormwater Drainage Management,99,Other GO CIP - Non-Debt,Woody Branch @ S Polk St - W430,W430.2,2025,2025,0,509500,509500,0,0
2025,Stormwater Drainage Management,99,Other GO CIP - Debt,Woody Branch Dam Rehabilitation - X100,X100.1,2025,2027,0,1356338,750000,0,"49,163"
2025,Erosion Control,99,2024 Bonds,Woody Branch Erosion Control- Glen Oaks & Hunters View Grp 2 - YC19,YC19.1,2025,2027,0,807295,135008,0,"672,287"
2025,Erosion Control,99,2024 Bonds,Woody Branch Erosion Control- Glen Oaks & Hunters View Grp 6 - YC20,YC20.1,2025,2027,0,1292024,193803,0,"1,098,221"
2025,Stormwater Drainage Management,99,Other GO CIP - Non-Debt,Woody Branch Floodplain Management Study - W271,W271.1,2025,2025,0,200000,200000,0,0
2025,Stormwater Drainage Management,99,Other GO CIP - Non-Debt,Wycliff Roadway and Drainage Improvements - X025,X025.1,2027,2027,150000,354000,0,0,"30,600"
2025,Stormwater Drainage Management,99,2024 Bonds,Yolanda Circle 5636 - YC56,YC56.1,2027,2027,0,218500,0,0,"32,775"
2025,Stormwater Drainage Management,99,Other GO CIP - Non-Debt,Yosemite 6664 - W789,W789.1,2026,2026,0,359000,0,"53,850",0
2025,Major Maintenance,108,Other GO CIP - Debt,2017 Bond Reserves - X110,X110.1,2025,2025,1092738,1150000,57262,0,0
2025,Park Land Acquisition,108,Other GO CIP - Non- Debt,5580 Peterson - W690,W690.1,2025,2025,1464406,865727,(598679),0,0
2025,Site Development,108,2024 Bonds,Abrams Triangle Park - Monuments - YB16,YB16.1,2025,2025,0,60000,60000,0,0
2025,Erosion Control,108,2017 Bonds,Anderson Bonner - Creek Bank Stabilization - VK45,VK45.1,,,1281280,1281280,0,0,0
2025,Recreation Centers,108,2017 Bonds,Anita Martinez Recreation Center - X078,X078.1,,,141638,141638,0,0,0
2025,Playground Improvement,108,2024 Bonds,Apache Park - Playground (New) - YB93,YB93.1,,,0,300000,0,0,0
2025,"Code Compliance, Safety and Security",108,2024 Bonds,Arcadia Recreation Ctr- Inter Upgrades- Safety and Security - YK46,YK46.1,2025,2025,782,768670,767888,0,0
2025,Playground Improvement,108,2024 Bonds,Arden Terrace Park - Playground Replacement - YB94,YB94.1,,,0,300000,0,0,0
2025,Playground Improvement,108,2024 Bonds,Arlington Park - Playground Replacement - YB95,YB95.1,2025,2025,0,300000,300000,0,0
2025,Playground Improvement,108,2024 Bonds,Bachman Lake - Playground Replacement - YB96,YB96.1,2027,2027,0,750000,0,0,"75,000"
2025,Site Development,109,2024 Bonds,Bachman Lake Park - Shade Structure and PIP Surfacing - YB17,YB17.1,2025,2026,0,750000,75000,"675,000",0
2025,Hike and Bike Trails,109,2024 Bonds,Bachman Lake Trail - Trail Connectivity - YB01,YB01.1,2026,2026,0,250000,0,"250,000",0
2025,Aquatic Facilities,109,2024 Bonds,"Bachman Parking Lot (Aquatics, Skate Park) - YB06",YB06.1,2025,2025,0,1500000,1500000,0,0
2025,Recreation Centers,109,2024 Bonds,Bachman Recreation Center - Auditorium Renovations - YK48,YK48.1,2026,2027,0,1500000,0,"200,000","1,300,000"
2025,Playground Improvement,109,2024 Bonds,Barry H. Barker Park - Playground Replacement - YB97,YB97.1,,,0,300000,0,0,0
2025,Playground Improvement,109,2024 Bonds,Bel Aire Park - Playground Replacement - YB98,YB98.1,,,0,200000,0,0,0
2025,Park Land Acquisition,109,Other GO CIP - Non- Debt,Belo Garden land/ devel - T025,T025.1,2025,2026,468805,468805,(468805),"468,805",0
2025,Site Development,109,2024 Bonds,Benito Jaurez Parque De Heroes - Park Furnishings Pkg - YB99,YB99.1,2025,2025,0,25000,25000,0,0
2025,Playground Improvement,109,2024 Bonds,Bent Tree Meadow Park - Playground Replacement - YK01,YK01.1,2025,2025,0,300000,300000,0,0
2025,Playground Improvement,109,2017 Bonds,Bent Tree Meadow Park Playground - W941,W941.1,2025,2025,59056,250000,190944,0,0
2025,Site Development,109,2024 Bonds,Bickers Park - Park Furnishings Package - YB18,YB18.1,2025,2025,0,45000,45000,0,0
2025,Hike and Bike Trails,109,2024 Bonds,Big Cedar Wilderness - Implementation - YK64,YK64.1,2027,2027,0,1500000,0,0,"197,000"
2025,Playground Improvement,109,2024 Bonds,Bitter Creek Park - Playground Replacement - YK02,YK02.1,,,0,300000,0,0,0
2025,Hike and Bike Trails,110,2024 Bonds,Bitter Creek Park Trail - YB19,YB19.1,2027,2027,0,700000,0,0,"100,000"
2025,Fair Park,110,Other Park Recreation,Brimer Unit Music Hall - X119,X119.1,2025,2025,192438,769438,577000,0,0
2025,Community Parks,110,2017 Bonds,Brownwood Park - Soccer Field - VB74,VB74.1,2025,2025,50604,297299,246695,0,0
2025,Recreation Centers,110,2024 Bonds,Buckner Forney Rec Ctr (New) - YB77,YB77.1,2025,2025,0,1000000,1000000,0,0
2025,Site Development,110,2024 Bonds,Bushman Park - Site Development - YB76,YB76.1,2025,2025,0,20000,20000,0,0
2025,Site Development,110,2024 Bonds,Bushmills - Park Site Improvements - YB20,YB20.1,2025,2025,0,300000,300000,0,0
2025,Site Development,110,2017 Bonds,Cadillac Heights Park - VK94,VK94.1,2025,2025,1247638,1224057,(23581),0,0
2025,Playground Improvement,110,2024 Bonds,Campbell Green Park - Playground Replacement (Large) - YK03,YK03.1,,,0,0,0,0,0
2025,"Code Compliance, Safety and Security",110,2024 Bonds,Campbell Green Rec Ctr- Inter Upgrades- Safety and Security - YK49,YK49.1,2025,2025,0,574700,574700,0,0
2025,Recreation Centers,110,2024 Bonds,Campbell Green Recreation Ctr - Mjr Renovation/ Replacement - YK50,YK50.1,,,0,0,0,0,0
2025,Playground Improvement,110,2024 Bonds,Casa View Park - Playground Replacement - YK04,YK04.1,2025,2025,0,200000,200000,0,0
2025,Site Development,110,2024 Bonds,Cedar Crest Golf Course - Facility Improvements - YB21,YB21.1,2026,2026,0,1000000,0,"250,000",0
2025,Playground Improvement,110,2024 Bonds,Cheyenne - Playground Replacement - YK87,YK87.1,,,0,200000,0,0,0
2025,Hike and Bike Trails,110,2017 Bonds,Circuit Trail - The LOOP (Match) - VB05,VB05.1,2025,2025,10890938,19854125,8963187,0,0
2025,Site Development,111,2024 Bonds,City (Pauper's) Cemetary - Sign Design - YB53,YB53.1,2025,2025,0,10000,10000,0,0
2025,Major Park Facilities,111,2024 Bonds,City Park - Blum House (CD2) - YB49,YB49.1,2026,2026,0,500000,0,"100,000",0
2025,Site Development,111,2024 Bonds,City Park - Site Development - YK71,YK71.1,2026,2026,0,273993,0,"54,799",0
2025,Site Development,111,2024 Bonds,City Park - Site Development (CD2) - YB48,YB48.1,2026,2026,0,1000000,0,"200,000",0
2025,Site Development,111,2024 Bonds,City Park - Site Development (Mayor) - YB50,YB50.1,2026,2026,0,1000000,0,"200,000",0
2025,Neighborhood Park Facilities,111,Other GO CIP - Non- Debt,City Park - X162,X162.1,2025,2025,181662,0,(181662),0,0
2025,Playground Improvement,111,2024 Bonds,Cochran Park - Playground Replacement - YK05,YK05.1,2027,2027,0,300000,0,0,"300,000"
2025,Playground Improvement,111,2024 Bonds,Cole Park - Playground Replacement - YK06,YK06.1,2027,2027,0,300000,0,0,"300,000"
2025,Aquatic Facilities,111,2024 Bonds,Community Pools (TBD) (CD8 Prj) - YB07,YB07.1,2025,2025,0,1000000,200000,0,0
2025,Playground Improvement,111,2024 Bonds,Cotillion Park - Playground Replacement - YK07,YK07.1,,,0,300000,0,0,0
2025,Fair Park,111,Other GO CIP - Non- Debt,Cotton Bowl- 5234,5234.1,2025,2027,12865674,16280657,(429664),"2,000,000","1,844,647"
2025,Fair Park,111,Other Park Recreation,Cotton Bowl Renovation - X064,X064.1,2025,2025,41526214,42102317,576103,0,0
2025,Hike and Bike Trails,111,2024 Bonds,Cottonbelt Trail - Trailhead Development - YK80,YK80.1,2026,2026,0,1000000,0,"200,000",0
2025,Playground Improvement,111,2024 Bonds,Cottonwood Park - Playground Replacement - YK08,YK08.1,2025,2025,0,300000,300000,0,0
2025,Site Development,112,2024 Bonds,Craddock Park - Shade Structure - YB22,YB22.1,2025,2025,0,20000,20000,0,0
2025,Studies and Master Plans,112,2024 Bonds,Crawford Memorial Park - Master Plan Implementation Ph II - YK65,YK65.1,2025,2025,0,9000000,1800000,0,0
2025,Playground Improvement,112,2024 Bonds,Crestline Park - Playground Replacement - YK09,YK09.1,2027,2027,0,300000,0,0,"300,000"
2025,Playground Improvement,112,2024 Bonds,Cummings Park - Playground Replacement - YK10,YK10.1,2025,2025,0,300000,300000,0,0
2025,Aquatic Facilities,112,2024 Bonds,D5 Sprayground (New) (CD5 Prj) - YK78,YK78.1,,,0,3000000,0,0,0
2025,Playground Improvement,112,2024 Bonds,D7 (Park B) - Playground Replacement (TBD) - YK38,YK38.1,,,0,300000,0,0,0
2025,Dallas Arboretum,112,2024 Bonds,Dallas Arboretum - Upgrades Multiple Buildings - YB80,YB80.1,,,0,4000000,0,0,0
2025,Hike and Bike Trails,112,2024 Bonds,Dallas Cultural Trail - Development - YB23,YB23.1,,,0,250000,0,0,0
2025,Park Land Acquisition,112,2024 Bonds,Dallas International District - Land Acquisition - YK66,YK66.1,2025,2026,9486388,20000000,513612,"10,000,000",0
2025,Major Park Facilities,112,2024 Bonds,"Dallas Water Commons - Dvlpmnt; Recr Acc; SMART City, CECAP - YB81",YB81.1,,,0,3000000,0,0,0
2025,Site Development,112,2024 Bonds,Dallas Water Commons - Phase II Completion - YB24,YB24.1,,,0,250000,0,0,0
2025,Dallas Zoo,112,2024 Bonds,Dallas Zoo - Safari Trail Habitat and Security Enhancements - YB82,YB82.1,2026,2027,0,26500000,0,"8,000,000","10,500,000"
2025,Dallas Zoo,112,2024 Bonds,Dallas Zoo (CD4) - YB25,YB25.1,2027,2027,0,500000,0,0,"500,000"
2025,Site Development,113,2024 Bonds,Dallas Zoo (Mayor) - Site Development - YB26,YB26.1,2026,2027,0,3000000,0,"2,600,000","400,000"
2025,Site Development,113,Other GO CIP - Non- Debt,Dickerson Street - P516,P516.1,2025,2025,9077777,9068614,(9163),0,0
2025,Site Development,113,Other GO CIP - Non- Debt,Downtown Park Development - 7087,7087.1,2025,2025,4933729,5259409,325680,0,0
2025,Playground Improvement,113,2024 Bonds,Elmwood Parkway - Playground Enhancements - YB27,YB27.1,,,0,125000,0,0,0
2025,"Code Compliance, Safety and Security",113,2024 Bonds,Eloise Lundy Rec Cntr – Inter Upgrds Safety and Security - YK51,YK51.1,2025,2025,0,1360431,1360431,0,0
2025,Playground Improvement,113,2024 Bonds,Emerald Lake Park - Playground Replacement - YK11,YK11.1,,,0,300000,0,0,0
2025,Playground Improvement,113,2024 Bonds,"Emma Carter Park - Playground Rplcmt, Shade Structure - YB28",YB28.1,2027,2027,0,351500,0,0,"351,500"
2025,Playground Improvement,113,2024 Bonds,Everglade Park - Playground Replacement - YK12,YK12.1,2025,2025,0,750000,750000,0,0
2025,Playground Improvement,113,2024 Bonds,Exall Park - Playground - YB29,YB29.1,2027,2027,0,300000,0,0,"30,000"
2025,Aquatic Facilities,113,2024 Bonds,"Exall Park Rec Cntr - Demo (New); Splash Pad, Sr Ctr - YK52",YK52.1,2025,2025,0,17660000,3532000,0,0
2025,Fair Park,113,2024 Bonds,"Fair Park - AAM; MH, Tx DG; C Aq; Public Safety, Prkng Impr - YB83",YB83.1,2026,2027,0,5000000,0,"500,000","1,390,000"
2025,Fair Park,113,Other GO CIP - Debt,Fair Park - X074,X074.1,,,31426620,31426620,0,0,0
2025,Fair Park,113,Reserve Fund,Fair Park Capital Reserves - 7984,7984.1,2025,2025,9320586,12672771,3352185,0,0
2025,Fair Park,113,Other GO CIP - Non- Debt,Fair Park Improvement Fund- 6497,6497.1,2025,2027,6560284,5714338,(957325),"65,504","45,875"
2025,Fair Park,114,Other GO CIP - Debt,Fair Park Improvements - X111,X111.1,2025,2025,55525331,58573380,3048049,0,0
2025,Site Development,114,2017 Bonds,Fair Park Improvements (C) Reserves - W503,W503.1,2025,2025,625782,2203803,1578021,0,0
2025,Fair Park,114,Other Park Recreation,"Fair Park Revenue Bonds, Series 2023 - X006",X006.1,2025,2025,380297,0,(380297),0,0
2025,Aquatic Facilities,114,Other GO CIP - Non- Debt,Ferris Plaza Fountain- P627,P627.1,2025,2026,94431,94431,(94431),"94,431",0
2025,Hike and Bike Trails,114,2024 Bonds,Five Mile Creek Greenbelt Master Plan Impl Kessler Plan - YB84,YB84.1,,,0,7000000,0,0,0
2025,Site Development,114,2017 Bonds,Forest Audelia Park and Site Development - W940,W940.1,2025,2025,348193,371019,22826,0,0
2025,Recreation Centers,114,2024 Bonds,"Forest/Audelia - Phase III – First, Second Floor of N Wing - YK67",YK67.1,2026,2026,0,15000000,0,"1,000,000",0
2025,Recreation Centers,114,Other GO CIP - Non- Debt,Forest/Audelia Center - W641,W641.1,2025,2025,1416855,5657187,4240332,0,0
2025,Hike and Bike Trails,114,2024 Bonds,Fox Creek Tr - Mountain Creek Pkwy to FM 1382 - R182,R182.1,,,0,0,0,0,0
2025,Playground Improvement,114,2024 Bonds,Frances Rizo Park - Add Shade Structure - YK13,YK13.1,2026,2026,0,60000,0,"60,000",0
2025,Administrative and Internal Service Facilities,114,2024 Bonds,"Frances Rizo Park - Half Basketball Court, Benches, Grills - YK15",YK15.1,2026,2026,0,63000,0,"63,000",0
2025,Playground Improvement,114,2017 Bonds,"Frances Rizo Park - Playground replacement, ADA drinking fountain - VB78",VB78.1,2025,2025,29499,324813,295314,0,0
2025,"Code Compliance, Safety and Security",114,2024 Bonds,Frances Rizo Park- Security Lighting - YK14,YK14.1,2026,2026,0,137000,0,"137,000",0
2025,Playground Improvement,115,2024 Bonds,Frankford Park - Playground Replacement - YK16,YK16.1,2025,2025,0,300000,300000,0,0
2025,Site Development,115,2024 Bonds,Fruitdale Park - Site Development - YB30,YB30.1,2027,2027,0,30000,0,0,"30,000"
2025,Playground Improvement,115,2024 Bonds,Gateway Park - Playground Replacement - YK17,YK17.1,2027,2027,0,300000,0,0,"30,000"
2025,Site Development,115,2024 Bonds,Gateway Park- Parking Area and Entrance - YB10,YB10.1,2025,2025,0,550000,550000,0,0
2025,Site Development,115,2024 Bonds,Glendale Park - Dvlopmnt Plan Phase I; Phase II - YK68,YK68.1,2025,2027,480734,9000000,1319266,0,"7,200,000"
2025,Site Development,115,2024 Bonds,Glendale Park (CD3) -Land Acq and Site Development - YB32,YB32.1,2025,2025,0,50000,50000,0,0
2025,Site Development,115,2024 Bonds,Glendale Park (CD3)- Site Development - YB31,YB31.1,2025,2027,0,1000000,200000,0,"800,000"
2025,Site Development,115,2024 Bonds,Guard Park - Parking Lot - YB33,YB33.1,2026,2026,0,300000,0,"300,000",0
2025,Playground Improvement,115,2024 Bonds,Guard Park - Playground Shade Structure - YK18,YK18.1,2025,2026,0,400000,80000,"320,000",0
2025,Administrative and Internal Service Facilities,115,2024 Bonds,Hamilton Park - Tennis Court Repairs - YB34,YB34.1,2026,2026,0,75000,0,"75,000",0
2025,Administrative and Internal Service Facilities,115,2024 Bonds,Harry S. Moss Park - Pavilion - YB35,YB35.1,2027,2027,0,425000,0,0,"425,000"
2025,"Code Compliance, Safety and Security",115,2024 Bonds,Hattie R. Moore Park - Park Furnishings Pckg - YB36,YB36.1,2025,2025,0,48000,48000,0,0
2025,Site Development,115,2024 Bonds,Hattie R. Moore Park - YK81,YK81.1,2025,2025,0,45000,45000,0,0
2025,Recreation Centers,116,2024 Bonds,Hattie R. Moore Park- Anita Martinez Rec Ctr - HVAC Rplcmnt - YK53,YK53.1,2026,2026,0,1500000,0,"1,500,000",0
2025,Site Development,116,2024 Bonds,Helen C. Emory Park - Park Furnishings Pckg - YB39,YB39.1,2027,2027,0,42000,0,0,"42,000"
2025,Playground Improvement,116,2024 Bonds,Helen C. Emory Park - Playground Replacement - YB37,YB37.1,2027,2027,0,300000,0,0,"300,000"
2025,Major Park Facilities,116,2024 Bonds,Helen C. Emory Park - YB38,YB38.1,2027,2027,0,48000,0,0,"48,000"
2025,Playground Improvement,116,2024 Bonds,Herndon Park - Shade Structure Replacement - YK19,YK19.1,2027,2027,0,200000,0,0,"200,000"
2025,Site Development,116,2024 Bonds,Herndon Park - Site Improvements - YB91,YB91.1,2025,2025,0,750000,750000,0,0
2025,Recreation Centers,116,2024 Bonds,"Hiawatha Williams Rec Ctr - Fac Upgrds, Mem. Art Dedication - YB40",YB40.1,,,0,80000,0,0,0
2025,Aquatic Facilities,116,2024 Bonds,"Jaycee Zaragoza Park - Comm Pool (Rpl). Add Pool Blg, IT - YB08",YB08.1,2025,2027,0,4500000,900000,0,"3,600,000"
2025,Playground Improvement,116,2024 Bonds,Jaycee Zaragoza Park - Playground Replacement - YK20,YK20.1,,,0,1000000,0,0,0
2025,Site Development,116,2024 Bonds,"Jaycee Zaragoza Park - Softball Field Renovations, Fencing - YB11",YB11.1,,,0,335000,0,0,0
2025,Recreation Centers,116,2024 Bonds,"Jaycee Zaragoza Rec Ctr - Kitchen, Sr Serving Area Rehab - YB41",YB41.1,,,0,120000,0,0,0
2025,"Code Compliance, Safety and Security",116,2024 Bonds,John C. Phelps Rec Ctr- Inter Upgrades- Safety and Security - YK54,YK54.1,2025,2025,0,1154555,1154555,0,0
2025,Site Development,117,2024 Bonds,K.B. Polk Park - Add Paviolion - YK21,YK21.1,2027,2027,0,250000,0,0,"50,000"
2025,Recreation Centers,117,2024 Bonds,K.B. Polk Rec Ctr- Inter Upgrades- Safety and Security - YK55,YK55.1,2026,2026,0,1112792,0,"1,112,792",0
2025,Recreation Centers,117,2024 Bonds,K.B. Polk Recreation Center - Community Garden - YB42,YB42.1,2025,2025,0,250000,250000,0,0
2025,Hike and Bike Trails,117,2024 Bonds,Katy Trail - Fairmount/Maple Entr (New); Knox to Harvard Trl - YB85,YB85.1,2025,2025,0,1000000,200000,0,0
2025,Playground Improvement,117,2024 Bonds,Kidd Springs Park - Shade Structure - YB43,YB43.1,2027,2027,0,75000,0,0,"75,000"
2025,Hike and Bike Trails,117,2024 Bonds,Kiest Conservation Area - Bridge Repair - YB44,YB44.1,2025,2025,0,30000,30000,0,0
2025,Playground Improvement,117,2024 Bonds,Kiest Park - Playground Replacement - YK22,YK22.1,,,0,750000,0,0,0
2025,"Code Compliance, Safety and Security",117,2024 Bonds,Kiest Rec Ctr- Inter Upgrades- Safety and Security - YK56,YK56.1,2025,2025,0,1873306,1873306,0,0
2025,Playground Improvement,117,2024 Bonds,Kiowa Parkway - Playground Replacement - YK23,YK23.1,2026,2026,0,300000,0,"300,000",0
2025,Hike and Bike Trails,117,2024 Bonds,"Kleberg Park Loop Trail, Pavilion, Amenities - YK69",YK69.1,,,0,1500000,0,0,0
2025,Hike and Bike Trails,117,Other GO CIP - Non- Debt,Kleberg Trail Ph1 - W473,W473.1,2025,2025,0,1034454,1034454,0,0
2025,Hike and Bike Trails,117,Other GO CIP - Non- Debt,Klyde Warren Park - ILA - X156,X156.1,,,250000,250000,0,0,0
2025,Major Park Facilities,117,2024 Bonds,Klyde Warren Park - Phase II Implementation (Match) - YB86,YB86.1,2025,2025,0,4500000,4500000,0,0
2025,Site Development,117,2024 Bonds,Klyde Warren Park - Site Development (CD14) - YB45,YB45.1,2025,2025,0,1000000,1000000,0,0
2025,Site Development,118,2024 Bonds,Klyde Warren Park - Site Development (Mayor) - YB46,YB46.1,2025,2025,0,1000000,1000000,0,0
2025,Site Development,118,2024 Bonds,Lakeland Hills Park - Skate Park (Redevelopment) - YK76,YK76.1,2025,2027,0,1000000,200000,0,"800,000"
2025,Park Land Acquisition,118,2017 Bonds,Land Acq for football complex in CD 5 [supplement CD funds] - VB30,VB30.1,2025,2025,1038908,1200000,161092,0,0
2025,Aquatic Facilities,118,Other GO CIP - Non- Debt,Land Acquisition - 919A,919A.1,2025,2027,4330818,14281858,308589,"4,642,451","5,000,000"
2025,Park Land Acquisition,118,2017 Bonds,Land Acquisition and Partnership Match Funding - VB27,VB27.1,2025,2025,1615298,2360259,744961,0,0
2025,Playground Improvement,118,2024 Bonds,Ledbetter Eagle Ford Park - Eqpt Replacement - YK24,YK24.1,2027,2027,0,150000,0,0,"150,000"
2025,Recreation Centers,118,2024 Bonds,Marcus Park - Renovation (Major) - YK57,YK57.1,2025,2026,0,4000000,800000,"3,200,000",0
2025,Playground Improvement,118,2024 Bonds,Maria Luna Park - Playground Replacement - YK25,YK25.1,2027,2027,0,300000,0,0,"300,000"
2025,Recreation Centers,118,2024 Bonds,"Martin Luther King, Jr. - Cmps Renv (Facilities Prp) - YB79",YB79.1,2025,2027,0,9500000,1900000,0,"7,600,000"
2025,Recreation Centers,118,2024 Bonds,Martin Weiss Rec Cntr - Gym/Multi- Purpose/Entry Add (New) - YK58,YK58.1,2025,2027,0,9000000,1800000,0,"7,200,000"
2025,Site Development,118,2024 Bonds,Match/Community Partner (CW) - YB90,YB90.1,,,0,1000000,0,0,0
2025,Playground Improvement,118,2024 Bonds,Match/DISD/Dallas College (CW) - YB02,YB02.1,2026,2026,0,4000000,0,"1,000,000",0
2025,Playground Improvement,118,2024 Bonds,Match/Greening Czar Parks (CW) - YB03,YB03.1,,,0,1000000,0,0,0
2025,Site Development,118,2024 Bonds,Match/UNT Dallas Athletic Complex (CW) - YB04,YB04.1,,,0,1000000,0,0,0
2025,Site Development,119,2024 Bonds,McCree Park - Site Improvements (CD10) - YB47,YB47.1,2025,2025,0,500000,50000,0,0
2025,Playground Improvement,119,2024 Bonds,Mildred L. Dunn Park - Shade Structure Over Playground (PIP) - YK26,YK26.1,2027,2027,0,150000,0,0,"30,000"
2025,Playground Improvement,119,2024 Bonds,Mountain Valley Park - Playground Replacement - YK27,YK27.1,2027,2027,0,300000,0,0,"300,000"
2025,Administrative and Internal Service Facilities,119,2024 Bonds,Multi-Use Facility – Pickleball - 12000 Grnvll Ave (D10 Prj) - YB78,YB78.1,2027,2027,0,1300000,0,0,"260,000"
2025,Site Development,119,2024 Bonds,Nash Davis Park - Soccer Pitch (New) - YB12,YB12.1,,,0,450000,0,0,0
2025,Fair Park,119,2017 Bonds,Natural History Museum HVAC - X127,X127.1,,,463222,463222,0,0,0
2025,Site Development,119,2024 Bonds,New Park- Site Dvlpmnt (Fish Trap Rd Acr W Dallas MP Ctr) - YK70,YK70.1,,,0,110000,0,0,0
2025,Hike and Bike Trails,119,Other GO CIP - Non- Debt,Northaven Trail (75 to Hillcrest)- T241,T241.1,2025,2026,1790358,1790358,(1680358),"1,680,358",0
2025,Neighborhood Park Facilities,119,Other GO CIP - Non- Debt,Old City Park Maintenance Fund - X140,X140.1,2025,2025,29700,702000,672300,0,0
2025,Aquatic Facilities,119,2024 Bonds,Old East Dallas Splash Pad - YK92,YK92.1,,,70000,70000,0,0,0
2025,Site Development,119,2024 Bonds,Old East Dallas Splash Pad - YK92,YK92.2,,,0,0,0,0,0
2025,Playground Improvement,119,2024 Bonds,Orbiter Park - Playground (New) - YK28,YK28.1,2025,2027,0,300000,30000,0,"270,000"
2025,Site Development,119,2024 Bonds,Orbiter Park - Site Improvements - YB51,YB51.1,2026,2027,0,700000,0,"150,000","550,000"
2025,Playground Improvement,119,2024 Bonds,Overlake Park - Playground Replacement - YK29,YK29.1,,,0,300000,0,0,0
2025,Playground Improvement,120,2024 Bonds,Pagewood Park - Playground (North End) - YK30,YK30.1,2026,2026,0,300000,0,"300,000",0
2025,Site Development,120,2017 Bonds,Park and Recreation Facilities (B) Reserves - W501,W501.1,2025,2025,924395,1532309,607914,0,0
2025,Site Development,120,2017 Bonds,Park and Recreation Facilities (B) Trail - W502,W502.1,2025,2025,0,274845,274845,0,0
2025,Hike and Bike Trails,120,2024 Bonds,Parkdale Lake Trail- FPRK to Parkdale Lk/ Lawnview Prk (New) - YK72,YK72.1,2026,2026,0,3000000,0,"450,000",0
2025,Site Development,120,2024 Bonds,Parkland Acquisition - Site Development - YB52,YB52.1,,,0,175000,0,0,0
2025,Neighborhood Park Facilities,120,2017 Bonds,Paupers Cemetery - W965,W965.1,2025,2025,24918,75028,50110,0,0
2025,Playground Improvement,120,2024 Bonds,Peary Park - Playground Replacement - YK31,YK31.1,2026,2026,0,300000,0,"300,000",0
2025,Aquatic Facilities,120,2024 Bonds,"Pleasant Oaks Comm Pool - (Rpl). Add Pool Blg, IT - YB09",YB09.1,2025,2027,0,1000000,200000,0,"800,000"
2025,Playground Improvement,120,2024 Bonds,Pointer Park - Playground (New) - YK32,YK32.1,,,0,300000,0,0,0
2025,Site Development,120,2024 Bonds,Preston Hollow Park - Pavilion (Renovate or Replace) - YB66,YB66.1,2027,2027,0,125000,0,0,"125,000"
2025,Playground Improvement,120,2024 Bonds,Preston Hollow Park - Playground Replacement - YK33,YK33.1,,,0,300000,0,0,0
2025,Public Art,120,Other GO CIP - Non- Debt,Public Art Administration-Park - N809,N809.1,2025,2025,4526,95400,90874,0,0
2025,Public Art,120,2006 Bonds,Public Art Administration-Park - N809,N809.2,2025,2025,410357,448898,38541,0,0
2025,Public Art,121,Other GO CIP - Non- Debt,Public Art Projects- Park - N810,N810.1,2025,2025,0,381600,381600,0,0
2025,Public Art,121,2006 Bonds,Public Art Projects- Park - N810,N810.2,2025,2025,2336533,2354476,17944,0,0
2025,"Code Compliance, Safety and Security",121,2024 Bonds,"Pueblo Park (CD6) - Electrical, Lighting - YB55",YB55.1,2027,2027,0,65000,0,0,"65,000"
2025,Playground Improvement,121,2024 Bonds,Pueblo Park (CD6) - Fence Replacement - YB54,YB54.1,2027,2027,0,20000,0,0,"20,000"
2025,Site Development,121,2024 Bonds,Pueblo Park (CD6) - Park Furnishings Pckg - YB56,YB56.1,2025,2025,0,48000,48000,0,0
2025,Hike and Bike Trails,121,2017 Bonds,R P Brooks Park - Loop Walking Trail - VK34,VK34.1,2025,2025,155014,302375,147362,0,0
2025,Hike and Bike Trails,121,2024 Bonds,R.P. Brooks Trail - Pedestrian Bridge - YB92,YB92.1,2025,2025,0,750000,750000,0,0
2025,Recreation Centers,121,Other Park Recreation,Recreation Program Trust - 6864,6864.1,2025,2025,24996,0,(24996),0,0
2025,Site Development,121,2006 Bonds,Reserve Citywide - P550,P550.1,2025,2025,567712,509314,(58398),0,0
2025,Site Development,121,Other GO CIP - Non- Debt,Reverchon Park - Dallas Education Foundation - X010,X010.1,2025,2025,0,800000,800000,0,0
2025,Recreation Centers,121,2024 Bonds,Reverchon Rec Ctr- Inter Upgrades- Safety and Security - YK60,YK60.1,2026,2026,0,1296086,0,"1,296,086",0
2025,Site Development,121,2024 Bonds,Roland G Parrish Park - Site Development - YB57,YB57.1,2027,2027,0,3110000,0,0,"3,110,000"
2025,Site Development,121,2024 Bonds,Roland G Parrish Park - Site Development Phase II - YK73,YK73.1,2026,2027,0,7000000,0,"1,264,000","5,736,000"
2025,Recreation Centers,121,Other GO CIP - Non- Debt,Roland Parrish Project Donation - X174,X174.1,,,1001000,1001000,0,0,0
2025,Site Development,122,2024 Bonds,Rosemeade Park - Site Development Phase I - YK74,YK74.1,2026,2026,0,4750000,0,"4,750,000",0
2025,Administrative and Internal Service Facilities,122,2024 Bonds,Rosemeade Park - Youth Sports Complex - YB58,YB58.1,2026,2026,0,5000000,0,"5,000,000",0
2025,Site Development,122,2024 Bonds,Royal Park - Tennis and Pickleball Court Renovation - YK86,YK86.1,2025,2025,0,325000,325000,0,0
2025,Playground Improvement,122,2024 Bonds,Ruthmeade Park - Playground Enhancements - YB59,YB59.1,,,0,125000,0,0,0
2025,Hike and Bike Trails,122,2024 Bonds,Santa Fe Trail - Master Plan Development - YB60,YB60.1,2027,2027,0,250000,0,0,"250,000"
2025,Hike and Bike Trails,122,2024 Bonds,Santa Fe Trail - Phase I - YK82,YK82.1,2026,2027,0,2000000,0,"400,000","1,600,000"
2025,Site Development,122,2024 Bonds,"Santos Rodriguez Comm Cnt – HSTR, Utl, Elv Prkg Lot Relc - YK59",YK59.1,2025,2027,0,5000000,1000000,0,"4,000,000"
2025,Recreation Centers,122,2024 Bonds,Santos Rodriguez Recreation Center - Improvements - YB61,YB61.1,2025,2027,0,1000000,200000,0,"800,000"
2025,Aquatic Facilities,122,2024 Bonds,Singing Hills Recreation Center - Aquatics Upgrades - YB62,YB62.1,2025,2025,0,4000000,800000,0,0
2025,Site Development,122,2024 Bonds,Site Improvements - 12000 Greenville - YB15,YB15.1,2027,2027,0,500000,0,0,"100,000"
2025,Site Development,122,2024 Bonds,Skatepark with Lights (CD14 Prj) - YK75,YK75.1,,,0,500000,0,0,0
2025,Playground Improvement,122,2024 Bonds,Sleepy Hollow Park - Playground Replacement - YK34,YK34.1,2027,2027,0,300000,0,0,"300,000"
2025,Playground Improvement,122,2024 Bonds,South Central Park - Playground Expansion - YK35,YK35.1,,,0,200000,0,0,0
2025,Major Park Facilities,123,2024 Bonds,Southern Gateway - Deck Park Dvlpmnt Phase II - YB87,YB87.1,2026,2026,0,15000000,0,"3,000,000",0
2025,Site Development,123,2024 Bonds,St. Augustine Park - Parking Lot - YB63,YB63.1,2025,2025,0,300000,300000,0,0
2025,Hike and Bike Trails,123,2024 Bonds,St. Augustine Park Trail (New) - YK83,YK83.1,2025,2025,0,500000,500000,0,0
2025,Playground Improvement,123,2024 Bonds,Stafford Park - Playground Replacement - YK36,YK36.1,2025,2025,0,300000,300000,0,0
2025,Site Development,123,2024 Bonds,Stafford Park - Sign ID - YB64,YB64.1,2025,2025,0,6500,6500,0,0
2025,Playground Improvement,123,2024 Bonds,Stafford Park Playground - VB79,VB79.1,,,0,0,0,0,0
2025,Playground Improvement,123,2024 Bonds,Stevens Park - Playground Replacement - YK37,YK37.1,2026,2026,0,300000,0,"300,000",0
2025,Playground Improvement,123,2024 Bonds,Tama Park - Equipment Repair - YB65,YB65.1,2026,2026,0,20000,0,"20,000",0
2025,Site Development,123,2024 Bonds,Taylor Fields - Athletic Field Development - YB13,YB13.1,2025,2025,0,2430000,430000,0,0
2025,Site Development,123,2024 Bonds,The Bottom District Park (501 Sparks) - Site Dvlpmnt - YB67,YB67.1,2025,2025,0,80000,80000,0,0
2025,Site Development,123,2024 Bonds,Thurgood Marshall Park - Site Development - YB68,YB68.1,2025,2025,0,1000000,1000000,0,0
2025,Playground Improvement,123,2024 Bonds,Tietze Park - Playground Replacement - YK39,YK39.1,2026,2027,0,300000,0,"30,000","270,000"
2025,Playground Improvement,123,2024 Bonds,Timberglen Park - Playground Replacement - YK40,YK40.1,,,0,300000,0,0,0
2025,Hike and Bike Trails,123,2017 Bonds,Timberglen Trail - supplemental funding - VK68,VK68.1,2025,2025,5813,496250,490437,0,0
2025,"Code Compliance, Safety and Security",124,2024 Bonds,Tipton Park - Security Cameras - YB69,YB69.1,,,0,45000,0,0,0
2025,Hike and Bike Trails,124,2024 Bonds,Tipton Park/Bernal Creek (CD6) - Connecting Walkways - YB71,YB71.1,2027,2027,0,41000,0,0,"41,000"
2025,Site Development,124,2024 Bonds,Tipton Park/Bernal Creek (CD6) - Park Furnishings Pckg - YB70,YB70.1,2027,2027,0,60000,0,0,"60,000"
2025,"Code Compliance, Safety and Security",124,2024 Bonds,Tommie M. Allen Rec Ctr- Inter Upgrades- Safety and Security - YK61,YK61.1,2025,2025,0,862084,862084,0,0
2025,Fair Park,124,2017 Bonds,Tower Building Mural Restoration Grant Match - X154,X154.1,2025,2025,0,750000,750000,0,0
2025,Hike and Bike Trails,124,2024 Bonds,Trail Connectivity and Park Site Dvlpmnt - YB72,YB72.1,2027,2027,0,500000,0,0,"500,000"
2025,Hike and Bike Trails,124,Other GO CIP - Non- Debt,Trail Development - 7165,7165.1,2025,2025,285338,210619,(74718),0,0
2025,Hike and Bike Trails,124,Other GO CIP - Non- Debt,Trinity Forest Spine Trl Ph1 - W511,W511.1,2025,2025,0,2867844,2867844,0,0
2025,Site Development,124,2024 Bonds,Trinity River Audubon Center - Master Plan Imprvmnts - YB88,YB88.1,2027,2027,0,3000000,0,0,"600,000"
2025,Recreation Centers,124,2024 Bonds,"Trinity River Audubon Cntr - Inter Strt Remodel, Ext Ex Rmdl - YK62",YK62.1,2027,2027,0,1500000,0,0,"300,000"
2025,Site Development,124,0,Trinity Strand Hi- Line Connector Bridge - P749,P749.1,,,0,0,0,0,0
2025,Hike and Bike Trails,124,2024 Bonds,Turtle Creek Park Trl - Con Katy Trl; Ntr Tls; AH Rf; ErCtrl - YB89,YB89.1,2027,2027,0,1500000,0,0,"300,000"
2025,Erosion Control,124,2024 Bonds,Turtle Creek Parkway - Dredging/Erosion Control - YB73,YB73.1,2027,2027,0,1000000,0,0,"200,000"
2025,Aquatic Facilities,125,2024 Bonds,Vickery Meadow - Sprygrnd (New); Pavln Vick Mdw (Fair Oaks) - YK79,YK79.1,2026,2027,0,3500000,0,"550,000","2,950,000"
2025,Playground Improvement,125,2024 Bonds,Walnut Hill Park - Playground Replacement - YK41,YK41.1,,,0,300000,0,0,0
2025,Playground Improvement,125,2024 Bonds,West Trinity Heights Park - Playground - YK42,YK42.1,,,0,300000,0,0,0
2025,Site Development,125,2024 Bonds,Westmoreland Park - Skatepark (Pivt Match) - YK77,YK77.1,2025,2025,0,1000000,1000000,0,0
2025,Site Development,125,2024 Bonds,Wheatland Park - Develop Football Complex - YB14,YB14.1,2025,2026,3691,1000000,196309,"800,000",0
2025,Hike and Bike Trails,125,2024 Bonds,White Rock Crk Trl - Walnut Hill (Lk Hghlnds Trl Con) NW Hwy - YK84,YK84.1,2025,2027,0,7000000,1400000,0,"5,600,000"
2025,Recreation Centers,125,2024 Bonds,White Rock Hills Rec Ctr Dev - YB74,YB74.1,2025,2026,0,500000,100000,"400,000",0
2025,Recreation Centers,125,2024 Bonds,White Rock Hills Recreation Center - YK63,YK63.1,2025,2026,682,17660000,3531318,"14,128,000",0
2025,Environmental,125,2024 Bonds,White Rock Lake - Dredging (Corps) - YB05,YB05.1,2025,2026,0,20000000,3000000,"2,000,000",0
2025,Playground Improvement,125,2024 Bonds,White Rock Lake - Playground Replacements (WRL; Winsted) - YK43,YK43.1,2025,2026,0,300000,30000,"270,000",0
2025,Aquatic Facilities,125,Other GO CIP - Non- Debt,WHITE ROCK LAKE CONSERVANCY- P900,P900.1,2025,2026,113955,113955,(113955),"113,955",0
2025,Hike and Bike Trails,125,2024 Bonds,White Rock Lake Trail - E Lawther - Rcnstrct; Expnd Width - YK85,YK85.1,2025,2025,0,2500000,500000,0,0
2025,Playground Improvement,125,2024 Bonds,William Blair Jr. Park - Playground Replacement - YK44,YK44.1,2026,2026,0,300000,0,"30,000",0
2025,Site Development,126,2024 Bonds,Willis C. Winters Park - Flag Pole - YB75,YB75.1,2026,2026,0,20000,0,"20,000",0
2025,Playground Improvement,126,2024 Bonds,Willis C. Winters Park - Playground Replacement - YK45,YK45.1,2026,2026,0,300000,0,"300,000",0
2025,Site Development,126,2024 Bonds,Willis Winters Park DISD Cool School Match - YK88,YK88.1,2026,2026,0,1000000,0,"1,000,000",0
2025,Administrative and Internal Service Facilities,126,Other GO CIP - Non- Debt,Winfrey Point Renovations Match - W977,W977.1,2025,2025,151250,0,(151250),0,0
2025,Neighborhood Park Facilities,126,Other Park Recreation,WRL Boathouse - 7983,7983.1,2025,2025,375717,645236,269519,0,0
2025,Fleet/ Equipment Replacement,129,Sanitation Capital Program,Collection Equipment Purchase - E601,E601.1,2025,2025,5744156,5744556,400,0,0
2025,Solid Waste Facilities,129,Sanitation Capital Program,Collection Service Facility Improvement - W901,W901.1,2025,2025,0,1200000,1200000,0,0
2025,Solid Waste Facilities,129,Sanitation Capital Program,Construction of the Swale and Wetlands per the 404 Permit - W324,W324.1,2025,2025,0,3089775,3089775,0,0
2025,Fleet/ Equipment Replacement,129,Sanitation Capital Program,FY24-26 Landfill Equipment Purchase - E454,E454.1,2025,2026,6115167,11000000,884833,"4,000,000",0
2025,Fleet/ Equipment Replacement,129,Sanitation Capital Program,FY26-27 Landfill Equipment Purchase - X212,X212.1,2027,2027,0,4500000,0,0,"4,500,000"
2025,Fleet/ Equipment Replacement,129,Sanitation Capital Program,FY27-28 Landfill Equipment Purchase - X213,X213.1,,,0,5000000,0,0,0
2025,Fleet/ Equipment Replacement,129,Sanitation Capital Program,FY28-29 Landfill Equipment Purchase - X214,X214.1,,,0,5500000,0,0,0
2025,Fleet/ Equipment Replacement,129,Sanitation Capital Program,FY29-30 Landfill Equipment Purchase - X215,X215.1,,,0,6000000,0,0,0
2025,Solid Waste Facilities,129,Sanitation Capital Program,Landfill Levee & Road Repair - W902,W902.1,2025,2025,0,900000,900000,0,0
2025,Solid Waste Facilities,129,Sanitation Capital Program,McCommas Bluff Landfill - Cell #7A & #7B Design and Constr - PB01,PB01.1,2025,2025,14521629,15000000,478371,0,0
2025,Solid Waste Facilities,130,Sanitation Capital Program,New Scale House - W316,W316.1,2025,2025,0,1200000,1200000,0,0
2025,Fleet/ Equipment Replacement,130,Sanitation Capital Program,On-Board Camera for MRMP - W653,W653.1,2025,2025,1572971,2918854,1345883,0,0
2025,Solid Waste Facilities,130,Sanitation Capital Program,Other Sanitation Projects - W325,W325.1,2025,2027,0,14155816,9155816,"1,000,000","1,000,000"
2025,Fleet/ Equipment Replacement,130,Other GO CIP - Debt,SAN Fleet- Equipment Replacement - E614,E614.1,2025,2027,9979737,80000000,20263,"12,000,000","13,000,000"
2025,Solid Waste Facilities,130,Sanitation Capital Program,SAN HQ Admin Office - W317,W317.1,2025,2025,0,750000,750000,0,0
2025,Fleet/ Equipment Replacement,130,Sanitation Capital Program,Sanitation Fleet - E383,E383.1,2025,2025,5033190,5251849,218659,0,0
2025,Solid Waste Facilities,130,Sanitation Capital Program,Transfer Stations - W315,W315.1,2025,2025,0,1450000,1450000,0,0
2025,Street Resurfacing,137,2024 Bonds,100 S Pearl Expy - Y146,Y146.1,,,0,0,0,0,0
2025,Street Petitions,137,2024 Bonds,1000 Centre St - Y416,Y416.1,2026,2027,0,166370,0,"24,956","141,415"
2025,Street Petitions,137,2024 Bonds,1000 Forester Dr - Y283,Y283.1,2026,2026,0,357303,0,"53,595",0
2025,Street Resurfacing,137,2024 Bonds,10000 Spokane Cir - Y191,Y191.1,2026,2026,0,192491,0,"192,491",0
2025,Street Resurfacing,137,2024 Bonds,10000 Tim Tam Cir - Y192,Y192.1,2026,2026,0,182126,0,"182,126",0
2025,Street Resurfacing,137,2024 Bonds,10000 Venetian Way - Y193,Y193.1,2026,2026,0,338850,0,"338,850",0
2025,Street Resurfacing,137,2024 Bonds,1000-1100 N Windomere Ave - Y194,Y194.1,2026,2026,0,592744,0,"592,744",0
2025,Alley Petitions,137,2024 Bonds,10007-10211 Lake Gardens Dr & 992-998 N Rustic Cir (A04131) - Y001,Y001.1,2025,2026,0,551620,82391,"469,229",0
2025,Alley Petitions,137,2024 Bonds,100-128 N Clinton Ave & 103-131 N Winnetka Ave (A01563) - Y395,Y395.1,2026,2027,0,220883,0,"33,132","187,751"
2025,Street Resurfacing,137,2024 Bonds,100-200 Konawa Dr - Y195,Y195.1,2026,2026,0,62377,0,"62,377",0
2025,Street Reconstruction,137,2024 Bonds,100-200 N Cliff St - Y114,Y114.1,2026,2026,0,2166070,0,"324,911",0
2025,Street Reconstruction,137,2024 Bonds,100-200 N Marsalis Ave - Y111,Y111.1,2025,2025,0,3918768,585316,0,0
2025,Alley Reconstruction,137,2024 Bonds,1010-1224 E Ann Arbor Ave & 1111-1225 Neptune Rd (A02240) - Y004,Y004.1,2025,2026,0,387599,57892,"329,707",0
2025,Alley Reconstruction,137,2017 Bonds,10106-10160 Caribou Trail - 10127-10143 Ferndale Rd - V079,V079.1,,,543259,543259,0,0,0
2025,Alley Reconstruction,138,2012 Bonds,10106-10160 Caribou Trail & 10127-10143 Ferndale Rd - V079,V079.2,,,5890,5890,0,0,0
2025,Alley Reconstruction,138,2017 Bonds,10163-10199 Vistadale Dr - 10200-10200 Trailcliff Dr - V080,V080.1,,,430776,430776,0,0,0
2025,Alley Reconstruction,138,Other GO CIP - Debt,10163-10199 Vistadale Dr & 10200-10200 Trailcliff Dr - V080,V080.2,,,759,759,0,0,0
2025,Alley Reconstruction,138,2012 Bonds,10163-10199 Vistadale Dr & 10200-10200 Trailcliff Dr - V080,V080.3,,,5890,5890,0,0,0
2025,Street Resurfacing,138,2024 Bonds,10200-10300 Teagarden Rd - Y165,Y165.1,,,573657,573657,0,0,0
2025,Street Resurfacing,138,2024 Bonds,10200-12300 Creekspan Dr - Y196,Y196.1,2026,2026,0,455888,0,"455,888",0
2025,Alley Petitions,138,2024 Bonds,102-128 S Clinton Ave & 101-213 S Winnetka Ave (A01560) - Y396,Y396.1,2026,2027,0,240140,0,"36,021","204,119"
2025,Street Resurfacing,138,2024 Bonds,10300 Vistadale Cir - Y197,Y197.1,2026,2026,0,135394,0,"135,394",0
2025,Alley Reconstruction,138,2024 Bonds,10505-10647 Mapleridge Dr & 10506-10642 Estate Ln (A08436) - Y005,Y005.1,2025,2026,0,591479,88344,"503,135",0
2025,Street Resurfacing,138,2024 Bonds,10800 Branch Oaks Cir - Y198,Y198.1,2026,2026,0,207761,0,"207,761",0
2025,Street Resurfacing,138,2024 Bonds,10800 Brockbank Dr - Y199,Y199.1,2026,2026,0,252757,0,"252,757",0
2025,Street Reconstruction,138,2024 Bonds,10800 Estacado Dr - Y115,Y115.1,2025,2025,0,1194343,178390,0,0
2025,Street Resurfacing,138,2024 Bonds,10800 Pagewood Pl - Y200,Y200.1,2026,2026,0,138074,0,"138,074",0
2025,Street Resurfacing,138,2024 Bonds,10800 Stone Canyon Pl - Y201,Y201.1,2026,2026,0,125241,0,"125,241",0
2025,Street Resurfacing,138,2024 Bonds,10800-11000 Mandalay Dr - Y202,Y202.1,2026,2026,0,1712767,0,"1,712,767",0
2025,Street Reconstruction,138,Other GO CIP - Debt,10th St from I-35 to Clarendon Dr. - V198,V198.1,2025,2025,242948,3192424,2949476,0,0
2025,Sidewalk and Barrier Free Ramp Improvements,138,2017 Bonds,10th Street Historic District Sidewalk and Barrier Free Ramp Improvements - V149,V149.1,2025,2025,178952,846531,667579,0,0
2025,Street Resurfacing,139,2024 Bonds,11000 Glen Echo Ct - Y203,Y203.1,2026,2026,0,273793,0,"273,793",0
2025,Street Resurfacing,139,2024 Bonds,11000 Pepperidge Cir - Y204,Y204.1,,,184613,184613,0,0,0
2025,Street Resurfacing,139,2024 Bonds,1100-1200 Templecliff Dr - Y443,Y443.1,,,522325,522325,0,0,0
2025,Street Resurfacing,139,2024 Bonds,1100-1300 Ross Ave - Y166,Y166.1,,,0,0,0,0,0
2025,Street Resurfacing,139,2024 Bonds,1100-1400 E Kiest Blvd - Y147,Y147.1,2027,2027,0,2394127,0,0,"2,394,127"
2025,Street Resurfacing,139,2024 Bonds,1100-2300 W Illinois Ave (District 1) - Y148,Y148.1,2026,2026,0,2482083,0,"2,482,083",0
2025,Street Resurfacing,139,2024 Bonds,1100-2300 W Illinois Ave (District 4) - Y149,Y149.1,2026,2026,0,2488510,0,"2,488,510",0
2025,Alley Reconstruction,139,2024 Bonds,1107 Mirage Canyon Dr & 1205-1225 E Kirnwood Dr (A06398) - Y006,Y006.1,2026,2027,0,103621,0,"15,543","88,078"
2025,Alley Reconstruction,139,2024 Bonds,1108 Mirage Canyon Dr & 1105-1119 Kirnwood Dr (A06399) - Y007,Y007.1,2026,2027,0,107289,0,"16,093","91,196"
2025,Street Resurfacing,139,2024 Bonds,11100 Rosser Ct - Y205,Y205.1,2026,2026,0,151800,0,"151,800",0
2025,Street Resurfacing,139,2024 Bonds,11100-11200 Rosser Rd - Y167,Y167.1,2026,2026,0,665192,0,"665,192",0
2025,Street Resurfacing,139,2024 Bonds,11200 Kleberg Rd - Y168,Y168.1,2027,2027,0,65545,0,0,"65,545"
2025,Street Reconstruction,139,2024 Bonds,11200 Shans St - Y116,Y116.1,2026,2026,0,533162,0,"79,974",0
2025,Alley Reconstruction,139,2024 Bonds,11212-11232 Inwood Rd & 11280-11298 Russwood Cir (A08979) - Y008,Y008.1,2025,2026,0,184104,27497,"156,607",0
2025,Street Resurfacing,139,2024 Bonds,11400 Strait Ln - Y206,Y206.1,,,427217,427217,0,0,0
2025,Street Resurfacing,139,2024 Bonds,11500-11700 Valleydale Dr - Y207,Y207.1,2026,2026,0,896750,0,"896,750",0
2025,Street Resurfacing,139,2024 Bonds,11600-11700 Coral Hills Dr - Y208,Y208.1,2027,2027,0,366790,0,0,"366,790"
2025,Street Resurfacing,139,2024 Bonds,11800 Lochwood Blvd - Y169,Y169.1,2026,2026,0,470183,0,"470,183",0
2025,Street Resurfacing,139,2024 Bonds,11800-12000 Leisure Dr - Y210,Y210.1,2026,2026,0,690695,0,"690,695",0
2025,Street Resurfacing,139,2024 Bonds,11900 Cold Harbor Ln - Y211,Y211.1,2026,2026,0,247833,0,"247,833",0
2025,Traffic Signals,140,2024 Bonds,11th-Corinth St - Y364,Y364.1,2025,2025,0,655000,75000,0,0
2025,Street Reconstruction,140,2024 Bonds,1200 Hoke Smith Dr - Y117,Y117.1,2025,2025,0,822757,122889,0,0
2025,Street Resurfacing,140,2024 Bonds,1200 Loma Dr - Y212,Y212.1,,,136774,136774,0,0,0
2025,Street Resurfacing,140,2024 Bonds,12000-12200 Valley Spring Dr - Y213,Y213.1,2026,2026,0,373612,0,"373,612",0
2025,Street Resurfacing,140,2024 Bonds,1200-1300 Serenade Ln - Y444,Y444.1,,,543930,543930,0,0,0
2025,Street Resurfacing,140,2024 Bonds,1200-1300 Walter Dr - Y214,Y214.1,,,672014,672014,0,0,0
2025,Street Resurfacing,140,2024 Bonds,1200-1400 Moran Dr - Y215,Y215.1,,,657151,657151,0,0,0
2025,Street Resurfacing,140,2024 Bonds,1200-1600 Rowan Ave - Y216,Y216.1,2027,2027,0,942639,0,0,"942,639"
2025,Street Resurfacing,140,2024 Bonds,1200-1900 W Red Bird Ln - Y441,Y441.1,,,0,0,0,0,0
2025,Alley Reconstruction,140,2024 Bonds,1206-1420 Kirnwood Dr & 1223-1429 Mirage Canyon Dr (A06659) - Y009,Y009.1,2026,2027,0,549742,0,"82,461","467,281"
2025,Street Resurfacing,140,2024 Bonds,12700-12900 Drexelwood Dr - Y217,Y217.1,,,465243,465243,0,0,0
2025,Alley Reconstruction,140,2017 Bonds,127-231 W Louisiana Ave - 118-228 Conrad St - V022,V022.1,2025,2025,593404,595904,2500,0,0
2025,Alley Reconstruction,140,Other GO CIP - Debt,127-231 W Louisiana Ave & 118-228 Conrad St - V022,V022.2,,,14129,14129,0,0,0
2025,Alley Reconstruction,140,2012 Bonds,127-231 W Louisiana Ave & 118-228 Conrad St - V022,V022.3,,,5890,5890,0,0,0
2025,Target Neighborhood,140,2017 Bonds,12Th St From Upton To 200 Ft East Of Upton - V992,V992.1,2025,2025,91717,92717,1000,0,0
2025,Target Neighborhood,140,Other GO CIP - Debt,12Th St From Upton To 200 Ft East Of Upton - V992,V992.2,2025,2025,897591,922553,24963,0,0
2025,Traffic Signals,140,2024 Bonds,12th-Madison - Y365,Y365.1,2025,2025,0,655000,75000,0,0
2025,Street Reconstruction,140,2024 Bonds,1300 Claude St - Y118,Y118.1,2025,2025,0,1047448,156449,0,0
2025,Street Resurfacing,140,2024 Bonds,1300-1500 Prichard Ln - Y218,Y218.1,2026,2026,0,889928,0,"889,928",0
2025,Street Resurfacing,141,2024 Bonds,1300-1500 Traymore Ave - Y445,Y445.1,2026,2026,0,846718,0,"846,718",0
2025,Street Resurfacing,141,2024 Bonds,1300-1500 Wasco Ln - Y219,Y219.1,2026,2026,0,345185,0,"345,185",0
2025,Street Resurfacing,141,2024 Bonds,1300-1600 Greenville Ave - Y170,Y170.1,2026,2026,0,999331,0,"999,331",0
2025,Street Resurfacing,141,2024 Bonds,13400 Mill Grove Ln - Y220,Y220.1,2027,2027,0,433958,0,0,"433,958"
2025,Street Resurfacing,141,2024 Bonds,13500-13600 Far Hills Ln - Y221,Y221.1,2027,2027,0,499909,0,0,"499,909"
2025,Street Resurfacing,141,2024 Bonds,13500-13600 Peyton Dr - Y222,Y222.1,2027,2027,0,568946,0,0,"568,946"
2025,Street Resurfacing,141,2024 Bonds,13500-14000 Coit Rd - Y150,Y150.1,2026,2026,0,2634533,0,"2,634,533",0
2025,Street Resurfacing,141,2024 Bonds,13600-13700 Rolling Hills Ln - Y223,Y223.1,,,849074,849074,0,0,0
2025,Street Resurfacing,141,2024 Bonds,1400 Autumn Leaves Trl - Y446,Y446.1,,,486751,486751,0,0,0
2025,Street Resurfacing,141,2024 Bonds,14000 Brookcrest Dr - Y224,Y224.1,,,481959,481959,0,0,0
2025,Street Resurfacing,141,2024 Bonds,14000-14800 Lasater Rd - Y171,Y171.1,2027,2027,0,1989191,0,0,"1,989,191"
2025,Street Resurfacing,141,2024 Bonds,14100-14400 Edgecrest Dr - Y225,Y225.1,,,872709,872709,0,0,0
2025,Alley Reconstruction,141,2024 Bonds,1415-1427 E Illinois Ave & 2127 Corinth St (A02085) - Y010,Y010.1,2025,2026,0,291846,43591,"248,255",0
2025,Street Reconstruction,141,2024 Bonds,1500-1600 Market Center Blvd - Y106,Y106.1,2026,2027,0,5418377,0,"812,757","4,605,620"
2025,Street Resurfacing,141,2024 Bonds,1500-1600 W Five Mile Pkwy - Y226,Y226.1,,,699548,699548,0,0,0
2025,Street Resurfacing,141,2024 Bonds,1500-1700 Indian Summer Trl - Y447,Y447.1,2026,2026,0,675344,0,"675,344",0
2025,Alley Reconstruction,141,2017 Bonds,15632-15724 Golden Creek Rd -6231 - La Cosa Dr - Bay Point - V086,V086.1,,,626102,626102,0,0,0
2025,Alley Reconstruction,141,2012 Bonds,15632-15724 Golden Creek Rd -6231 - La Cosa Dr & Bay Point - V086,V086.2,,,5890,5890,0,0,0
2025,Street Resurfacing,141,2024 Bonds,15700 Daleport Cir - Y227,Y227.1,,,335926,335926,0,0,0
2025,Street Resurfacing,141,2024 Bonds,15800-15900 Ranchita Dr - Y228,Y228.1,2026,2026,0,370688,0,"370,688",0
2025,Street Resurfacing,141,2024 Bonds,1600 Bennett Ave - Y229,Y229.1,,,250435,250435,0,0,0
2025,Street Resurfacing,142,2024 Bonds,1600 Five Mile Ct - Y230,Y230.1,,,117444,117444,0,0,0
2025,Street Resurfacing,142,2024 Bonds,1600-1700 Solitude Dr - Y448,Y448.1,2026,2026,0,431116,0,"431,116",0
2025,Alley Reconstruction,142,2017 Bonds,1608-1620 Day Star Dr - 1603-1633 Hanging Cliff Dr - V023,V023.1,,,509766,509766,0,0,0
2025,Alley Reconstruction,142,Other GO CIP - Debt,1608-1620 Day Star Dr & 1603-1633 Hanging Cliff Dr - V023,V023.2,,,38497,38497,0,0,0
2025,Alley Reconstruction,142,2012 Bonds,1608-1620 Day Star Dr & 1603-1633 Hanging Cliff Dr - V023,V023.3,,,5890,5890,0,0,0
2025,Alley Reconstruction,142,2017 Bonds,1621-1631 Windchime Dr - 1614-1626 Vatican Ln - V024,V024.1,,,272530,272530,0,0,0
2025,Alley Reconstruction,142,Other GO CIP - Debt,1621-1631 Windchime Dr & 1614-1626 Vatican Ln - V024,V024.2,,,31338,31338,0,0,0
2025,Alley Reconstruction,142,2012 Bonds,1621-1631 Windchime Dr & 1614-1626 Vatican Ln - V024,V024.3,,,5890,5890,0,0,0
2025,Street Resurfacing,142,2024 Bonds,16600 Vicarage Ct - Y231,Y231.1,2027,2027,0,164227,0,0,"164,227"
2025,Street Resurfacing,142,2024 Bonds,16800-16900 Hunters Point Dr - Y232,Y232.1,,,431116,431116,0,0,0
2025,Street Reconstruction,142,2024 Bonds,1700-1800 Cadiz St - Y112,Y112.1,2026,2027,0,4029796,0,"604,469","3,425,327"
2025,Alley Reconstruction,142,2017 Bonds,1708-1920 Vatican Ln - 1705-1921 Windchime Dr - V025,V025.1,,,404410,404410,0,0,0
2025,Alley Reconstruction,142,Other GO CIP - Debt,1708-1920 Vatican Ln & 1705-1921 Windchime Dr - V025,V025.2,,,14269,14269,0,0,0
2025,Alley Reconstruction,142,2012 Bonds,1708-1920 Vatican Ln & 1705-1921 Windchime Dr - V025,V025.3,,,5890,5890,0,0,0
2025,Street Resurfacing,142,2024 Bonds,17100 Spanky Pl - Y233,Y233.1,,,154643,154643,0,0,0
2025,Street Resurfacing,142,2024 Bonds,17400 Oakington Ct - Y234,Y234.1,2026,2026,0,259904,0,"259,904",0
2025,Street Resurfacing,143,2024 Bonds,17400 Stanworth Dr - Y235,Y235.1,2026,2026,0,119556,0,"119,556",0
2025,Target Neighborhood,143,2017 Bonds,17604-17630 Davenport Alley Construction - VA05,VA05.1,,,67885,67885,0,0,0
2025,Street Petitions,143,2024 Bonds,17800 Windpiper Dr - Y417,Y417.1,2025,2025,0,703451,105518,0,0
2025,Street Resurfacing,143,2024 Bonds,1800 Fernwood Ave - Y236,Y236.1,2026,2026,0,158785,0,"158,785",0
2025,Street Resurfacing,143,2024 Bonds,1800 Olive St - Y151,Y151.1,,,122480,122480,0,0,0
2025,Street Petitions,143,2024 Bonds,1800-2000 Emmett St - Y418,Y418.1,2026,2027,0,1425280,0,"213,792","1,211,488"
2025,Street Resurfacing,143,2024 Bonds,1900 Cadiz St - Y172,Y172.1,2027,2027,0,289131,0,0,"289,131"
2025,Street Resurfacing,143,2024 Bonds,1900-2000 Mckinney Ave - Y152,Y152.1,,,543443,543443,0,0,0
2025,Alley Reconstruction,143,2024 Bonds,1906-2046 Autumn Meadow Trl & 2019-2067 Chevella Dr (A06415) - Y012,Y012.1,2025,2026,0,481063,71852,"409,211",0
2025,Street Petitions,143,2024 Bonds,200 Beckley Hills Dr - Y419,Y419.1,2026,2027,0,646813,0,"97,022","549,791"
2025,Street Reconstruction,143,2024 Bonds,2000 Clymer St - Y119,Y119.1,2026,2027,0,312360,0,"46,854","265,506"
2025,Street Resurfacing,143,2024 Bonds,2000 Live Oak St - Y173,Y173.1,,,256899,256899,0,0,0
2025,Street Resurfacing,143,2024 Bonds,2000-2200 Montalba Ave - Y238,Y238.1,,,0,0,0,0,0
2025,Street Resurfacing,143,2024 Bonds,2000-2200 Orial Ave - Y239,Y239.1,2026,2026,0,412354,0,"412,354",0
2025,Street Resurfacing,143,2024 Bonds,2000-2400 Skylark Dr - Y240,Y240.1,2026,2026,0,1009578,0,"1,009,578",0
2025,Alley Reconstruction,143,2024 Bonds,2011-2223 San Francisco Dr & 2006-2218 El Capitan (A07879) - Y013,Y013.1,2025,2026,0,508119,75894,"432,225",0
2025,Bridge Repair and Modification,143,2017 Bonds,2017 Bond Program Reserved Contingency - VA38,VA38.1,2025,2025,0,432197,432197,0,0
2025,Street Reconstruction,143,Other GO CIP - Debt,2022 Certificate of Obligation-Streets - W795,W795.1,2025,2025,39936997,40000000,63003,0,0
2025,Street Reconstruction,143,Other GO CIP - Debt,2022 Certificates of Obligation - Streets Underserved - W803,W803.1,2025,2025,9947453,10000000,52547,0,0
2025,Street Resurfacing,144,Other GO CIP - Debt,2023 Certificates of Obligation - Street - W957,W957.1,2025,2025,10113979,11200000,1086021,0,0
2025,Street Resurfacing,144,Other GO CIP - Debt,2023 Certificates of Obligation - Unders - W958,W958.1,2025,2025,44774290,44800000,25710,0,0
2025,Street and Alley Improvements,144,Other GO CIP - Debt,2023 Certificates of Obligation - W827,W827.1,2025,2025,5219182,10000000,4780818,0,0
2025,Street Resurfacing,144,Other GO CIP - Debt,2024 Certificates of Obligation - Street - X108,X108.1,,,8006391,8006391,0,0,0
2025,Alley Petitions,144,2024 Bonds,203-319 N Willomet Ave & 202-318 N Winnetka Ave (A01565) - Y397,Y397.1,2026,2027,0,300000,0,"45,000","255,000"
2025,Street Reconstruction,144,2024 Bonds,2100 N Harwood St - Y107,Y107.1,2025,2025,0,2546642,380372,0,0
2025,Street Resurfacing,144,2024 Bonds,2100-2200 S Ewing Ave - Y174,Y174.1,2026,2026,0,346972,0,"346,972",0
2025,Street Reconstruction,144,2024 Bonds,2100-2200 Toluca Ave - Y120,Y120.1,2026,2026,0,932039,0,"139,806",0
2025,Street Petitions,144,2024 Bonds,2100-2200 Winsted Dr - Y420,Y420.1,2026,2027,0,3767844,0,"565,177","3,202,667"
2025,Street Resurfacing,144,2024 Bonds,2100-2300 Barberry Dr - Y241,Y241.1,2025,2025,767899,732328,(35571),0,0
2025,Alley Reconstruction,144,2017 Bonds,2104-2336 Dugald Pl - 2005-2249 E Illinois Ave - V026,V026.1,,,567002,567002,0,0,0
2025,Alley Reconstruction,144,Other GO CIP - Debt,2104-2336 Dugald Pl & 2005-2249 E Illinois Ave - V026,V026.2,,,2130,2130,0,0,0
2025,Alley Reconstruction,144,2012 Bonds,2104-2336 Dugald Pl & 2005-2249 E Illinois Ave - V026,V026.3,,,5890,5890,0,0,0
2025,Alley Reconstruction,144,2024 Bonds,2105-2117 Autumn Meadow & 2106-2112 Garden Crest (A06409) - Y014,Y014.1,2025,2026,0,107667,16081,"91,586",0
2025,Alley Reconstruction,144,2024 Bonds,211-215 S Clinton Ave & 202-226 S Edgefield Ave (A01771) - Y015,Y015.1,2026,2027,0,139384,0,"20,908","118,476"
2025,Street Resurfacing,144,2024 Bonds,2200 N Harwood St - Y153,Y153.1,,,451177,451177,0,0,0
2025,Street Resurfacing,144,2024 Bonds,2200-2400 Romine Ave - Y242,Y242.1,,,0,0,0,0,0
2025,Alley Reconstruction,145,2017 Bonds,2205-2341 Freeland - 2336-2328 Homeway - 2204-2340 Babalos - V060,V060.1,,,968997,968997,0,0,0
2025,Alley Reconstruction,145,Other GO CIP - Debt,2205-2341 Freeland & 2336-2328 Homeway & 2204-2340 Babalos - V060,V060.2,,,61808,61808,0,0,0
2025,Alley Reconstruction,145,2012 Bonds,2205-2341 Freeland & 2336-2328 Homeway & 2204-2340 Babalos - V060,V060.3,,,5890,5890,0,0,0
2025,Alley Reconstruction,145,2017 Bonds,2211-2323 Deer Path Dr - 2905-3311 Kellogg Ave - V027,V027.1,,,690841,690841,0,0,0
2025,Alley Reconstruction,145,Other GO CIP - Debt,2211-2323 Deer Path Dr & 2905-3311 Kellogg Ave - V027,V027.2,,,46459,46459,0,0,0
2025,Alley Reconstruction,145,2012 Bonds,2211-2323 Deer Path Dr & 2905-3311 Kellogg Ave - V027,V027.3,,,5890,5890,0,0,0
2025,Alley Reconstruction,145,2024 Bonds,2226-2236 Wolcott Dr & 2227-2237 E Pentagon Pkwy (A10911) - Y016,Y016.1,2025,2026,0,78344,11701,"66,643",0
2025,Alley Reconstruction,145,2024 Bonds,2226-2242 Talco Dr & 2227-2237 Wolcott Dr (A10912) - Y017,Y017.1,2025,2026,0,115454,17243,"98,211",0
2025,Street Resurfacing,145,2024 Bonds,2300-2700 Peabody Ave - Y243,Y243.1,,,1159527,1159527,0,0,0
2025,Alley Reconstruction,145,2024 Bonds,2305-2829 Tolosa Dr & 2306-2828 Housley Dr (A07889) - Y018,Y018.1,2025,2026,0,973604,145419,"828,185",0
2025,Street Reconstruction,145,2024 Bonds,2400 Merlin St - Y121,Y121.1,2025,2025,0,701254,104741,0,0
2025,Street Resurfacing,145,2024 Bonds,2400 W Five Mile Pkwy - Y449,Y449.1,2026,2026,0,421126,0,"421,126",0
2025,Street Resurfacing,145,2024 Bonds,2400-2600 Meyers St - Y244,Y244.1,2026,2026,0,757783,0,"757,783",0
2025,Street Reconstruction,145,2024 Bonds,2400-2700 Birmingham Ave - Y122,Y122.1,2025,2025,0,3148908,470328,0,0
2025,Street Resurfacing,145,2024 Bonds,2400-2700 Homer St - Y245,Y245.1,2026,2026,0,607120,0,"607,120",0
2025,Street Resurfacing,145,2024 Bonds,2400-2800 Kenesaw Dr - Y246,Y246.1,2026,2026,0,1000000,0,"1,000,000",0
2025,Street Resurfacing,146,2024 Bonds,2400-2800 Ruidosa Ave - Y247,Y247.1,,,754696,754696,0,0,0
2025,Alley Reconstruction,146,2017 Bonds,2408-2564 Club Manor Dr - 2435-2549 Matland Dr - V017,V017.1,,,738675,738675,0,0,0
2025,Alley Reconstruction,146,2012 Bonds,2408-2564 Club Manor Dr & 2435-2549 Matland Dr - V017,V017.2,,,5890,5890,0,0,0
2025,Alley Petitions,146,2024 Bonds,2508-2532 Warren Ave & 2505-2529 Lenway St (A01307) - Y398,Y398.1,2026,2027,0,207701,0,"31,155","176,546"
2025,Street Resurfacing,146,2024 Bonds,2600-2700 Maple Springs Blvd - Y248,Y248.1,2026,2026,0,244066,0,"244,066",0
2025,Alley Reconstruction,146,2017 Bonds,2603-2931 Garapan Dr - 2502-2922 Nicholson Dr - V028,V028.1,2025,2025,1063866,1066866,3000,0,0
2025,Alley Reconstruction,146,Other GO CIP - Debt,2603-2931 Garapan Dr & 2502-2922 Nicholson Dr - V028,V028.2,,,15887,15887,0,0,0
2025,Alley Reconstruction,146,2012 Bonds,2603-2931 Garapan Dr & 2502-2922 Nicholson Dr - V028,V028.3,,,5890,5890,0,0,0
2025,Street Petitions,146,2024 Bonds,2700 Bakersfield St - Y470,Y470.1,2026,2026,0,840947,0,"126,142",0
2025,Street Reconstruction,146,2024 Bonds,2700 Fernwood Ave - Y123,Y123.1,2026,2026,0,857487,0,"128,623",0
2025,Alley Reconstruction,146,Other GO CIP - Debt,"2711-2733 Groveridge, 9606-9674 Briggs, 9605-9621 Altacrest - V061",V061.1,,,61256,61256,0,0,0
2025,Alley Reconstruction,146,2012 Bonds,"2711-2733 Groveridge, 9606-9674 Briggs, 9605-9621 Altacrest - V061",V061.2,,,5890,5890,0,0,0
2025,Alley Reconstruction,146,2017 Bonds,"2711-2733 Groveridge, 9606-9674 Briggs, 9605-9621 Altacrest - V061",V061.3,,,923615,923615,0,0,0
2025,Street Petitions,146,2024 Bonds,2800 Virgil St - Y421,Y421.1,2026,2027,0,423728,0,"63,559","360,169"
2025,Street Resurfacing,146,2024 Bonds,2800-2900 Edd Rd - Y175,Y175.1,2027,2027,0,315377,0,0,"315,377"
2025,Street Resurfacing,146,2024 Bonds,2800-3000 Reagan St - Y249,Y249.1,2026,2026,0,455969,0,"455,969",0
2025,Alley Reconstruction,147,2024 Bonds,2811-2837 Encino Dr & 2810-2836 Quanah St (A07872) - Y019,Y019.1,2025,2026,0,197487,29497,"167,990",0
2025,Alley Reconstruction,147,2024 Bonds,2874-2880 56Th & 5103 Cardiff St (A17826) - Y020,Y020.1,2025,2026,0,63225,9443,"53,782",0
2025,Street Resurfacing,147,2024 Bonds,2900 El Tovar Ave - Y450,Y450.1,2027,2027,0,128734,0,0,"128,734"
2025,Street Reconstruction,147,2024 Bonds,2900-3000 Dothan Ln - Y124,Y124.1,2026,2027,0,2496172,0,"374,426","2,121,746"
2025,Street Petitions,147,2024 Bonds,2900-3000 Hudnall St - Y422,Y422.1,2026,2027,0,842273,0,"126,341","715,932"
2025,Street Reconstruction,147,2024 Bonds,2900-3000 S Belt Line Rd - Y108,Y108.1,2025,2025,0,4125579,616205,0,0
2025,Traffic Signals,147,2024 Bonds,2nd-Pine,Pine.1,2027,2027,0,655000,0,0,"75,000"
2025,Street Resurfacing,147,2024 Bonds,300 Winslett Dr - Y250,Y250.1,2026,2026,0,112733,0,"112,733",0
2025,Street Resurfacing,147,2024 Bonds,3000 Clover St - Y251,Y251.1,2027,2027,0,103556,0,0,"103,556"
2025,Street Reconstruction,147,2024 Bonds,3000 Marideen Ave - Y434,Y434.1,2026,2026,0,223260,0,"33,489",0
2025,Street Resurfacing,147,2024 Bonds,3000 Plaudit Pl - Y252,Y252.1,2026,2026,0,232452,0,"232,452",0
2025,Street Reconstruction,147,2024 Bonds,3000 Storey Ln - Y125,Y125.1,2025,2025,0,1078805,161133,0,0
2025,Street Reconstruction,147,2024 Bonds,3000-3300 Newcastle Dr - Y126,Y126.1,2026,2027,0,4651238,0,"697,686","3,953,552"
2025,Street Resurfacing,147,2024 Bonds,300-400 N Henderson Ave - Y253,Y253.1,2026,2026,0,375561,0,"375,561",0
2025,Alley Reconstruction,147,2017 Bonds,3004-3150 Kinkaid Dr - 3045-3155 Park Ln - V037,V037.1,,,1147336,1147336,0,0,0
2025,Alley Reconstruction,147,Other GO CIP - Debt,3004-3150 Kinkaid Dr & 3045-3155 Park Ln - V037,V037.2,,,58868,58868,0,0,0
2025,Alley Reconstruction,147,2012 Bonds,3004-3150 Kinkaid Dr & 3045-3155 Park Ln - V037,V037.3,,,5890,5890,0,0,0
2025,Alley Petitions,147,2024 Bonds,3010-3210 Millerdale Ln & 7101-7119 Scyene Rd (A04254) - Y468,Y468.1,2026,2026,0,360381,0,"54,057",0
2025,Alley Reconstruction,147,2024 Bonds,3011-3051 Timberview Rd & 10209 Dale Crest Dr (A05689) - Y021,Y021.1,2026,2027,0,231084,0,"34,663","196,421"
2025,Alley Petitions,148,2024 Bonds,301-411 S Montclair Ave & 302-410 S Rosemont Ave (A01819) - Y399,Y399.1,2026,2027,0,312239,0,"46,836","265,403"
2025,Alley Reconstruction,148,2024 Bonds,3024-3064 Community (A2985) & A2986 From A2985 To Community - Y022,Y022.1,2026,2027,0,356713,0,"53,507","303,206"
2025,Alley Petitions,148,2024 Bonds,303-427 S Clinton Ave & 300-342 S Edgefield Ave (A01772) - Y400,Y400.1,2026,2027,0,301693,0,"45,254","256,439"
2025,Alley Reconstruction,148,2024 Bonds,3061-3185 Lockmoor Ln & 3026-3098 Newcastle Dr (A05817) - Y023,Y023.1,2026,2027,0,624477,0,"93,672","530,805"
2025,Alley Reconstruction,148,2024 Bonds,3100 Clover St (Alley) - Y024,Y024.1,2026,2027,0,148096,0,"22,214","125,882"
2025,Street Reconstruction,148,2024 Bonds,3100 Flowerdale Ln - Y127,Y127.1,2025,2025,0,1521194,227209,0,0
2025,Street Resurfacing,148,2024 Bonds,3100 Lemmon Ave - Y154,Y154.1,,,401146,401146,0,0,0
2025,Street Resurfacing,148,2024 Bonds,3100 Longbow Ct - Y254,Y254.1,2027,2027,0,268026,0,0,"268,026"
2025,Street Resurfacing,148,2024 Bonds,3100 Tower Trl - Y255,Y255.1,2027,2027,0,220025,0,0,"220,025"
2025,Street Reconstruction,148,2024 Bonds,3100 Whirlaway Rd - Y128,Y128.1,2025,2025,0,1331645,198898,0,0
2025,Alley Petitions,148,2024 Bonds,3100-3116 Main St & 3101-3117 Commerce St (A17768) - Y401,Y401.1,2026,2027,0,149930,0,"22,490","127,441"
2025,Street Resurfacing,148,2024 Bonds,3100-3600 Jordan Valley Rd - Y176,Y176.1,2027,2027,0,1319825,0,0,"1,319,825"
2025,Alley Reconstruction,148,2024 Bonds,3104-3170 Newcastle Dr & 3205-3271 Lockmoor Ln (A05821) - Y025,Y025.1,2026,2027,0,464919,0,"69,738","395,181"
2025,Alley Reconstruction,148,2024 Bonds,3105-3135 St Croix Dr & 3106-3136 Tower Trl (A05387) - Y026,Y026.1,2026,2027,0,241097,0,"36,165","204,932"
2025,Alley Reconstruction,148,2017 Bonds,3105-3171 Newcastle Dr - 3104-3170 Walnut Hill - V038,V038.1,2025,2025,594170,620201,26031,0,0
2025,Alley Reconstruction,149,2012 Bonds,3105-3171 Newcastle Dr & 3104-3170 Walnut Hill - V038,V038.2,,,5890,5890,0,0,0
2025,Alley Reconstruction,149,2024 Bonds,3108-3180 Jubilee Trl & 3191-3255 Townsend Dr (A05456) - Y027,Y027.1,2025,2026,0,504430,75342,"429,088",0
2025,Alley Reconstruction,149,2024 Bonds,3111-3165 Whitehall Dr & 3264-3290 Northaven Rd (A05448) - Y028,Y028.1,2025,2026,0,339277,50675,"288,602",0
2025,Alley Reconstruction,149,2017 Bonds,3163-3241 E Ledbetter Dr - 3132-3244 Dahlia Dr - V029,V029.1,,,415820,415820,0,0,0
2025,Alley Reconstruction,149,2012 Bonds,3163-3241 E Ledbetter Dr & 3132-3244 Dahlia Dr - V029,V029.2,,,5890,5890,0,0,0
2025,Street Resurfacing,149,2024 Bonds,3200 Dartmoor Ct - Y256,Y256.1,2027,2027,0,213690,0,0,"213,690"
2025,Street Resurfacing,149,2024 Bonds,3200 Little River Dr - Y257,Y257.1,2026,2026,0,268351,0,"268,351",0
2025,Street Resurfacing,149,2024 Bonds,3200-3300 Bowen St - Y177,Y177.1,,,416902,416902,0,0,0
2025,Street Resurfacing,149,2024 Bonds,3200-3300 Darvany Dr - Y258,Y258.1,2026,2026,0,769478,0,"769,478",0
2025,Street Resurfacing,149,2024 Bonds,3200-3300 Lockmoor Ln - Y259,Y259.1,2026,2026,0,811469,0,"811,469",0
2025,Alley Reconstruction,149,2024 Bonds,3207-3365 Whitehall Dr & 3306-3390 Northaven Rd (A05446) - Y029,Y029.1,2026,2027,0,730633,0,"109,595","621,038"
2025,Street Resurfacing,149,2024 Bonds,3300 High Bluff Dr - Y260,Y260.1,2026,2026,0,285163,0,"285,163",0
2025,Street Reconstruction,149,2024 Bonds,3300 S Ewing Ave - Y129,Y129.1,2025,2025,0,745786,111392,0,0
2025,Street Resurfacing,149,2024 Bonds,3300-3400 Concho St - Y261,Y261.1,2027,2027,0,287925,0,0,"287,925"
2025,Street Resurfacing,149,2024 Bonds,3300-3400 St Cloud Cir - Y262,Y262.1,2027,2027,0,1112227,0,0,"1,112,227"
2025,Street Resurfacing,149,2024 Bonds,3400 Bogata Blvd - Y263,Y263.1,,,303600,303600,0,0,0
2025,Street Resurfacing,149,2024 Bonds,3400 Timbercrest Ln - Y451,Y451.1,2027,2027,0,220350,0,0,"220,350"
2025,Street Resurfacing,149,2024 Bonds,3400-3500 Pacesetter Dr - Y264,Y264.1,2026,2026,0,615891,0,"615,891",0
2025,Alley Petitions,150,2024 Bonds,3403-3517 Urban Ave & 7118 Day St (A04329) - Y469,Y469.1,2026,2026,0,247130,0,"37,070",0
2025,Street Resurfacing,150,2024 Bonds,3500 Ingleside Dr - Y265,Y265.1,2026,2026,0,215964,0,"215,964",0
2025,Street Reconstruction,150,2024 Bonds,3500 Poquita Dr - Y130,Y130.1,2025,2025,0,599114,89485,0,0
2025,Street Reconstruction,150,2024 Bonds,3500-3600 Espanola Dr - Y131,Y131.1,2025,2025,0,2052754,306604,0,0
2025,Street Resurfacing,150,2024 Bonds,3500-3600 Valley Ridge Rd - Y266,Y266.1,,,685497,685497,0,0,0
2025,Street Resurfacing,150,2024 Bonds,3500-3700 Lawnview Ave - Y178,Y178.1,2026,2026,0,767285,0,"767,285",0
2025,Street Resurfacing,150,2024 Bonds,3500-3700 N Versailles Ave - Y267,Y267.1,2026,2026,0,524356,0,"524,356",0
2025,Street Resurfacing,150,2024 Bonds,3500-4100 S Fitzhugh Ave (Local) - Y268,Y268.1,2026,2026,0,929157,0,"929,157",0
2025,Alley Reconstruction,150,2017 Bonds,3506-3658 High Vista Dr - 11960 Highdale Dr - V040,V040.1,2025,2025,739126,753226,14100,0,0
2025,Alley Reconstruction,150,Other GO CIP - Debt,3506-3658 High Vista Dr & 11960 Highdale Dr - V040,V040.2,,,35957,35957,0,0,0
2025,Alley Reconstruction,150,2012 Bonds,3506-3658 High Vista Dr & 11960 Highdale Dr - V040,V040.3,,,5890,5890,0,0,0
2025,Alley Reconstruction,150,2024 Bonds,3509-3667 Northaven Rd & 3506-3648 Flair Dr (A05420) - Y030,Y030.1,2026,2027,0,617842,0,"92,676","525,166"
2025,Street Resurfacing,150,2024 Bonds,3600 Brown St - Y269,Y269.1,,,168774,168774,0,0,0
2025,Street Resurfacing,150,2024 Bonds,3600 Cedar Springs Rd - Y179,Y179.1,2026,2026,0,288981,0,"288,981",0
2025,Street Reconstruction,150,2024 Bonds,3600 Dorothy Ave - Y132,Y132.1,2026,2027,0,529350,0,"79,403","449,948"
2025,Street Resurfacing,150,2024 Bonds,3600 Live Oak St - Y155,Y155.1,,,0,0,0,0,0
2025,Street Resurfacing,150,2024 Bonds,3600 Pinebrook Dr - Y270,Y270.1,2026,2026,0,126784,0,"126,784",0
2025,Street Resurfacing,150,2024 Bonds,3600 Rockdale Dr - Y271,Y271.1,,,478000,478000,0,0,0
2025,Alley Petitions,150,2024 Bonds,3600-3636 Wendelkin St & 3609-3639 S Central Expy (A01339) - Y402,Y402.1,2026,2027,0,258594,0,"38,789","219,805"
2025,Street Resurfacing,151,2024 Bonds,3600-3800 Pacesetter Dr - Y272,Y272.1,2026,2026,0,469939,0,"469,939",0
2025,Street Resurfacing,151,2024 Bonds,3600-4300 W Illinois Ave (District 1) - Y156,Y156.1,,,2035536,2035536,0,0,0
2025,Street Resurfacing,151,2024 Bonds,3600-4300 W Illinois Ave (District 3) - Y157,Y157.1,,,2035536,2035536,0,0,0
2025,Alley Reconstruction,151,2024 Bonds,3605-3625 Silverhill Dr & 3610-3620 Softcloud Dr (A09924) - Y031,Y031.1,2025,2026,0,99421,14850,"84,571",0
2025,Street Resurfacing,151,2024 Bonds,3700 Concho St - Y273,Y273.1,2027,2027,0,121180,0,0,"121,180"
2025,Street Resurfacing,151,2024 Bonds,3700 Kiest Knoll Dr - Y452,Y452.1,2027,2027,0,287925,0,0,"287,925"
2025,Street Resurfacing,151,2024 Bonds,3700 Meadowdale Ln - Y274,Y274.1,2026,2026,0,153668,0,"153,668",0
2025,Street Resurfacing,151,2024 Bonds,3700 Parry Ave - Y158,Y158.1,2026,2026,0,283214,0,"283,214",0
2025,Street Resurfacing,151,2024 Bonds,3700 Vilbig Rd - Y180,Y180.1,2026,2026,0,177709,0,"177,709",0
2025,Street Reconstruction,151,2024 Bonds,3700-3800 Kiest Valley Pkwy - Y435,Y435.1,2026,2026,0,2624057,0,"393,609",0
2025,Street Resurfacing,151,2024 Bonds,3700-3800 Pinebrook Dr - Y275,Y275.1,2026,2026,0,342342,0,"342,342",0
2025,Alley Petitions,151,2024 Bonds,3706-3718 Wendelkin St & 3711-3721 S Central Expy (A01340) - Y403,Y403.1,2026,2027,0,132048,0,"19,807","112,241"
2025,Alley Reconstruction,151,2024 Bonds,3710-3770 Stagecoach Trl & 3705-3735 Mclarty Ln (A09954) - Y032,Y032.1,2025,2026,0,192885,28810,"164,075",0
2025,Alley Reconstruction,151,2024 Bonds,3724-3834 Kiest Valley Pkwy & 3805-3865 Kiestmeadow (A11022) - Y011,Y011.1,2026,2026,0,606939,0,"91,041",0
2025,Street Resurfacing,151,2024 Bonds,3800 Black Oak Dr - Y276,Y276.1,,,250401,250401,0,0,0
2025,Street Resurfacing,151,2024 Bonds,3800 Treeline Dr - Y277,Y277.1,,,368739,368739,0,0,0
2025,Street Resurfacing,151,2024 Bonds,3800-3900 Wemdon Dr - Y278,Y278.1,,,501534,501534,0,0,0
2025,Alley Reconstruction,152,2024 Bonds,3806-3860 Kiestmeadow Dr & 3042-3078 Kiestridge Dr (A06048) - Y055,Y055.1,2026,2026,0,323701,0,"48,555",0
2025,Alley Reconstruction,152,2024 Bonds,3807-3835 Kiest Valley Ct & 3938-3944 Kiestmeadow (A09779) - Y209,Y209.1,2026,2026,0,203574,0,"30,536",0
2025,Alley Reconstruction,152,2024 Bonds,3827-3925 Morning Dew Trl & 3904-3922 Morning Frost (A02346) - Y033,Y033.1,2025,2026,0,326436,48757,"277,679",0
2025,Alley Reconstruction,152,2017 Bonds,3864-3872 Treeline Cir - 1618-1626 Five Mile Ct - V030,V030.1,,,384700,384700,0,0,0
2025,Alley Reconstruction,152,Other GO CIP - Debt,3864-3872 Treeline Cir & 1618-1626 Five Mile Ct - V030,V030.2,,,5835,5835,0,0,0
2025,Alley Reconstruction,152,2012 Bonds,3864-3872 Treeline Cir & 1618-1626 Five Mile Ct - V030,V030.3,,,5890,5890,0,0,0
2025,Street Resurfacing,152,2024 Bonds,3900 Lovingood Dr - Y279,Y279.1,,,0,0,0,0,0
2025,Street Resurfacing,152,2024 Bonds,3900 Texas College Dr - Y280,Y280.1,,,360373,360373,0,0,0
2025,Alley Reconstruction,152,2024 Bonds,3908-3938 Kiestmeadow Dr & 3041 Kiestridge Dr (A09779) - Y433,Y433.1,2026,2026,0,154973,0,"23,246",0
2025,Street Resurfacing,152,2024 Bonds,400 Realoaks Dr - Y281,Y281.1,2026,2026,0,93565,0,"93,565",0
2025,Street Reconstruction,152,2024 Bonds,400 S Akard St - Y109,Y109.1,2025,2025,0,783172,116976,0,0
2025,Street Resurfacing,152,2024 Bonds,4000 Shoreline Dr - Y453,Y453.1,2026,2026,0,250401,0,"250,401",0
2025,Street Resurfacing,152,2024 Bonds,4000 Texas College Dr - Y282,Y282.1,,,374749,374749,0,0,0
2025,Street Reconstruction,152,2024 Bonds,4000-4100 Inwood Rd - Y110,Y110.1,2026,2027,0,4548910,0,"682,337","3,866,574"
2025,Alley Petitions,152,2024 Bonds,4004-4036 Roswell & 4005-4023 Hall (A455/A11919/ Strange St) - Y404,Y404.1,2026,2027,0,438551,0,"65,783","372,768"
2025,Street Resurfacing,152,2024 Bonds,400-500 Martinique Ave - Y284,Y284.1,2026,2026,0,322606,0,"322,606",0
2025,Street Resurfacing,152,2024 Bonds,400-800 N Collett Ave - Y285,Y285.1,2026,2026,983295,1916025,0,"932,730",0
2025,Alley Reconstruction,153,2024 Bonds,405-419 N Clinton Ave & 410 N Edgefield Ave (A01568) - Y034,Y034.1,2026,2027,0,143969,0,"21,595","122,374"
2025,Street Resurfacing,153,2024 Bonds,4100 Stagecoach Trl - Y286,Y286.1,2026,2026,0,198339,0,"198,339",0
2025,Street Resurfacing,153,2024 Bonds,4100-4700 Elsie Faye Heggins St - Y159,Y159.1,2027,2027,0,2457960,0,0,"2,457,960"
2025,Alley Reconstruction,153,2024 Bonds,4107-4209 Firewood Dr & 4108-4154 Happy Canyon Dr (A09979) - Y035,Y035.1,2025,2026,0,377980,56456,"321,524",0
2025,Street Resurfacing,153,2024 Bonds,4200 Robertson Dr - Y287,Y287.1,,,371988,371988,0,0,0
2025,Street Resurfacing,153,2024 Bonds,4200 Rust College Dr - Y288,Y288.1,,,327966,327966,0,0,0
2025,Street Resurfacing,153,2024 Bonds,4200-4300 San Jacinto St - Y289,Y289.1,,,335439,335439,0,0,0
2025,Street Resurfacing,153,2024 Bonds,4200-4400 Camden Ave - Y290,Y290.1,2027,2027,0,660319,0,0,"660,319"
2025,Alley Petitions,153,2024 Bonds,4203-4443 Bonham St & 4224-4372 Royal Ridge Dr (A11701) - Y405,Y405.1,2026,2027,0,780367,0,"117,055","663,312"
2025,Alley Petitions,153,2024 Bonds,4209-4223 Firewood Dr & 5931-5939 Golden Gate Dr (A09980) - Y406,Y406.1,2026,2027,0,133424,0,"20,014","113,410"
2025,Street Resurfacing,153,2024 Bonds,4300 Cole Ave - Y160,Y160.1,2026,2026,0,399359,0,"399,359",0
2025,Alley Reconstruction,153,2017 Bonds,4307-4435 Bonnie View Rd - 4302-4446 Cicero St - V031,V031.1,,,425521,425521,0,0,0
2025,Alley Reconstruction,153,2012 Bonds,4307-4435 Bonnie View Rd & 4302-4446 Cicero St - V031,V031.2,,,5890,5890,0,0,0
2025,Alley Petitions,153,2024 Bonds,4315-4323 Colonial Ave & 1637 Stoneman St (A01359) - Y407,Y407.1,2026,2027,0,83906,0,"12,586","71,320"
2025,Street Resurfacing,153,2024 Bonds,4400 Brown St - Y291,Y291.1,2026,2026,0,131576,0,"131,576",0
2025,Alley Petitions,153,2024 Bonds,4407-4423 Colonial Ave & 1634-1638 Stoneman St (A01357) - Y408,Y408.1,2026,2027,0,168270,0,"25,241","143,030"
2025,Street Resurfacing,153,2024 Bonds,4500 Druid Ln - Y292,Y292.1,,,153212,153212,0,0,0
2025,Alley Petitions,154,2024 Bonds,4502-4518 Roberts Ave & 4503-4519 Bradshaw St (A01316) - Y409,Y409.1,2026,2027,0,136633,0,"20,495","116,138"
2025,Alley Petitions,154,2024 Bonds,4502-4630 Kelton Dr & 4507-4631 Newmore Ave (A02914) - Y410,Y410.1,2026,2027,0,386000,0,"57,900","328,100"
2025,Alley Petitions,154,2024 Bonds,4505-4563 Isabella Ln & 4506-4554 Harrys Ln (A03108) - Y411,Y411.1,2026,2027,0,448412,0,"67,262","381,150"
2025,Street Resurfacing,154,2024 Bonds,4600 Cole Ave - Y161,Y161.1,2026,2026,0,387338,0,"387,338",0
2025,Street Resurfacing,154,2024 Bonds,4700 Lake Ave - Y293,Y293.1,2026,2026,0,248370,0,"248,370",0
2025,Street Resurfacing,154,2024 Bonds,4800 Parry Ave - Y294,Y294.1,2027,2027,0,276392,0,0,"276,392"
2025,Alley Reconstruction,154,2017 Bonds,4804-4950 Ashbrook Rd - 4803-4945 Chilton Dr - V049,V049.1,,,538573,538573,0,0,0
2025,Alley Reconstruction,154,2012 Bonds,4804-4950 Ashbrook Rd & 4803-4945 Chilton Dr - V049,V049.2,,,5890,5890,0,0,0
2025,Street Resurfacing,154,2024 Bonds,4900 East Side Ave - Y295,Y295.1,2026,2026,0,381978,0,"381,978",0
2025,Street Resurfacing,154,2024 Bonds,4900 Mangold Cir - Y296,Y296.1,2026,2026,0,231802,0,"231,802",0
2025,Street Resurfacing,154,2024 Bonds,4900 Mill Run Rd - Y297,Y297.1,2025,2025,571913,538134,(33779),0,0
2025,Street Resurfacing,154,2024 Bonds,4900 San Jacinto St - Y298,Y298.1,,,197689,197689,0,0,0
2025,Street Resurfacing,154,2024 Bonds,4900 Santa Fe Ave - Y299,Y299.1,2027,2027,0,185182,0,0,"185,182"
2025,Street Resurfacing,154,Other GO CIP - Debt,50/50 Sidewalk City share - X049,X049.1,2025,2025,999535,1000000,465,0,0
2025,Street Reconstruction,154,2024 Bonds,500 Longbranch Ln - Y133,Y133.1,2025,2025,0,884607,132127,0,0
2025,Street Reconstruction,154,2024 Bonds,500 Ravenwood Dr - Y439,Y439.1,2026,2026,0,577710,0,"86,657",0
2025,Street Resurfacing,154,2024 Bonds,5000-5100 Bowser Ave - Y300,Y300.1,2026,2026,0,368333,0,"368,333",0
2025,Street Reconstruction,154,2024 Bonds,500-1000 S Malcolm X Blvd - Y113,Y113.1,2025,2025,0,565221,84423,0,0
2025,Street Petitions,154,2024 Bonds,500-1200 Hillburn Dr - Y423,Y423.1,2026,2026,0,6525110,0,"978,767",0
2025,Alley Reconstruction,154,2017 Bonds,5005-5207 Banting Way - 5411-5445 Endlery Pl - V050,V050.1,2025,2025,440743,445768,5025,0,0
2025,Alley Reconstruction,155,2012 Bonds,5005-5207 Banting Way & 5411-5445 Endlery Pl - V050,V050.2,,,5890,5890,0,0,0
2025,Street Resurfacing,155,2024 Bonds,500-900 Cumberland St - Y301,Y301.1,2026,2026,0,626287,0,"626,287",0
2025,Alley Reconstruction,155,2024 Bonds,508-534 Seaside Dr & 7930-7938 Greenspan Dr (A06550) - Y036,Y036.1,2025,2026,0,211669,31616,"180,053",0
2025,Street Resurfacing,155,2024 Bonds,5100 N Hall St - Y302,Y302.1,2026,2026,0,264776,0,"264,776",0
2025,Alley Reconstruction,155,2017 Bonds,5107-5143 Breakwood Dr - 5116-5152 Colter Dr - V051,V051.1,,,224679,224679,0,0,0
2025,Alley Reconstruction,155,2012 Bonds,5107-5143 Breakwood Dr & 5116-5152 Colter Dr - V051,V051.2,,,5890,5890,0,0,0
2025,Alley Reconstruction,155,2024 Bonds,5156-5180 Ivy Ln (A04433) - Y037,Y037.1,2026,2027,0,70151,0,"10,523","59,628"
2025,Alley Reconstruction,155,2017 Bonds,5179-5107 Chalet - 1404-1550 Drury Dr - V018,V018.1,,,692938,692938,0,0,0
2025,Alley Reconstruction,155,Other GO CIP - Debt,5179-5107 Chalet & 1404-1550 Drury Dr - V018,V018.2,,,23682,23682,0,0,0
2025,Alley Reconstruction,155,2012 Bonds,5179-5107 Chalet & 1404-1550 Drury Dr - V018,V018.3,,,5890,5890,0,0,0
2025,Street Resurfacing,155,2024 Bonds,5200-5300 Mercedes Ave - Y303,Y303.1,2027,2027,0,555545,0,0,"555,545"
2025,Street Resurfacing,155,2024 Bonds,5200-5900 Singing Hills Dr - Y454,Y454.1,,,1288312,1288312,0,0,0
2025,Street Resurfacing,155,2024 Bonds,5300 Mccommas Blvd - Y304,Y304.1,2027,2027,0,307174,0,0,"307,174"
2025,Street Resurfacing,155,2024 Bonds,5300 Wateka Dr - Y305,Y305.1,2026,2026,0,263965,0,"263,965",0
2025,Alley Reconstruction,155,2017 Bonds,5303-5347 Blaney Way - 5204-5240 Banting Way - V052,V052.1,2025,2025,397649,405234,7585,0,0
2025,Alley Reconstruction,155,2012 Bonds,5303-5347 Blaney Way & 5204-5240 Banting Way - V052,V052.2,,,5890,5890,0,0,0
2025,Alley Reconstruction,155,2017 Bonds,5306-5342 Lake Placid Dr - 1572-1568 Drury Pl - V019,V019.1,,,287328,287328,0,0,0
2025,Alley Reconstruction,156,2012 Bonds,5306-5342 Lake Placid Dr & 1572-1568 Drury Pl - V019,V019.2,,,5890,5890,0,0,0
2025,Street Resurfacing,156,2024 Bonds,5400 Northbrook Dr - Y306,Y306.1,,,432609,432609,0,0,0
2025,Street Reconstruction,156,2024 Bonds,5400 Parry Ave - Y134,Y134.1,2026,2027,0,875368,0,"131,305","744,063"
2025,Street Resurfacing,156,2024 Bonds,5400-5500 Junius St - Y455,Y455.1,2026,2026,325854,651708,0,"325,854",0
2025,Street Resurfacing,156,2024 Bonds,5500 Ash Ln - Y307,Y307.1,2026,2026,0,161059,0,"161,059",0
2025,Street Resurfacing,156,2024 Bonds,5500 Ellsworth Ave - Y456,Y456.1,2027,2027,0,226360,0,0,"226,360"
2025,Alley Reconstruction,156,2012 Bonds,5500-5552 Longview St & 5503-5549 Mccommas Blvd - V125,V125.1,,,5890,5890,0,0,0
2025,Alley Reconstruction,156,2017 Bonds,5620-5832 Everglade Rd - 5707-5861 Marview Ln - V054,V054.1,2025,2025,426069,430370,4301,0,0
2025,Alley Reconstruction,156,2012 Bonds,5620-5832 Everglade Rd & 5707-5861 Marview Ln - V054,V054.2,,,5890,5890,0,0,0
2025,Street Resurfacing,156,2024 Bonds,5700-5800 Hudson St - Y135,Y135.1,2026,2026,0,200370,0,"200,370",0
2025,Target Neighborhood,156,2017 Bonds,5701-5745 Palo Pinto Ave - 5702-5746 Velasco Ave (Alley Improvements) - VA06,VA06.1,,,89524,89524,0,0,0
2025,Target Neighborhood,156,Other GO CIP - Debt,5701-5745 Palo Pinto Ave & 5702-5746 Velasco Ave (Alley Imp) - VA06,VA06.2,,,64112,64112,0,0,0
2025,Alley Reconstruction,156,2012 Bonds,5703-5747 Vanderbilt Ave & 5710-5750 Marquita Ave - V127,V127.1,,,5890,5890,0,0,0
2025,Street Resurfacing,156,2024 Bonds,5800 Beau Purple Dr - Y457,Y457.1,2026,2026,0,252757,0,"252,757",0
2025,Street Resurfacing,156,2024 Bonds,5800-5900 Forest Haven Trl - Y237,Y237.1,2025,2025,729315,707020,(22295),0,0
2025,Street Resurfacing,156,2024 Bonds,5900 Firefly Ln - Y308,Y308.1,,,154032,154032,0,0,0
2025,Street Resurfacing,157,2024 Bonds,5900 Old Ox Rd - Y442,Y442.1,2026,2026,0,215558,0,"215,558",0
2025,Street Resurfacing,157,2024 Bonds,5900 Sandhurst Ln - Y309,Y309.1,2027,2027,0,436395,0,0,"436,395"
2025,Street Reconstruction,157,2024 Bonds,600 Harter Rd - Y136,Y136.1,2025,2025,0,1380451,207068,0,0
2025,Street Reconstruction,157,2024 Bonds,6000 Milton St - Y137,Y137.1,2025,2025,0,1941311,291197,0,0
2025,Street Resurfacing,157,2024 Bonds,6000-6100 Churchill Way - Y181,Y181.1,2026,2026,0,399196,0,"399,196",0
2025,Street Resurfacing,157,2024 Bonds,6000-6100 Singing Hills Dr - Y458,Y458.1,2026,2026,0,794250,0,"794,250",0
2025,Street Resurfacing,157,2024 Bonds,6000-6200 Ash Ln - Y310,Y310.1,2026,2026,0,369145,0,"369,145",0
2025,Street Resurfacing,157,2024 Bonds,600-700 Edgemont Ave - Y311,Y311.1,2026,2026,0,327073,0,"327,073",0
2025,Alley Reconstruction,157,2017 Bonds,6020-6040 Fieldstone - V101,V101.1,,,155473,155473,0,0,0
2025,Alley Reconstruction,157,Other GO CIP - Debt,6020-6040 Fieldstone - V101,V101.2,2025,2025,23887,635017,611130,0,0
2025,Street Resurfacing,157,2024 Bonds,6100-6200 Warm Mist Ln - Y312,Y312.1,2026,2026,0,478711,0,"478,711",0
2025,Street Resurfacing,157,2024 Bonds,6100-6300 Moonglow Dr - Y459,Y459.1,2026,2026,0,733254,0,"733,254",0
2025,Street Resurfacing,157,2024 Bonds,6100-6300 Old Ox Rd - Y460,Y460.1,2026,2026,0,897481,0,"897,481",0
2025,Street Petitions,157,2024 Bonds,6100-6700 Jeane St - Y424,Y424.1,2026,2027,0,5800680,0,"870,102","4,930,578"
2025,Alley Reconstruction,157,2012 Bonds,6103-6129 Mercedes Ave & 6100-6126 Morningside Ave - V128,V128.1,,,5890,5890,0,0,0
2025,Alley Petitions,157,2024 Bonds,6106-6166 Llano Ave & 6107-6167 Velasco Ave (A00686) - Y412,Y412.1,2026,2026,0,995686,0,"149,353",0
2025,Alley Reconstruction,157,2012 Bonds,6139-6179 Monticello Ave & 6202-6238 Mercedes Ave - V129,V129.1,,,5890,5890,0,0,0
2025,Street Resurfacing,157,2024 Bonds,6200 Penrose Ave - Y313,Y313.1,2027,2027,0,249589,0,0,"249,589"
2025,Alley Reconstruction,157,2017 Bonds,6201- 6333 Bryan Pkwy - 5808-5842 Live Oak St - V130,V130.1,2025,2025,333355,293812,(39543),0,0
2025,Alley Reconstruction,158,Other GO CIP - Debt,6201- 6333 Bryan Pkwy & 5808-5842 Live Oak St - V130,V130.2,,,25688,25688,0,0,0
2025,Alley Reconstruction,158,2012 Bonds,6201- 6333 Bryan Pkwy & 5808-5842 Live Oak St - V130,V130.3,,,5890,5890,0,0,0
2025,Alley Reconstruction,158,2017 Bonds,6216-6226 Autumn Woods Trl - 804-814 W Red Bird Ln - V020,V020.1,,,267066,267066,0,0,0
2025,Alley Reconstruction,158,2012 Bonds,6216-6226 Autumn Woods Trl & 804-814 W Red Bird Ln - V020,V020.2,,,5890,5890,0,0,0
2025,Street Resurfacing,158,2024 Bonds,6400 Caracas Dr - Y461,Y461.1,,,0,0,0,0,0
2025,Street Resurfacing,158,2024 Bonds,6400 Gentle River Dr - Y315,Y315.1,2026,2026,0,254381,0,"254,381",0
2025,Street Petitions,158,2024 Bonds,6400-6500 Trammel Dr - Y425,Y425.1,2026,2027,0,2686111,0,"402,917","2,283,194"
2025,Alley Petitions,158,2024 Bonds,6439-6445 Rhapsody Ln & 6438 Silvery Moon Dr (A06677) - Y413,Y413.1,2026,2027,0,56396,0,"8,459","47,937"
2025,Street Resurfacing,158,2024 Bonds,6500 Barkwood Ln - Y316,Y316.1,2027,2027,0,247559,0,0,"247,559"
2025,Street Reconstruction,158,2024 Bonds,6500 Forest Creek Dr - Y138,Y138.1,2025,2025,0,677297,101595,0,0
2025,Street Resurfacing,158,2024 Bonds,6500 Gentle River Dr - Y317,Y317.1,2026,2026,0,342017,0,"342,017",0
2025,Street Petitions,158,2024 Bonds,6500 Gold Dust Trl - Y426,Y426.1,2025,2025,0,412976,61683,0,0
2025,Alley Reconstruction,158,2017 Bonds,6506-6556 Crestmere Dr - 6515-6555 Meadowcreek Dr - V087,V087.1,,,344657,344657,0,0,0
2025,Alley Reconstruction,158,2012 Bonds,6506-6556 Crestmere Dr & 6515-6555 Meadowcreek Dr - V087,V087.2,,,5890,5890,0,0,0
2025,Alley Reconstruction,158,2017 Bonds,6510-6580 Calais Dr - 6509-6565 Crestmere Dr - V088,V088.1,,,292368,292368,0,0,0
2025,Alley Reconstruction,158,2012 Bonds,6510-6580 Calais Dr & 6509-6565 Crestmere Dr - V088,V088.2,,,5890,5890,0,0,0
2025,Alley Reconstruction,159,2024 Bonds,6510-6580 Calais Dr & 6509-6565 Crestmere Dr (A09343/A09345) - Y038,Y038.1,2026,2026,0,628145,0,"94,222",0
2025,Street Resurfacing,159,2024 Bonds,6600 Divot Cir - Y462,Y462.1,2026,2026,0,134257,0,"134,257",0
2025,Street Resurfacing,159,2024 Bonds,6600 Dupper Ct - Y318,Y318.1,2026,2026,0,162440,0,"162,440",0
2025,Street Resurfacing,159,2024 Bonds,6600-6700 Putting Green Dr - Y463,Y463.1,2026,2026,0,299133,0,"299,133",0
2025,Street Petitions,159,2024 Bonds,6600-6700 Shell Flower Ln - Y427,Y427.1,2026,2027,0,1754398,0,"263,160","1,491,238"
2025,Street Petitions,159,2024 Bonds,6600-6800 Sawmill Rd - Y428,Y428.1,2025,2025,0,2531883,379783,0,0
2025,Street Resurfacing,159,2024 Bonds,"6600-7000 Duffield Dr, 6700 Duffield Ct - Y319",Y319.1,,,0,0,0,0,0
2025,Street Resurfacing,159,2024 Bonds,6700 Wild Honey Dr - Y320,Y320.1,2026,2026,0,74722,0,"74,722",0
2025,Street Resurfacing,159,2024 Bonds,6800 Wild Honey Dr - Y321,Y321.1,2026,2026,0,96083,0,"96,083",0
2025,Alley Reconstruction,159,2017 Bonds,6808-7038 Hunters Ridge Dr - 6807-6959 Town Bluff Dr - V089,V089.1,,,618619,618619,0,0,0
2025,Alley Reconstruction,159,2012 Bonds,6808-7038 Hunters Ridge Dr & 6807-6959 Town Bluff Dr - V089,V089.2,,,5890,5890,0,0,0
2025,Alley Reconstruction,159,2012 Bonds,6906-7030 Orchid Ln -6909-7007 Meadoebriar Ln - Pemberton Dr - V094,V094.1,,,5890,5890,0,0,0
2025,Alley Reconstruction,159,2017 Bonds,6906-7030 Orchid Ln -6909-7007 Meadoebriar Ln - Pemberton Dr - V094,V094.2,,,302581,302581,0,0,0
2025,Alley Reconstruction,159,2024 Bonds,6909-7077 Joyce Way (A03336) - Y039,Y039.1,2025,2026,0,563992,84240,"479,752",0
2025,Alley Reconstruction,159,2017 Bonds,6920-7038 Midbury Dr - 6919-7033 Northaven Rd - V090,V090.1,,,411824,411824,0,0,0
2025,Alley Reconstruction,159,2012 Bonds,6920-7038 Midbury Dr & 6919-7033 Northaven Rd - V090,V090.2,,,5890,5890,0,0,0
2025,Street Resurfacing,159,2024 Bonds,700 Commerce St - Y162,Y162.1,,,0,0,0,0,0
2025,Street Resurfacing,159,2024 Bonds,7000 Lattimore Dr - Y322,Y322.1,2026,2026,0,329834,0,"329,834",0
2025,Street Resurfacing,160,2024 Bonds,700-1300 Riverwood Rd - Y323,Y323.1,,,0,0,0,0,0
2025,Alley Reconstruction,160,2024 Bonds,7006-7066 Whitehill & 7005-7065 Town North (A03463/ A03462) - Y040,Y040.1,2025,2026,0,535607,80000,"455,607",0
2025,Alley Reconstruction,160,2024 Bonds,7021-7029 Nandina Dr & 3014-3018 Pine Trail Ct (A09909) - Y041,Y041.1,2025,2026,0,113165,16902,"96,263",0
2025,Alley Reconstruction,160,2017 Bonds,7027-7203 Hunnicut Rd - 7012-7108 Belteau Ln - V058,V058.1,2025,2025,272388,275428,3040,0,0
2025,Alley Reconstruction,160,2012 Bonds,7027-7203 Hunnicut Rd & 7012-7108 Belteau Ln - V058,V058.2,,,5890,5890,0,0,0
2025,Street Reconstruction,160,2024 Bonds,7100 Elliott Dr - Y139,Y139.1,2025,2025,0,1350466,202570,0,0
2025,Alley Reconstruction,160,2024 Bonds,7107-7239 Currin Dr & 7106-7238 Northaven Rd (A08769) - Y043,Y043.1,2025,2026,0,543831,81227,"462,604",0
2025,Street Resurfacing,160,2024 Bonds,7200 Ashington Dr - Y324,Y324.1,,,478711,478711,0,0,0
2025,Street Resurfacing,160,2024 Bonds,7200 Chaucer Pl - Y325,Y325.1,2026,2026,0,166663,0,"166,663",0
2025,Street Resurfacing,160,2024 Bonds,7200 Crooked Oak Dr - Y326,Y326.1,,,413166,413166,0,0,0
2025,Street Reconstruction,160,2024 Bonds,7200 Gayglen Dr - Y140,Y140.1,2025,2025,0,754599,113190,0,0
2025,Street Resurfacing,160,2024 Bonds,7200 Merriman Pkwy - Y182,Y182.1,2027,2027,0,218157,0,0,"218,157"
2025,Street Resurfacing,160,2024 Bonds,7200 Oakbluff Dr - Y327,Y327.1,,,318382,318382,0,0,0
2025,Alley Reconstruction,160,2024 Bonds,7209-7275 Lupton Cir (A03320) - Y042,Y042.1,2025,2026,0,156689,23403,"133,286",0
2025,Street Resurfacing,160,2024 Bonds,7300-7400 Hiddencreek Dr - Y328,Y328.1,2026,2026,0,510793,0,"510,793",0
2025,Street Resurfacing,160,2024 Bonds,7300-7700 Maplecrest Dr - Y329,Y329.1,,,799205,799205,0,0,0
2025,Alley Reconstruction,160,2017 Bonds,7309-7435 Tangleglen Dr - 7364-7450 Tophill Ln - V091,V091.1,,,329121,329121,0,0,0
2025,Alley Reconstruction,160,2012 Bonds,7309-7435 Tangleglen Dr & 7364-7450 Tophill Ln - V091,V091.2,,,5890,5890,0,0,0
2025,Street Resurfacing,161,2024 Bonds,7400 Midbury Dr - Y330,Y330.1,2026,2026,0,239030,0,"239,030",0
2025,Alley Reconstruction,161,2017 Bonds,7405-7443 Lynworth Dr - 7408-7438 Chattington Dr - V092,V092.1,,,236401,236401,0,0,0
2025,Street Resurfacing,161,2024 Bonds,7500 Malabar Ln - Y331,Y331.1,2026,2026,0,413978,0,"413,978",0
2025,Street Resurfacing,161,2024 Bonds,7500 Partridge Dr - Y332,Y332.1,2026,2026,0,125566,0,"125,566",0
2025,Street Resurfacing,161,2024 Bonds,7500-7600 Highmont St - Y333,Y333.1,2026,2026,0,422506,0,"422,506",0
2025,Alley Reconstruction,161,2017 Bonds,7501-7631 Ashcrest Ln - 7502-7578 Christie Ln - V021,V021.1,,,559185,559185,0,0,0
2025,Alley Reconstruction,161,2012 Bonds,7501-7631 Ashcrest Ln & 7502-7578 Christie Ln - V021,V021.2,,,5890,5890,0,0,0
2025,Alley Reconstruction,161,2024 Bonds,7605-7611 Olusta Dr (A11224) - Y044,Y044.1,2025,2026,0,105835,15808,"90,027",0
2025,Alley Reconstruction,161,2017 Bonds,7606-7672 Rolling Acres Dr - 7615-7651 Tophill Ln - V093,V093.1,,,249811,249811,0,0,0
2025,Alley Reconstruction,161,2012 Bonds,7606-7672 Rolling Acres Dr & 7615-7651 Tophill Ln - V093,V093.2,,,5890,5890,0,0,0
2025,Street Resurfacing,161,2024 Bonds,7700 Los Alamitos Dr - Y334,Y334.1,2026,2026,0,331946,0,"331,946",0
2025,Street Resurfacing,161,2024 Bonds,7700 Twisted Oaks Cir - Y335,Y335.1,,,103312,103312,0,0,0
2025,Street Resurfacing,161,2024 Bonds,7700-7800 Aurora St - Y464,Y464.1,2026,2026,508762,1017524,0,"508,762",0
2025,Alley Petitions,161,2024 Bonds,7702-7718 Roper St & 7703-7719 Linwood Ave (A02888) - Y414,Y414.1,2026,2027,0,136000,0,"20,400","115,600"
2025,Target Neighborhood,161,2017 Bonds,7704-78400 Carbondale St - 7703-7835 Brownville (Alley Improvements) - VA01,VA01.1,2025,2025,140602,139907,(695),0,0
2025,Target Neighborhood,161,Other GO CIP - Debt,7704-78400 Carbondale St & 7703-7835 Brownville (Alley Imp) - VA01,VA01.2,,,652495,652495,0,0,0
2025,Target Neighborhood,162,2012 Bonds,7704-78400 Carbondale St & 7703-7835 Brownville (Alley Imp) - VA01,VA01.3,,,5890,5890,0,0,0
2025,Alley Reconstruction,162,2024 Bonds,7706-7734 Lost Mirage Dr & 1420-1428 Kirnwood Dr (A06658) - Y045,Y045.1,2025,2026,0,234575,35036,"199,539",0
2025,Street Reconstruction,162,2024 Bonds,7800 Mattison St - Y141,Y141.1,2025,2025,0,1175777,176367,0,0
2025,Street Resurfacing,162,2024 Bonds,7800-7900 Goforth Rd - Y336,Y336.1,2026,2026,0,559931,0,"559,931",0
2025,Alley Reconstruction,162,2024 Bonds,7803-7835 Umphress Rd & 7802-7832 Tomkins Ln (A04653) - Y046,Y046.1,2026,2027,0,228792,0,"34,319","194,473"
2025,Street Reconstruction,162,2024 Bonds,7900 Greenhollow Ln - Y142,Y142.1,2025,2025,0,1052533,157880,0,0
2025,Alley Reconstruction,162,2017 Bonds,7905-7933 Olusta Dr - 7932 Great Trinity Forest Way - V067,V067.1,,,403437,403437,0,0,0
2025,Alley Reconstruction,162,2012 Bonds,7905-7933 Olusta Dr & 7932 Great Trinity Forest Way - V067,V067.2,,,5890,5890,0,0,0
2025,Street Resurfacing,162,2024 Bonds,800 Beckleymeade Ave - Y183,Y183.1,2026,2026,0,140592,0,"140,592",0
2025,Street Resurfacing,162,2024 Bonds,800 Edd Rd - Y184,Y184.1,2027,2027,0,124023,0,0,"124,023"
2025,Street Resurfacing,162,2024 Bonds,800 Elm St - Y163,Y163.1,,,232777,232777,0,0,0
2025,Street Resurfacing,162,2024 Bonds,800-1100 Graham Ave - Y164,Y164.1,2026,2026,0,723903,0,"723,903",0
2025,Street Resurfacing,162,2024 Bonds,8200 Burroaks Dr - Y337,Y337.1,2026,2026,0,210766,0,"210,766",0
2025,Alley Reconstruction,162,2024 Bonds,826-1028 Tarryall Dr & 903-947 Channing Cir (A02339) - Y047,Y047.1,2025,2026,0,509698,76129,"433,569",0
2025,Street Resurfacing,162,2024 Bonds,8300 Midpark Rd - Y185,Y185.1,2026,2026,0,289631,0,"289,631",0
2025,Street Resurfacing,162,2024 Bonds,8300-8400 Plainview Dr - Y338,Y338.1,,,0,0,0,0,0
2025,Street Resurfacing,162,2024 Bonds,8400-8500 Del Monte Dr - Y465,Y465.1,2027,2027,0,421531,0,0,"421,531"
2025,Street Resurfacing,162,2024 Bonds,8400-8800 Fair Oaks Xing - Y339,Y339.1,2026,2026,0,1395909,0,"1,395,909",0
2025,Street Resurfacing,162,2024 Bonds,8500-8900 Mediterranean Dr - Y340,Y340.1,2026,2026,0,941015,0,"941,015",0
2025,Street Resurfacing,163,2024 Bonds,8600-8700 Eldon Dr - Y466,Y466.1,2027,2027,0,508762,0,0,"508,762"
2025,Street Resurfacing,163,2024 Bonds,8600-9000 White Rock Trl - Y341,Y341.1,2026,2026,0,698492,0,"698,492",0
2025,Street Resurfacing,163,2024 Bonds,"8600-9800 Vista Oaks Dr, 8800 Vista Oaks Cir - Y342",Y342.1,,,782473,782473,0,0,0
2025,Alley Reconstruction,163,2024 Bonds,8606-8838 Forest Green Dr & 8603-8833 Skyline Dr (A03399) - Y048,Y048.1,2025,2026,0,615303,91903,"523,400",0
2025,Street Resurfacing,163,2024 Bonds,8700-8900 Flint Falls Dr - Y343,Y343.1,,,589998,589998,0,0,0
2025,Street Resurfacing,163,2024 Bonds,8800 Bearden Ln - Y467,Y467.1,2026,2026,0,82194,0,"82,194",0
2025,Alley Reconstruction,163,2024 Bonds,8804-8884 Larchwood Dr & 8805-8871 Liptonshire Dr (A08493) - Y049,Y049.1,2025,2026,0,534670,79860,"454,810",0
2025,Street Resurfacing,163,2024 Bonds,8900 Gunnison Dr - Y344,Y344.1,2027,2027,0,178359,0,0,"178,359"
2025,Street Reconstruction,163,2024 Bonds,8900-9000 Turtle Creek Blvd - Y143,Y143.1,2025,2025,0,953772,143066,0,0
2025,Street Resurfacing,163,2024 Bonds,8900-9100 Bluecrest Dr - Y345,Y345.1,2026,2026,0,435338,0,"435,338",0
2025,Street Resurfacing,163,2024 Bonds,9000-9100 Branch Hollow Dr - Y346,Y346.1,,,470298,470298,0,0,0
2025,Street Resurfacing,163,2024 Bonds,9000-9100 Stone Creek Place - Y347,Y347.1,,,705883,705883,0,0,0
2025,Street Reconstruction,163,2024 Bonds,900-1000 Lausanne Ave - Y144,Y144.1,2025,2025,0,724640,104042,0,0
2025,Street Resurfacing,163,2024 Bonds,900-1200 Dumas St - Y348,Y348.1,2026,2026,665121,1206209,0,"541,088",0
2025,Alley Reconstruction,163,2024 Bonds,9005-9043 Windy Crest Dr & 9150-9170 Forest Ln (A03529) - Y050,Y050.1,2025,2026,0,530887,79294,"451,593",0
2025,Street Resurfacing,163,2024 Bonds,9100 Bryson Dr - Y349,Y349.1,2026,2026,0,144815,0,"144,815",0
2025,Street Resurfacing,163,2024 Bonds,9100-9300 Markville Dr - Y186,Y186.1,,,975290,975290,0,0,0
2025,Street Resurfacing,163,2024 Bonds,"9100-9600 Boedeker St, 9100 Boedeker Cir - Y187",Y187.1,2025,2025,2146870,2062660,(84210),0,0
2025,Alley Petitions,163,2024 Bonds,914-934 Sunset Ave & 925-939 W Jefferson Blvd (A01558) - Y415,Y415.1,2026,2027,0,191588,0,"28,738","162,850"
2025,Street Resurfacing,164,2024 Bonds,9200 Flickering Shadow Dr - Y350,Y350.1,2026,2026,0,456294,0,"456,294",0
2025,Street Resurfacing,164,2024 Bonds,9200 Moss Farm Ln - Y351,Y351.1,,,830637,830637,0,0,0
2025,Street Resurfacing,164,2024 Bonds,9200-9400 Bluecrest Dr - Y352,Y352.1,2026,2026,0,462223,0,"462,223",0
2025,Street Resurfacing,164,2024 Bonds,9400-9500 Timberline Dr - Y188,Y188.1,2027,2027,0,592337,0,0,"592,337"
2025,Street Resurfacing,164,2024 Bonds,9500-9600 Robin Meadow Dr - Y353,Y353.1,2026,2026,0,613942,0,"613,942",0
2025,Street Resurfacing,164,2024 Bonds,9600 Glenacre - Y354,Y354.1,2026,2026,0,166095,0,"166,095",0
2025,Street Resurfacing,164,2024 Bonds,9600 Jourdan Way - Y355,Y355.1,,,114926,114926,0,0,0
2025,Street Resurfacing,164,2024 Bonds,9600 Millridge Cir - Y356,Y356.1,2026,2026,0,120612,0,"120,612",0
2025,Street Resurfacing,164,2024 Bonds,9600 Orchard Hill - Y357,Y357.1,2026,2026,0,226685,0,"226,685",0
2025,Street Resurfacing,164,2024 Bonds,9600-9800 Baseline Dr - Y358,Y358.1,2026,2026,0,437857,0,"437,857",0
2025,Street Resurfacing,164,2024 Bonds,9600-9900 Bluffcreek Dr - Y359,Y359.1,2026,2026,0,996651,0,"996,651",0
2025,Street Reconstruction,164,2024 Bonds,9700 Faircloud Dr - Y440,Y440.1,2026,2026,0,1602457,0,"240,369",0
2025,Street Resurfacing,164,2024 Bonds,9800 Matchpoint Pl - Y361,Y361.1,2026,2026,0,168206,0,"168,206",0
2025,Street Resurfacing,164,2024 Bonds,9800 Victorian Ct - Y362,Y362.1,2026,2026,0,174867,0,"174,867",0
2025,Street Resurfacing,164,2024 Bonds,9800-10200 Shiloh Rd - Y189,Y189.1,2025,2025,3191653,3102779,(88874),0,0
2025,Street Resurfacing,164,2024 Bonds,9900 Timberline Dr - Y190,Y190.1,2027,2027,0,127191,0,0,"127,191"
2025,Traffic Signals,164,2017 Bonds,Abrams Rd Signals - W979,W979.1,2025,2025,0,700000,700000,0,0
2025,Traffic Intersection Capacity & Safety Improvements,164,2024 Bonds,Abrams Road from Gaston Ave to Richmond Ave - Y471,Y471.1,2025,2025,0,86592,86592,0,0
2025,Street Resurfacing,164,Other Transportation Capital,ADA Barrier Installation - X027,X027.1,2025,2025,43057080,50000000,6942920,0,0
2025,Street Reconstruction,164,2017 Bonds,Adair St From Cobb St To 500 Ft North Of Cobb St - V287,V287.1,,,99238,99238,0,0,0
2025,Street Reconstruction,164,Other GO CIP - Debt,Adair St From Cobb St To 500 Ft North Of Cobb St - V287,V287.2,2025,2025,39649,214764,175115,0,0
2025,Alley Petitions,165,2024 Bonds,Alley b/w Beechwood and Park from T alley to Midway (A05036) - Y002,Y002.1,2025,2026,0,562615,84033,"478,582",0
2025,Alley Petitions,165,2024 Bonds,Alley b/w Northport and Pemberton from Edgemere to Thackery - Y003,Y003.1,2025,2026,0,444869,66446,"378,423",0
2025,Street and Alley Improvements,165,2017 Bonds,Alley between Cherrywood Avenue & Inwood Road - W930,W930.1,2025,2025,219098,243798,24700,0,0
2025,Street and Alley Improvements,165,2017 Bonds,Alley between Knight Street & Douglas Avenue - W929,W929.1,2025,2025,227978,281658,53681,0,0
2025,Street and Alley Improvements,165,2017 Bonds,Alley between Town Creek Drive & Brook V - W926,W926.1,2025,2025,646927,672547,25620,0,0
2025,Target Neighborhood,165,Other GO CIP - Debt,Alley Imp Between 8Th St & Church From Ih 35E To N Cliff - V993,V993.1,2025,2025,251830,270927,19097,0,0
2025,Target Neighborhood,165,Other GO CIP - Debt,Alley Imp Between Ewing Ave & Upton From Viola To Clarendon - V994,V994.1,2025,2025,20301,170634,150334,0,0
2025,Target Neighborhood,165,2017 Bonds,Alley Improvements Between 8th St - Church From IH 35E To N Cliff - V993,V993.2,,,66953,66953,0,0,0
2025,Street Reconstruction,165,2012 Bonds,Alpha Rd from Barton Dr to Noel Rd - V293,V293.1,,,5890,5890,0,0,0
2025,Thoroughfares,165,2017 Bonds,Alpha Rd From End Of Pavement To Barton Dr - V310,V310.1,,,65681,65681,0,0,0
2025,Street Reconstruction,165,2017 Bonds,Alpha Rd from Noel Rd to Montfort Dr - V294,V294.1,,,64666,64666,0,0,0
2025,Street Reconstruction,165,2012 Bonds,Alpha Rd from Noel Rd to Montfort Dr - V294,V294.2,,,5890,5890,0,0,0
2025,Alley Petitions,165,Other GO CIP - Debt,Amhurst Av & Stanford Av From Linwood Ave. To Briarwood Ln - V005,V005.1,,,35770,35770,0,0,0
2025,Alley Petitions,165,2017 Bonds,Amhurst Ave - Stanford Ave From Linwood Ave To Briarwood Ln - V005,V005.2,,,114843,114843,0,0,0
2025,Street Resurfacing,166,Other GO CIP - Non-Debt,Assessments Proceeds for 2006 Bonds - P496,P496.1,,,615352,615352,0,0,0
2025,Traffic Signals,166,2024 Bonds,Beckleymeade-Polk - Y367,Y367.1,2025,2025,0,655000,75000,0,0
2025,Traffic Signals,166,2024 Bonds,Belt Line-Lawson - Y368,Y368.1,2025,2027,0,655000,75000,0,"580,000"
2025,Intergovernmen tal Partnership Projects,166,2024 Bonds,Bernal Trail Project (Tumalo Trail to Norwich) - Y072,Y072.1,2025,2025,0,6500000,975000,0,0
2025,Intergovernmen tal Partnership Projects,166,Other GO CIP - Non-Debt,Bike Lanes - W660,W660.1,2025,2025,148933,2026734,1877801,0,0
2025,Street Reconstruction,166,2012 Bonds,Blossomheath Ln From Lbj Serv N To Thistle Ln - V275,V275.1,,,5890,5890,0,0,0
2025,Street Reconstruction,166,2017 Bonds,Blossomheath Ln From LBJ Service Rd N To Thistle Ln - V275,V275.2,2025,2025,427840,438263,10423,0,0
2025,Street Reconstruction,166,2017 Bonds,Blossomheath Ln from Thistle Ln to Alpha Rd - V222,V222.1,2025,2025,635205,649623,14418,0,0
2025,Street Reconstruction,166,Other GO CIP - Debt,Blossomheath Ln from Thistle Ln to Alpha Rd - V222,V222.2,,,14167,14167,0,0,0
2025,Street Reconstruction,166,2012 Bonds,Blossomheath Ln from Thistle Ln to Alpha Rd - V222,V222.3,,,5890,5890,0,0,0
2025,Street Petitions,166,2024 Bonds,Boyd Street from Berkley Avenue to Wilbur Street - Y102,Y102.1,2025,2027,0,1191206,177921,0,"1,013,285"
2025,Street Reconstruction,166,2017 Bonds,Bradford Dr from Maple Springs Blvd to Hedgerow Dr - V194,V194.1,,,536767,536767,0,0,0
2025,Street Reconstruction,166,Other GO CIP - Debt,Bradford Dr from Maple Springs Blvd to Hedgerow Dr - V194,V194.2,,,37111,37111,0,0,0
2025,Street Reconstruction,166,2012 Bonds,Bradford Dr from Maple Springs Blvd to Hedgerow Dr - V194,V194.3,,,5890,5890,0,0,0
2025,Street Resurfacing,166,2017 Bonds,Branchfield Dr from W Lawther Dr to Fisher Rd - V803,V803.1,,,0,0,0,0,0
2025,Street Petitions,166,2024 Bonds,Brandon St from S Marlborough Ave to S Montclair Ave - Y429,Y429.1,2026,2027,0,2308548,0,"346,282","1,962,266"
2025,Bridge Repair and Modification,167,Other GO CIP - Non-Debt,Bridge Maintenance/ Repair Program - W661,W661.1,2025,2027,13311882,37200000,1888118,"4,400,000","4,400,000"
2025,Street Reconstruction,167,2017 Bonds,Brookshire Dr From Orchid Ln To Brookshire Cir - V276,V276.1,,,495868,495868,0,0,0
2025,Street Reconstruction,167,Other GO CIP - Debt,Brookshire Dr From Orchid Ln To Brookshire Cir - V276,V276.2,,,9744,9744,0,0,0
2025,Street Reconstruction,167,2012 Bonds,Brookshire Dr From Orchid Ln To Brookshire Cir - V276,V276.3,,,5890,5890,0,0,0
2025,Traffic Signals,167,2024 Bonds,Buckner-Gross - Y369,Y369.1,2025,2027,0,655000,75000,0,"580,000"
2025,Traffic Signals,167,2024 Bonds,Buford-Camp Wisdom,sdom.1,2027,2027,0,655000,0,0,"75,000"
2025,Target Neighborhood,167,2017 Bonds,Burma From Kiska St To Saipan St - VA02,VA02.1,,,206372,206372,0,0,0
2025,Target Neighborhood,167,Other GO CIP - Debt,Burma From Kiska St To Saipan St - VA02,VA02.2,2025,2025,1266847,1266469,(378),0,0
2025,Target Neighborhood,167,2012 Bonds,Burma From Kiska St To Saipan St - VA02,VA02.3,,,5890,5890,0,0,0
2025,Target Neighborhood,167,2017 Bonds,Burma Rd From Carbondale St To Kiska St - VA04,VA04.1,,,208646,208646,0,0,0
2025,Target Neighborhood,167,Other GO CIP - Debt,Burma Rd From Carbondale St To Kiska St - VA04,VA04.2,,,2074326,2074326,0,0,0
2025,Target Neighborhood,167,2012 Bonds,Burma Rd From Carbondale St To Kiska St - VA04,VA04.3,,,5890,5890,0,0,0
2025,Street Reconstruction,167,2017 Bonds,Burroaks Cir From Burroaks Dr To End Of Pavement - V263,V263.1,2025,2025,622815,623065,250,0,0
2025,Street Reconstruction,167,2012 Bonds,Burroaks Cir From Burroaks Dr To End Of Pavement - V263,V263.2,,,5890,5890,0,0,0
2025,Thoroughfares,167,2017 Bonds,Camp Wisdom from Westmorland to US 67 - W908,W908.1,2025,2025,0,1400000,1400000,0,0
2025,Thoroughfares,167,2017 Bonds,Camp Wisdom Rd from FM 1382 to Mountain Creek Pkwy - VA13,VA13.1,2025,2025,708153,726173,18020,0,0
2025,Thoroughfares,168,Other GO CIP - Debt,Camp Wisdom Rd from FM 1382 to Mountain Creek Pkwy - VA13,VA13.2,,,177190,177190,0,0,0
2025,Thoroughfares,168,2012 Bonds,Camp Wisdom Rd from FM 1382 to Mountain Creek Pkwy - VA13,VA13.3,,,5890,5890,0,0,0
2025,Street Reconstruction,168,2017 Bonds,Canada Dr From Tamerisk St To Westmoreland Rd - S309,S309.1,,,332476,332476,0,0,0
2025,Thoroughfares,168,2017 Bonds,Canada Drive From Westmoreland To Hampton - VA08,VA08.1,2025,2025,21838064,21932353,94290,0,0
2025,Thoroughfares,168,Other GO CIP - Debt,Canada Drive From Westmoreland To Hampton - VA08,VA08.2,,,50191,50191,0,0,0
2025,Thoroughfares,168,2012 Bonds,Canada Drive From Westmoreland To Hampton - VA08,VA08.3,,,5890,5890,0,0,0
2025,Streetscape- Urban Design,168,2017 Bonds,Casa View Street Improvements - V985,V985.1,,,967310,967310,0,0,0
2025,Streetscape- Urban Design,168,Other GO CIP - Debt,Casa View Street Improvements - V985,V985.2,,,37250,37250,0,0,0
2025,Streetscape- Urban Design,168,2012 Bonds,Casa View Street Improvements - V985,V985.3,,,5890,5890,0,0,0
2025,Intergovernmen tal Partnership Projects,168,2012 Bonds,CBD Fair Link- Hall St to I-30 - U203,U203.1,,,5890,5890,0,0,0
2025,Intergovernmen tal Partnership Projects,168,2017 Bonds,CBD Fair Link- Hall St to I-30 - U203,U203.2,,,3728686,3728686,0,0,0
2025,Traffic Intersection Capacity & Safety Improvements,168,2024 Bonds,CDSF Project - Corridor Studies in District 9 - CDSF CD9 - Y058,Y058.1,2025,2026,0,619550,90000,"529,550",0
2025,Street Resurfacing,168,2006 Bonds,Central Signal Computer - R090,R090.1,,,2947440,2947440,0,0,0
2025,Street Resurfacing,168,2003 Bonds,Central Signal Computer - R090,R090.2,2025,2025,607821,569636,(38184),0,0
2025,Thoroughfares,168,2006 Bonds,Chalk Hill - I 30 EB Frontage Road to Singleton - U780,U780.1,,,12359,12359,0,0,0
2025,Thoroughfares,168,2012 Bonds,Chalk Hill - I 30 EB Frontage Road to Singleton - U780,U780.2,,,5890,5890,0,0,0
2025,Thoroughfares,169,2017 Bonds,Chalk Hill - I 30 EB Frontage Road to Singleton - U780,U780.3,,,14899893,14899893,0,0,0
2025,Sidewalk and Barrier Free Ramp Improvements,169,2024 Bonds,Chevez Dr from Avon St to El Tivoli Dr - Y090,Y090.1,2026,2026,0,378328,0,"378,328",0
2025,Thoroughfares,169,2017 Bonds,Cheyenne From Big Thicket To Elam - VA18,VA18.1,,,657361,657361,0,0,0
2025,Thoroughfares,169,Other GO CIP - Debt,Cheyenne From Big Thicket To Elam - VA18,VA18.2,2025,2025,53766,6298213,6244447,0,0
2025,Thoroughfares,169,Other GO CIP - Debt,Cheyenne From Lake June To Big Thickett Â¿ Phase I - VA17,VA17.1,2025,2025,409333,7806899,7397566,0,0
2025,Thoroughfares,169,2017 Bonds,Cheyenne From Lake June To Big Thickett Phase I - VA17,VA17.2,,,2931179,2931179,0,0,0
2025,Traffic Signals,169,2024 Bonds,Chrysalis-Wheatland - Y371,Y371.1,2025,2025,0,655000,75000,0,0
2025,Street Reconstruction,169,2017 Bonds,Clarendon Dr (2-28' Lanes) from Ewing to Upton - V292,V292.1,,,390818,390818,0,0,0
2025,Street Reconstruction,169,Other GO CIP - Debt,Clarendon Dr (2-28' Lanes) from Ewing to Upton - V292,V292.2,2025,2025,18493,10116918,10098424,0,0
2025,Street Reconstruction,169,2012 Bonds,Clarendon Dr (2-28' Lanes) from Ewing to Upton - V292,V292.3,,,5890,5890,0,0,0
2025,Street Resurfacing,169,2017 Bonds,Clarksdale Pl from Clarksdale Dr to End of Pavement - V798,V798.1,,,0,0,0,0,0
2025,Street Reconstruction,169,2017 Bonds,Cobb St From Cobb St To Adair St - V288,V288.1,,,90387,90387,0,0,0
2025,Street Reconstruction,169,Other GO CIP - Debt,Cobb St From Cobb St To Adair St - V288,V288.2,2025,2025,37243,225555,188312,0,0
2025,Intergovernmen tal Partnership Projects,169,2006 Bonds,Cockrell Hill - La Reunion to Singleton - U205,U205.1,,,519,519,0,0,0
2025,Intergovernmen tal Partnership Projects,169,2012 Bonds,Cockrell Hill - La Reunion to Singleton - U205,U205.2,,,5890,5890,0,0,0
2025,Intergovernmen tal Partnership Projects,169,2017 Bonds,Cockrell Hill - La Reunion to Singleton - U205,U205.3,,,40297,40297,0,0,0
2025,Intergovernmen tal Partnership Projects,170,2017 Bonds,Cockrell Hill From La Reunion To Singleton - V136,V136.1,2025,2025,142150,313151,171001,0,0
2025,Intergovernmen tal Partnership Projects,170,Other GO CIP - Debt,Cockrell Hill From La Reunion To Singleton - V136,V136.2,2025,2025,216661,13235992,13019331,0,0
2025,Thoroughfares,170,2017 Bonds,Columbia Ave/Main St from S Beacon St to - VA12,VA12.1,,,429601,429601,0,0,0
2025,Thoroughfares,170,Other GO CIP - Debt,Columbia Ave/Main St from S Beacon St to Deep Ellum - VA12,VA12.2,2025,2025,92785,9863440,9770655,0,0
2025,Complete Street,170,2024 Bonds,Columbia/Main Complete Street - Y061,Y061.1,2025,2025,0,4996250,4996250,0,0
2025,Streetscape- Urban Design,170,2006 Bonds,Commerce from Good-Latimer to Hall - U733,U733.1,2025,2025,293875,582225,288350,0,0
2025,Streetscape- Urban Design,170,2017 Bonds,Commerce from Good-Latimer to Hall - U733,U733.2,,,10973,10973,0,0,0
2025,Thoroughfares,170,2017 Bonds,Commerce Street From Good Latimer To Exposition - VA16,VA16.1,,,1564158,1564158,0,0,0
2025,Thoroughfares,170,Other GO CIP - Debt,Commerce Street From Good Latimer To Exposition - VA16,VA16.2,,,118329,118329,0,0,0
2025,Thoroughfares,170,2012 Bonds,Commerce Street From Good Latimer To Exposition - VA16,VA16.3,,,5890,5890,0,0,0
2025,Thoroughfares,170,Other GO CIP - Debt,Community - Harry Hines to N.W. Hwy. - R803,R803.1,2025,2025,8405,2942681,2934276,0,0
2025,Thoroughfares,170,2003 Bonds,Community - Harry Hines to N.W. Hwy. R803,R803.2,2025,2025,355374,531848,176474,0,0
2025,Street Reconstruction,170,2017 Bonds,Concho St From Richmond Ave To Belmont Ave - V289,V289.1,,,140830,140830,0,0,0
2025,Street Reconstruction,170,Other GO CIP - Debt,Concho St From Richmond Ave To Belmont Ave - V289,V289.2,2025,2025,43940,43562,(378),0,0
2025,Street Reconstruction,170,2012 Bonds,Concho St From Richmond Ave To Belmont Ave - V289,V289.3,,,5890,5890,0,0,0
2025,Street Reconstruction,170,2017 Bonds,Contingency Reserve 2006 BP - Streets,eets.1,2025,2025,761381,1361381,600000,0,0
2025,Target Neighborhood,171,2017 Bonds,Contingency Reserve 2006 BP - Streets,eets.2,,,56311,56311,0,0,0
2025,Street Resurfacing,171,2006 Bonds,Contingency Reserve 2006 BP - Streets - P573,P573.1,2025,2025,0,301532,301532,0,0
2025,Street Resurfacing,171,1995 Bonds,Contingency Reserve 2006 BP - Streets - P573,P573.2,2025,2025,0,564,564,0,0
2025,Street Resurfacing,171,2003 Bonds,Contingency Reserve 2006 BP - Streets - P573,P573.3,2025,2025,0,130177,130177,0,0
2025,Traffic Intersection Capacity & Safety Improvements,171,2024 Bonds,Corridor Studies in District 9 - CD9 Funds (Prop A) - Y472,Y472.1,2025,2025,0,418363,418363,0,0
2025,Street Resurfacing,171,Other GO CIP - Debt,COs for Sidewalks - W827,W827.2,2025,2025,3385134,4000000,614866,0,0
2025,Street Resurfacing,171,Other GO CIP - Debt,COs for Streets - W958,W958.2,2025,2025,58800525,58815000,14475,0,0
2025,Street Resurfacing,171,Other GO CIP - Debt,COs for Streets Underserved - W957,W957.2,,,14700000,14700000,0,0,0
2025,Public/Private Development,171,2017 Bonds,Council District 1 Pedestrian Safety/ Crosswalk Program - VA26,VA26.1,2025,2025,0,260000,260000,0,0
2025,Public/Private Development,171,Other GO CIP - Debt,Council District 14 Pedestrian Safety/ Crosswalk Program - VA21,VA21.1,2025,2025,560,140461,139901,0,0
2025,Public/Private Development,171,2012 Bonds,Council District 14 Pedestrian Safety/ Crosswalk Program - VA21,VA21.2,,,5890,5890,0,0,0
2025,Public/Private Development,171,2017 Bonds,Council District 14 Pedestrian Safety/ Crosswalk Program - VA21,VA21.3,,,21889,21889,0,0,0
2025,Traffic Intersection Capacity & Safety Improvements,171,2017 Bonds,Council District 8 Infrastructure Improvements -VA44,VA44.1,2025,2025,0,350000,350000,0,0
2025,Sidewalk and Barrier Free Ramp Improvements,171,2017 Bonds,Council District 8 Sidewalks - V169,V169.1,,,23397,23397,0,0,0
2025,Public/Private Development,171,2017 Bonds,Council District 9 Traffic Signal Improvements -VA29,VA29.1,2025,2025,265000,746000,481000,0,0
2025,Traffic Intersection Capacity & Safety Improvements,172,Other GO CIP - Debt,Country Creek Dr- Road Closure/Turn Around - VA23,VA23.1,2025,2025,2270,533335,531065,0,0
2025,Traffic Intersection Capacity & Safety Improvements,172,2012 Bonds,Country Creek Dr- Road Closure/Turn Around - VA23,VA23.2,,,5890,5890,0,0,0
2025,Traffic Intersection Capacity & Safety Improvements,172,2017 Bonds,Country Creek Dr- Road Closure/Turn Around - VA23,VA23.3,,,6949,6949,0,0,0
2025,Bridge Repair and Modification,172,2017 Bonds,Critical Bridges - V131,V131.1,,,45324,45324,0,0,0
2025,Bridge Repair and Modification,172,2012 Bonds,Critical Bridges - V131,V131.2,,,5890,5890,0,0,0
2025,Bridge Repair and Modification,172,Other GO CIP - Debt,Critical Bridges- Camp Wisdom Road over Ricketts Creek Bridg - VA33,VA33.1,2025,2025,43838,2646345,2602507,0,0
2025,Bridge Repair and Modification,172,2017 Bonds,Critical Bridges- Marsalis Avenue over Cedar Creek- Dallas Zoo - VA35,VA35.1,,,86373,86373,0,0,0
2025,Bridge Repair and Modification,172,2017 Bonds,Critical Bridges- W- Red Bird Lane over Woody Branch Creek - VA36,VA36.1,2025,2025,105165,295893,190728,0,0
2025,Bridge Repair and Modification,172,Other GO CIP - Debt,Critical Bridges- W. Red Bird Lane over Woody Branch Creek - VA36,VA36.2,2025,2025,50360,5390548,5340188,0,0
2025,Thoroughfares,172,2017 Bonds,Crouch Rd From Old Ox Rd To S Lancaster Rd - VA19,VA19.1,,,705470,705470,0,0,0
2025,Thoroughfares,172,Other GO CIP - Debt,Crouch Rd From Old Ox Rd To S Lancaster Rd - VA19,VA19.2,2025,2025,104325,11306348,11202023,0,0
2025,Street Reconstruction,172,2017 Bonds,Currin Dr From Pebbledowne Dr To End Of Pavement - V278,V278.1,,,399955,399955,0,0,0
2025,Street Reconstruction,172,Other GO CIP - Debt,Currin Dr From Pebbledowne Dr To End Of Pavement - V278,V278.2,,,7839,7839,0,0,0
2025,Street Reconstruction,173,2012 Bonds,Currin Dr From Pebbledowne Dr To End Of Pavement - V278,V278.3,,,5890,5890,0,0,0
2025,Street Reconstruction,173,2017 Bonds,Currin Dr from St Michaels Dr to Pebbledowne Dr - V223,V223.1,,,854764,854764,0,0,0
2025,Street Reconstruction,173,Other GO CIP - Debt,Currin Dr from St Michaels Dr to Pebbledowne Dr - V223,V223.2,,,30499,30499,0,0,0
2025,Street Reconstruction,173,2012 Bonds,Currin Dr from St Michaels Dr to Pebbledowne Dr - V223,V223.3,,,5890,5890,0,0,0
2025,Intergovernmen tal Partnership Projects,173,2017 Bonds,D10 Transportation Improvements (MCIP) - VA46,VA46.1,2025,2025,0,1000000,1000000,0,0
2025,Intergovernmen tal Partnership Projects,173,2024 Bonds,Danieldale Thoroughfare Expansion (Hampton to IH-35E) - Y073,Y073.1,2025,2025,0,10000000,1500000,0,0
2025,Intergovernmen tal Partnership Projects,173,2006 Bonds,Davis - Hampton to Westmoreland - U209,U209.1,2025,2025,303804,341593,37789,0,0
2025,Intergovernmen tal Partnership Projects,173,2006 Bonds,Davis - Hampton to Westmoreland - U209,U209.2,2025,2025,1461,2069,609,0,0
2025,Intergovernmen tal Partnership Projects,173,2012 Bonds,Davis - Hampton to Westmoreland - U209,U209.3,,,5890,5890,0,0,0
2025,Intergovernmen tal Partnership Projects,173,2017 Bonds,Davis - Hampton to Westmoreland - U209,U209.4,,,77710,77710,0,0,0
2025,Intergovernmen tal Partnership Projects,173,2024 Bonds,Davis Phase I Complete Street (Clinton to Hampton) - Y074,Y074.1,,,0,15000000,0,0,0
2025,Intergovernmen tal Partnership Projects,173,2017 Bonds,Davis Street from Cockrell Hill to Clint - V135,V135.1,2025,2025,850637,851637,1000,0,0
2025,Intergovernmen tal Partnership Projects,173,Other GO CIP - Debt,Davis Street from Cockrell Hill to Clinton Ave - V135,V135.2,2025,2025,99451,3175964,3076513,0,0
2025,Intergovernmen tal Partnership Projects,173,2024 Bonds,Denton Complete Street (Walnut Hill to Mockingbird) - Y075,Y075.1,2026,2026,0,10000000,0,"1,500,000",0
2025,Street Petitions,173,2017 Bonds,Dirk St. - Alley South Of Martel Ave. To Martel Ave. - V187,V187.1,,,92127,92127,0,0,0
2025,Street and Alley Improvements,174,2017 Bonds,District 7 Infrastructure Improvements - X181,X181.1,2025,2025,0,1370046,1370046,0,0
2025,Intergovernmen tal Partnership Projects,174,Other GO CIP - Debt,Dolphin Road from Haskell to Spring - V139,V139.1,,,81563,81563,0,0,0
2025,Intergovernmen tal Partnership Projects,174,2012 Bonds,Dolphin Road from Haskell to Spring - V139,V139.2,,,5890,5890,0,0,0
2025,Intergovernmen tal Partnership Projects,174,2017 Bonds,Dolphin Road from Haskell to Spring - V139,V139.3,2025,2025,4439932,4437231,(2701),0,0
2025,Traffic Intersection Capacity & Safety Improvements,174,2017 Bonds,Downtown Elmwood Infrastructure Improvem - X045,X045.1,2025,2025,203650,498517,294867,0,0
2025,Complete Street,174,2024 Bonds,Downtown Elmwood Streetscape Improvements (CD1 Funds) - Y062,Y062.1,2026,2027,0,1200000,0,"180,000","1,020,000"
2025,Traffic Signals,174,2024 Bonds,Duncanville- Ledbetter - Y372,Y372.1,2025,2027,0,655000,75000,0,"580,000"
2025,Thoroughfares,174,Other GO CIP - Debt,Edd Rd From Seagoville To Garden Grove (Design and ROW only) - VA20,VA20.1,2025,2025,54528,53772,(756),0,0
2025,Thoroughfares,174,2012 Bonds,Edd Rd From Seagoville To Garden Grove (Design and ROW only) - VA20,VA20.2,,,5890,5890,0,0,0
2025,Thoroughfares,174,2017 Bonds,Edd Rd From Seagoville To Garden Grove [Design and ROW only] - VA20,VA20.3,2025,2025,470261,617489,147228,0,0
2025,Intergovernmen tal Partnership Projects,174,2024 Bonds,Edd Thoroughfare Expansion (Seagoville to Garden Grove) - Y076,Y076.1,2025,2025,0,7854105,7854105,0,0
2025,Street Reconstruction,174,2017 Bonds,Edelweiss Cir From Hillcrest Rd To End Of Pavement - V279,V279.1,,,111455,111455,0,0,0
2025,Street Reconstruction,174,Other GO CIP - Debt,Edelweiss Cir From Hillcrest Rd To End Of Pavement - V279,V279.2,,,444395,444395,0,0,0
2025,Intergovernmen tal Partnership Projects,175,Other GO CIP - Debt,Elam Road Safe Routes to School - X143,X143.1,,,863159,863159,0,0,0
2025,Street and Alley Improvements,175,2017 Bonds,Elmwood Area Street Lighting - V174,V174.1,,,12161,12161,0,0,0
2025,Complete Street,175,2024 Bonds,Elsie Faye Heggins TOD Connections (2nd to Scyene) - Y063,Y063.1,2025,2025,0,9143137,1365637,0,0
2025,Complete Street,175,2024 Bonds,Ervay Two-Way Conversion Design (I-30 to St. Paul) - Y064,Y064.1,2026,2026,0,450000,0,"450,000",0
2025,Public/Private Development,175,2017 Bonds,Ewing Ave. From I35 E To Clarendon - VA15,VA15.1,,,1351146,1351146,0,0,0
2025,Public/Private Development,175,Other GO CIP - Debt,Ewing Ave. From I35 E To Clarendon - VA15,VA15.2,2025,2025,78374,10655848,10577474,0,0
2025,Target Neighborhood,175,2017 Bonds,Fellows Ln From Saipan St To End Of Pavement - VA03,VA03.1,,,131927,131927,0,0,0
2025,Target Neighborhood,175,Other GO CIP - Debt,Fellows Ln From Saipan St To End Of Pavement - VA03,VA03.2,,,543087,543087,0,0,0
2025,Target Neighborhood,175,2012 Bonds,Fellows Ln From Saipan St To End Of Pavement - VA03,VA03.3,,,5890,5890,0,0,0
2025,Streetscape- Urban Design,175,2017 Bonds,Ferguson Rd And Lakeland Dr Intersection Improvements - V986,V986.1,,,183213,183213,0,0,0
2025,Streetscape- Urban Design,175,Other GO CIP - Debt,Ferguson Rd And Lakeland Dr Intersection Improvements - V986,V986.2,2025,2025,56937,56512,(426),0,0
2025,Streetscape- Urban Design,175,2012 Bonds,Ferguson Rd And Lakeland Dr Intersection Improvements - V986,V986.3,,,5890,5890,0,0,0
2025,Streetscape- Urban Design,175,2017 Bonds,Ferguson Rd From Oates Dr To Lakeland Dr - V987,V987.1,,,192968,192968,0,0,0
2025,Streetscape- Urban Design,175,Other GO CIP - Debt,Ferguson Rd From Oates Dr To Lakeland Dr - V987,V987.2,2025,2025,45347,44922,(426),0,0
2025,Streetscape- Urban Design,175,2012 Bonds,Ferguson Rd From Oates Dr To Lakeland Dr - V987,V987.3,,,5890,5890,0,0,0
2025,Traffic Signals,176,2024 Bonds,Ferguson-Fenwick - Y373,Y373.1,2025,2025,0,1500000,120000,0,0
2025,Traffic Signals,176,2024 Bonds,Ferguson-Graycliff - Y374,Y374.1,2025,2026,0,655000,45000,"610,000",0
2025,Traffic Signals,176,2024 Bonds,Ferris Branch- Whitehurst - Y375,Y375.1,2025,2025,0,655000,75000,0,0
2025,Intergovernmen tal Partnership Projects,176,2024 Bonds,Field and Griffin Complete Street (CD14 Funds) - Y080,Y080.1,2026,2026,0,1000000,0,"1,000,000",0
2025,Traffic Signals,176,2024 Bonds,Fox Creek-Mountain Creek - Y376,Y376.1,2025,2027,0,655000,75000,0,"580,000"
2025,Street Resurfacing,176,2017 Bonds,Frankford Rd from Hillcrest Rd to Coit Rd - V933,V933.1,,,3477738,3477738,0,0,0
2025,Street Resurfacing,176,Other GO CIP - Debt,Frankford Rd from Hillcrest Rd to Coit Rd - V933,V933.2,,,10700,10700,0,0,0
2025,Street Resurfacing,176,2012 Bonds,Frankford Rd from Hillcrest Rd to Coit Rd - V933,V933.3,,,5890,5890,0,0,0
2025,Street Resurfacing,176,2017 Bonds,Frankford Rd from Preston Rd to Hillcrest Rd - V928,V928.1,,,2430064,2430064,0,0,0
2025,Street Resurfacing,176,Other GO CIP - Debt,Frankford Rd from Preston Rd to Hillcrest Rd - V928,V928.2,,,89396,89396,0,0,0
2025,Street Resurfacing,176,2012 Bonds,Frankford Rd from Preston Rd to Hillcrest Rd - V928,V928.3,,,5890,5890,0,0,0
2025,Street and Alley Improvements,176,Other GO CIP - Non-Debt,FY18 Street and Alley Improvement Projec - W222,W222.1,2025,2027,134063896,209201484,1525978,"14,722,322","14,722,322"
2025,Street and Alley Improvements,176,Other GO CIP - Non-Debt,FY20 DWU Fee for Unserved Areas - W647,W647.1,2025,2027,33795452,71601315,180455,"7,525,082","7,525,082"
2025,Intergovernmen tal Partnership Projects,176,2017 Bonds,Garland/Gaston/ East Grand Intersection Safety Improvements - V132,V132.1,2025,2025,315743,1104597,788854,0,0
2025,Intergovernmen tal Partnership Projects,176,2017 Bonds,Garland/Gaston/East Grand Intersection Safety Improvements - V132,V132.2,2025,2025,92426,4931,(87495),0,0
2025,Street Reconstruction,176,2017 Bonds,Geraldine Dr From Kendale Dr To Lombardy Ln - V257,V257.1,,,1269319,1269319,0,0,0
2025,Street Reconstruction,177,Other GO CIP - Debt,Geraldine Dr From Kendale Dr To Lombardy Ln - V257,V257.2,,,38429,38429,0,0,0
2025,Street Reconstruction,177,2012 Bonds,Geraldine Dr From Kendale Dr To Lombardy Ln - V257,V257.3,,,5890,5890,0,0,0
2025,Street Reconstruction,177,2017 Bonds,Gilbert Ave From Oak Lawn Ave To Reagan St - V290,V290.1,2025,2025,139347,135736,(3612),0,0
2025,Street Reconstruction,177,Other GO CIP - Debt,Gilbert Ave From Oak Lawn Ave To Reagan St - V290,V290.2,,,16658,16658,0,0,0
2025,Street Reconstruction,177,2012 Bonds,Gilbert Ave From Oak Lawn Ave To Reagan St - V290,V290.3,,,5890,5890,0,0,0
2025,Street Petitions,177,2017 Bonds,Ginger Ave. - Dacki Ave. To Goldie Ave. - Brandon St. - V182,V182.1,,,248346,248346,0,0,0
2025,Street Petitions,177,Other GO CIP - Debt,Ginger Ave. - Dacki Ave. To Goldie Ave./ Brandon St. (Street) - V182,V182.2,2025,2025,36776,2525742,2488965,0,0
2025,Alley Petitions,177,Other GO CIP - Debt,Glenleigh Dr.- Manning Ln. Existing Pavement To Manchester - V004,V004.1,,,6056,6056,0,0,0
2025,Alley Petitions,177,2012 Bonds,Glenleigh Dr.- Manning Ln. Existing Pavement To Manchester - V004,V004.2,,,5890,5890,0,0,0
2025,Alley Petitions,177,2017 Bonds,Glenleigh Dr.- Manning Ln. Existing Pavement To Manchester - V004,V004.3,,,97248,97248,0,0,0
2025,Traffic Signals,177,2024 Bonds,Great Trinity Forest- Longbranch,anch.1,2026,2027,0,655000,0,"75,000","580,000"
2025,Street Reconstruction,177,2017 Bonds,Greenhollow Ln From Coit Rd To Sapling Way - V280,V280.1,,,150145,150145,0,0,0
2025,Street Reconstruction,177,Other GO CIP - Debt,Greenhollow Ln From Coit Rd To Sapling Way - V280,V280.2,2025,2025,64671,515031,450359,0,0
2025,Street Reconstruction,177,2012 Bonds,Greenhollow Ln From Coit Rd To Sapling Way - V280,V280.3,,,5890,5890,0,0,0
2025,Traffic Signals,177,2024 Bonds,Greenspan- Wheatland,land.1,2027,2027,0,655000,0,0,"75,000"
2025,Traffic Signals,177,2024 Bonds,Greenville- Henderson,rson.1,2027,2027,0,655000,0,0,"75,000"
2025,Street Petitions,178,2024 Bonds,Grove Hill Road from Forney Road to Samuell Blvd - Y431,Y431.1,2026,2027,0,4624898,0,"693,735","3,931,163"
2025,Street Petitions,178,2024 Bonds,Hartsdale Ave from Remond to existing pave north of Tangiers - Y103,Y103.1,2025,2027,0,556354,83116,0,"473,238"
2025,Complete Street,178,2024 Bonds,Harwood - Woodall Rogers To Main (CD14 Funds) - Y065,Y065.1,2025,2027,0,699475,104475,0,"595,000"
2025,Complete Street,178,2024 Bonds,Harwood - Woodall Rogers To Main (CW Funds) - Y066,Y066.1,2025,2027,0,14888825,2223825,0,"12,665,000"
2025,Traffic Signals,178,2024 Bonds,Haskell-Private Driveway - Y380,Y380.1,2025,2025,0,655000,75000,0,0
2025,Intergovernmen tal Partnership Projects,178,1995 Bonds,Hatcher - Haskell To Indus - L194,L194.1,2025,2025,144000,145000,1000,0,0
2025,Traffic Signals,178,2024 Bonds,Haverwood-Pear Ridge,idge.1,2027,2027,0,655000,0,0,"75,000"
2025,Street Reconstruction,178,2017 Bonds,Hay St From Ring St To End Of Pavement - V239,V239.1,,,296543,296543,0,0,0
2025,Target Neighborhood,178,2017 Bonds,Holly Hill from Phoenix to Pineland - S604,S604.1,,,1479734,1479734,0,0,0
2025,Street Petitions,178,2017 Bonds,Hord Ave. - Moler St. To Brandon St. - V181,V181.1,,,163559,163559,0,0,0
2025,Street Petitions,178,Other GO CIP - Debt,Hord Ave. - Moler St. To Brandon St. (Street) - V181,V181.2,2025,2025,17063,1232779,1215716,0,0
2025,Target Neighborhood,178,2017 Bonds,Hughes Lane from Churchill Way to Lafayette Way - S605,S605.1,,,1276822,1276822,0,0,0
2025,Street Reconstruction,178,2017 Bonds,Hughes Ln from Wilderness Ct to Preston Rd - V224,V224.1,,,172012,172012,0,0,0
2025,Street Reconstruction,178,Other GO CIP - Debt,Hughes Ln from Wilderness Ct to Preston Rd - V224,V224.2,,,971909,971909,0,0,0
2025,Streetscape- Urban Design,178,2017 Bonds,Hutchins - Eads/ Colorado to Hutchins/8th - W992,W992.1,2025,2025,472077,1400000,927923,0,0
2025,Street Reconstruction,178,Other GO CIP - Debt,Hutchins - Eads/ Colorado to Hutchins/8th. St Reconstruction - W992,W992.2,,,61285,61285,0,0,0
2025,Intergovernmen tal Partnership Projects,179,2024 Bonds,I-30 East Deep Ellum/ Fair Park Street Grid Improvements,ents.1,,,0,6900000,0,0,0
2025,Traffic Signals,179,2024 Bonds,Illinois/Mountain Creek-Spur408/ Walton Walker,lker.1,2026,2027,0,655000,0,"75,000","580,000"
2025,Traffic Signals,179,2024 Bonds,Illinois-Pierce - Y383,Y383.1,2025,2025,0,75000,75000,0,0
2025,Traffic Signals,179,2024 Bonds,Illinois-Western Park - Y384,Y384.1,2025,2025,0,655000,75000,0,0
2025,Street Resurfacing,179,2006 Bonds,Industrial Blvd - Cadiz St to Continental Ave - U215,U215.1,,,530218,530218,0,0,0
2025,Street Resurfacing,179,2017 Bonds,Industrial Blvd - Cadiz St to Continental Ave - U215,U215.2,,,1829598,1829598,0,0,0
2025,Alley Reconstruction,179,2024 Bonds,Irving Blvd (SH356) Over Elm Fork Trinity River - Y051,Y051.1,2025,2026,0,24750000,3712500,"11,996,996",0
2025,Streetscape- Urban Design,179,2017 Bonds,Jefferson Blvd From Adams Ave To Polk St - V988,V988.1,2025,2025,166738,172108,5370,0,0
2025,Streetscape- Urban Design,179,Other GO CIP - Debt,Jefferson Blvd From Adams Ave To Polk St - V988,V988.2,2025,2025,12805,1323183,1310378,0,0
2025,Complete Street,179,2024 Bonds,Jefferson Complete Street Design (Hampton to Polk) - Y067,Y067.1,2026,2026,0,3000000,0,"3,000,000",0
2025,Target Neighborhood,179,Other GO CIP - Debt,Jefferson/Twelfth Connector Lane Diet/Removal - V990,V990.1,2025,2025,133806,106056,(27750),0,0
2025,Target Neighborhood,179,2012 Bonds,Jefferson/Twelfth Connector Lane Diet/Removal - V990,V990.2,,,5890,5890,0,0,0
2025,Target Neighborhood,179,2017 Bonds,Jefferson-Twelfth Connector Lane Diet-Removal - V990,V990.3,,,4339588,4339588,0,0,0
2025,Traffic Signals,179,2024 Bonds,Jefferson-Van Buren,uren.1,2027,2027,0,655000,0,0,"75,000"
2025,Traffic Signals,179,2024 Bonds,Jim Miller-Piedmont - Y386,Y386.1,2025,2025,0,1235000,655000,0,0
2025,Traffic Signals,179,2024 Bonds,Katy Trail-Knox - Y387,Y387.1,2025,2025,0,655000,655000,0,0
2025,Street Reconstruction,179,2017 Bonds,Kernack St From Phinney Ave To Burns Ave - V237,V237.1,2025,2025,142594,142632,39,0,0
2025,Street Reconstruction,180,Other GO CIP - Debt,Kernack St From Phinney Ave To Burns Ave - V237,V237.2,2025,2025,56353,1089482,1033129,0,0
2025,Complete Street,180,Other GO CIP - Debt,Knox from Katy Trail to US 75 - S408,S408.1,2025,2025,40526,801229,760703,0,0
2025,Complete Street,180,Other GO CIP - Non-Debt,Knox from Katy Trail to US 75 - S408,S408.2,,,201311,201311,0,0,0
2025,Complete Street,180,2012 Bonds,Knox from Katy Trail to US 75 - S408,S408.3,2025,2025,41291,235756,194465,0,0
2025,Complete Street,180,2024 Bonds,La Vista - Paulus To Gaston - Y068,Y068.1,2026,2027,0,1100000,0,"165,000","935,000"
2025,Hike and Bike Trails,180,2012 Bonds,Lake Highlands Trail From White Rock Cre - S617,S617.1,2025,2025,1015375,1966267,950892,0,0
2025,Hike and Bike Trails,180,2017 Bonds,Lake Highlands Trail From White Rock Creek Trail to Skillman - S617,S617.2,,,726394,726394,0,0,0
2025,Traffic Signals,180,2024 Bonds,Lake June-Prichard - Y388,Y388.1,2025,2025,0,655000,75000,0,0
2025,Streetscape- Urban Design,180,Other GO CIP - Debt,Lamar Streetscape Project - W045,W045.1,,,7127,7127,0,0,0
2025,Streetscape- Urban Design,180,2006 Bonds,Lamar Streetscape Project - W045,W045.2,2025,2025,26915,27000,85,0,0
2025,Streetscape- Urban Design,180,2012 Bonds,Lamar Streetscape Project - W045,W045.3,,,5890,5890,0,0,0
2025,Intergovernmen tal Partnership Projects,180,2017 Bonds,LBJ/Skillman Intersection Improvements - V133,V133.1,,,156161,156161,0,0,0
2025,Intergovernmen tal Partnership Projects,180,Other GO CIP - Debt,LBJ/Skillman Intersection Improvements - V133,V133.2,,,14631,14631,0,0,0
2025,Intergovernmen tal Partnership Projects,180,2012 Bonds,LBJ/Skillman Intersection Improvements - V133,V133.3,,,5890,5890,0,0,0
2025,Street Reconstruction,180,2012 Bonds,Ledbetter Dr (E) From Kolloch Dr to Mayf - S454,S454.1,2025,2025,147112,402093,254982,0,0
2025,Street Reconstruction,180,2012 Bonds,Ledbetter Dr (E) From Kolloch Dr to Mayforge Dr - S454,S454.2,,,5890,5890,0,0,0
2025,Street Reconstruction,180,2017 Bonds,Ledbetter Dr (E) From Kolloch Dr to Mayforge Dr - S454,S454.3,,,424351,424351,0,0,0
2025,Street Reconstruction,181,2017 Bonds,Lemmon Ave E from Lemmon Ave E to Oak Grove Ave - V297,V297.1,,,336856,336856,0,0,0
2025,Street Reconstruction,181,Other GO CIP - Debt,Lemmon Ave E from Lemmon Ave E to Oak Grove Ave - V297,V297.2,2025,2025,92364,884144,791781,0,0
2025,Traffic Signals,181,2024 Bonds,Lemmon East-Oak Grove - Y389,Y389.1,2025,2025,0,655000,75000,0,0
2025,Street Petitions,181,2024 Bonds,"Levelland Rd, Duffield Dr To Winding Creek Rd - Y432",Y432.1,2025,2025,0,2779475,416922,0,0
2025,Intergovernmen tal Partnership Projects,181,2024 Bonds,Lovers Ln. Complete Street (Lemmon to Lomo Alto) - Y077,Y077.1,2025,2025,0,6495125,970125,0,0
2025,Bridge Repair and Modification,181,2024 Bonds,Malcolm X Over DART - Y052,Y052.1,2025,2025,0,12750000,1912500,0,0
2025,Street Reconstruction,181,Other GO CIP - Debt,MAPLE AVE FROM 700' SOUTH OF MOCKINGBIRD LN TO MOCKINGBIRD L - S316,S316.1,2025,2025,13760,13382,(378),0,0
2025,Street Reconstruction,181,2017 Bonds,Maple Ave From 700 South Of Mockingbird Ln To Mockingbird Ln - S316,S316.2,2025,2025,1964824,2013561,48737,0,0
2025,Street Reconstruction,181,2017 Bonds,Marfa Ave From Biglow St To Easter Ave - V251,V251.1,,,40671,40671,0,0,0
2025,Street Reconstruction,181,Other GO CIP - Debt,Marfa Ave From Biglow St To Easter Ave - V251,V251.2,2025,2025,53313,967639,914326,0,0
2025,Street Reconstruction,181,2017 Bonds,Marfa Ave from Fernwood Ave to S Lancaster Rd - V201,V201.1,,,44283,44283,0,0,0
2025,Street Reconstruction,181,Other GO CIP - Debt,Marfa Ave from Fernwood Ave to S Lancaster Rd - V201,V201.2,2025,2025,55605,2335595,2279990,0,0
2025,Street Petitions,181,2024 Bonds,Marlborough Ave from Brandon to exist concrete S. of Emmett - Y104,Y104.1,2025,2027,0,1767240,264015,0,"1,503,225"
2025,Intergovernmen tal Partnership Projects,181,2024 Bonds,Martin Luther King Jr. Complete Street - Y082,Y082.1,2026,2026,0,6000000,0,"900,000",0
2025,Traffic Signals,181,2024 Bonds,Matilda-University,sity.1,2027,2027,0,655000,0,0,"75,000"
2025,Street Resurfacing,182,2012 Bonds,Mayforge Dr From Le Forge Ave to E Ledbe -S455,S455.1,,,187653,187653,0,0,0
2025,Street Resurfacing,182,2012 Bonds,Mayforge Dr From Le Forge Ave to E Ledbetter Dr - S455,S455.2,,,5890,5890,0,0,0
2025,Street Resurfacing,182,2017 Bonds,Mayforge Dr From Le Forge Ave to E Ledbetter Dr - S455,S455.3,,,334058,334058,0,0,0
2025,Sidewalk and Barrier Free Ramp Improvements,182,2017 Bonds,Mc Kinney Ave Pedestrian Safety Improvement - V171,V171.1,,,55996,55996,0,0,0
2025,Sidewalk and Barrier Free Ramp Improvements,182,Other GO CIP - Debt,Mc Kinney Ave Pedestrian Safety Improvement - V171,V171.2,2025,2025,700000,837979,137979,0,0
2025,Sidewalk and Barrier Free Ramp Improvements,182,2012 Bonds,Mc Kinney Ave Pedestrian Safety Improvement - V171,V171.3,,,5890,5890,0,0,0
2025,Traffic Signals,182,2024 Bonds,McCree-Plano - Y391,Y391.1,2025,2026,0,655000,75000,"580,000",0
2025,Intergovernmen tal Partnership Projects,182,2017 Bonds,McKinney Ave/Cole Two Way Conversion - V137,V137.1,2025,2025,4094681,4098681,4000,0,0
2025,Intergovernmen tal Partnership Projects,182,Other GO CIP - Debt,McKinney Ave/Cole Two Way Conversion - V137,V137.2,2025,2025,119706,1984050,1864344,0,0
2025,Street Reconstruction,182,2017 Bonds,Meadow Park Dr from Stone Canyon Rd to Regal Park Ln - V225,V225.1,,,1242963,1242963,0,0,0
2025,Street Reconstruction,182,Other GO CIP - Debt,Meadow Park Dr from Stone Canyon Rd to Regal Park Ln - V225,V225.2,,,45569,45569,0,0,0
2025,Street Reconstruction,182,2012 Bonds,Meadow Park Dr from Stone Canyon Rd to Regal Park Ln - V225,V225.3,,,5890,5890,0,0,0
2025,Thoroughfares,182,2017 Bonds,Merit Dr From Clodus Fields Dr To Churchill Way - V311,V311.1,,,3206482,3206482,0,0,0
2025,Thoroughfares,182,Other GO CIP - Debt,Merit Dr From Clodus Fields Dr To Churchill Way - V311,V311.2,2025,2025,86721,83412,(3309),0,0
2025,Thoroughfares,182,2012 Bonds,Merit Dr From Clodus Fields Dr To Churchill Way - V311,V311.3,,,5890,5890,0,0,0
2025,Thoroughfares,183,2017 Bonds,Merit From Church Hill Way To LBJ - V302,V302.1,,,3570349,3570349,0,0,0
2025,Thoroughfares,183,Other GO CIP - Debt,Merit From Church Hill Way To Lbj - V302,V302.2,2025,2025,53935,50152,(3782),0,0
2025,Thoroughfares,183,2012 Bonds,Merit From Church Hill Way To Lbj - V302,V302.3,,,5890,5890,0,0,0
2025,Complete Street,183,2017 Bonds,Military Parkway Complete St (D7) - X039,X039.1,,,200000,200000,0,0,0
2025,Streetscape- Urban Design,183,Other GO CIP - Debt,Military Parkway from Elva Ave to Rockbluff Dr (Complete St) - V989,V989.1,2025,2025,0,2051629,2051629,0,0
2025,Streetscape- Urban Design,183,2017 Bonds,Military Parkway from Elva Ave to Rockbluff Dr (Complete Street) - V989,V989.2,,,493966,493966,0,0,0
2025,Intergovernmen tal Partnership Projects,183,2024 Bonds,Military Pkwy Complete Street (Forney to Buckner) - Y083,Y083.1,2026,2026,0,1000000,0,"1,000,000",0
2025,Sidewalk and Barrier Free Ramp Improvements,183,2024 Bonds,Missing sidewalk on Glencoe St from Martel to Morningside - Y091,Y091.1,2026,2026,0,209600,0,"209,600",0
2025,Street Reconstruction,183,2017 Bonds,Montague Ave from Yewpon Ave to Ramona - V203,V203.1,,,1378121,1378121,0,0,0
2025,Street Reconstruction,183,Other GO CIP - Debt,Montague Ave from Yewpon Ave to Ramona - V203,V203.2,,,73402,73402,0,0,0
2025,Street Reconstruction,183,2012 Bonds,Montague Ave from Yewpon Ave to Ramona - V203,V203.3,,,5890,5890,0,0,0
2025,Thoroughfares,183,2017 Bonds,Morgan Dr From Plaza Blvd To Nandina Dr - V308,V308.1,2025,2025,2458875,2483202,24326,0,0
2025,Thoroughfares,183,Other GO CIP - Debt,Morgan Dr From Plaza Blvd To Nandina Dr - V308,V308.2,,,81284,81284,0,0,0
2025,Thoroughfares,183,2012 Bonds,Morgan Dr From Plaza Blvd To Nandina Dr - V308,V308.3,,,5890,5890,0,0,0
2025,Thoroughfares,183,2017 Bonds,Morrell Ave From Bonnie View Rd To High St - V306,V306.1,,,807857,807857,0,0,0
2025,Thoroughfares,184,2012 Bonds,Morrell Ave From Bonnie View Rd To High St - V306,V306.2,,,5890,5890,0,0,0
2025,Intergovernmen tal Partnership Projects,184,2012 Bonds,Motor St - IH 35E to Medical Center Dr - U222,U222.1,,,5890,5890,0,0,0
2025,Intergovernmen tal Partnership Projects,184,2017 Bonds,Motor St - IH 35E to Medical Center Dr - U222,U222.2,,,861951,861951,0,0,0
2025,Street Reconstruction,184,2017 Bonds,Murray St From Main St To Canton St - V241,V241.1,,,809391,809391,0,0,0
2025,Street Reconstruction,184,2012 Bonds,Murray St From Main St To Canton St - V241,V241.2,,,5890,5890,0,0,0
2025,Street Reconstruction,184,2017 Bonds,Myers Cir from Myers Cir to Elam Rd - V212,V212.1,2025,2025,1056736,1063237,6501,0,0
2025,Street Reconstruction,184,Other GO CIP - Debt,Myers Cir from Myers Cir to Elam Rd - V212,V212.2,,,30432,30432,0,0,0
2025,Street Reconstruction,184,2012 Bonds,Myers Cir from Myers Cir to Elam Rd - V212,V212.3,,,5890,5890,0,0,0
2025,Target Neighborhood,184,2012 Bonds,N Arcadia Dr From S Ira Ave S Tillery Ave - V998,V998.1,,,5890,5890,0,0,0
2025,Street Reconstruction,184,2017 Bonds,N Fitzhugh Ave from McKinney Ave to Cole Ave - V299,V299.1,,,148413,148413,0,0,0
2025,Street Reconstruction,184,2012 Bonds,N Fitzhugh Ave from McKinney Ave to Cole Ave - V299,V299.2,,,5890,5890,0,0,0
2025,Thoroughfares,184,Other GO CIP - Debt,N Fitzhugh Ave from McKinney Ave to Cole Ave - V299,V299.3,,,472,472,0,0,0
2025,Thoroughfares,184,2017 Bonds,N Hall St From Cochran St To Central Expwy Srv Rd - V318,V318.1,,,519329,519329,0,0,0
2025,Thoroughfares,184,Other GO CIP - Debt,N Hall St From Cochran St To Central Expwy Srv Rd - V318,V318.2,,,21465,21465,0,0,0
2025,Thoroughfares,184,2012 Bonds,N Hall St From Cochran St To Central Expwy Srv Rd - V318,V318.3,,,5890,5890,0,0,0
2025,Thoroughfares,184,2017 Bonds,N Hall St From Munger Ave To Cochran St - V317,V317.1,,,592618,592618,0,0,0
2025,Thoroughfares,185,Other GO CIP - Debt,N Hall St From Munger Ave To Cochran St - V317,V317.2,,,22668,22668,0,0,0
2025,Thoroughfares,185,2012 Bonds,N Hall St From Munger Ave To Cochran St - V317,V317.3,,,5890,5890,0,0,0
2025,Complete Street,185,2024 Bonds,N Hall St from N Central Serv W to Oak Grove Ave - Y069,Y069.1,2026,2026,0,500000,0,"500,000",0
2025,Thoroughfares,185,2017 Bonds,N Hall St From Ross Ave To Munger Blvd - V316,V316.1,,,1262384,1262384,0,0,0
2025,Thoroughfares,185,Other GO CIP - Debt,N Hall St From Ross Ave To Munger Blvd - V316,V316.2,2025,2025,60058,59112,(946),0,0
2025,Thoroughfares,185,2012 Bonds,N Hall St From Ross Ave To Munger Blvd - V316,V316.3,,,5890,5890,0,0,0
2025,Target Neighborhood,185,2012 Bonds,N Ira Ave From N Arcadia Dr To W Jefferson Blvd - V999,V999.1,,,5890,5890,0,0,0
2025,Street Reconstruction,185,2017 Bonds,N Lancaster Ave From E. Colorado Blvd To Addison St - V238,V238.1,2025,2025,147026,147188,161,0,0
2025,Street Reconstruction,185,Other GO CIP - Debt,N Lancaster Ave From E. Colorado Blvd To Addison St - V238,V238.2,2025,2025,648105,1228184,580079,0,0
2025,Sidewalk and Barrier Free Ramp Improvements,185,2024 Bonds,N Masters Dr (east side) - Carolina Oaks Dr to Abraham Dr - Y094,Y094.1,2025,2025,0,290199,290199,0,0
2025,Street Reconstruction,185,2017 Bonds,N Morocco Ave From Goodman St To N Justin Ave - V259,V259.1,,,915695,915695,0,0,0
2025,Street Reconstruction,185,2012 Bonds,N Morocco Ave From Goodman St To N Justin Ave - V259,V259.2,,,5890,5890,0,0,0
2025,Street Reconstruction,185,2017 Bonds,N Munger Blvd from Junius St to Gaston Ave - V301,V301.1,,,1623594,1623594,0,0,0
2025,Street Reconstruction,185,Other GO CIP - Debt,N Munger Blvd from Junius St to Gaston Ave - V301,V301.2,2025,2025,39323,39134,(189),0,0
2025,Street Reconstruction,185,2012 Bonds,N Munger Blvd from Junius St to Gaston Ave - V301,V301.3,,,5890,5890,0,0,0
2025,Street Reconstruction,186,2017 Bonds,N Munger Blvd from Tremont St to Worth St - V300,V300.1,,,1042619,1042619,0,0,0
2025,Street Reconstruction,186,Other GO CIP - Debt,N Munger Blvd from Tremont St to Worth St - V300,V300.2,2025,2025,37091,36902,(189),0,0
2025,Street Reconstruction,186,2012 Bonds,N Munger Blvd from Tremont St to Worth St - V300,V300.3,,,5890,5890,0,0,0
2025,Thoroughfares,186,2017 Bonds,N Munger Blvd From Worth St To Junius St - V319,V319.1,,,859585,859585,0,0,0
2025,Thoroughfares,186,Other GO CIP - Debt,N Munger Blvd From Worth St To Junius St - V319,V319.2,2025,2025,12806,12617,(189),0,0
2025,Thoroughfares,186,2012 Bonds,N Munger Blvd From Worth St To Junius St - V319,V319.3,,,5890,5890,0,0,0
2025,Streetscape- Urban Design,186,2017 Bonds,N PEARL ST / FLORA ST STREETSCAPE AND PEDESTRIAN IMPROVEMENT - V982,V982.1,,,0,0,0,0,0
2025,Streetscape- Urban Design,186,2017 Bonds,N Pearl St/Flora St Streetscape & Pedestrian Improvements - V982,V982.2,2025,2025,106848,1030715,923866,0,0
2025,Street Reconstruction,186,2017 Bonds,N Walton St From Elm St To End Of Pavement - V242,V242.1,,,666633,666633,0,0,0
2025,Street Reconstruction,186,2017 Bonds,Nagle St from Denton Dr to Overlake Dr - V209,V209.1,,,1877479,1877479,0,0,0
2025,Street Reconstruction,186,Other GO CIP - Debt,Nagle St from Denton Dr to Overlake Dr - V209,V209.2,,,50968,50968,0,0,0
2025,Street Reconstruction,186,2012 Bonds,Nagle St from Denton Dr to Overlake Dr - V209,V209.3,,,5890,5890,0,0,0
2025,Target Neighborhood,186,Other GO CIP - Debt,North Boulevard Terrace Extension/ Bridget To Plymouth - V991,V991.1,2025,2025,92435,6025503,5933069,0,0
2025,Target Neighborhood,186,2017 Bonds,North Boulevard Terrace Extension- Bridget To Plymouth - V991,V991.2,2025,2025,552388,722656,170268,0,0
2025,Street Resurfacing,186,2017 Bonds,Northaven Rd from Marsh Ln to Cox Ln - V568,V568.1,,,0,0,0,0,0
2025,Street Reconstruction,187,2017 Bonds,Northcreek Ln from L B J Serv N to End of Pavement - V227,V227.1,2025,2025,810699,832482,21783,0,0
2025,Street Reconstruction,187,Other GO CIP - Debt,Northcreek Ln from L B J Serv N to End of Pavement - V227,V227.2,,,43022,43022,0,0,0
2025,Street Reconstruction,187,2012 Bonds,Northcreek Ln from L B J Serv N to End of Pavement - V227,V227.3,,,5890,5890,0,0,0
2025,Intergovernmen tal Partnership Projects,187,2017 Bonds,Northwest Highway/ Preston Parking/ Transportation Interface - V141,V141.1,2025,2025,17649,10007616,9989967,0,0
2025,Intergovernmen tal Partnership Projects,187,2017 Bonds,Northwest Highway/ Preston Parking/ Transportation Interface - V141,V141.2,,,5222,5222,0,0,0
2025,Alley Petitions,187,Other GO CIP - Debt,Palo Pinto Ave. And Velasco Ave - Concho St. To Skillman St - V006,V006.1,,,43709,43709,0,0,0
2025,Alley Petitions,187,2012 Bonds,Palo Pinto Ave. And Velasco Ave - Concho St. To Skillman St - V006,V006.2,,,5890,5890,0,0,0
2025,Alley Petitions,187,2017 Bonds,Palo Pinto Ave. And Velasco Ave - Concho St. To Skillman St - V006,V006.3,2025,2025,122537,120078,(2458),0,0
2025,Street and Alley Improvements,187,2012 Bonds,Park Row Ave From South Central Expy to Jeffries St-Lighting - V175,V175.1,,,5890,5890,0,0,0
2025,Street and Alley Improvements,187,2017 Bonds,Park Row Ave From South Central Expy to Jeffries St-Lighting - V175,V175.2,,,8233,8233,0,0,0
2025,Traffic Signals,187,2024 Bonds,Pastor Bailey-Red Bird - Y392,Y392.1,2025,2026,0,655000,75000,"580,000",0
2025,Complete Street,187,2024 Bonds,Peak Complete Street (Lemmon/ Haskell to Parry) - Y070,Y070.1,2025,2025,0,22110000,3316500,0,0
2025,Street Lighting,187,2024 Bonds,Peaks Addition Historic Lighting,ting.1,2027,2027,0,1323100,0,0,"140,000"
2025,Street Resurfacing,187,2017 Bonds,Pearson Dr from Avalon Ave to Lakewood Blvd - V702,V702.1,,,0,0,0,0,0
2025,Streetscape- Urban Design,188,2017 Bonds,Pedestrian Way On Elm St Between Ervay - Stone St - U748,U748.1,,,0,0,0,0,0
2025,Street Reconstruction,188,2024 Bonds,Peyton Drive from Meandering Way to Spring Valley Road - Y145,Y145.1,2025,2025,0,3404239,510636,0,0
2025,Target Neighborhood,188,2017 Bonds,Phoenix from Fair Oaks to Holly Hill - S609,S609.1,,,953321,953321,0,0,0
2025,Intergovernmen tal Partnership Projects,188,2017 Bonds,Prairie Creek Bridge over UPRR Tracks - V143,V143.1,,,808498,808498,0,0,0
2025,Intergovernmen tal Partnership Projects,188,Other GO CIP - Debt,Prairie Creek Bridge over UPRR Tracks - V143,V143.2,,,68449,68449,0,0,0
2025,Traffic Signals,188,2024 Bonds,Preston Royal SC- Royal,oyal.1,2027,2027,0,655000,0,0,"75,000"
2025,Public Art,188,2024 Bonds,Public Art Admin - Street and Transportation - PA69,PA69.1,2025,2025,0,14548,14548,0,0
2025,Public Art,188,2024 Bonds,Public Art Projects - Street and Transportation - PA68,PA68.1,2025,2025,0,58190,58190,0,0
2025,Streetscape- Urban Design,188,2024 Bonds,Quiet Zones - Y089,Y089.1,,,25000,525000,0,0,0
2025,Street Reconstruction,188,2017 Bonds,Rayenell Ave from Hodde St to CF Hawn Serv S - V205,V205.1,,,2035762,2035762,0,0,0
2025,Street Reconstruction,188,Other GO CIP - Debt,Rayenell Ave from Hodde St to CF Hawn Serv S - V205,V205.2,,,29155,29155,0,0,0
2025,Street Reconstruction,188,2012 Bonds,Rayenell Ave from Hodde St to CF Hawn Serv S - V205,V205.3,,,5890,5890,0,0,0
2025,Street Petitions,188,2017 Bonds,Ridgecrest Rd. - Holly Hill Dr. To Sopac Tr E Of Eastridge - V186,V186.1,,,728996,728996,0,0,0
2025,Street Petitions,188,Other GO CIP - Debt,Ridgecrest Rd. - Holly Hill Dr. To Sopac Tr E Of Eastridge - V186,V186.2,2025,2025,61873,5459773,5397900,0,0
2025,Street Reconstruction,188,2017 Bonds,Ridgedale Ave from McMillan Ave to Worcola St - V234,V234.1,,,35266,35266,0,0,0
2025,Street Reconstruction,189,Other GO CIP - Debt,Ridgedale Ave from McMillan Ave to Worcola St - V234,V234.2,2025,2025,0,744870,744870,0,0
2025,Intergovernmen tal Partnership Projects,189,2017 Bonds,Riverfront From Uppr Tracks To Cadiz - V134,V134.1,,,4661688,4661688,0,0,0
2025,Intergovernmen tal Partnership Projects,189,2012 Bonds,Riverfront From Uppr Tracks To Cadiz - V134,V134.2,2025,2025,0,131167,131167,0,0
2025,Intergovernmen tal Partnership Projects,189,2017 Bonds,Riverfront From Uppr Tracks To Cadiz - V134,V134.3,,,6957,6957,0,0,0
2025,Street Reconstruction,189,2017 Bonds,Rolling Rock Ln from Hackney Ln to Fern Hollow Dr - V220,V220.1,,,1221989,1221989,0,0,0
2025,Street Reconstruction,189,Other GO CIP - Debt,Rolling Rock Ln from Hackney Ln to Fern Hollow Dr - V220,V220.2,,,8076,8076,0,0,0
2025,Street Reconstruction,189,2012 Bonds,Rolling Rock Ln from Hackney Ln to Fern Hollow Dr - V220,V220.3,,,5890,5890,0,0,0
2025,Target Neighborhood,189,2017 Bonds,Rosemont Rd From Buckner To Hillburn - V996,V996.1,,,2119285,2119285,0,0,0
2025,Target Neighborhood,189,Other GO CIP - Debt,Rosemont Rd From Buckner To Hillburn - V996,V996.2,,,1553,1553,0,0,0
2025,Target Neighborhood,189,2012 Bonds,Rosemont Rd From Buckner To Hillburn - V996,V996.3,,,5890,5890,0,0,0
2025,Target Neighborhood,189,2017 Bonds,Rosemont Rd From Hillburn To Jim Miller - V997,V997.1,,,6267052,6267052,0,0,0
2025,Target Neighborhood,189,Other GO CIP - Debt,Rosemont Rd From Hillburn To Jim Miller - V997,V997.2,,,63553,63553,0,0,0
2025,Target Neighborhood,189,2012 Bonds,Rosemont Rd From Hillburn To Jim Miller - V997,V997.3,,,5890,5890,0,0,0
2025,Intergovernmen tal Partnership Projects,189,2024 Bonds,Ross Ave from IH345 to N Haskell Ave - Y078,Y078.1,2025,2025,0,599550,89550,0,0
2025,Sidewalk and Barrier Free Ramp Improvements,189,2024 Bonds,S Cockrell Hill Rd (west side)-Alley S of Image to Briarglen - Y095,Y095.1,2025,2025,0,437704,437704,0,0
2025,Street Reconstruction,189,2017 Bonds,S Murdeaux Ln from Great Trinity Forest Way to Olusta Dr - V214,V214.1,,,894468,894468,0,0,0
2025,Street Reconstruction,190,2012 Bonds,S Murdeaux Ln from Great Trinity Forest Way to Olusta Dr - V214,V214.2,,,5890,5890,0,0,0
2025,Street Reconstruction,190,2017 Bonds,S Patton Ave from E 10th St to E. Jefferson Blvd - V190,V190.1,,,525687,525687,0,0,0
2025,Intergovernmen tal Partnership Projects,190,2024 Bonds,San Jacinto Complete Street (Lamar to Ross) - Y071,Y071.1,2026,2026,0,6900000,0,"1,035,000",0
2025,Street Reconstruction,190,2017 Bonds,San Jacinto St From N Pearl St To Crockett St - V291,V291.1,,,133514,133514,0,0,0
2025,Street Reconstruction,190,Other GO CIP - Debt,San Jacinto St From N Pearl St To Crockett St - V291,V291.2,2025,2025,24221,651449,627227,0,0
2025,Sidewalk and Barrier Free Ramp Improvements,190,2024 Bonds,San Jose Dr from Avon St to Chevez Dr - Y092,Y092.1,2026,2026,0,351866,0,"351,866",0
2025,Street Reconstruction,190,2017 Bonds,Sapling Way From Clearsprings Rd To Greenhollow Ln - V281,V281.1,,,168399,168399,0,0,0
2025,Street Reconstruction,190,Other GO CIP - Debt,Sapling Way From Clearsprings Rd To Greenhollow Ln - V281,V281.2,2025,2025,31980,254841,222861,0,0
2025,Street Reconstruction,190,2012 Bonds,Sapling Way From Clearsprings Rd To Greenhollow Ln - V281,V281.3,,,5890,5890,0,0,0
2025,Street Reconstruction,190,2017 Bonds,Shaw St from Navaro St to Harston St - V210,V210.1,2025,2025,1516025,1516051,25,0,0
2025,Street Reconstruction,190,Other GO CIP - Debt,Shaw St from Navaro St to Harston St - V210,V210.2,,,46696,46696,0,0,0
2025,Street Reconstruction,190,2012 Bonds,Shaw St from Navaro St to Harston St - V210,V210.3,,,5890,5890,0,0,0
2025,Intergovernmen tal Partnership Projects,190,2024 Bonds,Shorecrest Thoroughfare Expansion (Harry Hines to Lemmon) - Y079,Y079.1,2026,2026,0,2500000,0,"375,000",0
2025,Sidewalk and Barrier Free Ramp Improvements,190,2024 Bonds,Sidewalk (leave outs) (east side only) on Easton Road - Y096,Y096.1,2025,2025,0,88613,88613,0,0
2025,Sidewalk and Barrier Free Ramp Improvements,191,2024 Bonds,Sidewalk Cost Share Program - Y093,Y093.1,2025,2027,0,10750000,2150000,"2,150,000","2,150,000"
2025,Sidewalk and Barrier Free Ramp Improvements,191,2024 Bonds,Sidewalk Improvements in CD11 (CD11 Funds) - Y088,Y088.1,2026,2026,0,144886,0,"144,886",0
2025,Sidewalk and Barrier Free Ramp Improvements,191,2024 Bonds,Sidewalk Improvements in CD11 (CDSF Funds) - Y053,Y053.1,2026,2026,0,1000000,0,"1,000,000",0
2025,Sidewalk and Barrier Free Ramp Improvements,191,2024 Bonds,Sidewalk leave outs Haines (east side) - Neches to Wickford - Y097,Y097.1,2025,2025,0,25840,25840,0,0
2025,Sidewalk and Barrier Free Ramp Improvements,191,2024 Bonds,Sidewalk leave outs Woodlawn (east side) Neches to Wickford - Y098,Y098.1,2025,2025,0,107644,107644,0,0
2025,Sidewalk and Barrier Free Ramp Improvements,191,Other Transportation Capital,Sidewalk Master Plan - X028,X028.1,2025,2025,9999530,10000000,470,0,0
2025,Public/Private Development,191,2017 Bonds,Skillman at Walnut Hill (Complete Street) -VA22,VA22.1,2025,2025,0,209747,209747,0,0
2025,Traffic Intersection Capacity & Safety Improvements,191,2024 Bonds,Skillman Street from Live Oak St to E Mockingbird Ln - Y436,Y436.1,2025,2026,0,500000,50000,"450,000",0
2025,Intergovernmen tal Partnership Projects,191,2024 Bonds,Skillman Streetscape Improvements- Walnut Hill to Forest- CD10 - Y084,Y084.1,2026,2026,0,2000000,0,"300,000",0
2025,Intergovernmen tal Partnership Projects,191,2024 Bonds,Skillman Streetscape Improvements- Walnut Hill to Forest- CDSF - Y085,Y085.1,2026,2026,0,2000000,0,"300,000",0
2025,Intergovernmen tal Partnership Projects,191,2024 Bonds,Skillman Streetscape Improvements- Walnut Hill to Forest- CW - Y086,Y086.1,2026,2026,0,1000000,0,"150,000",0
2025,Street and Alley Improvements,191,2017 Bonds,South Blvd From South Central Expy To Meadow St Lighting - V176,V176.1,,,10905,10905,0,0,0
2025,Thoroughfares,191,2006 Bonds,State-Thomas - McKinney Ave. - T535,T535.1,2025,2025,2677475,2787883,110408,0,0
2025,Street and Alley Improvements,192,Other GO CIP - Non-Debt,Street and Alley Improvement Project - I - W913,W913.1,2025,2027,5590799,55970987,380189,"10,000,000","10,000,000"
2025,Street Lighting,192,2017 Bonds,"Street Illumination Construction, Replacement, or Upgrade - VA41",VA41.1,2025,2025,207642,2129140,1921498,0,0
2025,Street Reconstruction,192,2017 Bonds,"Street Illumination Construction, Replacement, or Upgrade - VA41",VA41.2,2025,2025,220860,20860,(200000),0,0
2025,Street Lighting,192,2024 Bonds,Street Lighting Projects - Citywide,wide.1,,,0,750000,0,0,0
2025,Street and Alley Improvements,192,2017 Bonds,Street Lights At Parkdale Dr And Lawnview Ave - V177,V177.1,,,16413,16413,0,0,0
2025,Street and Alley Improvements,192,2017 Bonds,Street Lights Within Claremont Neighborhood - V179,V179.1,,,4406,4406,0,0,0
2025,Street Reconstruction,192,2024 Bonds,Streets - 2024 Bond Projects Reserve - Y476,Y476.1,2025,2025,0,3778175,3778175,0,0
2025,Street Resurfacing,192,2024 Bonds,"Streets, Sidewalks, Alleys, Other - CDSF Project-CD7 - Y056",Y056.1,2025,2025,0,500000,500000,0,0
2025,Street Resurfacing,192,2024 Bonds,"Streets, Sidewalks, Alleys, Other - CDSF Project-CD8 - Y057",Y057.1,2025,2025,0,1000000,1000000,0,0
2025,Street Resurfacing,192,2024 Bonds,TBD - CD14 Street Proposition Projects - Y475,Y475.1,2027,2027,0,100000,0,0,"100,000"
2025,Intergovernmen tal Partnership Projects,192,2024 Bonds,The Bottom Phase III - Local Match - Y087,Y087.1,2025,2025,0,916312,136862,0,0
2025,Traffic Signals,192,2024 Bonds,Traffic Signal and Technology Upgrades - Y363,Y363.1,2025,2027,0,16575000,1825000,"1,550,000","2,300,000"
2025,Traffic Intersection Capacity & Safety Improvements,192,2017 Bonds,Traffic Signal Construction - VA40,VA40.1,2025,2025,5790998,10000000,4209002,0,0
2025,Traffic Intersection Capacity & Safety Improvements,192,2017 Bonds,Traffic Signal Infrastrucure Asset Management - VA42,VA42.1,2025,2025,0,350000,350000,0,0
2025,Public/Private Development,192,2017 Bonds,Traffic Signal Installations - VA28,VA28.1,2025,2025,13919840,16790117,2870277,0,0
2025,Public/Private Development,193,2017 Bonds,Traffic Signal Synchronization Project - VA27,VA27.1,2025,2025,4192154,7548725,3356571,0,0
2025,Hike and Bike Trails,193,2012 Bonds,Trinity River Trail From Sylvan to Moore - S623,S623.1,2025,2025,4027189,4112420,85231,0,0
2025,Hike and Bike Trails,193,2012 Bonds,Trinity River Trail From Sylvan to Moore - S624,S624.1,2025,2025,0,275565,275565,0,0
2025,Street Petitions,193,2017 Bonds,Trojan St. - Burma Rd. To Fellows Ln. - V185,V185.1,,,195204,195204,0,0,0
2025,Street Petitions,193,Other GO CIP - Debt,Trojan St. - Burma Rd. To Fellows Ln. (Street) - V185,V185.2,,,1035485,1035485,0,0,0
2025,Street Petitions,193,2012 Bonds,Trojan St. - Burma Rd. To Fellows Ln. (Street) - V185,V185.3,,,5890,5890,0,0,0
2025,Traffic Intersection Capacity & Safety Improvements,193,2024 Bonds,Tyler-Sylvan- Colorado Intersection Realignment,ment.1,2026,2027,0,3930000,0,"400,000","3,530,000"
2025,Target Neighborhood,193,2017 Bonds,Upton St From I-35 E To 12th St - V995,V995.1,,,154266,154266,0,0,0
2025,Target Neighborhood,193,Other GO CIP - Debt,Upton St From I-35 E To 12Th St - V995,V995.2,2025,2025,456895,617330,160435,0,0
2025,Street Lighting,193,2024 Bonds,Uptown - Woodall Rodgers to Olive - Y101,Y101.1,2025,2027,0,544192,55000,0,"489,192"
2025,Intergovernmen tal Partnership Projects,193,2017 Bonds,US 75/ Mockingbird/ Lovers Lane Pedestrian Improvements-V144,V144.1,,,5897,5897,0,0,0
2025,Intergovernmen tal Partnership Projects,193,2012 Bonds,Us 75/Mockingbird/ Lovers Lane Pedestrian Improvements - V144,V144.2,,,5890,5890,0,0,0
2025,Intergovernmen tal Partnership Projects,193,2017 Bonds,UT Southwestern Medical District - V140,V140.1,2025,2025,15211,7515211,7500000,0,0
2025,Street Reconstruction,193,2017 Bonds,Vanette Ln From Fitzsimmons Dr To S Marsalis Ave - V253,V253.1,,,793885,793885,0,0,0
2025,Street Reconstruction,193,Other GO CIP - Debt,Vanette Ln From Fitzsimmons Dr To S Marsalis Ave - V253,V253.2,,,119883,119883,0,0,0
2025,Street Reconstruction,193,2012 Bonds,Vanette Ln From Fitzsimmons Dr To S Marsalis Ave - V253,V253.3,,,5890,5890,0,0,0
2025,Traffic Intersection Capacity & Safety Improvements,194,2024 Bonds,Vision Zero Projects - CD5 - CD5 Funds - Y473,Y473.1,2025,2025,0,65324,65324,0,0
2025,Traffic Intersection Capacity & Safety Improvements,194,2024 Bonds,Vision Zero Projects - CD5 - CDSF Funds - Y474,Y474.1,2025,2026,0,547100,45000,"502,100",0
2025,Traffic Intersection Capacity & Safety Improvements,194,2024 Bonds,Vision Zero Projects - Citywide - Y438,Y438.1,2025,2027,0,7999999,624531,"800,000","900,000"
2025,Street Reconstruction,194,2017 Bonds,W 12th St from Briscoe Blvd to Hampton Rd - V192,V192.1,,,129506,129506,0,0,0
2025,Street Reconstruction,194,Other GO CIP - Debt,W 12th St from Briscoe Blvd to Hampton Rd - V192,V192.2,2025,2025,39259,723941,684682,0,0
2025,Street Petitions,194,2024 Bonds,W Ricks Circle from Tibbs St to Northaven Road - Y105,Y105.1,2025,2027,0,1106121,165213,0,"940,908"
2025,Traffic Signals,194,2017 Bonds,Walnut Hill and White Rock Trail Signal - VA43,VA43.1,,,243999,243999,0,0,0
2025,Intergovernmen tal Partnership Projects,194,2017 Bonds,Walnut St at Whispering Hills - VA45,VA45.1,2025,2025,0,138002,138002,0,0
2025,Street Reconstruction,194,2017 Bonds,Waneta Dr From Robin Rd To Inwood Rd - V244,V244.1,,,100047,100047,0,0,0
2025,Street Reconstruction,194,Other GO CIP - Debt,Waneta Dr From Robin Rd To Inwood Rd - V244,V244.2,2025,2025,40851,420771,379920,0,0
2025,Thoroughfares,194,2017 Bonds,Webb Chapel Rd From Silverton Dr To Northaven Rd - V313,V313.1,2025,2025,5086055,5247501,161446,0,0
2025,Thoroughfares,194,Other GO CIP - Debt,Webb Chapel Rd From Silverton Dr To Northaven Rd - V313,V313.2,2025,2025,76373,71645,(4728),0,0
2025,Thoroughfares,194,2012 Bonds,Webb Chapel Rd From Silverton Dr To Northaven Rd - V313,V313.3,,,5890,5890,0,0,0
2025,Street Resurfacing,194,Other GO CIP - Debt,WEST DALLAS GATEWAY - S399,S399.1,2025,2025,143759,41541785,41398026,0,0
2025,Street Resurfacing,194,2012 Bonds,WEST DALLAS GATEWAY - S399,S399.2,,,5890,5890,0,0,0
2025,Street Resurfacing,195,2017 Bonds,WEST DALLAS GATEWAY - S399,S399.3,,,3213105,3213105,0,0,0
2025,Target Neighborhood,195,Other GO CIP - Debt,Westshore - Santa Fe Tr - Alley N Of Coronado (Rw/Dng & Sw) - VA07,VA07.1,,,26365,26365,0,0,0
2025,Target Neighborhood,195,2012 Bonds,Westshore - Santa Fe Tr - Alley N Of Coronado (Rw/Dng & Sw) - VA07,VA07.2,,,5890,5890,0,0,0
2025,Target Neighborhood,195,2017 Bonds,Westshore - Santa Fe Trail - Alley North Of Coronado - VA07,VA07.3,2025,2025,214155,213217,(938),0,0
2025,Intergovernmen tal Partnership Projects,195,2017 Bonds,Wheatland Road From City Limits To University Hills - V145,V145.1,,,1088997,1088997,0,0,0
2025,Intergovernmen tal Partnership Projects,195,Other GO CIP - Debt,Wheatland Road From City Limits To University Hills - V145,V145.2,2025,2025,452503,585152,132649,0,0
2025,Hike and Bike Trails,195,2024 Bonds,White Rock Trail Project - CDSF Project-CD9 (Prop A) - Y060,Y060.1,2025,2025,0,500000,500000,0,0
2025,Street Reconstruction,195,2017 Bonds,Woodmeadow From La Prada West To The End - S320,S320.1,,,3734159,3734159,0,0,0
2025,Street Reconstruction,195,2012 Bonds,WOODMEADOW FROM LA PRADA WEST TO THE END OF DIVIDED ROADWAY - S320,S320.2,,,70151,70151,0,0,0
2025,Traffic Signals,195,2024 Bonds,Worcola-University Crossing Trail - Y394,Y394.1,2025,2026,0,655000,75000,"580,000",0
2025,Sidewalk and Barrier Free Ramp Improvements,195,2017 Bonds,Wright Street From S. Oak Cliff To Edgefield - V154,V154.1,,,223636,223636,0,0,0
2025,Sidewalk and Barrier Free Ramp Improvements,195,Other GO CIP - Debt,Wright Street From S. Oak Cliff To Edgefield - V154,V154.2,2025,2025,0,680837,680837,0,0
2025,Sidewalk and Barrier Free Ramp Improvements,195,2012 Bonds,Wright Street From S. Oak Cliff To Edgefield - V154,V154.3,,,5890,5890,0,0,0
2025,Street Petitions,195,Other GO CIP - Debt,Dirk St. - Alley South Of Martel Ave. To Martel Ave. (St) - V187,V187.2,,,13704,13704,0,0,0
2025,Bridge Repair and Modification,196,Other GO CIP - Debt,Critical Bridges- Marsh Lane over Furneaux Creek Bridge Repa - VA32,VA32.1,,,231,231,0,0,0
2025,Sidewalk and Barrier Free Ramp Improvements,196,2012 Bonds,Coombs Creek SUP Sidewalk from W Jefferson Blvd to W Clarend - X225,X225.1,2025,2025,0,120000,120000,0,0
2025,Sidewalk and Barrier Free Ramp Improvements,196,2012 Bonds,Boedecker Street / St. Michaels Drive Sidewalk and Bicycle - X226,X226.1,2025,2025,0,80000,80000,0,0
2025,Street Resurfacing,196,2024 Bonds,"Streets, Sidewalks, Alleys, Other - CDSF Project-CD4 - Y054",Y054.1,2027,2027,0,50000,0,0,"50,000"
2025,Street Resurfacing,196,2024 Bonds,"Streets, Sidewalks, Alleys, Other - CDSF Project-CD6 - Y059",Y059.1,2027,2027,0,1000000,0,0,"1,000,000"
2025,Street Resurfacing,196,2024 Bonds,"6300 Oakleaf Rd, 6300 Pineview Rd - Y314",Y314.1,2026,2026,0,622308,0,"622,308",0
2025,Street Resurfacing,196,2024 Bonds,"9700 Springtree Ln, 9700-9800 Summerwood Cir - Y360",Y360.1,2026,2026,0,712706,0,"712,706",0
2025,Street Petitions,196,2024 Bonds,"Creek Bend Dr, Davenport Rd To Frankford Rd - Y430",Y430.1,2026,2027,0,1467180,0,"220,077","1,247,103"
2025,Street Reconstruction,196,2024 Bonds,Street Reconstruction & Resurfacing - X233,X233.1,2026,2026,0,2077103,0,"2,077,103",0
2025,Street Reconstruction,196,2017 Bonds,Street Reconstruction & Resurfacing - X233,X233.2,2026,2026,0,13423018,0,"13,423,018",0
2025,Water Treatment Plants and Associated Facilities,201,Water Capital Program,2027 Water Revenue Bonds - X209,X209.1,2027,2027,0,34000000,0,0,"34,000,000"
2025,Water Treatment Plants and Associated Facilities,201,Water Capital Program,2028 Water Revenue Bonds - X210,X210.1,,,0,34000000,0,0,0
2025,Relocations in Advance of Paving,201,Sewer Capital Program,86-87 Ws Rev Bond Complete - 8670,8670.1,2025,2025,0,7144857,7144857,0,0
2025,"Service Centers, Offices, and Research Facilities",201,Sewer Capital Program,Administrative Order - CS96,CS96.1,2025,2025,29035933,33038136,4002203,0,0
2025,"Service Centers, Offices, and Research Facilities",201,Water Capital Program,AMR - P291,P291.1,2025,2025,3763449,5000000,1236551,0,0
2025,Water Treatment Plants and Associated Facilities,201,Water Capital Program,Bachman Water Tr Pl - Facs - CW30,CW30.1,2025,2025,36278424,36983503,705079,0,0
2025,Water Treatment Plants and Associated Facilities,201,Water Capital Program,Bachman Water Tr Pl - Facs - PW30,PW30.1,2025,2027,102128037,295280753,20952716,"21,400,000","60,000,000"
2025,Water Treatment Plants and Associated Facilities,202,Water Capital Program,Bachman Water Tr Pl - Facs - PW30,PW30.2,2025,2027,24023188,195528168,3104980,"10,000,000","15,400,000"
2025,Wastewater Treatment Plants and Associated Facilities,202,Sewer Capital Program,Central Ww Tr - BS30,BS30.1,2025,2025,0,595000,595000,0,0
2025,Wastewater Treatment Plants and Associated Facilities,202,Sewer Capital Program,Central Ww Treat Pl - Faci - PS30,PS30.1,2025,2025,119448782,119512982,64200,0,0
2025,Wastewater Treatment Plants and Associated Facilities,202,Sewer Capital Program,Central Ww Treat Pl - Faci - PS30,PS30.2,2025,2025,27382651,28118162,735511,0,0
2025,Wastewater Treatment Plants and Associated Facilities,202,Sewer Capital Program,Central Ww Treat Pl - Faci - PS30,PS30.3,2025,2027,51553268,94055870,27502602,0,"15,000,000"
2025,Wastewater Treatment Plants and Associated Facilities,202,Sewer Capital Program,Central Ww Treat Pl - Faci - PS30,PS30.4,2025,2025,238656101,304908053,66251952,0,0
2025,Wastewater Treatment Plants and Associated Facilities,202,Sewer Capital Program,Central Ww Treat Pl - Faci - PS30,PS30.5,2026,2026,28116821,38116821,0,"5,000,000",0
2025,Wastewater Treatment Plants and Associated Facilities,202,Sewer Capital Program,Central Ww Treat Pl - Facs - 8243,8243.1,2025,2025,0,47651991,47651991,0,0
2025,Wastewater Treatment Plants and Associated Facilities,202,Sewer Capital Program,Central Ww Treat Pl- Facs - CS30,CS30.1,2025,2025,61852099,63422504,1570405,0,0
2025,Water Treatment Plants and Associated Facilities,202,Water Capital Program,East Side Water Tr Pl - Fa - CW32,CW32.1,2025,2025,45637763,48391738,2753975,0,0
2025,Water Treatment Plants and Associated Facilities,203,Water Capital Program,East Side Water Tr Pl - Fa - PW32,PW32.1,2025,2026,278974019,471212018,146587999,"27,400,000",0
2025,Water Treatment Plants and Associated Facilities,203,Water Capital Program,East Side Water Tr Pl - Fa - PW32,PW32.2,2025,2025,49980631,51794866,1814235,0,0
2025,Water Treatment Plants and Associated Facilities,203,Water Capital Program,Elm Fork Water Tr Pl - Fac - CW31,CW31.1,2025,2025,105525353,107117341,1591988,0,0
2025,Water Treatment Plants and Associated Facilities,203,Water Capital Program,Elm Fork Water Tr Pl - Fac - PW31,PW31.1,2025,2027,359335655,731326438,172190783,"34,800,000","90,000,000"
2025,Water Treatment Plants and Associated Facilities,203,Water Capital Program,Elm Fork Water Tr Pl - Fac - PW31,PW31.2,2025,2025,4903527,5049369,145842,0,0
2025,Water Treatment Plants and Associated Facilities,203,Water Capital Program,Elm Fork Water Tr Pl - Fac - PW31,PW31.3,2025,2027,33923610,238450000,6276390,"56,000,000","14,100,000"
2025,Homeowner Extensions and Unserved Areas,203,Sewer Capital Program,Future Development Initiatives - Wastewater - CS97,CS97.1,2025,2025,0,8500000,8500000,0,0
2025,Homeowner Extensions and Unserved Areas,203,Water Capital Program,Future Development Initiatives - Water - CW97,CW97.1,2025,2025,0,8500000,8500000,0,0
2025,Homeowner Extensions and Unserved Areas,203,Sewer Capital Program,Home-Unserv Exten - Improv - CS41,CS41.1,2025,2027,27956849,47119984,12913135,"1,250,000","1,250,000"
2025,Homeowner Extensions and Unserved Areas,203,Water Capital Program,Home-Unserv Exten - Improv - CW41,CW41.1,2025,2027,123001839,128444326,(4057513),"1,900,000","1,900,000"
2025,Relocations in Advance of Paving,203,Sewer Capital Program,Home-Unserv Exten & Improv - PS41,PS41.1,2025,2025,11000,129565,118565,0,0
2025,Homeowner Extensions and Unserved Areas,204,Water Capital Program,Home-Unserv Exten & Improv - PW41,PW41.1,2025,2025,0,500000,500000,0,0
2025,"Mains, Pump Stations, and Associated Facilities",204,Sewer Capital Program,Mains Intercept - Lift Sta - PS40,PS40.1,2025,2027,472110684,1059828604,277552920,"69,240,000","50,025,000"
2025,"Mains, Pump Stations, and Associated Facilities",204,Sewer Capital Program,Mains Intercept - Lift Sta - PS40,PS40.2,2025,2025,66212364,69295599,3083236,0,0
2025,"Mains, Pump Stations, and Associated Facilities",204,Sewer Capital Program,Mains Intercept & Lift Sta - BS40,BS40.1,2025,2025,0,1822024,1822024,0,0
2025,"Mains, Pump Stations, and Associated Facilities",204,Sewer Capital Program,Mains Interecpt - Lift Sta - CS40,CS40.1,2025,2027,161966571,200982432,8515861,"7,100,000","4,100,000"
2025,"Mains, Pump Stations, and Associated Facilities",204,Sewer Capital Program,Mains Interecpt & Lift Sta - 8245,8245.1,2025,2025,0,5587579,5587579,0,0
2025,"Mains, Pump Stations, and Associated Facilities",204,Water Capital Program,Mains/Pumping & Storage Fa - CW40,CW40.1,2025,2025,6435219,0,(6435219),0,0
2025,"Mains, Pump Stations, and Associated Facilities",204,Water Capital Program,Mains-Pumping & Storage Fa - CW40,CW40.2,2025,2027,244277651,276784415,(320237),"7,600,000","3,600,000"
2025,"Mains, Pump Stations, and Associated Facilities",204,Sewer Capital Program,Mains-Pumping & Storage Fa - PW40,PW40.1,2025,2025,726182,0,(726182),0,0
2025,"Mains, Pump Stations, and Associated Facilities",204,Water Capital Program,Mains-Pumping & Storage Fa - PW40,PW40.2,2025,2027,616220679,1344565728,319785048,"15,500,000","47,635,000"
2025,"Mains, Pump Stations, and Associated Facilities",204,Water Capital Program,Mains-Pumping & Storage Fa - PW40,PW40.3,2025,2025,87570470,88437163,866693,0,0
2025,Rehabilitation and Equipment,204,Water Capital Program,Major Maintenace - Rehab - CW50,CW50.1,2025,2027,216265713,269735425,5069713,"9,800,000","9,500,000"
2025,Rehabilitation and Equipment,204,Sewer Capital Program,Major Maintenance - Rehab - CS50,CS50.1,2025,2027,102750263,160872709,36622446,"4,500,000","4,000,000"
2025,Rehabilitation and Equipment,205,Water Capital Program,Major Maintenance & Rehab - PW50,PW50.1,2025,2025,5347253,21758000,16410747,0,0
2025,Rehabilitation and Equipment,205,Water Capital Program,Major Maintenance & Rehab - PW50,PW50.2,2025,2025,3248015,3248100,85,0,0
2025,Rehabilitation and Equipment,205,Sewer Capital Program,Major Maintenance & Rehabilitation - PS50,PS50.1,2025,2025,695276,10075000,9379724,0,0
2025,Rehabilitation and Equipment,205,Sewer Capital Program,Major Maintenance & Rehabilitation - PS50,PS50.2,2025,2025,75000,0,(75000),0,0
2025,"Service Centers, Offices, and Research Facilities",205,Water Capital Program,Pay 1 - P290,P290.1,2025,2025,20233154,21391000,1157846,0,0
2025,Public Art,205,Water Public Arts Fund,Public Art Administration - Water Utilities - CW95,CW95.1,2025,2027,1449318,2757000,748932,"75,000","105,750"
2025,Raw Water Pumping and Transmission,205,Water Capital Program,Raw Water Pump - Trans Fac - CW20,CW20.1,2025,2027,63972749,65763101,790352,"500,000","500,000"
2025,Raw Water Pumping and Transmission,205,Water Capital Program,Raw Water Pump - Trans Fac - PW20,PW20.1,2025,2027,21777923,97527907,39249984,"5,000,000","11,500,000"
2025,Raw Water Pumping and Transmission,205,Water Capital Program,Raw Water Pump - Trans Fac - PW20,PW20.2,2025,2025,12654180,13629751,975571,0,0
2025,Raw Water Pumping and Transmission,205,Water Capital Program,Raw Water Pump - Trans Fac - PW20,PW20.3,2025,2027,41680921,108070250,32725079,"5,000,000","4,269,250"
2025,Relocations in Advance of Paving,205,Sewer Capital Program,Relocations Due To Paving - 8247,8247.1,2025,2025,0,505060,505060,0,0
2025,Relocations in Advance of Paving,205,Sewer Capital Program,Relocations Due To Paving - CS42,CS42.1,2025,2027,43887687,72373211,6535524,"5,500,000","2,500,000"
2025,Relocations in Advance of Paving,205,Water Capital Program,Relocations Due To Paving - CW42,CW42.1,2025,2027,94149023,141018255,21869232,"6,600,000","3,100,000"
2025,Relocations in Advance of Paving,205,Sewer Capital Program,Relocations Due To Paving - PS42,PS42.1,2025,2026,41725762,96493392,19967630,"7,400,000",0
2025,Relocations in Advance of Paving,205,Sewer Capital Program,Relocations Due To Paving - PS42,PS42.2,2025,2027,6353060,45600000,17046940,0,"7,400,000"
2025,Relocations in Advance of Paving,206,Sewer Capital Program,Relocations Due To Paving - PS42,PS42.3,2025,2025,23669063,55763176,32094113,0,0
2025,Relocations in Advance of Paving,206,Sewer Capital Program,Relocations Due To Paving - PS42,PS42.4,2025,2025,41821680,63744980,21923299,0,0
2025,Relocations in Advance of Paving,206,Sewer Capital Program,Relocations Due To Paving - PS42,PS42.5,2025,2025,417646,746541,328894,0,0
2025,Relocations in Advance of Paving,206,Water Capital Program,Relocations Due To Paving - PS42,PS42.6,2025,2025,0,300000,300000,0,0
2025,Relocations in Advance of Paving,206,Water Capital Program,Relocations Due To Paving - PW42,PW42.1,2025,2025,90714840,174460257,68945417,0,0
2025,Relocations in Advance of Paving,206,Water Capital Program,Relocations Due To Paving - PW42,PW42.2,2025,2025,11343198,12721427,1378229,0,0
2025,Relocations in Advance of Paving,206,Water Capital Program,Relocations Due To Paving - PW42,PW42.3,2025,2027,9636867,37000000,5163133,"7,400,000","7,400,000"
2025,"Service Centers, Offices, and Research Facilities",206,Water Capital Program,Series 2009A Revenue Bonds - 0624,0624.1,2025,2025,5737536,6447660,710124,0,0
2025,"Mains, Pump Stations, and Associated Facilities",206,Water Capital Program,Series 2022 C Water Reveue Bonds TWDB - 8360,8360.1,2025,2025,0,73300000,73300000,0,0
2025,"Mains, Pump Stations, and Associated Facilities",206,Water Capital Program,Series 2022 C Water Reveue Bonds TWDB - 8361,8361.1,,,7500000,7500000,0,0,0
2025,"Mains, Pump Stations, and Associated Facilities",206,Water Capital Program,Series 2022 C Water Reveue Bonds TWDB - 8362,8362.1,,,34000000,34000000,0,0,0
2025,"Mains, Pump Stations, and Associated Facilities",206,Water Capital Program,Series 2023 C Water Reveue Bonds TWDB - 8363,8363.1,2025,2025,0,34000000,34000000,0,0
2025,Water Supply Reservoirs and Dams,206,Water Capital Program,Series 2023 C Water Reveue Bonds TWDB - 8363,8363.2,2026,2026,0,34000000,0,"34,000,000",0
2025,"Service Centers, Offices, and Research Facilities",207,Water Capital Program,Service Ctr-Ofcs- Research - CW60,CW60.1,2025,2027,71396195,92655030,6258835,"3,000,000","3,000,000"
2025,"Service Centers, Offices, and Research Facilities",207,Sewer Capital Program,Service Ctr-Ofcs- Research - PS60,PS60.1,2025,2025,0,7950001,7950001,0,0
2025,"Service Centers, Offices, and Research Facilities",207,Sewer Capital Program,Service Ctr-Ofcs- Research - PS60,PS60.2,2026,2026,7000000,9522210,0,"2,522,210",0
2025,"Service Centers, Offices, and Research Facilities",207,Water Capital Program,Service Ctr-Ofcs- Research - PW60,PW60.1,2025,2027,6179141,76134000,30954859,0,"13,000,000"
2025,"Service Centers, Offices, and Research Facilities",207,Sewer Capital Program,Service Ctr-Ofcs- Research2 - CS60,CS60.1,2025,2025,23128365,22676226,(452139),0,0
2025,Wastewater Treatment Plants and Associated Facilities,207,Sewer Capital Program,Southside Ww Tbmt - BS31,BS31.1,2025,2025,0,8458987,8458987,0,0
2025,Wastewater Treatment Plants and Associated Facilities,207,Sewer Capital Program,Southside Ww Treat Pl - Fa - 8246,8246.1,2025,2025,0,17105225,17105225,0,0
2025,Wastewater Treatment Plants and Associated Facilities,207,Sewer Capital Program,Southside Ww Treat Pl - Fa - CS31,CS31.1,2025,2025,131459647,131464011,4364,0,0
2025,Wastewater Treatment Plants and Associated Facilities,207,Sewer Capital Program,Southside Ww Treat Pl - Fa - PS31,PS31.1,2025,2025,126729192,169916765,43187572,0,0
2025,Wastewater Treatment Plants and Associated Facilities,207,Sewer Capital Program,Southside Ww Treat Pl - Fa - PS31,PS31.2,2025,2025,21897236,33342954,11445718,0,0
2025,Wastewater Treatment Plants and Associated Facilities,208,Sewer Capital Program,Southside Ww Treat Pl - Fa - PS31,PS31.3,2025,2025,32129197,76808000,27178803,0,0
2025,Wastewater Treatment Plants and Associated Facilities,208,Sewer Capital Program,Southside Ww Treat Pl - Fa - PS31,PS31.4,2025,2025,48239780,48642451,402671,0,0
2025,Studies and Master Plans,208,Water Capital Program,Studies-Master Plan - CW01,CW01.1,2025,2027,44057176,47957674,2400498,"100,000","100,000"
2025,Studies and Master Plans,208,Sewer Capital Program,Studies-Master Plans - CS01,CS01.1,2025,2027,18478927,57523454,33544527,"1,000,000","1,000,000"
2025,Studies and Master Plans,208,Sewer Capital Program,Studies-Master Plans - PS01,PS01.1,2025,2025,3401898,3603312,201414,0,0
2025,Studies and Master Plans,208,Water Capital Program,Studies-Master Plans - PW01,PW01.1,2025,2025,3396026,5495000,2098974,0,0
2025,Studies and Master Plans,208,Water Capital Program,Studies-Master Plans - PW01,PW01.2,2025,2026,1897043,2950000,(1897043),"2,950,000",0
2025,Water Supply Reservoirs and Dams,208,Water Capital Program,Supply Reservoirs - Dams - CW10,CW10.1,2025,2025,64210182,75196070,10985888,0,0
2025,Water Supply Reservoirs and Dams,208,Water Capital Program,Supply Reservoirs - Dams - PW10,PW10.1,2025,2026,16238395,75271645,37233250,"2,500,000",0
2025,Water Supply Reservoirs and Dams,208,Water Capital Program,Supply Reservoirs - Dams - PW10,PW10.2,2025,2027,54798707,67500000,5451293,0,"5,000,000"
2025,"Mains, Pump Stations, and Associated Facilities",208,Water Capital Program,TWDB Wastewater (Clean Water) Project - FS40,FS40.1,2025,2025,43955800,44000000,44200,0,0
2025,"Mains, Pump Stations, and Associated Facilities",208,Water Capital Program,TWDB Wastewater (Clean Water) Project - FS40,FS40.2,2025,2025,18761825,22000000,3238175,0,0
2025,"Mains, Pump Stations, and Associated Facilities",208,Water Capital Program,TWDB Water Drinking Water Project - FW40,FW40.1,2025,2025,42613155,44000000,1386845,0,0
2025,"Mains, Pump Stations, and Associated Facilities",208,Water Capital Program,TWDB Water Drinking Water Project - FW40,FW40.2,2025,2025,84694189,88000000,3305811,0,0
2025,Public Art,208,Water Public Arts Fund,Wastewater Facilities Public Art - CS95,CS95.1,2025,2026,224825,2311265,2067675,"2,790",0
2025,Wholesale Customer Facilities,209,Water Capital Program,Wholesale Customer Facilities - PW43,PW43.1,2025,2025,868556,6383000,5514444,0,0
2025,Wholesale Customer Facilities,209,Water Capital Program,Wholesale Customer Facilities - PW43,PW43.2,2025,2025,734945,8592150,7857205,0,0
2025,Wholesale Customer Facilities,209,Sewer Capital Program,Wholesale Customer Facils - CS43,CS43.1,2025,2027,2525365,4725365,1000000,0,"200,000"
2025,Wholesale Customer Facilities,209,Water Capital Program,Wholesale Customer Facils - CW43,CW43.1,2025,2027,16841671,20686119,344448,0,"500,000"
2025,Wholesale Customer Facilities,209,Sewer Capital Program,Wholesale Customers Facilities - PS43,PS43.1,2025,2025,95903,950000,854097,0,0
2025,Wholesale Customer Facilities,209,Sewer Capital Program,Wholesale Customers Facilities - PS43,PS43.2,2025,2025,0,2000000,2000000,0,0
2025,Rehabilitation and Equipment,209,Water Capital Program,DWU Capital Equipment - X221,X221.1,2026,2027,0,8264770,0,"4,179,310","4,085,460"
2025,Rehabilitation and Equipment,209,Water Capital Program,DWU Fleet - X222,X222.1,2026,2027,0,16000000,0,"8,000,000","8,000,000"
